id; s_m; d_m; x_m; y_m; d_right; d_left; psi_rad; kappa_radpm; vx_mps; ax_mps2
0;0.00000000;0.00000000;32.44698179;-14.72668554;1.54126581;1.65254296;2.88921829;-0.19469361;0.00000000;0.00000000
1;0.10000000;0.00000000;32.35020889;-14.70173046;1.53304448;1.64971616;2.86974893;-0.29484464;0.00000000;0.00000000
2;0.20000000;0.00000000;32.25448678;-14.67302869;1.52742392;1.65681573;2.83024937;-0.38737983;0.00000000;0.00000000
3;0.30000000;0.00000000;32.15999573;-14.64051810;1.52432890;1.65297151;2.79227297;-0.37843097;0.00000000;0.00000000
4;0.40000000;0.00000000;32.06673195;-14.60463754;1.51993670;1.64612076;2.75456317;-0.39100858;0.00000000;0.00000000
5;0.50000000;0.00000000;31.97496572;-14.56510232;1.51634353;1.64926745;2.71407125;-0.39836855;0.00000000;0.00000000
6;0.60000000;0.00000000;31.88491888;-14.52179905;1.51224126;1.66253876;2.67488946;-0.37372572;0.00000000;0.00000000
7;0.70000000;0.00000000;31.79652599;-14.47519987;1.50180459;1.68500118;2.63932611;-0.36113365;0.00000000;0.00000000
8;0.80000000;0.00000000;31.70977980;-14.42560407;1.49455689;1.68415736;2.60266273;-0.37766796;0.00000000;0.00000000
9;0.90000000;0.00000000;31.62504727;-14.37265971;1.49006485;1.66662447;2.56379251;-0.37540565;0.00000000;0.00000000
10;1.00000000;0.00000000;31.54241484;-14.31647729;1.48840735;1.65703925;2.52758160;-0.34766248;0.00000000;0.00000000
11;1.10000000;0.00000000;31.46172717;-14.25753438;1.47401456;1.65682452;2.49426002;-0.32847057;0.00000000;0.00000000
12;1.20000000;0.00000000;31.38301799;-14.19597263;1.46031123;1.66589048;2.46188749;-0.31897559;0.00000000;0.00000000
13;1.30000000;0.00000000;31.30631121;-14.13193127;1.45018162;1.68398495;2.43046490;-0.30950740;0.00000000;0.00000000
14;1.40000000;0.00000000;31.23162185;-14.06554614;1.44380625;1.71071323;2.39998601;-0.30923555;0.00000000;0.00000000
15;1.50000000;0.00000000;31.15895703;-13.99694894;1.44133508;1.74141675;2.36861779;-0.33224132;0.00000000;0.00000000
16;1.60000000;0.00000000;31.08858152;-13.92601644;1.44251875;1.74181231;2.33353774;-0.34451041;0.00000000;0.00000000
17;1.70000000;0.00000000;31.02090256;-13.85249259;1.44687928;1.74594768;2.29971571;-0.33575554;0.00000000;0.00000000
18;1.80000000;0.00000000;30.95547901;-13.77696103;1.45221573;1.75310091;2.26638663;-0.32670481;0.00000000;0.00000000
19;1.90000000;0.00000000;30.89284556;-13.69909015;1.45707768;1.76388795;2.23437475;-0.31686300;0.00000000;0.00000000
20;2.00000000;0.00000000;30.83238444;-13.61952185;1.46600779;1.77344508;2.20301403;-0.27759331;0.00000000;0.00000000
21;2.10000000;0.00000000;30.77475245;-13.53787460;1.45884879;1.75372158;2.17885608;-0.24201253;0.00000000;0.00000000
22;2.20000000;0.00000000;30.71820180;-13.45547452;1.44382731;1.74083483;2.15461153;-0.27314706;0.00000000;0.00000000
23;2.30000000;0.00000000;30.66459680;-13.37113254;1.43210151;1.73714984;2.12422667;-0.27630502;0.00000000;0.00000000
24;2.40000000;0.00000000;30.61315700;-13.28545372;1.42474958;1.73222698;2.09935052;-0.24420126;0.00000000;0.00000000
25;2.50000000;0.00000000;30.56381385;-13.19855205;1.42196145;1.72479727;2.07538642;-0.25055287;0.00000000;0.00000000
26;2.60000000;0.00000000;30.51653891;-13.11050889;1.42383020;1.71896579;2.04923995;-0.27721554;0.00000000;0.00000000
27;2.70000000;0.00000000;30.47180820;-13.02115217;1.42983722;1.71673404;2.01994331;-0.27317548;0.00000000;0.00000000
28;2.80000000;0.00000000;30.42977245;-12.93049678;1.43979857;1.71146509;1.99460485;-0.23361056;0.00000000;0.00000000
29;2.90000000;0.00000000;30.38962209;-12.83898126;1.45453067;1.70406954;1.97322120;-0.23349457;0.00000000;0.00000000
30;3.00000000;0.00000000;30.35150111;-12.74661209;1.47375564;1.69194103;1.94790594;-0.26280822;0.00000000;0.00000000
31;3.10000000;0.00000000;30.31603647;-12.65318952;1.47286591;1.67943941;1.92065955;-0.25918911;0.00000000;0.00000000
32;3.20000000;0.00000000;30.28300091;-12.55887524;1.47502510;1.67541072;1.89606812;-0.24679240;0.00000000;0.00000000
33;3.30000000;0.00000000;30.25217099;-12.46381844;1.48161323;1.66110151;1.87130107;-0.25296032;0.00000000;0.00000000
34;3.40000000;0.00000000;30.22384553;-12.36798332;1.49227560;1.64578832;1.84547605;-0.25407359;0.00000000;0.00000000
35;3.50000000;0.00000000;30.19796308;-12.27145735;1.48212459;1.63898087;1.82048636;-0.24945395;0.00000000;0.00000000
36;3.60000000;0.00000000;30.17445967;-12.17432221;1.47621761;1.64070696;1.79558526;-0.24561717;0.00000000;0.00000000
37;3.70000000;0.00000000;30.15341393;-12.07662458;1.47454417;1.65100393;1.77136292;-0.19969129;0.00000000;0.00000000
38;3.80000000;0.00000000;30.13464218;-11.97846640;1.47732037;1.64668843;1.75564701;-0.15049630;0.00000000;0.00000000
39;3.90000000;0.00000000;30.11667719;-11.88015598;1.48600943;1.64375486;1.74126366;-0.17886803;0.00000000;0.00000000
40;4.00000000;0.00000000;30.10073711;-11.78150185;1.49929264;1.64483785;1.71987340;-0.21627146;0.00000000;0.00000000
41;4.10000000;0.00000000;30.08699375;-11.68251846;1.51303007;1.65254685;1.69800937;-0.21505470;0.00000000;0.00000000
42;4.20000000;0.00000000;30.07538157;-11.58326268;1.52463841;1.66833907;1.67686246;-0.18678249;0.00000000;0.00000000
43;4.30000000;0.00000000;30.06583565;-11.48378679;1.53418191;1.66620185;1.66065287;-0.14221706;0.00000000;0.00000000
44;4.40000000;0.00000000;30.05744629;-11.38420106;1.54256952;1.65780578;1.64841905;-0.14508632;0.00000000;0.00000000
45;4.50000000;0.00000000;30.05033705;-11.28452218;1.54967752;1.65069151;1.63163561;-0.18398256;0.00000000;0.00000000
46;4.60000000;0.00000000;30.04529476;-11.18471592;1.55471916;1.64564639;1.61162254;-0.18263681;0.00000000;0.00000000
47;4.70000000;0.00000000;30.04217984;-11.08483015;1.55783378;1.64252989;1.59510825;-0.13320333;0.00000000;0.00000000
48;4.80000000;0.00000000;30.04043605;-10.98490667;1.55957745;1.64078500;1.58498187;-0.11470050;0.00000000;0.00000000
49;4.90000000;0.00000000;30.03934464;-10.88497765;1.56066877;1.63969247;1.57216814;-0.15623898;0.00000000;0.00000000
50;5.00000000;0.00000000;30.04016188;-10.78504531;1.55985146;1.64050825;1.55373407;-0.17877713;0.00000000;0.00000000
51;5.10000000;0.00000000;30.04275460;-10.68514271;1.55725857;1.64309854;1.53641272;-0.16585863;0.00000000;0.00000000
52;5.20000000;0.00000000;30.04703264;-10.58529743;1.55298015;1.64737263;1.52056235;-0.14216726;0.00000000;0.00000000
53;5.30000000;0.00000000;30.05279059;-10.48552606;1.54722155;1.63922886;1.50797927;-0.08249517;0.00000000;0.00000000
54;5.40000000;0.00000000;30.05957984;-10.38581839;1.54043143;1.61659999;1.50406331;-0.04622467;0.00000000;0.00000000
55;5.50000000;0.00000000;30.06611902;-10.28609494;1.53389147;1.59965671;1.49873433;-0.08520357;0.00000000;0.00000000
56;5.60000000;0.00000000;30.07397050;-10.18646577;1.52964732;1.59014299;1.48702260;-0.10485232;0.00000000;0.00000000
57;5.70000000;0.00000000;30.08284361;-10.08692214;1.52682778;1.58790359;1.47776387;-0.08248751;0.00000000;0.00000000
58;5.80000000;0.00000000;30.09253856;-9.98745500;1.52740928;1.59277035;1.47052510;-0.06207572;0.00000000;0.00000000
59;5.90000000;0.00000000;30.10285187;-9.88804995;1.53389483;1.60309227;1.46534872;-0.04122743;0.00000000;0.00000000
60;6.00000000;0.00000000;30.11357607;-9.78868830;1.54641563;1.61382590;1.46227961;-0.01991150;0.00000000;0.00000000
61;6.10000000;0.00000000;30.12449935;-9.68934832;1.56503450;1.60189603;1.46136642;-0.00266185;0.00000000;0.00000000
62;6.20000000;0.00000000;30.13540501;-9.59000643;1.56519642;1.58503994;1.46174724;-0.02942004;0.00000000;0.00000000
63;6.30000000;0.00000000;30.14625253;-9.49065910;1.55433640;1.57430135;1.45548241;-0.05274483;0.00000000;0.00000000
64;6.40000000;0.00000000;30.15840200;-9.39146170;1.54217088;1.57117453;1.45119828;-0.00185665;0.00000000;0.00000000
65;6.50000000;0.00000000;30.17010045;-9.29221010;1.53045779;1.57394475;1.45511108;-0.00524719;0.00000000;0.00000000
66;6.60000000;0.00000000;30.18147321;-9.19292128;1.52502250;1.58270647;1.45014884;-0.04769924;0.00000000;0.00000000
67;6.70000000;0.00000000;30.19415609;-9.09379066;1.52480758;1.59417525;1.44557124;-0.04000960;0.00000000;0.00000000
68;6.80000000;0.00000000;30.20643741;-8.99460979;1.53153242;1.60419126;1.44214692;-0.02680852;0.00000000;0.00000000
69;6.90000000;0.00000000;30.21979889;-8.89556840;1.54363184;1.58570001;1.44020953;-0.01471369;0.00000000;0.00000000
70;7.00000000;0.00000000;30.23246445;-8.79643564;1.56272922;1.57265283;1.43920418;-0.04943632;0.00000000;0.00000000
71;7.10000000;0.00000000;30.24602505;-8.69742130;1.56411075;1.56679024;1.43032227;-0.08730262;0.00000000;0.00000000
72;7.20000000;0.00000000;30.26044951;-8.59852906;1.56421224;1.56816295;1.42174366;-0.08450432;0.00000000;0.00000000
73;7.30000000;0.00000000;30.27570686;-8.49976185;1.56750916;1.57672195;1.41342140;-0.03434798;0.00000000;0.00000000
74;7.40000000;0.00000000;30.29177526;-8.40112334;1.57267307;1.57865662;1.41487406;0.02218863;0.00000000;0.00000000
75;7.50000000;0.00000000;30.30674558;-8.30231228;1.58523629;1.56356603;1.41785913;-0.01048161;0.00000000;0.00000000
76;7.60000000;0.00000000;30.32222482;-8.20357963;1.59212637;1.55527981;1.41277774;-0.04962610;0.00000000;0.00000000
77;7.70000000;0.00000000;30.33819855;-8.10492579;1.59264895;1.55389289;1.40793391;-0.04677781;0.00000000;0.00000000
78;7.80000000;0.00000000;30.35463353;-8.00634775;1.59896293;1.55177029;1.40342218;-0.04346793;0.00000000;0.00000000
79;7.90000000;0.00000000;30.37149679;-7.90784207;1.61103275;1.53997928;1.39924032;0.00309597;0.00000000;0.00000000
80;8.00000000;0.00000000;30.38875566;-7.80940494;1.61199533;1.53502085;1.40404137;0.05922177;0.00000000;0.00000000
81;8.10000000;0.00000000;30.40467214;-7.71074283;1.60216420;1.53136233;1.41108468;0.03444593;0.00000000;0.00000000
82;8.20000000;0.00000000;30.42054271;-7.61207230;1.59857924;1.53187541;1.41093056;-0.03786931;0.00000000;0.00000000
83;8.30000000;0.00000000;30.43648977;-7.51341410;1.60115860;1.53896935;1.40351082;-0.07775734;0.00000000;0.00000000
84;8.40000000;0.00000000;30.45382250;-7.41499145;1.60855266;1.55348356;1.39537909;-0.03864298;0.00000000;0.00000000
85;8.50000000;0.00000000;30.47137189;-7.31660563;1.62186529;1.53837629;1.39578222;0.01686761;0.00000000;0.00000000
86;8.60000000;0.00000000;30.48862552;-7.21816761;1.61147353;1.52936271;1.39875261;0.02987632;0.00000000;0.00000000
87;8.70000000;0.00000000;30.50559010;-7.11967933;1.59645031;1.52655777;1.40175749;0.03120723;0.00000000;0.00000000
88;8.80000000;0.00000000;30.52225183;-7.02113939;1.58789477;1.52998185;1.40499406;0.07111873;0.00000000;0.00000000
89;8.90000000;0.00000000;30.53857853;-6.92254341;1.58594412;1.53956114;1.41598123;0.09028067;0.00000000;0.00000000
90;9.00000000;0.00000000;30.55307035;-6.82366572;1.59213341;1.54839500;1.42305019;-0.00657932;0.00000000;0.00000000
91;9.10000000;0.00000000;30.56800134;-6.72485014;1.60409712;1.53259864;1.41466537;-0.06757722;0.00000000;0.00000000
92;9.20000000;0.00000000;30.58414973;-6.62622616;1.62093459;1.52443928;1.40953475;-0.00251191;0.00000000;0.00000000
93;9.30000000;0.00000000;30.60009405;-6.52756800;1.63050735;1.52260191;1.41416298;0.05980711;0.00000000;0.00000000
94;9.40000000;0.00000000;30.61532898;-6.42879788;1.63765119;1.52659964;1.42149617;0.07480658;0.00000000;0.00000000
95;9.50000000;0.00000000;30.62982467;-6.32991662;1.65156249;1.53459611;1.42912430;0.07776526;0.00000000;0.00000000
96;9.60000000;0.00000000;30.64355100;-6.23092569;1.65729005;1.52141624;1.43704922;0.05167829;0.00000000;0.00000000
97;9.70000000;0.00000000;30.65647766;-6.13182722;1.65052495;1.50558432;1.43945996;0.01542490;0.00000000;0.00000000
98;9.80000000;0.00000000;30.66972654;-6.03277140;1.64913537;1.49659855;1.44013420;0.04254777;0.00000000;0.00000000
99;9.90000000;0.00000000;30.68251948;-5.93365619;1.64878767;1.49379773;1.44796951;0.06710072;0.00000000;0.00000000
100;10.00000000;0.00000000;30.69421446;-5.83440553;1.65558907;1.49657138;1.45355434;0.04571071;0.00000000;0.00000000
101;10.10000000;0.00000000;30.70589965;-5.73515266;1.66836984;1.50597665;1.45711165;0.07023314;0.00000000;0.00000000
102;10.20000000;0.00000000;30.71688812;-5.63582210;1.68314433;1.48480511;1.46760097;0.09540931;0.00000000;0.00000000
103;10.30000000;0.00000000;30.72648852;-5.53634786;1.67354712;1.46748739;1.47619352;0.01677515;0.00000000;0.00000000
104;10.40000000;0.00000000;30.73576864;-5.43684103;1.66659294;1.45651333;1.47095600;-0.05307651;0.00000000;0.00000000
105;10.50000000;0.00000000;30.74641027;-5.33747519;1.66424814;1.45371804;1.46557821;-0.00470180;0.00000000;0.00000000
106;10.60000000;0.00000000;30.75675973;-5.23807706;1.66819185;1.45749117;1.47001564;0.06540499;0.00000000;0.00000000
107;10.70000000;0.00000000;30.76651956;-5.13861604;1.67867657;1.46726303;1.47865921;0.09238606;0.00000000;0.00000000
108;10.80000000;0.00000000;30.77514913;-5.03905485;1.69611046;1.47590204;1.48849285;0.10337048;0.00000000;0.00000000
109;10.90000000;0.00000000;30.78295111;-4.93942115;1.71727487;1.48371157;1.49933331;0.11398363;0.00000000;0.00000000
110;11.00000000;0.00000000;30.78942013;-4.83969734;1.71080304;1.49018595;1.51128958;0.09500645;0.00000000;0.00000000
111;11.10000000;0.00000000;30.79483766;-4.73990571;1.70538366;1.49560721;1.51833460;0.05245942;0.00000000;0.00000000
112;11.20000000;0.00000000;30.79990120;-4.64009549;1.70031853;1.50067406;1.52178146;0.06266207;0.00000000;0.00000000
113;11.30000000;0.00000000;30.80463068;-4.54026885;1.69558768;1.50540650;1.53086701;0.11276598;0.00000000;0.00000000
114;11.40000000;0.00000000;30.80787958;-4.44038912;1.69233807;1.50865742;1.54433466;0.11297892;0.00000000;0.00000000
115;11.50000000;0.00000000;30.80991888;-4.34047150;1.69029851;1.51069815;1.55346280;0.10701305;0.00000000;0.00000000
116;11.60000000;0.00000000;30.81134396;-4.24054351;1.68887326;1.51212463;1.56573727;0.14651016;0.00000000;0.00000000
117;11.70000000;0.00000000;30.81092998;-4.14061393;1.68928686;1.51171296;1.58276483;0.14804706;0.00000000;0.00000000
118;11.80000000;0.00000000;30.80895196;-4.04069563;1.69126412;1.50973844;1.59534668;0.14059986;0.00000000;0.00000000
119;11.90000000;0.00000000;30.80602352;-3.94080109;1.69419131;1.50681477;1.61088480;0.14966339;0.00000000;0.00000000
120;12.00000000;0.00000000;30.80094226;-3.84100206;1.69926954;1.50174257;1.62527936;0.09765694;0.00000000;0.00000000
121;12.10000000;0.00000000;30.79513966;-3.74123272;1.70506859;1.49595048;1.63041619;0.08797521;0.00000000;0.00000000
122;12.20000000;0.00000000;30.78903280;-3.64148219;1.71117162;1.48985504;1.64287440;0.16487372;0.00000000;0.00000000
123;12.30000000;0.00000000;30.78074708;-3.54189830;1.71945077;1.48158771;1.66339093;0.18178953;0.00000000;0.00000000
124;12.40000000;0.00000000;30.77055366;-3.44248246;1.72963508;1.47138585;1.67923231;0.11799506;0.00000000;0.00000000
125;12.50000000;0.00000000;30.75911646;-3.34320250;1.74106135;1.45993112;1.68698995;0.08413755;0.00000000;0.00000000
126;12.60000000;0.00000000;30.74738170;-3.24395538;1.75278510;1.44817797;1.69605982;0.13484175;0.00000000;0.00000000
127;12.70000000;0.00000000;30.73414676;-3.14490873;1.75719306;1.43491895;1.71395829;0.17044745;0.00000000;0.00000000
128;12.80000000;0.00000000;30.71886798;-3.04614688;1.74429855;1.42533893;1.73014931;0.11897934;0.00000000;0.00000000
129;12.90000000;0.00000000;30.70243143;-2.94757060;1.73823879;1.41571609;1.73775416;0.07859938;0.00000000;0.00000000
130;13.00000000;0.00000000;30.68565202;-2.84905070;1.73826153;1.41276541;1.74586918;0.12773954;0.00000000;0.00000000
131;13.10000000;0.00000000;30.66761960;-2.75076432;1.74528853;1.41560305;1.76330207;0.17518330;0.00000000;0.00000000
132;13.20000000;0.00000000;30.64741669;-2.65289110;1.72852286;1.42326574;1.78090584;0.17057912;0.00000000;0.00000000
133;13.30000000;0.00000000;30.62593359;-2.55529117;1.70768179;1.43656105;1.79741789;0.19323944;0.00000000;0.00000000
134;13.40000000;0.00000000;30.60251219;-2.45814739;1.69447390;1.42927477;1.81955373;0.19232929;0.00000000;0.00000000
135;13.50000000;0.00000000;30.57673076;-2.36159351;1.68952248;1.42606376;1.83588375;0.10406762;0.00000000;0.00000000
136;13.60000000;0.00000000;30.55014660;-2.26525552;1.69130542;1.42901839;1.84036725;0.05634693;0.00000000;0.00000000
137;13.70000000;0.00000000;30.52350029;-2.16893627;1.69105179;1.43886032;1.84715314;0.09998287;0.00000000;0.00000000
138;13.80000000;0.00000000;30.49561154;-2.07296932;1.68951253;1.45424651;1.86036383;0.13891060;0.00000000;0.00000000
139;13.90000000;0.00000000;30.46642987;-1.97738741;1.69248395;1.47338390;1.87493526;0.18249507;0.00000000;0.00000000
140;14.00000000;0.00000000;30.43575747;-1.88227662;1.70014593;1.47410342;1.89686284;0.21232429;0.00000000;0.00000000
141;14.10000000;0.00000000;30.40241319;-1.78806502;1.71069672;1.46634271;1.91740012;0.16937711;0.00000000;0.00000000
142;14.20000000;0.00000000;30.36785954;-1.69428979;1.71235164;1.46408695;1.93073826;0.13482241;0.00000000;0.00000000
143;14.30000000;0.00000000;30.33201410;-1.60100082;1.72119407;1.46726755;1.94436460;0.12269712;0.00000000;0.00000000
144;14.40000000;0.00000000;30.29491823;-1.50820265;1.72388647;1.47588540;1.95527769;0.10838184;0.00000000;0.00000000
145;14.50000000;0.00000000;30.25704548;-1.41571852;1.70921514;1.49034219;1.96604097;0.12231255;0.00000000;0.00000000
146;14.60000000;0.00000000;30.21796129;-1.32374166;1.69585816;1.49481374;1.97974020;0.13725682;0.00000000;0.00000000
147;14.70000000;0.00000000;30.17757007;-1.23233186;1.66745816;1.50124819;1.99349233;0.13138066;0.00000000;0.00000000
148;14.80000000;0.00000000;30.13597134;-1.14146484;1.64045902;1.51295742;2.00601633;0.11334479;0.00000000;0.00000000
149;14.90000000;0.00000000;30.09330303;-1.05109455;1.62034836;1.51288782;2.01616129;0.08883848;0.00000000;0.00000000
150;15.00000000;0.00000000;30.04986841;-0.96108837;1.60705839;1.51125895;2.02378402;0.08160829;0.00000000;0.00000000
151;15.10000000;0.00000000;30.00582726;-0.87137884;1.60058724;1.51263541;2.03248295;0.08344617;0.00000000;0.00000000
152;15.20000000;0.00000000;29.96083332;-0.78214177;1.60140576;1.51634873;2.04047326;0.07018264;0.00000000;0.00000000
153;15.30000000;0.00000000;29.91536349;-0.69314602;1.60897614;1.52608062;2.04651947;0.07755630;0.00000000;0.00000000
154;15.40000000;0.00000000;29.86929369;-0.60445939;1.60954182;1.54157799;2.05598452;0.10830535;0.00000000;0.00000000
155;15.50000000;0.00000000;29.82214810;-0.51634157;1.60368649;1.54904786;2.06818054;0.11206316;0.00000000;0.00000000
156;15.60000000;0.00000000;29.77393005;-0.42880691;1.60418535;1.55670784;2.07839715;0.08630744;0.00000000;0.00000000
157;15.70000000;0.00000000;29.72499347;-0.34166998;1.61171304;1.56643291;2.08544203;0.06522360;0.00000000;0.00000000
158;15.80000000;0.00000000;29.67554609;-0.25482194;1.61256925;1.56745434;2.09144187;0.06151079;0.00000000;0.00000000
159;15.90000000;0.00000000;29.62556738;-0.16827838;1.59288846;1.56827415;2.09774419;0.08675794;0.00000000;0.00000000
160;16.00000000;0.00000000;29.57502895;-0.08205995;1.57994216;1.57480192;2.10879346;0.11049387;0.00000000;0.00000000
161;16.10000000;0.00000000;29.52314997;0.00335834;1.57481084;1.58606312;2.11984296;0.09950565;0.00000000;0.00000000
162;16.20000000;0.00000000;29.47071896;0.08843854;1.57077042;1.58414198;2.12869459;0.09609524;0.00000000;0.00000000
163;16.30000000;0.00000000;29.41733753;0.17292262;1.56285418;1.58248800;2.13906201;0.09106586;0.00000000;0.00000000
164;16.40000000;0.00000000;29.36315393;0.25689730;1.54184202;1.58618983;2.14690776;0.07052375;0.00000000;0.00000000
165;16.50000000;0.00000000;29.30845205;0.34053549;1.52231597;1.59553981;2.15316676;0.06763334;0.00000000;0.00000000
166;16.60000000;0.00000000;29.25322115;0.42382590;1.50979888;1.61042438;2.16043443;0.07391696;0.00000000;0.00000000
167;16.70000000;0.00000000;29.19730908;0.50666061;1.50465274;1.62022650;2.16795015;0.10323471;0.00000000;0.00000000
168;16.80000000;0.00000000;29.14083281;0.58911098;1.50681671;1.61633444;2.18108137;0.15450523;0.00000000;0.00000000
169;16.90000000;0.00000000;29.08277123;0.67043978;1.51750601;1.61667478;2.19885120;0.14767136;0.00000000;0.00000000
170;17.00000000;0.00000000;29.02340140;0.75083110;1.50421509;1.62157624;2.21061565;0.09789112;0.00000000;0.00000000
171;17.10000000;0.00000000;28.96343610;0.83077978;1.48961313;1.62595214;2.21842942;0.08253452;0.00000000;0.00000000
172;17.20000000;0.00000000;28.90281662;0.91023435;1.48244207;1.63560736;2.22712255;0.08589278;0.00000000;0.00000000
173;17.30000000;0.00000000;28.84147025;0.98912865;1.48290816;1.65036306;2.23560798;0.08156500;0.00000000;0.00000000
174;17.40000000;0.00000000;28.77951180;1.06754225;1.49086556;1.66670227;2.24343555;0.08487386;0.00000000;0.00000000
175;17.50000000;0.00000000;28.71693851;1.14546578;1.50620280;1.65521603;2.25258275;0.10899363;0.00000000;0.00000000
176;17.60000000;0.00000000;28.65355767;1.22273074;1.50347946;1.64214271;2.26523428;0.12213518;0.00000000;0.00000000
177;17.70000000;0.00000000;28.58903229;1.29904701;1.49358549;1.63359881;2.27700979;0.12722531;0.00000000;0.00000000
178;17.80000000;0.00000000;28.52384708;1.37480081;1.49120932;1.63027760;2.29067934;0.13994090;0.00000000;0.00000000
179;17.90000000;0.00000000;28.45726127;1.44932286;1.49292186;1.63121399;2.30499797;0.12925861;0.00000000;0.00000000
180;18.00000000;0.00000000;28.38993460;1.52317818;1.50025659;1.63583250;2.31653106;0.12536406;0.00000000;0.00000000
181;18.10000000;0.00000000;28.32164951;1.59614271;1.51545295;1.63914281;2.33007078;0.12239278;0.00000000;0.00000000
182;18.20000000;0.00000000;28.25234757;1.66814834;1.53836289;1.64105557;2.34100961;0.09648189;0.00000000;0.00000000
183;18.30000000;0.00000000;28.18247912;1.73960517;1.54067910;1.62074802;2.34936716;0.08558372;0.00000000;0.00000000
184;18.40000000;0.00000000;28.11198270;1.81044305;1.54075534;1.59941300;2.35812636;0.10704100;0.00000000;0.00000000
185;18.50000000;0.00000000;28.04087324;1.88066498;1.54816452;1.58324511;2.37077536;0.13375178;0.00000000;0.00000000
186;18.60000000;0.00000000;27.96861060;1.94969397;1.56357812;1.57161760;2.38487671;0.12191696;0.00000000;0.00000000
187;18.70000000;0.00000000;27.89555002;2.01788209;1.58627675;1.56513375;2.39515875;0.10367427;0.00000000;0.00000000
188;18.80000000;0.00000000;27.82188107;2.08541254;1.61570105;1.56079297;2.40561157;0.12563725;0.00000000;0.00000000
189;18.90000000;0.00000000;27.74741339;2.15205637;1.62680185;1.55526042;2.42028620;0.14293722;0.00000000;0.00000000
190;19.00000000;0.00000000;27.67179397;2.21739643;1.63407286;1.54799147;2.43419901;0.12336404;0.00000000;0.00000000
191;19.10000000;0.00000000;27.59549744;2.28194556;1.64238274;1.53968447;2.44495901;0.15477103;0.00000000;0.00000000
192;19.20000000;0.00000000;27.51848919;2.34564355;1.65179872;1.53357407;2.46515322;0.22707471;0.00000000;0.00000000
193;19.30000000;0.00000000;27.43965487;2.40705430;1.66412668;1.53103790;2.49037395;0.21212545;0.00000000;0.00000000
194;19.40000000;0.00000000;27.35953660;2.46678596;1.67855311;1.51029871;2.50757831;0.17402415;0.00000000;0.00000000
195;19.50000000;0.00000000;27.27863113;2.52545203;1.69429240;1.48846333;2.52517878;0.19848226;0.00000000;0.00000000
196;19.60000000;0.00000000;27.19646893;2.58232087;1.71219655;1.47063760;2.54727476;0.19861171;0.00000000;0.00000000
197;19.70000000;0.00000000;27.11305069;2.63735584;1.71706677;1.45079330;2.56490112;0.16292420;0.00000000;0.00000000
198;19.80000000;0.00000000;27.02892593;2.69129921;1.71809058;1.43634482;2.57985960;0.14677840;0.00000000;0.00000000
199;19.90000000;0.00000000;26.94389849;2.74381455;1.72659365;1.42706911;2.59425680;0.14833406;0.00000000;0.00000000
200;20.00000000;0.00000000;26.85825367;2.79531467;1.74172159;1.42357182;2.60952641;0.15238147;0.00000000;0.00000000
201;20.10000000;0.00000000;26.77166161;2.84520971;1.75904449;1.42522140;2.62473310;0.18975659;0.00000000;0.00000000
202;20.20000000;0.00000000;26.68448836;2.89408276;1.76589030;1.43268388;2.64747773;0.22557052;0.00000000;0.00000000
203;20.30000000;0.00000000;26.59571868;2.93998760;1.76177974;1.43352281;2.66984720;0.21297857;0.00000000;0.00000000
204;20.40000000;0.00000000;26.50644737;2.98491280;1.76443192;1.43106939;2.69007344;0.22144575;0.00000000;0.00000000
205;20.50000000;0.00000000;26.41589859;3.02718779;1.76648593;1.43264969;2.71413635;0.22209584;0.00000000;0.00000000
206;20.60000000;0.00000000;26.32457111;3.06776579;1.73402679;1.43931913;2.73449261;0.19870792;0.00000000;0.00000000
207;20.70000000;0.00000000;26.23237539;3.10632075;1.70229146;1.45067414;2.75387794;0.17351410;0.00000000;0.00000000
208;20.80000000;0.00000000;26.13954359;3.14332844;1.67755062;1.45472699;2.76919543;0.13582019;0.00000000;0.00000000
209;20.90000000;0.00000000;26.04620669;3.17904263;1.65984423;1.45763727;2.78104197;0.13450600;0.00000000;0.00000000
210;21.00000000;0.00000000;25.95252285;3.21384118;1.64899388;1.46639275;2.79609663;0.17312944;0.00000000;0.00000000
211;21.10000000;0.00000000;25.85816099;3.24672643;1.64618740;1.47985228;2.81566786;0.18595927;0.00000000;0.00000000
212;21.20000000;0.00000000;25.76318810;3.27783213;1.65131847;1.49803100;2.83328849;0.18652312;0.00000000;0.00000000
213;21.30000000;0.00000000;25.66772163;3.30737350;1.66259336;1.51480611;2.85297249;0.21418238;0.00000000;0.00000000
214;21.40000000;0.00000000;25.57160398;3.33471551;1.66535315;1.53565650;2.87612496;0.20918282;0.00000000;0.00000000
215;21.50000000;0.00000000;25.47487276;3.35980617;1.64023710;1.56039757;2.89480905;0.14974809;0.00000000;0.00000000
216;21.60000000;0.00000000;25.37779332;3.38354002;1.61648537;1.57153573;2.90607458;0.10245957;0.00000000;0.00000000
217;21.70000000;0.00000000;25.28051807;3.40644576;1.59356715;1.56422564;2.91530096;0.10358143;0.00000000;0.00000000
218;21.80000000;0.00000000;25.18301707;3.42838436;1.57162080;1.56228997;2.92679087;0.16224944;0.00000000;0.00000000
219;21.90000000;0.00000000;25.08525253;3.44904637;1.55095494;1.56543853;2.94775085;0.21392000;0.00000000;0.00000000
220;22.00000000;0.00000000;24.98692088;3.46687935;1.53637958;1.57206765;2.96957487;0.17441719;0.00000000;0.00000000
221;22.10000000;0.00000000;24.88833474;3.48325784;1.52938464;1.58352368;2.98263429;0.12105691;0.00000000;0.00000000
222;22.20000000;0.00000000;24.78956920;3.49851697;1.52403231;1.59880306;2.99378625;0.10316383;0.00000000;0.00000000
223;22.30000000;0.00000000;24.69064179;3.51269279;1.52631744;1.61299674;3.00326706;0.07823937;0.00000000;0.00000000
224;22.40000000;0.00000000;24.59160348;3.52607670;1.53591258;1.62639685;3.00943412;0.05098973;0.00000000;0.00000000
225;22.50000000;0.00000000;24.49250810;3.53903137;1.55232220;1.63936695;3.01346500;0.03385361;0.00000000;0.00000000
226;22.60000000;0.00000000;24.39336497;3.55161645;1.54878714;1.65196680;3.01620484;0.02000041;0.00000000;0.00000000
227;22.70000000;0.00000000;24.29419995;3.56402793;1.53636106;1.66439284;3.01746508;0.00052125;0.00000000;0.00000000
228;22.80000000;0.00000000;24.19502545;3.57636308;1.52401168;1.67674255;3.01630909;-0.02222042;0.00000000;0.00000000
229;22.90000000;0.00000000;24.09588943;3.58900379;1.51135613;1.66495032;3.01302100;-0.05052509;0.00000000;0.00000000
230;23.00000000;0.00000000;23.99679837;3.60199083;1.49835355;1.65080861;3.00620408;-0.08011341;0.00000000;0.00000000
231;23.10000000;0.00000000;23.89784386;3.61598193;1.48979434;1.64364849;2.99699832;-0.09807945;0.00000000;0.00000000
232;23.20000000;0.00000000;23.79900845;3.63079113;1.48708680;1.64337546;2.98658819;-0.11352439;0.00000000;0.00000000
233;23.30000000;0.00000000;23.70036709;3.64683924;1.48983651;1.65041815;2.97429344;-0.08909591;0.00000000;0.00000000
234;23.40000000;0.00000000;23.60192645;3.66407389;1.49806323;1.66119569;2.96876900;-0.05745892;0.00000000;0.00000000
235;23.50000000;0.00000000;23.50346804;3.68121094;1.51295896;1.64710506;2.96280165;-0.10262173;0.00000000;0.00000000
236;23.60000000;0.00000000;23.40524253;3.69961876;1.50946332;1.64028882;2.94824466;-0.16643855;0.00000000;0.00000000
237;23.70000000;0.00000000;23.30732792;3.71961398;1.50360977;1.64116364;2.92951394;-0.20379635;0.00000000;0.00000000
238;23.80000000;0.00000000;23.20986642;3.74168647;1.50226140;1.65022143;2.90748539;-0.20633258;0.00000000;0.00000000
239;23.90000000;0.00000000;23.11293011;3.76597397;1.50020466;1.65298739;2.88824743;-0.17256766;0.00000000;0.00000000
240;24.00000000;0.00000000;23.01638246;3.79178108;1.50207976;1.64954166;2.87297186;-0.15922967;0.00000000;0.00000000
241;24.10000000;0.00000000;22.92023386;3.81901821;1.49337757;1.65362628;2.85640149;-0.15176517;0.00000000;0.00000000
242;24.20000000;0.00000000;22.82459367;3.84801032;1.48020896;1.66552421;2.84261882;-0.12880036;0.00000000;0.00000000
243;24.30000000;0.00000000;22.72922742;3.87788874;1.47278788;1.68418830;2.83064142;-0.15776707;0.00000000;0.00000000
244;24.40000000;0.00000000;22.63431146;3.90916258;1.47066326;1.69237010;2.81106541;-0.24352530;0.00000000;0.00000000
245;24.50000000;0.00000000;22.54018731;3.94275106;1.47288014;1.67162528;2.78193636;-0.26137287;0.00000000;0.00000000
246;24.60000000;0.00000000;22.44725024;3.97949956;1.47849269;1.66001695;2.75879083;-0.19183832;0.00000000;0.00000000
247;24.70000000;0.00000000;22.35478074;4.01740783;1.48956235;1.65562531;2.74356870;-0.15448827;0.00000000;0.00000000
248;24.80000000;0.00000000;22.26300771;4.05696726;1.50257950;1.65904878;2.72789318;-0.18407913;0.00000000;0.00000000
249;24.90000000;0.00000000;22.17177286;4.09775499;1.50036717;1.66979155;2.70675287;-0.22949310;0.00000000;0.00000000
250;25.00000000;0.00000000;22.08176491;4.14115307;1.49451887;1.68921632;2.68199456;-0.24197382;0.00000000;0.00000000
251;25.10000000;0.00000000;21.99266158;4.18640581;1.48175760;1.68886103;2.65835811;-0.24876788;0.00000000;0.00000000
252;25.20000000;0.00000000;21.90480891;4.23400702;1.46597020;1.69200117;2.63224098;-0.23991901;0.00000000;0.00000000
253;25.30000000;0.00000000;21.81819016;4.28384947;1.45432682;1.70355318;2.61037431;-0.21217518;0.00000000;0.00000000
254;25.40000000;0.00000000;21.73249272;4.33525222;1.44768453;1.68987175;2.58980595;-0.21286482;0.00000000;0.00000000
255;25.50000000;0.00000000;21.64799943;4.38861314;1.44149054;1.68423131;2.56780135;-0.20231920;0.00000000;0.00000000
256;25.60000000;0.00000000;21.56464193;4.44373931;1.43782737;1.68660815;2.54934211;-0.19963881;0.00000000;0.00000000
257;25.70000000;0.00000000;21.48217484;4.50018324;1.43951420;1.68538960;2.52787358;-0.23946158;0.00000000;0.00000000
258;25.80000000;0.00000000;21.40125962;4.55883710;1.43422624;1.67564754;2.50144979;-0.25765150;0.00000000;0.00000000
259;25.90000000;0.00000000;21.32188521;4.61956150;1.42490225;1.67441415;2.47634328;-0.24443218;0.00000000;0.00000000
260;26.00000000;0.00000000;21.24401671;4.68220213;1.42011809;1.68156585;2.45256336;-0.23339452;0.00000000;0.00000000
261;26.10000000;0.00000000;21.16762210;4.74662886;1.41386329;1.69687262;2.42966438;-0.22599177;0.00000000;0.00000000
262;26.20000000;0.00000000;21.09270555;4.81276657;1.41187955;1.72005563;2.40736500;-0.23945506;0.00000000;0.00000000
263;26.30000000;0.00000000;21.01926069;4.88053393;1.41476894;1.75072896;2.38177337;-0.26527778;0.00000000;0.00000000
264;26.40000000;0.00000000;20.94783289;4.95041119;1.42178040;1.76653870;2.35430945;-0.26410807;0.00000000;0.00000000
265;26.50000000;0.00000000;20.87821943;5.02210794;1.43319433;1.76801151;2.32895175;-0.25906929;0.00000000;0.00000000
266;26.60000000;0.00000000;20.81042451;5.09551796;1.44896750;1.77198137;2.30249559;-0.26531694;0.00000000;0.00000000
267;26.70000000;0.00000000;20.74470223;5.17079371;1.46866868;1.77873555;2.27588837;-0.25295254;0.00000000;0.00000000
268;26.80000000;0.00000000;20.68090387;5.24771066;1.46517090;1.76487376;2.25190508;-0.21310081;0.00000000;0.00000000
269;26.90000000;0.00000000;20.61886135;5.32605760;1.45366343;1.74262132;2.23326820;-0.16625280;0.00000000;0.00000000
270;27.00000000;0.00000000;20.55796969;5.40530377;1.44071231;1.72728365;2.21865452;-0.15861798;0.00000000;0.00000000
271;27.10000000;0.00000000;20.49824273;5.48543099;1.42701509;1.71909101;2.20154461;-0.17843462;0.00000000;0.00000000
272;27.20000000;0.00000000;20.44010005;5.56671122;1.41827750;1.71864620;2.18296759;-0.16429683;0.00000000;0.00000000
273;27.30000000;0.00000000;20.38339288;5.64899850;1.41480019;1.72575011;2.16868524;-0.11719547;0.00000000;0.00000000
274;27.40000000;0.00000000;20.32759395;5.73190822;1.41727447;1.73966575;2.15952850;-0.08495108;0.00000000;0.00000000
275;27.50000000;0.00000000;20.27240124;5.81522306;1.42104412;1.73558835;2.15169503;-0.08999515;0.00000000;0.00000000
276;27.60000000;0.00000000;20.21790856;5.89899600;1.42941076;1.72452484;2.14152947;-0.09186437;0.00000000;0.00000000
277;27.70000000;0.00000000;20.16442064;5.98341626;1.44348339;1.70854659;2.13332215;-0.07791054;0.00000000;0.00000000
278;27.80000000;0.00000000;20.11130930;6.06807402;1.46382476;1.67858300;2.12594736;-0.09768158;0.00000000;0.00000000
279;27.90000000;0.00000000;20.05907261;6.15327353;1.48961946;1.65512962;2.11378584;-0.10844995;0.00000000;0.00000000
280;28.00000000;0.00000000;20.00803750;6.23919531;1.50485097;1.63883843;2.10425737;-0.06662409;0.00000000;0.00000000
281;28.10000000;0.00000000;19.95743351;6.32537527;1.51970546;1.62902890;2.10046102;-0.03852451;0.00000000;0.00000000
282;28.20000000;0.00000000;19.90705095;6.41168428;1.51763728;1.62557302;2.09655247;-0.04428984;0.00000000;0.00000000
283;28.30000000;0.00000000;19.85712228;6.49825700;1.51813280;1.62877932;2.09160305;-0.04694323;0.00000000;0.00000000
284;28.40000000;0.00000000;19.80759629;6.58506095;1.52472882;1.62314716;2.08716382;-0.02384769;0.00000000;0.00000000
285;28.50000000;0.00000000;19.75843811;6.67207369;1.53738755;1.60864398;2.08683351;0.00839152;0.00000000;0.00000000
286;28.60000000;0.00000000;19.70896958;6.75891016;1.55672143;1.58517798;2.08884213;0.01785806;0.00000000;0.00000000
287;28.70000000;0.00000000;19.65946225;6.84572473;1.58218630;1.56769899;2.09040512;0.02825444;0.00000000;0.00000000
288;28.80000000;0.00000000;19.60972280;6.93240562;1.61370142;1.55618630;2.09449302;0.03788136;0.00000000;0.00000000
289;28.90000000;0.00000000;19.55950737;7.01881252;1.64984905;1.55049141;2.09798140;0.01118325;0.00000000;0.00000000
290;29.00000000;0.00000000;19.50916400;7.10514495;1.65473409;1.54162661;2.09672967;-0.00475371;0.00000000;0.00000000
291;29.10000000;0.00000000;19.45916502;7.19167732;1.65715149;1.51332450;2.09703065;0.01345519;0.00000000;0.00000000
292;29.20000000;0.00000000;19.40876976;7.27797930;1.66294631;1.49074598;2.09942070;0.03117843;0.00000000;0.00000000
293;29.30000000;0.00000000;19.35835772;7.36427168;1.67471471;1.47458976;2.10326634;0.06010630;0.00000000;0.00000000
294;29.40000000;0.00000000;19.30730177;7.45018083;1.68880921;1.46336570;2.11144196;0.07144523;0.00000000;0.00000000
295;29.50000000;0.00000000;19.25548557;7.53563741;1.69757283;1.44019136;2.11755539;0.08058895;0.00000000;0.00000000
296;29.60000000;0.00000000;19.20338241;7.62091693;1.71246649;1.42333690;2.12755975;0.12258878;0.00000000;0.00000000
297;29.70000000;0.00000000;19.14986683;7.70531973;1.73461822;1.40557557;2.14207314;0.13587408;0.00000000;0.00000000
298;29.80000000;0.00000000;19.09530954;7.78905271;1.73973077;1.39321183;2.15473457;0.11611568;0.00000000;0.00000000
299;29.90000000;0.00000000;19.03967495;7.87207203;1.73854149;1.38666030;2.16529628;0.10579489;0.00000000;0.00000000
300;30.00000000;0.00000000;18.98336153;7.95463358;1.74390690;1.38647751;2.17589355;0.12904523;0.00000000;0.00000000
301;30.10000000;0.00000000;18.92598164;8.03645281;1.75624125;1.39218729;2.19110533;0.15883315;0.00000000;0.00000000
302;30.20000000;0.00000000;18.86718557;8.11725945;1.77578000;1.40327976;2.20766018;0.15280672;0.00000000;0.00000000
303;30.30000000;0.00000000;18.80712678;8.19713687;1.76844554;1.41730340;2.22166667;0.15149124;0.00000000;0.00000000
304;30.40000000;0.00000000;18.74608949;8.27626612;1.76490118;1.43010498;2.23795843;0.18824775;0.00000000;0.00000000
305;30.50000000;0.00000000;18.68346073;8.35414414;1.76903163;1.44089425;2.25931622;0.20065469;0.00000000;0.00000000
306;30.60000000;0.00000000;18.61909765;8.43059767;1.78099972;1.44944773;2.27808936;0.19511695;0.00000000;0.00000000
307;30.70000000;0.00000000;18.55358853;8.50607117;1.76014009;1.45649665;2.29833961;0.23344397;0.00000000;0.00000000
308;30.80000000;0.00000000;18.48618567;8.57985261;1.72436572;1.46100858;2.32477816;0.25099754;0.00000000;0.00000000
309;30.90000000;0.00000000;18.41678443;8.65175286;1.69638622;1.46277645;2.34853912;0.21434223;0.00000000;0.00000000
310;31.00000000;0.00000000;18.34595232;8.72224965;1.67588216;1.46254007;2.36764660;0.18812373;0.00000000;0.00000000
311;31.10000000;0.00000000;18.27385250;8.79144797;1.66295114;1.46048950;2.38616386;0.18855720;0.00000000;0.00000000
312;31.20000000;0.00000000;18.20046002;8.85927261;1.65784602;1.45878981;2.40535805;0.19491727;0.00000000;0.00000000
313;31.30000000;0.00000000;18.12575843;8.92565207;1.66070424;1.46198154;2.42514732;0.20739431;0.00000000;0.00000000
314;31.40000000;0.00000000;18.04973989;8.99051945;1.65872062;1.46997676;2.44683691;0.24314961;0.00000000;0.00000000
315;31.50000000;0.00000000;17.97223406;9.05359359;1.64896658;1.48237320;2.47377724;0.26113431;0.00000000;0.00000000
316;31.60000000;0.00000000;17.89283012;9.11427489;1.64409543;1.49834646;2.49906377;0.20880370;0.00000000;0.00000000
317;31.70000000;0.00000000;17.81222580;9.17335689;1.64575684;1.51879510;2.51553798;0.16594812;0.00000000;0.00000000
318;31.80000000;0.00000000;17.73086374;9.23139106;1.64186267;1.53501457;2.53225339;0.16726391;0.00000000;0.00000000
319;31.90000000;0.00000000;17.64833161;9.28774452;1.61383105;1.52854124;2.54899076;0.16168859;0.00000000;0.00000000
320;32.00000000;0.00000000;17.56507418;9.34302224;1.59286584;1.52729114;2.56459111;0.16191074;0.00000000;0.00000000
321;32.10000000;0.00000000;17.48082710;9.39677175;1.57977331;1.53075502;2.58137291;0.16252156;0.00000000;0.00000000
322;32.20000000;0.00000000;17.39576236;9.44922404;1.57446590;1.53426895;2.59709542;0.17244507;0.00000000;0.00000000
323;32.30000000;0.00000000;17.30986740;9.50029799;1.57494957;1.54152580;2.61586192;0.20277007;0.00000000;0.00000000
324;32.40000000;0.00000000;17.22289933;9.54951854;1.57176435;1.55306825;2.63764944;0.19381493;0.00000000;0.00000000
325;32.50000000;0.00000000;17.13485660;9.59680483;1.56198352;1.56872809;2.65462491;0.16112948;0.00000000;0.00000000
326;32.60000000;0.00000000;17.04626184;9.64304801;1.55974260;1.58356414;2.66987533;0.15339410;0.00000000;0.00000000
327;32.70000000;0.00000000;16.95681696;9.68762787;1.55819207;1.59122343;2.68530373;0.18130914;0.00000000;0.00000000
328;32.80000000;0.00000000;16.86683666;9.73111620;1.55998349;1.59597779;2.70613716;0.21074370;0.00000000;0.00000000
329;32.90000000;0.00000000;16.77561904;9.77192851;1.57107801;1.60008141;2.72745247;0.17410864;0.00000000;0.00000000
330;33.00000000;0.00000000;16.68386794;9.81154237;1.57603020;1.60366077;2.74095889;0.13199535;0.00000000;0.00000000
331;33.10000000;0.00000000;16.59157774;9.84987745;1.57332280;1.61086981;2.75385154;0.11774609;0.00000000;0.00000000
332;33.20000000;0.00000000;16.49883609;9.88711248;1.57792189;1.60706510;2.76450811;0.10470764;0.00000000;0.00000000
333;33.30000000;0.00000000;16.40574784;9.92347279;1.58626691;1.60852912;2.77479307;0.12016970;0.00000000;0.00000000
334;33.40000000;0.00000000;16.31226122;9.95879191;1.56419385;1.61507417;2.78854205;0.16255192;0.00000000;0.00000000
335;33.50000000;0.00000000;16.21821232;9.99257765;1.54417646;1.62612466;2.80730345;0.17595505;0.00000000;0.00000000
336;33.60000000;0.00000000;16.12346486;10.02436548;1.53254205;1.61021336;2.82373306;0.12940755;0.00000000;0.00000000
337;33.70000000;0.00000000;16.02835172;10.05504476;1.52853894;1.59603120;2.83318496;0.09453225;0.00000000;0.00000000
338;33.80000000;0.00000000;15.93301934;10.08503623;1.53178322;1.58730288;2.84263951;0.09254208;0.00000000;0.00000000
339;33.90000000;0.00000000;15.83734331;10.11391156;1.54267057;1.58367309;2.85169338;0.08549691;0.00000000;0.00000000
340;34.00000000;0.00000000;15.74148377;10.14217188;1.56052558;1.58345098;2.85973889;0.08064450;0.00000000;0.00000000
341;34.10000000;0.00000000;15.64535620;10.16950382;1.56340656;1.57328999;2.86782228;0.07664499;0.00000000;0.00000000
342;34.20000000;0.00000000;15.54905243;10.19621075;1.56010820;1.56879032;2.87506788;0.07185690;0.00000000;0.00000000
343;34.30000000;0.00000000;15.45253898;10.22214683;1.56117472;1.56985155;2.88219366;0.08716790;0.00000000;0.00000000
344;34.40000000;0.00000000;15.35586430;10.24747865;1.56613267;1.57663502;2.89250146;0.12415678;0.00000000;0.00000000
345;34.50000000;0.00000000;15.25884284;10.27141811;1.57883669;1.58826594;2.90702501;0.11829071;0.00000000;0.00000000
346;34.60000000;0.00000000;15.16147338;10.29393159;1.59913339;1.60074557;2.91615961;0.05615323;0.00000000;0.00000000
347;34.70000000;0.00000000;15.06402352;10.31609625;1.59451765;1.59914667;2.91825566;0.01421552;0.00000000;0.00000000
348;34.80000000;0.00000000;14.96656014;10.33820144;1.58689982;1.59221096;2.91900271;0.01256921;0.00000000;0.00000000
349;34.90000000;0.00000000;14.86907735;10.36022046;1.58564533;1.59144456;2.92076950;0.02020287;0.00000000;0.00000000
350;35.00000000;0.00000000;14.77153652;10.38198110;1.59094509;1.58951849;2.92304328;0.01884577;0.00000000;0.00000000
351;35.10000000;0.00000000;14.67395453;10.40355660;1.59651874;1.57744768;2.92453865;0.01079939;0.00000000;0.00000000
352;35.20000000;0.00000000;14.57634900;10.42502544;1.57902813;1.57154245;2.92520316;0.01027962;0.00000000;0.00000000
353;35.30000000;0.00000000;14.47873841;10.44647123;1.56512401;1.57195785;2.92659458;0.04188417;0.00000000;0.00000000
354;35.40000000;0.00000000;14.38107527;10.46766799;1.55423786;1.57845892;2.93357999;0.05870202;0.00000000;0.00000000
355;35.50000000;0.00000000;14.28317475;10.48774801;1.55087461;1.59009432;2.93833498;0.05163997;0.00000000;0.00000000
356;35.60000000;0.00000000;14.18531377;10.50801518;1.55375376;1.60201255;2.94390799;0.09078136;0.00000000;0.00000000
357;35.70000000;0.00000000;14.08719653;10.52700259;1.56432447;1.59162511;2.95649125;0.08430788;0.00000000;0.00000000
358;35.80000000;0.00000000;13.98885551;10.54480097;1.57395052;1.58408295;2.96076956;0.00095840;0.00000000;0.00000000
359;35.90000000;0.00000000;13.89057833;10.56294833;1.57431684;1.58318208;2.95668293;-0.04357516;0.00000000;0.00000000
360;36.00000000;0.00000000;13.79238612;10.58154986;1.58055313;1.58904068;2.95205453;-0.00513556;0.00000000;0.00000000
361;36.10000000;0.00000000;13.69428143;10.60060610;1.59258926;1.58637736;2.95565582;0.07963603;0.00000000;0.00000000
362;36.20000000;0.00000000;13.59595801;10.61849989;1.58336658;1.57451468;2.96798174;0.12224982;0.00000000;0.00000000
363;36.30000000;0.00000000;13.49741319;10.63513216;1.57466675;1.56766060;2.98010579;0.06807145;0.00000000;0.00000000
364;36.40000000;0.00000000;13.39868454;10.65063680;1.57342623;1.56602029;2.98159603;0.00963160;0.00000000;0.00000000
365;36.50000000;0.00000000;13.30009041;10.66697532;1.57739878;1.57159148;2.98203210;0.00350209;0.00000000;0.00000000
366;36.60000000;0.00000000;13.20134823;10.68239386;1.58295473;1.58254123;2.98229645;0.00070836;0.00000000;0.00000000
367;36.70000000;0.00000000;13.10274553;10.69868024;1.59389669;1.59030174;2.98217378;0.04495930;0.00000000;0.00000000
368;36.80000000;0.00000000;13.00400724;10.71412299;1.58591275;1.57780636;2.99128831;0.05052599;0.00000000;0.00000000
369;36.90000000;0.00000000;12.90512418;10.72860931;1.57141994;1.57061264;2.99227897;0.00637520;0.00000000;0.00000000
370;37.00000000;0.00000000;12.80635556;10.74385638;1.55616638;1.56997405;2.99256335;0.04188967;0.00000000;0.00000000
371;37.10000000;0.00000000;12.70746435;10.75828645;1.54173117;1.56938160;3.00065691;0.07667032;0.00000000;0.00000000
372;37.20000000;0.00000000;12.60846191;10.77193281;1.53175817;1.57435388;3.00789741;0.02687385;0.00000000;0.00000000
373;37.30000000;0.00000000;12.50937203;10.78492938;1.52892480;1.58497287;3.00603168;-0.02475645;0.00000000;0.00000000
374;37.40000000;0.00000000;12.41042159;10.79894501;1.53159041;1.59898075;3.00294612;-0.03156451;0.00000000;0.00000000
375;37.50000000;0.00000000;12.31141379;10.81255283;1.54115602;1.61258198;2.99971878;-0.03506049;0.00000000;0.00000000
376;37.60000000;0.00000000;12.21255608;10.82720684;1.55605157;1.62319497;2.99593402;0.00280470;0.00000000;0.00000000
377;37.70000000;0.00000000;12.11365410;10.84156370;1.55902425;1.60618391;3.00027972;0.05195559;0.00000000;0.00000000
378;37.80000000;0.00000000;12.01467215;10.85535803;1.54520866;1.59469763;3.00632514;0.06406864;0.00000000;0.00000000
379;37.90000000;0.00000000;11.91560395;10.86851805;1.53202968;1.58878439;3.01309345;0.03090492;0.00000000;0.00000000
380;38.00000000;0.00000000;11.81644450;10.88097126;1.52547660;1.58843415;3.01250612;0.02022001;0.00000000;0.00000000
381;38.10000000;0.00000000;11.71739243;10.89424756;1.52462695;1.59518686;3.01713745;0.04783255;0.00000000;0.00000000
382;38.20000000;0.00000000;11.61812553;10.90578131;1.53206422;1.60639786;3.02207263;0.00556927;0.00000000;0.00000000
383;38.30000000;0.00000000;11.51894792;10.91807924;1.54518106;1.61866882;3.01825130;-0.00934995;0.00000000;0.00000000
384;38.40000000;0.00000000;11.41976816;10.93037181;1.56458976;1.61804908;3.02020264;0.03065061;0.00000000;0.00000000
385;38.50000000;0.00000000;11.32054188;10.94228275;1.55787627;1.60063214;3.02438142;0.04511464;0.00000000;0.00000000
386;38.60000000;0.00000000;11.22126294;10.95374599;1.54642400;1.58887115;3.02922557;0.01390577;0.00000000;0.00000000
387;38.70000000;0.00000000;11.12192604;10.96469504;1.53659619;1.58282580;3.02716258;0.00060781;0.00000000;0.00000000
388;38.80000000;0.00000000;11.02269660;10.97656765;1.52645320;1.58400798;3.02934713;0.02554456;0.00000000;0.00000000
389;38.90000000;0.00000000;10.92331665;10.98708215;1.52418148;1.59011734;3.03227149;-0.01254508;0.00000000;0.00000000
390;39.00000000;0.00000000;10.82402040;10.99837410;1.52767459;1.59849759;3.02683812;-0.03078671;0.00000000;0.00000000
391;39.10000000;0.00000000;10.72475651;11.00996837;1.53736745;1.61010018;3.02611415;0.00586564;0.00000000;0.00000000
392;39.20000000;0.00000000;10.62547428;11.02140437;1.55359870;1.62154447;3.02801125;-0.01374544;0.00000000;0.00000000
393;39.30000000;0.00000000;10.52616715;11.03262193;1.56744087;1.63277020;3.02336506;-0.02924472;0.00000000;0.00000000
394;39.40000000;0.00000000;10.42699804;11.04497969;1.55507679;1.64513810;3.02216230;0.02860524;0.00000000;0.00000000
395;39.50000000;0.00000000;10.32772147;11.05643570;1.54361558;1.62939988;3.02908611;0.04671532;0.00000000;0.00000000
396;39.60000000;0.00000000;10.22838815;11.06741936;1.53262738;1.61348642;3.03150537;0.01400111;0.00000000;0.00000000
397;39.70000000;0.00000000;10.12905397;11.07839525;1.52164712;1.60364691;3.03188633;0.00683909;0.00000000;0.00000000
398;39.80000000;0.00000000;10.02971231;11.08930322;1.51474254;1.59993288;3.03287318;-0.02083229;0.00000000;0.00000000
399;39.90000000;0.00000000;9.93035669;11.10008303;1.51454473;1.60232645;3.02771987;-0.03788577;0.00000000;0.00000000
400;40.00000000;0.00000000;9.83113589;11.11201391;1.51977357;1.61207822;3.02529603;0.01640307;0.00000000;0.00000000
401;40.10000000;0.00000000;9.73183696;11.12327485;1.53218600;1.62333267;3.03100049;0.03808491;0.00000000;0.00000000
402;40.20000000;0.00000000;9.63248335;11.13407334;1.55140631;1.63412549;3.03291301;0.00690522;0.00000000;0.00000000
403;40.30000000;0.00000000;9.53313878;11.14495472;1.55581519;1.64500148;3.03238153;-0.00228513;0.00000000;0.00000000
404;40.40000000;0.00000000;9.43379669;11.15585881;1.54489740;1.64912545;3.03245599;0.03191660;0.00000000;0.00000000
405;40.50000000;0.00000000;9.33445049;11.16672541;1.53401726;1.62935082;3.03876485;0.07749035;0.00000000;0.00000000
406;40.60000000;0.00000000;9.23498256;11.17637479;1.52435756;1.61431261;3.04795406;0.03002275;0.00000000;0.00000000
407;40.70000000;0.00000000;9.13545344;11.18541386;1.51530979;1.60475365;3.04476940;-0.06647846;0.00000000;0.00000000
408;40.80000000;0.00000000;9.03604937;11.19569657;1.51139290;1.60263641;3.03465836;-0.07226844;0.00000000;0.00000000
409;40.90000000;0.00000000;8.93672339;11.20674629;1.51329105;1.60751313;3.03031571;-0.02505346;0.00000000;0.00000000
410;41.00000000;0.00000000;8.83740818;11.21789244;1.51539370;1.61865372;3.02964767;-0.00713480;0.00000000;0.00000000
411;41.10000000;0.00000000;8.73809703;11.22907487;1.52402471;1.62981024;3.02888875;-0.01360762;0.00000000;0.00000000
412;41.20000000;0.00000000;8.63879888;11.24037174;1.53899690;1.64108141;3.02692615;-0.02432378;0.00000000;0.00000000
413;41.30000000;0.00000000;8.53953254;11.25194388;1.54813422;1.65262746;3.02402400;-0.02815378;0.00000000;0.00000000
414;41.40000000;0.00000000;8.44030168;11.26381691;1.53626922;1.63875924;3.02129539;-0.02426112;0.00000000;0.00000000
415;41.50000000;0.00000000;8.34109989;11.27593061;1.52632740;1.62804811;3.01917177;-0.01821898;0.00000000;0.00000000
416;41.60000000;0.00000000;8.24192029;11.28822499;1.52271094;1.61884752;3.01765159;-0.01539176;0.00000000;0.00000000
417;41.70000000;0.00000000;8.14275574;11.30064025;1.52552497;1.61491117;3.01609342;-0.02129945;0.00000000;0.00000000
418;41.80000000;0.00000000;8.04361499;11.31324364;1.53466679;1.61734253;3.01339170;-0.03194955;0.00000000;0.00000000
419;41.90000000;0.00000000;7.94451918;11.32619451;1.54986641;1.62627259;3.00970351;-0.03628392;0.00000000;0.00000000
420;42.00000000;0.00000000;7.84547418;11.33952885;1.56060410;1.61128349;3.00613492;-0.03267352;0.00000000;0.00000000
421;42.10000000;0.00000000;7.74647321;11.35318667;1.55141003;1.59816404;3.00316881;-0.02666072;0.00000000;0.00000000
422;42.20000000;0.00000000;7.64750896;11.36710833;1.54835767;1.59149137;3.00080277;0.00107052;0.00000000;0.00000000
423;42.30000000;0.00000000;7.54857366;11.38123448;1.55154303;1.59128682;3.00338291;0.04700735;0.00000000;0.00000000
424;42.40000000;0.00000000;7.44954194;11.39464486;1.56184837;1.59662754;3.01020424;0.04408340;0.00000000;0.00000000
425;42.50000000;0.00000000;7.35042320;11.40742001;1.57526118;1.60753860;3.01219959;-0.02374508;0.00000000;0.00000000
426;42.60000000;0.00000000;7.25133568;11.42043547;1.58017109;1.59149461;3.00545523;-0.09183615;0.00000000;0.00000000
427;42.70000000;0.00000000;7.15240348;11.43454569;1.56642677;1.58059322;2.99383236;-0.09542529;0.00000000;0.00000000
428;42.80000000;0.00000000;7.05364531;11.44986072;1.55776381;1.57718297;2.98637017;-0.03069275;0.00000000;0.00000000
429;42.90000000;0.00000000;6.95492949;11.46544667;1.55521246;1.58037268;2.98769381;0.03748509;0.00000000;0.00000000
430;43.00000000;0.00000000;6.85613381;11.48049978;1.55961345;1.58710822;2.99386719;0.04048064;0.00000000;0.00000000
431;43.10000000;0.00000000;6.75723315;11.49486577;1.57106311;1.59552240;2.99578994;0.01314204;0.00000000;0.00000000
432;43.20000000;0.00000000;6.65837760;11.50953925;1.58842491;1.59192197;2.99649560;0.03328332;0.00000000;0.00000000
433;43.30000000;0.00000000;6.55945930;11.52376527;1.58761994;1.57707010;3.00244660;0.03992363;0.00000000;0.00000000
434;43.40000000;0.00000000;6.46043618;11.53726116;1.58920301;1.56772105;3.00448032;-0.02284664;0.00000000;0.00000000
435;43.50000000;0.00000000;6.36145825;11.55108507;1.59672147;1.56504320;2.99787727;-0.07893311;0.00000000;0.00000000
436;43.60000000;0.00000000;6.26262717;11.56588670;1.60944226;1.56972605;2.98869370;-0.05074413;0.00000000;0.00000000
437;43.70000000;0.00000000;6.16392173;11.58152578;1.61870072;1.58156371;2.98772845;-0.00086519;0.00000000;0.00000000
438;43.80000000;0.00000000;6.06511439;11.59651897;1.60841301;1.56881628;2.98852066;-0.00515433;0.00000000;0.00000000
439;43.90000000;0.00000000;5.96638252;11.61200190;1.59942092;1.55709820;2.98669758;0.01211875;0.00000000;0.00000000
440;44.00000000;0.00000000;5.86763208;11.62735501;1.59509044;1.55161003;2.99094441;0.03962112;0.00000000;0.00000000
441;44.10000000;0.00000000;5.76877233;11.64199880;1.59773096;1.55183155;2.99462181;0.03621252;0.00000000;0.00000000
442;44.20000000;0.00000000;5.66991139;11.65662524;1.60661293;1.55845751;2.99818692;0.02109503;0.00000000;0.00000000
443;44.30000000;0.00000000;5.57094981;11.67056377;1.62230038;1.57073764;2.99884081;-0.03589456;0.00000000;0.00000000
444;44.40000000;0.00000000;5.47206845;11.68506110;1.61607871;1.57506486;2.99100800;-0.09981003;0.00000000;0.00000000
445;44.50000000;0.00000000;5.37334236;11.70054739;1.60737610;1.56303397;2.97887881;-0.06943436;0.00000000;0.00000000
446;44.60000000;0.00000000;5.27484264;11.71743872;1.60343785;1.55485099;2.97712113;0.04157117;0.00000000;0.00000000
447;44.70000000;0.00000000;5.17616713;11.73327272;1.60679191;1.55199713;2.98719304;0.08497472;0.00000000;0.00000000
448;44.80000000;0.00000000;5.07734661;11.74817667;1.61726325;1.55463243;2.99411608;0.03070256;0.00000000;0.00000000
449;44.90000000;0.00000000;4.97846126;11.76264294;1.63422559;1.56322441;2.99333355;0.00066577;0.00000000;0.00000000
450;45.00000000;0.00000000;4.87966410;11.77770155;1.62506630;1.56077125;2.99424923;0.04073268;0.00000000;0.00000000
451;45.10000000;0.00000000;4.78075198;11.79198676;1.61963934;1.54558276;3.00148009;0.05803894;0.00000000;0.00000000
452;45.20000000;0.00000000;4.68174709;11.80561511;1.62103254;1.53609431;3.00585702;-0.00266524;0.00000000;0.00000000
453;45.30000000;0.00000000;4.58271488;11.81903377;1.62675354;1.53286412;3.00094704;-0.05084623;0.00000000;0.00000000
454;45.40000000;0.00000000;4.48384835;11.83363369;1.63364578;1.53733248;2.99568777;-0.01760995;0.00000000;0.00000000
455;45.50000000;0.00000000;4.38496127;11.84809349;1.64672581;1.53557687;2.99742505;0.01132661;0.00000000;0.00000000
456;45.60000000;0.00000000;4.28604461;11.86234981;1.63792894;1.52194818;2.99795310;0.00071231;0.00000000;0.00000000
457;45.70000000;0.00000000;4.18714227;11.87670517;1.62842015;1.51490418;2.99756751;-0.00341038;0.00000000;0.00000000
458;45.80000000;0.00000000;4.08823662;11.89103776;1.62503643;1.51441372;2.99727102;-0.01447749;0.00000000;0.00000000
459;45.90000000;0.00000000;3.98934281;11.90545177;1.62771089;1.51508975;2.99467201;-0.03023998;0.00000000;0.00000000
460;46.00000000;0.00000000;3.89051300;11.92029829;1.63606126;1.52199217;2.99122302;-0.03756996;0.00000000;0.00000000
461;46.10000000;0.00000000;3.79172099;11.93539411;1.65018356;1.53065413;2.98715802;-0.04478946;0.00000000;0.00000000
462;46.20000000;0.00000000;3.69301533;11.95104358;1.64932859;1.51422646;2.98226513;-0.08122537;0.00000000;0.00000000
463;46.30000000;0.00000000;3.59437587;11.96710540;1.63329905;1.50468963;2.97091295;-0.12976917;0.00000000;0.00000000
464;46.40000000;0.00000000;3.49605535;11.98499094;1.61619919;1.50360862;2.95631130;-0.12378091;0.00000000;0.00000000
465;46.50000000;0.00000000;3.39792744;12.00392594;1.60408685;1.51022154;2.94615677;-0.09850337;0.00000000;0.00000000
466;46.60000000;0.00000000;3.29998746;12.02380508;1.59718204;1.52432474;2.93661062;-0.09301812;0.00000000;0.00000000
467;46.70000000;0.00000000;3.20223928;12.04460992;1.59557015;1.54518210;2.92755314;-0.08992444;0.00000000;0.00000000
468;46.80000000;0.00000000;3.10467500;12.06625998;1.59934757;1.56689139;2.91862574;-0.09196473;0.00000000;0.00000000
469;46.90000000;0.00000000;3.00731411;12.08880662;1.60842205;1.57358822;2.90916020;-0.10683792;0.00000000;0.00000000
470;47.00000000;0.00000000;2.91017725;12.11229966;1.58785789;1.56775040;2.89725815;-0.15631181;0.00000000;0.00000000
471;47.10000000;0.00000000;2.81338640;12.13715584;1.56535953;1.56967692;2.87789784;-0.19158061;0.00000000;0.00000000
472;47.20000000;0.00000000;2.71723162;12.16439146;1.54655554;1.58038655;2.85894203;-0.17569605;0.00000000;0.00000000
473;47.30000000;0.00000000;2.62144619;12.19290033;1.53272538;1.59858657;2.84275863;-0.16549915;0.00000000;0.00000000
474;47.40000000;0.00000000;2.52622205;12.22323371;1.52342477;1.62458104;2.82584220;-0.15815933;0.00000000;0.00000000
475;47.50000000;0.00000000;2.43145545;12.25496646;1.51917710;1.62985404;2.81112676;-0.16034659;0.00000000;0.00000000
476;47.60000000;0.00000000;2.33716627;12.28808844;1.52002884;1.63625269;2.79377288;-0.21211322;0.00000000;0.00000000
477;47.70000000;0.00000000;2.24356087;12.32308947;1.50665267;1.65066749;2.76870412;-0.25379887;0.00000000;0.00000000
478;47.80000000;0.00000000;2.15105828;12.36089203;1.49111919;1.67386179;2.74301311;-0.22736743;0.00000000;0.00000000
479;47.90000000;0.00000000;2.05937407;12.40065419;1.48005548;1.70462488;2.72323063;-0.20309694;0.00000000;0.00000000
480;48.00000000;0.00000000;1.96843399;12.44208849;1.47386183;1.73136215;2.70239372;-0.21797608;0.00000000;0.00000000
481;48.10000000;0.00000000;1.87849074;12.48563359;1.45954034;1.73452398;2.67963541;-0.21795436;0.00000000;0.00000000
482;48.20000000;0.00000000;1.78953062;12.53116248;1.43716328;1.73791346;2.65880285;-0.22405439;0.00000000;0.00000000
483;48.30000000;0.00000000;1.70147589;12.57841804;1.41954291;1.73368605;2.63482454;-0.26358661;0.00000000;0.00000000
484;48.40000000;0.00000000;1.61481153;12.62815312;1.40597680;1.73440580;2.60608553;-0.27205826;0.00000000;0.00000000
485;48.50000000;0.00000000;1.52961793;12.68038803;1.39653334;1.74375465;2.58041288;-0.24097992;0.00000000;0.00000000
486;48.60000000;0.00000000;1.44561150;12.73451128;1.39197637;1.76093148;2.55788954;-0.23688293;0.00000000;0.00000000
487;48.70000000;0.00000000;1.36285671;12.79052947;1.39231568;1.77898998;2.53303630;-0.28006475;0.00000000;0.00000000
488;48.80000000;0.00000000;1.28164899;12.84875579;1.39712322;1.78623541;2.50187659;-0.33615716;0.00000000;0.00000000
489;48.90000000;0.00000000;1.20255181;12.90981276;1.40552050;1.77652828;2.46580487;-0.35186470;0.00000000;0.00000000
490;49.00000000;0.00000000;1.12575306;12.97374041;1.41462518;1.76976789;2.43150365;-0.31041883;0.00000000;0.00000000
491;49.10000000;0.00000000;1.05101920;13.04008284;1.42056028;1.77181190;2.40372110;-0.25784002;0.00000000;0.00000000
492;49.20000000;0.00000000;0.97788319;13.10818282;1.42412186;1.78183367;2.37993565;-0.24741498;0.00000000;0.00000000
493;49.30000000;0.00000000;0.90638852;13.17800415;1.42530527;1.79969741;2.35423811;-0.28836747;0.00000000;0.00000000
494;49.40000000;0.00000000;0.83685307;13.24976584;1.42373147;1.82552443;2.32226216;-0.32963355;0.00000000;0.00000000
495;49.50000000;0.00000000;0.76997126;13.32400830;1.41852833;1.82475895;2.28831140;-0.30651147;0.00000000;0.00000000
496;49.60000000;0.00000000;0.70545948;13.40032898;1.41018188;1.81083626;2.26095986;-0.25194403;0.00000000;0.00000000
497;49.70000000;0.00000000;0.64273216;13.47812337;1.39953393;1.80466700;2.23792259;-0.23666712;0.00000000;0.00000000
498;49.80000000;0.00000000;0.58180359;13.55733493;1.38916672;1.80240012;2.21362644;-0.27603381;0.00000000;0.00000000
499;49.90000000;0.00000000;0.52293279;13.63807935;1.38338035;1.79126797;2.18271583;-0.32986064;0.00000000;0.00000000
500;50.00000000;0.00000000;0.46701725;13.72089952;1.38118981;1.78328197;2.14765431;-0.33282081;0.00000000;0.00000000
501;50.10000000;0.00000000;0.41394581;13.80557462;1.38283109;1.77986101;2.11615167;-0.30787025;0.00000000;0.00000000
502;50.20000000;0.00000000;0.36335486;13.89175299;1.38878181;1.76994002;2.08608026;-0.27400648;0.00000000;0.00000000
503;50.30000000;0.00000000;0.31546653;13.97946903;1.39877587;1.75769405;2.06135037;-0.24709550;0.00000000;0.00000000
504;50.40000000;0.00000000;0.26919673;14.06804606;1.41397256;1.74911109;2.03666116;-0.27481940;0.00000000;0.00000000
505;50.50000000;0.00000000;0.22569686;14.15801756;1.43296802;1.73729844;2.00638649;-0.30785248;0.00000000;0.00000000
506;50.60000000;0.00000000;0.18487108;14.24923394;1.43619836;1.72285227;1.97509066;-0.33055265;0.00000000;0.00000000
507;50.70000000;0.00000000;0.14708325;14.34175241;1.43709816;1.70726874;1.94027596;-0.31718521;0.00000000;0.00000000
508;50.80000000;0.00000000;0.11270164;14.43559086;1.44128964;1.70108405;1.91165362;-0.25250983;0.00000000;0.00000000
509;50.90000000;0.00000000;0.08026920;14.53011927;1.45031317;1.70282575;1.88977400;-0.21798230;0.00000000;0.00000000
510;51.00000000;0.00000000;0.05002654;14.62536866;1.46384095;1.71270440;1.86805716;-0.19624372;0.00000000;0.00000000
511;51.10000000;0.00000000;0.02172981;14.72121370;1.46577038;1.71527247;1.85052525;-0.16115930;0.00000000;0.00000000
512;51.20000000;0.00000000;-0.00515549;14.81746591;1.46392133;1.69484819;1.83582530;-0.15018914;0.00000000;0.00000000
513;51.30000000;0.00000000;-0.03062268;14.91410187;1.46742008;1.66939165;1.82048742;-0.15019043;0.00000000;0.00000000
514;51.40000000;0.00000000;-0.05454272;15.01113155;1.47610129;1.64792142;1.80578722;-0.12867107;0.00000000;0.00000000
515;51.50000000;0.00000000;-0.07715857;15.10847599;1.48763469;1.63362928;1.79475321;-0.09246506;0.00000000;0.00000000
516;51.60000000;0.00000000;-0.09893253;15.20601353;1.50099720;1.62623007;1.78729420;-0.07636276;0.00000000;0.00000000
517;51.70000000;0.00000000;-0.12009388;15.30368525;1.52021244;1.62072241;1.77948066;-0.07521991;0.00000000;0.00000000
518;51.80000000;0.00000000;-0.14034107;15.40155141;1.54043382;1.62131991;1.77225022;-0.05620763;0.00000000;0.00000000
519;51.90000000;0.00000000;-0.16008802;15.49951981;1.56015940;1.62857153;1.76823913;-0.02958793;0.00000000;0.00000000
520;52.00000000;0.00000000;-0.17954948;15.59754529;1.57960299;1.62054993;1.76633264;-0.01554484;0.00000000;0.00000000
521;52.10000000;0.00000000;-0.19892273;15.69558827;1.59896125;1.60115718;1.76513016;-0.00225214;0.00000000;0.00000000
522;52.20000000;0.00000000;-0.21814839;15.79366026;1.61817469;1.58191421;1.76588221;0.02457956;0.00000000;0.00000000
523;52.30000000;0.00000000;-0.23766899;15.89167350;1.63768524;1.56237779;1.77004608;0.04531652;0.00000000;0.00000000
524;52.40000000;0.00000000;-0.25771062;15.98958167;1.65771899;1.54232180;1.77494551;0.04916269;0.00000000;0.00000000
525;52.50000000;0.00000000;-0.27819074;16.08739922;1.67299847;1.52182934;1.77987861;0.06035952;0.00000000;0.00000000
526;52.60000000;0.00000000;-0.29919723;16.18510428;1.66334781;1.50081292;1.78701742;0.07937004;0.00000000;0.00000000
527;52.70000000;0.00000000;-0.32107174;16.28261910;1.66055819;1.47893134;1.79575262;0.10029998;0.00000000;0.00000000
528;52.80000000;0.00000000;-0.34378186;16.37994216;1.66463314;1.45621808;1.80707741;0.13487589;0.00000000;0.00000000
529;52.90000000;0.00000000;-0.36785920;16.47693639;1.67606566;1.43544846;1.82272780;0.17474353;0.00000000;0.00000000
530;53.00000000;0.00000000;-0.39360424;16.57350203;1.69501300;1.41970718;1.84202612;0.19771981;0.00000000;0.00000000
531;53.10000000;0.00000000;-0.42140658;16.66949567;1.72161698;1.40875532;1.86227176;0.20273208;0.00000000;0.00000000
532;53.20000000;0.00000000;-0.45103946;16.76493979;1.75118287;1.40293415;1.88257254;0.21516689;0.00000000;0.00000000
533;53.30000000;0.00000000;-0.48271508;16.85972513;1.76755741;1.40207464;1.90530514;0.25768397;0.00000000;0.00000000
534;53.40000000;0.00000000;-0.51665495;16.95372306;1.77390952;1.40593597;1.93410933;0.30791884;0.00000000;0.00000000
535;53.50000000;0.00000000;-0.55373485;17.04652589;1.78915476;1.40685314;1.96688891;0.35285935;0.00000000;0.00000000
536;53.60000000;0.00000000;-0.59375955;17.13809785;1.80320103;1.39514255;2.00468120;0.39228898;0.00000000;0.00000000
537;53.70000000;0.00000000;-0.63774085;17.22783455;1.81715096;1.38308755;2.04534670;0.39846816;0.00000000;0.00000000
538;53.80000000;0.00000000;-0.68507007;17.31584724;1.82167066;1.37442845;2.08437483;0.39333389;0.00000000;0.00000000
539;53.90000000;0.00000000;-0.73591090;17.40187446;1.80862065;1.36130560;2.12401348;0.38260789;0.00000000;0.00000000
540;54.00000000;0.00000000;-0.79006243;17.48586421;1.80374926;1.34577076;2.16089641;0.39139530;0.00000000;0.00000000
541;54.10000000;0.00000000;-0.84709510;17.56789521;1.80788573;1.33406644;2.20229254;0.39944196;0.00000000;0.00000000
542;54.20000000;0.00000000;-0.90800441;17.64711736;1.82225135;1.32500037;2.24078480;0.36053343;0.00000000;0.00000000
543;54.30000000;0.00000000;-0.97119050;17.72453476;1.84475649;1.32053379;2.27439923;0.35876462;0.00000000;0.00000000
544;54.40000000;0.00000000;-1.03727441;17.79947465;1.87578793;1.31980957;2.31253773;0.41510193;0.00000000;0.00000000
545;54.50000000;0.00000000;-1.10617514;17.87185160;1.87843663;1.31988429;2.35741961;0.45463472;0.00000000;0.00000000
546;54.60000000;0.00000000;-1.17870272;17.94055685;1.87087836;1.31718687;2.40346467;0.41023242;0.00000000;0.00000000
547;54.70000000;0.00000000;-1.25396857;18.00629376;1.87267607;1.31107853;2.43946610;0.34197122;0.00000000;0.00000000
548;54.80000000;0.00000000;-1.33127488;18.06962224;1.88256888;1.30941766;2.47185892;0.39274578;0.00000000;0.00000000
549;54.90000000;0.00000000;-1.41063872;18.13034846;1.89576475;1.30640787;2.51801525;0.45203027;0.00000000;0.00000000
550;55.00000000;0.00000000;-1.49345456;18.18628190;1.90671038;1.30342613;2.56226497;0.37679867;0.00000000;0.00000000
551;55.10000000;0.00000000;-1.57787668;18.23975686;1.90903728;1.30516516;2.59337499;0.33721985;0.00000000;0.00000000
552;55.20000000;0.00000000;-1.66399859;18.29042557;1.90986784;1.31126073;2.62970894;0.36122393;0.00000000;0.00000000
553;55.30000000;0.00000000;-1.75207945;18.33762998;1.86281351;1.32095496;2.66561977;0.37286028;0.00000000;0.00000000
554;55.40000000;0.00000000;-1.84161368;18.38198666;1.81826480;1.33492274;2.70428100;0.42840558;0.00000000;0.00000000
555;55.50000000;0.00000000;-1.93306038;18.42223865;1.77789439;1.35171524;2.75130089;0.46219441;0.00000000;0.00000000
556;55.60000000;0.00000000;-2.02635623;18.45798901;1.74207657;1.37086529;2.79671988;0.41039785;0.00000000;0.00000000
557;55.70000000;0.00000000;-2.12108599;18.48978288;1.71024596;1.39287209;2.83338046;0.33937355;0.00000000;0.00000000
558;55.80000000;0.00000000;-2.21676814;18.51860805;1.68140176;1.41861055;2.86459459;0.30544240;0.00000000;0.00000000
559;55.90000000;0.00000000;-2.31329870;18.54443029;1.65557171;1.44785189;2.89446894;0.27761264;0.00000000;0.00000000
560;56.00000000;0.00000000;-2.41053223;18.56749092;1.63250981;1.48061722;2.92011712;0.23060239;0.00000000;0.00000000
561;56.10000000;0.00000000;-2.50826766;18.58833131;1.61167174;1.51118689;2.94058942;0.19008818;0.00000000;0.00000000
562;56.20000000;0.00000000;-2.60636837;18.60739345;1.59261395;1.54587638;2.95813475;0.17095786;0.00000000;0.00000000
563;56.30000000;0.00000000;-2.70477606;18.62479230;1.57522048;1.58457907;2.97478099;0.15459166;0.00000000;0.00000000
564;56.40000000;0.00000000;-2.80345785;18.64057866;1.55943979;1.62704935;2.98905308;0.12574005;0.00000000;0.00000000
565;56.50000000;0.00000000;-2.90232549;18.65516233;1.54486189;1.65543311;2.99992900;0.09415544;0.00000000;0.00000000
566;56.60000000;0.00000000;-3.00132916;18.66879886;1.53123114;1.66904993;3.00788417;0.07151560;0.00000000;0.00000000
567;56.70000000;0.00000000;-3.10041735;18.68180787;1.51822801;1.68204161;3.01423212;0.06328211;0.00000000;0.00000000
568;56.80000000;0.00000000;-3.19958645;18.69418643;1.50585530;1.69440499;3.02054060;0.05166231;0.00000000;0.00000000
569;56.90000000;0.00000000;-3.29883111;18.70594427;1.49410321;1.70614950;3.02456458;0.02850062;0.00000000;0.00000000
570;57.00000000;0.00000000;-3.39809666;18.71752434;1.48252912;1.71771709;3.02624072;0.00853821;0.00000000;0.00000000
571;57.10000000;0.00000000;-3.49738016;18.72894941;1.47111028;1.72913043;3.02627222;-0.00934330;0.00000000;0.00000000
572;57.20000000;0.00000000;-3.59664640;18.74052322;1.45954328;1.74069270;3.02437206;-0.02410171;0.00000000;0.00000000
573;57.30000000;0.00000000;-3.69588571;18.75232552;1.44774850;1.75248352;3.02145188;-0.03919145;0.00000000;0.00000000
574;57.40000000;0.00000000;-3.79508242;18.76447885;1.43560364;1.76462528;3.01653377;-0.06407541;0.00000000;0.00000000
575;57.50000000;0.00000000;-3.89419984;18.77725657;1.42283587;1.77739092;3.00863680;-0.09139012;0.00000000;0.00000000
576;57.60000000;0.00000000;-3.99319089;18.79097484;1.40912982;1.79109616;2.99825574;-0.11104124;0.00000000;0.00000000
577;57.70000000;0.00000000;-4.09202131;18.80580749;1.39431247;1.78888194;2.98642855;-0.13196407;0.00000000;0.00000000
578;57.80000000;0.00000000;-4.19065939;18.82186315;1.38048054;1.77723557;2.97186293;-0.15815334;0.00000000;0.00000000
579;57.90000000;0.00000000;-4.28901525;18.83956803;1.37009790;1.77283288;2.95479788;-0.18090414;0.00000000;0.00000000
580;58.00000000;0.00000000;-4.38704816;18.85898025;1.36018164;1.77579336;2.93568210;-0.20890638;0.00000000;0.00000000
581;58.10000000;0.00000000;-4.48465490;18.88043146;1.35548628;1.78642186;2.91301661;-0.23521015;0.00000000;0.00000000
582;58.20000000;0.00000000;-4.58170756;18.90426617;1.35570436;1.80493433;2.88864007;-0.26367597;0.00000000;0.00000000
583;58.30000000;0.00000000;-4.67815206;18.93044843;1.36085522;1.79000749;2.86028141;-0.31500855;0.00000000;0.00000000
584;58.40000000;0.00000000;-4.77369480;18.95974559;1.37006932;1.76816079;2.82563836;-0.35755924;0.00000000;0.00000000
585;58.50000000;0.00000000;-4.86809300;18.99254114;1.38282365;1.75540629;2.78876957;-0.39538504;0.00000000;0.00000000
586;58.60000000;0.00000000;-4.96121014;19.02879456;1.39899628;1.75196664;2.74656135;-0.45182640;0.00000000;0.00000000
587;58.70000000;0.00000000;-5.05249880;19.06942888;1.41741574;1.75033425;2.69840429;-0.49161930;0.00000000;0.00000000
588;58.80000000;0.00000000;-5.14168263;19.11446150;1.43782599;1.75255520;2.64823749;-0.46718693;0.00000000;0.00000000
589;58.90000000;0.00000000;-5.22844580;19.16403657;1.44169341;1.75457988;2.60496690;-0.42413513;0.00000000;0.00000000
590;59.00000000;0.00000000;-5.31341751;19.21661837;1.44117856;1.76134106;2.56341046;-0.47881150;0.00000000;0.00000000
591;59.10000000;0.00000000;-5.39574549;19.27321190;1.44278511;1.75185679;2.50920460;-0.54401741;0.00000000;0.00000000
592;59.20000000;0.00000000;-5.47451399;19.33466644;1.44528286;1.74191634;2.45460698;-0.55328455;0.00000000;0.00000000
593;59.30000000;0.00000000;-5.55020120;19.39990899;1.44979956;1.74255521;2.39854769;-0.58743385;0.00000000;0.00000000
594;59.40000000;0.00000000;-5.62160942;19.46980136;1.45087122;1.74935349;2.33712021;-0.61832146;0.00000000;0.00000000
595;59.50000000;0.00000000;-5.68872138;19.54381694;1.44999542;1.74265900;2.27488340;-0.62751996;0.00000000;0.00000000
596;59.60000000;0.00000000;-5.75089625;19.62202901;1.44952437;1.72929159;2.21161622;-0.64913699;0.00000000;0.00000000
597;59.70000000;0.00000000;-5.80811809;19.70390499;1.44977770;1.72498863;2.14505600;-0.66890522;0.00000000;0.00000000
598;59.80000000;0.00000000;-5.85935145;19.78965820;1.44977957;1.73357590;2.07783518;-0.66447432;0.00000000;0.00000000
599;59.90000000;0.00000000;-5.90509356;19.87848537;1.45037251;1.74329120;2.01216114;-0.66960335;0.00000000;0.00000000
600;60.00000000;0.00000000;-5.94466372;19.97023278;1.45102046;1.74425063;1.94391451;-0.68126774;0.00000000;0.00000000
601;60.10000000;0.00000000;-5.97789453;20.06446078;1.45174103;1.72223212;1.87590759;-0.67082490;0.00000000;0.00000000
602;60.20000000;0.00000000;-6.00465365;20.16070995;1.45255692;1.69543299;1.80974953;-0.63390215;0.00000000;0.00000000
603;60.30000000;0.00000000;-6.02516153;20.25849013;1.45380763;1.67490497;1.74912716;-0.58971074;0.00000000;0.00000000
604;60.40000000;0.00000000;-6.04008352;20.35727435;1.45624687;1.65997314;1.69180738;-0.57154532;0.00000000;0.00000000
605;60.50000000;0.00000000;-6.04927147;20.45675411;1.45499209;1.65078131;1.63481809;-0.55735194;0.00000000;0.00000000
606;60.60000000;0.00000000;-6.05286199;20.55659727;1.45315250;1.64718969;1.58033699;-0.53161188;0.00000000;0.00000000
607;60.70000000;0.00000000;-6.05117719;20.65649510;1.45146908;1.64887368;1.52849572;-0.50839297;0.00000000;0.00000000
608;60.80000000;0.00000000;-6.04441448;20.75618002;1.44613795;1.65563378;1.47865840;-0.48585627;0.00000000;0.00000000
609;60.90000000;0.00000000;-6.03279657;20.85542056;1.44282549;1.66724581;1.43132446;-0.46707595;0.00000000;0.00000000
610;61.00000000;0.00000000;-6.01664018;20.95402619;1.44184690;1.68339255;1.38524321;-0.45383726;0.00000000;0.00000000
611;61.10000000;0.00000000;-5.99593814;21.05177641;1.44316632;1.69582862;1.34055701;-0.43142041;0.00000000;0.00000000
612;61.20000000;0.00000000;-5.97104503;21.14854822;1.44709577;1.69090923;1.29895913;-0.40406342;0.00000000;0.00000000
613;61.30000000;0.00000000;-5.94229036;21.24424375;1.45390061;1.69588887;1.25974433;-0.37317523;0.00000000;0.00000000
614;61.40000000;0.00000000;-5.90989189;21.33876736;1.46370940;1.68210781;1.22432408;-0.33722071;0.00000000;0.00000000
615;61.50000000;0.00000000;-5.87443437;21.43219184;1.47701837;1.67311726;1.19230019;-0.31973091;0.00000000;0.00000000
616;61.60000000;0.00000000;-5.83605216;21.52444827;1.49381806;1.66336109;1.16037790;-0.31869594;0.00000000;0.00000000
617;61.70000000;0.00000000;-5.79470792;21.61541678;1.51389808;1.66158539;1.12856100;-0.31704127;0.00000000;0.00000000
618;61.80000000;0.00000000;-5.75053532;21.70504866;1.52426325;1.66892890;1.09696964;-0.32758911;0.00000000;0.00000000
619;61.90000000;0.00000000;-5.70352868;21.79322711;1.52651455;1.67081407;1.06304318;-0.31749530;0.00000000;0.00000000
620;62.00000000;0.00000000;-5.65337495;21.87966794;1.53170525;1.67384608;1.03347058;-0.27809669;0.00000000;0.00000000
621;62.10000000;0.00000000;-5.60123104;21.96492498;1.54106973;1.65047526;1.00742384;-0.26889748;0.00000000;0.00000000
622;62.20000000;0.00000000;-5.54664573;22.04863483;1.55395981;1.63128314;0.97969109;-0.27055949;0.00000000;0.00000000
623;62.30000000;0.00000000;-5.48986098;22.13086225;1.57051056;1.62068889;0.95331194;-0.26250900;0.00000000;0.00000000
624;62.40000000;0.00000000;-5.43094193;22.21157084;1.57040623;1.61883489;0.92718929;-0.25458080;0.00000000;0.00000000
625;62.50000000;0.00000000;-5.36994216;22.29071874;1.56388324;1.62573351;0.90239578;-0.22593916;0.00000000;0.00000000
626;62.60000000;0.00000000;-5.30708994;22.36841418;1.55797922;1.63740619;0.88200146;-0.21815839;0.00000000;0.00000000
627;62.70000000;0.00000000;-5.24290670;22.44501681;1.55408317;1.63488893;0.85876410;-0.25367115;0.00000000;0.00000000
628;62.80000000;0.00000000;-5.17651023;22.51971124;1.55368726;1.62902189;0.83126723;-0.26467749;0.00000000;0.00000000
629;62.90000000;0.00000000;-5.10821662;22.59266664;1.55698431;1.62572577;0.80582861;-0.23995142;0.00000000;0.00000000
630;63.00000000;0.00000000;-5.03811513;22.66388004;1.55777095;1.62493970;0.78327694;-0.21019806;0.00000000;0.00000000
631;63.10000000;0.00000000;-4.96660061;22.73368312;1.55656206;1.62615003;0.76378899;-0.20797307;0.00000000;0.00000000
632;63.20000000;0.00000000;-4.89377633;22.80211178;1.55360804;1.62922266;0.74168233;-0.24405913;0.00000000;0.00000000
633;63.30000000;0.00000000;-4.81924641;22.86868598;1.55455928;1.60846753;0.71497717;-0.24909494;0.00000000;0.00000000
634;63.40000000;0.00000000;-4.74286568;22.93313545;1.55911148;1.59652219;0.69186334;-0.22495268;0.00000000;0.00000000
635;63.50000000;0.00000000;-4.66533614;22.99619657;1.56823845;1.59257955;0.66998663;-0.22129805;0.00000000;0.00000000
636;63.60000000;0.00000000;-4.58621641;23.05723808;1.58109856;1.59746577;0.64760373;-0.21126731;0.00000000;0.00000000
637;63.70000000;0.00000000;-4.50594508;23.11676478;1.57365627;1.61043889;0.62773317;-0.21040368;0.00000000;0.00000000
638;63.80000000;0.00000000;-4.42446329;23.17461400;1.56503561;1.62712878;0.60552300;-0.22850814;0.00000000;0.00000000
639;63.90000000;0.00000000;-4.34163145;23.23051510;1.56039996;1.63876929;0.58203154;-0.23162692;0.00000000;0.00000000
640;64.00000000;0.00000000;-4.25751939;23.28447575;1.55983316;1.61300129;0.55919761;-0.21275836;0.00000000;0.00000000
641;64.10000000;0.00000000;-4.17221525;23.33654123;1.55830327;1.59530597;0.53947987;-0.19852278;0.00000000;0.00000000
642;64.20000000;0.00000000;-4.08603614;23.38714669;1.54914462;1.58542827;0.51949306;-0.21065427;0.00000000;0.00000000
643;64.30000000;0.00000000;-3.99872126;23.43576052;1.53734995;1.58410805;0.49734901;-0.21641827;0.00000000;0.00000000
644;64.40000000;0.00000000;-3.91039115;23.48249825;1.52986508;1.59120798;0.47620940;-0.20082649;0.00000000;0.00000000
645;64.50000000;0.00000000;-3.82110336;23.52737624;1.52679767;1.60657231;0.45718372;-0.17911674;0.00000000;0.00000000
646;64.60000000;0.00000000;-3.73105720;23.57072089;1.52855649;1.62959371;0.44038605;-0.17460074;0.00000000;0.00000000
647;64.70000000;0.00000000;-3.64031124;23.61257493;1.52940947;1.65988548;0.42226357;-0.18863418;0.00000000;0.00000000
648;64.80000000;0.00000000;-3.54875416;23.65262787;1.53456154;1.66106434;0.40265922;-0.19688931;0.00000000;0.00000000
649;64.90000000;0.00000000;-3.45643354;23.69089420;1.53989798;1.65672195;0.38288571;-0.18517031;0.00000000;0.00000000
650;65.00000000;0.00000000;-3.36336069;23.72729743;1.53607561;1.66040750;0.36562516;-0.16742708;0.00000000;0.00000000
651;65.10000000;0.00000000;-3.26977321;23.76235500;1.53047134;1.64656244;0.34940029;-0.18185686;0.00000000;0.00000000
652;65.20000000;0.00000000;-3.17557075;23.79571852;1.52438313;1.62607534;0.32925378;-0.17920097;0.00000000;0.00000000
653;65.30000000;0.00000000;-3.08065218;23.82697601;1.52261059;1.61374882;0.31356009;-0.13388854;0.00000000;0.00000000
654;65.40000000;0.00000000;-2.98544685;23.85736760;1.52475221;1.60846342;0.30247608;-0.13461659;0.00000000;0.00000000
655;65.50000000;0.00000000;-2.88985821;23.88651353;1.52777895;1.61068017;0.28663678;-0.17171736;0.00000000;0.00000000
656;65.60000000;0.00000000;-2.79374273;23.91387310;1.53546040;1.62092194;0.26813260;-0.18682233;0.00000000;0.00000000
657;65.70000000;0.00000000;-2.69714032;23.93946252;1.52994598;1.62073929;0.24927231;-0.19369192;0.00000000;0.00000000
658;65.80000000;0.00000000;-2.60006200;23.96317781;1.52261459;1.62418186;0.22939422;-0.19378907;0.00000000;0.00000000
659;65.90000000;0.00000000;-2.50251739;23.98490784;1.51978518;1.61963948;0.21051450;-0.18034863;0.00000000;0.00000000
660;66.00000000;0.00000000;-2.40460956;24.00494216;1.52178913;1.61004718;0.19332449;-0.17025658;0.00000000;0.00000000
661;66.10000000;0.00000000;-2.30637408;24.02330672;1.52863938;1.60832736;0.17646318;-0.16724624;0.00000000;0.00000000
662;66.20000000;0.00000000;-2.20784518;24.04002878;1.54030213;1.61447288;0.15987525;-0.16978694;0.00000000;0.00000000
663;66.30000000;0.00000000;-2.10905398;24.05512488;1.55541764;1.62837179;0.14250579;-0.17568951;0.00000000;0.00000000
664;66.40000000;0.00000000;-2.01000324;24.06841481;1.56872267;1.63219960;0.12473734;-0.17351736;0.00000000;0.00000000
665;66.50000000;0.00000000;-1.91073731;24.07999148;1.57477203;1.62064761;0.10780232;-0.16397079;0.00000000;0.00000000
666;66.60000000;0.00000000;-1.81129295;24.08991961;1.55592107;1.61073905;0.09194319;-0.10806007;0.00000000;0.00000000
667;66.70000000;0.00000000;-1.71171006;24.09834242;1.54182030;1.60233159;0.08619031;-0.05504575;0.00000000;0.00000000
668;66.80000000;0.00000000;-1.61215809;24.10712574;1.53447514;1.59356494;0.08093404;-0.09639921;0.00000000;0.00000000
669;66.90000000;0.00000000;-1.51249261;24.11450119;1.52660081;1.58620247;0.06691046;-0.13627551;0.00000000;0.00000000
670;67.00000000;0.00000000;-1.41273416;24.12048923;1.52327358;1.58022416;0.05367893;-0.12535593;0.00000000;0.00000000
671;67.10000000;0.00000000;-1.31290838;24.12522496;1.52524401;1.57549568;0.04183928;-0.11009670;0.00000000;0.00000000
672;67.20000000;0.00000000;-1.21303601;24.12884934;1.52886795;1.57187667;0.03165959;-0.09485137;0.00000000;0.00000000
673;67.30000000;0.00000000;-1.11313431;24.13155184;1.53157018;1.56917826;0.02286900;-0.08192310;0.00000000;0.00000000
674;67.40000000;0.00000000;-1.01321342;24.13341988;1.53343805;1.56731334;0.01527497;-0.06801426;0.00000000;0.00000000
675;67.50000000;0.00000000;-0.91328197;24.13460481;1.53462288;1.56613090;0.00926615;-0.05662580;0.00000000;0.00000000
676;67.60000000;0.00000000;-0.81334561;24.13527194;1.53528993;1.56546588;0.00394981;-0.05512607;0.00000000;0.00000000
677;67.70000000;0.00000000;-0.71340713;24.13539428;1.53541222;1.56534531;-0.00175906;-0.05457548;0.00000000;0.00000000
678;67.80000000;0.00000000;-0.61346974;24.13492034;1.53493822;1.56582079;-0.00696528;-0.04355444;0.00000000;0.00000000
679;67.90000000;0.00000000;-0.51353533;24.13400210;1.53401991;1.56674046;-0.01046995;-0.06799736;0.00000000;0.00000000
680;68.00000000;0.00000000;-0.41360353;24.13282768;1.53284541;1.56791626;-0.02056476;-0.10286997;0.00000000;0.00000000
681;68.10000000;0.00000000;-0.31371028;24.12989217;1.53365693;1.57085351;-0.03104394;-0.02069295;0.00000000;0.00000000
682;68.20000000;0.00000000;-0.21382501;24.12662377;1.54063196;1.57412372;-0.02470335;0.03829390;0.00000000;0.00000000
683;68.30000000;0.00000000;-0.11390230;24.12495524;1.55559168;1.57579368;-0.02338516;-0.03122728;0.00000000;0.00000000
684;68.40000000;0.00000000;-0.01401081;24.12195023;1.57545660;1.56785189;-0.03094880;-0.07732325;0.00000000;0.00000000
685;68.50000000;0.00000000;0.08587731;24.11877032;1.60115629;1.54137978;-0.03884981;-0.07400389;0.00000000;0.00000000
686;68.60000000;0.00000000;0.18570924;24.11418724;1.61491637;1.52241099;-0.04574958;-0.06355672;0.00000000;0.00000000
687;68.70000000;0.00000000;0.28554392;24.10962928;1.61035700;1.50980706;-0.05156116;-0.09470835;0.00000000;0.00000000
688;68.80000000;0.00000000;0.38531621;24.10388614;1.60461112;1.50494021;-0.06469125;-0.09604706;0.00000000;0.00000000
689;68.90000000;0.00000000;0.48499555;24.09670848;1.59742856;1.50718092;-0.07077057;0.02948123;0.00000000;0.00000000
690;69.00000000;0.00000000;0.58469175;24.08975262;1.59046822;1.51027202;-0.05879500;0.09810918;0.00000000;0.00000000
691;69.10000000;0.00000000;0.68451172;24.08496439;1.58567824;1.51506117;-0.05114873;-0.00779780;0.00000000;0.00000000
692;69.20000000;0.00000000;0.78430184;24.07953390;1.58024540;1.52049275;-0.06035456;-0.10557102;0.00000000;0.00000000
693;69.30000000;0.00000000;0.88401976;24.07290852;1.57361605;1.52711964;-0.07226294;-0.07750468;0.00000000;0.00000000
694;69.40000000;0.00000000;0.98365227;24.06510313;1.57197551;1.53492711;-0.07585550;-0.02245795;0.00000000;0.00000000
695;69.50000000;0.00000000;1.08332054;24.05776140;1.57714415;1.54227074;-0.07675453;-0.00757469;0.00000000;0.00000000
696;69.60000000;0.00000000;1.18293920;24.04977684;1.58795730;1.55025757;-0.07737044;0.03082372;0.00000000;0.00000000
697;69.70000000;0.00000000;1.28259830;24.04231235;1.60544337;1.55772414;-0.07058979;0.04068121;0.00000000;0.00000000
698;69.80000000;0.00000000;1.38231616;24.03567944;1.62697789;1.56435879;-0.06923419;-0.02820139;0.00000000;0.00000000
699;69.90000000;0.00000000;1.48199507;24.02848518;1.62853679;1.57155509;-0.07623006;-0.07604864;0.00000000;0.00000000
700;70.00000000;0.00000000;1.58161036;24.02045774;1.62051234;1.57958506;-0.08444392;-0.08066526;0.00000000;0.00000000
701;70.10000000;0.00000000;1.68115769;24.01162702;1.61168532;1.58841885;-0.09236312;-0.04301168;0.00000000;0.00000000
702;70.20000000;0.00000000;1.78063341;24.00202289;1.60208570;1.59802668;-0.09304626;-0.00147694;0.00000000;0.00000000
703;70.30000000;0.00000000;1.88016832;23.99305620;1.59312313;1.57898781;-0.09265850;-0.03483003;0.00000000;0.00000000
704;70.40000000;0.00000000;1.97965122;23.98352925;1.58360098;1.56143816;-0.10001226;-0.04285045;0.00000000;0.00000000
705;70.50000000;0.00000000;2.07904357;23.97309965;1.57317733;1.55104997;-0.10122859;0.00431322;0.00000000;0.00000000
706;70.60000000;0.00000000;2.17850273;23.96333075;1.56557229;1.54639711;-0.09914962;-0.01013171;0.00000000;0.00000000
707;70.70000000;0.00000000;2.27793795;23.95331448;1.56407930;1.54844302;-0.10325493;-0.01494477;0.00000000;0.00000000
708;70.80000000;0.00000000;2.37731424;23.94272921;1.56839335;1.55748251;-0.10213857;0.01867732;0.00000000;0.00000000
709;70.90000000;0.00000000;2.47677063;23.93293507;1.57982048;1.56726662;-0.09951947;-0.01048589;0.00000000;0.00000000
710;71.00000000;0.00000000;2.57620083;23.92287052;1.59716434;1.57069524;-0.10423575;-0.05601470;0.00000000;0.00000000
711;71.10000000;0.00000000;2.67556126;23.91213861;1.61229550;1.55005049;-0.11072241;-0.06259817;0.00000000;0.00000000
712;71.20000000;0.00000000;2.77485262;23.90078499;1.60093386;1.53626656;-0.11675538;-0.05807339;0.00000000;0.00000000
713;71.30000000;0.00000000;2.87407642;23.88885500;1.59346302;1.52948431;-0.12233709;-0.02228767;0.00000000;0.00000000
714;71.40000000;0.00000000;2.97323494;23.87639367;1.59170684;1.52975215;-0.12121292;0.02101090;0.00000000;0.00000000
715;71.50000000;0.00000000;3.07248414;23.86468694;1.59697563;1.53577729;-0.11813491;-0.00369265;0.00000000;0.00000000
716;71.60000000;0.00000000;3.17171732;23.85283628;1.60830535;1.54764316;-0.12195145;-0.04873869;0.00000000;0.00000000
717;71.70000000;0.00000000;3.27087538;23.84037218;1.62510564;1.56012429;-0.12788265;-0.05679174;0.00000000;0.00000000
718;71.80000000;0.00000000;3.36996112;23.82734523;1.62786702;1.57317013;-0.13330980;-0.05176672;0.00000000;0.00000000
719;71.90000000;0.00000000;3.46897815;23.81380558;1.61435586;1.56274267;-0.13823599;-0.01792137;0.00000000;0.00000000
720;72.00000000;0.00000000;3.56793084;23.79980303;1.60080967;1.55281847;-0.13689407;0.02602912;0.00000000;0.00000000
721;72.10000000;0.00000000;3.66698229;23.78652939;1.59416339;1.54326156;-0.13303017;0.00687148;0.00000000;0.00000000
722;72.20000000;0.00000000;3.76604008;23.77329195;1.58903418;1.54010681;-0.13551977;-0.03779638;0.00000000;0.00000000
723;72.30000000;0.00000000;3.86502574;23.75952507;1.58833239;1.54396338;-0.14058944;-0.04793605;0.00000000;0.00000000
724;72.40000000;0.00000000;3.96394435;23.74528392;1.59343156;1.55472419;-0.14510698;-0.04243142;0.00000000;0.00000000
725;72.50000000;0.00000000;4.06280170;23.73062326;1.60433074;1.56938868;-0.14907573;-0.01093151;0.00000000;0.00000000
726;72.60000000;0.00000000;4.16160425;23.71559739;1.61561544;1.58441936;-0.14729329;0.03376908;0.00000000;0.00000000
727;72.70000000;0.00000000;4.26051111;23.70128955;1.60131317;1.56971651;-0.14232191;0.02103544;0.00000000;0.00000000
728;72.80000000;0.00000000;4.35945806;23.68724678;1.58727651;1.55682968;-0.14308620;-0.02337302;0.00000000;0.00000000
729;72.90000000;0.00000000;4.45834506;23.67278746;1.57530664;1.55071184;-0.14699651;-0.03610308;0.00000000;0.00000000
730;73.00000000;0.00000000;4.55717928;23.65797128;1.56926061;1.55138311;-0.15030682;-0.03011744;0.00000000;0.00000000
731;73.10000000;0.00000000;4.65596848;23.64285758;1.56926675;1.55877525;-0.15302000;-0.02415856;0.00000000;0.00000000
732;73.20000000;0.00000000;4.75472093;23.62750530;1.57538429;1.57273478;-0.15513853;-0.01822175;0.00000000;0.00000000
733;73.30000000;0.00000000;4.85344527;23.61197314;1.58760117;1.56035598;-0.15666435;0.00961393;0.00000000;0.00000000
734;73.40000000;0.00000000;4.95215046;23.59631958;1.59650834;1.55094221;-0.15321574;0.03104612;0.00000000;0.00000000
735;73.50000000;0.00000000;5.05097619;23.58146923;1.58627706;1.54712456;-0.15045513;-0.02328773;0.00000000;0.00000000
736;73.60000000;0.00000000;5.14976077;23.56636170;1.58204330;1.55001505;-0.15787329;-0.07567731;0.00000000;0.00000000
737;73.70000000;0.00000000;5.24835857;23.55004633;1.58289437;1.55603829;-0.16559059;-0.05313577;0.00000000;0.00000000
738;73.80000000;0.00000000;5.34690362;23.53341501;1.58701473;1.56706907;-0.16850044;-0.02615176;0.00000000;0.00000000
739;73.90000000;0.00000000;5.44540490;23.51652609;1.59394480;1.58399024;-0.17082094;-0.00207495;0.00000000;0.00000000
740;74.00000000;0.00000000;5.54387177;23.49943760;1.59998606;1.60111252;-0.16891543;0.04383932;0.00000000;0.00000000
741;74.10000000;0.00000000;5.64243374;23.48292470;1.58351623;1.59795169;-0.16205308;0.04804054;0.00000000;0.00000000
742;74.20000000;0.00000000;5.74112582;23.46718918;1.56816703;1.58496340;-0.15930732;0.00336376;0.00000000;0.00000000
743;74.30000000;0.00000000;5.83977996;23.45121731;1.55884652;1.57844829;-0.16138032;-0.01751170;0.00000000;0.00000000
744;74.40000000;0.00000000;5.93840601;23.43507275;1.55572752;1.57842218;-0.16280966;-0.01108251;0.00000000;0.00000000
745;74.50000000;0.00000000;6.03701413;23.41881891;1.55891141;1.58482144;-0.16359683;0.01007279;0.00000000;0.00000000
746;74.60000000;0.00000000;6.13561467;23.40251910;1.56842338;1.59750554;-0.16079510;0.05714095;0.00000000;0.00000000
747;74.70000000;0.00000000;6.23430887;23.38681862;1.58478993;1.58407838;-0.15216864;0.05385665;0.00000000;0.00000000
748;74.80000000;0.00000000;6.33317592;23.37222226;1.57474773;1.57188043;-0.15002377;-0.04065619;0.00000000;0.00000000
749;74.90000000;0.00000000;6.43193595;23.35694540;1.56824460;1.56666685;-0.16029988;-0.08936899;0.00000000;0.00000000
750;75.00000000;0.00000000;6.53048214;23.34032038;1.56673166;1.56918229;-0.16789757;-0.04407347;0.00000000;0.00000000
751;75.10000000;0.00000000;6.62900269;23.32354393;1.57143227;1.57818814;-0.16911457;0.00221719;0.00000000;0.00000000
752;75.20000000;0.00000000;6.72750815;23.30667909;1.58235433;1.59351152;-0.16745413;0.04963060;0.00000000;0.00000000
753;75.30000000;0.00000000;6.82608106;23.29023038;1.59040762;1.60061186;-0.15918845;0.06933905;0.00000000;0.00000000
754;75.40000000;0.00000000;6.92485183;23.27499618;1.57675374;1.58627104;-0.15358632;0.02421549;0.00000000;0.00000000
755;75.50000000;0.00000000;7.02360567;23.25965249;1.56599934;1.57696248;-0.15434535;-0.00409537;0.00000000;0.00000000
756;75.60000000;0.00000000;7.12235322;23.24426836;1.56153875;1.57399805;-0.15440540;-0.00675100;0.00000000;0.00000000
757;75.70000000;0.00000000;7.22110521;23.22891281;1.56349556;1.57734381;-0.15569555;-0.04092234;0.00000000;0.00000000
758;75.80000000;0.00000000;7.31981027;23.21327433;1.57153187;1.58727261;-0.16258987;-0.02792718;0.00000000;0.00000000
759;75.90000000;0.00000000;7.41833902;23.19655899;1.58476213;1.58492796;-0.16128099;0.03693049;0.00000000;0.00000000
760;76.00000000;0.00000000;7.51708713;23.18117855;1.58218934;1.57135491;-0.15520377;0.02522293;0.00000000;0.00000000
761;76.10000000;0.00000000;7.61581390;23.16566166;1.57334350;1.56420044;-0.15623640;-0.00683519;0.00000000;0.00000000
762;76.20000000;0.00000000;7.71453004;23.15007731;1.57075059;1.56348289;-0.15657081;-0.00566328;0.00000000;0.00000000
763;76.30000000;0.00000000;7.81324642;23.13449439;1.57451107;1.56914163;-0.15736906;-0.04720928;0.00000000;0.00000000
764;76.40000000;0.00000000;7.91193589;23.11875273;1.58441844;1.58126851;-0.16601266;-0.07901701;0.00000000;0.00000000
765;76.50000000;0.00000000;8.01036814;23.10146571;1.59897698;1.58632354;-0.17317246;0.00693237;0.00000000;0.00000000
766;76.60000000;0.00000000;8.10882254;23.08431242;1.58434288;1.57636124;-0.16462619;0.07953388;0.00000000;0.00000000
767;76.70000000;0.00000000;8.20753588;23.06871029;1.56874937;1.57112648;-0.15726568;0.03347099;0.00000000;0.00000000
768;76.80000000;0.00000000;8.30623333;23.05300797;1.55547215;1.57077567;-0.15793199;-0.00317639;0.00000000;0.00000000
769;76.90000000;0.00000000;8.40492579;23.03727431;1.54851214;1.57234058;-0.15790096;0.00379788;0.00000000;0.00000000
770;77.00000000;0.00000000;8.50362421;23.02157811;1.54653537;1.58019932;-0.15717241;0.01071671;0.00000000;0.00000000
771;77.10000000;0.00000000;8.60233949;23.00598827;1.54644874;1.58682882;-0.15575762;0.01213606;0.00000000;0.00000000
772;77.20000000;0.00000000;8.70108194;22.99057142;1.55298183;1.57113821;-0.15474520;0.00264790;0.00000000;0.00000000
773;77.30000000;0.00000000;8.79982858;22.97518149;1.56590587;1.56167071;-0.15522804;-0.00680544;0.00000000;0.00000000
774;77.40000000;0.00000000;8.89855609;22.95966929;1.55981857;1.55869073;-0.15610629;-0.00523677;0.00000000;0.00000000
775;77.50000000;0.00000000;8.99727555;22.94410594;1.54878798;1.56216361;-0.15627539;0.00179936;0.00000000;0.00000000
776;77.60000000;0.00000000;9.09599781;22.92856035;1.54417793;1.57197739;-0.15574642;0.00878234;0.00000000;0.00000000
777;77.70000000;0.00000000;9.19473368;22.91310144;1.54611553;1.57233811;-0.15451892;0.01055446;0.00000000;0.00000000
778;77.80000000;0.00000000;9.29349380;22.89779826;1.55464566;1.55841193;-0.15363553;0.00166949;0.00000000;0.00000000
779;77.90000000;0.00000000;9.39225683;22.88251383;1.56952448;1.55079497;-0.15418503;-0.00781113;0.00000000;0.00000000
780;78.00000000;0.00000000;9.49100007;22.86710212;1.56809429;1.54972804;-0.15519775;-0.00700047;0.00000000;0.00000000
781;78.10000000;0.00000000;9.58973194;22.85161768;1.55929243;1.55516962;-0.15558512;-0.00038163;0.00000000;0.00000000
782;78.20000000;0.00000000;9.68846321;22.83612947;1.55686533;1.56698289;-0.15527408;0.00660360;0.00000000;0.00000000
783;78.30000000;0.00000000;9.78720469;22.82070645;1.56091236;1.57931669;-0.15426440;-0.02755288;0.00000000;0.00000000
784;78.40000000;0.00000000;9.88596703;22.80541766;1.57145268;1.59461226;-0.16078465;-0.07337017;0.00000000;0.00000000
785;78.50000000;0.00000000;9.98449726;22.78870863;1.58182037;1.61133043;-0.16893843;-0.00760760;0.00000000;0.00000000
786;78.60000000;0.00000000;10.08299717;22.77181137;1.57184540;1.59917479;-0.16230617;0.07845017;0.00000000;0.00000000
787;78.70000000;0.00000000;10.18173977;22.75641084;1.55891309;1.58788187;-0.15324840;0.05347331;0.00000000;0.00000000
788;78.80000000;0.00000000;10.28052960;22.74130062;1.55261365;1.58253633;-0.15161151;0.01158912;0.00000000;0.00000000
789;78.90000000;0.00000000;10.37932442;22.72622308;1.55276733;1.58345968;-0.15093057;-0.02707142;0.00000000;0.00000000
790;79.00000000;0.00000000;10.47813473;22.71124741;1.55944186;1.59057138;-0.15702580;-0.07247042;0.00000000;0.00000000
791;79.10000000;0.00000000;10.57673587;22.69496707;1.57114676;1.59762158;-0.16542466;-0.01709818;0.00000000;0.00000000
792;79.20000000;0.00000000;10.67528071;22.67833383;1.57850909;1.58329234;-0.16044543;0.06902975;0.00000000;0.00000000
793;79.30000000;0.00000000;10.77403864;22.66303628;1.56781480;1.57383546;-0.15161871;0.05443625;0.00000000;0.00000000
794;79.40000000;0.00000000;10.87286174;22.64814516;1.56385962;1.57028115;-0.14955818;0.01206705;0.00000000;0.00000000
795;79.50000000;0.00000000;10.97168487;22.63325428;1.56628441;1.57308056;-0.14920530;-0.02666606;0.00000000;0.00000000
796;79.60000000;0.00000000;11.07051844;22.61843292;1.57512924;1.58213045;-0.15489139;-0.07163645;0.00000000;0.00000000
797;79.70000000;0.00000000;11.16916265;22.60241969;1.58902929;1.59817426;-0.16353259;-0.05497765;0.00000000;0.00000000
798;79.80000000;0.00000000;11.26772534;22.58589257;1.58694236;1.58876881;-0.16588692;-0.00768216;0.00000000;0.00000000
799;79.90000000;0.00000000;11.36629624;22.56941450;1.57717788;1.58225484;-0.16506902;0.03874171;0.00000000;0.00000000
800;80.00000000;0.00000000;11.46488581;22.55304864;1.56804542;1.57699744;-0.15813858;0.08423527;0.00000000;0.00000000
801;80.10000000;0.00000000;11.56367154;22.53793903;1.56614061;1.57579386;-0.14822197;0.03989102;0.00000000;0.00000000
802;80.20000000;0.00000000;11.66256631;22.52353157;1.57131364;1.58021121;-0.15016038;-0.05468337;0.00000000;0.00000000
803;80.30000000;0.00000000;11.76129306;22.50803904;1.58170493;1.59199279;-0.15915864;-0.06234863;0.00000000;0.00000000
804;80.40000000;0.00000000;11.85991254;22.49185428;1.59187533;1.57965154;-0.16263010;-0.01542131;0.00000000;0.00000000
805;80.50000000;0.00000000;11.95853310;22.47567605;1.57826135;1.56888624;-0.16224290;0.03113571;0.00000000;0.00000000
806;80.60000000;0.00000000;12.05716508;22.45956766;1.57097050;1.56437311;-0.15640296;0.07707920;0.00000000;0.00000000
807;80.70000000;0.00000000;12.15596365;22.44454306;1.57111610;1.56514127;-0.14682706;0.04348220;0.00000000;0.00000000
808;80.80000000;0.00000000;12.25488603;22.43032645;1.57841857;1.57146085;-0.14770652;-0.05115222;0.00000000;0.00000000
809;80.90000000;0.00000000;12.35365810;22.41512807;1.59099281;1.58505219;-0.15705751;-0.06957385;0.00000000;0.00000000
810;81.00000000;0.00000000;12.45229732;22.39906405;1.59927146;1.57185985;-0.16162129;-0.02303625;0.00000000;0.00000000
811;81.10000000;0.00000000;12.55093068;22.38296407;1.58315269;1.56289324;-0.16166476;0.00277610;0.00000000;0.00000000
812;81.20000000;0.00000000;12.64956851;22.36689148;1.56706209;1.56026156;-0.16106607;0.00920074;0.00000000;0.00000000
813;81.30000000;0.00000000;12.74822106;22.35090962;1.55568588;1.56393273;-0.15982461;0.03530149;0.00000000;0.00000000
814;81.40000000;0.00000000;12.84689845;22.33508199;1.55083638;1.57129771;-0.15400578;0.08189350;0.00000000;0.00000000
815;81.50000000;0.00000000;12.94572560;22.32025000;1.55342388;1.58032537;-0.14344591;0.06260001;0.00000000;0.00000000
816;81.60000000;0.00000000;13.04471526;22.30650973;1.55961175;1.59408787;-0.14148577;-0.03217253;0.00000000;0.00000000
817;81.70000000;0.00000000;13.14360081;22.29206515;1.56933273;1.58970508;-0.14988041;-0.06490202;0.00000000;0.00000000
818;81.80000000;0.00000000;13.24234585;22.27666496;1.57723125;1.57613508;-0.15446618;-0.01884900;0.00000000;0.00000000
819;81.90000000;0.00000000;13.34109847;22.26131348;1.56233364;1.56877733;-0.15365021;0.02807444;0.00000000;0.00000000
820;82.00000000;0.00000000;13.43986849;22.24607446;1.55384783;1.56765481;-0.14885129;0.07512374;0.00000000;0.00000000
821;82.10000000;0.00000000;13.53875954;22.23167213;1.55261041;1.57205123;-0.13862546;0.06552909;0.00000000;0.00000000
822;82.20000000;0.00000000;13.63782056;22.21845612;1.55899012;1.58157053;-0.13574547;-0.02939923;0.00000000;0.00000000
823;82.30000000;0.00000000;13.73679360;22.20462356;1.57109565;1.56709049;-0.14450531;-0.07184975;0.00000000;0.00000000
824;82.40000000;0.00000000;13.83560790;22.18967418;1.58830200;1.55494514;-0.15011542;-0.02609741;0.00000000;0.00000000
825;82.50000000;0.00000000;13.93442320;22.17473144;1.58632769;1.54915811;-0.14972479;0.00714284;0.00000000;0.00000000
826;82.60000000;0.00000000;14.03324914;22.15985926;1.58664021;1.54973603;-0.14868685;0.01362123;0.00000000;0.00000000
827;82.70000000;0.00000000;14.13209521;22.14512168;1.59336934;1.55660742;-0.14700055;0.01842075;0.00000000;0.00000000
828;82.80000000;0.00000000;14.23097069;22.13058290;1.60649844;1.56962559;-0.14500270;0.01606110;0.00000000;0.00000000
829;82.90000000;0.00000000;14.32987489;22.11624039;1.61649344;1.57337210;-0.14378833;0.00600497;0.00000000;0.00000000
830;83.00000000;0.00000000;14.42878545;22.10194179;1.60217886;1.55998956;-0.14380171;-0.00079737;0.00000000;0.00000000
831;83.10000000;0.00000000;14.52768927;22.08759663;1.58781801;1.54933915;-0.14394780;0.00178567;0.00000000;0.00000000
832;83.20000000;0.00000000;14.62659565;22.07326913;1.57424938;1.54507494;-0.14344458;0.01884632;0.00000000;0.00000000
833;83.30000000;0.00000000;14.72551384;22.05902352;1.56477219;1.54718491;-0.14017854;0.05526451;0.00000000;0.00000000
834;83.40000000;0.00000000;14.82450835;22.04534286;1.56221610;1.55515860;-0.13239168;0.02705956;0.00000000;0.00000000
835;83.50000000;0.00000000;14.92363320;22.03263984;1.56702963;1.56787970;-0.13476662;-0.05079817;0.00000000;0.00000000
836;83.60000000;0.00000000;15.02256495;22.01848867;1.57672240;1.58205369;-0.14255131;-0.04205214;0.00000000;0.00000000
837;83.70000000;0.00000000;15.12148322;22.00424346;1.59254625;1.57743958;-0.14317705;-0.00300949;0.00000000;0.00000000
838;83.80000000;0.00000000;15.22039719;21.98996848;1.59113874;1.56265494;-0.14315321;0.00348683;0.00000000;0.00000000
839;83.90000000;0.00000000;15.31931614;21.97572798;1.58382466;1.55413405;-0.14247969;0.00161749;0.00000000;0.00000000
840;84.00000000;0.00000000;15.41824923;21.96158627;1.58289921;1.55191514;-0.14282971;-0.03413604;0.00000000;0.00000000
841;84.10000000;0.00000000;15.51715612;21.94727682;1.58810483;1.55629381;-0.14930690;-0.02396818;0.00000000;0.00000000
842;84.20000000;0.00000000;15.61589569;21.93185503;1.59843571;1.56815959;-0.14762335;0.04274063;0.00000000;0.00000000
843;84.30000000;0.00000000;15.71485225;21.91787839;1.61632831;1.56815992;-0.14075877;0.03148152;0.00000000;0.00000000
844;84.40000000;0.00000000;15.81379630;21.90381334;1.60669233;1.55493675;-0.14132705;-0.00243140;0.00000000;0.00000000
845;84.50000000;0.00000000;15.91273692;21.88972424;1.60164975;1.54808970;-0.14124505;0.00407217;0.00000000;0.00000000
846;84.60000000;0.00000000;16.01168327;21.87567542;1.60056563;1.54763845;-0.14051261;0.01003470;0.00000000;0.00000000
847;84.70000000;0.00000000;16.11064441;21.86173127;1.60216808;1.54767917;-0.13923811;0.00996295;0.00000000;0.00000000
848;84.80000000;0.00000000;16.20962625;21.84793471;1.61013269;1.55370850;-0.13852002;-0.00012018;0.00000000;0.00000000
849;84.90000000;0.00000000;16.30860732;21.83413270;1.62421361;1.56611045;-0.13926214;-0.00922885;0.00000000;0.00000000
850;85.00000000;0.00000000;16.40756857;21.82018924;1.62049859;1.58003408;-0.14036579;-0.00778258;0.00000000;0.00000000
851;85.10000000;0.00000000;16.50651895;21.80616878;1.60646143;1.58609417;-0.14081866;-0.00127641;0.00000000;0.00000000
852;85.20000000;0.00000000;16.60546753;21.79213569;1.59241194;1.56911315;-0.14062107;0.00357771;0.00000000;0.00000000
853;85.30000000;0.00000000;16.70442344;21.77815434;1.58338872;1.55831657;-0.14010312;-0.03821881;0.00000000;0.00000000
854;85.40000000;0.00000000;16.80338600;21.76422383;1.58069652;1.55383435;-0.14826483;-0.08205859;0.00000000;0.00000000
855;85.50000000;0.00000000;16.90210052;21.74862912;1.58263680;1.55745180;-0.15651484;0.00379064;0.00000000;0.00000000
856;85.60000000;0.00000000;17.00082014;21.73306763;1.59089872;1.56741251;-0.14750670;0.08730515;0.00000000;0.00000000
857;85.70000000;0.00000000;17.09979957;21.71925382;1.60708841;1.56377887;-0.13905381;0.04005199;0.00000000;0.00000000
858;85.80000000;0.00000000;17.19876828;21.70536340;1.60666666;1.54848894;-0.13949631;-0.00114019;0.00000000;0.00000000
859;85.90000000;0.00000000;17.29773545;21.69146199;1.59985667;1.53955878;-0.13928184;-0.04116172;0.00000000;0.00000000
860;86.00000000;0.00000000;17.39671012;21.67761402;1.59932893;1.53703419;-0.14772865;-0.08830304;0.00000000;0.00000000
861;86.10000000;0.00000000;17.49542781;21.66204284;1.60329908;1.54273702;-0.15694245;-0.00812837;0.00000000;0.00000000
862;86.20000000;0.00000000;17.59413050;21.64637347;1.61336315;1.55495392;-0.14935432;0.07770728;0.00000000;0.00000000
863;86.30000000;0.00000000;17.69307283;21.63230224;1.62548378;1.56770659;-0.14140100;0.03721135;0.00000000;0.00000000
864;86.40000000;0.00000000;17.79201226;21.61820480;1.61820420;1.58180768;-0.14191205;-0.00472225;0.00000000;0.00000000
865;86.50000000;0.00000000;17.89094097;21.60403233;1.60403222;1.59598448;-0.14234544;-0.00108430;0.00000000;0.00000000
866;86.60000000;0.00000000;17.98986815;21.58984914;1.58985020;1.58065075;-0.14212891;0.00541543;0.00000000;0.00000000
867;86.70000000;0.00000000;18.08880300;21.57571951;1.57867849;1.56804189;-0.14126236;-0.03027313;0.00000000;0.00000000
868;86.80000000;0.00000000;18.18775460;21.56170780;1.57390541;1.56162021;-0.14818354;-0.07689676;0.00000000;0.00000000
869;86.90000000;0.00000000;18.28648278;21.54621032;1.57396881;1.56308234;-0.15664171;-0.00879093;0.00000000;0.00000000
870;87.00000000;0.00000000;18.38518322;21.53052680;1.58017750;1.57110085;-0.14994173;0.07704101;0.00000000;0.00000000
871;87.10000000;0.00000000;18.48410977;21.51635370;1.59415191;1.57584194;-0.14123351;0.04860945;0.00000000;0.00000000
872;87.20000000;0.00000000;18.58306838;21.50239146;1.60272259;1.55871144;-0.14021984;0.00616134;0.00000000;0.00000000
873;87.30000000;0.00000000;18.68202549;21.48841866;1.59385739;1.54786735;-0.14000124;-0.03346529;0.00000000;0.00000000
874;87.40000000;0.00000000;18.78099019;21.47449969;1.59128613;1.54337715;-0.14691290;-0.07969071;0.00000000;0.00000000
875;87.50000000;0.00000000;18.87974224;21.45916072;1.59355172;1.54678368;-0.15593938;-0.02065703;0.00000000;0.00000000
876;87.60000000;0.00000000;18.97843955;21.44345753;1.60169467;1.55697744;-0.15104430;0.06517061;0.00000000;0.00000000
877;87.70000000;0.00000000;19.07733698;21.42908611;1.61731316;1.57137096;-0.14290526;0.04581431;0.00000000;0.00000000
878;87.80000000;0.00000000;19.17627680;21.41499151;1.61531609;1.58548704;-0.14188144;0.00297149;0.00000000;0.00000000
879;87.90000000;0.00000000;19.27520598;21.40082226;1.60117071;1.59967834;-0.14231096;-0.00104565;0.00000000;0.00000000
880;88.00000000;0.00000000;19.37413367;21.38664267;1.58799326;1.58514297;-0.14209057;0.00545428;0.00000000;0.00000000
881;88.10000000;0.00000000;19.47306908;21.37251703;1.58001016;1.57649966;-0.14122011;-0.02258211;0.00000000;0.00000000
882;88.20000000;0.00000000;19.57202129;21.35850969;1.57335787;1.57074203;-0.14660699;-0.06829831;0.00000000;0.00000000
883;88.30000000;0.00000000;19.67079581;21.34331942;1.57184356;1.56985481;-0.15487977;-0.02132157;0.00000000;0.00000000
884;88.40000000;0.00000000;19.76950275;21.32767687;1.57621921;1.57577542;-0.15087130;0.06452144;0.00000000;0.00000000
885;88.50000000;0.00000000;19.86839541;21.31327904;1.58813405;1.55741597;-0.14197548;0.05721851;0.00000000;0.00000000
886;88.60000000;0.00000000;19.96736501;21.29939500;1.59939446;1.54434181;-0.13942760;0.01385351;0.00000000;0.00000000
887;88.70000000;0.00000000;20.06633320;21.28550081;1.58861711;1.53767544;-0.13920478;-0.02580295;0.00000000;0.00000000
888;88.80000000;0.00000000;20.16530898;21.27166088;1.58413860;1.53743520;-0.14458819;-0.07113387;0.00000000;0.00000000
889;88.90000000;0.00000000;20.26411825;21.25670246;1.58482769;1.54480338;-0.15343155;-0.03313768;0.00000000;0.00000000
890;89.00000000;0.00000000;20.36283379;21.24111426;1.59116963;1.55918550;-0.15121573;0.05271841;0.00000000;0.00000000
891;89.10000000;0.00000000;20.46170844;21.22659388;1.60479120;1.57368178;-0.14288787;0.05439474;0.00000000;0.00000000
892;89.20000000;0.00000000;20.56066988;21.21265192;1.61304252;1.58602015;-0.14033678;0.01063031;0.00000000;0.00000000
893;89.30000000;0.00000000;20.65962086;21.19863570;1.59900785;1.56903532;-0.14076181;-0.00099785;0.00000000;0.00000000
894;89.40000000;0.00000000;20.75857043;21.18460962;1.58496359;1.55829722;-0.14053635;0.00550801;0.00000000;0.00000000
895;89.50000000;0.00000000;20.85752771;21.17063803;1.57621487;1.55387036;-0.13966021;-0.01499035;0.00000000;0.00000000
896;89.60000000;0.00000000;20.95650169;21.15678536;1.57389660;1.55574364;-0.14353442;-0.05983020;0.00000000;0.00000000
897;89.70000000;0.00000000;21.05534418;21.14204795;1.57702471;1.56383253;-0.15162625;-0.03365271;0.00000000;0.00000000
898;89.80000000;0.00000000;21.15408104;21.12659543;1.58048620;1.57383426;-0.15026496;0.05223753;0.00000000;0.00000000
899;89.90000000;0.00000000;21.25296280;21.11212726;1.59052410;1.56849966;-0.14117874;0.06572990;0.00000000;0.00000000
900;90.00000000;0.00000000;21.35196415;21.09847144;1.59877744;1.55323033;-0.13711898;0.02144553;0.00000000;0.00000000
901;90.10000000;0.00000000;21.45096419;21.08480607;1.58625036;1.54430016;-0.13688964;-0.01829559;0.00000000;0.00000000
902;90.20000000;0.00000000;21.54997179;21.07119566;1.58001324;1.54175417;-0.14077810;-0.06277014;0.00000000;0.00000000
903;90.30000000;0.00000000;21.64885867;21.05676134;1.57925263;1.54650926;-0.14944366;-0.04531360;0.00000000;0.00000000
904;90.40000000;0.00000000;21.74761555;21.04143719;1.58391006;1.55856447;-0.14984082;0.04060661;0.00000000;0.00000000
905;90.50000000;0.00000000;21.84649102;21.02692431;1.59563952;1.57307898;-0.14132234;0.06281433;0.00000000;0.00000000
906;90.60000000;0.00000000;21.94549461;21.01328479;1.61328898;1.58672059;-0.13727795;0.01813335;0.00000000;0.00000000
907;90.70000000;0.00000000;22.04448804;20.99957165;1.59957382;1.57036540;-0.13769567;-0.00091910;0.00000000;0.00000000
908;90.80000000;0.00000000;22.14348021;20.98584941;1.58585009;1.55738992;-0.13746177;0.00559824;0.00000000;0.00000000
909;90.90000000;0.00000000;22.24248003;20.97218259;1.57542457;1.55070350;-0.13657602;-0.00761693;0.00000000;0.00000000
910;91.00000000;0.00000000;22.34149633;20.95863574;1.57141997;1.55032237;-0.13898516;-0.05162774;0.00000000;0.00000000
911;91.10000000;0.00000000;22.44042570;20.94449255;1.57316239;1.55697131;-0.14690157;-0.04553157;0.00000000;0.00000000
912;91.20000000;0.00000000;22.53921514;20.92937979;1.58025795;1.57093282;-0.14809147;0.04044080;0.00000000;0.00000000
913;91.30000000;0.00000000;22.63811011;20.91500127;1.59433217;1.57105833;-0.13881341;0.07400703;0.00000000;0.00000000
914;91.40000000;0.00000000;22.73716296;20.90172411;1.60216081;1.55856404;-0.13329007;0.01164191;0.00000000;0.00000000
915;91.50000000;0.00000000;22.83621466;20.88843841;1.58885785;1.54721597;-0.13648503;-0.06173800;0.00000000;0.00000000
916;91.60000000;0.00000000;22.93517685;20.87452911;1.58034770;1.54290367;-0.14563767;-0.07682963;0.00000000;0.00000000
917;91.70000000;0.00000000;23.03396877;20.85943259;1.57693324;1.54625413;-0.15185095;-0.01810631;0.00000000;0.00000000
918;91.80000000;0.00000000;23.13275427;20.84429404;1.57980359;1.55607155;-0.14925893;0.05621391;0.00000000;0.00000000
919;91.90000000;0.00000000;23.23161979;20.82971037;1.58952266;1.57067646;-0.14060817;0.07050941;0.00000000;0.00000000
920;92.00000000;0.00000000;23.33065239;20.81628310;1.60656225;1.58412190;-0.13515705;0.02494163;0.00000000;0.00000000
921;92.10000000;0.00000000;23.42967438;20.80277770;1.60302578;1.57702660;-0.13561985;-0.00136614;0.00000000;0.00000000
922;92.20000000;0.00000000;23.52869452;20.78925877;1.58952576;1.56185472;-0.13543028;-0.00787258;0.00000000;0.00000000
923;92.30000000;0.00000000;23.62772161;20.77579091;1.57733815;1.55292727;-0.13719436;-0.04008753;0.00000000;0.00000000
924;92.40000000;0.00000000;23.72669040;20.76192313;1.57102052;1.55080776;-0.14344778;-0.02170905;0.00000000;0.00000000
925;92.50000000;0.00000000;23.82553857;20.74721826;1.57020189;1.55596386;-0.14153617;0.03682576;0.00000000;0.00000000
926;92.60000000;0.00000000;23.92456267;20.73372852;1.57695648;1.56627219;-0.13608263;0.02200560;0.00000000;0.00000000
927;92.70000000;0.00000000;24.02356809;20.72010229;1.58984044;1.56228148;-0.13713505;-0.00726436;0.00000000;0.00000000
928;92.80000000;0.00000000;24.12256360;20.70640415;1.60877008;1.54904796;-0.13753550;-0.01075149;0.00000000;0.00000000
929;92.90000000;0.00000000;24.22155809;20.69269863;1.60588398;1.54219785;-0.13928535;-0.05355247;0.00000000;0.00000000
930;93.00000000;0.00000000;24.32050236;20.67865450;1.60375419;1.54215084;-0.14824600;-0.08205910;0.00000000;0.00000000
931;93.10000000;0.00000000;24.41923535;20.66317719;1.60439507;1.54558057;-0.15569717;-0.03061497;0.00000000;0.00000000
932;93.20000000;0.00000000;24.51796203;20.64765973;1.61120600;1.55372507;-0.15436899;0.05075889;0.00000000;0.00000000
933;93.30000000;0.00000000;24.61673361;20.63244508;1.62445122;1.56790719;-0.14554539;0.07863095;0.00000000;0.00000000
934;93.40000000;0.00000000;24.71571874;20.61867218;1.61919838;1.58165615;-0.13864280;0.03224763;0.00000000;0.00000000
935;93.50000000;0.00000000;24.81469312;20.60482220;1.60532815;1.58545952;-0.13909586;-0.00127516;0.00000000;0.00000000
936;93.60000000;0.00000000;24.91366573;20.59095961;1.59144551;1.56867224;-0.13889783;0.00457738;0.00000000;0.00000000
937;93.70000000;0.00000000;25.01264558;20.57714884;1.58320280;1.55807451;-0.13818039;0.00427631;0.00000000;0.00000000
938;93.80000000;0.00000000;25.11163798;20.56342828;1.58133707;1.55375424;-0.13804257;-0.00580937;0.00000000;0.00000000
939;93.90000000;0.00000000;25.21062163;20.54964480;1.58571666;1.55591812;-0.13934226;-0.01468832;0.00000000;0.00000000
940;94.00000000;0.00000000;25.30957802;20.53566696;1.59615868;1.56467104;-0.14098023;-0.01312497;0.00000000;0.00000000
941;94.10000000;0.00000000;25.40851600;20.52155928;1.61260920;1.55818788;-0.14196726;-0.00661961;0.00000000;0.00000000
942;94.20000000;0.00000000;25.50744461;20.50738613;1.60912723;1.54352855;-0.14230415;-0.00042019;0.00000000;0.00000000
943;94.30000000;0.00000000;25.60637306;20.49321179;1.60266034;1.53524932;-0.14205129;-0.00000522;0.00000000;0.00000000
944;94.40000000;0.00000000;25.70530883;20.47908867;1.60246407;1.53340061;-0.14230520;-0.01007121;0.00000000;0.00000000
945;94.50000000;0.00000000;25.80423006;20.46486410;1.60838715;1.53815933;-0.14406554;-0.01965159;0.00000000;0.00000000
946;94.60000000;0.00000000;25.90311549;20.45039275;1.61866687;1.54960993;-0.14623552;-0.01845186;0.00000000;0.00000000
947;94.70000000;0.00000000;26.00197406;20.43573900;1.63067783;1.56426226;-0.14775591;-0.01196178;0.00000000;0.00000000
948;94.80000000;0.00000000;26.10081504;20.42096702;1.62099719;1.57903365;-0.14862787;-0.00545435;0.00000000;0.00000000
949;94.90000000;0.00000000;26.19964790;20.40614089;1.60616479;1.59386005;-0.14884678;0.00108571;0.00000000;0.00000000
950;95.00000000;0.00000000;26.29848240;20.39132564;1.59134394;1.57743802;-0.14841073;0.00761028;0.00000000;0.00000000
951;95.10000000;0.00000000;26.39732816;20.37658571;1.58018504;1.56579208;-0.14732472;0.00871996;0.00000000;0.00000000
952;95.20000000;0.00000000;26.49619460;20.36198516;1.57544071;1.56033163;-0.14666674;-0.00102731;0.00000000;0.00000000
953;95.30000000;0.00000000;26.59505968;20.34737532;1.57701870;1.56127178;-0.14753019;-0.01107546;0.00000000;0.00000000
954;95.40000000;0.00000000;26.69390075;20.33260407;1.58474726;1.56875394;-0.14888183;-0.01049155;0.00000000;0.00000000
955;95.50000000;0.00000000;26.79272597;20.31772702;1.59859258;1.57249005;-0.14962850;-0.00423049;0.00000000;0.00000000
956;95.60000000;0.00000000;26.89154488;20.30280818;1.60337202;1.55665895;-0.14972793;0.00224081;0.00000000;0.00000000
957;95.70000000;0.00000000;26.99036713;20.28791147;1.59419086;1.54711201;-0.14918033;0.00373000;0.00000000;0.00000000
958;95.80000000;0.00000000;27.08920233;20.27310087;1.59133269;1.54390113;-0.14898193;-0.00522016;0.00000000;0.00000000
959;95.90000000;0.00000000;27.18803048;20.25824338;1.59469734;1.54719996;-0.15022437;-0.01525530;0.00000000;0.00000000
960;96.00000000;0.00000000;27.28682854;20.24318723;1.60409333;1.55711933;-0.15203299;-0.01545978;0.00000000;0.00000000
961;96.10000000;0.00000000;27.38560230;20.22797236;1.61945533;1.57235568;-0.15331632;-0.00960250;0.00000000;0.00000000
962;96.20000000;0.00000000;27.48436141;20.21266267;1.61282424;1.58768766;-0.15395349;-0.00314452;0.00000000;0.00000000
963;96.30000000;0.00000000;27.58311571;20.19732194;1.59750263;1.59966208;-0.15394523;0.00330935;0.00000000;0.00000000
964;96.40000000;0.00000000;27.68187508;20.18201389;1.58377555;1.58639622;-0.15329162;0.00976568;0.00000000;0.00000000
965;96.50000000;0.00000000;27.78064934;20.16680226;1.57366199;1.57925765;-0.15199209;0.01180207;0.00000000;0.00000000
966;96.60000000;0.00000000;27.87944814;20.15175094;1.56653204;1.57643678;-0.15093120;0.00396182;0.00000000;0.00000000
967;96.70000000;0.00000000;27.97825446;20.13674893;1.56581124;1.57573722;-0.15119973;-0.00606889;0.00000000;0.00000000
968;96.80000000;0.00000000;28.07704517;20.12164455;1.57135559;1.58146905;-0.15214498;-0.00738322;0.00000000;0.00000000
969;96.90000000;0.00000000;28.17582295;20.10645577;1.58311721;1.59354493;-0.15267637;-0.00208442;0.00000000;0.00000000
970;97.00000000;0.00000000;28.27459757;20.09124641;1.59127232;1.57737085;-0.15256187;0.00437475;0.00000000;0.00000000
971;97.10000000;0.00000000;28.37337883;20.07608025;1.57977342;1.56618567;-0.15180142;0.00682104;0.00000000;0.00000000
972;97.20000000;0.00000000;28.47217645;20.06102113;1.57465455;1.56122188;-0.15119766;-0.00019775;0.00000000;0.00000000
973;97.30000000;0.00000000;28.57097595;20.04597426;1.57588209;1.56263456;-0.15184097;-0.01022600;0.00000000;0.00000000
974;97.40000000;0.00000000;28.66975409;20.03078804;1.58328878;1.57055894;-0.15324286;-0.01236038;0.00000000;0.00000000
975;97.50000000;0.00000000;28.76851100;20.01546422;1.59679035;1.57967757;-0.15431305;-0.00747436;0.00000000;0.00000000
976;97.60000000;0.00000000;28.86725644;20.00006661;1.60065902;1.56435290;-0.15473773;-0.00102173;0.00000000;0.00000000
977;97.70000000;0.00000000;28.96600032;19.98465892;1.58522439;1.55532182;-0.15451739;0.03283066;0.00000000;0.00000000
978;97.80000000;0.00000000;29.06475253;19.96930482;1.56984397;1.55262969;-0.14817160;0.07845879;0.00000000;0.00000000
979;97.90000000;0.00000000;29.16368012;19.95515213;1.56144854;1.55515161;-0.13882563;0.03395761;0.00000000;0.00000000
980;98.00000000;0.00000000;29.26270207;19.94164644;1.56007902;1.56341894;-0.14138008;-0.06088920;0.00000000;0.00000000
981;98.10000000;0.00000000;29.36155591;19.92698853;1.56294054;1.57333264;-0.15100347;-0.06842816;0.00000000;0.00000000
982;98.20000000;0.00000000;29.46029958;19.91157965;1.56638639;1.58876391;-0.15506571;-0.02134819;0.00000000;0.00000000
983;98.30000000;0.00000000;29.55903510;19.89611846;1.57612166;1.60424821;-0.15527311;0.00114992;0.00000000;0.00000000
984;98.40000000;0.00000000;29.65777238;19.88066862;1.58085091;1.59764880;-0.15483572;0.00759996;0.00000000;0.00000000
985;98.50000000;0.00000000;29.75652137;19.86529380;1.56707477;1.58480572;-0.15375312;0.01099778;0.00000000;0.00000000
986;98.60000000;0.00000000;29.85529184;19.85005779;1.55973404;1.57805865;-0.15263617;0.00589310;0.00000000;0.00000000
987;98.70000000;0.00000000;29.95407494;19.83490361;1.55886202;1.57754347;-0.15257450;-0.00413070;0.00000000;0.00000000
988;98.80000000;0.00000000;30.05284730;19.81967977;1.56431683;1.58183961;-0.15346231;-0.00817743;0.00000000;0.00000000
989;98.90000000;0.00000000;30.15160333;19.80435022;1.57599668;1.56443791;-0.15420999;-0.00425024;0.00000000;0.00000000
990;99.00000000;0.00000000;30.25035284;19.78897870;1.58901119;1.55332623;-0.15431236;0.00220234;0.00000000;0.00000000
991;99.10000000;0.00000000;30.34910573;19.77362892;1.57739943;1.54857551;-0.15376952;0.02878917;0.00000000;0.00000000
992;99.20000000;0.00000000;30.44787186;19.75836462;1.57215417;1.55017983;-0.14855452;0.07537942;0.00000000;0.00000000
993;99.30000000;0.00000000;30.54677506;19.74404631;1.57420726;1.55725470;-0.13869364;0.05455217;0.00000000;0.00000000
994;99.40000000;0.00000000;30.64582301;19.73073265;1.58358899;1.56966771;-0.13764409;-0.04034988;0.00000000;0.00000000
995;99.50000000;0.00000000;30.74475641;19.71662194;1.59838082;1.56645256;-0.14676361;-0.07156718;0.00000000;0.00000000
996;99.60000000;0.00000000;30.84354507;19.70150409;1.60214035;1.55681359;-0.15195752;-0.02538853;0.00000000;0.00000000
997;99.70000000;0.00000000;30.94233060;19.68636581;1.58697543;1.54847224;-0.15184132;0.00439349;0.00000000;0.00000000
998;99.80000000;0.00000000;31.04112277;19.67127092;1.57185441;1.54561210;-0.15107883;0.01086028;0.00000000;0.00000000
999;99.90000000;0.00000000;31.13993125;19.65628331;1.55684143;1.54909887;-0.14966926;0.01520764;0.00000000;0.00000000
1000;100.00000000;0.00000000;31.23876554;19.64146700;1.54785984;1.55882578;-0.14803730;0.01196712;0.00000000;0.00000000
1001;100.10000000;0.00000000;31.33762243;19.62680196;1.54545564;1.57351033;-0.14727584;0.00192283;0.00000000;0.00000000
1002;100.20000000;0.00000000;31.43647921;19.61213618;1.54950617;1.58819608;-0.14765273;-0.00399598;0.00000000;0.00000000
1003;100.30000000;0.00000000;31.53532503;19.59739663;1.55988801;1.58114995;-0.14807503;-0.00098462;0.00000000;0.00000000
1004;100.40000000;0.00000000;31.63416939;19.58264736;1.57653954;1.56749931;-0.14784966;0.00549348;0.00000000;0.00000000
1005;100.50000000;0.00000000;31.73302183;19.56795237;1.57785091;1.56008892;-0.14697634;-0.00298933;0.00000000;0.00000000
1006;100.60000000;0.00000000;31.83189178;19.55337577;1.57758836;1.55894297;-0.14844752;-0.03368019;0.00000000;0.00000000
1007;100.70000000;0.00000000;31.93069753;19.53839043;1.58323287;1.56460642;-0.15371238;-0.01186215;0.00000000;0.00000000
1008;100.80000000;0.00000000;32.02940532;19.52277410;1.59449899;1.57722772;-0.15081995;0.04316653;0.00000000;0.00000000
1009;100.90000000;0.00000000;32.12829913;19.50836013;1.60841590;1.57093757;-0.14507907;0.02686380;0.00000000;0.00000000
1010;101.00000000;0.00000000;32.22718294;19.49387768;1.59783186;1.55884279;-0.14544719;-0.00043772;0.00000000;0.00000000
1011;101.10000000;0.00000000;32.32606612;19.47939090;1.59345321;1.55310203;-0.14516661;0.00605096;0.00000000;0.00000000
1012;101.20000000;0.00000000;32.42495803;19.46496395;1.58995232;1.55372094;-0.14423700;0.01254605;0.00000000;0.00000000
1013;101.30000000;0.00000000;32.52386795;19.45066105;1.59226359;1.55780197;-0.14265740;0.00845686;0.00000000;0.00000000
1014;101.40000000;0.00000000;32.62280490;19.43654659;1.60101190;1.56473158;-0.14254563;-0.02560129;0.00000000;0.00000000
1015;101.50000000;0.00000000;32.72171582;19.42226612;1.61573970;1.57813824;-0.14777766;-0.01150619;0.00000000;0.00000000
1016;101.60000000;0.00000000;32.82049695;19.40711759;1.60781688;1.59325621;-0.14484687;0.05129993;0.00000000;0.00000000
1017;101.70000000;0.00000000;32.91949209;19.39341680;1.59409399;1.59545895;-0.13751768;0.03834768;0.00000000;0.00000000
1018;101.80000000;0.00000000;33.01848743;19.37971745;1.58037272;1.57885948;-0.13717733;-0.00137511;0.00000000;0.00000000
1019;101.90000000;0.00000000;33.11749187;19.36608406;1.57273849;1.56839805;-0.13779270;-0.04397337;0.00000000;0.00000000
1020;102.00000000;0.00000000;33.21646819;19.35226317;1.57124615;1.56445400;-0.14597200;-0.07622167;0.00000000;0.00000000
1021;102.10000000;0.00000000;33.31523638;19.33701212;1.57466070;1.56832944;-0.15303703;-0.03218837;0.00000000;0.00000000
1022;102.20000000;0.00000000;33.41400961;19.32179378;1.58441714;1.57850249;-0.15240968;0.01424572;0.00000000;0.00000000
1023;102.30000000;0.00000000;33.51279684;19.30666666;1.60045759;1.57176610;-0.15018789;0.06226380;0.00000000;0.00000000
1024;102.40000000;0.00000000;33.61163485;19.29188767;1.59391584;1.55809300;-0.13995692;0.09014005;0.00000000;0.00000000
1025;102.50000000;0.00000000;33.71071093;19.27878493;1.58895237;1.54906154;-0.13215988;-0.00536054;0.00000000;0.00000000
1026;102.60000000;0.00000000;33.80976780;19.26554892;1.59013176;1.54658380;-0.14102903;-0.08636821;0.00000000;0.00000000
1027;102.70000000;0.00000000;33.90859588;19.25069091;1.59594410;1.55218963;-0.14943352;-0.04263116;0.00000000;0.00000000
1028;102.80000000;0.00000000;34.00741774;19.23579156;1.60480122;1.56421502;-0.14955526;0.00174868;0.00000000;0.00000000
1029;102.90000000;0.00000000;34.10624220;19.22090949;1.61714973;1.57683731;-0.14908378;0.00768344;0.00000000;0.00000000
1030;103.00000000;0.00000000;34.20507805;19.20610334;1.60617859;1.56210895;-0.14801857;0.01484305;0.00000000;0.00000000
1031;103.10000000;0.00000000;34.30393399;19.19143184;1.59149744;1.55039945;-0.14611517;0.06343472;0.00000000;0.00000000
1032;103.20000000;0.00000000;34.40282497;19.17700212;1.57705893;1.54483441;-0.13533163;0.10367031;0.00000000;0.00000000
1033;103.30000000;0.00000000;34.50197431;19.16446589;1.56851255;1.54381421;-0.12538111;0.00801462;0.00000000;0.00000000
1034;103.40000000;0.00000000;34.60113321;19.15200689;1.56638679;1.54917609;-0.13372870;-0.08535314;0.00000000;0.00000000
1035;103.50000000;0.00000000;34.70005946;19.13781718;1.56888761;1.56265565;-0.14245174;-0.04197100;0.00000000;0.00000000
1036;103.60000000;0.00000000;34.79898610;19.12363020;1.57773041;1.57681272;-0.14212290;0.00628445;0.00000000;0.00000000
1037;103.70000000;0.00000000;34.89792165;19.10950555;1.59286876;1.57934579;-0.14119485;0.01226336;0.00000000;0.00000000
1038;103.80000000;0.00000000;34.99687445;19.09550222;1.59626085;1.56291590;-0.13967023;0.01823501;0.00000000;0.00000000
1039;103.90000000;0.00000000;35.09585261;19.08167931;1.58860701;1.55257535;-0.13754785;0.01889587;0.00000000;0.00000000
1040;104.00000000;0.00000000;35.19486394;19.06809613;1.58746321;1.54838637;-0.13589106;0.00873575;0.00000000;0.00000000
1041;104.10000000;0.00000000;35.29388737;19.05460127;1.59269116;1.55055149;-0.13580070;-0.00190070;0.00000000;0.00000000
1042;104.20000000;0.00000000;35.39290117;19.04103599;1.60407003;1.55920335;-0.13627120;-0.00200707;0.00000000;0.00000000
1043;104.30000000;0.00000000;35.49191185;19.02744795;1.62151744;1.56717244;-0.13620211;0.00367996;0.00000000;0.00000000
1044;104.40000000;0.00000000;35.59092752;19.01389635;1.61396500;1.55199764;-0.13553521;0.00966050;0.00000000;0.00000000
1045;104.50000000;0.00000000;35.68995623;19.00044039;1.60051849;1.54306252;-0.13427001;0.01564814;0.00000000;0.00000000
1046;104.60000000;0.00000000;35.78900587;18.98713938;1.58931695;1.54035274;-0.13240558;0.02164767;0.00000000;0.00000000
1047;104.70000000;0.00000000;35.88808405;18.97405278;1.58037023;1.53781045;-0.12994048;-0.01443325;0.00000000;0.00000000
1048;104.80000000;0.00000000;35.98719803;18.96124027;1.57599779;1.54148004;-0.13529223;-0.02500944;0.00000000;0.00000000
1049;104.90000000;0.00000000;36.08612909;18.94709414;1.57661065;1.55292414;-0.13494237;0.04408260;0.00000000;0.00000000
1050;105.00000000;0.00000000;36.18524992;18.93435127;1.58495062;1.56566298;-0.12647571;0.05087652;0.00000000;0.00000000
1051;105.10000000;0.00000000;36.28440773;18.92188213;1.59977540;1.57812612;-0.12476706;0.01331447;0.00000000;0.00000000
1052;105.20000000;0.00000000;36.38357366;18.90947779;1.60959556;1.55804088;-0.12381281;0.01255355;0.00000000;0.00000000
1053;105.30000000;0.00000000;36.48275507;18.89719793;1.60160202;1.54405022;-0.12225635;0.01396860;0.00000000;0.00000000
1054;105.40000000;0.00000000;36.58195911;18.88510235;1.60000929;1.53626051;-0.12101909;0.00523073;0.00000000;0.00000000
1055;105.50000000;0.00000000;36.68117061;18.87306795;1.60471280;1.53489020;-0.12121021;-0.00546838;0.00000000;0.00000000
1056;105.60000000;0.00000000;36.78037003;18.86093445;1.61549764;1.54011734;-0.12211277;0.02705408;0.00000000;0.00000000
1057;105.70000000;0.00000000;36.87955965;18.84872098;1.63226216;1.55185620;-0.11579939;0.07065706;0.00000000;0.00000000
1058;105.80000000;0.00000000;36.97890201;18.83784125;1.63841509;1.55404539;-0.10798136;0.04174498;0.00000000;0.00000000
1059;105.90000000;0.00000000;37.07827044;18.82718013;1.62777334;1.53405114;-0.10745040;-0.03900378;0.00000000;0.00000000
1060;106.00000000;0.00000000;37.17762666;18.81640565;1.61735392;1.52048973;-0.11578211;-0.09536177;0.00000000;0.00000000
1061;106.10000000;0.00000000;37.27680030;18.80409065;1.61151970;1.51497087;-0.12652275;-0.03989363;0.00000000;0.00000000
1062;106.20000000;0.00000000;37.37590215;18.79118456;1.61127716;1.51662877;-0.12376084;0.04657320;0.00000000;0.00000000
1063;106.30000000;0.00000000;37.47514341;18.77941745;1.61606635;1.52370812;-0.11720811;0.06262848;0.00000000;0.00000000
1064;106.40000000;0.00000000;37.57440583;18.76781119;1.62361957;1.53233878;-0.11123514;0.05823649;0.00000000;0.00000000
1065;106.50000000;0.00000000;37.67378073;18.75723041;1.63826553;1.54292725;-0.10556081;0.02275749;0.00000000;0.00000000
1066;106.60000000;0.00000000;37.77316842;18.74675137;1.64676694;1.55341395;-0.10668364;-0.02017335;0.00000000;0.00000000
1067;106.70000000;0.00000000;37.87252133;18.73594723;1.63596568;1.54129711;-0.10959548;-0.02957148;0.00000000;0.00000000
1068;106.80000000;0.00000000;37.97184638;18.72488956;1.62491130;1.52389311;-0.11259794;-0.00557148;0.00000000;0.00000000
1069;106.90000000;0.00000000;38.07113257;18.71348903;1.61603966;1.51324828;-0.11070978;0.02388584;0.00000000;0.00000000
1070;107.00000000;0.00000000;38.17049731;18.70280667;1.61404418;1.50843829;-0.10782077;-0.00499911;0.00000000;0.00000000
1071;107.10000000;0.00000000;38.26984737;18.69198003;1.61808531;1.51038548;-0.11170960;-0.04912247;0.00000000;0.00000000
1072;107.20000000;0.00000000;38.36912705;18.68052506;1.62763495;1.51954757;-0.11764527;-0.02624961;0.00000000;0.00000000
1073;107.30000000;0.00000000;38.46834177;18.66851977;1.64267350;1.53154496;-0.11695953;0.01686431;0.00000000;0.00000000
1074;107.40000000;0.00000000;38.56763575;18.65720112;1.65745417;1.54238533;-0.11427241;0.01848277;0.00000000;0.00000000
1075;107.50000000;0.00000000;38.66691312;18.64572925;1.64597236;1.52111280;-0.11326297;0.03111584;0.00000000;0.00000000
1076;107.60000000;0.00000000;38.76623049;18.63461101;1.63484493;1.50583092;-0.10804924;0.05807834;0.00000000;0.00000000
1077;107.70000000;0.00000000;38.86562244;18.62417492;1.62913840;1.49639355;-0.10164730;0.05725256;0.00000000;0.00000000
1078;107.80000000;0.00000000;38.96507454;18.61432915;1.63014543;1.49300492;-0.09659873;0.04154820;0.00000000;0.00000000
1079;107.90000000;0.00000000;39.06456707;18.60489712;1.63767696;1.49588362;-0.09333766;0.02749915;0.00000000;0.00000000
1080;108.00000000;0.00000000;39.16408167;18.59570016;1.65146659;1.50509131;-0.09109890;0.01878759;0.00000000;0.00000000
1081;108.10000000;0.00000000;39.26361548;18.58671370;1.67133528;1.51408799;-0.08958014;-0.01176854;0.00000000;0.00000000
1082;108.20000000;0.00000000;39.36315761;18.57781905;1.67815512;1.52299266;-0.09345260;-0.06954911;0.00000000;0.00000000
1083;108.30000000;0.00000000;39.46261462;18.56806238;1.66841043;1.51088950;-0.10348997;-0.08849107;0.00000000;0.00000000
1084;108.40000000;0.00000000;39.56195804;18.55717144;1.65753436;1.49717057;-0.11115082;-0.06164232;0.00000000;0.00000000
1085;108.50000000;0.00000000;39.66125776;18.54589166;1.64715787;1.48681635;-0.11581843;-0.04919923;0.00000000;0.00000000
1086;108.60000000;0.00000000;39.76049503;18.53407382;1.64226492;1.48102110;-0.12099067;-0.05355547;0.00000000;0.00000000
1087;108.70000000;0.00000000;39.85967284;18.52176746;1.64295417;1.48244963;-0.12652952;-0.06415389;0.00000000;0.00000000
1088;108.80000000;0.00000000;39.95877275;18.50885109;1.64909627;1.49120302;-0.13382144;-0.07996826;0.00000000;0.00000000
1089;108.90000000;0.00000000;40.05776053;18.49509969;1.66040533;1.50496272;-0.14252318;-0.13488949;0.00000000;0.00000000
1090;109.00000000;0.00000000;40.15661798;18.48046107;1.67672220;1.51961138;-0.16079934;-0.18703655;0.00000000;0.00000000
1091;109.10000000;0.00000000;40.25503723;18.46310147;1.66310089;1.51334439;-0.17993049;-0.15191873;0.00000000;0.00000000
1092;109.20000000;0.00000000;40.35326562;18.44469132;1.64469150;1.50326588;-0.19118309;-0.11601533;0.00000000;0.00000000
1093;109.30000000;0.00000000;40.45126945;18.42512132;1.62797863;1.50097498;-0.20313355;-0.12186533;0.00000000;0.00000000
1094;109.40000000;0.00000000;40.54902933;18.40436900;1.61607680;1.50653324;-0.21555616;-0.12766384;0.00000000;0.00000000
1095;109.50000000;0.00000000;40.64651589;18.38237055;1.60902599;1.51992122;-0.22866632;-0.14270648;0.00000000;0.00000000
1096;109.60000000;0.00000000;40.74369714;18.35906259;1.60682223;1.54099945;-0.24409745;-0.16031113;0.00000000;0.00000000
1097;109.70000000;0.00000000;40.84045621;18.33406702;1.60909128;1.56596896;-0.26072855;-0.19351387;0.00000000;0.00000000
1098;109.80000000;0.00000000;40.93680774;18.30754034;1.60771417;1.59247514;-0.28280023;-0.24742091;0.00000000;0.00000000
1099;109.90000000;0.00000000;41.03236076;18.27830175;1.58279856;1.62170070;-0.31021273;-0.25520536;0.00000000;0.00000000
1100;110.00000000;0.00000000;41.12710984;18.24653670;1.56024064;1.62930316;-0.33384130;-0.21851476;0.00000000;0.00000000
1101;110.10000000;0.00000000;41.22118254;18.21281411;1.53674429;1.63783421;-0.35391568;-0.19916158;0.00000000;0.00000000
1102;110.20000000;0.00000000;41.31458213;18.17727089;1.51755111;1.65428376;-0.37367361;-0.20093286;0.00000000;0.00000000
1103;110.30000000;0.00000000;41.40724839;18.13985853;1.50276691;1.67847714;-0.39410225;-0.21819190;0.00000000;0.00000000
1104;110.40000000;0.00000000;41.49911749;18.10053030;1.49246161;1.70258698;-0.41731199;-0.24339831;0.00000000;0.00000000
1105;110.50000000;0.00000000;41.58994293;18.05886048;1.47513012;1.69919325;-0.44278191;-0.27199578;0.00000000;0.00000000
1106;110.60000000;0.00000000;41.67969007;18.01490577;1.44809015;1.70419224;-0.47171115;-0.30404446;0.00000000;0.00000000
1107;110.70000000;0.00000000;41.76794600;17.96805747;1.42435395;1.71822438;-0.50359080;-0.31386111;0.00000000;0.00000000
1108;110.80000000;0.00000000;41.85470895;17.91847489;1.40424647;1.74092468;-0.53448337;-0.30466277;0.00000000;0.00000000
1109;110.90000000;0.00000000;41.93990767;17.86626383;1.38800583;1.76965850;-0.56452336;-0.28781131;0.00000000;0.00000000
1110;111.00000000;0.00000000;42.02353711;17.81156128;1.37589586;1.76541575;-0.59204563;-0.28319862;0.00000000;0.00000000
1111;111.10000000;0.00000000;42.10574008;17.75473782;1.36842667;1.76615958;-0.62116308;-0.30181370;0.00000000;0.00000000
1112;111.20000000;0.00000000;42.18603753;17.69526520;1.36153719;1.77578922;-0.65240837;-0.29487586;0.00000000;0.00000000
1113;111.30000000;0.00000000;42.26453213;17.63341886;1.35555194;1.78121946;-0.68013825;-0.29388969;0.00000000;0.00000000
1114;111.40000000;0.00000000;42.34141610;17.56958101;1.35436034;1.78638448;-0.71118631;-0.32321743;0.00000000;0.00000000
1115;111.50000000;0.00000000;42.41591437;17.50298889;1.35689486;1.80069988;-0.74478174;-0.33540597;0.00000000;0.00000000
1116;111.60000000;0.00000000;42.48833882;17.43413348;1.35941818;1.82337902;-0.77826750;-0.33115000;0.00000000;0.00000000
1117;111.70000000;0.00000000;42.55821455;17.36270377;1.35831918;1.83874446;-0.81101174;-0.32668758;0.00000000;0.00000000
1118;111.80000000;0.00000000;42.62597879;17.28925563;1.35859099;1.82069872;-0.84360502;-0.32057702;0.00000000;0.00000000
1119;111.90000000;0.00000000;42.69105434;17.21342413;1.36261474;1.80458373;-0.87512714;-0.31338923;0.00000000;0.00000000
1120;112.00000000;0.00000000;42.75405766;17.13585159;1.37123336;1.79659851;-0.90628287;-0.30462359;0.00000000;0.00000000
1121;112.10000000;0.00000000;42.81428630;17.05611258;1.38355089;1.79767207;-0.93605186;-0.28686547;0.00000000;0.00000000
1122;112.20000000;0.00000000;42.87256320;16.97492754;1.40052578;1.78818336;-0.96365596;-0.30385063;0.00000000;0.00000000
1123;112.30000000;0.00000000;42.92830236;16.89198295;1.42134125;1.77456541;-0.99682199;-0.30725031;0.00000000;0.00000000
1124;112.40000000;0.00000000;42.98106764;16.80711730;1.43354561;1.76391087;-1.02510602;-0.24063723;0.00000000;0.00000000
1125;112.50000000;0.00000000;43.03203000;16.72115100;1.43028928;1.73593777;-1.04494943;-0.22328150;0.00000000;0.00000000
1126;112.60000000;0.00000000;43.08138903;16.63425420;1.43215704;1.71516589;-1.06976232;-0.27983922;0.00000000;0.00000000
1127;112.70000000;0.00000000;43.12802200;16.54586985;1.43788203;1.70311245;-1.10091728;-0.27374290;0.00000000;0.00000000
1128;112.80000000;0.00000000;43.17187241;16.45607197;1.44739754;1.69858685;-1.12451090;-0.22249551;0.00000000;0.00000000
1129;112.90000000;0.00000000;43.21428674;16.36558144;1.46212486;1.68662198;-1.14541638;-0.20312917;0.00000000;0.00000000
1130;113.00000000;0.00000000;43.25434542;16.27402883;1.48093942;1.68310891;-1.16513674;-0.17196234;0.00000000;0.00000000
1131;113.10000000;0.00000000;43.29315889;16.18193598;1.49034015;1.68687900;-1.17980885;-0.14134235;0.00000000;0.00000000
1132;113.20000000;0.00000000;43.33051540;16.08924430;1.50052453;1.67484299;-1.19340521;-0.12063613;0.00000000;0.00000000
1133;113.30000000;0.00000000;43.36681054;15.99613034;1.51031226;1.64888627;-1.20393607;-0.09965966;0.00000000;0.00000000
1134;113.40000000;0.00000000;43.40220715;15.90267115;1.52564840;1.62960719;-1.21333714;-0.09168837;0.00000000;0.00000000
1135;113.50000000;0.00000000;43.43674523;15.80889128;1.53173575;1.61720046;-1.22227374;-0.11578276;0.00000000;0.00000000
1136;113.60000000;0.00000000;43.47046588;15.71481433;1.53400940;1.61177914;-1.23649369;-0.16254842;0.00000000;0.00000000
1137;113.70000000;0.00000000;43.50231997;15.62009975;1.54080554;1.59829915;-1.25478343;-0.14812332;0.00000000;0.00000000
1138;113.80000000;0.00000000;43.53257787;15.52485216;1.55235014;1.56792579;-1.26611835;-0.08884679;0.00000000;0.00000000
1139;113.90000000;0.00000000;43.56227987;15.42942965;1.56961309;1.54364684;-1.27255279;-0.07080686;0.00000000;0.00000000
1140;114.00000000;0.00000000;43.59130936;15.33380124;1.59229110;1.52623685;-1.28027973;-0.07698947;0.00000000;0.00000000
1141;114.10000000;0.00000000;43.61953328;15.23793096;1.62002500;1.51607052;-1.28795068;-0.09908237;0.00000000;0.00000000
1142;114.20000000;0.00000000;43.64709194;15.14186964;1.61856413;1.51314583;-1.30009620;-0.10888446;0.00000000;0.00000000
1143;114.30000000;0.00000000;43.67297906;15.04534190;1.62108731;1.51429557;-1.30972757;-0.05610690;0.00000000;0.00000000
1144;114.40000000;0.00000000;43.69868293;14.94876519;1.62955812;1.50192636;-1.31131758;-0.02285540;0.00000000;0.00000000
1145;114.50000000;0.00000000;43.72426297;14.85215561;1.64081958;1.47672043;-1.31429865;-0.06016269;0.00000000;0.00000000
1146;114.60000000;0.00000000;43.74939055;14.75542748;1.65496935;1.45840575;-1.32335012;-0.08953495;0.00000000;0.00000000
1147;114.70000000;0.00000000;43.77321710;14.65837255;1.67366447;1.44811585;-1.33220564;-0.05162385;0.00000000;0.00000000
1148;114.80000000;0.00000000;43.79662771;14.56121449;1.67304088;1.44511066;-1.33367489;0.00387285;0.00000000;0.00000000
1149;114.90000000;0.00000000;43.82016940;14.46408818;1.66947036;1.44887397;-1.33143107;0.04813182;0.00000000;0.00000000
1150;115.00000000;0.00000000;43.84401574;14.36703631;1.67218999;1.45917637;-1.32404852;0.09209513;0.00000000;0.00000000
1151;115.10000000;0.00000000;43.86898761;14.27027324;1.68201046;1.45761138;-1.31301205;0.08034731;0.00000000;0.00000000
1152;115.20000000;0.00000000;43.89497018;14.17377114;1.69633004;1.45387550;-1.30797906;0.02766065;0.00000000;0.00000000
1153;115.30000000;0.00000000;43.92091619;14.07725920;1.69117240;1.45703898;-1.30747991;0.01930868;0.00000000;0.00000000
1154;115.40000000;0.00000000;43.94699502;13.98078336;1.69205007;1.46508937;-1.30411733;0.04705333;0.00000000;0.00000000
1155;115.50000000;0.00000000;43.97358940;13.88444844;1.69934851;1.44921769;-1.29806925;0.07011897;0.00000000;0.00000000
1156;115.60000000;0.00000000;44.00083324;13.78829520;1.71312342;1.43944915;-1.29009353;0.11117368;0.00000000;0.00000000
1157;115.70000000;0.00000000;44.02896052;13.69239793;1.72845117;1.43566339;-1.27583451;0.12879889;0.00000000;0.00000000
1158;115.80000000;0.00000000;44.05893510;13.59706027;1.71332552;1.43689881;-1.26433375;0.03465247;0.00000000;0.00000000
1159;115.90000000;0.00000000;44.08926103;13.50183376;1.70430459;1.44469533;-1.26890402;-0.04654614;0.00000000;0.00000000
1160;116.00000000;0.00000000;44.11836289;13.40622623;1.69983519;1.44526793;-1.27364298;-0.04371491;0.00000000;0.00000000
1161;116.10000000;0.00000000;44.14778490;13.31071662;1.70156948;1.44862027;-1.27764700;-0.04362735;0.00000000;0.00000000
1162;116.20000000;0.00000000;44.17612002;13.21487977;1.70109526;1.45995097;-1.28236845;-0.00694287;0.00000000;0.00000000
1163;116.30000000;0.00000000;44.20463883;13.11909665;1.68088676;1.47778068;-1.27903558;0.03916031;0.00000000;0.00000000
1164;116.40000000;0.00000000;44.23361232;13.02345020;1.65616265;1.50160506;-1.27453639;0.04179915;0.00000000;0.00000000
1165;116.50000000;0.00000000;44.26299184;12.92792764;1.63759492;1.52692513;-1.27067575;0.00865339;0.00000000;0.00000000
1166;116.60000000;0.00000000;44.29270300;12.83250766;1.62531789;1.55630424;-1.27280571;-0.03835691;0.00000000;0.00000000
1167;116.70000000;0.00000000;44.32167480;12.73686253;1.61792656;1.58192757;-1.27834713;-0.03258451;0.00000000;0.00000000
1168;116.80000000;0.00000000;44.35032667;12.64111906;1.59402881;1.57342553;-1.27932261;-0.02052035;0.00000000;0.00000000
1169;116.90000000;0.00000000;44.37911238;12.54541572;1.57051540;1.56374597;-1.28245120;-0.05342244;0.00000000;0.00000000
1170;117.00000000;0.00000000;44.40716376;12.44949769;1.55233251;1.56118503;-1.29000710;-0.05754342;0.00000000;0.00000000
1171;117.10000000;0.00000000;44.43450001;12.35337028;1.53968881;1.56575778;-1.29395988;-0.02340259;0.00000000;0.00000000
1172;117.20000000;0.00000000;44.46179304;12.25723059;1.52417976;1.57670920;-1.29468762;-0.00994796;0.00000000;0.00000000
1173;117.30000000;0.00000000;44.48898935;12.16106352;1.50865622;1.59396226;-1.29594947;-0.02830159;0.00000000;0.00000000
1174;117.40000000;0.00000000;44.51603966;12.06485530;1.48489888;1.61736464;-1.30034794;-0.07365084;0.00000000;0.00000000
1175;117.50000000;0.00000000;44.54238795;11.96845635;1.46522986;1.64719773;-1.31067964;-0.10440190;0.00000000;0.00000000
1176;117.60000000;0.00000000;44.56744466;11.87170980;1.44002373;1.66458163;-1.32122832;-0.11603020;0.00000000;0.00000000
1177;117.70000000;0.00000000;44.59175323;11.77477723;1.42065179;1.68062660;-1.33388568;-0.13165334;0.00000000;0.00000000
1178;117.80000000;0.00000000;44.61435306;11.67742768;1.40637167;1.70409850;-1.34755898;-0.13819032;0.00000000;0.00000000
1179;117.90000000;0.00000000;44.63600192;11.57986723;1.38262735;1.73394541;-1.36152375;-0.10559227;0.00000000;0.00000000
1180;118.00000000;0.00000000;44.65587434;11.48192496;1.35992347;1.77062179;-1.36867744;-0.08403535;0.00000000;0.00000000
1181;118.10000000;0.00000000;44.67612528;11.38406418;1.34466929;1.77411226;-1.37833081;-0.12991763;0.00000000;0.00000000
1182;118.20000000;0.00000000;44.69410324;11.28575636;1.33441877;1.78266638;-1.39466096;-0.12968982;0.00000000;0.00000000
1183;118.30000000;0.00000000;44.71114843;11.18728249;1.33066314;1.79768019;-1.40426878;-0.10218053;0.00000000;0.00000000
1184;118.40000000;0.00000000;44.72723415;11.08864732;1.33343217;1.81901719;-1.41509707;-0.15319208;0.00000000;0.00000000
1185;118.50000000;0.00000000;44.74214236;10.98983086;1.34246813;1.84335184;-1.43490719;-0.20397874;0.00000000;0.00000000
1186;118.60000000;0.00000000;44.75430858;10.89063611;1.35464813;1.84569768;-1.45589282;-0.21330114;0.00000000;0.00000000
1187;118.70000000;0.00000000;44.76505734;10.79128128;1.36540758;1.83495063;-1.47756742;-0.17734198;0.00000000;0.00000000
1188;118.80000000;0.00000000;44.77291359;10.69165190;1.37326909;1.82709547;-1.49136122;-0.14276693;0.00000000;0.00000000
1189;118.90000000;0.00000000;44.78091762;10.59203807;1.38127871;1.81909266;-1.50612081;-0.18937283;0.00000000;0.00000000
1190;119.00000000;0.00000000;44.78582991;10.49222095;1.38619275;1.81418098;-1.52923578;-0.19673955;0.00000000;0.00000000
1191;119.10000000;0.00000000;44.78922193;10.39234086;1.38958548;1.81078937;-1.54546872;-0.16696565;0.00000000;0.00000000
1192;119.20000000;0.00000000;44.79089154;10.29241710;1.39125526;1.80912001;-1.56262891;-0.17104544;0.00000000;0.00000000
1193;119.30000000;0.00000000;44.79085432;10.19247937;1.39121832;1.80915743;4.70350750;-0.17167229;0.00000000;0.00000000
1194;119.40000000;0.00000000;44.78911644;10.09255698;1.38948154;1.79391678;4.68622194;-0.13974636;0.00000000;0.00000000
1195;119.50000000;0.00000000;44.78562494;9.99267926;1.38729139;1.77361864;4.67555823;-0.15354893;0.00000000;0.00000000
1196;119.60000000;0.00000000;44.78175666;9.89282017;1.39191368;1.75661892;4.65551215;-0.24325397;0.00000000;0.00000000
1197;119.70000000;0.00000000;44.77426489;9.79316389;1.40005810;1.74604138;4.62690744;-0.28846949;0.00000000;0.00000000
1198;119.80000000;0.00000000;44.76469304;9.69368907;1.41317437;1.74323293;4.59781826;-0.28810493;0.00000000;0.00000000
1199;119.90000000;0.00000000;44.75141946;9.59463686;1.42951798;1.73032040;4.56928645;-0.20246177;0.00000000;0.00000000
1200;120.00000000;0.00000000;44.73618915;9.49586549;1.44475349;1.71767209;4.55732590;-0.16351875;0.00000000;0.00000000
1201;120.10000000;0.00000000;44.72055029;9.39716006;1.45295132;1.71119169;4.53658270;-0.20156145;0.00000000;0.00000000
1202;120.20000000;0.00000000;44.70123663;9.29910532;1.45808878;1.71172116;4.51701361;-0.19244321;0.00000000;0.00000000
1203;120.30000000;0.00000000;44.68174714;9.20108538;1.46984112;1.69899937;4.49809406;-0.18640141;0.00000000;0.00000000
1204;120.40000000;0.00000000;44.65873804;9.10383217;1.48469637;1.69569585;4.47973333;-0.13544472;0.00000000;0.00000000
1205;120.50000000;0.00000000;44.63566307;9.00659383;1.50077729;1.67497487;4.47100511;-0.16765935;0.00000000;0.00000000
1206;120.60000000;0.00000000;44.61095994;8.90975736;1.50866727;1.65238784;4.44620146;-0.21447578;0.00000000;0.00000000
1207;120.70000000;0.00000000;44.58309310;8.81378825;1.51863684;1.63886208;4.42810996;-0.16506245;0.00000000;0.00000000
1208;120.80000000;0.00000000;44.55490286;8.71790780;1.51161033;1.63169171;4.41318897;-0.18554239;0.00000000;0.00000000
1209;120.90000000;0.00000000;44.52418560;8.62281529;1.50852798;1.63327160;4.39100148;-0.16306490;0.00000000;0.00000000
1210;121.00000000;0.00000000;44.49177067;8.52828179;1.50496154;1.64272284;4.38057599;-0.08002229;0.00000000;0.00000000
1211;121.10000000;0.00000000;44.45907477;8.43384278;1.48825447;1.65844584;4.37499702;-0.07762420;0.00000000;0.00000000
1212;121.20000000;0.00000000;44.42560702;8.33967668;1.47731381;1.66029683;4.36505115;-0.10531550;0.00000000;0.00000000
1213;121.30000000;0.00000000;44.39103977;8.24590833;1.47191797;1.64777500;4.35393392;-0.10535924;0.00000000;0.00000000
1214;121.40000000;0.00000000;44.35548652;8.15250903;1.47224504;1.63418325;4.34397930;-0.10884525;0.00000000;0.00000000
1215;121.50000000;0.00000000;44.31905915;8.05944680;1.47840668;1.62756518;4.33216487;-0.14036129;0.00000000;0.00000000
1216;121.60000000;0.00000000;44.28131121;7.96691886;1.48984690;1.62849365;4.31590704;-0.14674612;0.00000000;0.00000000
1217;121.70000000;0.00000000;44.24187760;7.87508970;1.50605213;1.61576249;4.30281565;-0.10910459;0.00000000;0.00000000
1218;121.80000000;0.00000000;44.20171758;7.78357578;1.52271234;1.60303029;4.29408613;-0.12238583;0.00000000;0.00000000
1219;121.90000000;0.00000000;44.16068741;7.69245040;1.53118770;1.59741714;4.27833848;-0.15362612;0.00000000;0.00000000
1220;122.00000000;0.00000000;44.11766528;7.60224593;1.52042643;1.60023821;4.26336090;-0.11008907;0.00000000;0.00000000
1221;122.10000000;0.00000000;44.07392329;7.51238842;1.51291362;1.60791196;4.25632067;-0.06286899;0.00000000;0.00000000
1222;122.20000000;0.00000000;44.02963547;7.42279889;1.50776519;1.60697830;4.25078711;-0.07413471;0.00000000;0.00000000
1223;122.30000000;0.00000000;43.98490181;7.33343115;1.50873398;1.60154658;4.24149372;-0.10412946;0.00000000;0.00000000
1224;122.40000000;0.00000000;43.93895846;7.24468395;1.51495045;1.60369968;4.22996121;-0.09102995;0.00000000;0.00000000
1225;122.50000000;0.00000000;43.89217564;7.15637161;1.52675947;1.60549924;4.22328773;-0.04479668;0.00000000;0.00000000
1226;122.60000000;0.00000000;43.84504990;7.06824179;1.54457646;1.60989129;4.22100188;0.00285093;0.00000000;0.00000000
1227;122.70000000;0.00000000;43.79786415;6.98014486;1.53780372;1.62051440;4.22385792;-0.00822443;0.00000000;0.00000000
1228;122.80000000;0.00000000;43.75124305;6.89174816;1.53282605;1.61846904;4.21935699;-0.06559626;0.00000000;0.00000000
1229;122.90000000;0.00000000;43.70326575;6.80407873;1.53281768;1.61368563;4.21073867;-0.07906347;0.00000000;0.00000000
1230;123.00000000;0.00000000;43.65512738;6.71649765;1.53912865;1.61526745;4.20354430;-0.05077313;0.00000000;0.00000000
1231;123.10000000;0.00000000;43.60589452;6.62952918;1.55062343;1.62425910;4.20058404;0.01545067;0.00000000;0.00000000
1232;123.20000000;0.00000000;43.55723962;6.54223666;1.56601147;1.63818083;4.20663443;0.03372594;0.00000000;0.00000000
1233;123.30000000;0.00000000;43.50906185;6.45467725;1.56732354;1.63746050;4.20732923;-0.02434339;0.00000000;0.00000000
1234;123.40000000;0.00000000;43.46052803;6.36731670;1.57458311;1.63563852;4.20176575;-0.04516571;0.00000000;0.00000000
1235;123.50000000;0.00000000;43.41137903;6.28029881;1.58741621;1.64061828;4.19829609;-0.07504882;0.00000000;0.00000000
1236;123.60000000;0.00000000;43.36224040;6.19327762;1.58932159;1.65127235;4.18675599;-0.10988701;0.00000000;0.00000000
1237;123.70000000;0.00000000;43.31109627;6.10741710;1.57716097;1.63778219;4.17631869;-0.06520404;0.00000000;0.00000000
1238;123.80000000;0.00000000;43.26015077;6.02143861;1.57150619;1.62889691;4.17371518;-0.03222291;0.00000000;0.00000000
1239;123.90000000;0.00000000;43.20856077;5.93584642;1.57144561;1.62686801;4.16987410;-0.01094114;0.00000000;0.00000000
1240;124.00000000;0.00000000;43.15695638;5.85026199;1.57771195;1.62197113;4.17152695;0.01775336;0.00000000;0.00000000
1241;124.10000000;0.00000000;43.10564920;5.76449906;1.59058887;1.60261485;4.17342478;-0.00740049;0.00000000;0.00000000
1242;124.20000000;0.00000000;43.05437027;5.67871978;1.58487299;1.58928623;4.17004685;-0.05394471;0.00000000;0.00000000
1243;124.30000000;0.00000000;43.00248489;5.59330546;1.57431721;1.58287746;4.16263583;-0.07502587;0.00000000;0.00000000
1244;124.40000000;0.00000000;42.94993986;5.50829505;1.56929106;1.58353858;4.15504168;-0.04785484;0.00000000;0.00000000
1245;124.50000000;0.00000000;42.89676323;5.42367864;1.56987699;1.58170607;4.15306487;0.01132757;0.00000000;0.00000000
1246;124.60000000;0.00000000;42.84388271;5.33887694;1.57715705;1.57153383;4.15730719;0.03485160;0.00000000;0.00000000
1247;124.70000000;0.00000000;42.79142601;5.25381255;1.58134231;1.56718070;4.16003519;0.00863696;0.00000000;0.00000000
1248;124.80000000;0.00000000;42.73900900;5.16872369;1.57800622;1.56914668;4.15903458;0.00496719;0.00000000;0.00000000
1249;124.90000000;0.00000000;42.68638220;5.08376447;1.57591674;1.57769942;4.16102862;0.01537947;0.00000000;0.00000000
1250;125.00000000;0.00000000;42.63430472;4.99846686;1.57382683;1.59185508;4.16211048;-0.01409244;0.00000000;0.00000000
1251;125.10000000;0.00000000;42.58186160;4.91339354;1.57197194;1.58946851;4.15821014;-0.03648727;0.00000000;0.00000000
1252;125.20000000;0.00000000;42.52912038;4.82850485;1.57587378;1.58172900;4.15481302;-0.01594725;0.00000000;0.00000000
1253;125.30000000;0.00000000;42.47610057;4.74378995;1.57801599;1.58061263;4.15502069;0.02100545;0.00000000;0.00000000
1254;125.40000000;0.00000000;42.42339526;4.65888041;1.57660749;1.58543749;4.15901411;0.02338219;0.00000000;0.00000000
1255;125.50000000;0.00000000;42.37105371;4.57374472;1.56269115;1.59609186;4.15969713;-0.01113709;0.00000000;0.00000000
1256;125.60000000;0.00000000;42.31846377;4.48876217;1.54484846;1.59692006;4.15678670;0.00477818;0.00000000;0.00000000
1257;125.70000000;0.00000000;42.26562748;4.40393248;1.53303605;1.59987056;4.16065276;0.01696260;0.00000000;0.00000000
1258;125.80000000;0.00000000;42.21369630;4.31854602;1.52874634;1.59375635;4.16017922;-0.02230699;0.00000000;0.00000000
1259;125.90000000;0.00000000;42.16078076;4.23376813;1.52982624;1.59324379;4.15619136;-0.01528184;0.00000000;0.00000000
1260;126.00000000;0.00000000;42.10817093;4.14879970;1.53777346;1.59457064;4.15712285;-0.01372229;0.00000000;0.00000000
1261;126.10000000;0.00000000;42.05541378;4.06392397;1.54751936;1.60083106;4.15344690;-0.00754373;0.00000000;0.00000000
1262;126.20000000;0.00000000;42.00218056;3.97934436;1.54317629;1.60375230;4.15561410;0.06479249;0.00000000;0.00000000
1263;126.30000000;0.00000000;41.94979061;3.89423887;1.53432357;1.60048303;4.16640540;0.05091478;0.00000000;0.00000000
1264;126.40000000;0.00000000;41.89839442;3.80852900;1.53169700;1.59020530;4.16579706;-0.01516008;0.00000000;0.00000000
1265;126.50000000;0.00000000;41.84590118;3.72348768;1.51760622;1.58745472;4.16337339;-0.00211284;0.00000000;0.00000000
1266;126.60000000;0.00000000;41.79409101;3.63802940;1.51081184;1.59019065;4.16537449;-0.00232596;0.00000000;0.00000000
1267;126.70000000;0.00000000;41.74193927;3.55277986;1.51021265;1.59957664;4.16290819;0.00625027;0.00000000;0.00000000
1268;126.80000000;0.00000000;41.68970846;3.46757858;1.51612234;1.61517563;4.16662454;0.03860820;0.00000000;0.00000000
1269;126.90000000;0.00000000;41.63819059;3.38194180;1.52938186;1.60136630;4.17062983;0.01885659;0.00000000;0.00000000
1270;127.00000000;0.00000000;41.58664284;3.29632300;1.54895484;1.59375101;4.17039586;-0.00105938;0.00000000;0.00000000
1271;127.10000000;0.00000000;41.53508490;3.21071033;1.57307791;1.59239565;4.17041796;0.00145649;0.00000000;0.00000000
1272;127.20000000;0.00000000;41.48354094;3.12508925;1.59722106;1.59728805;4.17068716;0.00373999;0.00000000;0.00000000
1273;127.30000000;0.00000000;41.43202910;3.03944883;1.58661188;1.60835021;4.17116595;0.00582653;0.00000000;0.00000000
1274;127.40000000;0.00000000;41.38056716;2.95377844;1.57729468;1.62543589;4.17185246;0.00790951;0.00000000;0.00000000
1275;127.50000000;0.00000000;41.32917296;2.86806739;1.57435829;1.62303349;4.17274786;0.01133345;0.00000000;0.00000000
1276;127.60000000;0.00000000;41.27786452;2.78230499;1.57785923;1.62370439;4.17411915;0.04648035;0.00000000;0.00000000
1277;127.70000000;0.00000000;41.22670580;2.69645366;1.58782842;1.62613152;4.18204393;0.04712055;0.00000000;0.00000000
1278;127.80000000;0.00000000;41.17676303;2.60988883;1.59130365;1.61442369;4.18354326;0.00399278;0.00000000;0.00000000
1279;127.90000000;0.00000000;41.12586217;2.52388480;1.57889534;1.60996033;4.18284248;0.01454540;0.00000000;0.00000000
1280;128.00000000;0.00000000;41.07579933;2.43739212;1.57372183;1.61072424;4.18645234;0.00042066;0.00000000;0.00000000
1281;128.10000000;0.00000000;41.02552118;2.35102366;1.57463734;1.61792082;4.18292661;-0.02589097;0.00000000;0.00000000
1282;128.20000000;0.00000000;40.97484849;2.26488410;1.57779490;1.62393674;4.18127415;-0.00142036;0.00000000;0.00000000
1283;128.30000000;0.00000000;40.92428431;2.17868081;1.57333251;1.60911847;4.18264254;0.01519610;0.00000000;0.00000000
1284;128.40000000;0.00000000;40.87384755;2.09240289;1.57534561;1.60026797;4.18431337;0.01453541;0.00000000;0.00000000
1285;128.50000000;0.00000000;40.82357170;2.00603108;1.58386047;1.59744583;4.18554962;-0.01853216;0.00000000;0.00000000
1286;128.60000000;0.00000000;40.77334841;1.91962871;1.59057415;1.60080917;4.18060694;-0.03726003;0.00000000;0.00000000
1287;128.70000000;0.00000000;40.72222204;1.83375952;1.58329847;1.61141896;4.17809762;0.00040165;0.00000000;0.00000000
1288;128.80000000;0.00000000;40.67156698;1.74761233;1.57363312;1.62756839;4.18068727;0.00466283;0.00000000;0.00000000
1289;128.90000000;0.00000000;40.62088628;1.66147991;1.55986773;1.63023095;4.17903018;0.00663130;0.00000000;0.00000000
1290;129.00000000;0.00000000;40.56994590;1.57550092;1.55212521;1.63054011;4.18201353;0.01009440;0.00000000;0.00000000
1291;129.10000000;0.00000000;40.51977939;1.48906656;1.55169510;1.62903112;4.18104906;-0.03039812;0.00000000;0.00000000
1292;129.20000000;0.00000000;40.46867214;1.40318409;1.55660341;1.62292796;4.17593391;0.00407937;0.00000000;0.00000000
1293;129.30000000;0.00000000;40.41762357;1.31726673;1.56794706;1.61874014;4.18186494;0.04306441;0.00000000;0.00000000
1294;129.40000000;0.00000000;40.36753943;1.23078542;1.57226305;1.61959963;4.18454679;0.00450422;0.00000000;0.00000000
1295;129.50000000;0.00000000;40.31695346;1.14459726;1.57287839;1.62449210;4.18276578;0.00513462;0.00000000;0.00000000
1296;129.60000000;0.00000000;40.26656214;1.05829583;1.56924463;1.62566184;4.18557371;0.00110572;0.00000000;0.00000000
1297;129.70000000;0.00000000;40.21646086;0.97182474;1.56007566;1.61034713;4.18298693;-0.03330621;0.00000000;0.00000000
1298;129.80000000;0.00000000;40.16562238;0.88578289;1.54994733;1.60198683;4.17891247;-0.01757757;0.00000000;0.00000000
1299;129.90000000;0.00000000;40.11481721;0.79972138;1.54626403;1.59979921;4.17947141;0.00674078;0.00000000;0.00000000
1300;130.00000000;0.00000000;40.06407495;0.71362275;1.54910606;1.60377523;4.18026063;0.03086147;0.00000000;0.00000000
1301;130.10000000;0.00000000;40.01340568;0.62748116;1.55844927;1.61385780;4.18564371;0.04571676;0.00000000;0.00000000
1302;130.20000000;0.00000000;39.96359442;0.54084317;1.56847997;1.62904247;4.18940398;-0.00250195;0.00000000;0.00000000
1303;130.30000000;0.00000000;39.91357547;0.45432482;1.55552215;1.63791817;4.18514332;-0.03611374;0.00000000;0.00000000
1304;130.40000000;0.00000000;39.86302664;0.36811250;1.54830533;1.63784991;4.18218123;-0.01335151;0.00000000;0.00000000
1305;130.50000000;0.00000000;39.81249493;0.28189013;1.54754210;1.62915015;4.18247301;0.00411928;0.00000000;0.00000000
1306;130.60000000;0.00000000;39.76199641;0.19564832;1.55326052;1.62399919;4.18300509;0.03571934;0.00000000;0.00000000
1307;130.70000000;0.00000000;39.71155649;0.10937223;1.56541862;1.62492203;4.18961688;0.04324170;0.00000000;0.00000000
1308;130.80000000;0.00000000;39.66220325;0.02247104;1.57418971;1.62509283;4.19165343;-0.01740006;0.00000000;0.00000000
1309;130.90000000;0.00000000;39.61211602;-0.06400826;1.56922296;1.62179462;4.18613687;-0.03036160;0.00000000;0.00000000
1310;131.00000000;0.00000000;39.56180656;-0.15036046;1.56478761;1.62380080;4.18558111;-0.00490043;0.00000000;0.00000000
1311;131.10000000;0.00000000;39.51162238;-0.23678551;1.56246918;1.63179218;4.18515678;-0.02675495;0.00000000;0.00000000
1312;131.20000000;0.00000000;39.46124041;-0.32309368;1.55293972;1.64385215;4.18023012;-0.00922581;0.00000000;0.00000000
1313;131.30000000;0.00000000;39.41020764;-0.40901916;1.54905421;1.63081844;4.18331162;0.02108187;0.00000000;0.00000000
1314;131.40000000;0.00000000;39.36035777;-0.49563752;1.55297731;1.62247248;4.18444649;0.00678502;0.00000000;0.00000000
1315;131.50000000;0.00000000;39.30951979;-0.58167925;1.56215805;1.62140336;4.18466863;0.02087605;0.00000000;0.00000000
1316;131.60000000;0.00000000;39.25970947;-0.66831792;1.57191379;1.62530064;4.18862170;0.01879119;0.00000000;0.00000000
1317;131.70000000;0.00000000;39.20955393;-0.75475784;1.55888479;1.63570226;4.18842686;0.02051645;0.00000000;0.00000000
1318;131.80000000;0.00000000;39.15971049;-0.84137600;1.55255303;1.63590689;4.19272499;0.01612866;0.00000000;0.00000000
1319;131.90000000;0.00000000;39.11029975;-0.92824403;1.55314046;1.62340439;4.19165260;-0.01918143;0.00000000;0.00000000
1320;132.00000000;0.00000000;39.06026897;-1.01475799;1.54986383;1.61770692;4.18888871;-0.03999657;0.00000000;0.00000000
1321;132.10000000;0.00000000;39.01037818;-1.10135265;1.55079994;1.61801189;4.18365328;-0.02314829;0.00000000;0.00000000
1322;132.20000000;0.00000000;38.95944427;-1.18733803;1.55453554;1.62369929;4.18425905;0.02117115;0.00000000;0.00000000
1323;132.30000000;0.00000000;38.90965913;-1.27399186;1.56239306;1.61897894;4.18788751;-0.00182747;0.00000000;0.00000000
1324;132.40000000;0.00000000;38.85935129;-1.36034331;1.56298796;1.62102319;4.18389355;-0.01831341;0.00000000;0.00000000
1325;132.50000000;0.00000000;38.80887485;-1.44659791;1.56485358;1.62940004;4.18422483;0.00679852;0.00000000;0.00000000
1326;132.60000000;0.00000000;38.75862355;-1.53298386;1.55541393;1.63862975;4.18525326;-0.01553296;0.00000000;0.00000000
1327;132.70000000;0.00000000;38.70832513;-1.61934124;1.54061532;1.62471779;4.18111824;-0.00118100;0.00000000;0.00000000
1328;132.80000000;0.00000000;38.65736147;-1.70530809;1.53143529;1.61764521;4.18501706;0.03330482;0.00000000;0.00000000
1329;132.90000000;0.00000000;38.60773741;-1.79205601;1.53029763;1.61518056;4.18777920;0.01807310;0.00000000;0.00000000
1330;133.00000000;0.00000000;38.55724929;-1.87830333;1.53468146;1.61988933;4.18863168;0.02809970;0.00000000;0.00000000
1331;133.10000000;0.00000000;38.50777455;-1.96513338;1.54668473;1.62956179;4.19339914;0.01238471;0.00000000;0.00000000
1332;133.20000000;0.00000000;38.45811151;-2.05185740;1.55878393;1.64215107;4.19110862;-0.01788298;0.00000000;0.00000000
1333;133.30000000;0.00000000;38.40823828;-2.13846205;1.55404191;1.63769033;4.18982255;-0.02495873;0.00000000;0.00000000
1334;133.40000000;0.00000000;38.35835203;-2.22505858;1.54866172;1.63779624;4.18611687;-0.05505889;0.00000000;0.00000000
1335;133.50000000;0.00000000;38.30783841;-2.31129107;1.54899623;1.63523698;4.17881077;-0.03994796;0.00000000;0.00000000
1336;133.60000000;0.00000000;38.25669177;-2.39715009;1.55503222;1.62606242;4.17812728;-0.00131025;0.00000000;0.00000000
1337;133.70000000;0.00000000;38.20606014;-2.48331374;1.56408404;1.62240303;4.17854872;0.01975893;0.00000000;0.00000000
1338;133.80000000;0.00000000;38.15498607;-2.56921554;1.55898110;1.62540697;4.18207907;0.05885505;0.00000000;0.00000000
1339;133.90000000;0.00000000;38.10496661;-2.65573021;1.56149373;1.63331515;4.19031973;0.03788310;0.00000000;0.00000000
1340;134.00000000;0.00000000;38.05531525;-2.74246188;1.55947479;1.63980412;4.18965569;-0.02471706;0.00000000;0.00000000
1341;134.10000000;0.00000000;38.00517864;-2.82891402;1.54495709;1.64870633;4.18537632;-0.01233062;0.00000000;0.00000000
1342;134.20000000;0.00000000;37.95478676;-2.91521763;1.53651944;1.65586982;4.18718957;0.01344569;0.00000000;0.00000000
1343;134.30000000;0.00000000;37.90496376;-3.00185142;1.53521524;1.64259082;4.18806546;0.01343691;0.00000000;0.00000000
1344;134.40000000;0.00000000;37.85472290;-3.08824358;1.53992639;1.63580485;4.18987695;0.05103754;0.00000000;0.00000000
1345;134.50000000;0.00000000;37.80521438;-3.17505685;1.55191129;1.63426575;4.19827296;0.08390796;0.00000000;0.00000000
1346;134.60000000;0.00000000;37.75643171;-3.26227958;1.56462546;1.63799969;4.20665854;0.06982408;0.00000000;0.00000000
1347;134.70000000;0.00000000;37.70838634;-3.34991036;1.55508552;1.63400230;4.21223778;0.02696361;0.00000000;0.00000000
1348;134.80000000;0.00000000;37.66057957;-3.43767271;1.55220809;1.63177632;4.21205126;-0.01106147;0.00000000;0.00000000
1349;134.90000000;0.00000000;37.61250101;-3.52528649;1.55544938;1.63597394;4.21002549;0.01165908;0.00000000;0.00000000
1350;135.00000000;0.00000000;37.56433937;-3.61285387;1.55470834;1.64633324;4.21438308;0.04042022;0.00000000;0.00000000
1351;135.10000000;0.00000000;37.51702612;-3.70088344;1.55374732;1.62843875;4.21810953;0.04123843;0.00000000;0.00000000
1352;135.20000000;0.00000000;37.46951806;-3.78880804;1.55898409;1.61600124;4.22263076;0.05323959;0.00000000;0.00000000
1353;135.30000000;0.00000000;37.42300318;-3.87726102;1.57168717;1.60855993;4.22875745;0.05468898;0.00000000;0.00000000
1354;135.40000000;0.00000000;37.37657603;-3.96576113;1.59067739;1.60721037;4.23356856;0.06012891;0.00000000;0.00000000
1355;135.50000000;0.00000000;37.33091512;-4.05465622;1.58224625;1.61120746;4.24078323;0.05128884;0.00000000;0.00000000
1356;135.60000000;0.00000000;37.28576974;-4.14381700;1.57999761;1.61280050;4.24382632;0.02586791;0.00000000;0.00000000
1357;135.70000000;0.00000000;37.24064960;-4.23299055;1.58053180;1.59384877;4.24595681;0.05038062;0.00000000;0.00000000
1358;135.80000000;0.00000000;37.19588556;-4.32234085;1.57963928;1.58060365;4.25390245;0.07338064;0.00000000;0.00000000
1359;135.90000000;0.00000000;37.15218812;-4.41222011;1.58624548;1.57241671;4.26063294;0.07904206;0.00000000;0.00000000
1360;136.00000000;0.00000000;37.10863002;-4.50216661;1.58753884;1.57040451;4.26971086;0.09252222;0.00000000;0.00000000
1361;136.10000000;0.00000000;37.06657152;-4.59282439;1.58192718;1.57308897;4.27913738;0.05732446;0.00000000;0.00000000
1362;136.20000000;0.00000000;37.02471669;-4.68357635;1.58030037;1.58187172;4.28117575;0.04786359;0.00000000;0.00000000
1363;136.30000000;0.00000000;36.98302814;-4.77440481;1.58516838;1.59209493;4.28871010;0.08803215;0.00000000;0.00000000
1364;136.40000000;0.00000000;36.94254685;-4.86577420;1.59759837;1.59602278;4.29878218;0.09604119;0.00000000;0.00000000
1365;136.50000000;0.00000000;36.90269629;-4.95742387;1.60979705;1.58991520;4.30791834;0.10071705;0.00000000;0.00000000
1366;136.60000000;0.00000000;36.86389174;-5.04951647;1.60760216;1.58560747;4.31892560;0.10593165;0.00000000;0.00000000
1367;136.70000000;0.00000000;36.82606829;-5.14202106;1.61267433;1.58554048;4.32910467;0.11056111;0.00000000;0.00000000
1368;136.80000000;0.00000000;36.78914663;-5.23488426;1.62485195;1.57429507;4.34103782;0.10562345;0.00000000;0.00000000
1369;136.90000000;0.00000000;36.75354145;-5.32826506;1.63703716;1.56793112;4.35022936;0.07287281;0.00000000;0.00000000
1370;137.00000000;0.00000000;36.71833142;-5.42179567;1.63456356;1.56352233;4.35561238;0.08789407;0.00000000;0.00000000
1371;137.10000000;0.00000000;36.68373458;-5.51555181;1.61644530;1.54517988;4.36780817;0.11868389;0.00000000;0.00000000
1372;137.20000000;0.00000000;36.65081611;-5.60991337;1.60613687;1.53136906;4.37934916;0.12248675;0.00000000;0.00000000
1373;137.30000000;0.00000000;36.61839177;-5.70444486;1.60253105;1.52347835;4.39230552;0.12964294;0.00000000;0.00000000
1374;137.40000000;0.00000000;36.58792921;-5.79962774;1.60721383;1.51572352;4.40527774;0.09354432;0.00000000;0.00000000
1375;137.50000000;0.00000000;36.55796777;-5.89496956;1.61858787;1.51227530;4.41101439;0.06253802;0.00000000;0.00000000
1376;137.60000000;0.00000000;36.52859927;-5.99049557;1.62119715;1.50445353;4.41778535;0.06872335;0.00000000;0.00000000
1377;137.70000000;0.00000000;36.49993173;-6.08623411;1.62912091;1.49450797;4.42475906;0.10300205;0.00000000;0.00000000
1378;137.80000000;0.00000000;36.47189844;-6.18216027;1.64031604;1.49054718;4.43838576;0.14462692;0.00000000;0.00000000
1379;137.90000000;0.00000000;36.44585154;-6.27864046;1.65429190;1.49121954;4.45368444;0.15107406;0.00000000;0.00000000
1380;138.00000000;0.00000000;36.42076598;-6.37537918;1.66719502;1.48918680;4.46860057;0.15265717;0.00000000;0.00000000
1381;138.10000000;0.00000000;36.39760884;-6.47259211;1.68786705;1.48157065;4.48421588;0.15452193;0.00000000;0.00000000
1382;138.20000000;0.00000000;36.37555616;-6.57006686;1.69328559;1.47888454;4.49950496;0.15546016;0.00000000;0.00000000
1383;138.30000000;0.00000000;36.35538223;-6.66794153;1.69039581;1.47537666;4.51530791;0.12533879;0.00000000;0.00000000
1384;138.40000000;0.00000000;36.33642075;-6.76606442;1.69072724;1.47414021;4.52457272;0.10451561;0.00000000;0.00000000
1385;138.50000000;0.00000000;36.31806266;-6.86430216;1.69592493;1.45708333;4.53621103;0.13123029;0.00000000;0.00000000
1386;138.60000000;0.00000000;36.30139113;-6.96283393;1.70152087;1.44503818;4.55081877;0.14440986;0.00000000;0.00000000
1387;138.70000000;0.00000000;36.28591043;-7.06156602;1.68605703;1.43863699;4.56509300;0.14315037;0.00000000;0.00000000
1388;138.80000000;0.00000000;36.27205834;-7.16053346;1.67221954;1.43751905;4.57944885;0.14186682;0.00000000;0.00000000
1389;138.90000000;0.00000000;36.25941831;-7.25966931;1.65959235;1.44211735;4.59346637;0.13985237;0.00000000;0.00000000
1390;139.00000000;0.00000000;36.24834592;-7.35898627;1.64853051;1.45202523;4.60741932;0.10928575;0.00000000;0.00000000
1391;139.10000000;0.00000000;36.23847684;-7.45843626;1.63867016;1.46187970;4.61532352;0.10746541;0.00000000;0.00000000
1392;139.20000000;0.00000000;36.22897524;-7.55792217;1.62917694;1.47136793;4.62891240;0.16742908;0.00000000;0.00000000
1393;139.30000000;0.00000000;36.22181378;-7.65758590;1.62202093;1.47852066;4.64880933;0.16635605;0.00000000;0.00000000
1394;139.40000000;0.00000000;36.21627723;-7.75737115;1.61648775;1.48405154;4.66218361;0.11134236;0.00000000;0.00000000
1395;139.50000000;0.00000000;36.21178342;-7.85720475;1.61199641;1.48854100;4.67107780;0.05869197;0.00000000;0.00000000
1396;139.60000000;0.00000000;36.20802263;-7.95707269;1.60823746;1.49229834;4.67392201;0.05456106;0.00000000;0.00000000
1397;139.70000000;0.00000000;36.20409664;-8.05693421;1.60431345;1.49622074;4.68199002;0.14043898;0.00000000;0.00000000
1398;139.80000000;0.00000000;36.20194815;-8.15683645;1.60216604;1.49836688;4.70200980;0.16387717;0.00000000;0.00000000
1399;139.90000000;0.00000000;36.20202240;-8.25677273;1.60224052;1.49829145;-1.56841986;0.08512326;0.00000000;0.00000000
1400;140.00000000;0.00000000;36.20242314;-8.35671035;1.60264141;1.49788962;-1.56415085;0.06482371;0.00000000;0.00000000
1401;140.10000000;0.00000000;36.20335065;-8.45664268;1.60356908;1.50232931;-1.55545512;0.09990309;0.00000000;0.00000000
1402;140.20000000;0.00000000;36.20548927;-8.55655693;1.60570800;1.51217004;-1.54417023;0.07999705;0.00000000;0.00000000
1403;140.30000000;0.00000000;36.20867183;-8.65644381;1.60889117;1.52747014;-1.53945571;0.02301401;0.00000000;0.00000000
1404;140.40000000;0.00000000;36.21175246;-8.75633398;1.61197236;1.54414029;-1.53956743;0.02056986;0.00000000;0.00000000
1405;140.50000000;0.00000000;36.21491271;-8.85622181;1.61513321;1.56599141;-1.53534173;0.05509764;0.00000000;0.00000000
1406;140.60000000;0.00000000;36.21883744;-8.95608286;1.61905888;1.58142180;-1.52854790;0.05934317;0.00000000;0.00000000
1407;140.70000000;0.00000000;36.22335463;-9.05591912;1.59877544;1.57690823;-1.52347310;0.04216967;0.00000000;0.00000000
1408;140.80000000;0.00000000;36.22829271;-9.15573563;1.57614783;1.57197424;-1.52011397;0.02502609;0.00000000;0.00000000
1409;140.90000000;0.00000000;36.23348054;-9.25553958;1.55985561;1.56812254;-1.51846788;0.00790274;0.00000000;0.00000000
1410;141.00000000;0.00000000;36.23874721;-9.35533944;1.54992797;1.57055450;-1.51853342;0.01779906;0.00000000;0.00000000
1411;141.10000000;0.00000000;36.24392196;-9.45514407;1.54631650;1.57941089;-1.51490807;0.04984498;0.00000000;0.00000000
1412;141.20000000;0.00000000;36.24991193;-9.55489988;1.54997202;1.59368987;-1.50856442;0.05173407;0.00000000;0.00000000
1413;141.30000000;0.00000000;36.25635243;-9.65463055;1.55641036;1.61360326;-1.50456126;0.02644458;0.00000000;0.00000000
1414;141.40000000;0.00000000;36.26314101;-9.75433705;1.56184612;1.63689748;-1.50327551;-0.00110073;0.00000000;0.00000000
1415;141.50000000;0.00000000;36.26983788;-9.85404975;1.53630256;1.63019887;-1.50478140;-0.02837058;0.00000000;0.00000000
1416;141.60000000;0.00000000;36.27632621;-9.95377731;1.51671898;1.62370892;-1.50894962;-0.05653923;0.00000000;0.00000000
1417;141.70000000;0.00000000;36.28219148;-10.05354058;1.50291626;1.62156741;-1.51608925;-0.05915385;0.00000000;0.00000000
1418;141.80000000;0.00000000;36.28725520;-10.15335093;1.49487556;1.62637937;-1.52078039;-0.03350618;0.00000000;0.00000000
1419;141.90000000;0.00000000;36.29218437;-10.25316799;1.49335923;1.63742211;-1.52279048;-0.02645982;0.00000000;0.00000000
1420;142.00000000;0.00000000;36.29684678;-10.35299772;1.49756229;1.65470044;-1.52607236;-0.03859438;0.00000000;0.00000000
1421;142.10000000;0.00000000;36.30112067;-10.45284480;1.50183731;1.67813924;-1.53050936;-0.05000445;0.00000000;0.00000000
1422;142.20000000;0.00000000;36.30489701;-10.55271169;1.50561442;1.69581274;-1.53607325;-0.07804430;0.00000000;0.00000000
1423;142.30000000;0.00000000;36.30805956;-10.65259983;1.50877737;1.69265460;-1.54611822;-0.13744799;0.00000000;0.00000000
1424;142.40000000;0.00000000;36.30982876;-10.75251435;1.51054682;1.69088848;-1.56356285;-0.16812547;0.00000000;0.00000000
1425;142.50000000;0.00000000;36.30950521;-10.85245112;1.51022383;1.69121359;4.70344199;-0.14126381;0.00000000;0.00000000
1426;142.60000000;0.00000000;36.30804054;-10.95237747;1.50876059;1.69267963;4.69136970;-0.12670033;0.00000000;0.00000000
1427;142.70000000;0.00000000;36.30530440;-11.05227687;1.50602733;1.69541739;4.67810193;-0.13600626;0.00000000;0.00000000
1428;142.80000000;0.00000000;36.30118896;-11.15212898;1.50191692;1.69953523;4.66416845;-0.14893243;0.00000000;0.00000000
1429;142.90000000;0.00000000;36.29567035;-11.25191339;1.49640618;1.70505763;4.64831544;-0.20128601;0.00000000;0.00000000
1430;143.00000000;0.00000000;36.28839200;-11.35157864;1.48914044;1.71233506;4.62391124;-0.24435526;0.00000000;0.00000000
1431;143.10000000;0.00000000;36.27801172;-11.45097508;1.47878319;1.72269375;4.59944439;-0.21312245;0.00000000;0.00000000
1432;143.20000000;0.00000000;36.26586609;-11.55017203;1.46666868;1.73481197;4.58128675;-0.19457233;0.00000000;0.00000000
1433;143.30000000;0.00000000;36.25188359;-11.64912778;1.45272748;1.74876056;4.56052992;-0.21185897;0.00000000;0.00000000
1434;143.40000000;0.00000000;36.23563143;-11.74773602;1.43646948;1.76497007;4.53891496;-0.21081916;0.00000000;0.00000000
1435;143.50000000;0.00000000;36.21738568;-11.84599392;1.41817697;1.75944069;4.51836609;-0.20851383;0.00000000;0.00000000
1436;143.60000000;0.00000000;36.19709624;-11.94384908;1.39782958;1.75307052;4.49721219;-0.21468057;0.00000000;0.00000000
1437;143.70000000;0.00000000;36.17471152;-12.04124502;1.38209627;1.75452953;4.47542997;-0.22103503;0.00000000;0.00000000
1438;143.80000000;0.00000000;36.15018028;-12.13812130;1.37126821;1.76386041;4.45300519;-0.22752263;0.00000000;0.00000000
1439;143.90000000;0.00000000;36.12345203;-12.23441331;1.36540236;1.78099829;4.42992545;-0.23412115;0.00000000;0.00000000
1440;144.00000000;0.00000000;36.09447743;-12.33005220;1.36449955;1.80427437;4.40618096;-0.24080105;0.00000000;0.00000000
1441;144.10000000;0.00000000;36.06320888;-12.42496483;1.36850327;1.80562894;4.38176524;-0.24752548;0.00000000;0.00000000
1442;144.20000000;0.00000000;36.02960108;-12.51907376;1.37730149;1.81276531;4.35667586;-0.25425028;0.00000000;0.00000000
1443;144.30000000;0.00000000;35.99361176;-12.61229737;1.39073149;1.78448708;4.33091518;-0.26092429;0.00000000;0.00000000
1444;144.40000000;0.00000000;35.95520237;-12.70454999;1.40858694;1.76363458;4.30449100;-0.26210297;0.00000000;0.00000000
1445;144.50000000;0.00000000;35.91433892;-12.79574225;1.41116490;1.75091014;4.27849459;-0.24925209;0.00000000;0.00000000
1446;144.60000000;0.00000000;35.87118522;-12.88587819;1.40512972;1.74634924;4.25464059;-0.24718404;0.00000000;0.00000000
1447;144.70000000;0.00000000;35.82601860;-12.97501912;1.40394437;1.74637320;4.22905778;-0.27308751;0.00000000;0.00000000
1448;144.80000000;0.00000000;35.77831217;-13.06282903;1.40700091;1.73867701;4.20002308;-0.29362895;0.00000000;0.00000000
1449;144.90000000;0.00000000;35.72804619;-13.14920190;1.41420223;1.71596572;4.17033199;-0.30284917;0.00000000;0.00000000
1450;145.00000000;0.00000000;35.67520988;-13.23403011;1.42541711;1.70181247;4.13945325;-0.29057521;0.00000000;0.00000000
1451;145.10000000;0.00000000;35.61970669;-13.31713934;1.44037092;1.69661904;4.11221695;-0.27154300;0.00000000;0.00000000
1452;145.20000000;0.00000000;35.56233002;-13.39896525;1.45767671;1.69957261;4.08514465;-0.27360711;0.00000000;0.00000000
1453;145.30000000;0.00000000;35.50241373;-13.47894448;1.47187568;1.71148904;4.05749553;-0.25625943;0.00000000;0.00000000
1454;145.40000000;0.00000000;35.44060438;-13.55747152;1.48370557;1.73143829;4.03389276;-0.23620704;0.00000000;0.00000000
1455;145.50000000;0.00000000;35.37698108;-13.63453390;1.49321407;1.75908342;4.01025412;-0.25519251;0.00000000;0.00000000
1456;145.60000000;0.00000000;35.31153192;-13.71004946;1.50033524;1.75316627;3.98285426;-0.28842976;0.00000000;0.00000000
1457;145.70000000;0.00000000;35.24379124;-13.78350250;1.50437565;1.74912427;3.95256817;-0.27626805;0.00000000;0.00000000
1458;145.80000000;0.00000000;35.17389202;-13.85491673;1.50544719;1.71214557;3.92760065;-0.22141978;0.00000000;0.00000000
1459;145.90000000;0.00000000;35.10255863;-13.92490747;1.50449816;1.68102742;3.90828421;-0.20784495;0.00000000;0.00000000
1460;146.00000000;0.00000000;35.02995272;-13.99356908;1.50360418;1.65716294;3.88603166;-0.24384044;0.00000000;0.00000000
1461;146.10000000;0.00000000;34.95557957;-14.06031379;1.50674108;1.64163555;3.85951612;-0.26946651;0.00000000;0.00000000
1462;146.20000000;0.00000000;34.87943420;-14.12503206;1.51379753;1.63477844;3.83213836;-0.27894524;0.00000000;0.00000000
1463;146.30000000;0.00000000;34.80151625;-14.18760922;1.52462779;1.63679345;3.80372707;-0.29441226;0.00000000;0.00000000
1464;146.40000000;0.00000000;34.72181360;-14.24790215;1.53902721;1.64776509;3.77325591;-0.32883103;0.00000000;0.00000000
1465;146.50000000;0.00000000;34.64022678;-14.30561912;1.55659819;1.63836307;3.73796087;-0.34955965;0.00000000;0.00000000
1466;146.60000000;0.00000000;34.55647587;-14.36013644;1.56863598;1.60599451;3.70334398;-0.34061692;0.00000000;0.00000000
1467;146.70000000;0.00000000;34.47109802;-14.41206740;1.57430500;1.58227497;3.66983748;-0.35100919;0.00000000;0.00000000
1468;146.80000000;0.00000000;34.38389273;-14.46084935;1.57485938;1.56820219;3.63314214;-0.35691800;0.00000000;0.00000000
1469;146.90000000;0.00000000;34.29494673;-14.50637529;1.57409484;1.56410449;3.59845388;-0.33806991;0.00000000;0.00000000
1470;147.00000000;0.00000000;34.20456709;-14.54899608;1.57643191;1.56961484;3.56552815;-0.33406614;0.00000000;0.00000000
1471;147.10000000;0.00000000;34.11281941;-14.58856958;1.57959261;1.57280434;3.53164066;-0.33794322;0.00000000;0.00000000
1472;147.20000000;0.00000000;34.01976075;-14.62497200;1.57108299;1.56245119;3.49793951;-0.34312351;0.00000000;0.00000000
1473;147.30000000;0.00000000;33.92555204;-14.65827758;1.56478192;1.56175260;3.46301595;-0.35724693;0.00000000;0.00000000
1474;147.40000000;0.00000000;33.83017789;-14.68809736;1.56117393;1.56061310;3.42649013;-0.36491088;0.00000000;0.00000000
1475;147.50000000;0.00000000;33.73377961;-14.71444087;1.56033481;1.56218703;3.39003378;-0.37104114;0.00000000;0.00000000
1476;147.60000000;0.00000000;33.63647533;-14.73723623;1.56223306;1.57376472;3.35228190;-0.37594173;0.00000000;0.00000000
1477;147.70000000;0.00000000;33.53836028;-14.75623386;1.56663571;1.59532738;3.31484543;-0.36758295;0.00000000;0.00000000
1478;147.80000000;0.00000000;33.43963135;-14.77168537;1.57379728;1.61398529;3.27876531;-0.36095495;0.00000000;0.00000000
1479;147.90000000;0.00000000;33.34041377;-14.78355830;1.58365753;1.61694830;3.24265444;-0.36106275;0.00000000;0.00000000
1480;148.00000000;0.00000000;33.24083616;-14.79184464;1.59193925;1.60867512;3.20655276;-0.36169336;0.00000000;0.00000000
1481;148.10000000;0.00000000;33.14102651;-14.79652877;1.59662158;1.60399724;3.17031577;-0.36297016;0.00000000;0.00000000
1482;148.20000000;0.00000000;33.04111352;-14.79758288;1.59767523;1.60294558;3.13395873;-0.36302916;0.00000000;0.00000000
1483;148.30000000;0.00000000;32.94122713;-14.79500349;1.59509530;1.60552690;3.09770994;-0.36664714;0.00000000;0.00000000
1484;148.40000000;0.00000000;32.84149852;-14.78881760;1.58890741;1.61171759;3.06062930;-0.37513529;0.00000000;0.00000000
1485;148.50000000;0.00000000;32.74207358;-14.77884402;1.57892887;1.62170257;3.02268288;-0.37983741;0.00000000;0.00000000
1486;148.60000000;0.00000000;32.64309374;-14.76511351;1.56518926;1.63545494;2.98466182;-0.28555105;0.00000000;0.00000000
1487;148.70000000;0.00000000;32.54470462;-14.74761395;1.55179059;1.65299114;2.96557267;-0.19089143;0.00000000;0.00000000
