id; s_m; d_m; x_m; y_m; d_right; d_left; psi_rad; kappa_radpm; vx_mps; ax_mps2
0;0.00000000;0.00000000;-8.26156988;-17.84153893;1.05916943;2.14162873;0.11860438;0.05572604;12.21381992;2.21086058
1;0.09996192;0.00000000;-8.16234248;-17.82943434;1.07123919;2.12953152;0.12417188;0.05566533;12.23190095;2.19979324
2;0.19992384;0.00000000;-8.06318633;-17.81677809;1.08385912;2.11688374;0.12973327;0.05560648;12.24986498;2.18879501
3;0.29988576;0.00000000;-7.96409966;-17.80357056;1.09702919;2.10368584;0.13528890;0.05554727;12.26771308;2.17786528
4;0.39984768;0.00000000;-7.86509029;-17.78981339;1.11074777;2.08993966;0.14083856;0.05548984;12.28544633;2.16700344
5;0.49980961;0.00000000;-7.76615629;-17.77550688;1.12501490;2.07564563;0.14638271;0.05543428;12.30306576;2.15620891
6;0.59977153;0.00000000;-7.66730557;-17.76065274;1.13982895;2.06080571;0.15192125;0.05538049;12.32057242;2.14548110
7;0.69973345;0.00000000;-7.56853609;-17.74525121;1.15519006;2.04542030;0.15745461;0.05532775;12.33796732;2.13481942
8;0.79969537;0.00000000;-7.46985584;-17.72930407;1.17109657;2.02949147;0.16298265;0.05527675;12.35525147;2.12422330
9;0.89965729;0.00000000;-7.37126265;-17.71281147;1.18754871;2.01301960;0.16850579;0.05522701;12.37242586;2.11369219
10;0.99961921;0.00000000;-7.27276459;-17.69577528;1.20454481;1.99600693;0.17402390;0.05517899;12.38949148;2.10322551
11;1.09958113;0.00000000;-7.17435939;-17.67819560;1.22208519;1.97845382;0.17953742;0.05513218;12.40644929;2.09282272
12;1.19954305;0.00000000;-7.07605520;-17.66007434;1.24016814;1.96036265;0.18504619;0.05508708;12.42330026;2.08248328
13;1.29950497;0.00000000;-6.97784965;-17.64141154;1.25879408;1.94173379;0.19055067;0.05504318;12.44004531;2.07220665
14;1.39946690;0.00000000;-6.87975091;-17.62220918;1.27796129;1.92256981;0.19605070;0.05500099;12.45668539;2.06199229
15;1.49942882;0.00000000;-6.78175658;-17.60246724;1.29767025;1.90287109;0.20154671;0.05496000;12.47322141;2.05183969
16;1.59939074;0.00000000;-6.68387485;-17.58218778;1.31791923;1.88264041;0.20703857;0.05492070;12.48965428;2.04174833
17;1.69935266;0.00000000;-6.58610326;-17.56137069;1.31575849;1.86222801;0.21252670;0.05488261;12.50598489;2.03171769
18;1.79931458;0.00000000;-6.48845003;-17.54001810;1.30668215;1.84646399;0.21801097;0.05484619;12.52221414;2.02174727
19;1.89927650;0.00000000;-6.39091264;-17.51812986;1.30576831;1.83546809;0.22349180;0.05481101;12.53834289;2.01183657
20;1.99923842;0.00000000;-6.29349933;-17.49570815;1.31303374;1.82932758;0.22896905;0.05477747;12.55437201;2.00198510
21;2.09920034;0.00000000;-6.19620757;-17.47275274;1.32834408;1.82809158;0.23444316;0.05474520;12.57030234;1.99219237
22;2.19916227;0.00000000;-6.09904558;-17.44926590;1.35142437;1.83177043;0.23991397;0.05471456;12.58613474;1.98245791
23;2.29912419;0.00000000;-6.00201081;-17.42524734;1.34160230;1.82533342;0.24538194;0.05468521;12.60187003;1.97278123
24;2.39908611;0.00000000;-5.90511146;-17.40069938;1.33844115;1.80243972;0.25084691;0.05465748;12.61750904;1.96316187
25;2.49904803;0.00000000;-5.80834502;-17.37562167;1.34327936;1.78431825;0.25630932;0.05463108;12.63305257;1.95359935
26;2.59900995;0.00000000;-5.71171962;-17.35001660;1.35603064;1.76998562;0.26176902;0.05460628;12.64850143;1.94409324
27;2.69897187;0.00000000;-5.61523279;-17.32388376;1.37647516;1.75641473;0.26722646;0.05458286;12.66385640;1.93464306
28;2.79893379;0.00000000;-5.51889261;-17.29722559;1.38021865;1.74791815;0.27268148;0.05456104;12.67911827;1.92524837
29;2.89889571;0.00000000;-5.42269664;-17.27004163;1.38190242;1.74457005;0.27813455;0.05454062;12.69428782;1.91590873
30;2.99885763;0.00000000;-5.32665291;-17.24233437;1.39069556;1.74640051;0.28358551;0.05452179;12.70936580;1.90662371
31;3.09881956;0.00000000;-5.23075903;-17.21410332;1.40103491;1.73932952;0.28903481;0.05450450;12.72435297;1.89739286
32;3.19878148;0.00000000;-5.13502295;-17.18535099;1.39551651;1.73008795;0.29448231;0.05448877;12.73925008;1.88821576
33;3.29874340;0.00000000;-5.03944236;-17.15607685;1.39461007;1.72604918;0.29992846;0.05447445;12.75405787;1.87909199
34;3.39870532;0.00000000;-4.94402510;-17.12628346;1.40139583;1.72725018;0.30537310;0.05446170;12.76877705;1.87002114
35;3.49866724;0.00000000;-4.84876898;-17.09597027;1.41576321;1.72565941;0.31081673;0.05445106;12.78340835;1.86100277
36;3.59862916;0.00000000;-4.75368171;-17.06513984;1.43748365;1.71578864;0.31625922;0.05444195;12.79795249;1.85203650
37;3.69859108;0.00000000;-4.65876122;-17.03379159;1.44494028;1.70873582;0.32170096;0.05443321;12.81241016;1.84312190
38;3.79855300;0.00000000;-4.56401509;-17.00192812;1.44895929;1.70395174;0.32714177;0.05442600;12.82678207;1.83425859
39;3.89851492;0.00000000;-4.46944137;-16.96954885;1.46036648;1.70448130;0.33258227;0.05442448;12.84106889;1.82544617
40;3.99847685;0.00000000;-4.37504751;-16.93665634;1.47898999;1.71031955;0.33802257;0.05442453;12.85527131;1.81668425
41;4.09843877;0.00000000;-4.28083173;-16.90325000;1.46862310;1.72141261;0.34346261;0.05441660;12.86939000;1.80797243
42;4.19840069;0.00000000;-4.18680128;-16.86933246;1.45779251;1.72754795;0.34890180;0.05441010;12.88342562;1.79931035
43;4.29836261;0.00000000;-4.09295453;-16.83490316;1.45201445;1.72738100;0.35434182;0.05443101;12.89737883;1.79069761
44;4.39832453;0.00000000;-3.99929864;-16.79996454;1.44323295;1.71661940;0.35978390;0.05445360;12.91125029;1.78213385
45;4.49828645;0.00000000;-3.90583224;-16.76451581;1.44189105;1.69479946;0.36522969;0.05450272;12.92504062;1.77361870
46;4.59824837;0.00000000;-3.81256240;-16.72855918;1.44800999;1.67811890;0.37068035;0.05455349;12.93875047;1.76515178
47;4.69821029;0.00000000;-3.71948803;-16.69209368;1.46001520;1.66673130;0.37613631;0.05460647;12.95238046;1.75673274
48;4.79817221;0.00000000;-3.62661605;-16.65512144;1.47442817;1.66074583;0.38159753;0.05466098;12.96593122;1.74836122
49;4.89813414;0.00000000;-3.53394557;-16.61764153;1.49592868;1.66022032;0.38706436;0.05471632;12.97940335;1.74003686
50;4.99809606;0.00000000;-3.44148333;-16.57965608;1.51867933;1.66515941;0.39253668;0.05477320;12.99279748;1.73175932
51;5.09805798;0.00000000;-3.34922864;-16.54116419;1.51134256;1.67551427;0.39801492;0.05483245;13.00611419;1.72352824
52;5.19801990;0.00000000;-3.25718808;-16.50216797;1.51114713;1.67457049;0.40349905;0.05489327;13.01935408;1.71534328
53;5.29798182;0.00000000;-3.16536117;-16.46266655;1.51056161;1.66262854;0.40898945;0.05495586;13.03251774;1.70720411
54;5.39794374;0.00000000;-3.07375433;-16.42266201;1.49399929;1.65609423;0.41448609;0.05502003;13.04560575;1.69911038
55;5.49790566;0.00000000;-2.98236723;-16.38215351;1.48454845;1.65503092;0.41998933;0.05508598;13.05861869;1.69106177
56;5.59786758;0.00000000;-2.89120621;-16.34114313;1.48234642;1.65944855;0.42549914;0.05515352;13.07155713;1.68305794
57;5.69782950;0.00000000;-2.80027108;-16.29963006;1.48742603;1.66930296;0.43101589;0.05522275;13.08442162;1.67509856
58;5.79779143;0.00000000;-2.70956805;-16.25761637;1.48896018;1.68449742;0.43653954;0.05529360;13.09721273;1.66718332
59;5.89775335;0.00000000;-2.61909710;-16.21510126;1.48139285;1.68526823;0.44207045;0.05536605;13.10993101;1.65931190
60;5.99771527;0.00000000;-2.52886434;-16.17208681;1.47716092;1.67270015;0.44760859;0.05544014;13.12257699;1.65148398
61;6.09767719;0.00000000;-2.43886987;-16.12857225;1.47666824;1.66549169;0.45315430;0.05551577;13.13515124;1.64369924
62;6.19763911;0.00000000;-2.34911971;-16.08455965;1.47453015;1.66371223;0.45870757;0.05559308;13.14765426;1.63595738
63;6.29760103;0.00000000;-2.25961410;-16.04004826;1.47971351;1.66737837;0.46426873;0.05567185;13.16008661;1.62825808
64;6.39756295;0.00000000;-2.17035899;-15.99504017;1.48349124;1.67645338;0.46983776;0.05575233;13.17244879;1.62060105
65;6.49752487;0.00000000;-2.08135471;-15.94953464;1.47593058;1.68139887;0.47541499;0.05583423;13.18474133;1.61298599
66;6.59748680;0.00000000;-1.99260717;-15.90353377;1.47170457;1.68459576;0.48100041;0.05591786;13.19696474;1.58807939
67;6.69744872;0.00000000;-1.90411678;-15.85703684;1.46405156;1.69314185;0.48659435;0.05600288;13.20898835;1.55426380
68;6.79741064;0.00000000;-1.81588943;-15.81004597;1.44893565;1.70695544;0.49219678;0.05608965;13.22074535;1.52049421
69;6.89737256;0.00000000;-1.72792558;-15.76256045;1.44117303;1.70531440;0.49780804;0.05617779;13.23223680;1.48683724
70;6.99733448;0.00000000;-1.64023113;-15.71458243;1.44088393;1.68080626;0.50342812;0.05626769;13.24346423;1.45322023
71;7.09729640;0.00000000;-1.55280658;-15.66611119;1.44807370;1.66140362;0.50905734;0.05635897;13.25442863;1.41971463
72;7.19725832;0.00000000;-1.46565783;-15.61714893;1.45482368;1.64728721;0.51469568;0.05645203;13.26513148;1.38624404
73;7.29722024;0.00000000;-1.37878543;-15.56769492;1.46411943;1.63859275;0.52034348;0.05654641;13.27557367;1.35289434
74;7.39718216;0.00000000;-1.29219528;-15.51775141;1.47058519;1.63540632;0.52600072;0.05664262;13.28575674;1.31957283
75;7.49714409;0.00000000;-1.20588798;-15.46731766;1.47559122;1.63775912;0.53166773;0.05674027;13.29568149;1.28634813
76;7.59710601;0.00000000;-1.11986945;-15.41639597;1.47543133;1.64562626;0.53734451;0.05683976;13.30534922;1.25314888
77;7.69706793;0.00000000;-1.03414030;-15.36498558;1.48259421;1.65599577;0.54303138;0.05694035;13.31476069;1.22010609
78;7.79702985;0.00000000;-0.94870650;-15.31308886;1.49697529;1.65204466;0.54872831;0.05704284;13.32391761;1.18707918
79;7.89699177;0.00000000;-0.86356866;-15.26070502;1.48742653;1.65356663;0.55443567;0.05714731;13.33282063;1.15405251
80;7.99695369;0.00000000;-0.77873281;-15.20783652;1.46489887;1.66054550;0.56015349;0.05725367;13.34147025;1.12104431
81;8.09691561;0.00000000;-0.69419956;-15.15448249;1.44343287;1.67031653;0.56588202;0.05736001;13.34986712;1.08839387
82;8.19687753;0.00000000;-0.60997499;-15.10064553;1.42922417;1.66549676;0.57162118;0.05746834;13.35801437;1.05574230
83;8.29683945;0.00000000;-0.52605971;-15.04632471;1.42249134;1.66609538;0.57737148;0.05758080;13.36591246;1.02270472
84;8.39680138;0.00000000;-0.44245987;-14.99152271;1.42334204;1.67210542;0.58313303;0.05769515;13.37355895;0.63827456
85;8.49676330;0.00000000;-0.35917607;-14.93623853;1.43176389;1.67582618;0.58890599;0.05780736;13.37832894;-2.34550818
86;8.59672522;0.00000000;-0.27621455;-14.88047499;1.44762528;1.67007826;0.59469017;0.05792116;13.36079198;-2.35046181
87;8.69668714;0.00000000;-0.19357582;-14.82423107;1.47042889;1.66972505;0.60048519;0.05802284;13.34319486;-2.35776316
88;8.79664906;0.00000000;-0.11126618;-14.76750980;1.47632064;1.67476895;0.60629038;0.05812637;13.32551972;-2.36490003
89;8.89661098;0.00000000;-0.02928600;-14.71031021;1.48265394;1.68516049;0.61210590;0.05822759;13.30776751;-2.37263153
90;8.99657290;0.00000000;0.05235835;-14.65263548;1.48165951;1.70079993;0.61793153;0.05833092;13.28993342;-2.38017014
91;9.09653482;0.00000000;0.13366654;-14.59448458;1.46526229;1.71715199;0.62376777;0.05843746;13.27201860;-2.38732350
92;9.19649674;0.00000000;0.21463211;-14.53586083;1.45463782;1.73293024;0.62961465;0.05854608;13.25402561;-2.39428966
93;9.29645867;0.00000000;0.29525477;-14.47676310;1.45142378;1.73591034;0.63547257;0.05865633;13.23595554;-2.40115052
94;9.39642059;0.00000000;0.37552796;-14.41719483;1.45567059;1.72742941;0.64134151;0.05876867;13.21780889;-2.40782758
95;9.49638251;0.00000000;0.45545140;-14.35715483;1.46457610;1.72412270;0.64722189;0.05888286;13.19958673;-2.41436335
96;9.59634443;0.00000000;0.53501847;-14.29664665;1.46535288;1.72601904;0.65311367;0.05899918;13.18128981;-2.42071073
97;9.69630635;0.00000000;0.61422891;-14.23566902;1.44966501;1.71435576;0.65901730;0.05911744;13.16291925;-2.42690379
98;9.79626827;0.00000000;0.69307599;-14.17422564;1.44134795;1.70475743;0.66493273;0.05923786;13.14447592;-2.43290822
99;9.89623019;0.00000000;0.77155949;-14.11231514;1.43384588;1.70039733;0.67086042;0.05936019;13.12596095;-2.43876612
100;9.99619211;0.00000000;0.84967259;-14.04994135;1.43374862;1.69580169;0.67680032;0.05948470;13.10737515;-2.44443474
101;10.09615403;0.00000000;0.92741509;-13.98710285;1.44119547;1.68366046;0.68275290;0.05961117;13.08871967;-2.44995071
102;10.19611596;0.00000000;1.00478009;-13.92380358;1.45607137;1.67291205;0.68871809;0.05973985;13.06999537;-2.45527581
103;10.29607788;0.00000000;1.08176740;-13.86004204;1.45538003;1.66749822;0.69469638;0.05987051;13.05120343;-2.46044808
104;10.39603980;0.00000000;1.15837003;-13.79582231;1.44662624;1.66747006;0.70068771;0.06000340;13.03234471;-2.46542836
105;10.49600172;0.00000000;1.23458779;-13.73114283;1.44136888;1.67282653;0.70669256;0.06013831;13.01342041;-2.47025304
106;10.59596364;0.00000000;1.31041365;-13.66600781;1.44363359;1.68038559;0.71271087;0.06027548;12.99443143;-2.47488420
107;10.69592556;0.00000000;1.38584739;-13.60041560;1.45338660;1.68734424;0.71874313;0.06041470;12.97537899;-2.47935763
108;10.79588748;0.00000000;1.46088191;-13.53437055;1.47047947;1.68919726;0.72478929;0.06055621;12.95626401;-2.48363595
109;10.89584940;0.00000000;1.53551699;-13.46787097;1.48380782;1.66990560;0.73084983;0.06069980;12.93708774;-2.48775398
110;10.99581133;0.00000000;1.60974547;-13.40092131;1.47753760;1.65582935;0.73692470;0.06084571;12.91785113;-2.49167515
111;11.09577325;0.00000000;1.68356711;-13.33351983;1.47492825;1.64710063;0.74301441;0.06099374;12.89855544;-2.49543334
112;11.19573517;0.00000000;1.75697469;-13.26567112;1.47969311;1.64380390;0.74911888;0.06114411;12.87920168;-2.49899269
113;11.29569709;0.00000000;1.82996794;-13.19737338;1.49176306;1.64597026;0.75523864;0.06129665;12.85979112;-2.50238592
114;11.39565901;0.00000000;1.90253960;-13.12863132;1.51096352;1.64867702;0.76137363;0.06145156;12.84032481;-2.50557821
115;11.49562093;0.00000000;1.97468936;-13.05944309;1.53151819;1.65077040;0.76752435;0.06160868;12.82080404;-2.50860128
116;11.59558285;0.00000000;2.04640991;-12.98981353;1.53003951;1.65224849;0.77369075;0.06176821;12.80122990;-2.51142109
117;11.69554477;0.00000000;2.11770092;-12.91974075;1.52917802;1.65310973;0.77987336;0.06192997;12.78160374;-2.51406806
118;11.79550669;0.00000000;2.18855502;-12.84922972;1.53268448;1.65335226;0.78607211;0.06209419;12.76192666;-2.51650925
119;11.89546862;0.00000000;2.25897183;-12.77827849;1.53515230;1.63878228;0.79228755;0.06226069;12.74220004;-2.51877371
120;11.99543054;0.00000000;2.32894396;-12.70689216;1.53067328;1.61704572;0.79851959;0.06242967;12.72242504;-2.52082965
121;12.09539246;0.00000000;2.39847098;-12.63506876;1.53333724;1.59743575;0.80476880;0.06260098;12.70260308;-2.52270499
122;12.19535438;0.00000000;2.46754545;-12.56281351;1.54145461;1.58328187;0.81103511;0.06277481;12.68273535;-2.52436879
123;12.29531630;0.00000000;2.53616688;-12.49012439;1.54703305;1.57472931;0.81731906;0.06295102;12.66282332;-2.52584714
124;12.39527822;0.00000000;2.60432782;-12.41700676;1.54240404;1.57186851;0.82362060;0.06312979;12.64286824;-2.52711073
125;12.49524014;0.00000000;2.67202771;-12.34345857;1.54487528;1.57472869;0.82994029;0.06331098;12.62287161;-2.52818443
126;12.59520206;0.00000000;2.73925906;-12.26948531;1.55441448;1.58327676;0.83627807;0.06349478;12.60283474;-2.52903982
127;12.69516398;0.00000000;2.80602126;-12.19508490;1.56997513;1.56697306;0.84263450;0.06368106;12.58275916;-2.52969991
128;12.79512591;0.00000000;2.87230679;-12.12026294;1.56531315;1.55253720;0.84900952;0.06386998;12.56264625;-2.53013788
129;12.89508783;0.00000000;2.93811497;-12.04501737;1.56766422;1.54381165;0.85540371;0.06406143;12.54249759;-2.53037505
130;12.99504975;0.00000000;3.00343825;-11.96935388;1.57699865;1.54089232;0.86181702;0.06425557;12.52231462;-2.53018225
131;13.09501167;0.00000000;3.06827588;-11.89327040;1.59087735;1.53761801;0.86825002;0.06445230;12.50210062;-2.52974752
132;13.19497359;0.00000000;3.13262030;-11.81677275;1.59256023;1.53631473;0.87470266;0.06465177;12.48185735;-2.52909653
133;13.29493551;0.00000000;3.19647065;-11.73985887;1.60113881;1.51575783;0.88117554;0.06485388;12.46158643;-2.52820697
134;13.39489743;0.00000000;3.25981939;-11.66253468;1.61100574;1.50094414;0.88766859;0.06505878;12.44128962;-2.52709383
135;13.49485935;0.00000000;3.32266556;-11.58479812;1.62151828;1.49042606;0.89418243;0.06526639;12.42096861;-2.52573665
136;13.59482127;0.00000000;3.38500160;-11.50665523;1.63267741;1.48084807;0.90071700;0.06547684;12.40062523;-2.52414833
137;13.69478320;0.00000000;3.44682646;-11.42810398;1.64448546;1.47732961;0.90727291;0.06569005;12.38026125;-2.52231003
138;13.79474512;0.00000000;3.50813258;-11.34915050;1.65694336;1.47991212;0.91385010;0.06590616;12.35987859;-2.52023237
139;13.89470704;0.00000000;3.56891880;-11.26979278;1.67005355;1.48856172;0.92044922;0.06612510;12.33947909;-2.51789828
140;13.99466896;0.00000000;3.62917758;-11.19003708;1.68381693;1.49851089;0.92707019;0.06634700;12.31906475;-2.51531588
141;14.09463088;0.00000000;3.68890762;-11.10988140;1.69823602;1.48732692;0.93371366;0.06657180;12.29863751;-2.51247010
142;14.19459280;0.00000000;3.74810140;-11.02933211;1.69986893;1.47601225;0.94037958;0.06679961;12.27819946;-2.50936656
143;14.29455472;0.00000000;3.80675752;-10.94838726;1.69254760;1.45391334;0.94706860;0.06703040;12.25775264;-2.50599211
144;14.39451664;0.00000000;3.86486846;-10.86705330;1.69178334;1.43754373;0.95378066;0.06726425;12.23729922;-2.50234976
145;14.49447857;0.00000000;3.92243268;-10.78532835;1.69758733;1.42064608;0.96051643;0.06750116;12.21684136;-2.49842834
146;14.59444049;0.00000000;3.97944270;-10.70321896;1.70989448;1.40997386;0.96727586;0.06774121;12.19638133;-2.49422804
147;14.69440241;0.00000000;4.03589684;-10.62072329;1.72834767;1.40566639;0.97405961;0.06798439;12.17592140;-2.48973984
148;14.79436433;0.00000000;4.09178763;-10.53784799;1.73808948;1.40778010;0.98086767;0.06823077;12.15546394;-2.48496094
149;14.89432625;0.00000000;4.14711327;-10.45459131;1.73406825;1.41565684;0.98770068;0.06848036;12.13501135;-2.47988465
150;14.99428817;0.00000000;4.20186631;-10.37095996;1.73648733;1.39684941;0.99455864;0.06873323;12.11456613;-2.47450539
151;15.09425009;0.00000000;4.25604480;-10.28695229;1.74532244;1.38433410;1.00144220;0.06898940;12.09413080;-2.46881836
152;15.19421201;0.00000000;4.30964134;-10.20257509;1.76047867;1.37828100;1.00835138;0.06924892;12.07370797;-2.46281421
153;15.29417393;0.00000000;4.36265382;-10.11782681;1.78179727;1.37877263;1.01528683;0.06951184;12.05330033;-2.45649125
154;15.39413586;0.00000000;4.41507486;-10.03271431;1.80486974;1.38031529;1.02224856;0.06977817;12.03291061;-2.44983785
155;15.49409778;0.00000000;4.46690221;-9.94723615;1.79996198;1.36654322;1.02923727;0.07004799;12.01254164;-2.44285325
156;15.59405970;0.00000000;4.51812853;-9.86139927;1.79233780;1.35929890;1.03625295;0.07032131;11.99219630;-2.43551986
157;15.69402162;0.00000000;4.56875141;-9.77520235;1.79097378;1.35868401;1.04329630;0.07059825;11.97187762;-2.42784323
158;15.79398354;0.00000000;4.61876354;-9.68865239;1.79588707;1.35306612;1.05036734;0.07087875;11.95158859;-2.41980860
159;15.89394546;0.00000000;4.66816236;-9.60174820;1.80702923;1.33793368;1.05746677;0.07116292;11.93133238;-2.41141296
160;15.99390738;0.00000000;4.71694059;-9.51449686;1.82428785;1.32945146;1.06459463;0.07145078;11.91111219;-2.40262066
161;16.09386930;0.00000000;4.76509552;-9.42689732;1.84749424;1.32774407;1.07175162;0.07174256;11.89093152;-2.39346345
162;16.19383122;0.00000000;4.81261989;-9.33895671;1.87323017;1.31562754;1.07893780;0.07203804;11.87079365;-2.38394542
163;16.29379315;0.00000000;4.85951083;-9.25067416;1.89948503;1.29905037;1.08615386;0.07233716;11.85070185;-2.37401299
164;16.39375507;0.00000000;4.90576114;-9.16205684;1.89522298;1.28930674;1.09339986;0.07264032;11.83065986;-2.36356087
165;16.49371699;0.00000000;4.95136777;-9.07310405;1.89695349;1.28654894;1.10067656;0.07294822;11.81067231;-2.35276006
166;16.59367891;0.00000000;4.99632356;-8.98382302;1.90466313;1.27887947;1.10798407;0.07325965;11.79074246;-2.34173523
167;16.69364083;0.00000000;5.04062529;-8.89421323;1.90430399;1.26099396;1.11532299;0.07357370;11.77087248;-2.33015659
168;16.79360275;0.00000000;5.08426584;-8.80428197;1.90933400;1.25013182;1.12269336;0.07389272;11.75106740;-2.31767364
169;16.89356467;0.00000000;5.12724183;-8.71402891;1.92029550;1.23977773;1.13009618;0.07421919;11.73133525;-2.30503319
170;16.99352659;0.00000000;5.16954617;-8.62346137;1.93708995;1.22076067;1.13753166;0.07454771;11.71167775;-2.29287317
171;17.09348851;0.00000000;5.21117530;-8.53257925;1.95957033;1.20898779;1.14499992;0.07487368;11.69209116;-2.28055842
172;17.19345044;0.00000000;5.25212222;-8.44138994;1.98754471;1.19878275;1.15250081;0.07520168;11.67257717;-2.26876167
173;17.29341236;0.00000000;5.29238330;-8.34989358;2.00559562;1.17075239;1.16003440;0.07552682;11.65313169;-2.25651117
174;17.39337428;0.00000000;5.33195167;-8.25809768;2.01218145;1.15000637;1.16760056;0.07585620;11.63375897;-2.24382097
175;17.49333620;0.00000000;5.37082360;-8.16600260;2.02443988;1.13694062;1.17520000;0.07618967;11.61446316;-2.23064635
176;17.59329812;0.00000000;5.40899228;-8.07361591;2.02633925;1.12047323;1.18283284;0.07652755;11.59524882;-2.21695191
177;17.69326004;0.00000000;5.44645379;-7.98093820;2.02714616;1.09012590;1.19049984;0.07687007;11.57612083;-2.20276475
178;17.79322196;0.00000000;5.48320139;-7.88797708;2.03363931;1.06754857;1.19820115;0.07721700;11.55708390;-2.18808322
179;17.89318388;0.00000000;5.51923099;-7.79473343;2.04576783;1.05323809;1.20593750;0.07756830;11.53814276;-2.17287983
180;17.99314580;0.00000000;5.55453590;-7.70121484;2.06343466;1.04753120;1.21370906;0.07792416;11.51930240;-2.15713685
181;18.09310773;0.00000000;5.58911187;-7.60742250;2.07464129;1.05056470;1.22151655;0.07828467;11.50056802;-2.14085216
182;18.19306965;0.00000000;5.62295225;-7.51336401;2.08113542;1.06119894;1.22936019;0.07864979;11.48194484;-2.12400597
183;18.29303157;0.00000000;5.65605264;-7.41904088;2.09316868;1.05874948;1.23724068;0.07901965;11.46343831;-2.10657462
184;18.39299349;0.00000000;5.68840643;-7.32446070;2.11064883;1.03525992;1.24515826;0.07939435;11.44505411;-2.08852301
185;18.49295541;0.00000000;5.72000906;-7.22962531;2.12777526;1.02026867;1.25311367;0.07977413;11.42679824;-2.06988438
186;18.59291733;0.00000000;5.75085399;-7.13454230;2.14448824;1.01415028;1.26110717;0.08015867;11.40867647;-2.05062820
187;18.69287925;0.00000000;5.78093646;-7.03921386;2.15657556;1.00337323;1.26913946;0.08054815;11.39069485;-2.03072660
188;18.79284117;0.00000000;5.81025001;-6.94364759;2.16982242;0.98950957;1.27721083;0.08094272;11.37285974;-2.01016582
189;18.89280310;0.00000000;5.83878973;-6.84784605;2.18411832;0.98322350;1.28532200;0.08134241;11.35517761;-1.98895552
190;18.99276502;0.00000000;5.86654919;-6.75181679;2.18433974;0.97858642;1.29347328;0.08174708;11.33765491;-1.96704345
191;19.09272694;0.00000000;5.89352332;-6.65556279;2.17971123;0.96272788;1.30166537;0.08215707;11.32029858;-1.94439615
192;19.19268886;0.00000000;5.91970577;-6.55909157;2.18048272;0.95072855;1.30989861;0.08257255;11.30311589;-1.92095084
193;19.29265078;0.00000000;5.94509131;-6.46240652;2.18665260;0.93455425;1.31817378;0.08299392;11.28611470;-1.89671192
194;19.39261270;0.00000000;5.96967362;-6.36551516;2.19817904;0.92808588;1.32649126;0.08342104;11.26930286;-1.87158174
195;19.49257462;0.00000000;5.99344732;-6.26842129;2.21498204;0.92251038;1.33485184;0.08385460;11.25268916;-1.84562951
196;19.59253654;0.00000000;6.01640613;-6.17113240;2.23694544;0.90516654;1.34325597;0.08429392;11.23628176;-1.81877206
197;19.69249846;0.00000000;6.03854453;-6.07365273;2.26392212;0.88227258;1.35170441;0.08473957;11.22008966;-1.79102144
198;19.79246039;0.00000000;6.05985626;-5.97598977;2.29573724;0.85499424;1.36019762;0.08519132;11.20412175;-1.76228390
199;19.89242231;0.00000000;6.08033567;-5.87814822;2.32069737;0.83796823;1.36873640;0.08564978;11.18838780;-1.73262862
200;19.99238423;0.00000000;6.09997653;-5.78013549;2.33086937;0.83182122;1.37732124;0.08611427;11.17289702;-1.70191013
201;20.09234615;0.00000000;6.11877305;-5.68195680;2.33038439;0.83180784;1.38595292;0.08658582;11.15765994;-1.67015527
202;20.19230807;0.00000000;6.13671903;-5.58361957;2.33504753;0.80334073;1.39463201;0.08706403;11.14268691;-1.63729064
203;20.29226999;0.00000000;6.15380857;-5.48512948;2.34483251;0.78576914;1.40335932;0.08754935;11.12798895;-1.60334404
204;20.39223191;0.00000000;6.17003545;-5.38649399;2.35119473;0.77478385;1.41213542;0.08804138;11.11357689;-1.56818525
205;20.49219383;0.00000000;6.18539368;-5.28771919;2.35125749;0.74518012;1.42096113;0.08854098;11.09946277;-1.53178708
206;20.59215575;0.00000000;6.19987705;-5.18881260;2.35644871;0.72732471;1.42983709;0.08904816;11.08565889;-1.49397654
207;20.69211768;0.00000000;6.21347948;-5.08978080;2.36673929;0.72208593;1.43876425;0.08956412;11.07217916;-1.45495300
208;20.79207960;0.00000000;6.22619471;-4.99063136;2.38206737;0.72973090;1.44774330;0.09008702;11.05903575;-1.41460421
209;20.89204152;0.00000000;6.23801657;-4.89137132;2.40234045;0.73813963;1.45677503;0.09061754;11.04624183;-1.37250712
210;20.99200344;0.00000000;6.24893882;-4.79200838;2.42743809;0.72938389;1.46586019;0.09115884;11.03381446;-1.32836347
211;21.09196536;0.00000000;6.25895519;-4.69255000;2.44843789;0.70339301;1.47500024;0.09171306;11.02177346;-1.28137779
212;21.19192728;0.00000000;6.26805933;-4.59300398;2.44913134;0.68393410;1.48419627;0.09228630;11.01014587;-1.23078767
213;21.29188920;0.00000000;6.27624475;-4.49337824;2.45371744;0.67786703;1.49345121;0.09288433;10.99896578;-1.17885488
214;21.39185112;0.00000000;6.28350481;-4.39368072;2.46049775;0.68512795;1.50276625;0.09348820;10.98824677;-1.12553274
215;21.49181304;0.00000000;6.28983287;-4.29391982;2.47223195;0.69145480;1.51214192;0.09409798;10.97800284;-1.07050595
216;21.59177497;0.00000000;6.29522228;-4.19410370;2.48885498;0.69684150;1.52157892;0.09471591;10.96825085;-1.01363119
217;21.69173689;0.00000000;6.29966640;-4.09424116;2.50051465;0.70128201;1.53107816;0.09534277;10.95900897;-0.95491184
218;21.79169881;0.00000000;6.30315857;-3.99434067;2.49702181;0.67638727;1.54064046;0.09597811;10.95029534;-0.89420537
219;21.89166073;0.00000000;6.30569213;-3.89441143;2.49448787;0.63982077;1.55026675;0.09662267;10.94212936;-0.83171630
220;21.99162265;0.00000000;6.30726041;-3.79446223;2.49291937;0.61648076;1.55995786;0.09727431;10.93452857;-0.76732765
221;22.09158457;0.00000000;6.30785674;-3.69450266;2.49232288;0.60788844;1.56971445;0.09793354;10.92751152;-0.70018007
222;22.19154649;0.00000000;6.30747448;-3.59454189;2.49270491;0.60750620;1.57953749;0.09860693;10.92110458;-0.63000171
223;22.29150841;0.00000000;6.30610695;-3.49458989;2.49407206;0.60613883;1.58942879;0.09929610;10.91533659;-0.55192990
224;22.39147033;0.00000000;6.30374738;-3.39465687;2.49643093;0.60377968;1.59939046;0.10004044;10.91028088;-0.46579656
225;22.49143226;0.00000000;6.30038857;-3.29475225;2.49978865;0.60042164;1.60943060;0.10083991;10.90601234;-0.45945134
226;22.59139418;0.00000000;6.29602319;-3.19488731;2.50415240;0.59605753;1.61953445;0.10096824;10.90180030;-0.45945134
227;22.69135610;0.00000000;6.29065040;-3.09507069;2.50952293;0.59798291;1.62959772;0.10037512;10.89758664;-0.37938386
228;22.79131802;0.00000000;6.28427654;-2.99531280;2.51589380;0.60024117;1.63959057;0.09932351;10.89410605;-0.24667078
229;22.89127994;0.00000000;6.27691274;-2.89562283;2.52325380;0.61709313;1.64944298;0.09780211;10.89184242;-0.06109507
230;22.99124186;0.00000000;6.26857460;-2.79600908;2.53158727;0.64817678;1.65914544;0.09634925;10.89128170;0.11248512
231;23.09120378;0.00000000;6.25927747;-2.69648070;2.54087881;0.66013096;1.66870735;0.09496359;10.89231405;0.27462915
232;23.19116570;0.00000000;6.24903596;-2.59704501;2.53084579;0.64987601;1.67813094;0.09357279;10.89483411;0.43428802
233;23.29112763;0.00000000;6.23786483;-2.49770954;2.51884980;0.63868754;1.68741465;0.09217346;10.89881805;0.59204604
234;23.39108955;0.00000000;6.22577893;-2.39848140;2.51169892;0.63947598;1.69655914;0.09079224;10.90424683;0.74490854
235;23.49105147;0.00000000;6.21279293;-2.29936674;2.50942135;0.65480189;1.70556668;0.08942820;10.91107346;0.89320335
236;23.59101339;0.00000000;6.19892145;-2.20037235;2.48990353;0.68369981;1.71443825;0.08807205;10.91925348;1.03823762
237;23.69097531;0.00000000;6.18417894;-2.10150360;2.46766786;0.68777070;1.72317464;0.08672329;10.92875405;1.18024719
238;23.79093723;0.00000000;6.16857994;-2.00276675;2.45016859;0.68959352;1.73177661;0.08538335;10.93954408;1.31922690
239;23.89089915;0.00000000;6.15213872;-1.90416621;2.43749562;0.69474111;1.74024505;0.08405067;10.95159210;1.45552534
240;23.99086107;0.00000000;6.13486974;-1.80570777;2.42971220;0.70998090;1.74858059;0.08272529;10.96486953;1.58929055
241;24.09082299;0.00000000;6.11678706;-1.70739494;2.42685261;0.72456587;1.75678404;0.08140662;10.97934883;1.72073852
242;24.19078492;0.00000000;6.09790506;-1.60923303;2.42892130;0.72712321;1.76485594;0.08009384;10.99500421;1.85010531
243;24.29074684;0.00000000;6.07823763;-1.51122486;2.40743818;0.74245961;1.77279691;0.07878658;11.01181173;1.97756916
244;24.39070876;0.00000000;6.05779909;-1.41337538;2.37926898;0.76982283;1.78060760;0.07749046;11.02974890;2.10257130
245;24.49067068;0.00000000;6.03660305;-1.31568641;2.35010125;0.77444848;1.78828931;0.07620249;11.04878794;2.22560177
246;24.59063260;0.00000000;6.01466367;-1.21816245;2.32561043;0.78729945;1.79584219;0.07490979;11.06890536;2.34835810
247;24.69059452;0.00000000;5.99199443;-1.12080463;2.30593386;0.80289962;1.80326559;0.07361518;11.09009281;2.47059779
248;24.79055644;0.00000000;5.96860954;-1.02361694;2.29118420;0.81834648;1.81055993;0.07232977;11.11233954;2.59105475
249;24.89051836;0.00000000;5.94452241;-0.92660020;2.27281896;0.83406301;1.81772628;0.07105198;11.13562318;2.71003392
250;24.99048028;0.00000000;5.91974705;-0.82975800;2.25603485;0.84575931;1.82476645;0.06982800;11.15992402;2.82188177
251;25.09044221;0.00000000;5.89429607;-0.73309014;2.24427727;0.85077406;1.83168748;0.06864514;11.18517168;2.83633079
252;25.19040413;0.00000000;5.86818261;-0.63660013;2.23761447;0.86668796;1.83849082;0.06748261;11.21049132;2.82103337
253;25.29036605;0.00000000;5.84141854;-0.54028735;2.22416138;0.88860000;1.84517932;0.06633845;11.23561781;2.80584775
254;25.39032797;0.00000000;5.81401661;-0.44415498;2.21259141;0.91461172;1.85175343;0.06519149;11.26055342;2.79077267
255;25.49028989;0.00000000;5.78598857;-0.34820244;2.19135848;0.94987936;1.85821268;0.06404263;11.28530041;2.77580686
256;25.59025181;0.00000000;5.75734712;-0.25243225;2.17193462;0.99342569;1.86455733;0.06290147;11.30986098;2.76094912
257;25.69021373;0.00000000;5.72810378;-0.15684312;2.15580467;1.03857327;1.87078833;0.06176582;11.33423729;2.74619822
258;25.79017565;0.00000000;5.69827109;-0.06143728;2.13811148;1.02730367;1.87690585;0.06063184;11.35843147;2.73155300
259;25.89013757;0.00000000;5.66786040;0.03378697;2.12558053;1.02509214;1.88291017;0.05950021;11.38244560;2.71701228
260;25.99009950;0.00000000;5.63688415;0.12882780;2.11776335;1.03200826;1.88880145;0.05837053;11.40628176;2.70257493
261;26.09006142;0.00000000;5.60535361;0.22368711;2.09401553;1.04788226;1.89457991;0.05724262;11.42994194;2.68823982
262;26.19002334;0.00000000;5.57328108;0.31836360;2.06078526;1.07232638;1.90024570;0.05611684;11.45342813;2.67400584
263;26.28998526;0.00000000;5.54067767;0.41285953;2.02500539;1.10478201;1.90579909;0.05499302;11.47674228;2.65987191
264;26.38994718;0.00000000;5.50755557;0.50717401;1.99412676;1.13216715;1.91124018;0.05387041;11.49988631;2.64583695
265;26.48990910;0.00000000;5.47392578;0.60130955;1.96836957;1.14767333;1.91656913;0.05274915;11.52286211;2.63189993
266;26.58987102;0.00000000;5.43980037;0.69526571;1.94792714;1.17102668;1.92178605;0.05162917;11.54567151;2.61805979
267;26.68983294;0.00000000;5.40519024;0.78904522;1.93295726;1.20178004;1.92689109;0.05051046;11.56831635;2.60431553
268;26.78979486;0.00000000;5.37010730;0.88264811;1.92357717;1.23939165;1.93188434;0.04939267;11.59079842;2.59066615
269;26.88975679;0.00000000;5.33456239;0.97607729;1.90183234;1.27763989;1.93676592;0.04827593;11.61311947;2.57711065
270;26.98971871;0.00000000;5.29856726;1.06933325;1.86125013;1.29238180;1.94153590;0.04716001;11.63528125;2.56364807
271;27.08968063;0.00000000;5.26213268;1.16241907;1.82432814;1.31412530;1.94619438;0.04604500;11.65728545;2.55027745
272;27.18964255;0.00000000;5.22527024;1.25533566;1.79266738;1.34254010;1.95074143;0.04493069;11.67913376;2.53699786
273;27.28960447;0.00000000;5.18799065;1.34808626;1.76654027;1.35485804;1.95517713;0.04381716;11.70082782;2.52380837
274;27.38956639;0.00000000;5.15030535;1.44067223;1.74618506;1.36933173;1.95950156;0.04270425;11.72236927;2.51070806
275;27.48952831;0.00000000;5.11222499;1.53309690;1.73179445;1.39044365;1.96371477;0.04159204;11.74375969;2.49769605
276;27.58949023;0.00000000;5.07376085;1.62536209;1.69822765;1.41790737;1.96781683;0.04048038;11.76500066;2.48477145
277;27.68945216;0.00000000;5.03492353;1.71747120;1.66074192;1.45137240;1.97180780;0.03936932;11.78609374;2.47193339
278;27.78941408;0.00000000;4.99572414;1.80942649;1.62891399;1.48877818;1.97568773;0.03825877;11.80704045;2.45918101
279;27.88937600;0.00000000;4.95617325;1.90123142;1.60307039;1.52701739;1.97945667;0.03714879;11.82784228;2.44651347
280;27.98933792;0.00000000;4.91628181;1.99288866;1.58349374;1.57036736;1.98311469;0.03603930;11.84850072;2.43392994
281;28.08929984;0.00000000;4.87606036;2.08440174;1.57040758;1.60077350;1.98666182;0.03493031;11.86901723;2.42142961
282;28.18926176;0.00000000;4.83551967;2.17577373;1.54827055;1.63434124;1.99009811;0.03382176;11.88939324;2.40901165
283;28.28922368;0.00000000;4.79467026;2.26700819;1.51248121;1.66995830;1.99342362;0.03271366;11.90963015;2.39667529
284;28.38918560;0.00000000;4.75352272;2.35810857;1.47702132;1.70529497;1.99663838;0.03160613;11.92972937;2.38441973
285;28.48914752;0.00000000;4.71208758;2.44907847;1.44703236;1.74035843;1.99974246;0.03049914;11.94969227;2.37224420
286;28.58910945;0.00000000;4.67037526;2.53992167;1.42374436;1.77515630;2.00273590;0.02939239;11.96952019;2.36014795
287;28.68907137;0.00000000;4.62839626;2.63064182;1.40747927;1.79648074;2.00561871;0.02828582;11.98921446;2.34813022
288;28.78903329;0.00000000;4.58616085;2.72124307;1.39847122;1.79614600;2.00839097;0.02718092;12.00877640;2.33619027
289;28.88899521;0.00000000;4.54367950;2.81172904;1.37534739;1.80109612;2.01105287;0.02607731;12.02820729;2.32432738
290;28.98895713;0.00000000;4.50096230;2.90210424;1.34154051;1.81129869;2.01360440;0.02497175;12.04750842;2.31254082
291;29.08891905;0.00000000;4.45801979;2.99237221;1.30799064;1.82667644;2.01604530;0.02386493;12.06668103;2.30082989
292;29.18888097;0.00000000;4.41486193;3.08253777;1.27468794;1.84711090;2.01837509;0.02274181;12.08572637;2.28919389
293;29.28884289;0.00000000;4.37149938;3.17260464;1.24615147;1.87244702;2.02059170;0.02160743;12.10464565;2.27763213
294;29.38880481;0.00000000;4.32794222;3.26257799;1.21693224;1.90249978;2.02269457;0.02046093;12.12344008;2.26614393
295;29.48876674;0.00000000;4.28420131;3.35246173;1.17706027;1.93515679;2.02468217;0.01930633;12.14211083;2.25472862
296;29.58872866;0.00000000;4.24028678;3.44226134;1.14473812;1.96924235;2.02655445;0.01815445;12.16065909;2.24338553
297;29.68869058;0.00000000;4.19620960;3.53198061;1.11227314;2.00664555;2.02831172;0.01700443;12.17908600;2.23211402
298;29.78865250;0.00000000;4.15197974;3.62162533;1.08808040;2.03316973;2.02995408;0.01585554;12.19739270;2.22091345
299;29.88861442;0.00000000;4.10760813;3.71119927;1.07285105;2.06404915;2.03148163;0.01470727;12.21558030;2.20978317
300;29.98857634;0.00000000;4.06310459;3.80070846;1.06695736;2.08744194;2.03289438;0.01355779;12.23364993;2.19872256
301;30.08853826;0.00000000;4.01848008;3.89015666;1.05580653;2.09999366;2.03419214;0.01240748;12.25160265;2.18773101
302;30.18850018;0.00000000;3.97374434;3.97955008;1.03337902;2.11707419;2.03537493;0.01125714;12.26943956;2.17680789
303;30.28846210;0.00000000;3.92890838;4.06889244;1.02040717;2.13651320;2.03644271;0.01010670;12.28716171;2.16595262
304;30.38842403;0.00000000;3.88398183;4.15819014;1.01724111;2.15801190;2.03739548;0.00895580;12.30477015;2.15516459
305;30.48838595;0.00000000;3.83897572;4.24744686;1.00033526;2.18379276;2.03823318;0.00780453;12.32226592;2.14444322
306;30.58834787;0.00000000;3.79389961;4.33666919;0.96991584;2.20880909;2.03895578;0.00665275;12.33965002;2.13378793
307;30.68830979;0.00000000;3.74876457;4.42586075;0.94916418;2.20741441;2.03956321;0.00550054;12.35692347;2.12319815
308;30.78827171;0.00000000;3.70358009;4.51502828;0.93870982;2.21048895;2.04005545;0.00434783;12.37408727;2.11267331
309;30.88823363;0.00000000;3.65835728;4.60417534;0.93888548;2.21802551;2.04043244;0.00319471;12.39114238;2.10221286
310;30.98819555;0.00000000;3.61310558;4.69330879;0.91699369;2.22999041;2.04069413;0.00204098;12.40808978;2.09181625
311;31.08815747;0.00000000;3.56783614;4.78243214;0.89802545;2.24632397;2.04084047;0.00088676;12.42493042;2.08148293
312;31.18811940;0.00000000;3.52255834;4.87155236;0.88995635;2.26694332;2.04087140;-0.00026807;12.44166524;2.07121236
313;31.28808132;0.00000000;3.47728340;4.96067288;0.89307052;2.29174349;2.04078686;-0.00142339;12.45829517;2.06100403
314;31.38804324;0.00000000;3.43202066;5.04980078;0.87115830;2.32060193;2.04058681;-0.00257937;12.47482114;2.05085739
315;31.48800516;0.00000000;3.38678140;5.13893938;0.85419665;2.33418557;2.04027117;-0.00373588;12.49124404;2.04077194
316;31.58796708;0.00000000;3.34157493;5.22809585;0.84870975;2.33520188;2.03983989;-0.00489308;12.50756478;2.03074717
317;31.68792900;0.00000000;3.29641258;5.31727342;0.84352265;2.34053974;2.03929291;-0.00605083;12.52378423;2.02078257
318;31.78789092;0.00000000;3.25130367;5.40647931;0.82828079;2.35018129;2.03863016;-0.00720928;12.53990327;2.01087765
319;31.88785284;0.00000000;3.20625958;5.49571664;0.81638700;2.36408508;2.03785159;-0.00836830;12.55592277;2.00103190
320;31.98781476;0.00000000;3.16128962;5.58499267;0.81365428;2.38218815;2.03695711;-0.00952806;12.57184356;1.99124485
321;32.08777669;0.00000000;3.11640526;5.67431041;0.79045425;2.40440646;2.03594668;-0.01068842;12.58766650;1.98151602
322;32.18773861;0.00000000;3.07161581;5.76367715;0.77711830;2.43063878;2.03482022;-0.01184953;12.60339240;1.97184492
323;32.28770053;0.00000000;3.02693280;5.85309577;0.77640783;2.42311223;2.03357767;-0.01301123;12.61902211;1.96223110
324;32.38766245;0.00000000;2.98236556;5.94257356;0.76027258;2.41932337;2.03221894;-0.01417375;12.63455641;1.95267408
325;32.48762437;0.00000000;2.93792572;6.03211325;0.73602023;2.41980335;2.03074398;-0.01533690;12.64999612;1.94317341
326;32.58758629;0.00000000;2.89362264;6.12172212;0.72470661;2.42456127;2.02915267;-0.01650167;12.66534202;1.93372864
327;32.68754821;0.00000000;2.84946800;6.21140277;0.72692480;2.43358346;2.02744488;-0.01766753;12.68059490;1.92433932
328;32.78751013;0.00000000;2.80547125;6.30116244;0.72652252;2.42885119;2.02562045;-0.01883524;12.69575552;1.91500500
329;32.88747205;0.00000000;2.76164415;6.39100360;0.71757171;2.42740035;2.02367924;-0.02000419;12.71082466;1.90572525
330;32.98743398;0.00000000;2.71799621;6.48093343;0.72117992;2.43026379;2.02162112;-0.02117368;12.72580305;1.89649964
331;33.08739590;0.00000000;2.67453930;6.57095421;0.71380535;2.43743783;2.01944610;-0.02234369;12.74069146;1.88732774
332;33.18735782;0.00000000;2.63128297;6.66107306;0.72014005;2.44889635;2.01715404;-0.02351508;12.75549061;1.87820913
333;33.28731974;0.00000000;2.58823919;6.75129208;0.73982045;2.46459072;2.01474485;-0.02468741;12.77020123;1.86914338
334;33.38728166;0.00000000;2.54541760;6.84161830;0.72005751;2.47752859;2.01221832;-0.02586327;12.78482404;1.86013009
335;33.48724358;0.00000000;2.50283027;6.93205367;0.70276153;2.47916573;2.00957412;-0.02704131;12.79935975;1.85116885
336;33.58720550;0.00000000;2.46048695;7.02260510;0.69919354;2.48509585;2.00681208;-0.02822039;12.81380907;1.84225925
337;33.68716742;0.00000000;2.41839985;7.11327433;0.70925063;2.49529981;2.00393217;-0.02940032;12.82817269;1.83340090
338;33.78712934;0.00000000;2.37657879;7.20406816;0.70731511;2.49236752;2.00093426;-0.03058035;12.84245128;1.82459340
339;33.88709127;0.00000000;2.33503608;7.29498808;0.70181483;2.49261946;1.99781842;-0.03176069;12.85664555;1.81583636
340;33.98705319;0.00000000;2.29378165;7.38604075;0.68798910;2.47934489;1.99458452;-0.03294152;12.87075614;1.80712939
341;34.08701511;0.00000000;2.25282785;7.47722745;0.68822015;2.46224241;1.99123260;-0.03412293;12.88478374;1.79847211
342;34.18697703;0.00000000;2.21218475;7.56855464;0.70248259;2.44944242;1.98776252;-0.03530467;12.89872898;0.07072939
343;34.28693895;0.00000000;2.17186479;7.66002335;0.72341531;2.44102490;1.98417434;-0.03648694;12.89927711;-6.41869339
344;34.38690087;0.00000000;2.13187813;7.75163985;0.72585859;2.43704694;1.98046789;-0.03766979;12.84943968;-6.26711464
345;34.48686279;0.00000000;2.09223732;7.84340493;0.71942628;2.43754226;1.97664323;-0.03885335;12.80059196;-6.11741985
346;34.58682471;0.00000000;2.05295263;7.93532462;0.71031440;2.44251994;1.97270019;-0.04003691;12.75273054;-5.96943234
347;34.68678663;0.00000000;2.01403672;8.02739943;0.68082180;2.44632551;1.96863888;-0.04122099;12.70585316;-5.82219340
348;34.78674856;0.00000000;1.97549997;8.11963516;0.65868929;2.45271121;1.96445893;-0.04241094;12.65996482;-5.67603794
349;34.88671048;0.00000000;1.93735516;8.21203209;0.65089017;2.46356068;1.96015985;-0.04360421;12.61506773;-5.52947958
350;34.98667240;0.00000000;1.89961290;8.30459575;0.64689134;2.47269553;1.95574100;-0.04480956;12.57117572;-5.38337199
351;35.08663432;0.00000000;1.86228619;8.39732619;0.65468737;2.47378067;1.95120123;-0.04602119;12.52829576;-5.23825549
352;35.18659624;0.00000000;1.82538592;8.49022871;0.67686966;2.47935824;1.94654019;-0.04723511;12.48643034;-5.09411614
353;35.28655816;0.00000000;1.78892526;8.58330308;0.69007818;2.48940981;1.94175776;-0.04845084;12.44558184;-4.95107421
354;35.38652008;0.00000000;1.75291528;8.67655430;0.68586754;2.48718708;1.93685370;-0.04966703;12.40575147;-4.80892836
355;35.48648200;0.00000000;1.71736924;8.76998178;0.68058491;2.48397322;1.93182810;-0.05088436;12.36694182;-4.66771103
356;35.58644393;0.00000000;1.68229836;8.86359024;0.67757154;2.48528809;1.92668070;-0.05210202;12.32915501;-4.52719842
357;35.68640585;0.00000000;1.64771600;8.95737868;0.68375469;2.49113657;1.92141161;-0.05332086;12.29239474;-4.38735375
358;35.78636777;0.00000000;1.61363353;9.05135149;0.69312319;2.50149896;1.91602056;-0.05454051;12.25666479;-4.24798693
359;35.88632969;0.00000000;1.58006440;9.14550733;0.67836742;2.51633091;1.91050761;-0.05576161;12.22197030;-4.10920355
360;35.98629161;0.00000000;1.54702012;9.23985025;0.66446676;2.50668182;1.90487249;-0.05698283;12.18831531;-3.97068391
361;36.08625353;0.00000000;1.51451426;9.33437841;0.65042935;2.49742674;1.89911532;-0.05820565;12.15570630;-3.83239429
362;36.18621545;0.00000000;1.48255845;9.42909558;0.65102254;2.49273124;1.89323576;-0.05942966;12.12414982;-3.69411729
363;36.28617737;0.00000000;1.45116638;9.52399939;0.66619528;2.49263362;1.88723384;-0.06065568;12.09365398;-3.55587395
364;36.38613929;0.00000000;1.42034983;9.61909332;0.66156440;2.49714666;1.88110920;-0.06188290;12.06422657;-3.41740733
365;36.48610122;0.00000000;1.39012260;9.71437451;0.63977554;2.50625731;1.87486189;-0.06311237;12.03587726;-3.27863756
366;36.58606314;0.00000000;1.36049659;9.80984609;0.61360049;2.51992780;1.86849147;-0.06434397;12.00861623;-3.13933783
367;36.68602506;0.00000000;1.33148576;9.90550460;0.60241905;2.53809551;1.86199790;-0.06557853;11.98245531;-2.99984271
368;36.78598698;0.00000000;1.30310214;10.00135285;0.60704811;2.53908873;1.85538077;-0.06681302;11.95740336;-2.85976505
369;36.88594890;0.00000000;1.27535978;10.09738687;0.61885356;2.53059454;1.84864030;-0.06804938;11.93347225;-2.71820557
370;36.98591082;0.00000000;1.24827078;10.19360929;0.60910445;2.52606137;1.84177581;-0.06929309;11.91068116;-2.57512644
371;37.08587274;0.00000000;1.22184948;10.29001504;0.60122333;2.52617212;1.83478675;-0.07054363;11.88904944;-2.43542043
372;37.18583466;0.00000000;1.19610802;10.38660701;0.60774993;2.53093863;1.82767351;-0.07176590;11.86855501;-2.29578982
373;37.28579658;0.00000000;1.17106083;10.48337852;0.62348169;2.54034637;1.82043899;-0.07298236;11.84920313;-2.15547687
374;37.38575851;0.00000000;1.14671980;10.58033217;0.60038909;2.55435596;1.81308269;-0.07419758;11.83100518;-2.01439288
375;37.48572043;0.00000000;1.12309897;10.67746181;0.59271433;2.55292011;1.80560517;-0.07541137;11.81397302;-1.86390316
376;37.58568235;0.00000000;1.10021070;10.77476828;0.60103637;2.54707927;1.79800396;-0.07668402;11.79819138;-1.70898774
377;37.68564427;0.00000000;1.07806924;10.87224631;0.62329367;2.54592033;1.79027385;-0.07797886;11.78370283;-1.54652461
378;37.78560619;0.00000000;1.05668796;10.96989559;0.64297224;2.54946273;1.78241246;-0.07931688;11.77057625;-1.37979391
379;37.88556811;0.00000000;1.03608197;11.06770948;0.62122577;2.55769983;1.77441613;-0.08067323;11.75885248;-1.21261293
380;37.98553003;0.00000000;1.01626503;11.16568833;0.61434763;2.56920575;1.76628437;-0.08201934;11.74853954;-1.04326253
381;38.08549195;0.00000000;0.99725250;11.26382410;0.61236006;2.57234708;1.75801837;-0.08336640;11.73965963;-0.86845196
382;38.18545387;0.00000000;0.97905797;11.36211757;0.62101958;2.57968728;1.74961653;-0.08473669;11.73226253;-0.68913436
383;38.28541580;0.00000000;0.96169719;11.46055870;0.63840363;2.56591940;1.74107706;-0.08612176;11.72638945;-0.59945205
384;38.38537772;0.00000000;0.94518331;11.55914853;0.61755738;2.55351567;1.73242525;-0.08684628;11.72127830;-0.53071028
385;38.48533964;0.00000000;0.92952646;11.65787463;0.59597939;2.54584720;1.72371589;-0.08741115;11.71675139;-0.53071028
386;38.58530156;0.00000000;0.91473065;11.75673506;0.58988243;2.54296058;1.71502262;-0.08618000;11.71222274;-0.35214121
387;38.68526348;0.00000000;0.90078708;11.85571873;0.59974987;2.54486207;1.70649065;-0.08452488;11.70921689;-0.11887539
388;38.78522540;0.00000000;0.88768076;11.95481614;0.61280896;2.55152467;1.69811127;-0.08318664;11.70820200;0.06667410
389;38.88518732;0.00000000;0.87539868;12.05402114;0.62505168;2.56289744;1.68985897;-0.08192159;11.70877124;0.23894578
390;38.98514924;0.00000000;0.86392969;12.15332167;0.63648774;2.56394877;1.68173008;-0.08073312;11.71081102;0.39783763
391;39.08511116;0.00000000;0.85326222;12.25271351;0.64712778;2.55328369;1.67371815;-0.07956606;11.71420642;0.55125578
392;39.18507309;0.00000000;0.84338580;12.35218513;0.65698129;2.54340943;1.66582299;-0.07839820;11.71890956;0.70244707
393;39.28503501;0.00000000;0.83428904;12.45173298;0.66605905;2.53431460;1.65804435;-0.07723309;11.72489988;0.85106489
394;39.38499693;0.00000000;0.82596127;12.55134608;0.67437103;2.52598852;1.65038204;-0.07607410;11.73215348;0.99679342
395;39.48495885;0.00000000;0.81839108;12.65102179;0.68192826;2.51841977;1.64283518;-0.07491993;11.74064343;1.13995760
396;39.58492077;0.00000000;0.81156774;12.75074921;0.68874095;2.51159764;1.63540363;-0.07376979;11.75034522;1.28080171
397;39.68488269;0.00000000;0.80547984;12.85052649;0.69482026;2.50551073;1.62808671;-0.07262341;11.76123614;1.41949771
398;39.78484461;0.00000000;0.80011657;12.95034300;0.70017659;2.50014825;1.62088435;-0.07148100;11.77329466;1.55614004
399;39.88480653;0.00000000;0.79546655;13.05019772;0.70482119;2.49549883;1.61379584;-0.07034219;11.78649976;1.69090391
400;39.98476846;0.00000000;0.79151886;13.15008019;0.70876460;2.49155160;1.60682115;-0.06920696;11.80083169;1.82390982
401;40.08473038;0.00000000;0.78826218;13.24999014;0.71201811;2.48829523;1.59995960;-0.06807501;11.81627148;1.95531236
402;40.18469230;0.00000000;0.78568552;13.34991730;0.71459239;2.48571878;1.59321122;-0.06694631;11.83280124;2.08522428
403;40.28465422;0.00000000;0.78377758;13.44986220;0.71649870;2.48381095;1.58657535;-0.06582051;11.85040384;2.21380196
404;40.38461614;0.00000000;0.78252731;13.54981470;0.71774782;2.48256073;1.58005203;-0.06469774;11.86906327;2.34112944
405;40.48457806;0.00000000;0.78192347;13.64977607;0.71835101;2.48195690;1.57364063;-0.06357774;11.88876405;2.40939515
406;40.58453998;0.00000000;0.78195493;13.74973634;0.71831911;2.48198836;1.56734125;-0.06246010;11.90900525;2.39705627
407;40.68450190;0.00000000;0.78261052;13.84969745;0.71766334;2.48264393;1.56115329;-0.06134492;11.92910872;2.38479822
408;40.78446382;0.00000000;0.78387903;13.94964957;0.71639463;2.48391248;1.55507682;-0.06023299;11.94907582;2.37262022
409;40.88442575;0.00000000;0.78574939;14.04959545;0.71452413;2.47839592;1.54911121;-0.05912307;11.96890790;2.36052153
410;40.98438767;0.00000000;0.78821032;14.14952529;0.71206285;2.45560872;1.54325671;-0.05801377;11.98860629;2.34850137
411;41.08434959;0.00000000;0.79125082;14.24944250;0.70902187;2.43728320;1.53751280;-0.05690669;12.00817231;2.33655903
412;41.18431151;0.00000000;0.79485953;14.34933747;0.70541228;2.42351146;1.53187958;-0.05580281;12.02760724;2.32469376
413;41.28427343;0.00000000;0.79902555;14.44921410;0.70124509;2.41435994;1.52635643;-0.05470080;12.04691237;2.31290485
414;41.38423535;0.00000000;0.80373748;14.54906295;0.70641141;2.40987119;1.52094299;-0.05361226;12.06608895;2.30119159
415;41.48419727;0.00000000;0.80898465;14.64888878;0.72342758;2.41006019;1.51563802;-0.05252595;12.08513821;2.28955328
416;41.58415919;0.00000000;0.81475568;14.74868195;0.74205220;2.41491500;1.51044149;-0.05144691;12.10406138;2.27798923
417;41.68412111;0.00000000;0.82104008;14.84844797;0.77277595;2.42119676;1.50535249;-0.05037015;12.12285966;2.26649876
418;41.78408304;0.00000000;0.82782647;14.94817725;0.77321018;2.42766665;1.50037133;-0.04929298;12.14153423;2.25508119
419;41.88404496;0.00000000;0.83510447;15.04787571;0.76595662;2.41052458;1.49549761;-0.04821700;12.16008626;2.24373588
420;41.98400688;0.00000000;0.84286261;15.14753402;0.75822632;2.39791086;1.49073156;-0.04714242;12.17851691;2.23246217
421;42.08396880;0.00000000;0.85109062;15.24715867;0.75002939;2.38988579;1.48607268;-0.04606892;12.19682732;2.22125940
422;42.18393072;0.00000000;0.85977698;15.34674032;0.74254091;2.38306481;1.48152125;-0.04499643;12.21501860;2.21012696
423;42.28389264;0.00000000;0.86891155;15.44628601;0.74800195;2.38032242;1.47707678;-0.04392510;12.23309186;2.19906420
424;42.38385456;0.00000000;0.87848271;15.54578650;0.76614548;2.38221453;1.47273956;-0.04285443;12.25104819;2.18807051
425;42.48381648;0.00000000;0.88848044;15.64524924;0.79611594;2.38871959;1.46850913;-0.04178471;12.26888867;2.17714529
426;42.58377840;0.00000000;0.89889309;15.74466514;0.80110975;2.39913895;1.46438577;-0.04071570;12.28661436;2.16628792
427;42.68374033;0.00000000;0.90971075;15.84404212;0.79029381;2.38469589;1.46036906;-0.03964756;12.30422631;2.15549782
428;42.78370225;0.00000000;0.92092169;15.94337113;0.77908530;2.37290735;1.45645927;-0.03857990;12.32172555;2.14477439
429;42.88366417;0.00000000;0.93251611;16.04266052;0.76749411;2.36567286;1.45265600;-0.03751303;12.33911310;2.13411706
430;42.98362609;0.00000000;0.94448225;16.14190137;0.76151596;2.36302433;1.44895951;-0.03644657;12.35638996;2.12352526
431;43.08358801;0.00000000;0.95681042;16.24110236;0.76824215;2.36496633;1.44536944;-0.03538082;12.37355714;2.11299842
432;43.18354993;0.00000000;0.96948879;16.34025470;0.78735680;2.37147677;1.44188604;-0.03431537;12.39061560;2.10253598
433;43.28351185;0.00000000;0.98250779;16.43936744;0.81054795;2.38250814;1.43850896;-0.03325055;12.40756632;2.09213740
434;43.38347377;0.00000000;0.99585554;16.53843187;0.80484063;2.39139769;1.43523846;-0.03218595;12.42441026;2.08180213
435;43.48343570;0.00000000;1.00952257;16.63745735;0.79114597;2.37932883;1.43207420;-0.03112193;12.44114834;2.07152963
436;43.58339762;0.00000000;1.02349697;16.73643532;0.77714245;2.37172680;1.42901644;-0.03005804;12.45778151;2.06131937
437;43.68335954;0.00000000;1.03776935;16.83537540;0.76283992;2.36862335;1.42606487;-0.02899467;12.47431069;2.05117083
438;43.78332146;0.00000000;1.05232776;16.93426913;0.75175739;2.37002585;1.42321972;-0.02793139;12.49073677;2.04108349
439;43.88328338;0.00000000;1.06716293;17.03312641;0.74762196;2.37591585;1.42048070;-0.02686858;12.50706066;2.03105685
440;43.98324530;0.00000000;1.08226285;17.13193891;0.75651920;2.38624900;1.41784805;-0.02580575;12.52328324;2.02109039
441;44.08320722;0.00000000;1.09761834;17.23071672;0.77801304;2.39849489;1.41532151;-0.02474336;12.53940538;2.01118363
442;44.18316914;0.00000000;1.11321736;17.32945165;0.78751291;2.41345464;1.41290127;-0.02368102;12.55542794;2.00133606
443;44.28313106;0.00000000;1.12905081;17.42815399;0.77175146;2.41162936;1.41058710;-0.02261905;12.57135178;1.99154719
444;44.38309299;0.00000000;1.14510664;17.52681567;0.75577500;2.40359639;1.40837919;-0.02155692;12.58717774;1.98181656
445;44.48305491;0.00000000;1.16137579;17.62544710;0.74123472;2.39991921;1.40627734;-0.02049519;12.60290664;1.97214369
446;44.58301683;0.00000000;1.17784621;17.72404044;0.73982745;2.40060760;1.40428172;-0.01943337;12.61853931;1.96252809
447;44.68297875;0.00000000;1.19450890;17.82260613;0.75163727;2.40564726;1.40239214;-0.01837183;12.63407656;1.95296932
448;44.78294067;0.00000000;1.21135180;17.92113653;0.77607003;2.41499996;1.40060874;-0.01731071;12.64951918;1.94346692
449;44.88290259;0.00000000;1.22836595;18.01964216;0.77163751;2.42860621;1.39893131;-0.01624988;12.66486798;1.93402042
450;44.98286451;0.00000000;1.24553932;18.11811561;0.75446993;2.44579914;1.39736011;-0.01518696;12.68012373;1.92462939
451;45.08282643;0.00000000;1.26286292;18.21656719;0.73715560;2.43675627;1.39589507;-0.01412449;12.69528720;1.91529337
452;45.18278835;0.00000000;1.28032475;18.31498988;0.71970700;2.43167936;1.39453606;-0.01306665;12.71035915;1.90601194
453;45.28275028;0.00000000;1.29791590;18.41339402;0.70804818;2.43083662;1.39328273;-0.01200880;12.72534035;1.89678466
454;45.38271220;0.00000000;1.31562435;18.51177259;0.70631386;2.43422198;1.39213563;-0.01094250;12.74023153;1.88761110
455;45.48267412;0.00000000;1.33344121;18.61013618;0.70916413;2.44180754;1.39109506;-0.00987595;12.75503344;1.87849084
456;45.58263604;0.00000000;1.35135436;18.70847789;0.72580522;2.45354310;1.39016251;-0.00878253;12.76974679;1.86942346
457;45.68259796;0.00000000;1.36935457;18.80680788;0.73113200;2.45780977;1.38933921;-0.00768923;12.78437231;1.86040855
458;45.78255988;0.00000000;1.38742961;18.90512003;0.71300900;2.45343963;1.38862573;-0.00658620;12.79891071;1.85144571
459;45.88252180;0.00000000;1.40557009;19.00342418;0.69482181;2.45047692;1.38802247;-0.00548343;12.81336270;1.84253452
460;45.98248372;0.00000000;1.42376372;19.10171436;0.68708412;2.45164469;1.38752932;-0.00438367;12.82772896;1.83367458
461;46.08244564;0.00000000;1.44200118;19.20000066;0.69376968;2.45692621;1.38714606;-0.00328413;12.84201018;1.82486551
462;46.18240757;0.00000000;1.46027015;19.29827694;0.71448377;2.46628368;1.38687276;-0.00218422;12.85620704;1.81610691
463;46.28236949;0.00000000;1.47856132;19.39655318;0.72266169;2.47966086;1.38670938;-0.00108453;12.87032022;-11.98495270
464;46.38233141;0.00000000;1.49686242;19.49482355;0.70449620;2.49698130;1.38665596;0.00001563;12.77689574;-12.44213596
465;46.48229333;0.00000000;1.51516407;19.59309778;0.68634133;2.49739215;1.38671250;0.00111557;12.67917920;-12.26126438
466;46.58225525;0.00000000;1.53345406;19.69137022;0.66821059;2.49206493;1.38687899;0.00221550;12.58214076;-12.08583764
467;46.68221717;0.00000000;1.55172299;19.78965053;0.65029243;2.49071908;1.38715543;0.00331522;12.48575264;-11.91567405
468;46.78217909;0.00000000;1.56995865;19.88793311;0.64752084;2.49335017;1.38754179;0.00441515;12.38998756;-11.75072862
469;46.88214101;0.00000000;1.58815162;19.98622747;0.65854314;2.49993490;1.38803812;0.00551486;12.29481764;-11.59086830
470;46.98210293;0.00000000;1.60628972;20.08452814;0.67212517;2.51043076;1.38864435;0.00661454;12.20021516;-11.43601234
471;47.08206486;0.00000000;1.62436349;20.18284445;0.67578454;2.50834195;1.38936052;0.00771403;12.10615209;-11.28596649
472;47.18202678;0.00000000;1.64236078;20.28117103;0.65782877;2.50395808;1.39018659;0.00881400;12.01260108;-11.14074209
473;47.28198870;0.00000000;1.66027208;20.37951704;0.63996501;2.50347283;1.39112264;0.00991374;11.91953374;-11.00034025
474;47.38195062;0.00000000;1.67808529;20.47787726;0.62220587;2.50687753;1.39216854;0.01101259;11.82692075;-10.86289549
475;47.48191254;0.00000000;1.69579081;20.57626038;0.60456109;2.51414566;1.39332434;0.01212341;11.73474766;-10.69080999
476;47.58187446;0.00000000;1.71337602;20.67466142;0.59176017;2.52232691;1.39460616;0.01352298;11.64332233;-10.51999397
477;47.68183638;0.00000000;1.73082885;20.77308983;0.59582751;2.53338936;1.39602796;0.01495503;11.55265152;-10.25344173
478;47.78179830;0.00000000;1.74813260;20.87154015;0.61644367;2.54817883;1.39763289;0.01715635;11.46358799;-9.99570172
479;47.88176023;0.00000000;1.76526834;20.97002486;0.63490174;2.55606309;1.39945789;0.01935315;11.37609206;-9.75612458
480;47.98172215;0.00000000;1.78221275;21.06853736;0.61792895;2.54832522;1.40149820;0.02146969;11.29003936;-9.52496860
481;48.08168407;0.00000000;1.79894663;21.16709147;0.60116944;2.54427907;1.40375016;0.02357766;11.20538801;-9.32321246
482;48.18164599;0.00000000;1.81544749;21.26567895;0.59488166;2.54392192;1.40620333;0.02550574;11.12190577;-9.12770360
483;48.28160791;0.00000000;1.83169793;21.36431418;0.60551775;2.54723578;1.40884934;0.02743398;11.03956260;-8.93508874
484;48.38156983;0.00000000;1.84767678;21.46298746;0.63224096;2.55418670;1.41168930;0.02938855;10.95835777;-8.74809517
485;48.48153175;0.00000000;1.86336669;21.56171360;0.63843487;2.54561717;1.41472482;0.03134595;10.87826513;-8.55903681
486;48.58149367;0.00000000;1.87874617;21.66048257;0.62300813;2.53754526;1.41795931;0.03337021;10.79932853;-8.37580466
487;48.68145559;0.00000000;1.89379690;21.75930768;0.60791341;2.53306125;1.42139636;0.03539402;10.72151919;-8.20146539
488;48.78141752;0.00000000;1.90849721;21.85818047;0.60315767;2.53216454;1.42503403;0.03738883;10.64477831;-8.03256600
489;48.88137944;0.00000000;1.92282852;21.95711196;0.60510461;2.53483889;1.42887130;0.03938277;10.56907772;-7.87173577
490;48.98134136;0.00000000;1.93676971;22.05609493;0.62366810;2.54105296;1.43290634;0.04135064;10.49436306;-7.71584224
491;49.08130328;0.00000000;1.95030216;22.15513855;0.64992260;2.55018983;1.43713831;0.04331877;10.42060820;-7.56641493
492;49.18126520;0.00000000;1.96340516;22.25423633;0.63684838;2.53724238;1.44156607;0.04527165;10.34777119;-7.42136441
493;49.28122712;0.00000000;1.97605997;22.35339550;0.62422275;2.52773250;1.44618925;0.04722714;10.27582896;-7.27751923
494;49.38118904;0.00000000;1.98824613;22.45261058;0.61206603;2.52168029;1.45100941;0.04921425;10.20478864;-7.13782690
495;49.48115096;0.00000000;1.99994432;22.55188676;0.60533236;2.51909065;1.45602842;0.05120436;10.13462823;-6.99938693
496;49.58111288;0.00000000;2.01113397;22.65121968;0.61549486;2.51995455;1.46124783;0.05322470;10.06535370;-6.86510395
497;49.68107481;0.00000000;2.02179510;22.75061201;0.64177023;2.51266271;1.46666940;0.05524621;9.99694189;-6.73871039
498;49.78103673;0.00000000;2.03190714;22.85006075;0.66837610;2.49785106;1.47229105;0.05723030;9.92933121;-6.61624874
499;49.88099865;0.00000000;2.04145013;22.94956627;0.65882347;2.48640266;1.47811117;0.05921500;9.86249828;-6.50059449
500;49.98096057;0.00000000;2.05040399;23.04912626;0.64986134;2.47834487;1.48412808;0.06116966;9.79638957;-6.38832384
501;50.08092249;0.00000000;2.05874890;23.14873911;0.65204744;2.47369149;1.49034057;0.06312820;9.73098506;-6.27873491
502;50.18088441;0.00000000;2.06646510;23.24840332;0.66729768;2.47244233;1.49674940;0.06509722;9.66627134;-6.17226078
503;50.28084633;0.00000000;2.07353249;23.34811425;0.68651617;2.47209372;1.50335523;0.06707148;9.60222992;-6.06875073
504;50.38080825;0.00000000;2.07993131;23.44787222;0.71985790;2.45454093;1.51015885;0.06905190;9.53884330;-5.96831619
505;50.48077017;0.00000000;2.08564127;23.54766950;0.71676123;2.44027409;1.51716049;0.07103655;9.47609217;-5.87084199
506;50.58073210;0.00000000;2.09064256;23.64750765;0.72684310;2.42918722;1.52436094;0.07302605;9.41395780;-5.77618431
507;50.68069402;0.00000000;2.09491479;23.74737642;0.75092200;2.41770092;1.53176033;0.07502134;9.35242239;-5.68409081
508;50.78065594;0.00000000;2.09843807;23.84727817;0.78773395;2.40956025;1.53935984;0.07702470;9.29147024;-5.59461579
509;50.88061786;0.00000000;2.10119194;23.94719976;0.79880868;2.40231813;1.54715963;0.07903500;9.23108456;-5.50767964
510;50.98057978;0.00000000;2.10315639;24.04714481;0.79684424;2.37745818;1.55516111;0.08105262;9.17124886;-5.42323714
511;51.08054170;0.00000000;2.10431095;24.14709713;0.80190139;2.35578603;1.56336422;0.08307763;9.11194662;-5.34111304
512;51.18050362;0.00000000;2.10463541;24.24706140;0.82002380;2.33174076;1.57177067;0.08511165;9.05316273;-5.26130471
513;51.28046554;0.00000000;2.10410942;24.34701851;0.85039221;2.30104884;1.58038036;0.08715431;8.99488161;-5.18367828
514;51.38042746;0.00000000;2.10271251;24.44697400;0.88799304;2.27349477;1.58919529;0.08920688;8.93708869;-5.10822713
515;51.48038939;0.00000000;2.10042449;24.54690579;0.90050833;2.24917991;1.59821525;0.09126909;8.87976902;-5.03481883
516;51.58035131;0.00000000;2.09722461;24.64682024;0.90370209;2.22818834;1.60744259;0.09334230;8.82290868;-4.96344700
517;51.68031323;0.00000000;2.09309293;24.74669231;0.91206678;2.21059941;1.61687696;0.09542633;8.76649338;-4.89396736
518;51.78027515;0.00000000;2.08800833;24.84652901;0.92715420;2.19647274;1.62652107;0.09752279;8.71051006;-4.82638898
519;51.88023707;0.00000000;2.08195126;24.94630233;0.95347389;2.18585840;1.63637448;0.09963136;8.65494513;-4.76057140
520;51.98019899;0.00000000;2.07490015;25.04601984;0.99015207;2.16202701;1.64644029;0.10175372;8.59978625;-4.69652933
521;52.08016091;0.00000000;2.06683593;25.14565057;1.03333396;2.12833741;1.65671792;0.10388957;8.54502050;-4.63410673
522;52.18012283;0.00000000;2.05773655;25.24520244;1.04539484;2.09787160;1.66721088;0.10604090;8.49063642;-4.57333495
523;52.28008476;0.00000000;2.04758352;25.34464157;1.06774735;2.07076092;1.67791852;0.10820724;8.43662185;-4.51404855
524;52.38004668;0.00000000;2.03635425;25.44397609;1.09978665;2.04711462;1.68884474;0.11039084;8.38296620;-4.45629459
525;52.48000860;0.00000000;2.02403095;25.54316923;1.14070584;2.00634992;1.69998882;0.11259107;8.32965802;-4.39988356
526;52.57997052;0.00000000;2.01059044;25.64222911;1.18956850;1.96749098;1.71135511;0.11481067;8.27668781;-4.34488386
527;52.67993244;0.00000000;1.99601573;25.74111612;1.20978255;1.93194577;1.72294282;0.11704874;8.22404494;-4.29109049
528;52.77989436;0.00000000;1.98028303;25.83983819;1.23887385;1.89987475;1.73475676;0.11930838;8.17172099;-4.23859536
529;52.87985628;0.00000000;1.96337625;25.93835292;1.27230171;1.87144752;1.74679608;0.12158839;8.11970613;-4.18714984
530;52.97981820;0.00000000;1.94527097;26.03666780;1.31065083;1.84680674;1.75906609;0.12389269;8.06799334;-4.13687959
531;53.07978012;0.00000000;1.92595212;26.13473770;1.35638179;1.82609340;1.77156592;0.12621960;8.01657381;-4.08751222
532;53.17974205;0.00000000;1.90539462;26.23256948;1.39545476;1.78317084;1.78430141;0.12857354;7.96544189;-4.03919122
533;53.27970397;0.00000000;1.88358453;26.33011524;1.41725925;1.73990982;1.79727167;0.13095261;7.91458994;-3.99161942
534;53.37966589;0.00000000;1.86049612;26.42738100;1.44690427;1.69553193;1.81048308;0.13336178;7.86401386;-3.94500325
535;53.47962781;0.00000000;1.83611666;26.52431626;1.48392892;1.65450187;1.82393476;0.13579814;7.81370679;-3.89890211
536;53.57958973;0.00000000;1.81041980;26.62092586;1.52782241;1.61733061;1.83763367;0.13826917;7.76366732;-3.85354351
537;53.67955165;0.00000000;1.78339417;26.71715664;1.57801248;1.58428470;1.85157910;0.14077160;7.71389105;-3.80840283
538;53.77951357;0.00000000;1.75501276;26.81301217;1.63394468;1.55559914;1.86577881;0.14331454;7.66438025;-3.76392606
539;53.87947549;0.00000000;1.72526568;26.90843644;1.67502574;1.52574322;1.88023221;0.14589104;7.61513138;-3.72004969
540;53.97943741;0.00000000;1.69412531;27.00343154;1.70625921;1.49449416;1.89494714;0.14850263;7.56614164;-3.67695968
541;54.07939934;0.00000000;1.66158334;27.09793908;1.73891644;1.46184665;1.90992260;0.15114660;7.51740563;-3.63610831
542;54.17936126;0.00000000;1.62761184;27.19195910;1.77302835;1.42777824;1.92516489;0.15379817;7.46889836;-3.59571279
543;54.27932318;0.00000000;1.59220463;27.28543069;1.80837730;1.39228864;1.94067195;0.15648909;7.42061817;-3.55745953
544;54.37928510;0.00000000;1.55533361;27.37835220;1.84507488;1.35535852;1.95645082;0.15918992;7.37254047;-3.51939664
545;54.47924702;0.00000000;1.51699506;27.47065973;1.88326276;1.31699470;1.97249934;0.16193640;7.32466666;-3.48138114
546;54.57920894;0.00000000;1.47716067;27.56234991;1.92297554;1.27718288;1.98882750;0.16473189;7.27700011;-3.44351863
547;54.67917086;0.00000000;1.43582881;27.65335643;1.96422073;1.23593943;2.00543476;0.16757520;7.22954280;-3.40518198
548;54.77913278;0.00000000;1.39297109;27.74367304;2.00703390;1.19325864;2.02233198;0.17047885;7.18230549;-3.36665981
549;54.87909470;0.00000000;1.34858802;27.83323099;2.05142195;1.14917116;2.03951945;0.17343816;7.13529513;-3.32810294
550;54.97905663;0.00000000;1.30265123;27.92202101;2.09742148;1.10368595;2.05700824;0.17645096;7.08851673;-3.28932538
551;55.07901855;0.00000000;1.25516357;28.00997206;2.12930930;1.05592698;2.07479813;0.17952162;7.04197805;-3.24967330
552;55.17898047;0.00000000;1.20609698;28.09707150;2.15458894;1.00646671;2.09290146;0.18266371;6.99569637;-3.20951689
553;55.27894239;0.00000000;1.15545678;28.18324593;2.18587639;0.95555179;2.11131926;0.18587054;6.94968407;-3.16950656
554;55.37890431;0.00000000;1.10321548;28.26847896;2.22294758;0.90859657;2.13006310;0.18912956;6.90394444;-3.12839174
555;55.47886623;0.00000000;1.04938138;28.35269471;2.26552309;0.86886263;2.14913320;0.19246692;6.85849901;-3.08461911
556;55.57882815;0.00000000;0.99392797;28.43587268;2.31332700;0.83734720;2.16854584;0.19591528;6.81339268;-3.04048568
557;55.67879007;0.00000000;0.93686507;28.51793610;2.36603963;0.81499309;2.18830362;0.19942670;6.76863754;-2.99540228
558;55.77875200;0.00000000;0.87816822;28.59885867;2.39874091;0.80253285;2.20841872;0.20301386;6.72425474;-2.94838262
559;55.87871392;0.00000000;0.81785121;28.67856026;2.41861064;0.78180290;2.22889472;0.20669797;6.68028067;-2.90286095
560;55.97867584;0.00000000;0.75589042;28.75701131;2.44440680;0.75522197;2.24974290;0.21040401;6.63670090;-2.85301129
561;56.07863776;0.00000000;0.69230435;28.83412859;2.45985468;0.73519238;2.27096274;0.21426035;6.59358884;-2.78911195
562;56.17859968;0.00000000;0.62707110;28.90987772;2.45990541;0.70545332;2.29259234;0.21848278;6.55116813;-2.72089790
563;56.27856160;0.00000000;0.56020772;28.98417460;2.46619170;0.68689294;2.31464603;0.22284773;6.50951853;-2.63877054
564;56.37852352;0.00000000;0.49169659;29.05697318;2.47870826;0.67996564;2.33715861;0.22757102;6.46886994;-2.55110181
565;56.47848544;0.00000000;0.42155648;29.12818499;2.49739794;0.67166206;2.36014841;0.23245207;6.42932751;-2.45839043
566;56.57844736;0.00000000;0.34977154;29.19775668;2.51224858;0.67009738;2.38363623;0.23747252;6.39099064;-2.36140027
567;56.67840929;0.00000000;0.27636512;29.26559581;2.51618630;0.66616272;2.40762871;0.24260659;6.35394847;-2.25763664
568;56.77837121;0.00000000;0.20132507;29.33164372;2.52254715;0.65980865;2.43214506;0.24790503;6.31833093;-2.14595876
569;56.87833313;0.00000000;0.12468066;29.39580404;2.53137987;0.65098960;2.45719754;0.25338401;6.28428814;-2.02473064
570;56.97829505;0.00000000;0.04642532;29.45801080;2.54273645;0.63965574;2.48281066;0.25906949;6.25199852;-1.90681828
571;57.07825697;0.00000000;-0.03340274;29.51816123;2.55666419;0.62576479;2.50899462;0.26462933;6.22143609;-1.81107513
572;57.17821889;0.00000000;-0.11480568;29.57618816;2.57321309;0.61499495;2.53569578;0.26958862;6.19226856;-1.73237318
573;57.27818081;0.00000000;-0.19772978;29.63199184;2.57292707;0.61768133;2.56288863;0.27408185;6.16423939;-1.69980479
574;57.37814273;0.00000000;-0.28216416;29.68551199;2.56596544;0.63360904;2.59045169;0.27738516;6.13661273;-1.66325687
575;57.47810465;0.00000000;-0.36803709;29.73666276;2.56565898;0.64813186;2.61835159;0.28080105;6.10945915;-1.62763137
576;57.57806658;0.00000000;-0.45532443;29.78539030;2.55957550;0.64996769;2.64659102;0.28419945;6.08276983;-1.58143889
577;57.67802850;0.00000000;-0.54394516;29.83161041;2.55057095;0.64056426;2.67517882;0.28787476;6.05672530;-1.52708208
578;57.77799042;0.00000000;-0.63387121;29.87526733;2.54491679;0.63513696;2.70414935;0.29175244;6.03146925;-1.46641779
579;57.87795234;0.00000000;-0.72501865;29.91627738;2.53546791;0.64245990;2.73350993;0.29577247;6.00711656;-1.39758497
580;57.97791426;0.00000000;-0.81734909;29.95457937;2.53220593;0.63787663;2.76328499;0.29997273;5.98381474;-1.29723843
581;58.07787618;0.00000000;-0.91077277;29.99009061;2.52193692;0.63416311;2.79349686;0.30495608;5.96210449;-1.16231209
582;58.17783810;0.00000000;-1.00524367;30.02274057;2.51864532;0.60672460;2.82427041;0.31075803;5.94258497;-0.85473500
583;58.27780002;0.00000000;-1.10066720;30.05243448;2.52242045;0.59191849;2.85571882;0.32100231;5.92818979;-0.34085974
584;58.37776194;0.00000000;-1.19700760;30.07905342;2.52125558;0.59060177;2.88857034;0.33626910;5.92243938;-0.13549048
585;58.47772387;0.00000000;-1.29417936;30.10242187;2.49793586;0.60272233;2.92270822;0.34238563;5.92015206;-0.13549048
586;58.57768579;0.00000000;-1.39210935;30.12245846;2.47793787;0.62281468;2.95680280;0.33983330;5.91786386;-0.03672590
587;58.67764771;0.00000000;-1.49066398;30.13915893;2.46126607;0.63955373;2.99055921;0.33364226;5.91724347;0.18256903
588;58.77760963;0.00000000;-1.58972379;30.15256505;2.44787956;0.65298338;3.02343636;0.32421812;5.92032686;0.50056869
589;58.87757155;0.00000000;-1.68916140;30.16275308;2.43770376;0.66318363;3.05540319;0.31547975;5.92877270;0.77489239
590;58.97753347;0.00000000;-1.78887559;30.16980064;2.43066262;0.67023550;3.08652340;0.30719009;5.94182339;1.01808801
591;59.07749539;0.00000000;-1.88874928;30.17378271;2.42668333;0.67421812;3.11682954;0.29923455;5.95892652;1.23726749
592;59.17745731;0.00000000;-1.98870904;30.17477588;2.42569068;0.67521068;-3.13682822;0.29155609;5.97964585;1.43684520
593;59.27741923;0.00000000;-2.08864275;30.17285572;2.42761131;0.67329273;-3.10805578;0.28419410;6.00361759;1.61733370
594;59.37738116;0.00000000;-2.18849532;30.16809688;2.43237168;0.66854094;-3.08000255;0.27708801;6.03048653;1.78261671
595;59.47734308;0.00000000;-2.28816259;30.16057539;2.43989780;0.66103540;-3.05264996;0.27025854;6.05996331;1.93328821
596;59.57730500;0.00000000;-2.38760625;30.15036261;2.45011911;0.65084966;-3.02596500;0.26363711;6.09177033;2.07305504
597;59.67726692;0.00000000;-2.48673018;30.13753477;2.46296140;0.64180606;-2.99992974;0.25742577;6.12569334;2.19526296
598;59.77722884;0.00000000;-2.58550816;30.12215788;2.47833504;0.63579877;-2.97449020;0.25155053;6.16141252;2.30362741
599;59.87719076;0.00000000;-2.68385171;30.10430464;2.47645506;0.63775891;-2.94960697;0.24672601;6.19867359;2.37137057
600;59.97715268;0.00000000;-2.78174125;30.08402796;2.47391679;0.65275186;-2.92514633;0.24265996;6.23679788;2.41072639
601;60.07711460;0.00000000;-2.87909513;30.06138624;2.47783776;0.67012471;-2.90108241;0.23894213;6.27531748;2.43831719
602;60.17707653;0.00000000;-2.97589538;30.03642185;2.48814942;0.66852269;-2.87736740;0.23553127;6.31403890;2.45593498
603;60.27703845;0.00000000;-3.07206880;30.00918883;2.47594940;0.67942498;-2.85398867;0.23225094;6.35280152;2.47077872
604;60.37700037;0.00000000;-3.16759514;29.97972700;2.46897214;0.69357572;-2.83092968;0.22910265;6.39156122;2.48275864
605;60.47696229;0.00000000;-3.26241274;29.94808822;2.46832019;0.68383890;-2.80818023;0.22607813;6.43027351;2.49218092
606;60.57692421;0.00000000;-3.35649873;29.91431203;2.47396851;0.67753222;-2.78572614;0.22317942;6.46889974;2.49891365
607;60.67688613;0.00000000;-3.44980253;29.87844727;2.46579089;0.68368631;-2.76355597;0.22039997;6.50740011;2.50318302
608;60.77684805;0.00000000;-3.54229737;29.84053404;2.45399767;0.70199773;-2.74165776;0.21774290;6.54573924;2.50479642
609;60.87680997;0.00000000;-3.63394317;29.80061740;2.44840949;0.72522027;-2.72002000;0.21514889;6.58387961;2.50626550
610;60.97677189;0.00000000;-3.72470982;29.75873879;2.44356273;0.71502174;-2.69864075;0.21261583;6.62182248;2.50759657
611;61.07673382;0.00000000;-3.81456522;29.71494107;2.42754489;0.70645098;-2.67751782;0.20981850;6.65956915;2.52312936
612;61.17669574;0.00000000;-3.90348147;29.66926901;2.41764904;0.70708068;-2.65669906;0.20673212;6.69733492;2.55377729
613;61.27665766;0.00000000;-3.99143641;29.62176856;2.41392385;0.71966869;-2.63618960;0.20349163;6.73534379;2.59325851
614;61.37661958;0.00000000;-4.07840493;29.57249014;2.41636719;0.74363305;-2.61601932;0.20009011;6.77372203;2.64182643
615;61.47658150;0.00000000;-4.16437490;29.52147940;2.41641709;0.76822773;-2.59618160;0.19683015;6.81259673;2.68540335
616;61.57654342;0.00000000;-4.24931966;29.46879006;2.39984094;0.76144542;-2.57666306;0.19371509;6.85188663;2.72390138
617;61.67650534;0.00000000;-4.33323349;29.41446230;2.38926494;0.75592372;-2.55744926;0.19069013;6.89151096;2.75996852
618;61.77646726;0.00000000;-4.41609049;29.35854896;2.38474402;0.76167316;-2.53853729;0.18771744;6.93142891;2.79543791
619;61.87642918;0.00000000;-4.49788959;29.30108658;2.38628389;0.77847170;-2.51991681;0.18482827;6.97162689;2.82879087
620;61.97639111;0.00000000;-4.57860698;29.24212718;2.38962410;0.79376144;-2.50158287;0.18201536;7.01206989;2.86038437
621;62.07635303;0.00000000;-4.65824488;29.18170391;2.37602864;0.80727563;-2.48352457;0.17927387;7.05272878;2.89045115
622;62.17631495;0.00000000;-4.73678054;29.11986846;2.36421343;0.81902936;-2.46573957;0.17658622;7.09357832;2.91985978
623;62.27627687;0.00000000;-4.81421901;29.05665099;2.35415323;0.82904494;-2.44821798;0.17396713;7.13460601;2.94783921
624;62.37623879;0.00000000;-4.89053988;28.99210199;2.34582622;0.83733989;-2.43095750;0.17139668;7.17578889;2.97539210
625;62.47620071;0.00000000;-4.96574991;28.92624936;2.33920770;0.84393726;-2.41394933;0.16888532;7.21711840;3.00194556
626;62.57616263;0.00000000;-5.03983130;28.85914207;2.32917507;0.84885625;-2.39719172;0.16641599;7.25857827;3.02836883
627;62.67612455;0.00000000;-5.11279238;28.79080583;2.30444672;0.85212006;-2.38067680;0.16399039;7.30016450;3.05453862
628;62.77608647;0.00000000;-5.18461767;28.72128838;2.28544411;0.86447798;-2.36440525;0.16158492;7.34187148;3.08169547
629;62.87604840;0.00000000;-5.25531611;28.65061447;2.25999644;0.88643832;-2.34836949;0.15926702;7.38371053;3.10613035
630;62.97601032;0.00000000;-5.32487543;28.57882901;2.22848993;0.91732477;-2.33255923;0.15707487;7.42564278;3.12570209
631;63.07597224;0.00000000;-5.39330336;28.50595563;2.20259565;0.92148978;-2.31696447;0.15495154;7.46760156;3.14353766
632;63.17593416;0.00000000;-5.46059063;28.43203506;2.18250220;0.92993966;-2.30157602;0.15294877;7.50956332;3.15666925
633;63.27589608;0.00000000;-5.52674291;28.35709093;2.16835367;0.94741729;-2.28638466;0.15097989;7.55146573;3.16997933
634;63.37585800;0.00000000;-5.59175438;28.28115967;2.16025172;0.97345015;-2.27139296;0.14897774;7.59331213;3.18728591
635;63.47581992;0.00000000;-5.65562914;28.20426715;2.14417655;1.00719801;-2.25659893;0.14702002;7.63515576;3.20401814
636;63.57578184;0.00000000;-5.71836607;28.12644534;2.12230856;1.03125665;-2.24199871;0.14510134;7.67698920;3.22044668
637;63.67574376;0.00000000;-5.77996813;28.04772112;2.10640005;1.05713659;-2.22758861;0.14321252;7.71880867;3.23707080
638;63.77570569;0.00000000;-5.84043706;27.96812291;2.09550287;1.07807127;-2.21336656;0.14134121;7.76061691;3.25458988
639;63.87566761;0.00000000;-5.89977463;27.88767927;2.06991682;1.08224044;-2.19932975;0.13950757;7.80242558;3.27173643
640;63.97562953;0.00000000;-5.95798615;27.80641389;2.04045708;1.09417955;-2.18547575;0.13767709;7.84422992;3.29058892
641;64.07559145;0.00000000;-6.01507138;27.72435850;2.01357700;1.11365321;-2.17180379;0.13587729;7.88605163;3.30940143
642;64.17555337;0.00000000;-6.07103988;27.64153082;1.99268865;1.14029099;-2.15830974;0.13410229;7.92788992;3.32850473
643;64.27551529;0.00000000;-6.12588933;27.55796600;1.97797063;1.17149589;-2.14499253;0.13235778;7.96974818;3.34750013
644;64.37547721;0.00000000;-6.17963281;27.47367586;1.93554300;1.20368045;-2.13184780;0.13062869;8.01162475;3.36731698
645;64.47543913;0.00000000;-6.23226615;27.38869906;1.89612236;1.24190470;-2.11887583;0.12892628;8.05352954;3.38719177
646;64.57540106;0.00000000;-6.28380533;27.30304217;1.86245802;1.28564613;-2.10607238;0.12722897;8.09546283;3.40850294
647;64.67536298;0.00000000;-6.33424544;27.21674617;1.83486346;1.31061557;-2.09343882;0.12555613;8.13744182;3.42994173
648;64.77532490;0.00000000;-6.38360419;27.12981392;1.81359760;1.33150286;-2.08097016;0.12389950;8.17946738;3.45202830
649;64.87528682;0.00000000;-6.43187673;27.04228744;1.79592946;1.35236873;-2.06866756;0.12226406;8.22154665;3.47439730
650;64.97524874;0.00000000;-6.47908174;26.95416685;1.76745856;1.36490269;-2.05652816;0.12059940;8.26368224;3.50046262
651;65.07521066;0.00000000;-6.52521534;26.86549449;1.74544374;1.38338257;-2.04455615;0.11894927;8.30591778;3.52719882
652;65.17517258;0.00000000;-6.57029696;26.77626882;1.73011281;1.40759191;-2.03274799;0.11728771;8.34825977;3.55639270
653;65.27513450;0.00000000;-6.61432392;26.68653185;1.69997658;1.43724773;-2.02110690;0.11563950;8.39073590;3.58629312
654;65.37509642;0.00000000;-6.65731600;26.59628069;1.67130086;1.46824501;-2.00962825;0.11400858;8.43335250;3.61660275
655;65.47505835;0.00000000;-6.69927152;26.50555670;1.64931839;1.50185724;-1.99831322;0.11239436;8.47611229;3.64734678
656;65.57502027;0.00000000;-6.74021020;26.41435574;1.63428063;1.51045452;-1.98715761;0.11078917;8.51901820;3.67906558
657;65.67498219;0.00000000;-6.78013143;26.32271829;1.61996244;1.52414412;-1.97616326;0.10919689;8.56207942;3.71146205
658;65.77494411;0.00000000;-6.81905474;26.23063938;1.58097388;1.54313553;-1.96532628;0.10761235;8.60530149;3.74490557
659;65.87490603;0.00000000;-6.85698079;26.13815808;1.54639039;1.56724460;-1.95464849;0.10603885;8.64869411;3.77913990
660;65.97486795;0.00000000;-6.89392872;26.04526921;1.51863571;1.59625715;-1.94412628;0.10447360;8.69226380;3.81436565
661;66.07482987;0.00000000;-6.92990051;25.95201003;1.49808377;1.62991634;-1.93376128;0.10291837;8.73601926;3.85043948
662;66.17479179;0.00000000;-6.96491478;25.85837553;1.48501579;1.66188515;-1.92355021;0.10136963;8.77996738;3.88762703
663;66.27475371;0.00000000;-6.99897488;25.76440088;1.47961884;1.66542853;-1.91349469;0.09982904;8.82411789;3.92579300
664;66.37471564;0.00000000;-7.03209884;25.67008156;1.46794737;1.67395108;-1.90359178;0.09829462;8.86847880;3.96508897
665;66.47467756;0.00000000;-7.06429136;25.57545039;1.43964019;1.68739004;-1.89384291;0.09676731;8.91305963;4.00543849
666;66.57463948;0.00000000;-7.09556986;25.48050363;1.41877927;1.70564526;-1.88424550;0.09524526;8.95786887;4.04698730
667;66.67460140;0.00000000;-7.12594036;25.38527154;1.40154060;1.72857406;-1.87480082;0.09372906;9.00291641;4.08968930
668;66.77456332;0.00000000;-7.15541964;25.28975140;1.38964077;1.75600947;-1.86550666;0.09221754;9.04821144;4.10955928
669;66.87452524;0.00000000;-7.18401500;25.19397077;1.38579447;1.78402862;-1.85636409;0.09071087;9.09349928;4.08294240
670;66.97448716;0.00000000;-7.21174262;25.09792810;1.38848954;1.81174545;-1.84737125;0.08920824;9.13827154;4.05661296
671;67.07444908;0.00000000;-7.23861097;25.00164816;1.36156181;1.82629315;-1.83852904;0.08770954;9.18253888;4.03056520
672;67.17441100;0.00000000;-7.26463566;24.90513073;1.33548872;1.82425606;-1.82983590;0.08621430;9.22631164;4.00479357
673;67.27437293;0.00000000;-7.28982627;24.80839769;1.31025934;1.82683201;-1.82129258;0.08472218;9.26959978;3.97929269
674;67.37433485;0.00000000;-7.31419789;24.71145023;1.29066688;1.83401644;-1.81289782;0.08323299;9.31241299;3.95405735
675;67.47429677;0.00000000;-7.33776108;24.61430737;1.27944125;1.84576916;-1.80465219;0.08174620;9.35476060;3.92908250
676;67.57425869;0.00000000;-7.36053050;24.51697174;1.27678813;1.86201830;-1.79655473;0.08026185;9.39665170;3.90436323
677;67.67422061;0.00000000;-7.38251760;24.41945950;1.28274637;1.88265979;-1.78860583;0.07877927;9.43809507;3.87989482
678;67.77418253;0.00000000;-7.40373664;24.32177474;1.29698172;1.90385100;-1.78080482;0.07729867;9.47909922;3.85567266
679;67.87414445;0.00000000;-7.42419985;24.22393082;1.27645968;1.90234336;-1.77315191;0.07581931;9.51967242;3.83169227
680;67.97410637;0.00000000;-7.44392120;24.12593325;1.25668561;1.89607191;-1.76564668;0.07434151;9.55982267;3.80794933
681;68.07406830;0.00000000;-7.46291358;24.02779270;1.23764596;1.89431709;-1.75828922;0.07286448;9.59955777;3.78443962
682;68.17403022;0.00000000;-7.48119072;23.92951605;1.22631796;1.89710623;-1.75107931;0.07138861;9.63888526;3.76115906
683;68.27399214;0.00000000;-7.49876609;23.83111138;1.22379492;1.90443390;-1.74401691;0.06991310;9.67781248;3.73810366
684;68.37395406;0.00000000;-7.51565323;23.73258684;1.23011644;1.91626219;-1.73710200;0.06843847;9.71634656;3.71526958
685;68.47391598;0.00000000;-7.53186611;23.63394808;1.24072889;1.93250345;-1.73033442;0.06696395;9.75449443;3.69265305
686;68.57387790;0.00000000;-7.54741814;23.53520443;1.25290853;1.94803828;-1.72371431;0.06548980;9.79226281;3.67025041
687;68.67383982;0.00000000;-7.56232369;23.43635926;1.23803360;1.96291152;-1.71724146;0.06401528;9.82965826;3.64805811
688;68.77380174;0.00000000;-7.57659610;23.33742295;1.22379110;1.97715508;-1.71091613;0.06254115;9.86668715;3.62607270
689;68.87376366;0.00000000;-7.59025007;23.23839676;1.21016606;1.97826177;-1.70473800;0.06106681;9.90335567;3.60429079
690;68.97372559;0.00000000;-7.60329891;23.13929200;1.19714520;1.96729996;-1.69870743;0.05959320;9.93966988;3.58270912
691;69.07368751;0.00000000;-7.61575757;23.04010802;1.18471332;1.95997159;-1.69282391;0.05811993;9.97563563;3.56132449
692;69.17364943;0.00000000;-7.62763935;22.94085691;1.17420749;1.95316014;-1.68708799;0.05664190;10.01125866;3.54013377
693;69.27361135;0.00000000;-7.63895942;22.84153627;1.17272833;1.95088592;-1.68150006;0.05515708;10.04654453;3.51913394
694;69.37357327;0.00000000;-7.64973127;22.74215883;1.18029515;1.95317982;-1.67606098;0.05366426;10.08149869;3.49832204
695;69.47353519;0.00000000;-7.65997032;22.64272070;1.19672222;1.96004079;-1.67077164;0.05216029;10.11612642;3.47769518
696;69.57349711;0.00000000;-7.66969032;22.54323506;1.22163587;1.96976450;-1.66563294;0.05065525;10.15043290;3.45725054
697;69.67345903;0.00000000;-7.67890688;22.44369674;1.22110124;1.97898440;-1.66064451;0.04914891;10.18442315;3.43698537
698;69.77342095;0.00000000;-7.68763388;22.34411923;1.21237287;1.97361627;-1.65580693;0.04764267;10.21810208;3.41689701
699;69.87338288;0.00000000;-7.69588696;22.24449625;1.20411867;1.95486766;-1.65111961;0.04613685;10.25147450;3.39698282
700;69.97334480;0.00000000;-7.70368010;22.14484144;1.19632459;1.94063503;-1.64658314;0.04462950;10.28454507;3.37724026
701;70.07330672;0.00000000;-7.71102896;22.04514757;1.18897496;1.93103206;-1.64219719;0.04312023;10.31731836;3.35766682
702;70.17326864;0.00000000;-7.71794768;21.94542832;1.18652412;1.92614428;-1.63796242;0.04161029;10.34979882;3.33826008
703;70.27323056;0.00000000;-7.72445191;21.84567571;1.19289101;1.92602226;-1.63387834;0.04009998;10.38199082;3.31901764
704;70.37319248;0.00000000;-7.73055590;21.74590333;1.20792058;1.93068195;-1.62994554;0.03858853;10.41389861;3.29993719
705;70.47315440;0.00000000;-7.73627531;21.64610261;1.23128251;1.93639917;-1.62616363;0.03707607;10.44552633;3.28101644
706;70.57311632;0.00000000;-7.74162450;21.54628693;1.25913021;1.94174640;-1.62253320;0.03556269;10.47687805;3.26225317
707;70.67307824;0.00000000;-7.74661910;21.44644731;1.25413386;1.94673934;-1.61905384;0.03404875;10.50795774;3.24364520
708;70.77304017;0.00000000;-7.75127361;21.34659681;1.24947778;1.93495467;-1.61572609;0.03253385;10.53876928;3.22519041
709;70.87300209;0.00000000;-7.75560360;21.24672618;1.24514671;1.91372204;-1.61254959;0.03101842;10.56931646;3.20688671
710;70.97296401;0.00000000;-7.75962369;21.14684807;1.24112562;1.89721855;-1.60952482;0.02950213;10.59960299;3.18873207
711;71.07292593;0.00000000;-7.76334942;21.04695314;1.23739931;1.88558181;-1.60665144;0.02798556;10.62963250;3.17072450
712;71.17288785;0.00000000;-7.76679549;20.94705350;1.24110556;1.87891876;-1.60392988;0.02646821;10.65940855;3.15286203
713;71.27284977;0.00000000;-7.76997741;20.84713985;1.24563802;1.87501594;-1.60135983;0.02495077;10.68893460;3.13514276
714;71.37281169;0.00000000;-7.77290997;20.74722372;1.25836700;1.87328465;-1.59894167;0.02343268;10.71821406;3.11756482
715;71.47277361;0.00000000;-7.77560861;20.64729595;1.27903429;1.87598341;-1.59667510;0.02191473;10.74725026;3.10012638
716;71.57273553;0.00000000;-7.77808823;20.54736743;1.30724694;1.87846318;-1.59456043;0.02039628;10.77604646;3.08282563
717;71.67269746;0.00000000;-7.78036421;20.44742926;1.31973049;1.88073915;-1.59259740;0.01887820;10.80460585;3.06566083
718;71.77265938;0.00000000;-7.78245149;20.34749165;1.31764382;1.88282648;-1.59078626;0.01735978;10.83293157;3.04863025
719;71.87262130;0.00000000;-7.78436544;20.24754602;1.31573039;1.88474035;-1.58912676;0.01584199;10.86102667;3.03173219
720;71.97258322;0.00000000;-7.78612103;20.14760188;1.31397532;1.88291287;-1.58761910;0.01432404;10.88889415;3.01496501
721;72.07254514;0.00000000;-7.78773359;20.04765108;1.31236320;1.85525928;-1.58626302;0.01280697;10.91653696;2.99832707
722;72.17250706;0.00000000;-7.78921813;19.94770239;1.31087911;1.83252344;-1.58505870;0.01128993;10.94395798;2.98181679
723;72.27246898;0.00000000;-7.79058992;19.84774814;1.30950770;1.81490335;-1.58400587;0.00977406;10.97116004;2.96543261
724;72.37243090;0.00000000;-7.79186400;19.74779638;1.31082540;1.80256552;-1.58310464;0.00825840;10.99814590;2.94917299
725;72.47239283;0.00000000;-7.79305561;19.64783999;1.31981714;1.79563305;-1.58235478;0.00674416;11.02491829;2.93303642
726;72.57235475;0.00000000;-7.79417980;19.54788626;1.33631258;1.79418423;-1.58175633;0.00523035;11.05147986;2.91702145
727;72.67231667;0.00000000;-7.79525177;19.44792867;1.36002522;1.79525619;-1.58130906;0.00371824;11.07783324;2.90112661
728;72.77227859;0.00000000;-7.79628655;19.34797381;1.39057022;1.79629095;-1.58101297;0.00220677;11.10398098;2.88535050
729;72.87224051;0.00000000;-7.79729930;19.24801575;1.40292797;1.79730370;-1.58086782;0.00069724;11.12992561;2.86969171
730;72.97220243;0.00000000;-7.79830507;19.14806043;1.40192198;1.79830945;-1.58087357;-0.00081155;11.15566958;2.85414888
731;73.07216435;0.00000000;-7.79931897;19.04810254;1.40090791;1.79932334;-1.58103000;-0.00231833;11.18121533;2.83872066
732;73.17212627;0.00000000;-7.80035600;18.94814738;1.39987065;1.78851122;-1.58133704;-0.00382340;11.20656522;2.82340573
733;73.27208819;0.00000000;-7.80143127;18.84819029;1.39879521;1.76112264;-1.58179427;-0.00532481;11.23172161;2.80820281
734;73.37205012;0.00000000;-7.80255971;18.74823595;1.40303236;1.73910946;-1.58240161;-0.00682713;11.25668677;2.79311061
735;73.47201204;0.00000000;-7.80375639;18.64828039;1.41427219;1.72269169;-1.58315922;-0.00833075;11.28146295;2.77812789
736;73.57197396;0.00000000;-7.80503629;18.54832773;1.43233477;1.71204596;-1.58406723;-0.00983992;11.30605238;2.76325341
737;73.67193588;0.00000000;-7.80641453;18.44837464;1.45107454;1.70729494;-1.58512677;-0.01135887;11.33045721;2.74848597
738;73.77189780;0.00000000;-7.80790624;18.34842476;1.47577994;1.70850313;-1.58633812;-0.01287656;11.35467958;2.73382439
739;73.87185972;0.00000000;-7.80952662;18.24847543;1.49084962;1.71012265;-1.58770102;-0.01439185;11.37872159;2.71926749
740;73.97182164;0.00000000;-7.81129077;18.14852985;1.48908662;1.71188578;-1.58921533;-0.01590391;11.40258530;2.70481413
741;74.07178356;0.00000000;-7.81321383;18.04858599;1.48716480;1.71380773;-1.59088041;-0.01741018;11.42627272;2.69046319
742;74.17174548;0.00000000;-7.81531080;17.94864672;1.48506921;1.71590341;-1.59269602;-0.01891545;11.44978585;2.67621355
743;74.27170741;0.00000000;-7.81759675;17.84871061;1.48278477;1.69637787;-1.59466200;-0.02041894;11.47312664;2.66206412
744;74.37166933;0.00000000;-7.82008666;17.74878025;1.48029656;1.67198955;-1.59677820;-0.02191960;11.49629702;2.64801384
745;74.47163125;0.00000000;-7.82279553;17.64885480;1.47758955;1.65278803;-1.59904409;-0.02341541;11.51929886;2.63406165
746;74.57159317;0.00000000;-7.82573827;17.54893665;1.47574554;1.63969991;-1.60145945;-0.02490925;11.54213403;2.62020651
747;74.67155509;0.00000000;-7.82892982;17.44902553;1.48041518;1.63288702;-1.60402393;-0.02639978;11.56480435;2.60644740
748;74.77151701;0.00000000;-7.83238499;17.34912370;1.49152248;1.63244294;-1.60673735;-0.02788787;11.58731162;2.59278332
749;74.87147893;0.00000000;-7.83611866;17.24923144;1.50891076;1.63617706;-1.60959925;-0.02937193;11.60965761;2.57921328
750;74.97144085;0.00000000;-7.84014560;17.14935095;1.53235165;1.64020452;-1.61260945;-0.03085373;11.63184405;2.56573631
751;75.07140277;0.00000000;-7.84448057;17.04948303;1.55553564;1.64454013;-1.61576753;-0.03233190;11.65387266;2.55235144
752;75.17136470;0.00000000;-7.84913828;16.94962990;1.55087741;1.64919858;-1.61907333;-0.03380782;11.67574511;2.53905775
753;75.27132662;0.00000000;-7.85413342;16.84979287;1.54588169;1.62439030;-1.62252641;-0.03528011;11.69746306;2.52585431
754;75.37128854;0.00000000;-7.85948061;16.74997424;1.54053385;1.60340773;-1.62612662;-0.03675029;11.71902814;2.51274019
755;75.47125046;0.00000000;-7.86519447;16.65017579;1.53481927;1.58881473;-1.62987356;-0.03821713;11.74044195;-0.00291370
756;75.57121238;0.00000000;-7.87128954;16.55040000;1.53240563;1.58080315;-1.63376710;-0.03968203;11.74041714;-6.91321601
757;75.67117430;0.00000000;-7.87778034;16.45064909;1.53610982;1.57948786;-1.63780685;-0.04114386;11.68140736;-6.76637395
758;75.77113622;0.00000000;-7.88468134;16.35092577;1.54587330;1.58490013;-1.64199271;-0.04260402;11.62336090;-6.62268671
759;75.87109814;0.00000000;-7.89200697;16.25123271;1.56156795;1.59222036;-1.64632433;-0.04406148;11.56626498;-6.48186547
760;75.97106006;0.00000000;-7.89977163;16.15157289;1.58300295;1.59997911;-1.65080164;-0.04551760;11.51010886;-6.34391934
761;76.07102199;0.00000000;-7.90798965;16.05194943;1.59268518;1.60819072;-1.65542432;-0.04697150;11.45488129;-6.20857958
762;76.17098391;0.00000000;-7.91667536;15.95236565;1.58399173;1.61686947;-1.66019236;-0.04842445;11.40057289;-6.07583618
763;76.27094583;0.00000000;-7.92584300;15.85282508;1.57481529;1.60078595;-1.66510548;-0.04987577;11.34717400;-5.94545104
764;76.37090775;0.00000000;-7.93550681;15.75333145;1.56514157;1.58582253;-1.67016372;-0.05132654;11.29467664;-5.81740220
765;76.47086967;0.00000000;-7.94568096;15.65388870;1.55495628;1.57757753;-1.67536686;-0.05277620;11.24307266;-5.69144861
766;76.57083159;0.00000000;-7.95637959;15.55450104;1.54536286;1.57408329;-1.68071497;-0.05422594;11.19235572;-5.56754210
767;76.67079351;0.00000000;-7.96761680;15.45517278;1.54020817;1.57351292;-1.68620793;-0.05567542;11.14251956;-5.44553246
768;76.77075543;0.00000000;-7.97940663;15.35590865;1.54097615;1.57983620;-1.69184585;-0.05712515;11.09355896;-5.32536318
769;76.87071736;0.00000000;-7.99176311;15.25671338;1.54764354;1.59220723;-1.69762863;-0.05857490;11.04546891;-5.20665612
770;76.97067928;0.00000000;-8.00470017;15.15759229;1.56012017;1.60516060;-1.70355645;-0.06002706;10.99824753;-5.08929792
771;77.07064120;0.00000000;-8.01823178;15.05855048;1.57825370;1.61871044;-1.70962958;-0.06148192;10.95189375;-4.97345532
772;77.17060312;0.00000000;-8.03237181;14.95959385;1.56774998;1.63287084;-1.71584821;-0.06293741;10.90640474;-4.85904929
773;77.27056504;0.00000000;-8.04713416;14.86072795;1.55300318;1.62586943;-1.72221232;-0.06439353;10.86177815;-4.74569193
774;77.37052696;0.00000000;-8.06253258;14.76195925;1.53762288;1.61318204;-1.72872214;-0.06585286;10.81801496;-4.63319913
775;77.47048888;0.00000000;-8.07858086;14.66329385;1.52159566;1.60728333;-1.73537804;-0.06731631;10.77511766;-4.52064420
776;77.57045080;0.00000000;-8.09529265;14.56473902;1.50659256;1.60826289;-1.74218058;-0.06879115;10.73309723;-4.40766657
777;77.67041272;0.00000000;-8.11268182;14.46630111;1.49743699;1.61612283;-1.74913147;-0.07027988;10.69196794;-4.30006063
778;77.77037465;0.00000000;-8.13076203;14.36798822;1.49422208;1.63077785;-1.75623048;-0.07173153;10.65168972;-4.19931686
779;77.87033657;0.00000000;-8.14954677;14.26980702;1.49697178;1.64957102;-1.76347088;-0.07313200;10.61220761;-4.10298192
780;77.97029849;0.00000000;-8.16904867;14.17176617;1.50563934;1.66908394;-1.77085075;-0.07450190;10.57348885;-4.01229870
781;78.07026041;0.00000000;-8.18928023;14.07387282;1.51073943;1.68932955;-1.77836443;-0.07582937;10.53548823;-3.92107638
782;78.17022233;0.00000000;-8.21025314;13.97613616;1.48975678;1.71032002;-1.78601120;-0.07716892;10.49821868;-3.82896909
783;78.27018425;0.00000000;-8.23197949;13.87856366;1.46802348;1.73206797;-1.79379282;-0.07852319;10.46169648;-3.73670832
784;78.37014617;0.00000000;-8.25447091;13.78116527;1.44552882;1.75458564;-1.80171012;-0.07988505;10.42593095;-3.64406749
785;78.47010809;0.00000000;-8.27773953;13.68394898;1.42226180;1.77769470;-1.80976408;-0.08125600;10.39093356;-3.55146014
786;78.57007001;0.00000000;-8.30179685;13.58692558;1.39821227;1.77146451;-1.81795534;-0.08263167;10.35671177;-3.45886472
787;78.67003194;0.00000000;-8.32665494;13.49010355;1.37336983;1.77168938;-1.82628432;-0.08401163;10.32327318;-3.36574391
788;78.76999386;0.00000000;-8.35232506;13.39349441;1.34772516;1.77838057;-1.83475156;-0.08540025;10.29063053;-3.27186048
789;78.86995578;0.00000000;-8.37881917;13.29710721;1.32389328;1.79147895;-1.84335823;-0.08679908;10.25879885;-3.17734078
790;78.96991770;0.00000000;-8.40614839;13.20095425;1.30643105;1.81085799;-1.85210507;-0.08820625;10.22779192;-3.08202757
791;79.06987962;0.00000000;-8.43432455;13.10504530;1.29142195;1.83633121;-1.86099309;-0.08962253;10.19762506;-2.98558631
792;79.16984154;0.00000000;-8.46335859;13.00939336;1.27998474;1.86337042;-1.87002313;-0.09105035;10.16831682;-2.88776232
793;79.26980346;0.00000000;-8.49326223;12.91400895;1.27538785;1.89329517;-1.87919668;-0.09249133;10.13988828;-2.78879182
794;79.36976538;0.00000000;-8.52404625;12.81890576;1.27596121;1.92411281;-1.88851470;-0.09394238;10.11235820;-2.68843943
795;79.46972730;0.00000000;-8.55572220;12.72409522;1.24427762;1.95583648;-1.89797841;-0.09540486;10.08574763;-2.58615029
796;79.56968923;0.00000000;-8.58830067;12.62959176;1.21171465;1.98847850;-1.90758890;-0.09688322;10.06008311;-2.48167909
797;79.66965115;0.00000000;-8.62179305;12.53540766;1.17826728;2.02205207;-1.91734823;-0.09837883;10.03539363;-2.37390432
798;79.76961307;0.00000000;-8.65620982;12.44155805;1.14393281;2.05656969;-1.92725792;-0.09990156;10.01171940;-2.26228384
799;79.86957499;0.00000000;-8.69156228;12.34805631;1.10870946;2.09204475;-1.93732187;-0.10145550;9.98910611;-2.14855190
800;79.96953691;0.00000000;-8.72786101;12.25491838;1.07259836;2.12840796;-1.94754173;-0.10302216;9.96758216;-2.03247103
801;80.06949883;0.00000000;-8.76511710;12.16215885;1.03560283;2.16550624;-1.95791893;-0.10460253;9.94717823;-1.91412772
802;80.16946075;0.00000000;-8.80334093;12.06979429;0.99773034;2.20359499;-1.96845466;-0.10619433;9.92792400;-1.79321892
803;80.26942267;0.00000000;-8.84254318;11.97784046;0.95854757;2.23406066;-1.97915016;-0.10779907;9.90985205;-1.67056329
804;80.36938459;0.00000000;-8.88273397;11.88631451;0.91802261;2.24886437;-1.99000648;-0.10940698;9.89298652;-1.54579199
805;80.46934652;0.00000000;-8.92392334;11.79523355;0.87653574;2.26904837;-2.00102352;-0.11102018;9.87735499;-1.41835186
806;80.56930844;0.00000000;-8.96612082;11.70461559;0.83409564;2.29448371;-2.01220241;-0.11264259;9.86299038;-1.28835380
807;80.66927036;0.00000000;-9.00933597;11.61447851;0.79071693;2.32501036;-2.02354367;-0.11427127;9.84992419;-1.15618330
808;80.76923228;0.00000000;-9.05357828;11.52484016;0.75293397;2.36044244;-2.03504809;-0.11590047;9.83818367;-1.02006952
809;80.86919420;0.00000000;-9.09885589;11.43572088;0.72589425;2.40057255;-2.04671574;-0.11754628;9.82781368;-0.88553258
810;80.96915612;0.00000000;-9.14517730;11.34714015;0.71081203;2.44517869;-2.05854756;-0.11915052;9.81880251;-0.75437514
811;81.06911804;0.00000000;-9.19255014;11.25911791;0.70747538;2.48524563;-2.07053513;-0.12069370;9.81111946;-0.60365429
812;81.16907996;0.00000000;-9.24098212;11.17167261;0.66561708;2.50987726;-2.08268149;-0.12240813;9.80496712;-0.43116311
813;81.26904189;0.00000000;-9.29048039;11.08482671;0.63563974;2.52888667;-2.09501238;-0.12431034;9.80057041;-0.37103105
814;81.36900381;0.00000000;-9.34105400;10.99860148;0.60974809;2.55287485;-2.10750269;-0.12502995;9.79678531;-0.37103105
815;81.46896573;0.00000000;-9.39269996;10.91301657;0.59310099;2.56772075;-2.11998519;-0.12471886;9.79299875;-0.33163517
816;81.56892765;0.00000000;-9.44540490;10.82808633;0.59182579;2.55855717;-2.13237355;-0.12212682;9.78961300;-0.07469756
817;81.66888957;0.00000000;-9.49914460;10.74380148;0.60604420;2.55449560;-2.14435583;-0.11760287;9.78885023;0.36067581
818;81.76885149;0.00000000;-9.55386947;10.66015749;0.62648149;2.55551712;-2.15589743;-0.11356430;9.79253270;0.73919025
819;81.86881341;0.00000000;-9.60954469;10.57713385;0.65355325;2.53628489;-2.16706966;-0.10996639;9.80007543;1.06738477
820;81.96877533;0.00000000;-9.66612824;10.49472853;0.69312080;2.48964155;-2.17788007;-0.10627487;9.81095684;1.39842008
821;82.06873725;0.00000000;-9.72358485;10.41292776;0.74321848;2.44628530;-2.18831558;-0.10251577;9.82519473;1.73051030
822;82.16869918;0.00000000;-9.78187470;10.33172285;0.77608307;2.40272617;-2.19837499;-0.09873602;9.84278527;2.05988920
823;82.26866110;0.00000000;-9.84096492;10.25109478;0.80091911;2.35072347;-2.20805449;-0.09492540;9.86368302;2.38837981
824;82.36862302;0.00000000;-9.90081526;10.17103405;0.83616520;2.30272928;-2.21735174;-0.09108206;9.88785805;2.71696927
825;82.46858494;0.00000000;-9.96139496;10.09151773;0.88060569;2.25896455;-2.22626384;-0.08722660;9.91528738;3.04443685
826;82.56854686;0.00000000;-10.02266333;10.01253566;0.92872461;2.21965142;-2.23478984;-0.08334795;9.94593280;3.37267466
827;82.66850878;0.00000000;-10.08459001;9.93406375;0.97116106;2.18499351;-2.24292693;-0.07945427;9.97977241;3.55886419
828;82.76847070;0.00000000;-10.14713545;9.85608931;1.02097630;2.15518328;-2.25067429;-0.07554630;10.01535617;3.53769570
829;82.86843262;0.00000000;-10.21027059;9.77858618;1.07389538;2.13038563;-2.25803041;-0.07163062;10.05060341;3.51671775
830;82.96839454;0.00000000;-10.27395647;9.70154023;1.09761161;2.07111483;-2.26499478;-0.06770705;10.08551955;3.49592739
831;83.06835647;0.00000000;-10.33816501;9.62492389;1.12907547;2.01523349;-2.27156674;-0.06378064;10.12010987;3.47532174
832;83.16831839;0.00000000;-10.40285814;9.54872152;1.16769258;1.96340827;-2.27774598;-0.05984949;10.15437952;3.45489800
833;83.26828031;0.00000000;-10.46800861;9.47290453;1.21281563;1.91211092;-2.28353217;-0.05591707;10.18833352;3.43465341
834;83.36824223;0.00000000;-10.53357935;9.39745575;1.25760510;1.86492343;-2.28892502;-0.05197873;10.22197677;3.41458532
835;83.46820415;0.00000000;-10.59954371;9.32234588;1.28695173;1.82247641;-2.29392403;-0.04803862;10.25531404;3.39469111
836;83.56816607;0.00000000;-10.66586567;9.24755626;1.31685886;1.78507557;-2.29852976;-0.04411809;10.28835001;3.37496823
837;83.66812799;0.00000000;-10.73251907;9.17305735;1.35310096;1.75300471;-2.30274463;-0.04021068;10.32108921;3.35541420
838;83.76808991;0.00000000;-10.79946930;9.09882928;1.39521638;1.72652574;-2.30656920;-0.03631309;10.35353610;3.33602657
839;83.86805183;0.00000000;-10.86669052;9.02484253;1.44272632;1.67486163;-2.31000469;-0.03242263;10.38569502;3.31680299
840;83.96801376;0.00000000;-10.93414942;8.95107598;1.49514602;1.61910715;-2.31305130;-0.02853205;10.41757021;3.29774112
841;84.06797568;0.00000000;-11.00182006;8.87750036;1.55201140;1.56799713;-2.31570902;-0.02464258;10.44916581;3.27883869
842;84.16793760;0.00000000;-11.06967034;8.80409318;1.61287973;1.52196739;-2.31797813;-0.02075799;10.48048587;3.26009349
843;84.26789952;0.00000000;-11.13767401;8.73082564;1.66450003;1.48145401;-2.31985916;-0.01687698;10.51153436;3.24150334
844;84.36786144;0.00000000;-11.20580022;8.65767397;1.69967632;1.44688518;-2.32135237;-0.01299915;10.54231513;3.22306613
845;84.46782336;0.00000000;-11.27402219;8.58461008;1.73205215;1.41718654;-2.32245808;-0.00912366;10.57283198;3.20477977
846;84.56778528;0.00000000;-11.34231025;8.51160900;1.76712237;1.38296580;-2.32317662;-0.00525447;10.60308860;3.18664224
847;84.66774720;0.00000000;-11.41063693;8.43864349;1.80700076;1.35532053;-2.32350866;-0.00138895;10.63308863;3.16865154
848;84.76770913;0.00000000;-11.47897372;8.36568750;1.84385984;1.33371535;-2.32345437;0.00247443;10.66283559;3.15080573
849;84.86767105;0.00000000;-11.54729224;8.29271484;1.86952009;1.31324404;-2.32301398;0.00633685;10.69233295;3.13310290
850;84.96763297;0.00000000;-11.61556505;8.21969837;1.90015907;1.27301969;-2.32218800;0.01018299;10.72158411;3.11554118
851;85.06759489;0.00000000;-11.68376272;8.14661329;1.93557537;1.22556704;-2.32097828;0.01402083;10.75059239;-7.98111600
852;85.16755681;0.00000000;-11.75185875;8.07343175;1.97554768;1.18453613;-2.31938474;0.01786314;10.67612390;-10.00196899
853;85.26751873;0.00000000;-11.81982286;8.00012997;2.01891015;1.14353783;-2.31740693;0.02170858;10.58205979;-9.61572614
854;85.36748065;0.00000000;-11.88762925;7.92667927;2.04825023;1.10134254;-2.31504544;0.02552971;10.49083297;-9.24345633
855;85.46744257;0.00000000;-11.95524629;7.85305759;2.08033980;1.05939098;-2.31230305;0.02933995;10.40238382;-8.88370704
856;85.56740449;0.00000000;-12.02264907;7.77923578;2.11693952;1.02521790;-2.30917980;0.03314508;10.31666246;-8.53531395
857;85.66736642;0.00000000;-12.08980455;7.70519363;2.15584641;0.99958668;-2.30567651;0.03694882;10.23362651;-8.17897584
858;85.76732834;0.00000000;-12.15668815;7.63090148;2.19313205;0.97895093;-2.30178703;0.04093007;10.15342008;-7.82296799
859;85.86729026;0.00000000;-12.22326490;7.55633888;2.21315891;0.92651152;-2.29749189;0.04500753;10.07610746;-7.47100807
860;85.96725218;0.00000000;-12.28950806;7.48147457;2.22661583;0.88190472;-2.29278712;0.04914022;10.00171529;-7.12463833
861;86.06721410;0.00000000;-12.35538000;7.40628880;2.24492865;0.84633524;-2.28766687;0.05330672;9.93025296;-6.78988100
862;86.16717602;0.00000000;-12.42085330;7.33074974;2.26802111;0.82093560;-2.28213090;0.05743896;9.86166642;-6.46399883
863;86.26713794;0.00000000;-12.48588857;7.25483977;2.29578562;0.80662897;-2.27618358;0.06155646;9.79592554;-6.14327511
864;86.36709986;0.00000000;-12.55045869;7.17852728;2.32809549;0.79832796;-2.26982373;0.06569000;9.73303498;-5.82734402
865;86.46706178;0.00000000;-12.61452297;7.10179643;2.36479812;0.78937407;-2.26305022;0.06983631;9.67300083;-5.51593087
866;86.56702371;0.00000000;-12.67805351;7.02461600;2.40247447;0.77972557;-2.25586146;0.07399103;9.61582960;-5.20815431
867;86.66698563;0.00000000;-12.74100782;6.94697228;2.41286783;0.76934305;-2.24825729;0.07815622;9.56153464;-4.90270005
868;86.76694755;0.00000000;-12.80335745;6.86883424;2.42477654;0.75818467;-2.24023553;0.08233865;9.51014080;-4.59894569
869;86.86690947;0.00000000;-12.86505776;6.79019086;2.44153237;0.74621157;-2.23179531;0.08653762;9.46167740;-4.29661766
870;86.96687139;0.00000000;-12.92607948;6.71101149;2.46307823;0.73338177;-2.22293416;0.09074836;9.41617453;-3.99499535
871;87.06683331;0.00000000;-12.98637619;6.63128740;2.48932563;0.71965715;-2.21365215;0.09497089;9.37366780;-3.69406368
872;87.16679523;0.00000000;-13.04591772;6.55098858;2.52016915;0.70499588;-2.20394707;0.09919708;9.33419073;-3.39199686
873;87.26675715;0.00000000;-13.10465561;6.47010945;2.55547435;0.68936117;-2.19381966;0.10343906;9.29779412;-3.08820196
874;87.36671907;0.00000000;-13.16255881;6.38862063;2.55151397;0.67271165;-2.18326659;0.10769474;9.26453293;-2.78144313
875;87.46668100;0.00000000;-13.21957635;6.30652046;2.54147455;0.65501254;-2.17228822;0.11196907;9.23447311;-2.46732075
876;87.56664292;0.00000000;-13.27567636;6.22377988;2.53645708;0.64147590;-2.16087920;0.11630308;9.20772596;-2.14661048
877;87.66660484;0.00000000;-13.33080549;6.14040050;2.53653614;0.64221392;-2.14903544;0.12067712;9.18439213;-1.82028850
878;87.76656676;0.00000000;-13.38493022;6.05635375;2.54175489;0.65713607;-2.13675234;0.12506854;9.16455889;-1.48617279
879;87.86652868;0.00000000;-13.43799437;5.97164583;2.54753504;0.64324121;-2.12403012;0.12949104;9.14833418;-1.13832495
880;87.96649060;0.00000000;-13.48996391;5.88624765;2.54832334;0.61958349;-2.11086069;0.13400119;9.13588748;-0.77705681
881;88.06645252;0.00000000;-13.54077803;5.80017260;2.55436328;0.60299609;-2.09723805;0.13858035;9.12738121;-0.52957543
882;88.16641444;0.00000000;-13.59040202;5.71339208;2.56566218;0.59790021;-2.08320749;0.14172619;9.12157953;-0.32140131
883;88.26637636;0.00000000;-13.63878549;5.62592849;2.56348269;0.59590137;-2.06891084;0.14433667;9.11805666;-0.32140131
884;88.36633829;0.00000000;-13.68590809;5.53777011;2.55634043;0.60908379;-2.05445532;0.14415759;9.11453243;-0.29700129
885;88.46630021;0.00000000;-13.73175309;5.44894676;2.55453531;0.62417668;-2.04010389;0.14299007;9.11127454;-0.19129070
886;88.56626213;0.00000000;-13.77632582;5.35947322;2.55806727;0.60666608;-2.02586667;0.14188052;9.10917561;-0.09360661
887;88.66622405;0.00000000;-13.81962438;5.26937807;2.55651166;0.60395711;-2.01173776;0.14081406;9.10814833;-0.00240751
888;88.76618597;0.00000000;-13.86165166;5.17867986;2.55444574;0.60477893;-1.99771358;0.13977851;9.10812191;0.08356924
889;88.86614789;0.00000000;-13.90240654;5.08740561;2.55583535;0.61691684;-1.98379189;0.13876939;9.10903904;0.16490033
890;88.96610981;0.00000000;-13.94189227;4.99557278;2.56195303;0.61921890;-1.96996922;0.13779206;9.11084846;0.24132364
891;89.06607173;0.00000000;-13.98010864;4.90320658;2.55225100;0.61602684;-1.95624331;0.13683726;9.11349582;0.31379121
892;89.16603366;0.00000000;-14.01705859;4.81032485;2.53703681;0.62757261;-1.94261128;0.13591112;9.11693701;0.38194383
893;89.26599558;0.00000000;-14.05274289;4.71695071;2.52322430;0.64798285;-1.92907074;0.13500838;9.12112384;0.44637367
894;89.36595750;0.00000000;-14.08716406;4.62310276;2.51466002;0.64438587;-1.91561866;0.13414144;9.12601451;0.50618304
895;89.46591942;0.00000000;-14.12032362;4.52880208;2.51139066;0.64914880;-1.90225200;0.13329780;9.13155731;0.56256425
896;89.56588134;0.00000000;-14.15222375;4.43406785;2.51342904;0.65649758;-1.88896797;0.13249091;9.13771355;0.61451076
897;89.66584326;0.00000000;-14.18286653;4.33891913;2.52075391;0.63817374;-1.87576322;0.13170800;9.14443351;0.66322634
898;89.76580518;0.00000000;-14.21225378;4.24337581;2.51527110;0.63392275;-1.86263543;0.13095373;9.15168067;0.70842240
899;89.86576710;0.00000000;-14.24038811;4.14745507;2.50355540;0.64403152;-1.84958180;0.13022060;9.15941535;0.75083325
900;89.96572902;0.00000000;-14.26727112;4.05117747;2.49709107;0.62810384;-1.83660037;0.12951308;9.16760596;0.79016967
901;90.06569095;0.00000000;-14.29290587;3.95455830;2.49591278;0.62338848;-1.82368840;0.12882587;9.17621778;0.82696388
902;90.16565287;0.00000000;-14.31729381;3.85761891;2.50002137;0.63231194;-1.81084417;0.12816343;9.18522197;0.86091513
903;90.26561479;0.00000000;-14.34043836;3.76037280;2.50899788;0.64167071;-1.79806484;0.12752094;9.19458645;0.89250662
904;90.36557671;0.00000000;-14.36234087;3.66284207;2.50878365;0.66368253;-1.78534891;0.12690166;9.20428451;0.92152777
905;90.46553863;0.00000000;-14.38300501;3.56503853;2.51381502;0.65694618;-1.77269354;0.12630172;9.21428721;0.94837233
906;90.56550055;0.00000000;-14.40243211;3.46698495;2.50998343;0.63627251;-1.76009746;0.12572358;9.22456996;0.97288837
907;90.66546247;0.00000000;-14.42062602;3.36869163;2.50290456;0.62968852;-1.74755778;0.12516440;9.23510664;0.99537382
908;90.76542439;0.00000000;-14.43758809;3.27018193;2.50105686;0.63763779;-1.73507338;0.12462687;9.24587441;1.01564790
909;90.86538631;0.00000000;-14.45332225;3.17146473;2.50444671;0.65338704;-1.72264129;0.12410787;9.25684859;1.03402954
910;90.96534824;0.00000000;-14.46782993;3.07256396;2.51304694;0.66790873;-1.71026067;0.12360707;9.26800803;1.05059137
911;91.06531016;0.00000000;-14.48111507;2.97348722;2.51911869;0.68120620;-1.69792867;0.12312463;9.27933248;1.06535753
912;91.16527208;0.00000000;-14.49317926;2.87425892;2.50706598;0.65488428;-1.68564438;0.12266337;9.29080199;1.07812532
913;91.26523400;0.00000000;-14.50402636;2.77488551;2.49680116;0.63074657;-1.67340474;0.12221995;9.30239456;1.08922443
914;91.36519592;0.00000000;-14.51365813;2.67539178;2.49173014;0.62070700;-1.66120913;0.12179405;9.31409182;1.09871516
915;91.46515784;0.00000000;-14.52207831;2.57578321;2.49188066;0.62544961;-1.64905460;0.12138614;9.32587614;1.10658948
916;91.56511976;0.00000000;-14.52928886;2.47608486;2.49724764;0.62990723;-1.63694054;0.12099638;9.33772989;1.11286378
917;91.66508168;0.00000000;-14.53529336;2.37630140;2.50779353;0.63589814;-1.62486395;0.12062400;9.34963568;1.11763530
918;91.76504360;0.00000000;-14.54009401;2.27645810;2.52344707;0.64068920;-1.61282433;0.12026943;9.36157729;1.12089398
919;91.86500553;0.00000000;-14.54369417;2.17655887;2.54410997;0.64428340;-1.60081863;0.11993231;9.37353844;1.12269608
920;91.96496745;0.00000000;-14.54609630;2.07662908;2.55390681;0.64668203;-1.58884649;0.11961094;9.38550353;1.12321840
921;92.06492937;0.00000000;-14.54730352;1.97667228;2.55269955;0.64788800;-1.57690495;0.11930730;9.39745895;1.12230555
922;92.16489129;0.00000000;-14.54731857;1.87671367;2.55268448;0.64790294;-1.56499360;0.11901953;9.40938948;1.12014636
923;92.26485321;0.00000000;-14.54614432;1.77675649;2.55385870;0.64672960;-1.55310955;0.11874827;9.42128199;1.11670388
924;92.36481513;0.00000000;-14.54378378;1.67682571;2.55621916;0.64436992;-1.54125255;0.11849148;9.43312302;1.11218050
925;92.46477705;0.00000000;-14.54023958;1.57692457;2.55976324;0.64082641;-1.52941971;0.11825207;9.44490134;1.10633092
926;92.56473897;0.00000000;-14.53551498;1.47707745;2.56448763;0.63610129;-1.51761070;0.11802681;9.45660316;1.09946505
927;92.66470089;0.00000000;-14.52961242;1.37728805;2.54888860;0.63019683;-1.50582277;0.11781848;9.46821803;1.09134815
928;92.76466282;0.00000000;-14.52253537;1.27757988;2.53575809;0.62311547;-1.49405550;0.11762485;9.47973307;1.08219871
929;92.86462474;0.00000000;-14.51428607;1.17795719;2.52709068;0.61485926;-1.48230620;0.11744808;9.49113778;1.07183652
930;92.96458666;0.00000000;-14.50486817;1.07844265;2.52038809;0.60543088;-1.47057430;0.11728711;9.50241980;1.06037601
931;93.06454858;0.00000000;-14.49428374;0.97904110;2.51881145;0.59483220;-1.45885714;0.11714929;9.51356802;1.04716647
932;93.16451050;0.00000000;-14.48253634;0.87977459;2.52236955;0.59575435;-1.44714707;0.11714892;9.52456456;1.02186506
933;93.26447242;0.00000000;-14.46962675;0.78064822;2.53104036;0.61205936;-1.43543575;0.11717441;9.53528318;0.99482416
934;93.36443434;0.00000000;-14.45555734;0.68168403;2.52124815;0.64257349;-1.42371281;0.11738142;9.54570659;0.95188791
935;93.46439626;0.00000000;-14.44032706;0.58288764;2.51378528;0.64137813;-1.41196782;0.11760678;9.55566949;0.90823592
936;93.56435819;0.00000000;-14.42393697;0.48428082;2.51145924;0.62509655;-1.40019906;0.11786520;9.56516584;0.86253572
937;93.66432011;0.00000000;-14.40638566;0.38587068;2.51428696;0.60938251;-1.38840313;0.11814005;9.57417563;0.81635073
938;93.76428203;0.00000000;-14.38767405;0.28767783;2.51118094;0.60868674;-1.37658080;0.11840284;9.58269518;0.77230670
939;93.86424395;0.00000000;-14.36780091;0.18971002;2.50561460;0.62305704;-1.36473102;0.11868887;9.59074812;0.72711805
940;93.96420587;0.00000000;-14.34676696;0.09198602;2.50521574;0.64409397;-1.35284699;0.11908752;9.59832369;0.67257636
941;94.06416779;0.00000000;-14.32457135;-0.00547982;2.50999060;0.62460732;-1.34092264;0.11923244;9.60532569;0.64267254
942;94.16412971;0.00000000;-14.30121860;-0.10267681;2.51032975;0.60799561;-1.32912486;0.11681013;9.61201161;0.85065503
943;94.26409163;0.00000000;-14.27673371;-0.19958995;2.49575969;0.59233586;-1.31757346;0.11366950;9.62085409;1.12083122
944;94.36405355;0.00000000;-14.25115727;-0.29621788;2.48625263;0.59034230;-1.30665535;0.10477962;9.63249263;1.91934124
945;94.46401548;0.00000000;-14.22456775;-0.39258159;2.48178601;0.60406714;-1.29662632;0.09601055;9.65239019;2.69465349
946;94.56397740;0.00000000;-14.19705735;-0.48867080;2.48230214;0.60862510;-1.28740969;0.08841525;9.68025629;2.54367350
947;94.66393932;0.00000000;-14.16869220;-0.58453539;2.48772148;0.60761031;-1.27894987;0.08082124;9.70648767;-4.73731850
948;94.76390124;0.00000000;-14.13956007;-0.68014627;2.49793394;0.62206098;-1.27125322;0.07319172;9.65757733;-5.52312006
949;94.86386316;0.00000000;-14.10972250;-0.77556280;2.51280987;0.64747445;-1.26431641;0.06557860;9.60023940;-6.30260912
950;94.96382508;0.00000000;-14.07926676;-0.87076099;2.49546554;0.67611905;-1.25814414;0.05792855;9.53438801;-7.07714594
951;95.06378700;0.00000000;-14.04825383;-0.96580094;2.48249651;0.67231834;-1.25273488;0.05028841;9.45989770;-7.83869426
952;95.16374892;0.00000000;-14.01677005;-1.06066415;2.47400601;0.67454048;-1.24808988;0.04265925;9.37670106;-8.58353092
953;95.26371084;0.00000000;-13.98487528;-1.15541229;2.46996069;0.69095055;-1.24420595;0.03504095;9.28474395;-9.30810866
954;95.36367277;0.00000000;-13.95265545;-1.25002867;2.47030808;0.71887435;-1.24108441;0.02742217;9.18398374;-10.00994055
955;95.46363469;0.00000000;-13.92016984;-1.34457538;2.46891753;0.72345447;-1.23872329;0.01981437;9.07437775;-10.68466933
956;95.56359661;0.00000000;-13.88750339;-1.43903914;2.45539036;0.70389677;-1.23712280;0.01221289;8.95590372;-11.32947711
957;95.66355853;0.00000000;-13.85471539;-1.53348094;2.44599658;0.69702329;-1.23628136;0.00462210;8.82854342;-11.94103465
958;95.76352045;0.00000000;-13.82188975;-1.62789033;2.44005139;0.70436692;-1.23619835;-0.00295911;8.69228861;-11.51175014
959;95.86348237;0.00000000;-13.78908623;-1.72232610;2.42744520;0.72557129;-1.23687272;-0.01053096;8.55887890;-10.98888682
960;95.96344429;0.00000000;-13.75638759;-1.81678061;2.41124681;0.74567827;-1.23830346;-0.01809535;8.42955915;-10.49775014
961;96.06340621;0.00000000;-13.72385475;-1.91130894;2.39542532;0.76239195;-1.24049022;-0.02565060;8.30413854;-10.03658265
962;96.16336813;0.00000000;-13.69156915;-2.00590639;2.36393269;0.78579707;-1.24343107;-0.03319151;8.18243025;-9.60283461
963;96.26333006;0.00000000;-13.65959313;-2.10062365;2.33597117;0.82109794;-1.24712588;-0.04072697;8.06426247;-9.19445191
964;96.36329198;0.00000000;-13.62800693;-2.19545847;2.31160341;0.83823371;-1.25157339;-0.04826153;7.94947414;-8.80994045
965;96.46325390;0.00000000;-13.59687515;-2.29045511;2.29086461;0.86385382;-1.25677458;-0.05579344;7.83790928;-8.44845982
966;96.56321582;0.00000000;-13.56627665;-2.38561462;2.27378462;0.87065340;-1.26272735;-0.06331203;7.72940964;-8.10795179
967;96.66317774;0.00000000;-13.53627859;-2.48097354;2.26036906;0.88813832;-1.26943225;-0.07082834;7.62383109;-7.78789484
968;96.76313966;0.00000000;-13.50695846;-2.57653579;2.25061122;0.91692241;-1.27688706;-0.07832963;7.52102484;-7.48532563
969;96.86310158;0.00000000;-13.47838575;-2.67233051;2.23492947;0.95605513;-1.28509260;-0.08584750;7.42087054;-7.19633400
970;96.96306350;0.00000000;-13.45063727;-2.76836333;2.20892161;0.98791712;-1.29405310;-0.09343533;7.32329167;-6.92322660
971;97.06302543;0.00000000;-13.42378656;-2.86465253;2.17690394;0.99877603;-1.30377338;-0.10103550;7.22817285;-6.66771902
972;97.16298735;0.00000000;-13.39790953;-2.96120851;2.14808862;1.01377777;-1.31425106;-0.10859811;7.13536592;-6.42784729
973;97.26294927;0.00000000;-13.37308302;-3.05803650;2.11848515;1.03926641;-1.32548519;-0.11614341;7.04474037;-6.21074472
974;97.36291119;0.00000000;-13.34938105;-3.15515054;2.09195046;1.06506124;-1.33746347;-0.12351145;6.95605426;-6.00607679
975;97.46287311;0.00000000;-13.32688119;-3.25254425;2.06213520;1.09346033;-1.35017903;-0.13089359;6.86920177;-5.81569341
976;97.56283503;0.00000000;-13.30565578;-3.35023197;2.02961437;1.12889279;-1.36363082;-0.13823940;6.78404283;-5.63466235
977;97.66279695;0.00000000;-13.28578443;-3.44819334;1.98661038;1.16778892;-1.37781843;-0.14564313;6.70050250;-5.46225512
978;97.76275887;0.00000000;-13.26733900;-3.54644650;1.94643600;1.20394916;-1.39275128;-0.15311340;6.61851182;-5.29863909
979;97.86272079;0.00000000;-13.25040231;-3.64495436;1.90922068;1.23817331;-1.40843153;-0.16063978;6.53799468;-5.14407577
980;97.96268272;0.00000000;-13.23504682;-3.74373944;1.87506517;1.27527091;-1.42486879;-0.16820968;6.45886608;-4.99727916
981;98.06264464;0.00000000;-13.22135731;-3.84274857;1.84408939;1.30184729;-1.44206314;-0.17584732;6.38105601;-4.85831948
982;98.16260656;0.00000000;-13.20940762;-3.94200518;1.81637769;1.32759164;-1.46002735;-0.18354620;6.30448903;-4.72580081
983;98.26256848;0.00000000;-13.19928354;-4.04143988;1.79202826;1.36191075;-1.47876168;-0.19133658;6.22910762;-4.59997147
984;98.36253040;0.00000000;-13.19106095;-4.14107622;1.77109906;1.40425136;-1.49828336;-0.19920931;6.15484669;-4.47981952
985;98.46249232;0.00000000;-13.18482583;-4.24082809;1.75337538;1.45178689;-1.51859211;-0.20718806;6.08165397;-4.36518881
986;98.56245424;0.00000000;-13.18065673;-4.34071764;1.70899844;1.49226655;-1.53970942;-0.21527558;6.00947666;-4.25517272
987;98.66241616;0.00000000;-13.17863875;-4.44064185;1.66541851;1.52838895;-1.56163548;-0.22349563;5.93827409;-4.14988249
988;98.76237808;0.00000000;-13.17885370;-4.54061902;1.61670923;1.57205826;-1.58439640;-0.23184531;5.86800126;-4.04838500
989;98.86234001;0.00000000;-13.18138469;-4.64052989;1.57077020;1.62122607;-1.60799209;-0.24035163;5.79862657;-3.94948689
990;98.96230193;0.00000000;-13.18631709;-4.74038569;1.52776608;1.66327626;-1.63245560;-0.24905061;5.73013730;-3.85355575
991;99.06226385;0.00000000;-13.19373120;-4.84005260;1.48161972;1.70095666;-1.65778938;-0.25793364;5.66251320;-3.75871216
992;99.16222577;0.00000000;-13.20371614;-4.93953061;1.41780381;1.74282153;-1.68403182;-0.26705982;5.59576622;-3.66554232
993;99.26218769;0.00000000;-13.21634845;-5.03867054;1.35620690;1.79159508;-1.71118887;-0.27641391;5.52989786;-3.57334405
994;99.36214961;0.00000000;-13.23172072;-5.13745929;1.29706718;1.84574989;-1.73930277;-0.28602055;5.46492211;-3.48105245
995;99.46211153;0.00000000;-13.24990412;-5.23573092;1.24074998;1.88823862;-1.76837999;-0.29591638;5.40087292;-3.38610924
996;99.56207345;0.00000000;-13.27099364;-5.33345545;1.18757649;1.93066154;-1.79847635;-0.30618755;5.33783330;-3.29050444
997;99.66203537;0.00000000;-13.29505655;-5.43045841;1.13798390;1.97987004;-1.82960265;-0.31676744;5.27585197;-3.18235250
998;99.76199730;0.00000000;-13.32218800;-5.52668210;1.09237942;2.03544519;-1.86183307;-0.32806329;5.21520717;-3.06988521
999;99.86195922;0.00000000;-13.35244932;-5.62193001;1.05125901;2.09687809;-1.89520594;-0.33977837;5.15602973;-2.96350282
1000;99.96192114;0.00000000;-13.38593684;-5.71612157;1.00834053;2.15694288;-1.92976040;-0.35152815;5.09825144;-2.85314361
1001;100.06188306;0.00000000;-13.42270600;-5.80906085;0.94422585;2.21596141;-1.96549206;-0.36367010;5.04199924;-2.70434721
1002;100.16184498;0.00000000;-13.46284168;-5.90062741;0.88372207;2.27416362;-2.00253184;-0.37746891;4.98809511;-2.53471154
1003;100.26180690;0.00000000;-13.50638516;-5.99057572;0.82763802;2.32801263;-2.04099256;-0.39219582;4.93703793;-2.38357506
1004;100.36176882;0.00000000;-13.55342829;-6.07876506;0.77684885;2.38798493;-2.08090488;-0.40626358;4.88853864;-2.19047249
1005;100.46173074;0.00000000;-13.60401013;-6.16496769;0.73242746;2.45363584;-2.12222150;-0.42200636;4.84354027;-1.83228464
1006;100.56169266;0.00000000;-13.65819735;-6.24897383;0.69084534;2.52454872;-2.16549948;-0.44414932;4.80557645;-1.39728091
1007;100.66165459;0.00000000;-13.71607682;-6.33051124;0.65267234;2.60032093;-2.21111435;-0.46860762;4.77642285;-0.84439849
1008;100.76161651;0.00000000;-13.77771422;-6.40924545;0.62364524;2.67781340;-2.25933979;-0.49648692;4.75871830;-0.33905173
1009;100.86157843;0.00000000;-13.84312849;-6.48476209;0.60488439;2.74353920;-2.31034417;-0.52034856;4.75159082;-0.08721388
1010;100.96154035;0.00000000;-13.91239640;-6.55680617;0.59714550;2.81250429;-2.36295123;-0.53191067;4.74975570;-0.08721388
1011;101.06150227;0.00000000;-13.98535889;-6.62504596;0.60076462;2.77505423;-2.41616496;-0.52190228;4.74791987;0.14774453
1012;101.16146419;0.00000000;-14.06181493;-6.68943563;0.60402268;2.71097353;-2.46656374;-0.48681818;4.75102944;0.92414273
1013;101.26142611;0.00000000;-14.14132500;-6.75003381;0.61470857;2.65016402;-2.51369265;-0.45858848;4.77043382;1.47590927
1014;101.36138803;0.00000000;-14.22351599;-6.80691224;0.63664021;2.59312881;-2.55840864;-0.43617652;4.80126112;1.85609610
1015;101.46134996;0.00000000;-14.30809989;-6.86014767;0.66887347;2.53985222;-2.60095957;-0.41625783;4.83975063;2.15936514
1016;101.56131188;0.00000000;-14.39483357;-6.90982284;0.71013229;2.49021616;-2.64167050;-0.39833133;4.88414729;2.40562907
1017;101.66127380;0.00000000;-14.48346477;-6.95600011;0.75669000;2.44413067;-2.68060684;-0.38099817;4.93313667;2.63401224
1018;101.76123572;0.00000000;-14.57380634;-6.99877703;0.79987724;2.40142203;-2.71784602;-0.36410339;4.98622495;2.85138747
1019;101.86119764;0.00000000;-14.66562749;-7.03823028;0.83971377;2.34036114;-2.75343208;-0.34843935;5.04306450;3.03999857
1020;101.96115956;0.00000000;-14.75879162;-7.07447157;0.88609524;2.28282401;-2.78752219;-0.33360779;5.10296656;3.21209645
1021;102.06112148;0.00000000;-14.85308651;-7.10757710;0.92959639;2.23115871;-2.82014443;-0.31938349;5.16550505;3.37491863
1022;102.16108340;0.00000000;-14.94842500;-7.13766659;0.97800878;2.18567978;-2.85138624;-0.30564802;5.23040812;3.53257713
1023;102.26104532;0.00000000;-15.04460249;-7.16481920;1.03133911;2.12166167;-2.88126428;-0.29233855;5.29749144;3.68749336
1024;102.36100725;0.00000000;-15.14157425;-7.18916037;1.08896517;2.06227750;-2.90984073;-0.27933663;5.36662215;3.84358964
1025;102.46096917;0.00000000;-15.23914325;-7.21077453;1.14192911;2.00850766;-2.93712063;-0.26664262;5.43774389;4.00131974
1026;102.56093109;0.00000000;-15.33730331;-7.22979012;1.18669787;1.96069156;-2.96315700;-0.25419580;5.51080918;4.16292176
1027;102.66089301;0.00000000;-15.43586404;-7.24629673;1.23576171;1.91924551;-2.98795466;-0.24214605;5.58581105;4.32411326
1028;102.76085493;0.00000000;-15.53484943;-7.26042055;1.27652677;1.88445833;-3.01157610;-0.23037157;5.66266531;4.48899542
1029;102.86081685;0.00000000;-15.63408034;-7.27225480;1.30746184;1.84411301;-3.03401701;-0.21873677;5.74136183;4.66229810
1030;102.96077877;0.00000000;-15.73360083;-7.28192179;1.34146229;1.79074496;-3.05531342;-0.20726953;5.82197047;4.84349506
1031;103.06074069;0.00000000;-15.83324792;-7.28952064;1.37521643;1.74334902;-3.07546345;-0.19600496;5.90454658;5.03177067
1032;103.16070261;0.00000000;-15.93307606;-7.29516851;1.41348182;1.70229002;-3.09450577;-0.18491598;5.98912692;5.22846399
1033;103.26066454;0.00000000;-16.03294389;-7.29896826;1.45595153;1.66798956;-3.11243766;-0.17393726;6.07576628;5.43641029
1034;103.36062646;0.00000000;-16.13290766;-7.30103188;1.50210417;1.64074417;-3.12928525;-0.16308959;6.16456032;5.65539289
1035;103.46058838;0.00000000;-16.23285176;-7.30146530;1.52793025;1.62083544;3.13813771;-0.15233148;6.25559364;5.72021831
1036;103.56055030;0.00000000;-16.33282685;-7.30037632;1.54851933;1.60841830;3.12344086;-0.14168239;6.34634224;5.66882638
1037;103.66051222;0.00000000;-16.43274628;-7.29787220;1.57383311;1.59170337;3.10980898;-0.13108563;6.43501308;5.61854960
1038;103.76047414;0.00000000;-16.53264954;-7.29405797;1.60375626;1.56393261;3.09723010;-0.12056905;6.52170801;5.56933441
1039;103.86043606;0.00000000;-16.63248051;-7.28904085;1.63704817;1.52748731;3.08570239;-0.11007809;6.60652088;5.52113139
1040;103.96039798;0.00000000;-16.73226381;-7.28292464;1.67047528;1.49789606;3.07522011;-0.09964150;6.68953839;5.47389489
1041;104.06035990;0.00000000;-16.83197386;-7.27581534;1.69668162;1.47547964;3.06578060;-0.08921071;6.77084086;5.42758259
1042;104.16032183;0.00000000;-16.93161828;-7.26781696;1.70727270;1.46046445;3.05738286;-0.07881093;6.85050284;5.38215520
1043;104.26028375;0.00000000;-17.03120072;-7.25903343;1.72283321;1.45297759;3.05002412;-0.06840113;6.92859368;5.33757613
1044;104.36024567;0.00000000;-17.13071110;-7.24957009;1.74332772;1.44024107;3.04370678;-0.05800042;7.00517802;5.29381127
1045;104.46020759;0.00000000;-17.23017976;-7.23952853;1.76606408;1.42188545;3.03843126;-0.04751259;7.08031625;5.25082873
1046;104.56016951;0.00000000;-17.32957960;-7.22901677;1.77441651;1.40758893;3.03420791;-0.03699232;7.15406486;5.20859867
1047;104.66013143;0.00000000;-17.42896439;-7.21813491;1.78395811;1.37794309;3.03103877;-0.02638134;7.22647681;5.16709310
1048;104.76009335;0.00000000;-17.52829090;-7.20699428;1.79874913;1.35530649;3.02893435;-0.01572368;7.29760181;5.12628572
1049;104.86005527;0.00000000;-17.62763294;-7.19569382;1.81219381;1.33991466;3.02789717;-0.00501300;7.36748661;5.08615180
1050;104.96001719;0.00000000;-17.72693167;-7.18434791;1.81706982;1.33192252;3.02793323;0.00574269;7.43617522;5.04666804
1051;105.05997912;0.00000000;-17.82627779;-7.17305444;1.82746955;1.31811042;3.02904881;0.01659033;7.50370916;5.00781245
1052;105.15994104;0.00000000;-17.92559746;-7.16193083;1.84339671;1.29680671;3.03125174;0.02750513;7.57012763;-9.92515515
1053;105.25990296;0.00000000;-18.02499513;-7.15107522;1.86483047;1.28267773;3.03455155;0.03851613;7.43791349;-9.55712373
1054;105.35986488;0.00000000;-18.12438219;-7.14060788;1.87988115;1.27586590;3.03895407;0.04960242;7.30834183;-9.06228102
1055;105.45982680;0.00000000;-18.22387398;-7.13062815;1.89295410;1.27637069;3.04447263;0.06079827;7.18332056;-8.59747964
1056;105.55978872;0.00000000;-18.32336682;-7.12125876;1.91175776;1.25401204;3.05111133;0.07207824;7.06266614;-8.15889787
1057;105.65975064;0.00000000;-18.42298437;-7.11260139;1.92592562;1.23194872;3.05888741;0.08347401;6.94622882;-7.74583519
1058;105.75971256;0.00000000;-18.52260744;-7.10478056;1.93225193;1.21689908;3.06780205;0.09495848;6.83385087;-7.35462263
1059;105.85967449;0.00000000;-18.62236520;-7.09790137;1.94465042;1.20504129;3.07787682;0.10656888;6.72541101;-6.98503001
1060;105.95963641;0.00000000;-18.72212247;-7.09208926;1.96310166;1.17374986;3.08910994;0.11827228;6.62077633;-6.63395986
1061;106.05959833;0.00000000;-18.82201084;-7.08745383;1.98757291;1.14914250;3.10152707;0.13010067;6.51984605;-6.30126452
1062;106.15956025;0.00000000;-18.92187900;-7.08412027;2.01701692;1.13157723;3.11512220;0.14202162;6.42250881;-5.98357384
1063;106.25952217;0.00000000;-19.02185722;-7.08220353;2.03550840;1.12124319;3.12992570;0.15407986;6.32869342;-5.68114358
1064;106.35948409;0.00000000;-19.12177829;-7.08182714;2.06016237;1.09981161;-3.13725692;0.16623516;6.23831422;-5.39160974
1065;106.45944601;0.00000000;-19.22176653;-7.08311220;2.09090607;1.07041173;-3.12002102;0.17851238;6.15131311;-5.11478022
1066;106.55940793;0.00000000;-19.32164018;-7.08617888;2.12124502;1.04334591;-3.10156632;0.19088245;6.06762610;-4.84750114
1067;106.65936985;0.00000000;-19.42151131;-7.09115438;2.14297221;0.99501635;-3.08185434;0.20339460;5.98723270;-4.59027413
1068;106.75933178;0.00000000;-19.52118720;-7.09815411;2.17101799;0.95214125;-3.06090127;0.21600110;5.91009731;-4.34505214
1069;106.85929370;0.00000000;-19.62075953;-7.10731063;2.20528677;0.91610274;-3.03867282;0.22861098;5.83614348;-4.10707645
1070;106.95925562;0.00000000;-19.72002811;-7.11873217;2.21917009;0.88768227;-3.01519428;0.24132221;5.76536800;-3.87294343
1071;107.05921754;0.00000000;-19.81905552;-7.13255373;2.23297041;0.86747842;-2.99042199;0.25419736;5.69782190;-3.64384084
1072;107.15917946;0.00000000;-19.91764479;-7.14887781;2.24926529;0.85116814;-2.96437156;0.26716238;5.63353209;-3.41745276
1073;107.25914138;0.00000000;-20.01580537;-7.16783684;2.26818840;0.83223130;-2.93700836;0.28024563;5.57256256;-3.19363775
1074;107.35910330;0.00000000;-20.11336487;-7.18953097;2.28983834;0.81057415;-2.90834146;0.29340623;5.51497681;-2.97004653
1075;107.45906522;0.00000000;-20.21026488;-7.21408137;2.31433767;0.78608389;-2.87834955;0.30666913;5.46087777;-2.74375558
1076;107.55902714;0.00000000;-20.30635615;-7.24158722;2.34178662;0.75867618;-2.84702831;0.32007384;5.41041994;-2.51065119
1077;107.65898907;0.00000000;-20.40151165;-7.27215070;2.37229038;0.72827158;-2.81435668;0.33369261;5.36383304;-2.27539601
1078;107.75895099;0.00000000;-20.49561207;-7.30587654;2.40595863;0.69480023;-2.78032147;0.34729969;5.32125915;-2.01865446
1079;107.85891291;0.00000000;-20.58845424;-7.34283621;2.44286954;0.66009848;-2.74490792;0.36146350;5.28320185;-1.75542902
1080;107.95887483;0.00000000;-20.67994148;-7.38314346;2.48314732;0.63570798;-2.70805997;0.37556754;5.24988283;-1.48984505
1081;108.05883675;0.00000000;-20.76980194;-7.42683132;2.50879085;0.61074565;-2.66984298;0.38936982;5.22143794;-1.12835550
1082;108.15879867;0.00000000;-20.85793979;-7.47400691;2.50861087;0.59484124;-2.63018975;0.40595597;5.19979124;-0.51878113
1083;108.25876059;0.00000000;-20.94402071;-7.52468476;2.51156425;0.59146839;-2.58841961;0.43013638;5.18980850;-0.10404236
1084;108.35872251;0.00000000;-21.02792690;-7.57906664;2.52275799;0.60061235;-2.54435254;0.44587601;5.18780413;-0.10404236
1085;108.45868443;0.00000000;-21.10925753;-7.63706522;2.54218301;0.61715187;-2.49990538;0.44417372;5.18579899;-0.04890862
1086;108.55864636;0.00000000;-21.18803775;-7.69869856;2.55809427;0.62929316;-2.45558647;0.43843702;5.18485614;0.10969036
1087;108.65860828;0.00000000;-21.26396023;-7.76364449;2.55417296;0.63706247;-2.41259790;0.42231883;5.18697049;0.53364526
1088;108.75857020;0.00000000;-21.33714766;-7.83180765;2.54427621;0.64061310;-2.37108631;0.40824432;5.19724459;0.86834802
1089;108.85853212;0.00000000;-21.40742653;-7.90283520;2.54236676;0.64008564;-2.33090976;0.39603092;5.21391933;1.12882495
1090;108.95849404;0.00000000;-21.47489120;-7.97664674;2.54685501;0.63969591;-2.29187999;0.38449225;5.23551657;1.35485875
1091;109.05845596;0.00000000;-21.53942300;-8.05294154;2.55110218;0.65098664;-2.25402721;0.37322336;5.26132135;1.56160450
1092;109.15841788;0.00000000;-21.60110547;-8.13164443;2.53482772;0.67347624;-2.21723119;0.36282698;5.29090770;1.73490989
1093;109.25837980;0.00000000;-21.65985470;-8.21248000;2.52603326;0.66990216;-2.18146454;0.35307978;5.32358471;1.88396355
1094;109.35834173;0.00000000;-21.71574926;-8.29539058;2.52288739;0.65861828;-2.14661375;0.34425316;5.35884348;2.00299614
1095;109.45830365;0.00000000;-21.76872631;-8.38012657;2.50197409;0.65897707;-2.11259305;0.33668727;5.39607729;2.08389385
1096;109.55826557;0.00000000;-21.81884928;-8.46664564;2.47500088;0.67103408;-2.07927742;0.32975575;5.43454415;2.14672994
1097;109.65822749;0.00000000;-21.86606840;-8.55472379;2.45505320;0.68102322;-2.04664804;0.32329584;5.47388826;2.19710664
1098;109.75818941;0.00000000;-21.91043710;-8.64432347;2.44224036;0.67646260;-2.01462919;0.31697088;5.51386495;2.24569541
1099;109.85815133;0.00000000;-21.95192673;-8.73524237;2.43663614;0.68208398;-1.98330159;0.31000652;5.55442839;2.31651214
1100;109.95811325;0.00000000;-21.99059612;-8.82744394;2.43822211;0.69904779;-1.95263795;0.30335147;5.59596289;2.37955136
1101;110.05807517;0.00000000;-22.02643730;-8.92073695;2.44691533;0.72659399;-1.92265048;0.29679576;5.63830912;2.44180861
1102;110.15803709;0.00000000;-22.05950802;-9.01508971;2.44074265;0.75978991;-1.89328689;0.29060499;5.68143516;2.49486301
1103;110.25799902;0.00000000;-22.08981302;-9.11032852;2.41037669;0.79022183;-1.86454448;0.28459732;5.72516272;2.54490258
1104;110.35796094;0.00000000;-22.11740527;-9.20642192;2.38274049;0.77742755;-1.83637751;0.27889083;5.76942587;2.58808415
1105;110.45792286;0.00000000;-22.14230067;-9.30321840;2.35781322;0.77089150;-1.80878197;0.27334002;5.81409447;2.62941805
1106;110.55788478;0.00000000;-22.16454796;-9.40068496;2.33554344;0.77454915;-1.78172079;0.26804227;5.85912774;2.66556415
1107;110.65784670;0.00000000;-22.18417118;-9.49868881;2.31590422;0.78830651;-1.75518971;0.26287115;5.90442950;2.70093838
1108;110.75780862;0.00000000;-22.20121615;-9.59719579;2.29884832;0.80122226;-1.72915834;0.25792249;5.94998065;2.73209903
1109;110.85777054;0.00000000;-22.21571315;-9.69609059;2.28434382;0.81571583;-1.70362217;0.25306630;5.99570525;2.76368009
1110;110.95773246;0.00000000;-22.22770581;-9.79533664;2.27234638;0.82770703;-1.67855721;0.24841029;6.04160633;2.79166736
1111;111.05769438;0.00000000;-22.23722920;-9.89483582;2.26282001;0.83722981;-1.65395652;0.24384468;6.08762087;2.82006432
1112;111.15765631;0.00000000;-22.24432537;-9.99454933;2.25572227;0.85029141;-1.62980103;0.23944517;6.13375301;2.84592817
1113;111.25761823;0.00000000;-22.24903265;-10.09439438;2.25101424;0.87236115;-1.60608642;0.23506914;6.17995913;2.87462063
1114;111.35758015;0.00000000;-22.25139273;-10.19433014;2.24865393;0.90281065;-1.58279988;0.23084802;6.22628301;2.90094198
1115;111.45754207;0.00000000;-22.25144603;-10.29428888;2.24297120;0.94084561;-1.55992606;0.22682974;6.27268424;2.92292089
1116;111.55750399;0.00000000;-22.24923284;-10.39422526;2.21849492;0.95015476;-1.53744643;0.22295460;6.31909243;2.94284946
1117;111.65746591;0.00000000;-22.24479254;-10.49408810;2.20049178;0.95536035;-1.51533473;0.21947015;6.36547523;2.95058774
1118;111.75742783;0.00000000;-22.23816271;-10.59382673;2.18909585;0.96873334;-1.49356498;0.21611725;6.41164314;2.95667837
1119;111.85738975;0.00000000;-22.22937955;-10.69340323;2.18438172;0.98997015;-1.47212881;0.21276363;6.45757526;2.96649110
1120;111.95735167;0.00000000;-22.21848123;-10.79276488;2.16988477;1.01859881;-1.45102480;0.20950703;6.50333380;2.97574664
1121;112.05731360;0.00000000;-22.20550362;-10.89188298;2.15248878;1.02976071;-1.43024016;0.20634071;6.54891390;2.98460427
1122;112.15727552;0.00000000;-22.19048548;-10.99070522;2.12088383;1.03748827;-1.40976914;0.20326543;6.59431321;2.99290372
1123;112.25723744;0.00000000;-22.17346121;-11.08920958;2.09554791;1.05269004;-1.38959925;0.20028156;6.63952706;3.00050523
1124;112.35719936;0.00000000;-22.15446984;-11.18734544;2.07669573;1.07506926;-1.36972507;0.19738307;6.68454876;3.00755656
1125;112.45716128;0.00000000;-22.13354415;-11.28509585;2.06448059;1.10421193;-1.35013578;0.19453989;6.72937400;3.01530121
1126;112.55712320;0.00000000;-22.11072354;-11.38241237;2.05899912;1.13350837;-1.33082922;0.19176722;6.77401690;3.02292622
1127;112.65708512;0.00000000;-22.08603948;-11.47928216;2.03144698;1.15945931;-1.31179425;0.18906927;6.81847930;3.03012675
1128;112.75704704;0.00000000;-22.05953140;-11.57565962;1.99902653;1.17156208;-1.29302730;0.18643994;6.86275853;3.03708235
1129;112.85700896;0.00000000;-22.03122932;-11.67153473;1.97295023;1.18697455;-1.27451843;0.18386780;6.90685455;3.04423446
1130;112.95697089;0.00000000;-22.00117247;-11.76686534;1.95346065;1.20869962;-1.25626554;0.18135417;6.95077368;3.05141865
1131;113.05693281;0.00000000;-21.96938975;-11.86164328;1.93654517;1.23642482;-1.23825939;0.17889735;6.99451972;3.05862083
1132;113.15689473;0.00000000;-21.93591991;-11.95583023;1.91529153;1.26976694;-1.22049768;0.17649475;7.03809615;3.06587528
1133;113.25685665;0.00000000;-21.90079093;-12.04941913;1.87382775;1.28998709;-1.20297209;0.17414271;7.08150683;3.07327405
1134;113.35681857;0.00000000;-21.86404077;-12.14237575;1.83753677;1.30601442;-1.18568059;0.17183886;7.12475682;3.08085032
1135;113.45678049;0.00000000;-21.82569677;-12.23469353;1.80770087;1.32772897;-1.16861575;0.16958181;7.16785150;3.08859035
1136;113.55674241;0.00000000;-21.78579579;-12.32634248;1.78463470;1.35486992;-1.15177551;0.16736847;7.21079593;3.09657353
1137;113.65670433;0.00000000;-21.74436481;-12.41731610;1.76858517;1.38713491;-1.13515329;0.16519814;7.25359613;3.10475716
1138;113.75666626;0.00000000;-21.70143933;-12.50758872;1.75972893;1.42059802;-1.11874699;0.16306727;7.29625739;3.11325408
1139;113.85662818;0.00000000;-21.65704617;-12.59715352;1.72948538;1.45254487;-1.10255087;0.16097602;7.33878638;3.12198305
1140;113.95659010;0.00000000;-21.61121924;-12.68598913;1.69904670;1.48297746;-1.08656271;0.15892049;7.38118855;3.13108466
1141;114.05655202;0.00000000;-21.56398545;-12.77408821;1.66630393;1.51190430;-1.07077761;0.15690130;7.42347108;3.14045714
1142;114.15651394;0.00000000;-21.51537687;-12.86143361;1.61526621;1.53933192;-1.05519320;0.15491445;7.46563963;3.15025810
1143;114.25647586;0.00000000;-21.46542072;-12.94801727;1.57033987;1.56527077;-1.03980533;0.15296238;7.50770184;3.16028571
1144;114.35643778;0.00000000;-21.41414704;-13.03382613;1.53205690;1.59139671;-1.02461128;0.15104066;7.54966246;3.17073230
1145;114.45639970;0.00000000;-21.36158349;-13.11885134;1.50091597;1.62184844;-1.00960765;0.14914939;7.59152872;3.18153238
1146;114.55636162;0.00000000;-21.30775794;-13.20308377;1.47735763;1.65639827;-0.99479180;0.14728434;7.63330678;3.19287646
1147;114.65632355;0.00000000;-21.25269869;-13.28651374;1.45727515;1.69480462;-0.98016100;0.14544877;7.67500519;3.20451798
1148;114.75628547;0.00000000;-21.19643127;-13.36913583;1.43862310;1.73682119;-0.96571222;0.14363845;7.71662907;3.21665623
1149;114.85624739;0.00000000;-21.13898475;-13.45093953;1.42138732;1.76064830;-0.95144333;0.14185582;7.75818603;3.22909392
1150;114.95620931;0.00000000;-21.08038222;-13.53192293;1.40555205;1.77647753;-0.93735103;0.14009683;7.79968097;3.24202782
1151;115.05617123;0.00000000;-21.02065356;-13.61207472;1.36885034;1.79333210;-0.92343384;0.13836116;7.84112122;3.25543207
1152;115.15613315;0.00000000;-20.95981940;-13.69139624;1.33328448;1.81420110;-0.90968867;0.13664434;7.88251359;3.26953817
1153;115.25609507;0.00000000;-20.89791056;-13.76987552;1.29926771;1.83895849;-0.89611456;0.13495358;7.92386768;3.28385112
1154;115.35605699;0.00000000;-20.83494511;-13.84751686;1.25956011;1.86746378;-0.88270743;0.13328677;7.96518670;3.29846274
1155;115.45601891;0.00000000;-20.77095480;-13.92430762;1.22801060;1.89955550;-0.86946664;0.13164219;8.00647491;3.31344269
1156;115.55598084;0.00000000;-20.70595512;-14.00025485;1.20524547;1.92614332;-0.85638839;0.13001645;8.04773737;3.32896949
1157;115.65594276;0.00000000;-20.63997875;-14.07534537;1.19175929;1.94640741;-0.84347283;0.12839882;8.08898122;3.34570977
1158;115.75590468;0.00000000;-20.57303877;-14.14958878;1.18660150;1.97030352;-0.83071854;0.12677684;8.13022166;3.36445319
1159;115.85586660;0.00000000;-20.50516895;-14.22297181;1.14914508;1.99770911;-0.81812665;0.12516731;8.17148326;3.38405198
1160;115.95582852;0.00000000;-20.43638024;-14.29550633;1.10878707;2.02849743;-0.80569447;0.12356244;8.21277610;3.40500230
1161;116.05579044;0.00000000;-20.36670730;-14.36717907;1.07741778;2.06252180;-0.79342298;0.12197800;8.25411609;3.42620547
1162;116.15575236;0.00000000;-20.29615881;-14.43800381;1.05582199;2.09964070;-0.78130743;0.12041592;8.29550557;3.44750000
1163;116.25571428;0.00000000;-20.22477010;-14.50796720;1.02731603;2.13824628;-0.76934848;0.11887018;8.33694489;3.46927608
1164;116.35567620;0.00000000;-20.15254754;-14.57708463;0.99082208;2.17207601;-0.75754193;0.11734054;8.37843906;3.49152607
1165;116.45563813;0.00000000;-20.07952716;-14.64534278;0.95615523;2.20600318;-0.74588886;0.11582523;8.41999290;3.51434890
1166;116.55560005;0.00000000;-20.00571313;-14.71275846;0.93211052;2.24281349;-0.73438531;0.11432244;8.46161229;3.53785177
1167;116.65556197;0.00000000;-19.93114207;-14.77931857;0.91951548;2.25901965;-0.72303269;0.11283326;8.50330427;3.56193396
1168;116.75552389;0.00000000;-19.85581618;-14.84504109;0.91882495;2.27405898;-0.71182679;0.11135863;8.54507455;3.58650543
1169;116.85548581;0.00000000;-19.77977246;-14.90991330;0.90355148;2.29227046;-0.70076909;0.10989590;8.58692768;3.61174158
1170;116.95544773;0.00000000;-19.70301132;-14.97395405;0.88236985;2.31359554;-0.68985561;0.10844510;8.62887016;3.63762025
1171;117.05540965;0.00000000;-19.62557006;-15.03715109;0.85568978;2.32564203;-0.67908800;0.10700549;8.67090810;3.66417890
1172;117.15537157;0.00000000;-19.54744744;-15.09952402;0.84119177;2.32926233;-0.66846229;0.10557777;8.71304791;3.69134752
1173;117.25533349;0.00000000;-19.46868091;-15.16106119;0.82702217;2.33610547;-0.65798020;0.10415995;8.75529510;3.71926280
1174;117.35529542;0.00000000;-19.38926775;-15.22178270;0.80490103;2.34615828;-0.64763790;0.10275312;8.79765660;3.74782508
1175;117.45525734;0.00000000;-19.30924540;-15.28167762;0.77643695;2.35938998;-0.63743714;0.10135528;8.84013808;3.77717576
1176;117.55521926;0.00000000;-19.22860987;-15.34076636;0.75768874;2.37576320;-0.62737424;0.09996773;8.88274669;3.80720099
1177;117.65518118;0.00000000;-19.14739845;-15.39903882;0.75287448;2.39144717;-0.61745098;0.09858823;8.92548816;3.83806500
1178;117.75514310;0.00000000;-19.06560606;-15.45651558;0.76224385;2.39077057;-0.60766381;0.09721834;8.96836995;3.86963247
1179;117.85510502;0.00000000;-18.98326965;-15.51318742;0.76380642;2.39330053;-0.59801451;0.09585568;9.01139786;3.90208568
1180;117.95506694;0.00000000;-18.90038327;-15.56907495;0.75168498;2.39904091;-0.58849970;0.09450200;9.05457958;3.93527312
1181;118.05502886;0.00000000;-18.81698338;-15.62416992;0.74088754;2.40798019;-0.57912113;0.09315477;9.09792099;3.96939416
1182;118.15499079;0.00000000;-18.73306332;-15.67849285;0.73241841;2.42009774;-0.56987558;0.09181594;9.14143002;4.00428139
1183;118.25495271;0.00000000;-18.64865893;-15.73203648;0.73016168;2.43535520;-0.56076477;0.09048287;9.18511264;4.02905029
1184;118.35491463;0.00000000;-18.56376302;-15.78482114;0.71267305;2.44026234;-0.55178565;0.08915763;9.22885678;4.00329464
1185;118.45487655;0.00000000;-18.47841065;-15.83684063;0.70032924;2.44293248;-0.54293989;0.08783751;9.27211688;3.97780944
1186;118.55483847;0.00000000;-18.39259429;-15.88811499;0.68635785;2.44880800;-0.53422461;0.08652471;9.31490260;3.95258947
1187;118.65480039;0.00000000;-18.30634807;-15.93863909;0.68766503;2.45787710;-0.52564141;0.08521643;9.35722327;3.92762969
1188;118.75476231;0.00000000;-18.21966429;-15.98843261;0.69271899;2.47011900;-0.51718760;0.08391498;9.39908794;3.90292523
1189;118.85472423;0.00000000;-18.13257604;-16.03749153;0.68527714;2.48549590;-0.50886470;0.08261753;9.44050538;3.87847135
1190;118.95468615;0.00000000;-18.04507558;-16.08583509;0.67024526;2.48936280;-0.50067019;0.08132648;9.48148410;3.85426345
1191;119.05464808;0.00000000;-17.95719485;-16.13346038;0.66553587;2.48510271;-0.49260550;0.08003892;9.52203234;3.83029707
1192;119.15461000;0.00000000;-17.86892621;-16.18038618;0.67158068;2.48405982;-0.48466832;0.07875721;9.56215811;3.80656788
1193;119.25457192;0.00000000;-17.78030033;-16.22661068;0.67055477;2.48625132;-0.47685997;0.07747856;9.60186916;3.78307169
1194;119.35453384;0.00000000;-17.69130982;-16.27215216;0.67585855;2.48915148;-0.46917831;0.07620577;9.64117304;3.75980440
1195;119.45449576;0.00000000;-17.60198406;-16.31700986;0.66478161;2.48667993;-0.46162455;0.07493570;9.68007707;3.73676206
1196;119.55445768;0.00000000;-17.51231596;-16.36120154;0.66895987;2.48747651;-0.45419676;0.07366973;9.71858837;3.71394080
1197;119.65441960;0.00000000;-17.42233339;-16.40472756;0.66153757;2.49155053;-0.44689616;0.07240612;9.75671385;3.69133688
1198;119.75438152;0.00000000;-17.33202981;-16.44760513;0.65271382;2.49889905;-0.43972074;0.07115085;9.79446024;3.66894664
1199;119.85434344;0.00000000;-17.24143162;-16.48983557;0.62017930;2.50950407;-0.43267136;0.06989447;9.83183408;3.64676654
1200;119.95430537;0.00000000;-17.15053275;-16.53143563;0.60334903;2.52333827;-0.42574830;0.06861383;9.86884172;3.62479312
1201;120.05426729;0.00000000;-17.05935842;-16.57240779;0.59817588;2.51112363;-0.41895383;0.06732699;9.90548936;3.60302302
1202;120.15422921;0.00000000;-16.96790355;-16.61276853;0.60031044;2.50215983;-0.41229087;0.06597816;9.94178303;3.58145296
1203;120.25419113;0.00000000;-16.87619059;-16.65252258;0.59383386;2.49651005;-0.40576283;0.06471985;9.97772858;3.56007975
1204;120.35415305;0.00000000;-16.78421678;-16.69168369;0.59982889;2.49420782;-0.39931626;0.06425791;10.01333173;3.53890028
1205;120.45411497;0.00000000;-16.69199735;-16.73025152;0.61956071;2.49526847;-0.39291598;0.06383067;10.04859806;3.51791153
1206;120.55407689;0.00000000;-16.59952980;-16.76823132;0.62895393;2.49969159;-0.38654107;0.06371428;10.08353298;3.49711052
1207;120.65403881;0.00000000;-16.50682561;-16.80562006;0.63580850;2.50746047;-0.38017789;0.06359960;10.11814178;3.47649439
1208;120.75400073;0.00000000;-16.41388237;-16.84241996;0.63416584;2.51854551;-0.37382635;0.06347782;10.15242962;3.45606033
1209;120.85396266;0.00000000;-16.32071062;-16.87862816;0.64874290;2.53290319;-0.36748712;0.06335792;10.18640153;3.43580558
1210;120.95392458;0.00000000;-16.22730861;-16.91424660;0.65407512;2.53861988;-0.36115935;0.06324439;10.22006240;3.41572747
1211;121.05388650;0.00000000;-16.13368575;-16.94927292;0.65125351;2.52674176;-0.35484301;0.06313239;10.25341704;3.39582339
1212;121.15384842;0.00000000;-16.03984150;-16.98370853;0.62787062;2.51814797;-0.34853760;0.06302293;10.28647009;3.37609079
1213;121.25381034;0.00000000;-15.94578411;-17.01755154;0.62054667;2.51287404;-0.34224317;0.06291545;10.31922613;3.35652717
1214;121.35377226;0.00000000;-15.85151401;-17.05080295;0.61808401;2.51094195;-0.33595918;0.06281145;10.35168961;3.33713010
1215;121.45373418;0.00000000;-15.75703851;-17.08346129;0.62919689;2.51236060;-0.32968561;0.06270928;10.38386487;3.31789721
1216;121.55369610;0.00000000;-15.66235882;-17.11552722;0.63145047;2.51712534;-0.32342201;0.06261004;10.41575616;3.29882615
1217;121.65365803;0.00000000;-15.56748141;-17.14699958;0.64597523;2.51399345;-0.31716831;0.06251278;10.44736763;3.27991467
1218;121.75361995;0.00000000;-15.47240824;-17.17787876;0.62609916;2.51073402;-0.31092411;0.06241857;10.47870333;3.26116055
1219;121.85358187;0.00000000;-15.37714502;-17.20816389;0.61460231;2.51082870;-0.30468928;0.06232637;10.50976723;3.24256160
1220;121.95354379;0.00000000;-15.28169435;-17.23785511;0.61985615;2.51427803;-0.29846350;0.06223681;10.54056321;3.22411570
1221;122.05350571;0.00000000;-15.18606126;-17.26695179;0.63533651;2.52106897;-0.29224660;0.06214928;10.57109504;3.20582078
1222;122.15346763;0.00000000;-15.09024891;-17.29545389;0.64687307;2.52608676;-0.28603825;0.06206512;10.60136644;3.18767479
1223;122.25342955;0.00000000;-14.99426180;-17.32336094;0.65743617;2.52478038;-0.27983823;0.06198313;10.63138103;3.16967576
1224;122.35339147;0.00000000;-14.89810346;-17.35067277;0.64992096;2.52681120;-0.27364626;0.06190373;10.66114235;3.15182172
1225;122.45335339;0.00000000;-14.80177804;-17.37738903;0.62307811;2.52548567;-0.26746213;0.06182559;10.69065389;3.13411077
1226;122.55331532;0.00000000;-14.70528937;-17.40350948;0.60856266;2.51948972;-0.26128633;0.06173787;10.71991903;3.11654104
1227;122.65327724;0.00000000;-14.60864123;-17.42903399;0.61090492;2.51683492;-0.25511920;0.06165055;10.74894111;3.09911070
1228;122.75323916;0.00000000;-14.51183783;-17.45396238;0.62991588;2.51753285;-0.24896178;0.06154518;10.77772337;3.08181795
1229;122.85320108;0.00000000;-14.41488259;-17.47829483;0.62392079;2.52158173;-0.24281478;0.06144146;10.80626901;3.06466105
1230;122.95316300;0.00000000;-14.31778006;-17.50203127;0.61640726;2.52896633;-0.23667842;0.06133310;10.83458115;3.04763826
1231;123.05312492;0.00000000;-14.22053349;-17.52517201;0.61798037;2.53965839;-0.23055275;0.06122726;10.86266285;3.03074790
1232;123.15308684;0.00000000;-14.12314745;-17.54771705;0.62881300;2.55361693;-0.22443746;0.06112579;10.89051711;3.01398832
1233;123.25304876;0.00000000;-14.02562513;-17.56966670;0.63055359;2.54982275;-0.21833217;0.06102649;10.91814687;2.99735790
1234;123.35301068;0.00000000;-13.92797108;-17.59102095;0.61434018;2.54817177;-0.21223676;0.06092886;10.94555501;2.98085504
1235;123.45297261;0.00000000;-13.83018840;-17.61178011;0.61478468;2.54983228;-0.20615096;0.06083351;10.97274434;2.96447818
1236;123.55293453;0.00000000;-13.73228167;-17.63194420;0.63185101;2.55479868;-0.20007461;0.06074047;10.99971765;2.94822580
1237;123.65289645;0.00000000;-13.63425394;-17.65151352;0.64868911;2.56305255;-0.19400742;0.06064974;11.02647763;2.93209639
1238;123.75285837;0.00000000;-13.53610971;-17.67048812;0.62967610;2.56797273;-0.18794921;0.06056101;11.05302696;2.91608848
1239;123.85282029;0.00000000;-13.43785211;-17.68886828;0.61126285;2.56131578;-0.18189975;0.06047458;11.07936824;2.90020062
1240;123.95278221;0.00000000;-13.33948545;-17.70665407;0.60364493;2.55731597;-0.17585884;0.06039009;11.10550403;2.88443141
1241;124.05274413;0.00000000;-13.24101299;-17.72384577;0.61306227;2.55661703;-0.16982625;0.06030792;11.13143685;2.86877944
1242;124.15270605;0.00000000;-13.14243885;-17.74044349;0.63483135;2.55922249;-0.16380177;0.06022802;11.15716917;2.85324335
1243;124.25266797;0.00000000;-13.04376646;-17.75644747;0.64535977;2.56512301;-0.15778515;0.06015036;11.18270339;2.83782179
1244;124.35262990;0.00000000;-12.94499966;-17.77185786;0.62990205;2.56114630;-0.15177630;0.06007289;11.20804191;2.82251345
1245;124.45259182;0.00000000;-12.84614214;-17.78667488;0.61504283;2.55150401;-0.14577508;0.05999544;11.23318704;2.80731704
1246;124.55255374;0.00000000;-12.74719752;-17.80089882;0.60078152;2.54515435;-0.13978388;0.05987440;11.25814109;2.79223128
1247;124.65251566;0.00000000;-12.64816957;-17.81453032;0.59284606;2.54212338;-0.13380470;0.05975233;11.28290629;2.77725492
1248;124.75247758;0.00000000;-12.54906201;-17.82757016;0.59599866;2.54242436;-0.12784071;0.05957335;11.30748486;2.76238674
1249;124.85243950;0.00000000;-12.44987845;-17.84001960;0.61615880;2.53326878;-0.12189449;0.05939843;11.33187896;2.74762552
1250;124.95240142;0.00000000;-12.35062273;-17.85187984;0.64834258;2.52167945;-0.11596337;0.05926970;11.35609073;2.73297009
1251;125.05236334;0.00000000;-12.25129853;-17.86315180;0.63709228;2.51342323;-0.11004498;0.05914353;11.38012226;2.71841928
1252;125.15232526;0.00000000;-12.15190926;-17.87383637;0.62642868;2.50853459;-0.10413906;0.05902005;11.40397559;2.70397194
1253;125.25228719;0.00000000;-12.05245897;-17.88393436;0.62139721;2.50657905;-0.09824539;0.05889882;11.42765277;2.68962696
1254;125.35224911;0.00000000;-11.95295060;-17.89344668;0.63290748;2.50465249;-0.09236370;0.05877993;11.45115577;2.67538321
1255;125.45221103;0.00000000;-11.85338848;-17.90237411;0.66009313;2.50612693;-0.08649381;0.05866318;11.47448654;2.66123961
1256;125.55217295;0.00000000;-11.75377523;-17.91071759;0.68961522;2.51099750;-0.08063547;0.05854825;11.49764700;2.64719510
1257;125.65213487;0.00000000;-11.65411540;-17.91847789;0.68184882;2.51665918;-0.07478855;0.05843549;11.52063904;2.63324861
1258;125.75209679;0.00000000;-11.55441134;-17.92565596;0.67466576;2.49789519;-0.06895276;0.05832455;11.54346452;2.61939911
1259;125.85205871;0.00000000;-11.45466779;-17.93225256;0.66806510;2.48243915;-0.06312801;0.05821571;11.56612526;2.60564559
1260;125.95202063;0.00000000;-11.35488681;-17.93826866;0.66204583;2.47035453;-0.05731399;0.05810872;11.58862305;2.59198704
1261;126.05198256;0.00000000;-11.25507336;-17.94370502;0.66721494;2.46169265;-0.05151062;0.05800383;11.61095966;2.57842247
1262;126.15194448;0.00000000;-11.15522921;-17.94856259;0.68090000;2.45649092;-0.04571759;0.05790074;11.63313682;2.56495091
1263;126.25190640;0.00000000;-11.05535953;-17.95284216;0.70236892;2.45477264;-0.03993481;0.05779971;11.65515625;2.55157141
1264;126.35186832;0.00000000;-10.95546582;-17.95654468;0.73741580;2.45654614;-0.03416199;0.05770049;11.67701961;2.53828302
1265;126.45183024;0.00000000;-10.85555345;-17.95967093;0.74133977;2.44910340;-0.02839904;0.05760331;11.69872858;2.52508482
1266;126.55179216;0.00000000;-10.75562364;-17.96222184;0.73879480;2.42674118;-0.02264565;0.05750791;11.72028477;2.51197590
1267;126.65175408;0.00000000;-10.65568197;-17.96419824;0.73682298;2.40775731;-0.01690177;0.05741454;11.74168978;2.49895535
1268;126.75171600;0.00000000;-10.55572940;-17.96560103;0.73542341;2.39223333;-0.01116706;0.05732294;11.76294519;2.48602231
1269;126.85167792;0.00000000;-10.45577169;-17.96643105;0.73611337;2.38023876;-0.00544148;0.05723334;11.78405256;2.47317588
1270;126.95163985;0.00000000;-10.35580955;-17.96668919;0.75080124;2.37182811;0.00027531;0.05714551;11.80501341;2.46041522
1271;127.05160177;0.00000000;-10.25584894;-17.96637631;0.77869365;2.36704097;0.00598334;0.05705965;11.82582924;2.44773948
1272;127.15156369;0.00000000;-10.15589031;-17.96549327;0.81844081;2.36590023;0.01168295;0.05697556;11.84650154;2.43514784
1273;127.25152561;0.00000000;-10.05593981;-17.96404096;0.83596277;2.34593666;0.01737417;0.05689341;11.86703176;2.42263946
1274;127.35148753;0.00000000;-9.95599766;-17.96202021;0.83798340;2.31979401;0.02305736;0.05681302;11.88742135;2.41021354
1275;127.45144945;0.00000000;-9.85607017;-17.95943195;0.84057151;2.29715086;0.02873252;0.05673457;11.90767170;2.39786929
1276;127.55141137;0.00000000;-9.75615735;-17.95627696;0.84372630;2.27811233;0.03440001;0.05665786;11.92778423;2.38560592
1277;127.65137329;0.00000000;-9.65626567;-17.95255622;0.85359192;2.26277143;0.04005984;0.05658306;11.94776030;2.37342266
1278;127.75133521;0.00000000;-9.55639490;-17.94827047;0.87538697;2.25120447;0.04571237;0.05651001;11.96760126;2.36131874
1279;127.85129714;0.00000000;-9.45655172;-17.94342071;0.90825098;2.24347133;0.05135760;0.05643885;11.98730845;2.34929342
1280;127.95125906;0.00000000;-9.35673566;-17.93800765;0.94497724;2.23805936;0.05699590;0.05636943;12.00688318;2.33734596
1281;128.05122098;0.00000000;-9.25695356;-17.93203234;0.96892736;2.23208542;0.06262726;0.05630190;12.02632674;2.32547562
1282;128.15118290;0.00000000;-9.15720474;-17.92549542;0.97544780;2.22555013;0.06825205;0.05623607;12.04564041;2.31368168
1283;128.25114482;0.00000000;-9.05749623;-17.91839801;0.98252672;2.21845468;0.07387025;0.05617210;12.06482544;2.30196344
1284;128.35110674;0.00000000;-8.95782711;-17.91074070;0.99016370;2.21079967;0.07948226;0.05610993;12.08388308;2.29032020
1285;128.45106866;0.00000000;-8.85820458;-17.90252464;0.99835736;2.20258634;0.08508802;0.05604961;12.10281455;2.27875126
1286;128.55103058;0.00000000;-8.75862753;-17.89375036;1.00710738;2.19381522;0.09068796;0.05599090;12.12162104;2.26725595
1287;128.65099250;0.00000000;-8.65910331;-17.88441909;1.01641238;2.18448764;0.09628200;0.05593403;12.14030375;2.25583359
1288;128.75095443;0.00000000;-8.55963061;-17.87453129;1.02627211;2.17460408;0.10187057;0.05587887;12.15886385;2.24448352
1289;128.85091635;0.00000000;-8.46021695;-17.86408824;1.03668516;2.16416595;0.10745358;0.05582558;12.17730249;2.23320509
1290;128.95087827;0.00000000;-8.36086083;-17.85309034;1.04765141;2.15317367;0.11303154;0.05577496;12.19562080;2.22199766
1291;129.05084019;0.00000000;-8.26156988;-17.84153893;1.05916943;2.14162873;0.11860438;0.05572604;12.21381992;2.21086058
