id; s_m; d_m; x_m; y_m; d_right; d_left; psi_rad; kappa_radpm; vx_mps; ax_mps2
0;0.00000000;0.00000000;-8.29999960;-17.22850548;1.67149447;1.52908067;-0.02231906;0.06517154;0.00000000;0.00000000
1;0.10000000;0.00000000;-8.20007791;-17.23073601;1.66926393;1.53130929;-0.01580190;0.09748988;0.00000000;0.00000000
2;0.20000000;0.00000000;-8.10013565;-17.23166398;1.66833596;1.53223641;-0.00282108;0.08583602;0.00000000;0.00000000
3;0.30000000;0.00000000;-8.00018974;-17.23129991;1.66870002;1.53187208;0.00136530;0.04678089;0.00000000;0.00000000
4;0.40000000;0.00000000;-7.90024321;-17.23139106;1.66860887;1.53196281;0.00653510;0.05661622;0.00000000;0.00000000
5;0.50000000;0.00000000;-7.80030642;-17.22999364;1.67000629;1.53056525;0.01268854;0.06618814;0.00000000;0.00000000
6;0.60000000;0.00000000;-7.70036633;-17.22885478;1.67114515;1.52942625;0.01977272;0.02650079;0.00000000;0.00000000
7;0.70000000;0.00000000;-7.60045940;-17.22604160;1.67395832;1.52661266;0.01798870;-0.01951716;0.00000000;0.00000000
8;0.80000000;0.00000000;-7.50051598;-17.22525934;1.67474058;1.52583022;0.01586929;0.02616363;0.00000000;0.00000000
9;0.90000000;0.00000000;-7.40059804;-17.22286968;1.67713025;1.52344028;0.02322143;0.07749261;0.00000000;0.00000000
10;1.00000000;0.00000000;-7.30067683;-17.22061796;1.67938197;1.52118832;0.03136781;0.12832209;0.00000000;0.00000000
11;1.10000000;0.00000000;-7.20081112;-17.21660074;1.68339920;1.51717001;0.04888585;0.17330025;0.00000000;0.00000000
12;1.20000000;0.00000000;-7.10103023;-17.21085028;1.68914970;1.51141678;0.06602786;0.12656752;0.00000000;0.00000000
13;1.30000000;0.00000000;-7.00136095;-17.20341230;1.69658779;1.50397361;0.07419935;-0.00619166;0.00000000;0.00000000
14;1.40000000;0.00000000;-6.90168723;-17.19603196;1.70396829;1.49658819;0.06478953;-0.04970594;0.00000000;0.00000000
15;1.50000000;0.00000000;-6.80189576;-17.19047093;1.70952944;1.49102462;0.06425816;0.08324118;0.00000000;0.00000000
16;1.60000000;0.00000000;-6.70221456;-17.18319654;1.71103156;1.48374531;0.08143777;0.12829356;0.00000000;0.00000000
17;1.70000000;0.00000000;-6.60267306;-17.17421072;1.68973155;1.47475142;0.08991687;0.08601683;0.00000000;0.00000000
18;1.80000000;0.00000000;-6.50312925;-17.16524701;1.67411496;1.47186998;0.09864114;0.09022803;0.00000000;0.00000000
19;1.90000000;0.00000000;-6.40375987;-17.15452581;1.66612716;1.47400483;0.10796248;0.05386193;0.00000000;0.00000000
20;2.00000000;0.00000000;-6.30440045;-17.14370801;1.66421158;1.48279197;0.10941352;0.06136496;0.00000000;0.00000000
21;2.10000000;0.00000000;-6.20506211;-17.13269842;1.66848477;1.49802016;0.12023547;0.15266483;0.00000000;0.00000000
22;2.20000000;0.00000000;-6.10596111;-17.11973292;1.66430133;1.51776911;0.13994649;0.15559906;0.00000000;0.00000000
23;2.30000000;0.00000000;-6.00713495;-17.10481695;1.65040102;1.50499037;0.15135528;0.11200428;0.00000000;0.00000000
24;2.40000000;0.00000000;-5.90835456;-17.08959362;1.64278602;1.49152830;0.16234734;0.06955589;0.00000000;0.00000000
25;2.50000000;0.00000000;-5.80988066;-17.07250889;1.64311922;1.48280263;0.16526646;-0.01797653;0.00000000;0.00000000
26;2.60000000;0.00000000;-5.71119201;-17.05670933;1.64822128;1.47850697;0.15875204;0.01177469;0.00000000;0.00000000
27;2.70000000;0.00000000;-5.61250231;-17.04090877;1.65274476;1.47806259;0.16762140;0.09975730;0.00000000;0.00000000
28;2.80000000;0.00000000;-5.51411043;-17.02336133;1.64303746;1.48259767;0.17870350;0.10966559;0.00000000;0.00000000
29;2.90000000;0.00000000;-5.41579516;-17.00537747;1.63981999;1.49338255;0.18955452;0.11051838;0.00000000;0.00000000
30;3.00000000;0.00000000;-5.31780775;-16.98569910;1.64057727;1.50020348;0.20080718;0.11067770;0.00000000;0.00000000
31;3.10000000;0.00000000;-5.21992208;-16.96550741;1.63111333;1.49711171;0.21169006;0.11091745;0.00000000;0.00000000
32;3.20000000;0.00000000;-5.12238672;-16.94370118;1.62159139;1.49903565;0.22299066;0.07990348;0.00000000;0.00000000
33;3.30000000;0.00000000;-5.02498236;-16.92130254;1.61880445;1.50699500;0.22767075;0.04232325;0.00000000;0.00000000
34;3.40000000;0.00000000;-4.92765229;-16.89858360;1.62251044;1.51765497;0.23145531;0.07072453;0.00000000;0.00000000
35;3.50000000;0.00000000;-4.83042042;-16.87544837;1.63276316;1.51346160;0.24181566;0.11734186;0.00000000;0.00000000
36;3.60000000;0.00000000;-4.73358688;-16.85071893;1.64229704;1.51317059;0.25492369;0.12691143;0.00000000;0.00000000
37;3.70000000;0.00000000;-4.63699486;-16.82504297;1.63861564;1.51338968;0.26719794;0.12472905;0.00000000;0.00000000
38;3.80000000;0.00000000;-4.54079775;-16.79794410;1.64249804;1.51872335;0.27986950;0.12177133;0.00000000;0.00000000
39;3.90000000;0.00000000;-4.44488734;-16.76982877;1.65347418;1.52953402;0.29155221;0.11914950;0.00000000;0.00000000
40;4.00000000;0.00000000;-4.34934958;-16.74048974;1.64457673;1.54539815;0.30369940;0.09893460;0.00000000;0.00000000
41;4.10000000;0.00000000;-4.25415040;-16.71005290;1.63069263;1.55470878;0.31133913;0.04194033;0.00000000;0.00000000
42;4.20000000;0.00000000;-4.15906717;-16.67925597;1.62066359;1.55877350;0.31208746;-0.01861908;0.00000000;0.00000000
43;4.30000000;0.00000000;-4.06391529;-16.64867721;1.60773829;1.55967450;0.30761531;-0.01869154;0.00000000;0.00000000
44;4.40000000;0.00000000;-3.96856034;-16.61873193;1.60029502;1.54090598;0.30834915;0.06156046;0.00000000;0.00000000
45;4.50000000;0.00000000;-3.87345549;-16.58801420;1.59988774;1.52764784;0.31992741;0.10957272;0.00000000;0.00000000
46;4.60000000;0.00000000;-3.77881937;-16.55586907;1.60720879;1.51935438;0.33026370;0.11061272;0.00000000;0.00000000
47;4.70000000;0.00000000;-3.68436884;-16.52319160;1.61550284;1.51704825;0.34204995;0.11734628;0.00000000;0.00000000
48;4.80000000;0.00000000;-3.59051675;-16.48882486;1.63163952;1.51953069;0.35373295;0.08711654;0.00000000;0.00000000
49;4.90000000;0.00000000;-3.49685273;-16.45394853;1.65419562;1.52801898;0.35947326;0.09607411;0.00000000;0.00000000
50;5.00000000;0.00000000;-3.40340122;-16.41850654;1.64540610;1.54235359;0.37294777;0.13262798;0.00000000;0.00000000
51;5.10000000;0.00000000;-3.31071169;-16.38111931;1.64336842;1.54404008;0.38599885;0.11997635;0.00000000;0.00000000
52;5.20000000;0.00000000;-3.21821714;-16.34325044;1.63889096;1.53275138;0.39694304;0.11287209;0.00000000;0.00000000
53;5.30000000;0.00000000;-3.12637027;-16.30384441;1.62296108;1.52626327;0.40857327;0.08337069;0.00000000;0.00000000
54;5.40000000;0.00000000;-3.03478151;-16.26383455;1.61373261;1.52564963;0.41361718;0.04332284;0.00000000;0.00000000
55;5.50000000;0.00000000;-2.94333409;-16.22350278;1.61101658;1.53122178;0.41723784;0.03714214;0.00000000;0.00000000
56;5.60000000;0.00000000;-2.85203752;-16.18283079;1.61486644;1.54289227;0.42104561;0.05064482;0.00000000;0.00000000
57;5.70000000;0.00000000;-2.76089994;-16.14180380;1.61562340;1.56050768;0.42736680;0.08653634;0.00000000;0.00000000
58;5.80000000;0.00000000;-2.67012822;-16.09998242;1.60669236;1.56045790;0.43835288;0.09673043;0.00000000;0.00000000
59;5.90000000;0.00000000;-2.57991385;-16.05696297;1.60302036;1.54708957;0.44671289;0.07679151;0.00000000;0.00000000
60;6.00000000;0.00000000;-2.48985114;-16.01362837;1.60190221;1.53975510;0.45371118;0.07490731;0.00000000;0.00000000
61;6.10000000;0.00000000;-2.40024765;-15.96935046;1.60053614;1.53784147;0.46169435;0.09427667;0.00000000;0.00000000
62;6.20000000;0.00000000;-2.31088769;-15.92458317;1.60594807;1.54187046;0.47256651;0.10935105;0.00000000;0.00000000
63;6.30000000;0.00000000;-2.22227029;-15.87836863;1.61084156;1.55072390;0.48356456;0.07752084;0.00000000;0.00000000
64;6.40000000;0.00000000;-2.13391667;-15.83164684;1.60392579;1.55258484;0.48807068;0.03894299;0.00000000;0.00000000
65;6.50000000;0.00000000;-2.04571735;-15.78463447;1.60166205;1.55538469;0.49135316;0.03266796;0.00000000;0.00000000
66;6.60000000;0.00000000;-1.95767237;-15.73733367;1.59131236;1.56425256;0.49460427;0.03610539;0.00000000;0.00000000
67;6.70000000;0.00000000;-1.86978056;-15.68974878;1.57866699;1.57909045;0.49857424;0.06872787;0.00000000;0.00000000
68;6.80000000;0.00000000;-1.78211505;-15.64175102;1.57275640;1.57568945;0.50834985;0.09007102;0.00000000;0.00000000
69;6.90000000;0.00000000;-1.69517020;-15.59245689;1.57466782;1.54833752;0.51658844;0.03352836;0.00000000;0.00000000
70;7.00000000;0.00000000;-1.60830616;-15.54302050;1.58306285;1.52688844;0.51505552;0.00495417;0.00000000;0.00000000
71;7.10000000;0.00000000;-1.52121082;-15.49399329;1.58985415;1.51222284;0.51757928;0.07131636;0.00000000;0.00000000
72;7.20000000;0.00000000;-1.43460024;-15.44412069;1.59964268;1.50309687;0.52931879;0.11606371;0.00000000;0.00000000
73;7.30000000;0.00000000;-1.34868256;-15.39306386;1.60700524;1.49921445;0.54079202;0.08192460;0.00000000;0.00000000
74;7.40000000;0.00000000;-1.26323632;-15.34121550;1.61282518;1.50106740;0.54570371;0.01260215;0.00000000;0.00000000
75;7.50000000;0.00000000;-1.17782163;-15.28931548;1.61474932;1.50948992;0.54331245;0.01224386;0.00000000;0.00000000
76;7.60000000;0.00000000;-1.09212837;-15.23787635;1.62230301;1.51646092;0.54815248;0.09384525;0.00000000;0.00000000
77;7.70000000;0.00000000;-1.00722070;-15.18515234;1.63742223;1.51225078;0.56208150;0.11447579;0.00000000;0.00000000
78;7.80000000;0.00000000;-0.92299559;-15.13134756;1.62048295;1.51336166;0.57104764;0.06066381;0.00000000;0.00000000
79;7.90000000;0.00000000;-0.83904622;-15.07710905;1.59945970;1.52054228;0.57421426;0.02123000;0.00000000;0.00000000
80;8.00000000;0.00000000;-0.75516149;-15.02277059;1.58217848;1.52543998;0.57529364;0.00965282;0.00000000;0.00000000
81;8.10000000;0.00000000;-0.67132938;-14.96835097;1.57117402;1.52074526;0.57614482;0.04047058;0.00000000;0.00000000
82;8.20000000;0.00000000;-0.58753727;-14.91386978;1.56655529;1.52253752;0.58338776;0.07507665;0.00000000;0.00000000
83;8.30000000;0.00000000;-0.50450255;-14.85824172;1.56967758;1.52950067;0.59116015;0.04593449;0.00000000;0.00000000
84;8.40000000;0.00000000;-0.42156744;-14.80246465;1.57931001;1.52859279;0.59257466;0.01064148;0.00000000;0.00000000
85;8.50000000;0.00000000;-0.33869013;-14.74660172;1.59526029;1.52365920;0.59328845;0.00427354;0.00000000;0.00000000
86;8.60000000;0.00000000;-0.25583471;-14.69070629;1.61727921;1.52523377;0.59342936;0.00098977;0.00000000;0.00000000
87;8.70000000;0.00000000;-0.17297314;-14.63481999;1.62127345;1.53334632;0.59348640;0.02399654;0.00000000;0.00000000
88;8.80000000;0.00000000;-0.09012418;-14.57891518;1.62704399;1.54786114;0.59822867;0.04997591;0.00000000;0.00000000
89;8.90000000;0.00000000;-0.00779638;-14.52224550;1.61628171;1.56602654;0.60348158;0.05362320;0.00000000;0.00000000
90;9.00000000;0.00000000;0.07446076;-14.46547334;1.59991803;1.58407041;0.60895331;0.06624836;0.00000000;0.00000000
91;9.10000000;0.00000000;0.15616153;-14.40790748;1.59064884;1.60115818;0.61673126;0.06628931;0.00000000;0.00000000
92;9.20000000;0.00000000;0.23752561;-14.34986268;1.58821496;1.59722015;0.62221118;0.06673500;0.00000000;0.00000000
93;9.30000000;0.00000000;0.31859074;-14.29140473;1.59257266;1.59120309;0.63007826;0.07045231;0.00000000;0.00000000
94;9.40000000;0.00000000;0.39903152;-14.23208698;1.60066136;1.59039012;0.63630164;0.04887832;0.00000000;0.00000000
95;9.50000000;0.00000000;0.47936451;-14.17262330;1.59015314;1.59341214;0.63985392;0.03789318;0.00000000;0.00000000
96;9.60000000;0.00000000;0.55938175;-14.11273561;1.57636131;1.58074207;0.64388027;0.04907078;0.00000000;0.00000000
97;9.70000000;0.00000000;0.63923321;-14.05262703;1.56655255;1.57405156;0.64966808;0.07232270;0.00000000;0.00000000
98;9.80000000;0.00000000;0.71854959;-13.99181886;1.56026222;1.57281245;0.65834481;0.07090001;0.00000000;0.00000000
99;9.90000000;0.00000000;0.79734601;-13.93033372;1.56121427;1.56649392;0.66384808;0.03899616;0.00000000;0.00000000
100;10.00000000;0.00000000;0.87599063;-13.86865441;1.56879229;1.55587586;0.66614405;-0.00021916;0.00000000;0.00000000
101;10.10000000;0.00000000;0.95450396;-13.80680803;1.58286763;1.54836560;0.66380425;-0.00437327;0.00000000;0.00000000
102;10.20000000;0.00000000;1.03343621;-13.74549754;1.57102387;1.54796827;0.66526939;0.06122999;0.00000000;0.00000000
103;10.30000000;0.00000000;1.11176625;-13.68342271;1.55951595;1.55304274;0.67605024;0.09758130;0.00000000;0.00000000
104;10.40000000;0.00000000;1.18935627;-13.62042634;1.55485860;1.56332821;0.68478565;0.04756097;0.00000000;0.00000000
105;10.50000000;0.00000000;1.26659131;-13.55699142;1.55718105;1.57306623;0.68556244;0.00094768;0.00000000;0.00000000
106;10.60000000;0.00000000;1.34408553;-13.49387282;1.56548627;1.58321016;0.68497519;0.03617126;0.00000000;0.00000000
107;10.70000000;0.00000000;1.42139533;-13.43052841;1.58036925;1.57928272;0.69279669;0.06522342;0.00000000;0.00000000
108;10.80000000;0.00000000;1.49789180;-13.36620612;1.58231607;1.56400904;0.69801987;0.03108405;0.00000000;0.00000000
109;10.90000000;0.00000000;1.57453531;-13.30205790;1.57236292;1.55524923;0.69901350;0.04523431;0.00000000;0.00000000
110;11.00000000;0.00000000;1.65090261;-13.23758471;1.56861794;1.55245938;0.70706673;0.10030310;0.00000000;0.00000000
111;11.10000000;0.00000000;1.72650190;-13.17221138;1.57241508;1.55491603;0.71907412;0.07640590;0.00000000;0.00000000
112;11.20000000;0.00000000;1.80130114;-13.10592116;1.58373314;1.56093514;0.72234791;0.00917621;0.00000000;0.00000000
113;11.30000000;0.00000000;1.87647223;-13.04005295;1.60067084;1.56751610;0.72090936;0.02161845;0.00000000;0.00000000
114;11.40000000;0.00000000;1.95146178;-12.97397830;1.60908785;1.57382247;0.72667160;0.06281852;0.00000000;0.00000000
115;11.50000000;0.00000000;2.02586681;-12.90724995;1.60366756;1.57925263;0.73347307;0.03792517;0.00000000;0.00000000
116;11.60000000;0.00000000;2.09995040;-12.84016160;1.59880094;1.58420057;0.73425664;0.02989378;0.00000000;0.00000000
117;11.70000000;0.00000000;2.17425212;-12.77331550;1.59984858;1.58947428;0.73945182;0.09236551;0.00000000;0.00000000
118;11.80000000;0.00000000;2.24763500;-12.70546071;1.59137689;1.57169043;0.75272974;0.09422008;0.00000000;0.00000000
119;11.90000000;0.00000000;2.32013520;-12.63666561;1.58620958;1.55358802;0.75829584;0.03269358;0.00000000;0.00000000
120;12.00000000;0.00000000;2.39275785;-12.56799845;1.58715398;1.54044437;0.75926846;0.03851041;0.00000000;0.00000000
121;12.10000000;0.00000000;2.46512309;-12.49906340;1.59065561;1.53334340;0.76599792;0.06586094;0.00000000;0.00000000
122;12.20000000;0.00000000;2.53681528;-12.42942483;1.58502440;1.53176692;0.77244064;0.04957222;0.00000000;0.00000000
123;12.30000000;0.00000000;2.60828823;-12.35956113;1.57869747;1.53638988;0.77591236;0.03425876;0.00000000;0.00000000
124;12.40000000;0.00000000;2.67949520;-12.28942642;1.57906496;1.54709180;0.77929240;0.03185248;0.00000000;0.00000000
125;12.50000000;0.00000000;2.75049413;-12.21908127;1.58603879;1.55244392;0.78228286;0.03697547;0.00000000;0.00000000
126;12.60000000;0.00000000;2.82128025;-12.14852203;1.58652180;1.54046323;0.78668749;0.06491899;0.00000000;0.00000000
127;12.70000000;0.00000000;2.89165535;-12.07755558;1.57912816;1.53433219;0.79526666;0.08319605;0.00000000;0.00000000
128;12.80000000;0.00000000;2.96122056;-12.00579210;1.57917836;1.53356343;0.80332670;0.06210902;0.00000000;0.00000000
129;12.90000000;0.00000000;3.03044405;-11.93369891;1.58601398;1.53615484;0.80768846;0.04078277;0.00000000;0.00000000
130;13.00000000;0.00000000;3.09938044;-11.86133148;1.58760644;1.54112796;0.81148325;0.03691038;0.00000000;0.00000000
131;13.10000000;0.00000000;3.16805460;-11.78871519;1.58627800;1.53558443;0.81507054;0.03637531;0.00000000;0.00000000
132;13.20000000;0.00000000;3.23647001;-11.71585505;1.58942153;1.52399970;0.81875832;0.03775952;0.00000000;0.00000000
133;13.30000000;0.00000000;3.30460687;-11.64273407;1.59294657;1.51853557;0.82262244;0.03881108;0.00000000;0.00000000
134;13.40000000;0.00000000;3.37245733;-11.56934719;1.59686227;1.51461987;0.82652053;0.03678623;0.00000000;0.00000000
135;13.50000000;0.00000000;3.44002198;-11.49569732;1.60116617;1.51495115;0.82997969;0.04187591;0.00000000;0.00000000
136;13.60000000;0.00000000;3.50736299;-11.42184291;1.60577295;1.52155891;0.83489571;0.06736075;0.00000000;0.00000000
137;13.70000000;0.00000000;3.57419863;-11.34753411;1.61105873;1.53398980;0.84345184;0.07778873;0.00000000;0.00000000
138;13.80000000;0.00000000;3.64026610;-11.27253818;1.61737410;1.55176080;0.85045346;0.05541593;0.00000000;0.00000000
139;13.90000000;0.00000000;3.70605635;-11.19729881;1.62405786;1.55876876;0.85453502;0.04307062;0.00000000;0.00000000
140;14.00000000;0.00000000;3.77150939;-11.12176610;1.63118781;1.55796491;0.85906758;0.04440587;0.00000000;0.00000000
141;14.10000000;0.00000000;3.83661458;-11.04593381;1.61521529;1.54610567;0.86341620;0.04444780;0.00000000;0.00000000
142;14.20000000;0.00000000;3.90140817;-10.96983477;1.60209639;1.53531384;0.86795714;0.06948605;0.00000000;0.00000000
143;14.30000000;0.00000000;3.96582129;-10.89341515;1.59564108;1.52682249;0.87731341;0.09161964;0.00000000;0.00000000
144;14.40000000;0.00000000;4.02917977;-10.81611689;1.59680473;1.52061889;0.88628107;0.08313997;0.00000000;0.00000000
145;14.50000000;0.00000000;4.09221290;-10.73855321;1.60462406;1.52055220;0.89394140;0.07536143;0.00000000;0.00000000
146;14.60000000;0.00000000;4.15437783;-10.66029573;1.61599877;1.52593427;0.90135336;0.04084194;0.00000000;0.00000000
147;14.70000000;0.00000000;4.21625418;-10.58180638;1.60834453;1.53744098;0.90210979;0.00787296;0.00000000;0.00000000
148;14.80000000;0.00000000;4.27830244;-10.50345267;1.59769301;1.54307053;0.90292795;0.02882449;0.00000000;0.00000000
149;14.90000000;0.00000000;4.34005045;-10.42486194;1.59363464;1.53645991;0.90787469;0.04735207;0.00000000;0.00000000
150;15.00000000;0.00000000;4.40132047;-10.34589823;1.59644316;1.53573051;0.91239836;0.03755596;0.00000000;0.00000000
151;15.10000000;0.00000000;4.46235485;-10.26675218;1.60577655;1.54119792;0.91538588;0.03072266;0.00000000;0.00000000
152;15.20000000;0.00000000;4.52315194;-10.18742382;1.61888376;1.55279537;0.91854290;0.03381599;0.00000000;0.00000000
153;15.30000000;0.00000000;4.58368534;-10.10789403;1.62931929;1.55764656;0.92214908;0.04079172;0.00000000;0.00000000
154;15.40000000;0.00000000;4.64390885;-10.02812907;1.60535004;1.55710409;0.92670124;0.05026033;0.00000000;0.00000000
155;15.50000000;0.00000000;4.70371575;-9.94805137;1.58783841;1.56244690;0.93220114;0.05277829;0.00000000;0.00000000
156;15.60000000;0.00000000;4.76305784;-9.86762934;1.57705741;1.57355786;0.93725690;0.05785873;0.00000000;0.00000000
157;15.70000000;0.00000000;4.82205191;-9.78695111;1.57299934;1.57259942;0.94377289;0.11140802;0.00000000;0.00000000
158;15.80000000;0.00000000;4.88033698;-9.70576803;1.57615327;1.57112241;0.95953850;0.14896279;0.00000000;0.00000000
159;15.90000000;0.00000000;4.93675848;-9.62326995;1.58787277;1.57371945;0.97356545;0.07704746;0.00000000;0.00000000
160;16.00000000;0.00000000;4.99274748;-9.54047774;1.60393432;1.58211728;0.97494800;0.00627764;0.00000000;0.00000000
161;16.10000000;0.00000000;5.04894060;-9.45782404;1.62203798;1.57452800;0.97482097;0.01569637;0.00000000;0.00000000
162;16.20000000;0.00000000;5.10495044;-9.37504635;1.62485389;1.57171877;0.97808727;0.04203291;0.00000000;0.00000000
163;16.30000000;0.00000000;5.16060227;-9.29202756;1.60916043;1.57482796;0.98322756;0.08083348;0.00000000;0.00000000
164;16.40000000;0.00000000;5.21575740;-9.20867957;1.60016442;1.58365741;0.99425396;0.10681739;0.00000000;0.00000000
165;16.50000000;0.00000000;5.26956526;-9.12445348;1.59843442;1.58112551;1.00459103;0.05881262;0.00000000;0.00000000
166;16.60000000;0.00000000;5.32298643;-9.03998174;1.58653642;1.57682402;1.00601649;0.00618147;0.00000000;0.00000000
167;16.70000000;0.00000000;5.37655389;-8.95560269;1.58070689;1.57902339;1.00582733;0.02222008;0.00000000;0.00000000
168;16.80000000;0.00000000;5.43000691;-8.87115132;1.58132132;1.57609199;1.01046051;0.08169833;0.00000000;0.00000000
169;16.90000000;0.00000000;5.48278828;-8.78628258;1.58902362;1.57216665;1.02216699;0.14234926;0.00000000;0.00000000
170;17.00000000;0.00000000;5.53424894;-8.70060409;1.60445739;1.57304064;1.03893036;0.12324021;0.00000000;0.00000000
171;17.10000000;0.00000000;5.58415767;-8.61401057;1.62577070;1.56342460;1.04681504;0.04271853;0.00000000;0.00000000
172;17.20000000;0.00000000;5.63426166;-8.52752991;1.62055341;1.55139707;1.04747406;0.04433272;0.00000000;0.00000000
173;17.30000000;0.00000000;5.68405607;-8.44087091;1.61555392;1.54539443;1.05568158;0.10269708;0.00000000;0.00000000
174;17.40000000;0.00000000;5.73273133;-8.35358384;1.61801101;1.54456105;1.06801348;0.10194470;0.00000000;0.00000000
175;17.50000000;0.00000000;5.78037334;-8.26572358;1.61077807;1.52848618;1.07607052;0.05225321;0.00000000;0.00000000
176;17.60000000;0.00000000;5.82763814;-8.17765908;1.59915776;1.51448952;1.07846412;0.02852601;0.00000000;0.00000000
177;17.70000000;0.00000000;5.87485919;-8.08957139;1.59316863;1.50695606;1.08177572;0.08334865;0.00000000;0.00000000
178;17.80000000;0.00000000;5.92153969;-8.00119577;1.59405032;1.50541995;1.09513385;0.13077594;0.00000000;0.00000000
179;17.90000000;0.00000000;5.96639078;-7.91187813;1.60322704;1.50845789;1.10793091;0.08863127;0.00000000;0.00000000
180;18.00000000;0.00000000;6.01079427;-7.82233700;1.60356238;1.51758795;1.11286010;0.04897936;0.00000000;0.00000000
181;18.10000000;0.00000000;6.05476267;-7.73258154;1.59726181;1.53271606;1.11772678;0.04872906;0.00000000;0.00000000
182;18.20000000;0.00000000;6.09829245;-7.64261262;1.59769034;1.55074892;1.12260592;0.06575344;0.00000000;0.00000000
183;18.30000000;0.00000000;6.14138288;-7.55243247;1.60484225;1.54187449;1.13087747;0.10783759;0.00000000;0.00000000
184;18.40000000;0.00000000;6.18341613;-7.46176062;1.60965868;1.53828534;1.14417343;0.12024291;0.00000000;0.00000000
185;18.50000000;0.00000000;6.22409351;-7.37046684;1.61690869;1.53969309;1.15492605;0.08646202;0.00000000;0.00000000
186;18.60000000;0.00000000;6.26416935;-7.27890727;1.61720189;1.54233955;1.16146584;0.06290380;0.00000000;0.00000000
187;18.70000000;0.00000000;6.30364932;-7.18708901;1.62048602;1.53915520;1.16750681;0.02527679;0.00000000;0.00000000
188;18.80000000;0.00000000;6.34261615;-7.09505167;1.62291283;1.54017523;1.16652120;-0.00379824;0.00000000;0.00000000
189;18.90000000;0.00000000;6.38227715;-7.00331115;1.63072024;1.54841287;1.16674717;0.03934724;0.00000000;0.00000000
190;19.00000000;0.00000000;6.42120240;-6.91125616;1.60948010;1.54820704;1.17439064;0.07385137;0.00000000;0.00000000
191;19.10000000;0.00000000;6.45945626;-6.81892040;1.59106615;1.54966726;1.18151744;0.10026452;0.00000000;0.00000000
192;19.20000000;0.00000000;6.49706536;-6.72632028;1.57947067;1.54521388;1.19444355;0.14310656;0.00000000;0.00000000
193;19.30000000;0.00000000;6.53291755;-6.63303176;1.57603495;1.54533197;1.21013875;0.12932856;0.00000000;0.00000000
194;19.40000000;0.00000000;6.56760178;-6.53929730;1.58017806;1.55063374;1.22030926;0.08886463;0.00000000;0.00000000
195;19.50000000;0.00000000;6.60155083;-6.44529401;1.59137807;1.55134123;1.22791168;0.05578338;0.00000000;0.00000000
196;19.60000000;0.00000000;6.63480593;-6.35104289;1.60944209;1.53758864;1.23146593;0.03115164;0.00000000;0.00000000
197;19.70000000;0.00000000;6.66808587;-6.25680074;1.62903917;1.52491659;1.23414201;0.07464873;0.00000000;0.00000000
198;19.80000000;0.00000000;6.70083366;-6.16237984;1.63861320;1.51816915;1.24639568;0.13071898;0.00000000;0.00000000
199;19.90000000;0.00000000;6.73179425;-6.06735062;1.64892566;1.51609820;1.26028580;0.12328112;0.00000000;0.00000000
200;20.00000000;0.00000000;6.76190881;-5.97204966;1.64862114;1.51972166;1.27105191;0.13115749;0.00000000;0.00000000
201;20.10000000;0.00000000;6.79081463;-5.87638091;1.63365642;1.51994321;1.28651730;0.11371029;0.00000000;0.00000000
202;20.20000000;0.00000000;6.81796772;-5.78019384;1.62653778;1.50924027;1.29379396;0.05229112;0.00000000;0.00000000
203;20.30000000;0.00000000;6.84547971;-5.68410918;1.62517151;1.50548568;1.29697552;0.06906273;0.00000000;0.00000000
204;20.40000000;0.00000000;6.87202011;-5.58775162;1.63066324;1.49441794;1.30760651;0.11126990;0.00000000;0.00000000
205;20.50000000;0.00000000;6.89748312;-5.49110368;1.61630920;1.48336509;1.31922950;0.11743422;0.00000000;0.00000000
206;20.60000000;0.00000000;6.92177671;-5.39415490;1.60780023;1.47779144;1.33109335;0.15857550;0.00000000;0.00000000
207;20.70000000;0.00000000;6.94493937;-5.29693065;1.60664393;1.47780328;1.35094460;0.15597791;0.00000000;0.00000000
208;20.80000000;0.00000000;6.96536582;-5.19909366;1.61448794;1.48176589;1.36228894;0.07305105;0.00000000;0.00000000
209;20.90000000;0.00000000;6.98631708;-5.10136770;1.62791103;1.49295731;1.36555481;0.11828902;0.00000000;0.00000000
210;21.00000000;0.00000000;7.00610403;-5.00339946;1.64845724;1.50932209;1.38594674;0.20423719;0.00000000;0.00000000
211;21.10000000;0.00000000;7.02305305;-4.90490198;1.67709497;1.49506208;1.40640225;0.11763956;0.00000000;0.00000000
212;21.20000000;0.00000000;7.03881658;-4.80620666;1.66294287;1.48309820;1.40947465;0.06869621;0.00000000;0.00000000
213;21.30000000;0.00000000;7.05516025;-4.70760557;1.65413031;1.47839971;1.42014149;0.11409181;0.00000000;0.00000000
214;21.40000000;0.00000000;7.06881439;-4.60859928;1.65316164;1.47773140;1.43229301;0.07901100;0.00000000;0.00000000
215;21.50000000;0.00000000;7.08275720;-4.50963014;1.65304804;1.48409990;1.43594369;0.07426330;0.00000000;0.00000000
216;21.60000000;0.00000000;7.09568843;-4.41052424;1.65998299;1.49612042;1.44714567;0.11807314;0.00000000;0.00000000
217;21.70000000;0.00000000;7.10741056;-4.31126818;1.67407288;1.50782254;1.45955832;0.12621050;0.00000000;0.00000000
218;21.80000000;0.00000000;7.11787770;-4.21187203;1.68216852;1.51147953;1.47238777;0.13009864;0.00000000;0.00000000
219;21.90000000;0.00000000;7.12704943;-4.11234808;1.67299374;1.48873759;1.48557805;0.13341656;0.00000000;0.00000000
220;22.00000000;0.00000000;7.13489110;-4.01271059;1.66514988;1.47112020;1.49907108;0.13614433;0.00000000;0.00000000
221;22.10000000;0.00000000;7.14137405;-3.91297553;1.65866542;1.45878901;1.51280692;0.13826428;0.00000000;0.00000000
222;22.20000000;0.00000000;7.14647589;-3.81316034;1.65356260;1.45185980;1.52672394;0.10207466;0.00000000;0.00000000
223;22.30000000;0.00000000;7.15018066;-3.71328358;1.64985724;1.45039635;1.53322185;0.06425362;0.00000000;0.00000000
224;22.40000000;0.00000000;7.15398496;-3.61340949;1.64605234;1.45420158;1.53957467;0.10659682;0.00000000;0.00000000
225;22.50000000;0.00000000;7.15642044;-3.51349414;1.64361650;1.45663748;1.55454121;0.15560395;0.00000000;0.00000000
226;22.60000000;0.00000000;7.15723394;-3.41355240;1.64280278;1.45745119;1.57069545;0.16060200;0.00000000;0.00000000
227;22.70000000;0.00000000;7.15644060;-3.31361048;1.64359588;1.45665830;1.58666161;0.19582750;0.00000000;0.00000000
228;22.80000000;0.00000000;7.15406286;-3.21369367;1.64597317;1.45428167;1.60986095;0.23634996;0.00000000;0.00000000
229;22.90000000;0.00000000;7.14863506;-3.11390098;1.65139967;1.45055047;1.63393160;0.16437454;0.00000000;0.00000000
230;23.00000000;0.00000000;7.14145191;-3.01421425;1.65858084;1.45168029;1.64273586;0.11558453;0.00000000;0.00000000
231;23.10000000;0.00000000;7.13426734;-2.91452627;1.66576351;1.45327689;1.65704851;0.14837390;0.00000000;0.00000000
232;23.20000000;0.00000000;7.12423444;-2.81509172;1.67579307;1.45887702;1.67241064;0.11359566;0.00000000;0.00000000
233;23.30000000;0.00000000;7.11399101;-2.71567152;1.68603329;1.47105294;1.67976764;0.06975276;0.00000000;0.00000000
234;23.40000000;0.00000000;7.10249552;-2.61638984;1.69752511;1.48861821;1.68636119;0.10279774;0.00000000;0.00000000
235;23.50000000;0.00000000;7.09094196;-2.51711332;1.70075397;1.49099816;1.70032719;0.18438344;0.00000000;0.00000000
236;23.60000000;0.00000000;7.07667898;-2.41819776;1.68507150;1.48091444;1.72323788;0.16351419;0.00000000;0.00000000
237;23.70000000;0.00000000;7.06059061;-2.31955639;1.67705659;1.47569097;1.73303003;0.11540133;0.00000000;0.00000000
238;23.80000000;0.00000000;7.04439195;-2.22093127;1.67508894;1.47711523;1.74631815;0.17634580;0.00000000;0.00000000
239;23.90000000;0.00000000;7.02568928;-2.12275935;1.68161416;1.48274677;1.76829919;0.18799598;0.00000000;0.00000000
240;24.00000000;0.00000000;7.00517248;-2.02494331;1.67811281;1.49322480;1.78391734;0.14852489;0.00000000;0.00000000
241;24.10000000;0.00000000;6.98341120;-1.92739603;1.66071731;1.50339449;1.79800417;0.14898789;0.00000000;0.00000000
242;24.20000000;0.00000000;6.96014734;-1.83019792;1.64580106;1.49955230;1.81371492;0.15589056;0.00000000;0.00000000
243;24.30000000;0.00000000;6.93533263;-1.73338397;1.63785899;1.49602304;1.82918228;0.12717524;0.00000000;0.00000000
244;24.40000000;0.00000000;6.90907347;-1.63695152;1.63748894;1.49616093;1.83914997;0.07950170;0.00000000;0.00000000
245;24.50000000;0.00000000;6.88233300;-1.54064857;1.64370556;1.50246390;1.84508262;0.08350879;0.00000000;0.00000000
246;24.60000000;0.00000000;6.85493151;-1.44453452;1.65662086;1.50093353;1.85585173;0.12864554;0.00000000;0.00000000
247;24.70000000;0.00000000;6.82612410;-1.34883273;1.66348013;1.49984828;1.87081173;0.15239396;0.00000000;0.00000000
248;24.80000000;0.00000000;6.79585971;-1.25358186;1.65210062;1.50389200;1.88633052;0.15609217;0.00000000;0.00000000
249;24.90000000;0.00000000;6.76409637;-1.15882035;1.63651401;1.51297134;1.90203016;0.15315181;0.00000000;0.00000000
250;25.00000000;0.00000000;6.73085633;-1.06456581;1.62268656;1.51251520;1.91696088;0.14319448;0.00000000;0.00000000
251;25.10000000;0.00000000;6.69627730;-0.97079341;1.60574063;1.51229331;1.93066906;0.13520600;0.00000000;0.00000000
252;25.20000000;0.00000000;6.66046556;-0.87748447;1.59620302;1.51245871;1.94400208;0.13472069;0.00000000;0.00000000
253;25.30000000;0.00000000;6.62339827;-0.78466658;1.59423964;1.51535833;1.95761320;0.14000817;0.00000000;0.00000000
254;25.40000000;0.00000000;6.58505953;-0.69236577;1.59453855;1.51380888;1.97200372;0.14081330;0.00000000;0.00000000
255;25.50000000;0.00000000;6.54533621;-0.60065221;1.59082649;1.51002773;1.98577586;0.12733737;0.00000000;0.00000000
256;25.60000000;0.00000000;6.50447019;-0.50944276;1.59440928;1.50060175;1.99747119;0.11285766;0.00000000;0.00000000
257;25.70000000;0.00000000;6.46261309;-0.41868422;1.60530188;1.49671151;2.00834739;0.10881517;0.00000000;0.00000000
258;25.80000000;0.00000000;6.41977318;-0.32838588;1.60879594;1.49840414;2.01923422;0.10903905;0.00000000;0.00000000
259;25.90000000;0.00000000;6.37595033;-0.23856081;1.61660355;1.50227900;2.03015520;0.12440785;0.00000000;0.00000000
260;26.00000000;0.00000000;6.33114872;-0.14922007;1.62066377;1.50890173;2.04411579;0.15672891;0.00000000;0.00000000
261;26.10000000;0.00000000;6.28483828;-0.06065935;1.61565028;1.52039365;2.06150098;0.14262389;0.00000000;0.00000000
262;26.20000000;0.00000000;6.23695775;0.02707059;1.61835071;1.53656752;2.07264057;0.04354981;0.00000000;0.00000000
263;26.30000000;0.00000000;6.18868242;0.11458384;1.62148905;1.54639516;2.07021094;-0.01349199;0.00000000;0.00000000
264;26.40000000;0.00000000;6.14122832;0.20254620;1.62459788;1.52763487;2.06994217;0.07263393;0.00000000;0.00000000
265;26.50000000;0.00000000;6.09299946;0.29008645;1.63470146;1.51436997;2.08473773;0.14449830;0.00000000;0.00000000
266;26.60000000;0.00000000;6.04296437;0.37660494;1.64245411;1.50555528;2.09884183;0.12460866;0.00000000;0.00000000
267;26.70000000;0.00000000;5.99228593;0.46274970;1.63926104;1.50260392;2.10965946;0.11471919;0.00000000;0.00000000
268;26.80000000;0.00000000;5.94039235;0.54816296;1.63482330;1.50487729;2.12178567;0.10631919;0.00000000;0.00000000
269;26.90000000;0.00000000;5.88763978;0.63305356;1.61717392;1.51276195;2.13092330;0.09841310;0.00000000;0.00000000
270;27.00000000;0.00000000;5.83419320;0.71750545;1.60638209;1.51869728;2.14146829;0.09225984;0.00000000;0.00000000
271;27.10000000;0.00000000;5.77966202;0.80126496;1.60305215;1.51279962;2.14937527;0.05448317;0.00000000;0.00000000
272;27.20000000;0.00000000;5.72488483;0.88486388;1.60624081;1.51319993;2.15236492;0.05596525;0.00000000;0.00000000
273;27.30000000;0.00000000;5.66985378;0.96829588;1.61591940;1.51988324;2.16056832;0.08994983;0.00000000;0.00000000
274;27.40000000;0.00000000;5.61371377;1.05098288;1.63298415;1.53174742;2.17035489;0.08557525;0.00000000;0.00000000
275;27.50000000;0.00000000;5.55706047;1.13332168;1.63328166;1.54797497;2.17768337;0.08210947;0.00000000;0.00000000
276;27.60000000;0.00000000;5.49971499;1.21517638;1.61597328;1.54028931;2.18677678;0.07520700;0.00000000;0.00000000
277;27.70000000;0.00000000;5.44157358;1.29647144;1.60125326;1.53809612;2.19272477;0.06787382;0.00000000;0.00000000
278;27.80000000;0.00000000;5.38325680;1.37764044;1.59289675;1.54214461;2.20035155;0.07086795;0.00000000;0.00000000
279;27.90000000;0.00000000;5.32388214;1.45803924;1.59209643;1.52702168;2.20689836;0.03219649;0.00000000;0.00000000
280;28.00000000;0.00000000;5.26450740;1.53843799;1.59756094;1.51834078;2.20679085;0.01060791;0.00000000;0.00000000
281;28.10000000;0.00000000;5.20515003;1.61884957;1.60920502;1.51623428;2.20901994;0.04423185;0.00000000;0.00000000
282;28.20000000;0.00000000;5.14541832;1.69898164;1.59549973;1.52024199;2.21563722;0.07494026;0.00000000;0.00000000
283;28.30000000;0.00000000;5.08500255;1.77859985;1.58240570;1.52993076;2.22400799;0.08650960;0.00000000;0.00000000
284;28.40000000;0.00000000;5.02393691;1.85772181;1.57637249;1.54270392;2.23293913;0.08482322;0.00000000;0.00000000
285;28.50000000;0.00000000;4.96210810;1.93624898;1.57763143;1.55697781;2.24097263;0.05284874;0.00000000;0.00000000
286;28.60000000;0.00000000;4.89977938;2.01437932;1.58583786;1.57316786;2.24350888;-0.00078575;0.00000000;0.00000000
287;28.70000000;0.00000000;4.83755323;2.09259162;1.60012727;1.57788619;2.24081548;-0.02607358;0.00000000;0.00000000
288;28.80000000;0.00000000;4.77564619;2.17105670;1.59341461;1.58929278;2.23829417;0.02333031;0.00000000;0.00000000
289;28.90000000;0.00000000;4.71381624;2.24958049;1.58161907;1.60107252;2.24548155;0.06015244;0.00000000;0.00000000
290;29.00000000;0.00000000;4.65078752;2.32714787;1.57335207;1.61133418;2.25032466;0.03770522;0.00000000;0.00000000
291;29.10000000;0.00000000;4.58819874;2.40507048;1.57084578;1.62215674;2.25302259;0.04630227;0.00000000;0.00000000
292;29.20000000;0.00000000;4.52475430;2.48229431;1.57579334;1.63188389;2.25958511;0.03047349;0.00000000;0.00000000
293;29.30000000;0.00000000;4.46114850;2.55938842;1.58723708;1.61468781;2.25911729;-0.00295159;0.00000000;0.00000000
294;29.40000000;0.00000000;4.39777449;2.63667382;1.60201143;1.58982323;2.25899479;0.01042726;0.00000000;0.00000000
295;29.50000000;0.00000000;4.33418720;2.71378397;1.59244686;1.57066278;2.26120274;0.01756732;0.00000000;0.00000000
296;29.60000000;0.00000000;4.27047246;2.79078884;1.58304706;1.55752733;2.26250826;0.01074156;0.00000000;0.00000000
297;29.70000000;0.00000000;4.20668406;2.86773269;1.57374264;1.55063967;2.26335105;-0.00135939;0.00000000;0.00000000
298;29.80000000;0.00000000;4.14283961;2.94463005;1.56813810;1.55010592;2.26223638;-0.03475863;0.00000000;0.00000000
299;29.90000000;0.00000000;4.07922382;3.02171482;1.56082306;1.55629937;2.25639932;-0.05458829;0.00000000;0.00000000
300;30.00000000;0.00000000;4.01628141;3.09935224;1.54499158;1.56669114;2.25131872;-0.03318675;0.00000000;0.00000000
301;30.10000000;0.00000000;3.95345126;3.17708056;1.53447354;1.58018773;2.24976197;-0.03374598;0.00000000;0.00000000
302;30.20000000;0.00000000;3.89075088;3.25491356;1.52465512;1.59454393;2.24456952;-0.05137752;0.00000000;0.00000000
303;30.30000000;0.00000000;3.82873270;3.33328841;1.52048220;1.60014755;2.23948647;-0.01611062;0.00000000;0.00000000
304;30.40000000;0.00000000;3.76682749;3.41175392;1.52272665;1.61187285;2.24134740;0.01511204;0.00000000;0.00000000
305;30.50000000;0.00000000;3.70451670;3.48989909;1.53201720;1.61971207;2.24250888;-0.01093572;0.00000000;0.00000000
306;30.60000000;0.00000000;3.64242868;3.56822147;1.54743986;1.60792355;2.23916025;-0.03514030;0.00000000;0.00000000
307;30.70000000;0.00000000;3.58064260;3.64678224;1.54781640;1.60267913;2.23548082;-0.03671433;0.00000000;0.00000000
308;30.80000000;0.00000000;3.51913273;3.72555926;1.55102941;1.60241222;2.23181739;-0.03819494;0.00000000;0.00000000
309;30.90000000;0.00000000;3.45792409;3.80457039;1.56027121;1.60438350;2.22784183;-0.03746311;0.00000000;0.00000000
310;31.00000000;0.00000000;3.39704262;3.88383386;1.56923730;1.61296941;2.22432477;-0.01299779;0.00000000;0.00000000
311;31.10000000;0.00000000;3.33639117;3.96327369;1.56010464;1.62794390;2.22524227;-0.00197184;0.00000000;0.00000000
312;31.20000000;0.00000000;3.27536415;4.04242557;1.55781901;1.61550000;2.22393040;-0.04173309;0.00000000;0.00000000
313;31.30000000;0.00000000;3.21492137;4.12202423;1.56120490;1.59385244;2.21689565;-0.05226509;0.00000000;0.00000000
314;31.40000000;0.00000000;3.15501440;4.20202630;1.57028968;1.57891463;2.21347738;-0.01875264;0.00000000;0.00000000
315;31.50000000;0.00000000;3.09511721;4.28203631;1.57803289;1.57022130;2.21314512;-0.01885861;0.00000000;0.00000000
316;31.60000000;0.00000000;3.03526340;4.36207821;1.57576771;1.56791767;2.20970566;-0.05121798;0.00000000;0.00000000
317;31.70000000;0.00000000;2.97591810;4.44249822;1.57920275;1.57260997;2.20290153;-0.07273778;0.00000000;0.00000000
318;31.80000000;0.00000000;2.91715862;4.52334773;1.58820892;1.58432763;2.19515810;-0.07810321;0.00000000;0.00000000
319;31.90000000;0.00000000;2.85906576;4.60467724;1.59643724;1.60076941;2.18728089;-0.09766722;0.00000000;0.00000000
320;32.00000000;0.00000000;2.80158774;4.68644173;1.59280124;1.61593404;2.17562466;-0.13417618;0.00000000;0.00000000
321;32.10000000;0.00000000;2.74541030;4.76909779;1.59385519;1.59611209;2.16044565;-0.12634919;0.00000000;0.00000000
322;32.20000000;0.00000000;2.69044080;4.85256878;1.59970885;1.58381488;2.15035482;-0.06062022;0.00000000;0.00000000
323;32.30000000;0.00000000;2.63593910;4.93634746;1.60104181;1.57832505;2.14832160;-0.03301325;0.00000000;0.00000000
324;32.40000000;0.00000000;2.58130900;5.02004202;1.59995287;1.57900110;2.14375217;-0.04807626;0.00000000;0.00000000
325;32.50000000;0.00000000;2.52757517;5.10431535;1.59963928;1.58704871;2.13870635;-0.04706485;0.00000000;0.00000000
326;32.60000000;0.00000000;2.47379221;5.18855734;1.59596253;1.60124875;2.13433920;-0.05053949;0.00000000;0.00000000
327;32.70000000;0.00000000;2.42079726;5.27329555;1.58956153;1.62240073;2.12859845;-0.06117663;0.00000000;0.00000000
328;32.80000000;0.00000000;2.36798506;5.35814945;1.58921563;1.62279471;2.12210387;-0.09604685;0.00000000;0.00000000
329;32.90000000;0.00000000;2.31609892;5.44356285;1.58947612;1.61150817;2.10938908;-0.09835732;0.00000000;0.00000000
330;33.00000000;0.00000000;2.26546126;5.52973213;1.57542164;1.59582824;2.10243241;-0.03198770;0.00000000;0.00000000
331;33.10000000;0.00000000;2.21476424;5.61586650;1.56769469;1.58623379;2.10299154;-0.03217625;0.00000000;0.00000000
332;33.20000000;0.00000000;2.16403024;5.70197911;1.56636298;1.58286141;2.09599716;-0.07536340;0.00000000;0.00000000
333;33.30000000;0.00000000;2.11454313;5.78881410;1.56996302;1.58723134;2.08791886;-0.05747962;0.00000000;0.00000000
334;33.40000000;0.00000000;2.06520699;5.87573509;1.57871113;1.58198882;2.08450124;-0.03475375;0.00000000;0.00000000
335;33.50000000;0.00000000;2.01631475;5.96290598;1.57666401;1.57038311;2.08096811;-0.03868471;0.00000000;0.00000000
336;33.60000000;0.00000000;1.96759403;6.05017345;1.58074915;1.56528337;2.07676429;-0.06012807;0.00000000;0.00000000
337;33.70000000;0.00000000;1.91943754;6.13775029;1.58346828;1.56719921;2.06894250;-0.07294031;0.00000000;0.00000000
338;33.80000000;0.00000000;1.87208790;6.22576917;1.58690454;1.57637952;2.06217623;-0.07673391;0.00000000;0.00000000
339;33.90000000;0.00000000;1.82512051;6.31399045;1.59617296;1.59221915;2.05359572;-0.07592350;0.00000000;0.00000000
340;34.00000000;0.00000000;1.77928823;6.40280892;1.59770883;1.59944109;2.04699153;-0.03526779;0.00000000;0.00000000
341;34.10000000;0.00000000;1.73348929;6.49164458;1.58912406;1.59397711;2.04654216;-0.03459760;0.00000000;0.00000000
342;34.20000000;0.00000000;1.68773685;6.58050421;1.58674813;1.59482275;2.04007201;-0.06678432;0.00000000;0.00000000
343;34.30000000;0.00000000;1.64309189;6.66992386;1.58942254;1.60314958;2.03318530;-0.06045945;0.00000000;0.00000000
344;34.40000000;0.00000000;1.59856765;6.75940519;1.59821987;1.60440741;2.02798012;-0.06347645;0.00000000;0.00000000
345;34.50000000;0.00000000;1.55485652;6.84928367;1.59767797;1.59733432;2.02049001;-0.05401538;0.00000000;0.00000000
346;34.60000000;0.00000000;1.51167766;6.93942192;1.58849522;1.59709091;2.01717704;-0.02002048;0.00000000;0.00000000
347;34.70000000;0.00000000;1.46856191;7.02959037;1.58550182;1.59720121;2.01648591;-0.00674485;0.00000000;0.00000000
348;34.80000000;0.00000000;1.42550768;7.11978821;1.58873452;1.57440199;2.01582807;-0.01298674;0.00000000;0.00000000
349;34.90000000;0.00000000;1.38251060;7.21001332;1.59816038;1.55238318;2.01388856;-0.08856509;0.00000000;0.00000000
350;35.00000000;0.00000000;1.33980824;7.30037400;1.61341355;1.53688475;1.99811506;-0.15049495;0.00000000;0.00000000
351;35.10000000;0.00000000;1.29967835;7.39191040;1.63085215;1.53060587;1.98378957;-0.07297818;0.00000000;0.00000000
352;35.20000000;0.00000000;1.25958058;7.48346086;1.61004306;1.53087551;1.98351942;-0.00191667;0.00000000;0.00000000
353;35.30000000;0.00000000;1.21950016;7.57501892;1.58923577;1.53649406;1.98340624;-0.00029195;0.00000000;0.00000000
354;35.40000000;0.00000000;1.17942311;7.66657846;1.57450599;1.53776226;1.98346103;-0.02214612;0.00000000;0.00000000
355;35.50000000;0.00000000;1.13933265;7.75813213;1.56604352;1.54549189;1.97897701;-0.06324503;0.00000000;0.00000000
356;35.60000000;0.00000000;1.10007953;7.85004457;1.56302451;1.55980713;1.97081202;-0.05446305;0.00000000;0.00000000
357;35.70000000;0.00000000;1.06148941;7.94224066;1.55985786;1.56046858;1.96808440;0.00084233;0.00000000;0.00000000
358;35.80000000;0.00000000;1.02273727;8.03436828;1.56316826;1.55915622;1.97098049;0.01749104;0.00000000;0.00000000
359;35.90000000;0.00000000;0.98361378;8.12633932;1.57323527;1.56384017;1.97158261;-0.04045089;0.00000000;0.00000000
360;36.00000000;0.00000000;0.94475133;8.21841878;1.58925742;1.57514539;1.96289031;-0.11595506;0.00000000;0.00000000
361;36.10000000;0.00000000;0.90723301;8.31105485;1.60618910;1.57271436;1.94839160;-0.14517457;0.00000000;0.00000000
362;36.20000000;0.00000000;0.87105605;8.40422376;1.60197704;1.56433735;1.93385540;-0.10839823;0.00000000;0.00000000
363;36.30000000;0.00000000;0.83624592;8.49791247;1.59757753;1.56378429;1.92671195;-0.07243616;0.00000000;0.00000000
364;36.40000000;0.00000000;0.80140353;8.59158918;1.59945807;1.56957391;1.91936816;-0.07933075;0.00000000;0.00000000
365;36.50000000;0.00000000;0.76797355;8.68577799;1.60446322;1.58315357;1.91084580;-0.04796704;0.00000000;0.00000000
366;36.60000000;0.00000000;0.73473282;8.78003494;1.59767153;1.59670050;1.90977476;-0.00464379;0.00000000;0.00000000
367;36.70000000;0.00000000;0.70150431;8.87429620;1.58189603;1.61127079;1.90991704;0.00424276;0.00000000;0.00000000
368;36.80000000;0.00000000;0.66823676;8.96854368;1.57236903;1.59170745;1.91062331;-0.01648562;0.00000000;0.00000000
369;36.90000000;0.00000000;0.63487515;9.06275790;1.56926270;1.57803683;1.90661992;-0.05699221;0.00000000;0.00000000
370;37.00000000;0.00000000;0.60236423;9.15726598;1.57161696;1.57151926;1.89922487;-0.07071692;0.00000000;0.00000000
371;37.10000000;0.00000000;0.57039962;9.25196330;1.57778679;1.57192220;1.89247654;-0.07344530;0.00000000;0.00000000
372;37.20000000;0.00000000;0.53916732;9.34690117;1.55629627;1.57943184;1.88453580;-0.05879979;0.00000000;0.00000000
373;37.30000000;0.00000000;0.50871059;9.44209417;1.54019002;1.59399272;1.88071658;-0.02977775;0.00000000;0.00000000
374;37.40000000;0.00000000;0.47820337;9.53727098;1.53050747;1.61456896;1.87858026;-0.04844696;0.00000000;0.00000000
375;37.50000000;0.00000000;0.44815451;9.63259051;1.52683771;1.61393851;1.87102719;-0.07234004;0.00000000;0.00000000
376;37.60000000;0.00000000;0.41908845;9.72821729;1.52867505;1.61406594;1.86411225;-0.07489077;0.00000000;0.00000000
377;37.70000000;0.00000000;0.39036060;9.82394362;1.53667260;1.61026337;1.85604903;-0.07589478;0.00000000;0.00000000
378;37.80000000;0.00000000;0.36284035;9.92002666;1.53349147;1.60121981;1.84893329;-0.04558030;0.00000000;0.00000000
379;37.90000000;0.00000000;0.33547703;10.01615448;1.52885253;1.59854996;1.84693297;-0.02345436;0.00000000;0.00000000
380;38.00000000;0.00000000;0.30834140;10.11234686;1.53050289;1.60235898;1.84424242;-0.06390939;0.00000000;0.00000000
381;38.10000000;0.00000000;0.28149611;10.20861920;1.53835805;1.61266468;1.83415109;-0.09775714;0.00000000;0.00000000
382;38.20000000;0.00000000;0.25630728;10.30533963;1.53050127;1.63072920;1.82469099;-0.09759868;0.00000000;0.00000000
383;38.30000000;0.00000000;0.23128793;10.40210365;1.52523074;1.63524585;1.81463136;-0.09919038;0.00000000;0.00000000
384;38.40000000;0.00000000;0.20805000;10.49931125;1.52466533;1.62182306;1.80485292;-0.09687378;0.00000000;0.00000000
385;38.50000000;0.00000000;0.18492764;10.59654641;1.53052161;1.61460616;1.79525660;-0.14104687;0.00000000;0.00000000
386;38.60000000;0.00000000;0.16355967;10.69418149;1.54106371;1.61535825;1.77664354;-0.14817826;0.00000000;0.00000000
387;38.70000000;0.00000000;0.14407239;10.79220877;1.55435527;1.62418878;1.76562095;-0.10643393;0.00000000;0.00000000
388;38.80000000;0.00000000;0.12486171;10.89029172;1.54499027;1.63935499;1.75535675;-0.10336827;0.00000000;0.00000000
389;38.90000000;0.00000000;0.10739086;10.98869777;1.54029018;1.64334675;1.74494730;-0.10176178;0.00000000;0.00000000
390;39.00000000;0.00000000;0.09022616;11.08715938;1.53638990;1.65006728;1.73500440;-0.09952141;0.00000000;0.00000000
391;39.10000000;0.00000000;0.07471560;11.18589300;1.53658436;1.66443210;1.72504302;-0.05648655;0.00000000;0.00000000
392;39.20000000;0.00000000;0.05951578;11.28467703;1.54037815;1.65964115;1.72370709;-0.04072613;0.00000000;0.00000000
393;39.30000000;0.00000000;0.04426876;11.38345378;1.52278660;1.64613327;1.71689779;-0.11317690;0.00000000;0.00000000
394;39.40000000;0.00000000;0.03041590;11.48243364;1.51020888;1.63590667;1.70107171;-0.09445957;0.00000000;0.00000000
395;39.50000000;0.00000000;0.01830276;11.58164112;1.50242762;1.63163636;1.69800588;-0.01714234;0.00000000;0.00000000
396;39.60000000;0.00000000;0.00505712;11.68070367;1.50241554;1.63234074;1.69764324;-0.04241967;0.00000000;0.00000000
397;39.70000000;0.00000000;-0.00698399;11.77991936;1.50782841;1.64035763;1.68952194;-0.08702490;0.00000000;0.00000000
398;39.80000000;0.00000000;-0.01861921;11.87918637;1.51940452;1.65478783;1.68023826;-0.12909305;0.00000000;0.00000000
399;39.90000000;0.00000000;-0.02881616;11.97860867;1.52957865;1.67125235;1.66370333;-0.17726957;0.00000000;0.00000000
400;40.00000000;0.00000000;-0.03716264;12.07820313;1.53790904;1.66290291;1.64478435;-0.15414946;0.00000000;0.00000000
401;40.10000000;0.00000000;-0.04359123;12.17793952;1.54432709;1.65647259;1.63287344;-0.10672446;0.00000000;0.00000000
402;40.20000000;0.00000000;-0.04956323;12.27770752;1.55028986;1.65049913;1.62343945;-0.05781857;0.00000000;0.00000000
403;40.30000000;0.00000000;-0.05410895;12.37754777;1.55482929;1.64595254;1.62130973;-0.01240555;0.00000000;0.00000000
404;40.40000000;0.00000000;-0.05965580;12.47733742;1.56036793;1.64040441;1.62095834;-0.03936343;0.00000000;0.00000000
405;40.50000000;0.00000000;-0.06413134;12.57718051;1.56483741;1.63592803;1.61343704;-0.08234976;0.00000000;0.00000000
406;40.60000000;0.00000000;-0.06817665;12.67704519;1.56887755;1.63188205;1.60448839;-0.08564827;0.00000000;0.00000000
407;40.70000000;0.00000000;-0.07086463;12.77695286;1.57156227;1.62919372;1.59630739;-0.03981673;0.00000000;0.00000000
408;40.80000000;0.00000000;-0.07327551;12.87687033;1.57397033;1.62678256;1.59652505;-0.01552145;0.00000000;0.00000000
409;40.90000000;0.00000000;-0.07600705;12.97677946;1.57669866;1.62405068;1.59320310;-0.07652808;0.00000000;0.00000000
410;41.00000000;0.00000000;-0.07775400;13.07670904;1.57844345;1.62230353;1.58121943;-0.09771641;0.00000000;0.00000000
411;41.10000000;0.00000000;-0.07809043;13.17665326;1.57877878;1.62196697;1.57365981;-0.03314165;0.00000000;0.00000000
412;41.20000000;0.00000000;-0.07832638;13.27659948;1.57901373;1.62173090;1.57459110;-0.01461518;0.00000000;0.00000000
413;41.30000000;0.00000000;-0.07884897;13.37654462;1.57953516;1.62120820;1.57073678;-0.04497823;0.00000000;0.00000000
414;41.40000000;0.00000000;-0.07831448;13.47648783;1.57899991;1.62174253;1.56559546;-0.04610241;0.00000000;0.00000000
415;41.50000000;0.00000000;-0.07780937;13.57643292;1.57849409;1.62224749;1.56151630;-0.07301977;0.00000000;0.00000000
416;41.60000000;0.00000000;-0.07645952;13.67636896;1.57714363;1.62359708;1.55099150;-0.08258005;0.00000000;0.00000000
417;41.70000000;0.00000000;-0.07385092;13.77628006;1.57453422;1.62620518;1.54500029;-0.05409400;0.00000000;0.00000000
418;41.80000000;0.00000000;-0.07130369;13.87619397;1.57198625;1.62875193;1.54017270;-0.04975490;0.00000000;0.00000000
419;41.90000000;0.00000000;-0.06773057;13.97607463;1.56841185;1.63232427;1.53504931;-0.04665808;0.00000000;0.00000000
420;42.00000000;0.00000000;-0.06415970;14.07595720;1.56483977;1.63589437;1.53084109;-0.07346115;0.00000000;0.00000000
421;42.10000000;0.00000000;-0.05974605;14.17580483;1.56042423;1.63386304;1.52035708;-0.11485585;0.00000000;0.00000000
422;42.20000000;0.00000000;-0.05408186;14.27558934;1.55475683;1.60877659;1.50786992;-0.08762843;0.00000000;0.00000000
423;42.30000000;0.00000000;-0.04717621;14.37529563;1.54784622;1.59081800;1.50283139;-0.03355566;0.00000000;0.00000000
424;42.40000000;0.00000000;-0.04050673;14.47501895;1.54117217;1.57875734;1.50115878;-0.01506531;0.00000000;0.00000000
425;42.50000000;0.00000000;-0.03326755;14.57470207;1.54010429;1.57353823;1.49981833;0.01971563;0.00000000;0.00000000
426;42.60000000;0.00000000;-0.02633074;14.67440711;1.54581460;1.57435538;1.50510191;0.03251916;0.00000000;0.00000000
427;42.70000000;0.00000000;-0.02014529;14.77416156;1.55867268;1.58054423;1.50632216;-0.02988919;0.00000000;0.00000000
428;42.80000000;0.00000000;-0.01345186;14.87388288;1.57452265;1.58724181;1.49912407;-0.08189859;0.00000000;0.00000000
429;42.90000000;0.00000000;-0.00583104;14.97353767;1.59249844;1.59486835;1.48994244;-0.09060284;0.00000000;0.00000000
430;43.00000000;0.00000000;0.00269238;15.07311935;1.59737906;1.60154059;1.48100350;-0.05693393;0.00000000;0.00000000
431;43.10000000;0.00000000;0.01209351;15.17262204;1.58798291;1.58162528;1.47855566;-0.01546741;0.00000000;0.00000000
432;43.20000000;0.00000000;0.02110435;15.27216084;1.57897687;1.56745062;1.47791002;-0.00711693;0.00000000;0.00000000
433;43.30000000;0.00000000;0.03063392;15.37165095;1.57158794;1.56008543;1.47713227;-0.00178374;0.00000000;0.00000000
434;43.40000000;0.00000000;0.03979957;15.47117550;1.57090280;1.55377200;1.47755327;-0.02340097;0.00000000;0.00000000
435;43.50000000;0.00000000;0.04924542;15.57067412;1.57628584;1.55303338;1.47245208;-0.06157108;0.00000000;0.00000000
436;43.60000000;0.00000000;0.05942599;15.67010029;1.58722312;1.55945137;1.46523906;-0.07039539;0.00000000;0.00000000
437;43.70000000;0.00000000;0.07030619;15.76945238;1.60363449;1.57033499;1.45837300;-0.06693357;0.00000000;0.00000000
438;43.80000000;0.00000000;0.08185110;15.86872946;1.61830129;1.58188398;1.45185234;-0.03448191;0.00000000;0.00000000
439;43.90000000;0.00000000;0.09402603;15.96793130;1.60611700;1.56603489;1.45147662;0.00806113;0.00000000;0.00000000
440;44.00000000;0.00000000;0.10564543;16.06719879;1.59448928;1.55047665;1.45346457;-0.01286141;0.00000000;0.00000000
441;44.10000000;0.00000000;0.11742582;16.16644800;1.58711273;1.54141719;1.44890433;-0.05929065;0.00000000;0.00000000
442;44.20000000;0.00000000;0.12995019;16.26560614;1.58526315;1.53955892;1.44160644;-0.03985415;0.00000000;0.00000000
443;44.30000000;0.00000000;0.14317791;16.36467296;1.58900017;1.54488780;1.44093350;0.01609115;0.00000000;0.00000000
444;44.40000000;0.00000000;0.15583556;16.46381292;1.59955728;1.55606011;1.44482467;0.04231279;0.00000000;0.00000000
445;44.50000000;0.00000000;0.16829197;16.56298005;1.61643677;1.56850154;1.44939606;0.04521413;0.00000000;0.00000000
446;44.60000000;0.00000000;0.18004264;16.66223127;1.62052054;1.57657422;1.45386749;0.01464427;0.00000000;0.00000000
447;44.70000000;0.00000000;0.19161171;16.76150569;1.60897430;1.55683501;1.45232492;-0.03104390;0.00000000;0.00000000
448;44.80000000;0.00000000;0.20366876;16.86072209;1.59730727;1.54381735;1.44765871;-0.04416236;0.00000000;0.00000000
449;44.90000000;0.00000000;0.21616380;16.95988432;1.58829228;1.53764223;1.44349245;-0.03917505;0.00000000;0.00000000
450;45.00000000;0.00000000;0.22904716;17.05899691;1.58207094;1.53834237;1.43982370;-0.03421094;0.00000000;0.00000000
451;45.10000000;0.00000000;0.24226947;17.15806488;1.58180971;1.54585912;1.43665026;-0.00503242;0.00000000;0.00000000
452;45.20000000;0.00000000;0.25578164;17.25709378;1.58756074;1.55625694;1.43881722;0.03957321;0.00000000;0.00000000
453;45.30000000;0.00000000;0.26857413;17.35621557;1.60026487;1.56906635;1.44456490;0.03030582;0.00000000;0.00000000
454;45.40000000;0.00000000;0.28094705;17.45539314;1.61907291;1.58145509;1.44487838;-0.01509593;0.00000000;0.00000000
455;45.50000000;0.00000000;0.29367772;17.55452548;1.60634679;1.57492377;1.44154571;-0.03058027;0.00000000;0.00000000
456;45.60000000;0.00000000;0.30671143;17.65361847;1.59584705;1.55895917;1.43876233;-0.02509722;0.00000000;0.00000000
457;45.70000000;0.00000000;0.31999376;17.75267848;1.59131581;1.54954080;1.43652627;-0.01963207;0.00000000;0.00000000
458;45.80000000;0.00000000;0.33347050;17.85171226;1.59285861;1.54673370;1.43483591;-0.01699897;0.00000000;0.00000000
459;45.90000000;0.00000000;0.34708764;17.95072685;1.60051202;1.55051946;1.43312648;-0.02268099;0.00000000;0.00000000
460;46.00000000;0.00000000;0.36090288;18.04971391;1.61413164;1.56090783;1.43029972;-0.03381427;0.00000000;0.00000000
461;46.10000000;0.00000000;0.37507956;18.14864969;1.62514383;1.57508747;1.42636362;-0.03941091;0.00000000;0.00000000
462;46.20000000;0.00000000;0.38967359;18.24752483;1.61053379;1.58968531;1.42241753;-0.03673203;0.00000000;0.00000000
463;46.30000000;0.00000000;0.40463065;18.34634576;1.59556039;1.57506864;1.41901721;-0.03128789;0.00000000;0.00000000
464;46.40000000;0.00000000;0.41989677;18.44511947;1.58491717;1.56357322;1.41615996;-0.00753033;0.00000000;0.00000000
465;46.50000000;0.00000000;0.43541830;18.54385339;1.58027641;1.55867425;1.41751115;0.03808460;0.00000000;0.00000000
466;46.60000000;0.00000000;0.45041702;18.64266527;1.58133235;1.55964751;1.42377688;0.04164872;0.00000000;0.00000000
467;46.70000000;0.00000000;0.46470010;18.74158586;1.58457435;1.56628778;1.42584089;-0.00375726;0.00000000;0.00000000
468;46.80000000;0.00000000;0.47929119;18.84046154;1.59377972;1.57954528;1.42302543;-0.02517135;0.00000000;0.00000000
469;46.90000000;0.00000000;0.49413106;18.93930023;1.60638788;1.57757385;1.42080662;-0.01921448;0.00000000;0.00000000
470;47.00000000;0.00000000;0.50916079;19.03811025;1.59189683;1.56759557;1.41918253;0.00211300;0.00000000;0.00000000
471;47.10000000;0.00000000;0.52432164;19.13690026;1.58346081;1.56037850;1.42122922;0.04872261;0.00000000;0.00000000
472;47.20000000;0.00000000;0.53894629;19.23576783;1.58185107;1.55673031;1.42892705;0.05919274;0.00000000;0.00000000
473;47.30000000;0.00000000;0.55258449;19.33477950;1.58754181;1.55849658;1.43306777;0.01386787;0.00000000;0.00000000
474;47.40000000;0.00000000;0.56639031;19.43376795;1.59930252;1.56681824;1.43170062;-0.01041344;0.00000000;0.00000000
475;47.50000000;0.00000000;0.58029919;19.53274199;1.61706450;1.58074652;1.43098508;-0.01882333;0.00000000;0.00000000
476;47.60000000;0.00000000;0.59424667;19.63171061;1.60576834;1.59471379;1.42793596;-0.06216810;0.00000000;0.00000000
477;47.70000000;0.00000000;0.60875833;19.73059436;1.59126186;1.58884545;1.41855146;-0.06933642;0.00000000;0.00000000
478;47.80000000;0.00000000;0.62456074;19.82928378;1.57805336;1.57600556;1.41406868;0.01646927;0.00000000;0.00000000
479;47.90000000;0.00000000;0.63995850;19.92803428;1.57151350;1.56902921;1.42184532;0.06331288;0.00000000;0.00000000
480;48.00000000;0.00000000;0.65422414;20.02695750;1.57246075;1.56725849;1.42673125;0.01762119;0.00000000;0.00000000
481;48.10000000;0.00000000;0.66865660;20.12585654;1.57957585;1.57202182;1.42536956;-0.01037098;0.00000000;0.00000000
482;48.20000000;0.00000000;0.68319159;20.22474058;1.59284020;1.58319596;1.42465706;-0.00388212;0.00000000;0.00000000
483;48.30000000;0.00000000;0.69776497;20.32361896;1.60245772;1.57770921;1.42459313;0.00139241;0.00000000;0.00000000
484;48.40000000;0.00000000;0.71231261;20.42250114;1.58789410;1.56544102;1.42493554;-0.00001515;0.00000000;0.00000000
485;48.50000000;0.00000000;0.72681826;20.52138948;1.57337302;1.55945220;1.42459010;-0.01006631;0.00000000;0.00000000
486;48.60000000;0.00000000;0.74143421;20.62026153;1.55874190;1.55996890;1.42292228;-0.01781832;0.00000000;0.00000000
487;48.70000000;0.00000000;0.75626964;20.71910092;1.54856254;1.56529708;1.42102644;-0.00850643;0.00000000;0.00000000
488;48.80000000;0.00000000;0.77126037;20.81791689;1.54463878;1.57277666;1.42122099;0.03971660;0.00000000;0.00000000
489;48.90000000;0.00000000;0.78605706;20.91676013;1.54737055;1.58633621;1.42896975;0.06812021;0.00000000;0.00000000
490;49.00000000;0.00000000;0.79951466;21.01579652;1.55786992;1.59977452;1.43484503;0.02221330;0.00000000;0.00000000
491;49.10000000;0.00000000;0.81314914;21.11480873;1.57448065;1.60342576;1.43341242;-0.01701913;0.00000000;0.00000000
492;49.20000000;0.00000000;0.82689045;21.21380618;1.57419742;1.58667151;1.43144121;-0.05878922;0.00000000;0.00000000
493;49.30000000;0.00000000;0.84091489;21.31276187;1.56701629;1.57637484;1.42165457;-0.08941985;0.00000000;0.00000000
494;49.40000000;0.00000000;0.85659113;21.41147140;1.56452315;1.57404615;1.41355724;-0.00303929;0.00000000;0.00000000
495;49.50000000;0.00000000;0.87221635;21.51018779;1.56845935;1.57800547;1.42104671;0.06834965;0.00000000;0.00000000
496;49.60000000;0.00000000;0.88641234;21.60912104;1.58015702;1.58682290;1.42722717;0.02214812;0.00000000;0.00000000
497;49.70000000;0.00000000;0.90081634;21.70802424;1.59782643;1.58051406;1.42547634;-0.01679785;0.00000000;0.00000000
498;49.80000000;0.00000000;0.91535867;21.80690720;1.58737799;1.56641645;1.42386760;-0.05805499;0.00000000;0.00000000
499;49.90000000;0.00000000;0.93008067;21.90576254;1.58161902;1.55879477;1.41386534;-0.09935058;0.00000000;0.00000000
500;50.00000000;0.00000000;0.94659805;22.00433481;1.57517630;1.55937904;1.40399748;-0.05548977;0.00000000;0.00000000
501;50.10000000;0.00000000;0.96326821;22.10288137;1.57398084;1.56650768;1.40276739;-0.00910191;0.00000000;0.00000000
502;50.20000000;0.00000000;0.98002805;22.20141272;1.57903241;1.58002903;1.40217710;-0.00266770;0.00000000;0.00000000
503;50.30000000;0.00000000;0.99681455;22.29993953;1.59033473;1.59550528;1.40223385;0.00381209;0.00000000;0.00000000
504;50.40000000;0.00000000;1.01356320;22.39847278;1.58665553;1.58291583;1.40293952;0.01026583;0.00000000;0.00000000
505;50.50000000;0.00000000;1.03021062;22.49702319;1.56998716;1.57310738;1.40428701;0.01668093;0.00000000;0.00000000
506;50.60000000;0.00000000;1.04669367;22.59560121;1.55820580;1.56944786;1.40627570;0.01785828;0.00000000;0.00000000
507;50.70000000;0.00000000;1.06294899;22.69421704;1.55301204;1.57191614;1.40785867;0.00838692;0.00000000;0.00000000
508;50.80000000;0.00000000;1.07911987;22.79284676;1.55432681;1.58062777;1.40795309;-0.00158714;0.00000000;0.00000000
509;50.90000000;0.00000000;1.09535656;22.89146566;1.56198233;1.58608914;1.40754124;-0.00123721;0.00000000;0.00000000
510;51.00000000;0.00000000;1.11160867;22.99008203;1.57593650;1.57161838;1.40770565;0.00485229;0.00000000;0.00000000
511;51.10000000;0.00000000;1.12781294;23.08870626;1.57326186;1.56336724;1.40851170;0.01127252;0.00000000;0.00000000
512;51.20000000;0.00000000;1.14390605;23.18734869;1.56397166;1.56137018;1.40996015;-0.02338237;0.00000000;0.00000000
513;51.30000000;0.00000000;1.15982455;23.28601944;1.56121516;1.56558705;1.40383523;-0.06965776;0.00000000;0.00000000
514;51.40000000;0.00000000;1.17712450;23.38445569;1.56345174;1.57752961;1.39602860;-0.03954900;0.00000000;0.00000000
515;51.50000000;0.00000000;1.19458155;23.48286590;1.56917502;1.59100086;1.39592542;0.00788057;0.00000000;0.00000000
516;51.60000000;0.00000000;1.21190210;23.58130022;1.57813899;1.57947699;1.39760471;0.01972203;0.00000000;0.00000000
517;51.70000000;0.00000000;1.22902853;23.67976847;1.58250770;1.57402978;1.39986983;0.02559155;0.00000000;0.00000000
518;51.80000000;0.00000000;1.24590296;23.77828020;1.58078444;1.57466370;1.40272302;-0.00084408;0.00000000;0.00000000
519;51.90000000;0.00000000;1.26246721;23.87684452;1.58568643;1.57542998;1.39970101;-0.03320761;0.00000000;0.00000000
520;52.00000000;0.00000000;1.27993649;23.97525103;1.59593117;1.58330807;1.39608150;-0.03072389;0.00000000;0.00000000
521;52.10000000;0.00000000;1.29721375;24.07369254;1.60300117;1.59722056;1.39355624;-0.02823105;0.00000000;0.00000000
522;52.20000000;0.00000000;1.31517984;24.17200970;1.58970587;1.58488709;1.39043529;0.00068208;0.00000000;0.00000000
523;52.30000000;0.00000000;1.33307123;24.27034156;1.58269879;1.57627782;1.39369265;0.01747784;0.00000000;0.00000000
524;52.40000000;0.00000000;1.35039661;24.36877466;1.58256236;1.57340562;1.39393086;-0.00502819;0.00000000;0.00000000
525;52.50000000;0.00000000;1.36824100;24.46711419;1.58820070;1.56395158;1.39268702;0.02399495;0.00000000;0.00000000
526;52.60000000;0.00000000;1.38581110;24.56550334;1.60034979;1.55030289;1.39872985;0.04743046;0.00000000;0.00000000
527;52.70000000;0.00000000;1.40246573;24.66405147;1.59859223;1.54209216;1.40217311;0.01561759;0.00000000;0.00000000
528;52.80000000;0.00000000;1.41935786;24.76255925;1.58588531;1.54057707;1.40185337;-0.00196369;0.00000000;0.00000000
529;52.90000000;0.00000000;1.43607555;24.86109695;1.57592517;1.54536088;1.40178037;0.00306712;0.00000000;0.00000000
530;53.00000000;0.00000000;1.45298208;24.95960240;1.57207634;1.55675021;1.40246679;0.03967352;0.00000000;0.00000000
531;53.10000000;0.00000000;1.46956436;25.05816226;1.57490310;1.57000210;1.40971507;0.06923364;0.00000000;0.00000000
532;53.20000000;0.00000000;1.48504105;25.15690165;1.58515424;1.56590343;1.41631352;0.05219274;0.00000000;0.00000000
533;53.30000000;0.00000000;1.50032143;25.25567293;1.60178392;1.55219455;1.42015362;0.02041139;0.00000000;0.00000000
534;53.40000000;0.00000000;1.51503918;25.35452734;1.59632942;1.54427522;1.42039580;-0.01712539;0.00000000;0.00000000
535;53.50000000;0.00000000;1.53027090;25.45330060;1.59610151;1.54332331;1.41672854;-0.00873620;0.00000000;0.00000000
536;53.60000000;0.00000000;1.54571326;25.55204424;1.60190853;1.54904526;1.41864856;0.04392501;0.00000000;0.00000000
537;53.70000000;0.00000000;1.56056643;25.65088094;1.61448556;1.53162205;1.42551355;0.07587271;0.00000000;0.00000000
538;53.80000000;0.00000000;1.57465147;25.74982625;1.63030386;1.51847013;1.43382310;0.06756433;0.00000000;0.00000000
539;53.90000000;0.00000000;1.58786012;25.84889618;1.62791521;1.51094006;1.43902641;0.03936403;0.00000000;0.00000000
540;54.00000000;0.00000000;1.60091519;25.94798637;1.63176130;1.50984738;1.44169591;0.01517104;0.00000000;0.00000000
541;54.10000000;0.00000000;1.61359469;26.04712509;1.63635215;1.51498304;1.44206062;-0.01403806;0.00000000;0.00000000
542;54.20000000;0.00000000;1.62657725;26.14622304;1.64670326;1.52696072;1.43888830;-0.00212004;0.00000000;0.00000000
543;54.30000000;0.00000000;1.63988545;26.24527903;1.66050444;1.52389889;1.44163661;0.06226451;0.00000000;0.00000000
544;54.40000000;0.00000000;1.65232315;26.34444716;1.64888956;1.51081791;1.45134120;0.10470670;0.00000000;0.00000000
545;54.50000000;0.00000000;1.66370628;26.44374201;1.64434419;1.49968818;1.46257795;0.12003717;0.00000000;0.00000000
546;54.60000000;0.00000000;1.67391227;26.54316369;1.64704895;1.49130807;1.47534863;0.11798523;0.00000000;0.00000000
547;54.70000000;0.00000000;1.68275576;26.64271593;1.65715112;1.48823280;1.48617500;0.08190773;0.00000000;0.00000000
548;54.80000000;0.00000000;1.69080698;26.74233759;1.67395352;1.49106838;1.49173018;0.07610645;0.00000000;0.00000000
549;54.90000000;0.00000000;1.69854382;26.84198127;1.69679140;1.49880982;1.50139629;0.13142977;0.00000000;0.00000000
550;55.00000000;0.00000000;1.70466758;26.94173719;1.69533428;1.50493635;1.51801613;0.17256504;0.00000000;0.00000000
551;55.10000000;0.00000000;1.70908861;27.04158252;1.69091310;1.50935877;1.53590929;0.18591077;0.00000000;0.00000000
552;55.20000000;0.00000000;1.71163931;27.14149327;1.68836232;1.51190996;1.55519829;0.19278912;0.00000000;0.00000000
553;55.30000000;0.00000000;1.71220617;27.24143492;1.68779543;1.51247708;1.57446712;0.15613881;0.00000000;0.00000000
554;55.40000000;0.00000000;1.71090559;27.34137295;1.68909596;1.51117716;1.58642605;0.12443711;0.00000000;0.00000000
555;55.50000000;0.00000000;1.70908206;27.44130123;1.69091944;1.50935458;1.59935454;0.17223946;0.00000000;0.00000000
556;55.60000000;0.00000000;1.70519814;27.54117182;1.69480325;1.50547308;1.62087394;0.22437500;0.00000000;0.00000000
557;55.70000000;0.00000000;1.69907672;27.64093076;1.70092446;1.49935668;1.64422954;0.23751605;0.00000000;0.00000000
558;55.80000000;0.00000000;1.69053370;27.74051029;1.70946719;1.49082273;1.66837715;0.24258752;0.00000000;0.00000000
559;55.90000000;0.00000000;1.67960370;27.83985486;1.72039693;1.47990723;1.69274704;0.24758006;0.00000000;0.00000000
560;56.00000000;0.00000000;1.66621964;27.93889707;1.73378101;1.46654502;1.71789316;0.22154225;0.00000000;0.00000000
561;56.10000000;0.00000000;1.65030982;28.03756332;1.74389054;1.45066694;1.73705549;0.18089280;0.00000000;0.00000000
562;56.20000000;0.00000000;1.63314027;28.13602314;1.73129773;1.43353618;1.75407172;0.20995144;0.00000000;0.00000000
563;56.30000000;0.00000000;1.61388276;28.23408878;1.72653930;1.41534606;1.77904578;0.26920299;0.00000000;0.00000000
564;56.40000000;0.00000000;1.59182125;28.33155777;1.73042130;1.40119652;1.80791232;0.28793403;0.00000000;0.00000000
565;56.50000000;0.00000000;1.56693801;28.42834659;1.74291817;1.39118593;1.83663259;0.28747695;0.00000000;0.00000000
566;56.60000000;0.00000000;1.53931703;28.52438903;1.76377311;1.38547774;1.86540771;0.27176411;0.00000000;0.00000000
567;56.70000000;0.00000000;1.50890835;28.61958478;1.79274984;1.38405382;1.89098541;0.23356013;0.00000000;0.00000000
568;56.80000000;0.00000000;1.47640982;28.71409758;1.80684593;1.38764256;1.91211974;0.23082735;0.00000000;0.00000000
569;56.90000000;0.00000000;1.44200531;28.80792383;1.80237653;1.39637443;1.93715088;0.27590747;0.00000000;0.00000000
570;57.00000000;0.00000000;1.40482140;28.90068358;1.79284212;1.40921251;1.96730123;0.29342300;0.00000000;0.00000000
571;57.10000000;0.00000000;1.36482504;28.99226601;1.79176906;1.40647468;1.99583548;0.25740602;0.00000000;0.00000000
572;57.20000000;0.00000000;1.32240717;29.08276202;1.79155309;1.40810267;2.01878244;0.24081503;0.00000000;0.00000000
573;57.30000000;0.00000000;1.27825025;29.17241484;1.78447741;1.40605468;2.04399849;0.28306510;0.00000000;0.00000000
574;57.40000000;0.00000000;1.23132726;29.26065216;1.77428540;1.40370346;2.07539546;0.31375996;0.00000000;0.00000000
575;57.50000000;0.00000000;1.18163066;29.34735865;1.75380258;1.40529660;2.10675048;0.29523187;0.00000000;0.00000000
576;57.60000000;0.00000000;1.12926754;29.43248627;1.74191207;1.41088851;2.13444183;0.28126333;0.00000000;0.00000000
577;57.70000000;0.00000000;1.07484590;29.51631129;1.73813972;1.42108356;2.16300315;0.27364078;0.00000000;0.00000000
578;57.80000000;0.00000000;1.01770661;29.59831288;1.74337483;1.42906912;2.18916998;0.26512796;0.00000000;0.00000000
579;57.90000000;0.00000000;0.95897195;29.67917990;1.74100385;1.44119102;2.21602874;0.30432841;0.00000000;0.00000000
580;58.00000000;0.00000000;0.89751179;29.75799593;1.72874549;1.45346455;2.25003567;0.33957238;0.00000000;0.00000000
581;58.10000000;0.00000000;0.83341770;29.83468352;1.71984877;1.46237022;2.28394321;0.31296604;0.00000000;0.00000000
582;58.20000000;0.00000000;0.76676003;29.90915136;1.71433000;1.46789318;2.31262888;0.28647735;0.00000000;0.00000000
583;58.30000000;0.00000000;0.69837461;29.98203718;1.71114957;1.47107558;2.34123869;0.31481517;0.00000000;0.00000000
584;58.40000000;0.00000000;0.62757005;30.05256827;1.71134354;1.47088225;2.37559191;0.34638283;0.00000000;0.00000000
585;58.50000000;0.00000000;0.55434717;30.12058274;1.71502772;1.46719955;2.41051525;0.34890272;0.00000000;0.00000000
586;58.60000000;0.00000000;0.47879542;30.18599824;1.72219914;1.46321367;2.44537245;0.32314761;0.00000000;0.00000000
587;58.70000000;0.00000000;0.40101481;30.24874521;1.73283837;1.46257176;2.47514477;0.28871081;0.00000000;0.00000000
588;58.80000000;0.00000000;0.32169989;30.30955210;1.73928756;1.46628078;2.50311462;0.28285886;0.00000000;0.00000000
589;58.90000000;0.00000000;0.24053508;30.36785019;1.71885388;1.47366510;2.53171654;0.26830574;0.00000000;0.00000000
590;59.00000000;0.00000000;0.15787436;30.42402264;1.70662837;1.48517638;2.55677576;0.24400345;0.00000000;0.00000000
591;59.10000000;0.00000000;0.07388623;30.47818420;1.70260847;1.50089743;2.58051723;0.24826318;0.00000000;0.00000000
592;59.20000000;0.00000000;-0.01134746;30.53036987;1.70266030;1.51577563;2.60642840;0.27276521;0.00000000;0.00000000
593;59.30000000;0.00000000;-0.09802133;30.58010394;1.68831205;1.51141216;2.63507028;0.28313291;0.00000000;0.00000000
594;59.40000000;0.00000000;-0.18610282;30.62732447;1.67939458;1.50820534;2.66305498;0.28395165;0.00000000;0.00000000
595;59.50000000;0.00000000;-0.27542356;30.67213198;1.67141822;1.50890448;2.69186061;0.28420068;0.00000000;0.00000000
596;59.60000000;0.00000000;-0.36607817;30.71420300;1.66427727;1.51317315;2.71989512;0.28454751;0.00000000;0.00000000
597;59.70000000;0.00000000;-0.45777140;30.75393507;1.65722911;1.51431869;2.74877011;0.27658620;0.00000000;0.00000000
598;59.80000000;0.00000000;-0.55070398;30.79070423;1.65769848;1.49912206;2.77521236;0.23767942;0.00000000;0.00000000
599;59.90000000;0.00000000;-0.64437972;30.82553757;1.64559863;1.48472671;2.79630599;0.21827690;0.00000000;0.00000000
600;60.00000000;0.00000000;-0.73878126;30.85835492;1.64165511;1.47482933;2.81886774;0.26510159;0.00000000;0.00000000
601;60.10000000;0.00000000;-0.83393011;30.88892631;1.64615196;1.46930121;2.84932631;0.29990004;0.00000000;0.00000000
602;60.20000000;0.00000000;-0.93015652;30.91593641;1.66035405;1.46684075;2.87884775;0.27121487;0.00000000;0.00000000
603;60.30000000;0.00000000;-1.02695019;30.94084154;1.65918663;1.46900658;2.90356928;0.24996356;0.00000000;0.00000000
604;60.40000000;0.00000000;-1.12439515;30.96306311;1.63698211;1.47519875;2.92884046;0.24198846;0.00000000;0.00000000
605;60.50000000;0.00000000;-1.22232206;30.98304604;1.61701631;1.48582911;2.95196698;0.23375412;0.00000000;0.00000000
606;60.60000000;0.00000000;-1.32068705;31.00073775;1.59934031;1.50075546;2.97559128;0.23913233;0.00000000;0.00000000
607;60.70000000;0.00000000;-1.41944535;31.01607270;1.58401866;1.51608479;2.99979344;0.25092081;0.00000000;0.00000000
608;60.80000000;0.00000000;-1.51854830;31.02898389;1.57111788;1.52899260;3.02577544;0.26144468;0.00000000;0.00000000
609;60.90000000;0.00000000;-1.61796541;31.03916810;1.56094081;1.53917494;3.05208238;0.25578690;0.00000000;0.00000000
610;61.00000000;0.00000000;-1.71760827;31.04684954;1.55326389;1.54685538;3.07693282;0.24867174;0.00000000;0.00000000
611;61.10000000;0.00000000;-1.81740886;31.05208208;1.54803387;1.55208744;3.10181673;0.25198117;0.00000000;0.00000000
612;61.20000000;0.00000000;-1.91730921;31.05479702;1.54532006;1.55480220;3.12732906;0.25616210;0.00000000;0.00000000
613;61.30000000;0.00000000;-2.01724638;31.05493268;1.54518490;1.55493779;3.15304915;0.25551802;0.00000000;0.00000000
614;61.40000000;0.00000000;-2.11715506;31.05250739;1.54761085;1.55251237;3.17843266;0.25232504;0.00000000;0.00000000
615;61.50000000;0.00000000;-2.21697248;31.04757144;1.55254839;1.54757605;3.20351416;0.25368532;0.00000000;0.00000000
616;61.60000000;0.00000000;-2.31663617;31.04013941;1.55998374;1.54014328;3.22916972;0.25614547;0.00000000;0.00000000
617;61.70000000;0.00000000;-2.41607243;31.03009013;1.57003905;1.53009283;3.25474325;0.25281521;0.00000000;0.00000000
618;61.80000000;0.00000000;-2.51523030;31.01757197;1.58256680;1.52102397;3.27973277;0.24466593;0.00000000;0.00000000
619;61.90000000;0.00000000;-2.61404411;31.00256700;1.59758609;1.51523458;3.30367644;0.23510017;0.00000000;0.00000000
620;62.00000000;0.00000000;-2.71249010;30.98531639;1.61485671;1.50812828;3.32675280;0.23219302;0.00000000;0.00000000
621;62.10000000;0.00000000;-2.81050310;30.96576914;1.61294951;1.50529189;3.35011504;0.24056731;0.00000000;0.00000000
622;62.20000000;0.00000000;-2.90803135;30.94394022;1.60748930;1.50675516;3.37486626;0.24372035;0.00000000;0.00000000
623;62.30000000;0.00000000;-3.00495169;30.91956833;1.61084417;1.51222338;3.39885911;0.22064912;0.00000000;0.00000000
624;62.40000000;0.00000000;-3.10132110;30.89308633;1.62252856;1.52208030;3.41899609;0.19650479;0.00000000;0.00000000
625;62.50000000;0.00000000;-3.19718558;30.86483066;1.64203118;1.52550671;3.43816007;0.19340782;0.00000000;0.00000000
626;62.60000000;0.00000000;-3.29246739;30.83467600;1.63222715;1.52643007;3.45767765;0.18402540;0.00000000;0.00000000
627;62.70000000;0.00000000;-3.38715722;30.80270042;1.62225019;1.53197301;3.47496515;0.17062589;0.00000000;0.00000000
628;62.80000000;0.00000000;-3.48134353;30.76926868;1.61993598;1.53318638;3.49180283;0.19796781;0.00000000;0.00000000
629;62.90000000;0.00000000;-3.57489808;30.73412494;1.62560046;1.52424874;3.51455871;0.23252425;0.00000000;0.00000000
630;63.00000000;0.00000000;-3.66746616;30.69644274;1.64004531;1.51911203;3.53830768;0.24406811;0.00000000;0.00000000
631;63.10000000;0.00000000;-3.75925375;30.65689348;1.63533023;1.51851921;3.56337233;0.23447622;0.00000000;0.00000000
632;63.20000000;0.00000000;-3.84981972;30.61461908;1.62851719;1.52151538;3.58520292;0.17494807;0.00000000;0.00000000
633;63.30000000;0.00000000;-3.93979376;30.57110114;1.62237307;1.52967690;3.59836195;0.16552649;0.00000000;0.00000000
634;63.40000000;0.00000000;-4.02921449;30.52645885;1.62362666;1.54083433;3.61830822;0.21504987;0.00000000;0.00000000
635;63.50000000;0.00000000;-4.11736972;30.47939322;1.63372856;1.52848508;3.64137192;0.21616773;0.00000000;0.00000000
636;63.60000000;0.00000000;-4.20463660;30.43067559;1.61796411;1.52008001;3.66154177;0.21225888;0.00000000;0.00000000
637;63.70000000;0.00000000;-4.29082083;30.38009346;1.60992632;1.51606586;3.68382370;0.20269288;0.00000000;0.00000000
638;63.80000000;0.00000000;-4.37583135;30.32753651;1.61036725;1.51633714;3.70208034;0.18061404;0.00000000;0.00000000
639;63.90000000;0.00000000;-4.46011948;30.27383669;1.61834168;1.52183416;3.71994650;0.20009163;0.00000000;0.00000000
640;64.00000000;0.00000000;-4.54319649;30.21827749;1.63458976;1.53164072;3.74209867;0.22946498;0.00000000;0.00000000
641;64.10000000;0.00000000;-4.62502829;30.16089396;1.63644986;1.54568073;3.76583950;0.23742039;0.00000000;0.00000000
642;64.20000000;0.00000000;-4.70537743;30.10145210;1.62333090;1.53571984;3.78958275;0.20454221;0.00000000;0.00000000
643;64.30000000;0.00000000;-4.78439010;30.04025105;1.61850575;1.52708957;3.80674794;0.16064711;0.00000000;0.00000000
644;64.40000000;0.00000000;-4.86265051;29.97808730;1.62106466;1.52375264;3.82171217;0.18282844;0.00000000;0.00000000
645;64.50000000;0.00000000;-4.93979370;29.91455144;1.63151480;1.52519726;3.84331363;0.23792572;0.00000000;0.00000000
646;64.60000000;0.00000000;-5.01528617;29.84907436;1.65046201;1.53063268;3.86929731;0.24629890;0.00000000;0.00000000
647;64.70000000;0.00000000;-5.08902605;29.78161640;1.64710871;1.53507219;3.89257341;0.21642180;0.00000000;0.00000000
648;64.80000000;0.00000000;-5.16139757;29.71268959;1.64467281;1.53750689;3.91258167;0.20648304;0.00000000;0.00000000
649;64.90000000;0.00000000;-5.23238337;29.64233199;1.64422854;1.53795079;3.93387002;0.18825839;0.00000000;0.00000000
650;65.00000000;0.00000000;-5.30175820;29.57038442;1.64604764;1.53613132;3.95023335;0.15107731;0.00000000;0.00000000
651;65.10000000;0.00000000;-5.37040382;29.49774177;1.64887381;1.53330448;3.96408548;0.17756614;0.00000000;0.00000000
652;65.20000000;0.00000000;-5.43775580;29.42390356;1.65345997;1.52871663;3.98574658;0.23034517;0.00000000;0.00000000
653;65.30000000;0.00000000;-5.50318245;29.34836583;1.66060902;1.52156342;4.01015451;0.22398793;0.00000000;0.00000000
654;65.40000000;0.00000000;-5.56685101;29.27132954;1.66645331;1.51210485;4.03054417;0.18989292;0.00000000;0.00000000
655;65.50000000;0.00000000;-5.62914935;29.19318011;1.65224833;1.50573269;4.04813310;0.17514492;0.00000000;0.00000000
656;65.60000000;0.00000000;-5.69007046;29.11395049;1.64575567;1.50423097;4.06557315;0.17859360;0.00000000;0.00000000
657;65.70000000;0.00000000;-5.74960782;29.03367307;1.64705424;1.50762964;4.08385182;0.18397045;0.00000000;0.00000000
658;65.80000000;0.00000000;-5.80759419;28.95226730;1.63296452;1.51571380;4.10236724;0.17932820;0.00000000;0.00000000
659;65.90000000;0.00000000;-5.86411811;28.86984149;1.61599046;1.51608754;4.11971746;0.19100470;0.00000000;0.00000000
660;66.00000000;0.00000000;-5.91924340;28.78647588;1.60675273;1.50899017;4.14056818;0.21869005;0.00000000;0.00000000
661;66.10000000;0.00000000;-5.97227619;28.70177421;1.60618451;1.50601298;4.16345547;0.20483915;0.00000000;0.00000000
662;66.20000000;0.00000000;-6.02352903;28.61597388;1.61390657;1.50757220;4.18153601;0.17117569;0.00000000;0.00000000
663;66.30000000;0.00000000;-6.07346929;28.52940254;1.62923852;1.51422059;4.19769061;0.17575175;0.00000000;0.00000000
664;66.40000000;0.00000000;-6.12192272;28.44199309;1.62123771;1.52570729;4.21668636;0.18606082;0.00000000;0.00000000
665;66.50000000;0.00000000;-6.16853976;28.35358562;1.61813830;1.53442569;4.23490277;0.17129734;0.00000000;0.00000000
666;66.60000000;0.00000000;-6.21377979;28.26446403;1.62275371;1.54104559;4.25094583;0.18753947;0.00000000;0.00000000
667;66.70000000;0.00000000;-6.25753712;28.17460559;1.63112084;1.53819609;4.27241066;0.21185659;0.00000000;0.00000000
668;66.80000000;0.00000000;-6.29890801;28.08363029;1.62617777;1.52556848;4.29331715;0.17496607;0.00000000;0.00000000
669;66.90000000;0.00000000;-6.33887033;27.99202296;1.62209444;1.51788036;4.30740388;0.14166832;0.00000000;0.00000000
670;67.00000000;0.00000000;-6.37766353;27.89991475;1.61282655;1.51548140;4.32165081;0.14945522;0.00000000;0.00000000
671;67.10000000;0.00000000;-6.41499859;27.80720889;1.61129821;1.51809344;4.33729492;0.14779608;0.00000000;0.00000000
672;67.20000000;0.00000000;-6.45089145;27.71393210;1.61750700;1.52571488;4.35121003;0.13051212;0.00000000;0.00000000
673;67.30000000;0.00000000;-6.48563352;27.62022005;1.61718012;1.53494646;4.36339735;0.12062563;0.00000000;0.00000000
674;67.40000000;0.00000000;-6.51924273;27.52609512;1.59207323;1.54701581;4.37533515;0.11847711;0.00000000;0.00000000
675;67.50000000;0.00000000;-6.55173810;27.43157916;1.57409362;1.56423170;4.38709277;0.16917684;0.00000000;0.00000000
676;67.60000000;0.00000000;-6.58312523;27.33668887;1.56347917;1.58560782;4.40917052;0.21571008;0.00000000;0.00000000
677;67.70000000;0.00000000;-6.61141681;27.24083081;1.56245526;1.58131210;4.43023478;0.16207081;0.00000000;0.00000000
678;67.80000000;0.00000000;-6.63877957;27.14470326;1.56877830;1.58236023;4.44158468;0.11338008;0.00000000;0.00000000
679;67.90000000;0.00000000;-6.66488788;27.04822850;1.56587574;1.57141802;4.45291080;0.10945246;0.00000000;0.00000000
680;68.00000000;0.00000000;-6.69006621;26.95150622;1.56345819;1.56526812;4.46347517;0.10534902;0.00000000;0.00000000
681;68.10000000;0.00000000;-6.71413034;26.85450182;1.56856874;1.56433893;4.47398060;0.10136300;0.00000000;0.00000000
682;68.20000000;0.00000000;-6.73727105;26.75727194;1.57010828;1.56883809;4.48374777;0.09660204;0.00000000;0.00000000
683;68.30000000;0.00000000;-6.75943581;26.65981587;1.55998148;1.57815446;4.49330101;0.09185776;0.00000000;0.00000000
684;68.40000000;0.00000000;-6.78071473;26.56216146;1.55712830;1.58732329;4.50211933;0.10294394;0.00000000;0.00000000
685;68.50000000;0.00000000;-6.80115741;26.46432926;1.56153625;1.58390050;4.51388980;0.13690595;0.00000000;0.00000000
686;68.60000000;0.00000000;-6.82013069;26.36620649;1.57377882;1.57370322;4.52950052;0.13444011;0.00000000;0.00000000
687;68.70000000;0.00000000;-6.83750967;26.26778300;1.56273307;1.56819266;4.54077782;0.08620419;0.00000000;0.00000000
688;68.80000000;0.00000000;-6.85426612;26.16925149;1.54736169;1.56841068;4.54674135;0.05380075;0.00000000;0.00000000
689;68.90000000;0.00000000;-6.87047003;26.07062749;1.53890271;1.57442623;4.55153797;0.03863947;0.00000000;0.00000000
690;69.00000000;0.00000000;-6.88628055;25.97193939;1.53730889;1.58633303;4.55446925;0.02666630;0.00000000;0.00000000
691;69.10000000;0.00000000;-6.90190603;25.87322190;1.54239109;1.60196845;4.55687123;0.02427665;0.00000000;0.00000000
692;69.20000000;0.00000000;-6.91724227;25.77445900;1.55418804;1.59006182;4.55932458;0.01963349;0.00000000;0.00000000
693;69.30000000;0.00000000;-6.93238320;25.67566595;1.56762832;1.57816704;4.56079793;0.00955704;0.00000000;0.00000000
694;69.40000000;0.00000000;-6.94742836;25.57685824;1.55611240;1.57245026;4.56123599;-0.00106434;0.00000000;0.00000000
695;69.50000000;0.00000000;-6.96248273;25.47805195;1.55095544;1.57308499;4.56058506;-0.00270549;0.00000000;0.00000000
696;69.60000000;0.00000000;-6.97765650;25.37926396;1.54922032;1.58017447;4.56069489;0.04283039;0.00000000;0.00000000
697;69.70000000;0.00000000;-6.99268887;25.28045633;1.55080456;1.59337224;4.56915114;0.10817833;0.00000000;0.00000000
698;69.80000000;0.00000000;-7.00618958;25.18142743;1.56034494;1.60630717;4.58233055;0.07785286;0.00000000;0.00000000
699;69.90000000;0.00000000;-7.01861279;25.08225621;1.57724396;1.61872021;4.58472171;-0.01394282;0.00000000;0.00000000
700;70.00000000;0.00000000;-7.03163993;24.98316262;1.56887481;1.62424473;4.57954199;-0.01686935;0.00000000;0.00000000
701;70.10000000;0.00000000;-7.04508975;24.88412594;1.55540543;1.60694809;4.58134784;0.01603955;0.00000000;0.00000000
702;70.20000000;0.00000000;-7.05775890;24.78498596;1.54271928;1.59495083;4.58274990;0.01353622;0.00000000;0.00000000
703;70.30000000;0.00000000;-7.07093097;24.68591181;1.53523828;1.58966805;4.58405509;0.00476570;0.00000000;0.00000000
704;70.40000000;0.00000000;-7.08334129;24.58673911;1.53501318;1.58989244;4.58370304;-0.04174163;0.00000000;0.00000000
705;70.50000000;0.00000000;-7.09658313;24.48767414;1.54044783;1.59722077;4.57570676;-0.03882656;0.00000000;0.00000000
706;70.60000000;0.00000000;-7.11057782;24.38871252;1.55156016;1.61123821;4.57593773;0.04332466;0.00000000;0.00000000
707;70.70000000;0.00000000;-7.12377393;24.28964128;1.56976146;1.62445444;4.58437169;0.08372298;0.00000000;0.00000000
708;70.80000000;0.00000000;-7.13609742;24.19045776;1.56410947;1.61734175;4.59268232;0.04158364;0.00000000;0.00000000
709;70.90000000;0.00000000;-7.14764509;24.09118086;1.55257498;1.60023759;4.59268842;-0.00382189;0.00000000;0.00000000
710;71.00000000;0.00000000;-7.15996740;23.99199695;1.54176236;1.59002463;4.59191794;0.02396130;0.00000000;0.00000000
711;71.10000000;0.00000000;-7.17166807;23.89273771;1.53801092;1.58543023;4.59748068;0.05087843;0.00000000;0.00000000
712;71.20000000;0.00000000;-7.18288619;23.79342278;1.54123223;1.58664372;4.60209363;0.00343431;0.00000000;0.00000000
713;71.30000000;0.00000000;-7.19367057;23.69406023;1.55133376;1.59370091;4.59816754;-0.03884032;0.00000000;0.00000000
714;71.40000000;0.00000000;-7.20566817;23.59483641;1.56596812;1.60570293;4.59432557;0.00499177;0.00000000;0.00000000
715;71.50000000;0.00000000;-7.21721578;23.49555922;1.58199286;1.61725488;4.59916590;0.04992356;0.00000000;0.00000000
716;71.60000000;0.00000000;-7.22825228;23.39622392;1.57178160;1.62829553;4.60431028;0.00725659;0.00000000;0.00000000
717;71.70000000;0.00000000;-7.23877783;23.29683338;1.56125249;1.63882501;4.60061722;-0.03813970;0.00000000;0.00000000
718;71.80000000;0.00000000;-7.25054773;23.19758227;1.54947841;1.64053412;4.59668234;0.00548495;0.00000000;0.00000000
719;71.90000000;0.00000000;-7.26185515;23.09827740;1.53816736;1.62532059;4.60171421;0.09543293;0.00000000;0.00000000
720;72.00000000;0.00000000;-7.27262560;22.99891313;1.52739383;1.61561694;4.61576892;0.08892662;0.00000000;0.00000000
721;72.10000000;0.00000000;-7.28113753;22.89932974;1.52265207;1.60456335;4.61949953;-0.01330853;0.00000000;0.00000000
722;72.20000000;0.00000000;-7.29116633;22.79988759;1.52294030;1.60062359;4.61310722;-0.06677434;0.00000000;0.00000000
723;72.30000000;0.00000000;-7.30095067;22.70042109;1.53001681;1.60267289;4.60614466;-0.07284410;0.00000000;0.00000000
724;72.40000000;0.00000000;-7.31236320;22.60112828;1.54192946;1.61255780;4.59853840;-0.03075722;0.00000000;0.00000000
725;72.50000000;0.00000000;-7.32365948;22.50182212;1.56028100;1.62384278;4.59999322;0.01720967;0.00000000;0.00000000
726;72.60000000;0.00000000;-7.33478306;22.40249647;1.56588531;1.63495577;4.60198033;0.02235609;0.00000000;0.00000000
727;72.70000000;0.00000000;-7.34568459;22.30314621;1.55497016;1.63572680;4.60446443;0.02733227;0.00000000;0.00000000
728;72.80000000;0.00000000;-7.35631456;22.20376654;1.54432736;1.61619082;4.60744679;0.03232218;0.00000000;0.00000000
729;72.90000000;0.00000000;-7.36662330;22.10435303;1.53400669;1.60233974;4.61092887;0.07838108;0.00000000;0.00000000
730;73.00000000;0.00000000;-7.37656092;22.00490175;1.52405811;1.59427191;4.62312301;0.07509598;0.00000000;0.00000000
731;73.10000000;0.00000000;-7.38444222;21.90526749;1.52229649;1.59038393;4.62594807;-0.02371939;0.00000000;0.00000000
732;73.20000000;0.00000000;-7.39381772;21.80576234;1.52559244;1.59426718;4.61837913;-0.03497421;0.00000000;0.00000000
733;73.30000000;0.00000000;-7.40320641;21.70625771;1.53538806;1.60366407;4.61895323;0.01052022;0.00000000;0.00000000
734;73.40000000;0.00000000;-7.41246772;21.60674115;1.55169870;1.61293336;4.62048317;0.01779967;0.00000000;0.00000000
735;73.50000000;0.00000000;-7.42155189;21.50720827;1.57437010;1.62202520;4.62251316;0.02280445;0.00000000;0.00000000
736;73.60000000;0.00000000;-7.43040909;21.40765494;1.56969056;1.63088966;4.62504406;-0.01703034;0.00000000;0.00000000
737;73.70000000;0.00000000;-7.43898933;21.30807737;1.56111545;1.62509293;4.61910709;-0.06615993;0.00000000;0.00000000
738;73.80000000;0.00000000;-7.44902788;21.20863718;1.55108395;1.60694622;4.61181208;-0.03154197;0.00000000;0.00000000
739;73.90000000;0.00000000;-7.45905999;21.10919537;1.54105913;1.59486125;4.61279870;0.05453004;0.00000000;0.00000000
740;74.00000000;0.00000000;-7.46890239;21.00973461;1.53319986;1.58879252;4.62271808;0.10068947;0.00000000;0.00000000
741;74.10000000;0.00000000;-7.47695970;20.91011504;1.53233298;1.58720791;4.63293659;0.06009520;0.00000000;0.00000000
742;74.20000000;0.00000000;-7.48476752;20.81047391;1.53318213;1.58796369;4.63473712;0.01573573;0.00000000;0.00000000
743;74.30000000;0.00000000;-7.49246618;20.71082428;1.54063774;1.59246696;4.63608374;-0.02743337;0.00000000;0.00000000
744;74.40000000;0.00000000;-7.50000562;20.61116248;1.55465419;1.60000661;4.62925045;-0.07645530;0.00000000;0.00000000
745;74.50000000;0.00000000;-7.50906526;20.51162887;1.57341446;1.60906666;4.62079268;-0.04459641;0.00000000;0.00000000
746;74.60000000;0.00000000;-7.51828935;20.41210884;1.58183020;1.61829130;4.62033117;0.00244240;0.00000000;0.00000000
747;74.70000000;0.00000000;-7.52744100;20.31258214;1.57267374;1.62744358;4.62128116;0.01172126;0.00000000;0.00000000
748;74.80000000;0.00000000;-7.53647600;20.21304478;1.56363413;1.63647931;4.62267542;0.01616653;0.00000000;0.00000000
749;74.90000000;0.00000000;-7.54535008;20.11349295;1.55475566;1.64430825;4.62451447;0.01573401;0.00000000;0.00000000
750;75.00000000;0.00000000;-7.55401890;20.01392305;1.54608270;1.62131151;4.62582222;0.00479262;0.00000000;0.00000000
751;75.10000000;0.00000000;-7.56263257;19.91434833;1.53746501;1.60416806;4.62547299;-0.00768915;0.00000000;0.00000000
752;75.20000000;0.00000000;-7.57137094;19.81478450;1.52872257;1.59324685;4.62428439;-0.01045566;0.00000000;0.00000000
753;75.30000000;0.00000000;-7.58022129;19.71523055;1.52423676;1.58866350;4.62338186;-0.00680303;0.00000000;0.00000000
754;75.40000000;0.00000000;-7.58913937;19.61568264;1.52622873;1.59042841;4.62292379;-0.00235948;0.00000000;0.00000000
755;75.50000000;0.00000000;-7.59808093;19.51613684;1.53471734;1.59847642;4.62290996;0.00208287;0.00000000;0.00000000
756;75.60000000;0.00000000;-7.60700175;19.41658917;1.54963950;1.60738598;4.62334036;0.00652582;0.00000000;0.00000000
757;75.70000000;0.00000000;-7.61585762;19.31703571;1.57085494;1.61623094;4.62421513;-0.02924596;0.00000000;0.00000000
758;75.80000000;0.00000000;-7.62460427;19.21747260;1.57601417;1.62496714;4.61749117;-0.07834336;0.00000000;0.00000000
759;75.90000000;0.00000000;-7.63479786;19.11804953;1.56584031;1.63514728;4.60854646;-0.05291433;0.00000000;0.00000000
760;76.00000000;0.00000000;-7.64532413;19.01865880;1.55533533;1.64565971;4.60690830;-0.00688621;0.00000000;0.00000000
761;76.10000000;0.00000000;-7.65584365;18.91926736;1.54483757;1.64225838;4.60716921;0.00454077;0.00000000;0.00000000
762;76.20000000;0.00000000;-7.66631805;18.81987116;1.53461479;1.62329589;4.60781646;0.04264983;0.00000000;0.00000000
763;76.30000000;0.00000000;-7.67670890;18.72046619;1.53094670;1.61024097;4.61569918;0.08528431;0.00000000;0.00000000
764;76.40000000;0.00000000;-7.68561477;18.62092001;1.53528449;1.60183187;4.62487332;0.05405248;0.00000000;0.00000000
765;76.50000000;0.00000000;-7.69418009;18.52134113;1.54642334;1.59929297;4.62650967;0.00854336;0.00000000;0.00000000
766;76.60000000;0.00000000;-7.70276036;18.42176353;1.55807044;1.60300881;4.62658199;-0.03497139;0.00000000;0.00000000
767;76.70000000;0.00000000;-7.71131128;18.32218341;1.57582679;1.61156512;4.61951540;-0.08379581;0.00000000;0.00000000
768;76.80000000;0.00000000;-7.72129772;18.22274002;1.57872104;1.62155919;4.60982283;-0.06267433;0.00000000;0.00000000
769;76.90000000;0.00000000;-7.73177725;18.12334437;1.56824462;1.63204723;4.60698053;-0.01688533;0.00000000;0.00000000
770;77.00000000;0.00000000;-7.74232914;18.02395636;1.55769615;1.64260783;4.60644576;-0.00341658;0.00000000;0.00000000
771;77.10000000;0.00000000;-7.75291499;17.92457196;1.54711402;1.65320252;4.60629721;0.00044527;0.00000000;0.00000000
772;77.20000000;0.00000000;-7.76349640;17.82518709;1.53653659;1.63814302;4.60653481;0.00430714;0.00000000;0.00000000
773;77.30000000;0.00000000;-7.77403501;17.72579768;1.52600222;1.62172208;4.60715864;0.00817062;0.00000000;0.00000000
774;77.40000000;0.00000000;-7.78449242;17.62639969;1.51554927;1.61098943;4.60816894;0.01203727;0.00000000;0.00000000
775;77.50000000;0.00000000;-7.79483019;17.52698920;1.50774653;1.60629498;4.60956610;0.01590862;0.00000000;0.00000000
776;77.60000000;0.00000000;-7.80500981;17.42756240;1.50670739;1.60765299;4.61135066;0.01978608;0.00000000;0.00000000
777;77.70000000;0.00000000;-7.81499269;17.32811567;1.51248439;1.61500964;4.61352331;0.02367098;0.00000000;0.00000000
778;77.80000000;0.00000000;-7.82474017;17.22864561;1.52503839;1.62475489;4.61608486;0.02355485;0.00000000;0.00000000
779;77.90000000;0.00000000;-7.83421345;17.12914908;1.54424196;1.63422622;4.61823428;0.01381830;0.00000000;0.00000000
780;78.00000000;0.00000000;-7.84353324;17.02963799;1.55670105;1.64354426;4.61884852;0.00081011;0.00000000;0.00000000
781;78.10000000;0.00000000;-7.85288430;16.93012982;1.54734330;1.64837637;4.61839630;-0.03403780;0.00000000;0.00000000
782;78.20000000;0.00000000;-7.86229408;16.83062718;1.53792679;1.62675427;4.61204096;-0.07109036;0.00000000;0.00000000
783;78.30000000;0.00000000;-7.87290884;16.73124908;1.52730346;1.61225624;4.60417823;-0.04151762;0.00000000;0.00000000
784;78.40000000;0.00000000;-7.88388209;16.63190677;1.51632122;1.60422630;4.60373743;0.01224419;0.00000000;0.00000000
785;78.50000000;0.00000000;-7.89458480;16.53253498;1.51053160;1.60212996;4.60662707;0.03056604;0.00000000;0.00000000
786;78.60000000;0.00000000;-7.90498374;16.43313096;1.51164895;1.60595724;4.60985064;0.03391049;0.00000000;0.00000000
787;78.70000000;0.00000000;-7.91504556;16.33369228;1.51969125;1.61563283;4.61340917;0.03726539;0.00000000;0.00000000
788;78.80000000;0.00000000;-7.92473677;16.23421683;1.53458250;1.62530761;4.61730372;0.06879336;0.00000000;0.00000000
789;78.90000000;0.00000000;-7.93402375;16.13470285;1.55615848;1.63457965;4.62716784;0.11184766;0.00000000;0.00000000
790;79.00000000;0.00000000;-7.94175028;16.03506080;1.55868184;1.64229533;4.63967325;0.06157727;0.00000000;0.00000000
791;79.10000000;0.00000000;-7.94854577;15.93534559;1.55189446;1.64688970;4.63948329;-0.03809737;0.00000000;0.00000000
792;79.20000000;0.00000000;-7.95631032;15.83570420;1.54414018;1.62557379;4.63205378;-0.04665335;0.00000000;0.00000000
793;79.30000000;0.00000000;-7.96458665;15.73610089;1.53587540;1.61069908;4.63015262;-0.00200790;0.00000000;0.00000000
794;79.40000000;0.00000000;-7.97273028;15.63648666;1.52852436;1.60180076;4.63165220;0.01666975;0.00000000;0.00000000
795;79.50000000;0.00000000;-7.98070785;15.53685900;1.52166191;1.59563874;4.63348657;0.02002017;0.00000000;0.00000000
796;79.60000000;0.00000000;-7.98848595;15.43721559;1.52123493;1.59287262;4.63565623;0.05038064;0.00000000;0.00000000
797;79.70000000;0.00000000;-7.99603113;15.33755429;1.52759469;1.59613838;4.64356270;0.09363956;0.00000000;0.00000000
798;79.80000000;0.00000000;-8.00223235;15.23780505;1.54175371;1.60234164;4.65438414;0.07745220;0.00000000;0.00000000
799;79.90000000;0.00000000;-8.00761903;15.13800374;1.56298450;1.60772981;4.65905314;0.03018599;0.00000000;0.00000000
800;80.00000000;0.00000000;-8.01288876;15.03819620;1.58711188;1.61300099;4.66042134;-0.01454711;0.00000000;0.00000000
801;80.10000000;0.00000000;-8.01800232;14.93838056;1.58199815;1.61811590;4.65614372;-0.03670110;0.00000000;0.00000000
802;80.20000000;0.00000000;-8.02412553;14.83862535;1.57587473;1.59724122;4.65308112;0.00900758;0.00000000;0.00000000
803;80.30000000;0.00000000;-8.02985015;14.73884649;1.57014994;1.57584416;4.65794524;0.03496604;0.00000000;0.00000000
804;80.40000000;0.00000000;-8.03500284;14.63903286;1.56499714;1.55999737;4.66007433;0.03060550;0.00000000;0.00000000
805;80.50000000;0.00000000;-8.04030272;14.53922692;1.56295496;1.55059135;4.66406634;0.05557318;0.00000000;0.00000000
806;80.60000000;0.00000000;-8.04465818;14.43937851;1.56823880;1.54665083;4.67118896;0.04136091;0.00000000;0.00000000
807;80.70000000;0.00000000;-8.04853583;14.33950727;1.58031362;1.54868405;4.67233852;-0.00556082;0.00000000;0.00000000
808;80.80000000;0.00000000;-8.05266185;14.23964595;1.59831515;1.55280830;4.67007680;0.00576669;0.00000000;0.00000000
809;80.90000000;0.00000000;-8.05699121;14.13979323;1.62208937;1.55713579;4.67349186;0.07648022;0.00000000;0.00000000
810;81.00000000;0.00000000;-8.06043496;14.03990905;1.64009599;1.56057818;4.68537284;0.10003044;0.00000000;0.00000000
811;81.10000000;0.00000000;-8.06239060;13.93998402;1.63813967;1.56253316;4.69349794;0.04983145;0.00000000;0.00000000
812;81.20000000;0.00000000;-8.06421086;13.84005464;1.63631879;1.56435284;4.69533913;0.03344255;0.00000000;0.00000000
813;81.30000000;0.00000000;-8.06579856;13.74012158;1.63473050;1.56594001;4.70018645;0.05690849;0.00000000;0.00000000
814;81.40000000;0.00000000;-8.06664997;13.64017917;1.63387849;1.56415380;4.70672083;0.05718476;0.00000000;0.00000000
815;81.50000000;0.00000000;-8.06693156;13.54023331;1.63359620;1.53291122;4.71162341;0.04141761;0.00000000;0.00000000
816;81.60000000;0.00000000;-8.06680300;13.44028696;1.63372395;1.50725897;-1.56818095;0.02692567;0.00000000;0.00000000
817;81.70000000;0.00000000;-8.06640877;13.34034122;1.63411727;1.48762932;-1.56617677;0.01356144;0.00000000;0.00000000
818;81.80000000;0.00000000;-8.06587959;13.24039604;1.64022802;1.47439307;-1.56546866;0.00107435;0.00000000;0.00000000
819;81.90000000;0.00000000;-8.06534381;13.14045090;1.65237915;1.46785155;-1.56596190;-0.01047445;0.00000000;0.00000000
820;82.00000000;0.00000000;-8.06491322;13.04050529;1.66628486;1.46539692;-1.56756355;-0.03303744;0.00000000;0.00000000
821;82.10000000;0.00000000;-8.06469760;12.94055905;1.68419398;1.46518175;4.71061592;-0.09226978;0.00000000;0.00000000
822;82.20000000;0.00000000;-8.06526763;12.84061906;1.70701408;1.46575212;4.69716780;-0.13330474;0.00000000;0.00000000
823;82.30000000;0.00000000;-8.06773988;12.74070351;1.73234616;1.46822471;4.68395498;-0.10694040;0.00000000;0.00000000
824;82.40000000;0.00000000;-8.07095056;12.64080907;1.72913646;1.47143603;4.67577972;-0.08690675;0.00000000;0.00000000
825;82.50000000;0.00000000;-8.07505607;12.54094733;1.72503232;1.47554273;4.66657363;-0.09822373;0.00000000;0.00000000
826;82.60000000;0.00000000;-8.08010539;12.44112886;1.71998488;1.48059404;4.65613497;-0.10929818;0.00000000;0.00000000
827;82.70000000;0.00000000;-8.08629470;12.34137444;1.71379820;1.48678661;4.64471399;-0.11672605;0.00000000;0.00000000
828;82.80000000;0.00000000;-8.09362258;12.24169703;1.70647389;1.49411935;4.63278976;-0.12872658;0.00000000;0.00000000
829;82.90000000;0.00000000;-8.10218893;12.14211823;1.69791234;1.50269270;4.61896867;-0.14313240;0.00000000;0.00000000
830;83.00000000;0.00000000;-8.11226896;12.04268138;1.68783894;1.51278294;4.60416328;-0.15360059;0.00000000;0.00000000
831;83.10000000;0.00000000;-8.12377969;11.94340011;1.67633702;1.52430752;4.58824856;-0.21083811;0.00000000;0.00000000
832;83.20000000;0.00000000;-8.13701904;11.84433491;1.66310972;1.52131433;4.56199566;-0.27705491;0.00000000;0.00000000
833;83.30000000;0.00000000;-8.15372402;11.74579678;1.64642479;1.50797298;4.53283757;-0.25550774;0.00000000;0.00000000
834;83.40000000;0.00000000;-8.17271455;11.64767206;1.62746227;1.50350331;4.51089411;-0.22512732;0.00000000;0.00000000
835;83.50000000;0.00000000;-8.19372700;11.54995988;1.60796237;1.50772854;4.48781211;-0.23672160;0.00000000;0.00000000
836;83.60000000;0.00000000;-8.21722559;11.45281578;1.59196743;1.52105458;4.46354979;-0.24976781;0.00000000;0.00000000
837;83.70000000;0.00000000;-8.24295277;11.35623831;1.57984416;1.54299439;4.43785855;-0.26082008;0.00000000;0.00000000
838;83.80000000;0.00000000;-8.27140941;11.26043019;1.57115297;1.57148556;4.41138577;-0.26959952;0.00000000;0.00000000
839;83.90000000;0.00000000;-8.30221056;11.16535248;1.56633807;1.60233972;4.38393864;-0.27603877;0.00000000;0.00000000
840;84.00000000;0.00000000;-8.33588028;11.07125194;1.56486313;1.61050346;4.35617802;-0.27074696;0.00000000;0.00000000
841;84.10000000;0.00000000;-8.37190986;10.97803062;1.55483379;1.61988970;4.32978925;-0.28114532;0.00000000;0.00000000
842;84.20000000;0.00000000;-8.41049451;10.88584287;1.53704768;1.63172558;4.29994896;-0.30321944;0.00000000;0.00000000
843;84.30000000;0.00000000;-8.45201932;10.79493806;1.52094363;1.64217509;4.26914536;-0.33752643;0.00000000;0.00000000
844;84.40000000;0.00000000;-8.49620524;10.70530386;1.50376972;1.66147460;4.23244367;-0.40128156;0.00000000;0.00000000
845;84.50000000;0.00000000;-8.54427229;10.61771297;1.48873699;1.68976121;4.18888905;-0.40901413;0.00000000;0.00000000
846;84.60000000;0.00000000;-8.59609031;10.53225836;1.47600291;1.71514717;4.15064085;-0.35506514;0.00000000;0.00000000
847;84.70000000;0.00000000;-8.65072044;10.44858323;1.46664383;1.70000033;4.11787602;-0.32942849;0.00000000;0.00000000
848;84.80000000;0.00000000;-8.70802326;10.36670441;1.46084114;1.69183009;4.08475515;-0.32566538;0.00000000;0.00000000
849;84.90000000;0.00000000;-8.76807337;10.28682798;1.45846505;1.69294055;4.05274295;-0.32049712;0.00000000;0.00000000
850;85.00000000;0.00000000;-8.83049826;10.20878176;1.45993581;1.70291462;4.02065572;-0.33833454;0.00000000;0.00000000
851;85.10000000;0.00000000;-8.89554936;10.13291873;1.46482505;1.71751985;3.98507604;-0.33316953;0.00000000;0.00000000
852;85.20000000;0.00000000;-8.96336245;10.05951126;1.46878003;1.71356277;3.95402182;-0.27252659;0.00000000;0.00000000
853;85.30000000;0.00000000;-9.03300325;9.98782544;1.47425320;1.71211646;3.93057072;-0.25352268;0.00000000;0.00000000
854;85.40000000;0.00000000;-9.10418899;9.91767280;1.48428758;1.71284645;3.90331728;-0.30081722;0.00000000;0.00000000
855;85.50000000;0.00000000;-9.17762983;9.84988937;1.49770823;1.69527043;3.87040728;-0.32573985;0.00000000;0.00000000
856;85.60000000;0.00000000;-9.25327392;9.78457200;1.51437607;1.66894449;3.83816931;-0.31349328;0.00000000;0.00000000
857;85.70000000;0.00000000;-9.33093124;9.72165992;1.53228411;1.65136262;3.80770862;-0.29510549;0.00000000;0.00000000
858;85.80000000;0.00000000;-9.41041319;9.66106813;1.53133102;1.64136669;3.77914822;-0.27570481;0.00000000;0.00000000
859;85.90000000;0.00000000;-9.49153656;9.60269134;1.53414125;1.61802607;3.75256766;-0.27965891;0.00000000;0.00000000
860;86.00000000;0.00000000;-9.57412652;9.54640804;1.54089196;1.59844848;3.72321644;-0.28603780;0.00000000;0.00000000
861;86.10000000;0.00000000;-9.65853368;9.49289211;1.55077927;1.58824119;3.69536010;-0.24536376;0.00000000;0.00000000
862;86.20000000;0.00000000;-9.74412925;9.44129521;1.56360122;1.58654241;3.67414368;-0.18231945;0.00000000;0.00000000
863;86.30000000;0.00000000;-9.83073176;9.39140735;1.57018305;1.59310813;3.65889621;-0.13782953;0.00000000;0.00000000
864;86.40000000;0.00000000;-9.91786218;9.34244344;1.58200883;1.60692924;3.64657778;-0.13121606;0.00000000;0.00000000
865;86.50000000;0.00000000;-10.00566761;9.29470402;1.58491718;1.61641183;3.63265300;-0.14613948;0.00000000;0.00000000
866;86.60000000;0.00000000;-10.09412645;9.24818596;1.57728903;1.58780392;3.61734988;-0.14923892;0.00000000;0.00000000
867;86.70000000;0.00000000;-10.18334982;9.20315682;1.57430117;1.56671054;3.60280521;-0.13094368;0.00000000;0.00000000
868;86.80000000;0.00000000;-10.27312510;9.15923081;1.57642044;1.55300483;3.59116114;-0.10986071;0.00000000;0.00000000
869;86.90000000;0.00000000;-10.36337446;9.11629079;1.58376477;1.54116395;3.58083307;-0.09075091;0.00000000;0.00000000
870;87.00000000;0.00000000;-10.45403859;9.07422808;1.57431693;1.53635140;3.57301096;-0.07703264;0.00000000;0.00000000
871;87.10000000;0.00000000;-10.54495010;9.03270449;1.56339272;1.53862466;3.56542654;-0.08162610;0.00000000;0.00000000
872;87.20000000;0.00000000;-10.63624180;8.99202183;1.55789028;1.54827950;3.55668574;-0.07952891;0.00000000;0.00000000
873;87.30000000;0.00000000;-10.72786623;8.95209337;1.55796614;1.56508201;3.54952076;-0.04914341;0.00000000;0.00000000
874;87.40000000;0.00000000;-10.81973169;8.91272298;1.56383508;1.55549876;3.54685706;-0.01446378;0.00000000;0.00000000
875;87.50000000;0.00000000;-10.91156752;8.87328321;1.57610769;1.53811811;3.54662801;-0.00189477;0.00000000;0.00000000
876;87.60000000;0.00000000;-11.00345105;8.83395489;1.59444400;1.52721512;3.54647811;0.00995838;0.00000000;0.00000000
877;87.70000000;0.00000000;-11.09529842;8.79454277;1.61884236;1.52271647;3.54861968;0.02129696;0.00000000;0.00000000
878;87.80000000;0.00000000;-11.18701274;8.75482123;1.62045112;1.52443358;3.55073750;0.03479619;0.00000000;0.00000000
879;87.90000000;0.00000000;-11.27869258;8.71502033;1.61563039;1.53259427;3.55557892;0.04178214;0.00000000;0.00000000
880;88.00000000;0.00000000;-11.37001799;8.67441261;1.60832818;1.53991094;3.55909393;0.02143992;0.00000000;0.00000000
881;88.10000000;0.00000000;-11.46141581;8.63396817;1.60704142;1.54825392;3.55986690;0.03218786;0.00000000;0.00000000
882;88.20000000;0.00000000;-11.55267796;8.59321948;1.61068610;1.56262863;3.56553150;0.07411335;0.00000000;0.00000000
883;88.30000000;0.00000000;-11.64360955;8.55174318;1.59821071;1.57982701;3.57468957;0.09072394;0.00000000;0.00000000
884;88.40000000;0.00000000;-11.73410978;8.50933000;1.58885283;1.58476557;3.58367629;0.10987682;0.00000000;0.00000000
885;88.50000000;0.00000000;-11.82428339;8.46622511;1.58651633;1.57431949;3.59666494;0.12311959;0.00000000;0.00000000
886;88.60000000;0.00000000;-11.91365209;8.42147522;1.59229507;1.56778889;3.60830021;0.09600894;0.00000000;0.00000000
887;88.70000000;0.00000000;-12.00279809;8.37628390;1.60071322;1.56179528;3.61586673;0.09540928;0.00000000;0.00000000
888;88.80000000;0.00000000;-12.09147702;8.33018798;1.59709298;1.55131536;3.62738206;0.12518929;0.00000000;0.00000000
889;88.90000000;0.00000000;-12.17955574;8.28295733;1.59544155;1.54397392;3.64090458;0.14124886;0.00000000;0.00000000
890;89.00000000;0.00000000;-12.26695553;8.23448035;1.60145759;1.54166513;3.65563184;0.16339821;0.00000000;0.00000000
891;89.10000000;0.00000000;-12.35360821;8.18467447;1.60883302;1.54430722;3.67358423;0.18863978;0.00000000;0.00000000
892;89.20000000;0.00000000;-12.43921396;8.13308983;1.61930605;1.54226483;3.69335979;0.19810008;0.00000000;0.00000000
893;89.30000000;0.00000000;-12.52382591;8.07989880;1.62464389;1.52388165;3.71320424;0.20716880;0.00000000;0.00000000
894;89.40000000;0.00000000;-12.60731063;8.02496256;1.60820093;1.50982782;3.73479355;0.21686150;0.00000000;0.00000000
895;89.50000000;0.00000000;-12.68954316;7.96817197;1.59661446;1.50007070;3.75657654;0.20316814;0.00000000;0.00000000
896;89.60000000;0.00000000;-12.77055955;7.90964951;1.59334821;1.49482032;3.77542718;0.18458653;0.00000000;0.00000000
897;89.70000000;0.00000000;-12.85059953;7.84979487;1.59799253;1.49459181;3.79349385;0.16095355;0.00000000;0.00000000
898;89.80000000;0.00000000;-12.92945198;7.78838143;1.61078224;1.49908095;3.80761789;0.15076968;0.00000000;0.00000000
899;89.90000000;0.00000000;-13.00777044;7.72628920;1.63045462;1.50933060;3.82364779;0.17569529;0.00000000;0.00000000
900;90.00000000;0.00000000;-13.08460550;7.66238651;1.65816981;1.51846417;3.84275695;0.15325219;0.00000000;0.00000000
901;90.10000000;0.00000000;-13.16049379;7.59734783;1.65616441;1.52612821;3.85429822;0.10401458;0.00000000;0.00000000
902;90.20000000;0.00000000;-13.23584064;7.53168244;1.64931780;1.53296773;3.86355987;0.11939615;0.00000000;0.00000000
903;90.30000000;0.00000000;-13.31050974;7.46525063;1.64349259;1.53878758;3.87817746;0.14840896;0.00000000;0.00000000
904;90.40000000;0.00000000;-13.38390579;7.39741009;1.64289164;1.54271340;3.89324166;0.12662421;0.00000000;0.00000000
905;90.50000000;0.00000000;-13.45654204;7.32875696;1.64946970;1.54552832;3.90350230;0.11646290;0.00000000;0.00000000
906;90.60000000;0.00000000;-13.52852977;7.25942540;1.66296908;1.54740553;3.91653424;0.14310920;0.00000000;0.00000000
907;90.70000000;0.00000000;-13.59934774;7.18890698;1.68392848;1.54761690;3.93212414;0.15472947;0.00000000;0.00000000
908;90.80000000;0.00000000;-13.66913853;7.11736559;1.70693279;1.54637882;3.94748013;0.18524985;0.00000000;0.00000000
909;90.90000000;0.00000000;-13.73775400;7.04470955;1.70978771;1.54352095;3.96917411;0.20505118;0.00000000;0.00000000
910;91.00000000;0.00000000;-13.80437711;6.97020752;1.71535423;1.53794747;3.98849037;0.17952567;0.00000000;0.00000000
911;91.10000000;0.00000000;-13.87014278;6.89494667;1.69326245;1.53122999;4.00507924;0.16724136;0.00000000;0.00000000
912;91.20000000;0.00000000;-13.93425708;6.81827654;1.66856991;1.52751640;4.02193864;0.15824090;0.00000000;0.00000000
913;91.30000000;0.00000000;-13.99744709;6.74084266;1.65075757;1.52913784;4.03672742;0.15742847;0.00000000;0.00000000
914;91.40000000;0.00000000;-14.05926283;6.66231392;1.64060922;1.53552131;4.05342434;0.15326062;0.00000000;0.00000000
915;91.50000000;0.00000000;-14.11983181;6.58281419;1.63809256;1.54678143;4.06737954;0.13341388;0.00000000;0.00000000
916;91.60000000;0.00000000;-14.17943484;6.50258705;1.64089732;1.54390036;4.08010711;0.14947205;0.00000000;0.00000000
917;91.70000000;0.00000000;-14.23796040;6.42157191;1.63008972;1.53472695;4.09727395;0.17460363;0.00000000;0.00000000
918;91.80000000;0.00000000;-14.29477553;6.33934443;1.62746360;1.52993572;4.11502784;0.17597750;0.00000000;0.00000000
919;91.90000000;0.00000000;-14.35038967;6.25630033;1.63241798;1.53021424;4.13246945;0.19708167;0.00000000;0.00000000
920;92.00000000;0.00000000;-14.40430017;6.17214488;1.64545726;1.53051174;4.15444417;0.22283659;0.00000000;0.00000000
921;92.10000000;0.00000000;-14.45620752;6.08674496;1.63460027;1.53332457;4.17703677;0.20730950;0.00000000;0.00000000
922;92.20000000;0.00000000;-14.50626073;6.00024213;1.61873643;1.54047743;4.19590607;0.16231335;0.00000000;0.00000000
923;92.30000000;0.00000000;-14.55491216;5.91293891;1.61054661;1.55244478;4.20949944;0.11709193;0.00000000;0.00000000
924;92.40000000;0.00000000;-14.60259804;5.82510260;1.60963965;1.55473924;4.21932446;0.10634507;0.00000000;0.00000000
925;92.50000000;0.00000000;-14.64952509;5.73685948;1.60725520;1.55377871;4.23076845;0.15123829;0.00000000;0.00000000
926;92.60000000;0.00000000;-14.69518846;5.64795448;1.60378730;1.55781521;4.24957212;0.18841790;0.00000000;0.00000000
927;92.70000000;0.00000000;-14.73876523;5.55800792;1.59884979;1.56025553;4.26845203;0.17931371;0.00000000;0.00000000
928;92.80000000;0.00000000;-14.78103936;5.46744339;1.60009548;1.56738612;4.28543486;0.17358493;0.00000000;0.00000000
929;92.90000000;0.00000000;-14.82153447;5.37607335;1.60950546;1.57586583;4.30316902;0.16422369;0.00000000;0.00000000
930;93.00000000;0.00000000;-14.86056990;5.28406827;1.59967370;1.57453783;4.31827960;0.15351162;0.00000000;0.00000000
931;93.10000000;0.00000000;-14.89828628;5.19151472;1.58995495;1.57812064;4.33387135;0.16444328;0.00000000;0.00000000
932;93.20000000;0.00000000;-14.93443314;5.09833987;1.58282455;1.58632215;4.35116826;0.16970558;0.00000000;0.00000000
933;93.30000000;0.00000000;-14.96892602;5.00453675;1.56558335;1.59898925;4.36781246;0.17000924;0.00000000;0.00000000
934;93.40000000;0.00000000;-15.00195238;4.91020867;1.55614271;1.60316345;4.38517010;0.17897274;0.00000000;0.00000000
935;93.50000000;0.00000000;-15.03316877;4.81526484;1.55500095;1.60588182;4.40360701;0.13608623;0.00000000;0.00000000
936;93.60000000;0.00000000;-15.06269641;4.71977957;1.56203940;1.59687698;4.41238735;0.09544192;0.00000000;0.00000000
937;93.70000000;0.00000000;-15.09224155;4.62429971;1.57538182;1.58873630;4.42269539;0.14115380;0.00000000;0.00000000
938;93.80000000;0.00000000;-15.11979432;4.52822672;1.58255697;1.58478246;4.44061811;0.17307158;0.00000000;0.00000000
939;93.90000000;0.00000000;-15.14589834;4.43175068;1.56480556;1.58551595;4.45730971;0.16730184;0.00000000;0.00000000
940;94.00000000;0.00000000;-15.17022854;4.33481385;1.55512246;1.57329550;4.47407848;0.16403005;0.00000000;0.00000000
941;94.10000000;0.00000000;-15.19308275;4.23751762;1.55334792;1.56584712;4.49011572;0.16543533;0.00000000;0.00000000
942;94.20000000;0.00000000;-15.21429162;4.13985102;1.55967596;1.56307347;4.50716554;0.16468640;0.00000000;0.00000000
943;94.30000000;0.00000000;-15.23381515;4.04183359;1.57404145;1.56496510;4.52305300;0.12452429;0.00000000;0.00000000
944;94.40000000;0.00000000;-15.25191075;3.94354113;1.57930320;1.56783863;4.53207040;0.07281900;0.00000000;0.00000000
945;94.50000000;0.00000000;-15.26966409;3.84518412;1.58451313;1.57459850;4.53761680;0.06560318;0.00000000;0.00000000
946;94.60000000;0.00000000;-15.28666801;3.74669835;1.59672868;1.56361005;4.54519104;0.07803104;0.00000000;0.00000000
947;94.70000000;0.00000000;-15.30292946;3.64808353;1.59959529;1.55166626;4.55322301;0.10279218;0.00000000;0.00000000
948;94.80000000;0.00000000;-15.31834915;3.54933736;1.59037650;1.54525283;4.56574947;0.14242533;0.00000000;0.00000000
949;94.90000000;0.00000000;-15.33213474;3.45034936;1.58906068;1.54363873;4.58170807;0.15365936;0.00000000;0.00000000
950;95.00000000;0.00000000;-15.34439552;3.35116046;1.59555444;1.54695321;4.59648135;0.14136687;0.00000000;0.00000000
951;95.10000000;0.00000000;-15.35525087;3.25180745;1.60964069;1.55528622;4.60998145;0.10774173;0.00000000;0.00000000
952;95.20000000;0.00000000;-15.36482948;3.15232279;1.63099251;1.56486151;4.61802969;0.05315620;0.00000000;0.00000000
953;95.30000000;0.00000000;-15.37408442;3.05280617;1.62597285;1.54391337;4.62061269;0.02407115;0.00000000;0.00000000
954;95.40000000;0.00000000;-15.38314899;2.95327311;1.61691242;1.52671169;4.62284392;0.01927195;0.00000000;0.00000000
955;95.50000000;0.00000000;-15.39195973;2.85371635;1.60810576;1.51566351;4.62446708;0.01360290;0.00000000;0.00000000
956;95.60000000;0.00000000;-15.40070116;2.75415408;1.60155683;1.51108949;4.62556450;0.02923540;0.00000000;0.00000000
957;95.70000000;0.00000000;-15.40929335;2.65457848;1.60138135;1.51296807;4.63031416;0.09288953;0.00000000;0.00000000
958;95.80000000;0.00000000;-15.41708792;2.55494628;1.60822731;1.51794402;4.64414241;0.14141200;0.00000000;0.00000000
959;95.90000000;0.00000000;-15.42292338;2.45517124;1.62315366;1.52370571;4.65859656;0.09985901;0.00000000;0.00000000
960;96.00000000;0.00000000;-15.42783524;2.35534653;1.64492857;1.52861072;4.66411421;0.03220908;0.00000000;0.00000000
961;96.10000000;0.00000000;-15.43256934;2.25551286;1.66762114;1.53333839;4.66503837;0.04849437;0.00000000;0.00000000
962;96.20000000;0.00000000;-15.43729668;2.15567932;1.66289218;1.53805936;4.67381308;0.13648288;0.00000000;0.00000000
963;96.30000000;0.00000000;-15.44027779;2.05578636;1.65991014;1.54103687;4.69233495;0.16625992;0.00000000;0.00000000
964;96.40000000;0.00000000;-15.44130467;1.95584626;1.65888283;1.54206261;4.70706507;0.12309556;0.00000000;0.00000000
965;96.50000000;0.00000000;-15.44134197;1.85590090;1.65884506;1.54209941;-1.56623124;0.09861773;0.00000000;0.00000000
966;96.60000000;0.00000000;-15.44039217;1.75596003;1.65979422;1.54114945;-1.55639669;0.11684845;0.00000000;0.00000000
967;96.70000000;0.00000000;-15.43846375;1.65603322;1.66172167;1.53922092;-1.54286155;0.13740375;0.00000000;0.00000000
968;96.80000000;0.00000000;-15.43480941;1.55616240;1.66537403;1.53556556;-1.52891595;0.11062432;0.00000000;0.00000000
969;96.90000000;0.00000000;-15.43009514;1.45632836;1.67008567;1.53084963;-1.52073669;0.10206581;0.00000000;0.00000000
970;97.00000000;0.00000000;-15.42480755;1.35653035;1.67537008;1.52555954;-1.50850278;0.11090425;0.00000000;0.00000000
971;97.10000000;0.00000000;-15.41765228;1.25684117;1.65796719;1.51839927;-1.49855584;0.06942815;0.00000000;0.00000000
972;97.20000000;0.00000000;-15.41037987;1.15716049;1.64139785;1.51112166;-1.49461715;0.06567133;0.00000000;0.00000000
973;97.30000000;0.00000000;-15.40244017;1.05753908;1.63146509;1.50317523;-1.48542157;0.08873727;0.00000000;0.00000000
974;97.40000000;0.00000000;-15.39333594;0.95800918;1.62382865;1.49406199;-1.47686970;0.10369197;0.00000000;0.00000000
975;97.50000000;0.00000000;-15.38369345;0.85853737;1.62201858;1.49086324;-1.46468318;0.13136021;0.00000000;0.00000000
976;97.60000000;0.00000000;-15.37216638;0.75925864;1.62824767;1.49246549;-1.45059766;0.11818130;0.00000000;0.00000000
977;97.70000000;0.00000000;-15.35972489;0.66009072;1.64070433;1.49982157;-1.44104692;0.09540303;0.00000000;0.00000000
978;97.80000000;0.00000000;-15.34630369;0.56105047;1.63123203;1.51278097;-1.43151705;0.10939861;0.00000000;0.00000000
979;97.90000000;0.00000000;-15.33197441;0.46213734;1.61775355;1.53126958;-1.41916719;0.15160588;0.00000000;0.00000000
980;98.00000000;0.00000000;-15.31611243;0.36346619;1.61192778;1.51837001;-1.40119588;0.16324003;0.00000000;0.00000000
981;98.10000000;0.00000000;-15.29823812;0.26513193;1.61432610;1.50914362;-1.38651919;0.11596274;0.00000000;0.00000000
982;98.20000000;0.00000000;-15.27948551;0.16696119;1.62377462;1.50561239;-1.37800333;0.08245026;0.00000000;0.00000000
983;98.30000000;0.00000000;-15.25993900;0.06894524;1.61254084;1.50790107;-1.37002914;0.09328106;0.00000000;0.00000000
984;98.40000000;0.00000000;-15.23962318;-0.02891395;1.60686513;1.51600672;-1.35934712;0.12966778;0.00000000;0.00000000
985;98.50000000;0.00000000;-15.21798861;-0.12648375;1.60874445;1.52228835;-1.34409558;0.11371232;0.00000000;0.00000000
986;98.60000000;0.00000000;-15.19469780;-0.22367782;1.61849779;1.50766524;-1.33660465;0.08326943;0.00000000;0.00000000
987;98.70000000;0.00000000;-15.17160343;-0.32091447;1.63250013;1.49532441;-1.32744170;0.11346408;0.00000000;0.00000000
988;98.80000000;0.00000000;-15.14653537;-0.41766591;1.61050130;1.48756998;-1.31391184;0.10352855;0.00000000;0.00000000
989;98.90000000;0.00000000;-15.12081735;-0.51424658;1.59514169;1.48583820;-1.30673599;0.07610737;0.00000000;0.00000000
990;99.00000000;0.00000000;-15.09436338;-0.61062827;1.58670504;1.49006008;-1.29869036;0.08557181;0.00000000;0.00000000
991;99.10000000;0.00000000;-15.06709462;-0.70678270;1.58538588;1.50010234;-1.28962162;0.13334697;0.00000000;0.00000000
992;99.20000000;0.00000000;-15.03889714;-0.80266822;1.59132245;1.50237496;-1.27202097;0.21194830;0.00000000;0.00000000
993;99.30000000;0.00000000;-15.00826113;-0.89780367;1.60599530;1.50371889;-1.24723197;0.19843988;0.00000000;0.00000000
994;99.40000000;0.00000000;-14.97534632;-0.99217420;1.62901638;1.50929258;-1.23233300;0.13212073;0.00000000;0.00000000
995;99.50000000;0.00000000;-14.94188955;-1.08635456;1.63601794;1.52085797;-1.22080782;0.11406638;0.00000000;0.00000000
996;99.60000000;0.00000000;-14.90680898;-1.17993977;1.61997916;1.53714739;-1.20951972;0.10493160;0.00000000;0.00000000
997;99.70000000;0.00000000;-14.87123469;-1.27334091;1.60706555;1.54936735;-1.19982150;0.12477011;0.00000000;0.00000000
998;99.80000000;0.00000000;-14.83434604;-1.36622699;1.60171286;1.54668456;-1.18456570;0.15475889;0.00000000;0.00000000
999;99.90000000;0.00000000;-14.79594026;-1.45849627;1.60422301;1.54881833;-1.16886972;0.15023688;0.00000000;0.00000000
1000;100.00000000;0.00000000;-14.75615418;-1.55017924;1.61442189;1.55588567;-1.15451832;0.13715000;0.00000000;0.00000000
1001;100.10000000;0.00000000;-14.71511582;-1.64130914;1.63152188;1.55547052;-1.14143972;0.11608049;0.00000000;0.00000000
1002;100.20000000;0.00000000;-14.67294497;-1.73192122;1.62245016;1.53710977;-1.13130222;0.06989151;0.00000000;0.00000000
1003;100.30000000;0.00000000;-14.63006644;-1.82220267;1.62028821;1.52431292;-1.12746142;0.04507971;0.00000000;0.00000000
1004;100.40000000;0.00000000;-14.58720034;-1.91248907;1.62427165;1.51801599;-1.12228628;0.04015557;0.00000000;0.00000000
1005;100.50000000;0.00000000;-14.54338968;-2.00232191;1.62796432;1.51723905;-1.11943030;0.02042634;0.00000000;0.00000000
1006;100.60000000;0.00000000;-14.50000817;-2.09236281;1.62678184;1.52350959;-1.11820101;0.03905255;0.00000000;0.00000000
1007;100.70000000;0.00000000;-14.45597688;-2.18208748;1.62204137;1.53486888;-1.11161979;0.08650697;0.00000000;0.00000000
1008;100.80000000;0.00000000;-14.41141416;-2.27154928;1.62210703;1.53853586;-1.10089962;0.11687075;0.00000000;0.00000000
1009;100.90000000;0.00000000;-14.36547142;-2.36030537;1.61431325;1.54322876;-1.08824564;0.09895970;0.00000000;0.00000000
1010;101.00000000;0.00000000;-14.31865920;-2.44861083;1.59644300;1.55337753;-1.08110768;0.05584092;0.00000000;0.00000000
1011;101.10000000;0.00000000;-14.27145199;-2.53670593;1.58513251;1.56638115;-1.07707746;0.03588278;0.00000000;0.00000000
1012;101.20000000;0.00000000;-14.22392937;-2.62463146;1.58043351;1.56928136;-1.07393112;0.02718682;0.00000000;0.00000000
1013;101.30000000;0.00000000;-14.17616864;-2.71242796;1.58231781;1.56170847;-1.07164010;0.05174950;0.00000000;0.00000000
1014;101.40000000;0.00000000;-14.12824360;-2.80013489;1.59067888;1.56032606;-1.06358122;0.07188932;0.00000000;0.00000000
1015;101.50000000;0.00000000;-14.07907404;-2.88715025;1.60445008;1.56391730;-1.05726223;0.02158305;0.00000000;0.00000000
1016;101.60000000;0.00000000;-14.03004442;-2.97424452;1.60659826;1.57401943;-1.05926461;-0.02401053;0.00000000;0.00000000
1017;101.70000000;0.00000000;-13.98122377;-3.06145601;1.60577795;1.58982903;-1.06206434;-0.01826839;0.00000000;0.00000000
1018;101.80000000;0.00000000;-13.93268269;-3.14882328;1.59582891;1.57771220;-1.06291829;0.00581333;0.00000000;0.00000000
1019;101.90000000;0.00000000;-13.88401140;-3.23611743;1.58974906;1.57172026;-1.06090167;0.00746107;0.00000000;0.00000000
1020;102.00000000;0.00000000;-13.83511855;-3.32328784;1.58575695;1.57181880;-1.06142608;0.03008968;0.00000000;0.00000000
1021;102.10000000;0.00000000;-13.78653941;-3.41063197;1.58625303;1.57081250;-1.05488374;0.08180998;0.00000000;0.00000000
1022;102.20000000;0.00000000;-13.73650987;-3.49715575;1.58505901;1.57049400;-1.04506408;0.04250693;0.00000000;0.00000000
1023;102.30000000;0.00000000;-13.68622384;-3.58353069;1.58715487;1.57526443;-1.04638235;-0.03747113;0.00000000;0.00000000
1024;102.40000000;0.00000000;-13.63642279;-3.67018574;1.57248505;1.58192727;-1.05255831;-0.05869127;0.00000000;0.00000000
1025;102.50000000;0.00000000;-13.58720787;-3.75717450;1.56340345;1.58549553;-1.05812060;-0.05121958;0.00000000;0.00000000
1026;102.60000000;0.00000000;-13.53837375;-3.84437844;1.56024509;1.58814417;-1.06280222;-0.06174747;0.00000000;0.00000000
1027;102.70000000;0.00000000;-13.48997583;-3.93182356;1.56298498;1.58478728;-1.07047010;-0.09616603;0.00000000;0.00000000
1028;102.80000000;0.00000000;-13.44248505;-4.01976551;1.57105992;1.57236669;-1.08203543;-0.12485364;0.00000000;0.00000000
1029;102.90000000;0.00000000;-13.39612183;-4.10830799;1.58414765;1.56751520;-1.09544083;-0.11028334;0.00000000;0.00000000
1030;103.00000000;0.00000000;-13.35100578;-4.19749119;1.60200111;1.57042819;-1.10409210;-0.06691329;0.00000000;0.00000000
1031;103.10000000;0.00000000;-13.30618146;-4.28682252;1.62549835;1.57999676;-1.10882348;-0.05601466;0.00000000;0.00000000
1032;103.20000000;0.00000000;-13.26191148;-4.37642835;1.62041965;1.58089504;-1.11529503;-0.06492226;0.00000000;0.00000000
1033;103.30000000;0.00000000;-13.21824718;-4.46633218;1.61825148;1.57505210;-1.12180794;-0.08936468;0.00000000;0.00000000
1034;103.40000000;0.00000000;-13.17514864;-4.55650597;1.61273788;1.57616671;-1.13316797;-0.15113238;0.00000000;0.00000000
1035;103.50000000;0.00000000;-13.13353793;-4.64737877;1.61176536;1.58049796;-1.15203441;-0.19672389;0.00000000;0.00000000
1036;103.60000000;0.00000000;-13.09387085;-4.73911644;1.61486005;1.57495022;-1.17251274;-0.20518148;0.00000000;0.00000000
1037;103.70000000;0.00000000;-13.05601735;-4.83161319;1.60037901;1.56743608;-1.19307071;-0.21503109;0.00000000;0.00000000
1038;103.80000000;0.00000000;-13.02015711;-4.92489730;1.58297295;1.56660343;-1.21551896;-0.22246050;0.00000000;0.00000000
1039;103.90000000;0.00000000;-12.98649510;-5.01899425;1.56940755;1.57446832;-1.23756281;-0.21056176;0.00000000;0.00000000
1040;104.00000000;0.00000000;-12.95478002;-5.11377104;1.56007068;1.57581072;-1.25763131;-0.20926297;0.00000000;0.00000000
1041;104.10000000;0.00000000;-12.92492084;-5.20914342;1.55515659;1.56501144;-1.27941540;-0.20820563;0.00000000;0.00000000
1042;104.20000000;0.00000000;-12.89736301;-5.30521384;1.55425306;1.56295511;-1.29927244;-0.21523387;0.00000000;0.00000000
1043;104.30000000;0.00000000;-12.87131291;-5.40170104;1.55820677;1.56884117;-1.32246218;-0.23749998;0.00000000;0.00000000
1044;104.40000000;0.00000000;-12.84823838;-5.49894721;1.56548319;1.58406337;-1.34677244;-0.25656911;0.00000000;0.00000000
1045;104.50000000;0.00000000;-12.82690755;-5.59659102;1.57602860;1.58553468;-1.37377600;-0.32395608;0.00000000;0.00000000
1046;104.60000000;0.00000000;-12.80911646;-5.69493921;1.56661191;1.59531297;-1.41156365;-0.35592825;0.00000000;0.00000000
1047;104.70000000;0.00000000;-12.79521965;-5.79391001;1.55959703;1.59972138;-1.44496165;-0.29704573;0.00000000;0.00000000
1048;104.80000000;0.00000000;-12.78403255;-5.89322618;1.55623928;1.59913296;-1.47097280;-0.30423449;0.00000000;0.00000000
1049;104.90000000;0.00000000;-12.77530070;-5.99278844;1.55682908;1.60723614;-1.50580855;-0.41969661;0.00000000;0.00000000
1050;105.00000000;0.00000000;-12.77105488;-6.09263895;1.55933788;1.62587956;-1.55491212;-0.47265978;0.00000000;0.00000000
1051;105.10000000;0.00000000;-12.77212697;-6.19257521;1.56292990;1.65545114;4.68284480;-0.46165227;0.00000000;0.00000000
1052;105.20000000;0.00000000;-12.77695807;-6.29238978;1.56913867;1.67743304;4.63594273;-0.49436036;0.00000000;0.00000000
1053;105.30000000;0.00000000;-12.78738514;-6.39177958;1.57328482;1.68787077;4.58397273;-0.54605333;0.00000000;0.00000000
1054;105.40000000;0.00000000;-12.80254385;-6.49053433;1.57726289;1.70305425;4.52673207;-0.60955505;0.00000000;0.00000000
1055;105.50000000;0.00000000;-12.82424749;-6.58804402;1.58090161;1.72481244;4.46206172;-0.65574943;0.00000000;0.00000000
1056;105.60000000;0.00000000;-12.85201827;-6.68402766;1.58459476;1.75267891;4.39558218;-0.65860223;0.00000000;0.00000000
1057;105.70000000;0.00000000;-12.88645920;-6.77780107;1.58755654;1.78704318;4.33034127;-0.65511500;0.00000000;0.00000000
1058;105.80000000;0.00000000;-12.92648442;-6.86936411;1.59079844;1.82686500;4.26455918;-0.69429397;0.00000000;0.00000000
1059;105.90000000;0.00000000;-12.97293048;-6.95780660;1.59317347;1.87310787;4.19148248;-0.73069657;0.00000000;0.00000000
1060;106.00000000;0.00000000;-13.02585892;-7.04256097;1.59435538;1.90734505;4.11841987;-0.73363554;0.00000000;0.00000000
1061;106.10000000;0.00000000;-13.08467996;-7.12328306;1.59465646;1.90462684;4.04475537;-0.72689872;0.00000000;0.00000000
1062;106.20000000;0.00000000;-13.14947181;-7.19934861;1.59364366;1.91468809;3.97304012;-0.73159003;0.00000000;0.00000000
1063;106.30000000;0.00000000;-13.21924391;-7.27084805;1.59213768;1.93177450;3.89843737;-0.76758754;0.00000000;0.00000000
1064;106.40000000;0.00000000;-13.29461302;-7.33642922;1.58875286;1.94657004;3.81952261;-0.72965781;0.00000000;0.00000000
1065;106.50000000;0.00000000;-13.37474449;-7.39606385;1.58402729;1.92598730;3.75250580;-0.66610105;0.00000000;0.00000000
1066;106.60000000;0.00000000;-13.45822297;-7.45100182;1.57541557;1.90933034;3.68630240;-0.63891264;0.00000000;0.00000000
1067;106.70000000;0.00000000;-13.54556257;-7.49955396;1.56401117;1.90079440;3.62472327;-0.58685285;0.00000000;0.00000000
1068;106.80000000;0.00000000;-13.63514570;-7.54381486;1.55410400;1.85636733;3.56893183;-0.58982759;0.00000000;0.00000000
1069;106.90000000;0.00000000;-13.72732801;-7.58233075;1.54428436;1.81776059;3.50675776;-0.57684510;0.00000000;0.00000000
1070;107.00000000;0.00000000;-13.82170501;-7.61513860;1.53478040;1.78490609;3.45356281;-0.49331457;0.00000000;0.00000000
1071;107.10000000;0.00000000;-13.91748297;-7.64365595;1.52723598;1.75636429;3.40809484;-0.46306704;0.00000000;0.00000000
1072;107.20000000;0.00000000;-14.01445716;-7.66775917;1.52163827;1.73224932;3.36094941;-0.47176864;0.00000000;0.00000000
1073;107.30000000;0.00000000;-14.11249243;-7.68713216;1.51774510;1.71287133;3.31374111;-0.41853537;0.00000000;0.00000000
1074;107.40000000;0.00000000;-14.21131964;-7.70198753;1.51584104;1.69801399;3.27724233;-0.36372419;0.00000000;0.00000000
1075;107.50000000;0.00000000;-14.31051797;-7.71416025;1.51781538;1.68584036;3.24099628;-0.39572438;0.00000000;0.00000000
1076;107.60000000;0.00000000;-14.41016417;-7.72181876;1.52182941;1.67818157;3.19809745;-0.40059391;0.00000000;0.00000000
1077;107.70000000;0.00000000;-14.51003752;-7.72544607;1.52545708;1.67455419;3.16087750;-0.31763999;0.00000000;0.00000000
1078;107.80000000;0.00000000;-14.60998224;-7.72567270;1.52568383;1.67432755;3.13456946;-0.26202528;0.00000000;0.00000000
1079;107.90000000;0.00000000;-14.70990858;-7.72404232;1.52694909;1.66597713;3.10847244;-0.29030123;0.00000000;0.00000000
1080;108.00000000;0.00000000;-14.80972501;-7.71905475;1.53139099;1.64567018;3.07650921;-0.30428152;0.00000000;0.00000000
1081;108.10000000;0.00000000;-14.90934602;-7.71104388;1.53501152;1.62871762;3.04761614;-0.27537173;0.00000000;0.00000000
1082;108.20000000;0.00000000;-15.00871120;-7.70029948;1.54043331;1.62042321;3.02143486;-0.25311423;0.00000000;0.00000000
1083;108.30000000;0.00000000;-15.10778010;-7.68708506;1.54982081;1.62075769;2.99699329;-0.23387602;0.00000000;0.00000000
1084;108.40000000;0.00000000;-15.20650373;-7.67149779;1.56318552;1.59327716;2.97465966;-0.21714433;0.00000000;0.00000000
1085;108.50000000;0.00000000;-15.30488255;-7.65387309;1.58074307;1.57005191;2.95356442;-0.20466929;0.00000000;0.00000000
1086;108.60000000;0.00000000;-15.40285731;-7.63413643;1.59289067;1.55505614;2.93372580;-0.15899060;0.00000000;0.00000000
1087;108.70000000;0.00000000;-15.50045785;-7.61262363;1.60154663;1.54820043;2.92176630;-0.10120728;0.00000000;0.00000000
1088;108.80000000;0.00000000;-15.59793607;-7.59054860;1.61251049;1.54835648;2.91348434;-0.10627801;0.00000000;0.00000000
1089;108.90000000;0.00000000;-15.69516632;-7.56742229;1.60878444;1.55602399;2.90051070;-0.13714609;0.00000000;0.00000000
1090;109.00000000;0.00000000;-15.79203592;-7.54282648;1.60881127;1.53109852;2.88605513;-0.13795376;0.00000000;0.00000000
1091;109.10000000;0.00000000;-15.88855841;-7.51689882;1.60881284;1.51254926;2.87291995;-0.12518275;0.00000000;0.00000000
1092;109.20000000;0.00000000;-15.98475012;-7.48976654;1.61376688;1.50168670;2.86101858;-0.11318164;0.00000000;0.00000000
1093;109.30000000;0.00000000;-16.08062976;-7.46154847;1.62374584;1.49856041;2.85028362;-0.10351684;0.00000000;0.00000000
1094;109.40000000;0.00000000;-16.17621820;-7.43235695;1.63876864;1.50310590;2.84031521;-0.09397142;0.00000000;0.00000000
1095;109.50000000;0.00000000;-16.27151698;-7.40223285;1.63423187;1.51521465;2.83148934;-0.09905199;0.00000000;0.00000000
1096;109.60000000;0.00000000;-16.36657512;-7.37135871;1.62571510;1.53452247;2.82050481;-0.10299720;0.00000000;0.00000000
1097;109.70000000;0.00000000;-16.46118726;-7.33914905;1.62191077;1.54339934;2.81088990;-0.06559605;0.00000000;0.00000000
1098;109.80000000;0.00000000;-16.55563434;-7.30645274;1.62374592;1.54279801;2.80738560;-0.02385970;0.00000000;0.00000000
1099;109.90000000;0.00000000;-16.65002027;-7.27358013;1.62920181;1.53520875;2.80611796;0.00009435;0.00000000;0.00000000
1100;110.00000000;0.00000000;-16.74438424;-7.24064444;1.63736187;1.53417392;2.80740447;0.01532723;0.00000000;0.00000000
1101;110.10000000;0.00000000;-16.83885380;-7.20801501;1.63088355;1.53931738;2.80918340;0.00143602;0.00000000;0.00000000
1102;110.20000000;0.00000000;-16.93333296;-7.17541575;1.61751531;1.55086663;2.80769167;0.01859532;0.00000000;0.00000000
1103;110.30000000;0.00000000;-17.02770354;-7.14250505;1.60992157;1.56903344;2.81290247;0.09243117;0.00000000;0.00000000
1104;110.40000000;0.00000000;-17.12251637;-7.11089247;1.60988489;1.57488106;2.82617791;0.10159079;0.00000000;0.00000000
1105;110.50000000;0.00000000;-17.21772927;-7.08049807;1.60734478;1.57926809;2.83322063;0.04299440;0.00000000;0.00000000
1106;110.60000000;0.00000000;-17.31298029;-7.05022335;1.59555935;1.57737694;2.83477679;0.02282781;0.00000000;0.00000000
1107;110.70000000;0.00000000;-17.40828727;-7.02012545;1.58671927;1.57064017;2.83778619;0.04188137;0.00000000;0.00000000
1108;110.80000000;0.00000000;-17.50371871;-6.99042458;1.58456411;1.56983299;2.84315306;0.06146650;0.00000000;0.00000000
1109;110.90000000;0.00000000;-17.59934333;-6.96135138;1.57618015;1.57472469;2.85007949;0.03357869;0.00000000;0.00000000
1110;111.00000000;0.00000000;-17.69517711;-6.93297530;1.56430977;1.58519187;2.84986880;-0.03405488;0.00000000;0.00000000
1111;111.10000000;0.00000000;-17.79078932;-6.90386185;1.55800067;1.58356451;2.84326851;-0.01633226;0.00000000;0.00000000
1112;111.20000000;0.00000000;-17.88624007;-6.87422325;1.55754123;1.58442379;2.84660235;0.05522154;0.00000000;0.00000000
1113;111.30000000;0.00000000;-17.98204312;-6.84574831;1.56425565;1.59036117;2.85431282;0.06344256;0.00000000;0.00000000
1114;111.40000000;0.00000000;-18.07793967;-6.81758507;1.55429459;1.60220047;2.85929086;0.05628334;0.00000000;0.00000000
1115;111.50000000;0.00000000;-18.17402218;-6.79006514;1.55139408;1.61652017;2.86556949;0.06298911;0.00000000;0.00000000
1116;111.60000000;0.00000000;-18.27026452;-6.76310837;1.55550965;1.61040925;2.87188868;0.07087950;0.00000000;0.00000000
1117;111.70000000;0.00000000;-18.36668708;-6.73680496;1.54619156;1.60981217;2.87974539;0.08940574;0.00000000;0.00000000
1118;111.80000000;0.00000000;-18.46334020;-6.71136399;1.53447735;1.61452070;2.88976983;0.09228653;0.00000000;0.00000000
1119;111.90000000;0.00000000;-18.56026948;-6.68699921;1.53033012;1.60967514;2.89820269;0.07802048;0.00000000;0.00000000
1120;112.00000000;0.00000000;-18.65733912;-6.66319160;1.53327642;1.60200422;2.90537392;0.10047645;0.00000000;0.00000000
1121;112.10000000;0.00000000;-18.75460591;-6.64021997;1.54355692;1.59969090;2.91829798;0.15087608;0.00000000;0.00000000
1122;112.20000000;0.00000000;-18.85225412;-6.61893003;1.54696484;1.60189398;2.93554914;0.17404187;0.00000000;0.00000000
1123;112.30000000;0.00000000;-18.95025600;-6.59932721;1.54951650;1.60859497;2.95310636;0.18481235;0.00000000;0.00000000
1124;112.40000000;0.00000000;-19.04859081;-6.58147869;1.56025655;1.59962098;2.97251161;0.20254836;0.00000000;0.00000000
1125;112.50000000;0.00000000;-19.14727902;-6.56569322;1.57931479;1.58702439;2.99361603;0.21577242;0.00000000;0.00000000
1126;112.60000000;0.00000000;-19.24627991;-6.55200991;1.58180003;1.55993262;3.01566610;0.19036717;0.00000000;0.00000000
1127;112.70000000;0.00000000;-19.34557156;-6.54059009;1.58833047;1.53662563;3.03168946;0.16679776;0.00000000;0.00000000
1128;112.80000000;0.00000000;-19.44496302;-6.53008566;1.60199375;1.51863665;3.04902565;0.21758049;0.00000000;0.00000000
1129;112.90000000;0.00000000;-19.54459124;-6.52211464;1.62241862;1.50454181;3.07520556;0.27034651;0.00000000;0.00000000
1130;113.00000000;0.00000000;-19.64439730;-6.51682632;1.61713461;1.49431712;3.10309495;0.24470500;0.00000000;0.00000000
1131;113.10000000;0.00000000;-19.74431252;-6.51442203;1.61473198;1.48785230;3.12414656;0.20766916;0.00000000;0.00000000
1132;113.20000000;0.00000000;-19.84425250;-6.51333927;1.61365015;1.48676587;3.14462878;0.24877508;0.00000000;0.00000000
1133;113.30000000;0.00000000;-19.94417888;-6.51502885;1.61534039;1.48507600;3.17390158;0.26755877;0.00000000;0.00000000
1134;113.40000000;0.00000000;-20.04400373;-6.51979526;1.62010887;1.48030831;3.19814054;0.23490221;0.00000000;0.00000000
1135;113.50000000;0.00000000;-20.14373476;-6.52632535;1.62664253;1.47377596;3.22088202;0.27020814;0.00000000;0.00000000
1136;113.60000000;0.00000000;-20.24323684;-6.53562552;1.63595028;1.46447110;3.25218216;0.33393772;0.00000000;0.00000000
1137;113.70000000;0.00000000;-20.34235159;-6.54838028;1.64871979;1.45170762;3.28766956;0.32836935;0.00000000;0.00000000
1138;113.80000000;0.00000000;-20.44094007;-6.56471258;1.66507723;1.43536168;3.31785603;0.28834125;0.00000000;0.00000000
1139;113.90000000;0.00000000;-20.53911510;-6.58342618;1.68382501;1.41663176;3.34533781;0.30874381;0.00000000;0.00000000
1140;114.00000000;0.00000000;-20.63665642;-6.60514994;1.70559774;1.39921040;3.37960479;0.33293723;0.00000000;0.00000000
1141;114.10000000;0.00000000;-20.73330711;-6.63053926;1.73105876;1.38502121;3.41192526;0.31040084;0.00000000;0.00000000
1142;114.20000000;0.00000000;-20.82925153;-6.65852118;1.75913422;1.37526677;3.44168496;0.32979808;0.00000000;0.00000000
1143;114.30000000;0.00000000;-20.92422021;-6.68961491;1.77122875;1.36363765;3.47788487;0.34188945;0.00000000;0.00000000
1144;114.40000000;0.00000000;-21.01787684;-6.72445904;1.76466446;1.35430337;3.51006285;0.30213981;0.00000000;0.00000000
1145;114.50000000;0.00000000;-21.11066257;-6.76160110;1.76561029;1.34985146;3.53831284;0.32378826;0.00000000;0.00000000
1146;114.60000000;0.00000000;-21.20220150;-6.80167862;1.75457497;1.34960292;3.57482050;0.39059463;0.00000000;0.00000000
1147;114.70000000;0.00000000;-21.29201555;-6.84548295;1.74844858;1.35264353;3.61643176;0.39333197;0.00000000;0.00000000
1148;114.80000000;0.00000000;-21.37990452;-6.89303018;1.75222700;1.35884410;3.65348690;0.35789623;0.00000000;0.00000000
1149;114.90000000;0.00000000;-21.46623899;-6.94337009;1.76354010;1.36915650;3.68801101;0.32890259;0.00000000;0.00000000
1150;115.00000000;0.00000000;-21.55063827;-6.99686840;1.77500942;1.38297586;3.71926742;0.30527304;0.00000000;0.00000000
1151;115.10000000;0.00000000;-21.63366356;-7.05250582;1.78277297;1.40131960;3.74906562;0.34230865;0.00000000;0.00000000
1152;115.20000000;0.00000000;-21.71472651;-7.11093664;1.76888424;1.41728630;3.78772915;0.40997500;0.00000000;0.00000000
1153;115.30000000;0.00000000;-21.79319259;-7.17281080;1.76487685;1.42899858;3.83106061;0.40906359;0.00000000;0.00000000
1154;115.40000000;0.00000000;-21.86889383;-7.23803865;1.75289453;1.43639547;3.86954186;0.35092138;0.00000000;0.00000000
1155;115.50000000;0.00000000;-21.94237871;-7.30577011;1.74278181;1.44046036;3.90124489;0.30928823;0.00000000;0.00000000
1156;115.60000000;0.00000000;-22.01380248;-7.37567141;1.74135772;1.44153600;3.93139951;0.32665364;0.00000000;0.00000000
1157;115.70000000;0.00000000;-22.08307102;-7.44770846;1.74331325;1.44527022;3.96657562;0.36301741;0.00000000;0.00000000
1158;115.80000000;0.00000000;-22.14939704;-7.52244948;1.74925600;1.45190274;4.00400299;0.34862220;0.00000000;0.00000000
1159;115.90000000;0.00000000;-22.21308396;-7.59946400;1.74072758;1.46189338;4.03630006;0.33332505;0.00000000;0.00000000
1160;116.00000000;0.00000000;-22.27445401;-7.67833944;1.72618701;1.47566653;4.07066800;0.37640783;0.00000000;0.00000000
1161;116.10000000;0.00000000;-22.33269533;-7.75953869;1.71557042;1.47449487;4.11158162;0.37418861;0.00000000;0.00000000
1162;116.20000000;0.00000000;-22.38740722;-7.84315700;1.71371091;1.46806496;4.14550572;0.29275210;0.00000000;0.00000000
1163;116.30000000;0.00000000;-22.44001839;-7.92813188;1.71601656;1.46592327;4.17013204;0.25276748;0.00000000;0.00000000
1164;116.40000000;0.00000000;-22.49055265;-8.01435226;1.70679230;1.46817011;4.19605922;0.29310314;0.00000000;0.00000000
1165;116.50000000;0.00000000;-22.53868609;-8.10193485;1.69118880;1.47444672;4.22875267;0.34017710;0.00000000;0.00000000
1166;116.60000000;0.00000000;-22.58347214;-8.19126039;1.66563896;1.48369026;4.26409464;0.32671896;0.00000000;0.00000000
1167;116.70000000;0.00000000;-22.62530024;-8.28202339;1.64901704;1.47779097;4.29409646;0.28619114;0.00000000;0.00000000
1168;116.80000000;0.00000000;-22.66465385;-8.37388568;1.64103569;1.47582061;4.32133287;0.27368628;0.00000000;0.00000000
1169;116.90000000;0.00000000;-22.70147779;-8.46679031;1.64185497;1.47787881;4.34883372;0.27614569;0.00000000;0.00000000
1170;117.00000000;0.00000000;-22.73572152;-8.56067617;1.65148538;1.48392279;4.37656201;0.27331623;0.00000000;0.00000000
1171;117.10000000;0.00000000;-22.76733914;-8.65547850;1.66978764;1.49387881;4.40349697;0.26372280;0.00000000;0.00000000
1172;117.20000000;0.00000000;-22.79647903;-8.75107517;1.67647178;1.50783929;4.42930657;0.26806865;0.00000000;0.00000000
1173;117.30000000;0.00000000;-22.82316315;-8.84738310;1.67715626;1.52572835;4.45711070;0.29176682;0.00000000;0.00000000
1174;117.40000000;0.00000000;-22.84694364;-8.94444691;1.65344061;1.54696792;4.48765993;0.30112832;0.00000000;0.00000000
1175;117.50000000;0.00000000;-22.86769794;-9.04220676;1.63274111;1.54015856;4.51733636;0.29087011;0.00000000;0.00000000
1176;117.60000000;0.00000000;-22.88567993;-9.14051601;1.61480398;1.53160398;4.54583395;0.28712725;0.00000000;0.00000000
1177;117.70000000;0.00000000;-22.90083228;-9.23930310;1.59968606;1.52667572;4.57476181;0.29335896;0.00000000;0.00000000
1178;117.80000000;0.00000000;-22.91310019;-9.33849226;1.58744256;1.52537077;4.60450575;0.30207480;0.00000000;0.00000000
1179;117.90000000;0.00000000;-22.92235294;-9.43800962;1.57820514;1.52757941;4.63517677;0.30784046;0.00000000;0.00000000
1180;118.00000000;0.00000000;-22.92851710;-9.53776472;1.57204909;1.52955583;4.66607384;0.30538681;0.00000000;0.00000000
1181;118.10000000;0.00000000;-22.93160637;-9.63765959;1.56896314;1.53222532;4.69625413;0.29687407;0.00000000;0.00000000
1182;118.20000000;0.00000000;-22.93174169;-9.73759957;1.56882887;1.53235999;-1.55773666;0.28905869;0.00000000;0.00000000
1183;118.30000000;0.00000000;-22.92899638;-9.83749939;1.57157525;1.52961406;-1.52911944;0.28520371;0.00000000;0.00000000
1184;118.40000000;0.00000000;-22.92341482;-9.93727969;1.57716008;1.52402963;-1.50069592;0.28337233;0.00000000;0.00000000
1185;118.50000000;0.00000000;-22.91499826;-10.03685899;1.58558431;1.52171894;-1.47244497;0.27803733;0.00000000;0.00000000
1186;118.60000000;0.00000000;-22.90379096;-10.13616408;1.59680574;1.52316461;-1.44508845;0.27039195;0.00000000;0.00000000
1187;118.70000000;0.00000000;-22.88994113;-10.23513614;1.61067798;1.52849529;-1.41836658;0.27247976;0.00000000;0.00000000
1188;118.80000000;0.00000000;-22.87344501;-10.33370133;1.62720717;1.53765292;-1.39059250;0.28311383;0.00000000;0.00000000
1189;118.90000000;0.00000000;-22.85412135;-10.43175356;1.62672676;1.55036979;-1.36174382;0.28143495;0.00000000;0.00000000
1190;119.00000000;0.00000000;-22.83196755;-10.52920946;1.62049620;1.54213892;-1.33430551;0.26899651;0.00000000;0.00000000
1191;119.10000000;0.00000000;-22.80729316;-10.62606095;1.62300725;1.53193747;-1.30794451;0.26350240;0.00000000;0.00000000
1192;119.20000000;0.00000000;-22.78003324;-10.72221819;1.63430257;1.52554134;-1.28160503;0.27010927;0.00000000;0.00000000
1193;119.30000000;0.00000000;-22.75029348;-10.81763571;1.65410689;1.52309258;-1.25392266;0.26508157;0.00000000;0.00000000
1194;119.40000000;0.00000000;-22.71775641;-10.91213096;1.65730780;1.52425410;-1.22858871;0.23604866;0.00000000;0.00000000
1195;119.50000000;0.00000000;-22.68322305;-11.00591805;1.66584217;1.52040942;-1.20671293;0.22295446;0.00000000;0.00000000
1196;119.60000000;0.00000000;-22.64658425;-11.09889925;1.66622411;1.50593964;-1.18399782;0.21649736;0.00000000;0.00000000
1197;119.70000000;0.00000000;-22.60782858;-11.19101810;1.65796004;1.49572984;-1.16341345;0.20944031;0.00000000;0.00000000
1198;119.80000000;0.00000000;-22.56739254;-11.28241593;1.65752635;1.49033009;-1.14210976;0.23439229;0.00000000;0.00000000
1199;119.90000000;0.00000000;-22.52475272;-11.37279051;1.66552606;1.48919350;-1.11653500;0.23188625;0.00000000;0.00000000
1200;120.00000000;0.00000000;-22.47969660;-11.46200237;1.68208364;1.49207898;-1.09573251;0.18642072;0.00000000;0.00000000
1201;120.10000000;0.00000000;-22.43332797;-11.55053766;1.70577713;1.49727799;-1.07925085;0.15533490;0.00000000;0.00000000
1202;120.20000000;0.00000000;-22.38535528;-11.63821779;1.69619124;1.49763962;-1.06466553;0.14659073;0.00000000;0.00000000
1203;120.30000000;0.00000000;-22.33642220;-11.72536636;1.68543592;1.48519378;-1.04993271;0.17261077;0.00000000;0.00000000
1204;120.40000000;0.00000000;-22.28588701;-11.81159532;1.68241327;1.47756425;-1.03014337;0.21886793;0.00000000;0.00000000
1205;120.50000000;0.00000000;-22.23354570;-11.89673648;1.68742597;1.47456714;-1.00615912;0.24329888;0.00000000;0.00000000
1206;120.60000000;0.00000000;-22.17893938;-11.98043466;1.69606856;1.47565464;-0.98148360;0.22306504;0.00000000;0.00000000
1207;120.70000000;0.00000000;-22.12246353;-12.06288770;1.70131307;1.48125455;-0.96154611;0.18389893;0.00000000;0.00000000
1208;120.80000000;0.00000000;-22.06456034;-12.14434765;1.69094917;1.47922461;-0.94470381;0.16733945;0.00000000;0.00000000
1209;120.90000000;0.00000000;-22.00533843;-12.22485353;1.67731035;1.46946153;-0.92807822;0.16298915;0.00000000;0.00000000
1210;121.00000000;0.00000000;-21.94475754;-12.30434556;1.67124723;1.46476480;-0.91210598;0.18476533;0.00000000;0.00000000
1211;121.10000000;0.00000000;-21.88299181;-12.38292235;1.67264633;1.46538316;-0.89112516;0.21034604;0.00000000;0.00000000
1212;121.20000000;0.00000000;-21.81912969;-12.45980294;1.68267895;1.47011478;-0.87003677;0.19476900;0.00000000;0.00000000
1213;121.30000000;0.00000000;-21.75410739;-12.53570366;1.70003259;1.47780995;-0.85217136;0.17152170;0.00000000;0.00000000
1214;121.40000000;0.00000000;-21.68754439;-12.61024837;1.69861680;1.48345555;-0.83573243;0.12877743;0.00000000;0.00000000
1215;121.50000000;0.00000000;-21.62006078;-12.68397242;1.69420414;1.48786918;-0.82641587;0.09445775;0.00000000;0.00000000
1216;121.60000000;0.00000000;-21.55211585;-12.75726882;1.68675914;1.49165399;-0.81684088;0.14035141;0.00000000;0.00000000
1217;121.70000000;0.00000000;-21.48323390;-12.82968607;1.65920436;1.49415420;-0.79834559;0.18303660;0.00000000;0.00000000
1218;121.80000000;0.00000000;-21.41262323;-12.90042116;1.63966967;1.49424233;-0.78023357;0.16547120;0.00000000;0.00000000
1219;121.90000000;0.00000000;-21.34116345;-12.97029657;1.62725675;1.49534306;-0.76525135;0.15533459;0.00000000;0.00000000
1220;122.00000000;0.00000000;-21.26847026;-13.03887964;1.62270884;1.50132563;-0.74916665;0.14666071;0.00000000;0.00000000
1221;122.10000000;0.00000000;-21.19480063;-13.10642000;1.62573557;1.51248506;-0.73591921;0.14326899;0.00000000;0.00000000
1222;122.20000000;0.00000000;-21.12031430;-13.17305475;1.63128331;1.52891015;-0.72051285;0.12625129;0.00000000;0.00000000
1223;122.30000000;0.00000000;-21.04459737;-13.23829481;1.63868516;1.54358379;-0.71066895;0.07208064;0.00000000;0.00000000
1224;122.40000000;0.00000000;-20.96881017;-13.30345322;1.64619442;1.53606605;-0.70609672;0.07812399;0.00000000;0.00000000
1225;122.50000000;0.00000000;-20.89250058;-13.36799753;1.64438551;1.52774428;-0.69504415;0.12231026;0.00000000;0.00000000
1226;122.60000000;0.00000000;-20.81529608;-13.43146121;1.62991423;1.52201638;-0.68163467;0.11650825;0.00000000;0.00000000
1227;122.70000000;0.00000000;-20.73728310;-13.49393612;1.61769602;1.52156366;-0.67174250;0.08766031;0.00000000;0.00000000
1228;122.80000000;0.00000000;-20.65883394;-13.55586337;1.60016883;1.52696646;-0.66410261;0.10223654;0.00000000;0.00000000
1229;122.90000000;0.00000000;-20.57987479;-13.61713956;1.58957191;1.53803732;-0.65129519;0.12663524;0.00000000;0.00000000
1230;123.00000000;0.00000000;-20.49986708;-13.67703588;1.58695105;1.54537119;-0.63877556;0.10779030;0.00000000;0.00000000
1231;123.10000000;0.00000000;-20.41939908;-13.73631562;1.59138571;1.54242518;-0.62973713;0.10643853;0.00000000;0.00000000
1232;123.20000000;0.00000000;-20.33832317;-13.79475489;1.60308159;1.54491315;-0.61748785;0.12742081;0.00000000;0.00000000
1233;123.30000000;0.00000000;-20.25642802;-13.85204517;1.58692194;1.55243710;-0.60425297;0.11302828;0.00000000;0.00000000
1234;123.40000000;0.00000000;-20.17383022;-13.90832059;1.57245782;1.56509784;-0.59488219;0.09622763;0.00000000;0.00000000
1235;123.50000000;0.00000000;-20.09087455;-13.96406688;1.56489658;1.58335235;-0.58500745;0.10264145;0.00000000;0.00000000
1236;123.60000000;0.00000000;-20.00718453;-14.01869819;1.56270040;1.60280854;-0.57435390;0.08283870;0.00000000;0.00000000
1237;123.70000000;0.00000000;-19.92306016;-14.07266435;1.54393330;1.61790611;-0.56843971;0.04927303;0.00000000;0.00000000
1238;123.80000000;0.00000000;-19.83872696;-14.12630374;1.52830730;1.63480617;-0.56449930;0.07132718;0.00000000;0.00000000
1239;123.90000000;0.00000000;-19.75417983;-14.17960531;1.51950911;1.65718405;-0.55417427;0.11598427;0.00000000;0.00000000
1240;124.00000000;0.00000000;-19.66875683;-14.23149202;1.51892153;1.65988981;-0.54130245;0.11604598;0.00000000;0.00000000
1241;124.10000000;0.00000000;-19.58286636;-14.28259921;1.52580323;1.65259239;-0.53096508;0.09939796;0.00000000;0.00000000
1242;124.20000000;0.00000000;-19.49639170;-14.33270726;1.54029770;1.65016556;-0.52142285;0.07549787;0.00000000;0.00000000
1243;124.30000000;0.00000000;-19.40954075;-14.38216657;1.54099675;1.65303781;-0.51586550;0.06689892;0.00000000;0.00000000
1244;124.40000000;0.00000000;-19.32251298;-14.43131125;1.53309312;1.65589949;-0.50804307;0.06862305;0.00000000;0.00000000
1245;124.50000000;0.00000000;-19.23489888;-14.47940582;1.53288646;1.64579209;-0.50214089;0.04365757;0.00000000;0.00000000
1246;124.60000000;0.00000000;-19.14729580;-14.52752048;1.53553945;1.63120278;-0.49931156;0.04454982;0.00000000;0.00000000
1247;124.70000000;0.00000000;-19.05941134;-14.57511829;1.52555737;1.62206223;-0.49323093;0.05420054;0.00000000;0.00000000
1248;124.80000000;0.00000000;-18.97123026;-14.62216371;1.51586722;1.61842450;-0.48847145;0.04052101;0.00000000;0.00000000
1249;124.90000000;0.00000000;-18.88289632;-14.66892302;1.51305699;1.62062899;-0.48512673;0.05170441;0.00000000;0.00000000
1250;125.00000000;0.00000000;-18.79440327;-14.71537710;1.51718467;1.62863215;-0.47813057;0.07431843;0.00000000;0.00000000
1251;125.10000000;0.00000000;-18.70542383;-14.76089584;1.52889658;1.61587756;-0.47026304;0.04843021;0.00000000;0.00000000
1252;125.20000000;0.00000000;-18.61620939;-14.80595249;1.54749655;1.60010320;-0.46844453;0.00034179;0.00000000;0.00000000
1253;125.30000000;0.00000000;-18.52706489;-14.85114735;1.56021921;1.59061954;-0.47019468;-0.00757208;0.00000000;0.00000000
1254;125.40000000;0.00000000;-18.43800875;-14.89651599;1.56066156;1.58757942;-0.46995894;0.03473177;0.00000000;0.00000000
1255;125.50000000;0.00000000;-18.34884319;-14.94166869;1.56225302;1.59058361;-0.46324833;0.08810703;0.00000000;0.00000000
1256;125.60000000;0.00000000;-18.25919009;-14.98583609;1.56634033;1.59570697;-0.45233754;0.08456914;0.00000000;0.00000000
1257;125.70000000;0.00000000;-18.16906042;-15.02903257;1.56505835;1.58995832;-0.44633450;0.03042234;0.00000000;0.00000000
1258;125.80000000;0.00000000;-18.07887967;-15.07212224;1.55853410;1.58036905;-0.44625307;0.03510429;0.00000000;0.00000000
1259;125.90000000;0.00000000;-17.98874426;-15.11530342;1.55830348;1.57717020;-0.43931364;0.07427198;0.00000000;0.00000000
1260;126.00000000;0.00000000;-17.89797404;-15.15713745;1.56595260;1.57881167;-0.43139867;0.04414397;0.00000000;0.00000000
1261;126.10000000;0.00000000;-17.80716497;-15.19888708;1.57999154;1.58666705;-0.43048485;0.00896007;0.00000000;0.00000000
1262;126.20000000;0.00000000;-17.71631845;-15.24055515;1.57720400;1.60064796;-0.42960666;0.00855457;0.00000000;0.00000000
1263;126.30000000;0.00000000;-17.62543620;-15.28214522;1.57471497;1.58705629;-0.42877393;0.03048784;0.00000000;0.00000000
1264;126.40000000;0.00000000;-17.53452041;-15.32366192;1.57864332;1.57268186;-0.42350909;0.06346594;0.00000000;0.00000000
1265;126.50000000;0.00000000;-17.44320777;-15.36429162;1.58982353;1.56360246;-0.41608075;0.06499885;0.00000000;0.00000000
1266;126.60000000;0.00000000;-17.35168526;-15.40445310;1.59692084;1.56036955;-0.41050932;0.06460279;0.00000000;0.00000000
1267;126.70000000;0.00000000;-17.25992564;-15.44406276;1.60175710;1.55610564;-0.40316019;0.06888674;0.00000000;0.00000000
1268;126.80000000;0.00000000;-17.16782272;-15.48287475;1.60463373;1.54639341;-0.39673197;0.06919848;0.00000000;0.00000000
1269;126.90000000;0.00000000;-17.07556085;-15.52130171;1.60279367;1.54269039;-0.38932049;0.05886991;0.00000000;0.00000000
1270;127.00000000;0.00000000;-16.98289280;-15.55874425;1.58493873;1.54439221;-0.38495799;0.01161483;0.00000000;0.00000000
1271;127.10000000;0.00000000;-16.89029717;-15.59636557;1.57305055;1.55273135;-0.38699753;-0.02201163;0.00000000;0.00000000
1272;127.20000000;0.00000000;-16.79778260;-15.63418581;1.56724305;1.56043638;-0.38936032;-0.02530860;0.00000000;0.00000000
1273;127.30000000;0.00000000;-16.70536576;-15.67224429;1.56535909;1.56155528;-0.39205925;0.00792120;0.00000000;0.00000000
1274;127.40000000;0.00000000;-16.61305670;-15.71056335;1.56585937;1.54235439;-0.38777608;0.08041352;0.00000000;0.00000000
1275;127.50000000;0.00000000;-16.52031825;-15.74782835;1.56600226;1.52832467;-0.37597654;0.11963142;0.00000000;0.00000000
1276;127.60000000;0.00000000;-16.42713205;-15.78395801;1.56982330;1.51952881;-0.36384979;0.09569124;0.00000000;0.00000000
1277;127.70000000;0.00000000;-16.33351774;-15.81896282;1.58116193;1.51607604;-0.35683830;0.03290920;0.00000000;0.00000000
1278;127.80000000;0.00000000;-16.23983275;-15.85378272;1.59887437;1.51900736;-0.35726795;0.00448000;0.00000000;0.00000000
1279;127.90000000;0.00000000;-16.14624707;-15.88886851;1.61680109;1.52876398;-0.35594230;0.03462065;0.00000000;0.00000000
1280;128.00000000;0.00000000;-16.05247217;-15.92343913;1.62085078;1.54424888;-0.35034382;0.03639551;0.00000000;0.00000000
1281;128.10000000;0.00000000;-15.95849945;-15.95747491;1.62915631;1.54632464;-0.34866319;0.00898174;0.00000000;0.00000000
1282;128.20000000;0.00000000;-15.86460681;-15.99173087;1.63514790;1.54949007;-0.34854747;0.03949854;0.00000000;0.00000000
1283;128.30000000;0.00000000;-15.77062812;-16.02574421;1.62166241;1.54001878;-0.34076349;0.10293867;0.00000000;0.00000000
1284;128.40000000;0.00000000;-15.67621510;-16.05853384;1.61556123;1.52563360;-0.32795974;0.12036490;0.00000000;0.00000000
1285;128.50000000;0.00000000;-15.58139559;-16.09012998;1.61446339;1.51644836;-0.31669051;0.07704963;0.00000000;0.00000000
1286;128.60000000;0.00000000;-15.48626603;-16.12078404;1.61723486;1.51282839;-0.31254981;0.04755033;0.00000000;0.00000000
1287;128.70000000;0.00000000;-15.39118761;-16.15159402;1.62599312;1.51596794;-0.30718044;0.05126943;0.00000000;0.00000000
1288;128.80000000;0.00000000;-15.29573431;-16.18122479;1.63507182;1.51779763;-0.30229593;0.00924364;0.00000000;0.00000000
1289;128.90000000;0.00000000;-15.20035869;-16.21110472;1.62539372;1.50871297;-0.30533171;0.00852283;0.00000000;0.00000000
1290;129.00000000;0.00000000;-15.10508704;-16.24131449;1.61899899;1.50656581;-0.30059136;0.08715463;0.00000000;0.00000000
1291;129.10000000;0.00000000;-15.00943288;-16.27028873;1.62005427;1.50975087;-0.28790079;0.12415040;0.00000000;0.00000000
1292;129.20000000;0.00000000;-14.91342595;-16.29807072;1.62849509;1.51828370;-0.27576128;0.08497301;0.00000000;0.00000000
1293;129.30000000;0.00000000;-14.81709700;-16.32471414;1.64414735;1.51909320;-0.27090619;0.04190714;0.00000000;0.00000000
1294;129.40000000;0.00000000;-14.72082427;-16.35156275;1.65178287;1.51524907;-0.26737986;0.03945121;0.00000000;0.00000000
1295;129.50000000;0.00000000;-14.62431027;-16.37752601;1.63494992;1.51707382;-0.26301594;0.04142769;0.00000000;0.00000000
1296;129.60000000;0.00000000;-14.52780690;-16.40353336;1.62405875;1.51794456;-0.25909432;0.04300841;0.00000000;0.00000000
1297;129.70000000;0.00000000;-14.43109262;-16.42873874;1.62010402;1.50766987;-0.25441426;0.04455235;0.00000000;0.00000000
1298;129.80000000;0.00000000;-14.33435004;-16.45384168;1.62241478;1.50387484;-0.25018385;0.04568449;0.00000000;0.00000000
1299;129.90000000;0.00000000;-14.23742626;-16.47822781;1.63159290;1.50597645;-0.24527737;0.04677653;0.00000000;0.00000000
1300;130.00000000;0.00000000;-14.14044201;-16.50238024;1.63073655;1.51444482;-0.24082854;0.04744420;0.00000000;0.00000000
1301;130.10000000;0.00000000;-14.04330527;-16.52590296;1.63023083;1.52877368;-0.23578853;0.04520366;0.00000000;0.00000000
1302;130.20000000;0.00000000;-13.94608251;-16.54907658;1.63186265;1.54908086;-0.23178781;0.05793490;0.00000000;0.00000000
1303;130.30000000;0.00000000;-13.84876008;-16.57182145;1.63604024;1.54126874;-0.22420155;0.06955193;0.00000000;0.00000000
1304;130.40000000;0.00000000;-13.75119810;-16.59351710;1.62702978;1.53626341;-0.21787742;0.03876725;0.00000000;0.00000000
1305;130.50000000;0.00000000;-13.65359476;-16.61502945;1.62431912;1.53756371;-0.21644810;0.03635143;0.00000000;0.00000000
1306;130.60000000;0.00000000;-13.55597113;-16.63644611;1.62784991;1.54524326;-0.21060714;0.06611401;0.00000000;0.00000000
1307;130.70000000;0.00000000;-13.45812414;-16.65681662;1.63854504;1.55824936;-0.20322529;0.04869082;0.00000000;0.00000000
1308;130.80000000;0.00000000;-13.36019410;-16.67678990;1.62572104;1.56241119;-0.20086897;0.02495614;0.00000000;0.00000000
1309;130.90000000;0.00000000;-13.26225210;-16.69669908;1.61431629;1.55704358;-0.19823407;0.02389598;0.00000000;0.00000000
1310;131.00000000;0.00000000;-13.16421819;-16.71615601;1.60951182;1.55191799;-0.19608978;0.02249189;0.00000000;0.00000000
1311;131.10000000;0.00000000;-13.06619157;-16.73564500;1.61087306;1.55325288;-0.19373569;0.02090246;0.00000000;0.00000000
1312;131.20000000;0.00000000;-12.96806716;-16.75464015;1.61891761;1.56049847;-0.19190929;0.03267304;0.00000000;0.00000000
1313;131.30000000;0.00000000;-12.86996983;-16.77377098;1.62637920;1.57420580;-0.18720108;0.06683304;0.00000000;0.00000000
1314;131.40000000;0.00000000;-12.77167177;-16.79184116;1.60828851;1.57246169;-0.17854268;0.05477334;0.00000000;0.00000000
1315;131.50000000;0.00000000;-12.67325709;-16.80927062;1.59516255;1.56102452;-0.17624641;0.03464680;0.00000000;0.00000000
1316;131.60000000;0.00000000;-12.57487687;-16.82688921;1.58319993;1.55612856;-0.17161332;0.07037577;0.00000000;0.00000000
1317;131.70000000;0.00000000;-12.47630580;-16.84340585;1.57731774;1.55652595;-0.16217126;0.06027548;0.00000000;0.00000000
1318;131.80000000;0.00000000;-12.37760961;-16.85916372;1.57852590;1.56256060;-0.15955822;0.03434194;0.00000000;0.00000000
1319;131.90000000;0.00000000;-12.27895334;-16.87516503;1.58579851;1.55841964;-0.15530287;0.07271496;0.00000000;0.00000000
1320;132.00000000;0.00000000;-12.18012706;-16.89008230;1.60037727;1.54616295;-0.14501523;0.09692451;0.00000000;0.00000000
1321;132.10000000;0.00000000;-12.08116194;-16.90405056;1.59681341;1.53934855;-0.13591797;0.08211005;0.00000000;0.00000000
1322;132.20000000;0.00000000;-11.98208046;-16.91716739;1.59007637;1.53814918;-0.12859322;0.02913492;0.00000000;0.00000000
1323;132.30000000;0.00000000;-11.88292139;-16.92968440;1.59021174;1.53873325;-0.13009098;-0.04355250;0.00000000;0.00000000
1324;132.40000000;0.00000000;-11.78387950;-16.94309799;1.59571544;1.54457755;-0.13730372;-0.02775913;0.00000000;0.00000000
1325;132.50000000;0.00000000;-11.68491155;-16.95704404;1.60689476;1.55736036;-0.13564281;0.01815408;0.00000000;0.00000000
1326;132.60000000;0.00000000;-11.58582547;-16.97012858;1.62500978;1.57042503;-0.13367290;0.01818408;0.00000000;0.00000000
1327;132.70000000;0.00000000;-11.48680312;-16.98368463;1.61635643;1.57509475;-0.13200599;0.01328000;0.00000000;0.00000000
1328;132.80000000;0.00000000;-11.38767403;-16.99643876;1.60360896;1.55689593;-0.13101690;0.00806113;0.00000000;0.00000000
1329;132.90000000;0.00000000;-11.28862488;-17.00979893;1.59256101;1.54557025;-0.13039377;0.00259140;0.00000000;0.00000000
1330;133.00000000;0.00000000;-11.18948001;-17.02242949;1.58847567;1.53992270;-0.13049862;0.00109321;0.00000000;0.00000000
1331;133.10000000;0.00000000;-11.09043351;-17.03581045;1.58991624;1.54150748;-0.13017513;0.04401361;0.00000000;0.00000000
1332;133.20000000;0.00000000;-10.99128038;-17.04837688;1.59588143;1.54873402;-0.12169590;0.08740037;0.00000000;0.00000000
1333;133.30000000;0.00000000;-10.89202124;-17.06007632;1.60559450;1.56044589;-0.11269505;0.08929964;0.00000000;0.00000000
1334;133.40000000;0.00000000;-10.79265799;-17.07085589;1.62233007;1.57123595;-0.10383597;0.04272840;0.00000000;0.00000000
1335;133.50000000;0.00000000;-10.69320709;-17.08079490;1.61937803;1.56084597;-0.10414937;-0.04317251;0.00000000;0.00000000
1336;133.60000000;0.00000000;-10.59385052;-17.09163675;1.60852833;1.54281719;-0.11247048;-0.03280155;0.00000000;0.00000000
1337;133.70000000;0.00000000;-10.49457884;-17.10322939;1.59692687;1.53186646;-0.11070968;0.06527820;0.00000000;0.00000000
1338;133.80000000;0.00000000;-10.39518479;-17.11372127;1.59094324;1.52628366;-0.09941484;0.11315252;0.00000000;0.00000000
1339;133.90000000;0.00000000;-10.29567656;-17.12306863;1.59237644;1.52608574;-0.08807918;0.06824904;0.00000000;0.00000000
1340;134.00000000;0.00000000;-10.19607000;-17.13130463;1.60117213;1.53130921;-0.08576503;0.02124589;0.00000000;0.00000000
1341;134.10000000;0.00000000;-10.09651947;-17.14019134;1.61546983;1.54019497;-0.08383000;0.06120873;0.00000000;0.00000000
1342;134.20000000;0.00000000;-9.99688185;-17.14804180;1.63677055;1.54804476;-0.07352328;0.05707025;0.00000000;0.00000000
1343;134.30000000;0.00000000;-9.89716921;-17.15487470;1.64557943;1.52456406;-0.07241595;0.00833093;0.00000000;0.00000000
1344;134.40000000;0.00000000;-9.79751438;-17.16250448;1.63795940;1.50521303;-0.07185709;0.04823361;0.00000000;0.00000000
1345;134.50000000;0.00000000;-9.69779417;-17.16922592;1.63190469;1.49141278;-0.06276923;0.04992783;0.00000000;0.00000000
1346;134.60000000;0.00000000;-9.59801708;-17.17504324;1.63286532;1.48332419;-0.06187153;0.01605338;0.00000000;0.00000000
1347;134.70000000;0.00000000;-9.49828499;-17.18158563;1.63920504;1.48267358;-0.05955856;0.02394573;0.00000000;0.00000000
1348;134.80000000;0.00000000;-9.39848204;-17.18694133;1.65275339;1.48756358;-0.05708238;0.02033772;0.00000000;0.00000000
1349;134.90000000;0.00000000;-9.29871871;-17.19298974;1.67149924;1.49360379;-0.05549101;0.01662162;0.00000000;0.00000000
1350;135.00000000;0.00000000;-9.19889922;-17.19802777;1.69690992;1.49863573;-0.05375806;0.02386418;0.00000000;0.00000000
1351;135.10000000;0.00000000;-9.09911553;-17.20373037;1.69626985;1.50433101;-0.05071818;0.03074736;0.00000000;0.00000000
1352;135.20000000;0.00000000;-8.99926723;-17.20816143;1.69183872;1.50875715;-0.04760859;0.02619949;0.00000000;0.00000000
1353;135.30000000;0.00000000;-8.89944997;-17.21324335;1.68675672;1.51383306;-0.04547828;0.06458736;0.00000000;0.00000000
1354;135.40000000;0.00000000;-8.79958371;-17.21724896;1.68275107;1.51783449;-0.03469112;0.06487423;0.00000000;0.00000000
1355;135.50000000;0.00000000;-8.69968002;-17.22017637;1.67982363;1.52075920;-0.03250343;0.02788033;0.00000000;0.00000000
1356;135.60000000;0.00000000;-8.59979719;-17.22374499;1.67625499;1.52432431;-0.02911505;0.08291411;0.00000000;0.00000000
1357;135.70000000;0.00000000;-8.49987595;-17.22599532;1.67400464;1.52657270;-0.01592061;0.09895537;0.00000000;0.00000000
1358;135.80000000;0.00000000;-8.39993372;-17.22692721;1.67307275;1.52750372;-0.00932398;0.06596633;0.00000000;0.00000000
