id; s_m; d_m; x_m; y_m; d_right; d_left; psi_rad; kappa_radpm; vx_mps; ax_mps2
0;0.00000000;0.00000000;20.00480371;-8.48384821;1.98440760;1.21620732;3.01212722;-0.07264023;12.15725516;0.69249204
1;0.09994463;0.00000000;19.90574123;-8.47058504;1.97112617;1.22947894;3.00486712;-0.07263998;12.16294680;0.68193904
2;0.19988925;0.00000000;19.80678163;-8.45660358;1.95712447;1.24347041;2.99760714;-0.07264353;12.16854910;0.67098413
3;0.29983388;0.00000000;19.70792206;-8.44190342;1.94240225;1.25818232;2.99034658;-0.07264588;12.17405888;0.66037396
4;0.39977850;0.00000000;19.60917601;-8.42648653;1.92696127;1.27361304;2.98308586;-0.07265272;12.17947910;0.64926045
5;0.49972313;0.00000000;19.51054016;-8.41035230;1.91080117;1.28976334;2.97582381;-0.07266627;12.18480576;0.63731783
6;0.59966775;0.00000000;19.41202861;-8.39350293;1.89392398;1.30663149;2.96856051;-0.07268409;12.19003218;0.62491948
7;0.69961238;0.00000000;19.31363739;-8.37593755;1.87632915;1.32421857;2.96129501;-0.07270372;12.19515474;0.61243774
8;0.79955700;0.00000000;19.21538122;-8.35765859;1.85801902;1.34252267;2.95402768;-0.07272763;12.20017290;0.59950578
9;0.89950163;0.00000000;19.11725556;-8.33866496;1.83899291;1.36154512;2.94675740;-0.07275538;12.20508311;0.58619335
10;0.99944626;0.00000000;19.01927568;-8.31895933;1.81925352;1.38128388;2.93948452;-0.07278740;12.20988236;0.57244210
11;1.09939088;0.00000000;18.92143656;-8.29854036;1.79880003;1.40174058;2.93220788;-0.07282264;12.21456722;0.55841347
12;1.19933551;0.00000000;18.82375394;-8.27741100;1.77763553;1.42291299;2.92492791;-0.07286211;12.21913554;0.54395971
13;1.29928013;0.00000000;18.72622238;-8.25556964;1.75575910;1.43138883;2.91764342;-0.07290507;12.22358396;0.52919847
14;1.39922476;0.00000000;18.62885805;-8.23301948;1.73317429;1.42261214;2.91035483;-0.07295225;12.22791012;0.51402301
15;1.49916938;0.00000000;18.53165514;-8.20975868;1.70988009;1.42155704;2.90306093;-0.07300297;12.23211076;0.49854182
16;1.59911401;0.00000000;18.43463021;-8.18579070;1.68987335;1.42824133;2.89576218;-0.07305789;12.23618351;0.48265845
17;1.69905864;0.00000000;18.33777712;-8.16111343;1.67487313;1.44255839;2.88845732;-0.07311644;12.24012521;0.46646443
18;1.79900326;0.00000000;18.24111277;-8.13573060;1.66501679;1.46428248;2.88114685;-0.07317919;12.24393345;0.44987980
19;1.89894789;0.00000000;18.14463077;-8.10963987;1.66039464;1.49039165;2.87382946;-0.07324569;12.24760517;0.43297628
20;1.99889251;0.00000000;18.04834830;-8.08284519;1.66105051;1.51721393;2.86650568;-0.07331637;12.25113790;0.41569370
21;2.09883714;0.00000000;17.95225876;-8.05534401;1.65585748;1.54475272;2.85917418;-0.07339093;12.25452865;0.39808438
22;2.19878176;0.00000000;17.85637956;-8.02714052;1.62756388;1.57300493;2.85183548;-0.07346965;12.25777489;0.38010758
23;2.29872639;0.00000000;17.76070398;-7.99823193;1.59856854;1.60197419;2.84448825;-0.07355240;12.26087373;0.36179269
24;2.39867101;0.00000000;17.66524958;-7.96862269;1.56887734;1.63165729;2.83713301;-0.07363931;12.26382253;-0.14975263
25;2.49861564;0.00000000;17.57000959;-7.93830979;1.53848948;1.66205811;2.82976840;-0.07373038;12.26260206;-1.49427628
26;2.59856027;0.00000000;17.47500167;-7.90729788;1.50741178;1.69317333;2.82239496;-0.07382561;12.25041711;-1.50085917
27;2.69850489;0.00000000;17.38021904;-7.87558376;1.47564390;1.70069868;2.81501130;-0.07392520;12.23816628;-1.50693951
28;2.79844952;0.00000000;17.28567942;-7.84317232;1.44319380;1.70658628;2.80761796;-0.07402895;12.22585346;-1.51254258
29;2.89839414;0.00000000;17.19137611;-7.81006014;1.41006188;1.71900859;2.80021355;-0.07413715;12.21348238;-1.51762233
30;2.99833877;0.00000000;17.09732681;-7.77625231;1.37961193;1.73782430;2.79279860;-0.07424952;12.20105714;-1.52221971
31;3.09828339;0.00000000;17.00352494;-7.74174526;1.35513439;1.76283112;2.78537170;-0.07436669;12.18858154;-1.52623548
32;3.19822802;0.00000000;16.90998814;-7.70654425;1.33696078;1.79376678;2.77793336;-0.07448804;12.17606020;-1.52976112
33;3.29817265;0.00000000;16.81671003;-7.67064556;1.32534789;1.81854639;2.77048218;-0.07461409;12.16349700;-1.53271412
34;3.39811727;0.00000000;16.72370814;-7.63405461;1.32046971;1.83053218;2.76301867;-0.07474433;12.15089651;-1.53516904
35;3.49806190;0.00000000;16.63097633;-7.59676757;1.29677393;1.84858558;2.75554139;-0.07488001;12.13826274;-1.53693627
36;3.59800652;0.00000000;16.53853196;-7.55878997;1.25879494;1.86888003;2.74805082;-0.07501986;12.12560123;-1.53819956
37;3.69795115;0.00000000;16.44636922;-7.52011790;1.22333432;1.89368697;2.74054555;-0.07516475;12.11291607;-1.53882675
38;3.79789577;0.00000000;16.35450525;-7.48075700;1.19447599;1.92408216;2.73302605;-0.07531392;12.10021243;-1.53825657
39;3.89784040;0.00000000;16.26293460;-7.44070330;1.17270402;1.95980892;2.72549090;-0.07546881;12.08750015;-1.53706333
40;3.99778502;0.00000000;16.17167414;-7.39996250;1.15842046;1.99616828;2.71794051;-0.07562788;12.07478436;-1.53502739
41;4.09772965;0.00000000;16.08071888;-7.35853062;1.15190141;2.01017214;2.71037346;-0.07579322;12.06207204;-1.53243173
42;4.19767428;0.00000000;15.99008530;-7.31641336;1.13186503;2.02974643;2.70279012;-0.07596285;12.04936784;-1.52896006
43;4.29761890;0.00000000;15.89976898;-7.27360680;1.10071307;2.05473466;2.69518906;-0.07613889;12.03667905;-1.52478475
44;4.39756353;0.00000000;15.80978603;-7.23011663;1.07695271;2.08493970;2.68757062;-0.07632014;12.02401158;-1.51799404
45;4.49750815;0.00000000;15.72013256;-7.18593893;1.06134385;2.10358304;2.67993270;-0.07651959;12.01138726;-1.51052275
46;4.59745278;0.00000000;15.63082432;-7.14107927;1.04471687;2.11153477;2.67227504;-0.07672385;11.99881188;-1.50097326
47;4.69739740;0.00000000;15.54185810;-7.09553374;1.01098384;2.12291498;2.66459582;-0.07694247;11.98630294;-1.49080282
48;4.79734203;0.00000000;15.45324921;-7.04930773;0.98551529;2.13966407;2.65689493;-0.07716529;11.97386582;-1.48006217
49;4.89728666;0.00000000;15.36499515;-7.00239744;0.96895983;2.16166006;2.64917120;-0.07739192;11.96150551;-1.46867391
50;4.99723128;0.00000000;15.27711074;-6.95480818;0.96177822;2.18874359;2.64142497;-0.07762286;11.94922767;-1.45661470
51;5.09717591;0.00000000;15.18959416;-6.90653632;0.94582668;2.19724133;2.63365508;-0.07785820;11.93703818;-1.44387463
52;5.19712053;0.00000000;15.10245973;-6.85758711;0.92119884;2.20975855;2.62586181;-0.07809796;11.92494299;-1.43025804
53;5.29706516;0.00000000;15.01570630;-6.80795712;0.90409604;2.22746152;2.61804394;-0.07834345;11.91294977;-1.41593090
54;5.39700978;0.00000000;14.92934771;-6.75765147;0.89707642;2.25022770;2.61020165;-0.07859343;11.90106478;-1.40077311
55;5.49695441;0.00000000;14.84338350;-6.70666700;0.88230885;2.25744958;2.60233379;-0.07884869;11.88929532;-1.38488286
56;5.59689903;0.00000000;14.75782703;-6.65500866;0.87467407;2.26611669;2.59444049;-0.07910845;11.87764792;-1.36818451
57;5.69684366;0.00000000;14.67267854;-6.60267356;0.84673376;2.27991873;2.58652070;-0.07937319;11.86612973;-1.35071101
58;5.79678829;0.00000000;14.58795088;-6.54966650;0.82917642;2.29876395;2.57857450;-0.07964258;11.85474766;-1.33221385
59;5.89673291;0.00000000;14.50364500;-6.49598490;0.80715111;2.32253230;2.57060078;-0.07991831;11.84351075;-1.31293894
60;5.99667754;0.00000000;14.41977328;-6.44163338;0.76688666;2.35107408;2.56259953;-0.08019855;11.83242598;-1.29302860
61;6.09662216;0.00000000;14.33633737;-6.38660968;0.73726754;2.38422045;2.55456987;-0.08048220;11.82149914;-1.27222945
62;6.19656679;0.00000000;14.25334912;-6.33091822;0.71961046;2.41503628;2.54651185;-0.08077098;11.81073821;-1.24988454
63;6.29651141;0.00000000;14.17081095;-6.27455712;0.71479968;2.41800814;2.53842426;-0.08106944;11.80015672;-1.22676616
64;6.39645604;0.00000000;14.08873420;-6.21753055;0.72308929;2.41217449;2.53030679;-0.08137196;11.78976171;-1.20353589
65;6.49640067;0.00000000;14.00712204;-6.15983703;0.72958575;2.41128692;2.52215897;-0.08167375;11.77955463;-1.17931073
66;6.59634529;0.00000000;13.92598532;-6.10148052;0.71164236;2.41535399;2.51398093;-0.08198105;11.76954441;-1.15344826
67;6.69628992;0.00000000;13.84532788;-6.04246001;0.69408945;2.42435371;2.50577148;-0.08229829;11.75974548;-1.12656196
68;6.79623454;0.00000000;13.76516002;-5.98277912;0.67615235;2.43750750;2.49753023;-0.08262095;11.75016707;-1.09798266
69;6.89617917;0.00000000;13.68548646;-5.92243731;0.67191687;2.45244443;2.48925607;-0.08295367;11.74082413;-1.06843222
70;6.99612379;0.00000000;13.60631705;-5.86143791;0.64549857;2.47214558;2.48094851;-0.08329110;11.73172550;-1.03835421
71;7.09606842;0.00000000;13.52765722;-5.79978084;0.62758742;2.49650056;2.47260708;-0.08362992;11.72287624;-1.00724983
72;7.19601304;0.00000000;13.44951626;-5.73746909;0.62449883;2.52537578;2.46423165;-0.08397362;11.71428568;-0.97459508
73;7.29595767;0.00000000;13.37190034;-5.67450317;0.63487430;2.55861997;2.45582136;-0.08432581;11.70596762;-0.94040573
74;7.39590230;0.00000000;13.29481843;-5.61088583;0.64440799;2.56222815;2.44737561;-0.08468618;11.69793575;-0.90371542
75;7.49584692;0.00000000;13.21827744;-5.54661810;0.61843957;2.56898934;2.43889296;-0.08506149;11.69021205;-0.86338290
76;7.59579155;0.00000000;13.14228574;-5.48170212;0.59948753;2.58045041;2.43037248;-0.08545966;11.68282829;-0.80927257
77;7.69573617;0.00000000;13.06685154;-5.41613956;0.59604002;2.59527088;2.42180665;-0.08595339;11.67590305;-0.76106931
78;7.79568080;0.00000000;12.99198272;-5.34993087;0.60216722;2.58540429;2.41319168;-0.08639908;11.66938655;-0.74316322
79;7.89562542;0.00000000;12.91768903;-5.28307904;0.60743219;2.57558311;2.40454559;-0.08662085;11.66301985;-0.72622680
80;7.99557005;0.00000000;12.84397587;-5.21558563;0.61183228;2.57047915;2.39587706;-0.08683390;11.65679489;-0.71667202
81;8.09551467;0.00000000;12.77085233;-5.14745615;0.61536518;2.57012311;2.38719071;-0.08699186;11.65064857;-0.70651667
82;8.19545930;0.00000000;12.69832259;-5.07869225;0.61802920;2.57451863;2.37848818;-0.08715333;11.64458617;-0.69611555
83;8.29540393;0.00000000;12.62639585;-5.00930045;0.61982265;2.58364257;2.36976971;-0.08731567;11.63860992;-0.68377063
84;8.39534855;0.00000000;12.55507612;-4.93928234;0.62074392;2.59744634;2.36103442;-0.08749118;11.63273668;-0.66748850
85;8.49529318;0.00000000;12.48437281;-4.86864468;0.62079139;2.61345897;2.35228014;-0.08769416;11.62700042;-0.64760177
86;8.59523780;0.00000000;12.41428989;-4.79738860;0.61996312;2.63285161;2.34350496;-0.08792175;11.62143236;-0.61647000
87;8.69518243;0.00000000;12.34483745;-4.72552102;0.61825713;2.61410190;2.33470246;-0.08822923;11.61612949;-0.58347620
88;8.79512705;0.00000000;12.27601951;-4.65304176;0.61567055;2.59901526;2.32586864;-0.08854694;11.61110821;-0.54656463
89;8.89507168;0.00000000;12.20784736;-4.57995810;0.61220083;2.58858483;2.31700191;-0.08888963;11.60640260;-0.52035876
90;8.99501631;0.00000000;12.14032577;-4.50627015;0.60784482;2.58287072;2.30810126;-0.08915002;11.60192085;-0.52035876
91;9.09496093;0.00000000;12.07346472;-4.43198542;0.60260111;2.57526596;2.29919358;-0.08910490;11.59743735;-0.50461514
92;9.19490556;0.00000000;12.00726665;-4.35710686;0.59647026;2.56063053;2.29029216;-0.08888957;11.59308786;-0.46629760
93;9.29485018;0.00000000;11.94173770;-4.28164548;0.59546445;2.55071591;2.28144678;-0.08811974;11.58906718;-0.35425879
94;9.39479481;0.00000000;11.87687356;-4.20560719;0.61017313;2.54557035;2.27267781;-0.08736450;11.58601164;-0.24636466
95;9.49473943;0.00000000;11.81267821;-4.12900823;0.63951780;2.54521604;2.26398185;-0.08665614;11.58388622;-0.14681984
96;9.59468406;0.00000000;11.74914594;-4.05185283;0.63383159;2.53943572;2.25535590;-0.08595603;11.58261941;-0.05023821
97;9.69462868;0.00000000;11.68628144;-3.97415770;0.63335669;2.51195496;2.24679988;-0.08526369;11.58218590;0.04353911
98;9.79457331;0.00000000;11.62407888;-3.89592663;0.64764248;2.48901882;2.23831238;-0.08457773;11.58256160;0.13478891
99;9.89451794;0.00000000;11.56254221;-3.81717560;0.67575785;2.47075059;2.22989357;-0.08389585;11.58372462;0.22390202
100;9.99446256;0.00000000;11.50166572;-3.73790835;0.71608184;2.45724753;2.22154231;-0.08321948;11.58565629;0.31076205
101;10.09440719;0.00000000;11.44145286;-3.65814049;0.71752806;2.44858371;2.21325874;-0.08254783;11.58833679;0.39554812
102;10.19435181;0.00000000;11.38189793;-3.57787559;0.71930172;2.44480382;2.20504169;-0.08188155;11.59174773;0.47824327
103;10.29429644;0.00000000;11.32300400;-3.49712896;0.73399466;2.44592440;2.19689138;-0.08121877;11.59587044;0.55916538
104;10.39424106;0.00000000;11.26476536;-3.41590399;0.76086511;2.42174514;2.18880674;-0.08056117;11.60068887;0.63815351
105;10.49418569;0.00000000;11.20718463;-3.33421564;0.79868743;2.38371270;2.18078795;-0.07990735;11.60618552;0.71545608
106;10.59413032;0.00000000;11.15025614;-3.25206717;0.79509002;2.35007373;2.17283395;-0.07925839;11.61234491;0.79098447
107;10.69407494;0.00000000;11.09398209;-3.16947314;0.79833595;2.32101758;2.16494493;-0.07861284;11.61915073;0.86499517
108;10.79401957;0.00000000;11.03835684;-3.08643673;0.81316794;2.29671176;2.15711992;-0.07797198;11.62658879;0.93736398
109;10.89396419;0.00000000;10.98338217;-3.00297211;0.83897600;2.27730523;2.14935906;-0.07733448;11.63464378;1.00832469
110;10.99390882;0.00000000;10.92905249;-2.91908236;0.87479513;2.26291763;2.14166142;-0.07670146;11.64330233;1.07777443
111;11.09385344;0.00000000;10.87536921;-2.83478126;0.89436283;2.25364058;2.13402715;-0.07607165;11.65255013;1.14593466
112;11.19379807;0.00000000;10.82232674;-2.75007180;0.91925557;2.23032377;2.12645536;-0.07544615;11.66237474;1.21269908
113;11.29374269;0.00000000;10.76992614;-2.66496740;0.95332553;2.20680985;2.11894617;-0.07482379;11.67276275;1.27827187
114;11.39368732;0.00000000;10.71816186;-2.57947093;0.98728022;2.18834992;2.11149874;-0.07420555;11.68370245;1.34256103
115;11.49363195;0.00000000;10.66703460;-2.49359545;1.01968534;2.17506868;2.10411318;-0.07359033;11.69518134;1.40575761
116;11.59357657;0.00000000;10.61653885;-2.40734374;1.03432029;2.16705516;2.09678868;-0.07297908;11.70718849;1.46776991
117;11.69352120;0.00000000;10.56667498;-2.32072848;1.05753246;2.14203962;2.08952534;-0.07237079;11.71971219;1.52877364
118;11.79346582;0.00000000;10.51743752;-2.23375239;1.07133512;2.11481224;2.08232239;-0.07176631;11.73274218;1.58868863
119;11.89341045;0.00000000;10.46882651;-2.14642776;1.08564155;2.09267228;2.07517993;-0.07116470;11.74626753;1.64767727
120;11.99335507;0.00000000;10.42083653;-2.05875724;1.10812372;2.05843751;2.06809720;-0.07056669;11.76027865;1.70567332
121;12.09329970;0.00000000;10.37346730;-1.97075275;1.13830066;2.02923272;2.06107431;-0.06997136;11.77476538;1.76283512
122;12.19324433;0.00000000;10.32671347;-1.88241686;1.15088149;2.00527182;2.05411055;-0.06937967;11.78971889;1.81906070
123;12.29318895;0.00000000;10.28057445;-1.79376115;1.16463074;1.98674114;2.04720596;-0.06879098;11.80512948;1.87446794
124;12.39313358;0.00000000;10.23504492;-1.70478810;1.18600365;1.95783442;2.04035985;-0.06820571;11.82098846;1.92902716
125;12.49307820;0.00000000;10.19012405;-1.61550892;1.21460136;1.92707453;2.03357227;-0.06762325;11.83728685;1.98285277
126;12.59302283;0.00000000;10.14580655;-1.52592604;1.22697647;1.90173356;2.02684257;-0.06704394;11.85401666;2.03592128
127;12.69296745;0.00000000;10.10209132;-1.43605031;1.24007516;1.88202712;2.02017082;-0.06646705;11.87116968;2.08836225
128;12.79291208;0.00000000;10.05897312;-1.34588410;1.26033998;1.86812777;2.01355641;-0.06589366;11.88873882;2.14004533
129;12.89285670;0.00000000;10.01645061;-1.25543790;1.28743628;1.84052343;2.00699927;-0.06532369;11.90671587;2.19100970
130;12.99280133;0.00000000;9.97451859;-1.16471402;1.32094903;1.81345972;2.00049879;-0.06475716;11.92509296;2.24127260
131;13.09274596;0.00000000;9.93317550;-1.07372261;1.36040649;1.79220585;1.99405489;-0.06419412;11.94386238;2.29084985
132;13.19269058;0.00000000;9.89241620;-0.98246588;1.37239529;1.77696470;1.98766697;-0.06363416;11.96301654;2.33982184
133;13.29263521;0.00000000;9.85223893;-0.89095367;1.38806729;1.76788749;1.98133500;-0.06307703;11.98254856;2.35219818
134;13.39257983;0.00000000;9.81263856;-0.79918813;1.40617228;1.75253946;1.97505844;-0.06252282;12.00215185;2.34023400
135;13.49252446;0.00000000;9.77361316;-0.70717874;1.43044416;1.73488503;1.96883726;-0.06197136;12.02162371;2.32834709
136;13.59246908;0.00000000;9.73515764;-0.61492762;1.46058070;1.72347305;1.96267093;-0.06142279;12.04096542;2.31653673
137;13.69241371;0.00000000;9.69726989;-0.52244392;1.49623040;1.70431224;1.95655942;-0.06087679;12.06017824;2.30480222
138;13.79235834;0.00000000;9.65994484;-0.42972969;1.53351983;1.66719472;1.95050223;-0.06033341;12.07926340;2.29314284
139;13.89230296;0.00000000;9.62318020;-0.33679376;1.54113910;1.63032140;1.94449933;-0.05979249;12.09822214;2.28155791
140;13.99224759;0.00000000;9.58697095;-0.24363812;1.55097071;1.59395079;1.93855026;-0.05925406;12.11705566;2.27004675
141;14.09219221;0.00000000;9.55131463;-0.15027131;1.56654609;1.56333754;1.93265500;-0.05871794;12.13576515;2.25860868
142;14.19213684;0.00000000;9.51620625;-0.05669525;1.58770139;1.53919108;1.92681310;-0.05818418;12.15435179;2.24724303
143;14.29208146;0.00000000;9.48164320;0.03708182;1.61422093;1.51811611;1.92102453;-0.05765253;12.17281673;2.23594916
144;14.39202609;0.00000000;9.44762052;0.13105803;1.64585040;1.50151330;1.91528889;-0.05712312;12.19116111;2.22472641
145;14.49197071;0.00000000;9.41413545;0.22522545;1.67932484;1.49200707;1.90960616;-0.05659571;12.20938607;2.21357415
146;14.59191534;0.00000000;9.38118306;0.31958223;1.71228622;1.48832122;1.90397595;-0.05607041;12.22749270;2.20249175
147;14.69185997;0.00000000;9.34876044;0.41412077;1.72283351;1.45576431;1.89839822;-0.05554697;12.24548212;2.19147858
148;14.79180459;0.00000000;9.31686268;0.50883925;1.73030359;1.42375079;1.89287263;-0.05502554;12.26335538;2.18053405
149;14.89174922;0.00000000;9.28548677;0.60373035;1.74293734;1.39227687;1.88739915;-0.05450585;12.28111357;2.16965753
150;14.99169384;0.00000000;9.25462781;0.69879231;1.76062868;1.36657621;1.88197743;-0.05398806;12.29875773;2.15884844
151;15.09163847;0.00000000;9.22428265;0.79401809;1.77931232;1.34834808;1.87660745;-0.05347192;12.31628891;2.14810619
152;15.19158309;0.00000000;9.19444644;0.88940595;1.80148107;1.33789285;1.87128890;-0.05295756;12.33370811;2.13743019
153;15.29152772;0.00000000;9.16511589;0.98494917;1.82834486;1.33538852;1.86602175;-0.05244474;12.35101636;2.12681987
154;15.39147234;0.00000000;9.13628618;1.08064600;1.85717654;1.34087455;1.86080570;-0.05193362;12.36821464;2.11627466
155;15.49141697;0.00000000;9.10795391;1.17649003;1.88551994;1.31512324;1.85564072;-0.05142397;12.38530396;2.10579401
156;15.59136160;0.00000000;9.08011429;1.27247954;1.90072901;1.28717721;1.85052654;-0.05091589;12.40228526;2.09537736
157;15.69130622;0.00000000;9.05276380;1.36860838;1.90063779;1.25973172;1.84546313;-0.05040915;12.41915951;2.08502417
158;15.79125085;0.00000000;9.02589767;1.46487486;1.90529306;1.23278153;1.84045024;-0.04990396;12.43592767;2.07473389
159;15.89119547;0.00000000;8.99951230;1.56127312;1.91466498;1.20632248;1.83548782;-0.04940012;12.45259065;2.06450600
160;15.99114010;0.00000000;8.97360292;1.65780146;1.92868971;1.18643912;1.83057563;-0.04889764;12.46914939;2.05433998
161;16.09108472;0.00000000;8.94816585;1.75445433;1.94727103;1.17523812;1.82571367;-0.04839624;12.48560479;2.04423529
162;16.19102935;0.00000000;8.92319634;1.85123001;1.97028479;1.17296328;1.82090169;-0.04789631;12.50195775;2.03419144
163;16.29097398;0.00000000;8.89869060;1.94812324;1.99477860;1.17568641;1.81613966;-0.04739776;12.51820916;2.02420791
164;16.39091860;0.00000000;8.87464392;2.04513231;2.01881857;1.18220260;1.81142735;-0.04690033;12.53435990;2.01428420
165;16.49086323;0.00000000;8.85105243;2.14225223;2.04240787;1.15858889;1.80676476;-0.04640363;12.55041082;2.00441982
166;16.59080785;0.00000000;8.82791142;2.23948129;2.06555058;1.13535502;1.80215171;-0.04590826;12.56636279;1.99461429
167;16.69075248;0.00000000;8.80521695;2.33681478;2.08825011;1.11257430;1.79758814;-0.04541419;12.58221665;1.98486711
168;16.79069710;0.00000000;8.78296434;2.43425096;2.11051065;1.09024176;1.79307386;-0.04492133;12.59797323;1.97517782
169;16.89064173;0.00000000;8.76114955;2.53178541;2.13233578;1.06835296;1.78860881;-0.04442959;12.61363335;1.96554593
170;16.99058635;0.00000000;8.73976794;2.62941638;2.13165572;1.04690298;1.78419288;-0.04393558;12.62919782;1.95597100
171;17.09053098;0.00000000;8.71881537;2.72713973;2.12799441;1.02588732;1.77982678;-0.04343504;12.64466746;1.94645255
172;17.19047561;0.00000000;8.69828710;2.82495365;2.12859010;1.00530099;1.77551069;-0.04293245;12.66004306;1.93699014
173;17.29042023;0.00000000;8.67817883;2.92285425;2.13344420;0.98513936;1.77124525;-0.04242389;12.67532539;1.92758331
174;17.39036486;0.00000000;8.65848575;3.02083971;2.14253279;0.96539738;1.76703057;-0.04191648;12.69051523;1.91823162
175;17.49030948;0.00000000;8.63920342;3.11890637;2.15580707;0.94607031;1.76286655;-0.04141036;12.70561336;1.90893463
176;17.59025411;0.00000000;8.62032705;3.21705240;2.17319517;0.93499561;1.75875305;-0.04090542;12.72062052;1.89969191
177;17.69019873;0.00000000;8.60185215;3.31527441;2.19165700;0.93494670;1.75468995;-0.04040192;12.73553746;1.89050302
178;17.79014336;0.00000000;8.58377396;3.41357056;2.20972421;0.94592031;1.75067711;-0.03989910;12.75036492;1.88136755
179;17.89008799;0.00000000;8.56608794;3.51193772;2.22740108;0.96753640;1.74671453;-0.03939670;12.76510363;1.87228508
180;17.99003261;0.00000000;8.54878933;3.61037402;2.24469216;0.95625753;1.74280211;-0.03889504;12.77975431;1.86325518
181;18.08997724;0.00000000;8.53187355;3.70887659;2.26160185;0.93942600;1.73893981;-0.03839396;12.79431769;1.85427746
182;18.18992186;0.00000000;8.51533584;3.80744354;2.27813472;0.92297440;1.73512754;-0.03789354;12.80879445;1.84535150
183;18.28986649;0.00000000;8.49917157;3.90607226;2.29429526;0.90689794;1.73136528;-0.03739366;12.82318529;1.83647691
184;18.38981111;0.00000000;8.48337600;4.00476083;2.31008806;0.89119167;1.72765293;-0.03689439;12.83749092;1.82765329
185;18.48975574;0.00000000;8.46794445;4.10350687;2.32551768;0.87585078;1.72399047;-0.03639559;12.85171200;1.81888025
186;18.58970036;0.00000000;8.45287219;4.20230847;2.34058874;0.86085905;1.72037782;-0.03589733;12.86584921;1.81015739
187;18.68964499;0.00000000;8.43815451;4.30116347;2.34931412;0.84610081;1.71681496;-0.03539949;12.87990322;1.80148434
188;18.78958962;0.00000000;8.42378666;4.40006993;2.33750430;0.83169487;1.71330183;-0.03490215;12.89387468;1.79286072
189;18.88953424;0.00000000;8.40976391;4.49902592;2.32957761;0.81763637;1.70983838;-0.03440517;12.90776425;1.78428615
190;18.98947887;0.00000000;8.39608152;4.59802951;2.32557881;0.80392044;1.70642458;-0.03390864;12.92157256;1.77576026
191;19.08942349;0.00000000;8.38273473;4.69707897;2.32553317;0.79054221;1.70306040;-0.03341244;12.93530026;1.76728269
192;19.18936812;0.00000000;8.36971878;4.79617234;2.32944587;0.77749682;1.69974578;-0.03291664;12.94894798;1.75885307
193;19.28931274;0.00000000;8.35702889;4.89530814;2.33730193;0.76477939;1.69648070;-0.03242109;12.96251633;1.75047104
194;19.38925737;0.00000000;8.34466032;4.99448437;2.34906657;0.76453932;1.69326514;-0.03192586;12.97600593;1.74213624
195;19.48920200;0.00000000;8.33260824;5.09369975;2.36110577;0.77757168;1.69009906;-0.03143075;12.98941739;1.73384833
196;19.58914662;0.00000000;8.32086791;5.19295229;2.37283416;0.80322582;1.68698246;-0.03093594;13.00275132;1.72560696
197;19.68909125;0.00000000;8.30943449;5.29224089;2.38425652;0.81618488;1.68391530;-0.03044127;13.01600830;1.71741178
198;19.78903587;0.00000000;8.29830323;5.39156355;2.39537752;0.80507200;1.68089757;-0.02994687;13.02918893;1.70926246
199;19.88898050;0.00000000;8.28746927;5.49091938;2.40620198;0.79425656;1.67792923;-0.02945264;13.04229380;1.70115865
200;19.98892512;0.00000000;8.27692785;5.59030635;2.41673456;0.78373376;1.67501029;-0.02895866;13.05532347;1.69310002
201;20.08886975;0.00000000;8.26667409;5.68972377;2.42698013;0.77349865;1.67214070;-0.02846482;13.06827851;1.68508624
202;20.18881437;0.00000000;8.25670325;5.78916957;2.43694336;0.76354647;1.66932047;-0.02797120;13.08115950;1.67711698
203;20.28875900;0.00000000;8.24701041;5.88864326;2.44662912;0.75387223;1.66654955;-0.02747768;13.09396699;1.66919193
204;20.38870363;0.00000000;8.23759083;5.98814278;2.45604212;0.74447117;1.66382797;-0.02698435;13.10670153;1.66131076
205;20.48864825;0.00000000;8.22843958;6.08766778;2.46518724;0.73533831;1.66115567;-0.02649110;13.11936368;1.65347315
206;20.58859288;0.00000000;8.21955192;6.18721620;2.47406920;0.72646889;1.65853267;-0.02599800;13.13195396;1.64567879
207;20.68853750;0.00000000;8.21092290;6.28678786;2.48269291;0.71785792;1.65595895;-0.02550496;13.14447292;1.63792738
208;20.78848213;0.00000000;8.20254777;6.38638069;2.49106308;0.70950065;1.65343450;-0.02501205;13.15692108;1.63021859
209;20.88842675;0.00000000;8.19442159;6.48599466;2.49918465;0.70139207;1.65095930;-0.02451917;13.16929898;1.62255213
210;20.98837138;0.00000000;8.18653959;6.58562771;2.50706235;0.69352743;1.64853338;-0.02402640;13.18160712;1.61492770
211;21.08831601;0.00000000;8.17889682;6.68527996;2.51470111;0.68590173;1.64615668;-0.02353364;13.19384603;1.60734500
212;21.18826063;0.00000000;8.17148849;6.78494934;2.52210567;0.67851021;1.64382925;-0.02304097;13.20601620;1.59980374
213;21.28820526;0.00000000;8.16430967;6.88463610;2.52928099;0.67134786;1.64155104;-0.02254828;13.21811815;1.59230361
214;21.38814988;0.00000000;8.15735556;6.98433818;2.53623182;0.66440994;1.63932209;-0.02205566;13.23015238;1.58484433
215;21.48809451;0.00000000;8.15062120;7.08405598;2.54296311;0.65769143;1.63714235;-0.02156304;13.24211936;1.57742562
216;21.58803913;0.00000000;8.14410180;7.18378741;2.54947963;0.65118756;1.63501187;-0.02107044;13.25401960;1.57004719
217;21.68798376;0.00000000;8.13779239;7.28353301;2.55578635;0.64489334;1.63293060;-0.02057774;13.26585358;1.56270876
218;21.78792838;0.00000000;8.13168818;7.38329070;2.56188803;0.63880399;1.63089859;-0.02008514;13.27762177;1.55541005
219;21.88787301;0.00000000;8.12578420;7.48306113;2.56778965;0.63291450;1.62891579;-0.01959269;13.28932465;1.54815078
220;21.98781764;0.00000000;8.12007564;7.58284223;2.57349598;0.62722012;1.62698223;-0.01910001;13.30096269;1.54093069
221;22.08776226;0.00000000;8.11455752;7.68263476;2.57901201;0.62171581;1.62509793;-0.01860663;13.31253634;1.53374950
222;22.18770689;0.00000000;8.10922503;7.78243666;2.58434253;0.61639681;1.62326295;-0.01811415;13.32404608;1.52660694
223;22.28765151;0.00000000;8.10407319;7.88224878;2.56913965;0.61125810;1.62147702;-0.01762406;13.33549235;1.51950275
224;22.38759614;0.00000000;8.09909721;7.98206902;2.55116398;0.60629495;1.61974007;-0.01713536;13.34687561;1.51243667
225;22.48754076;0.00000000;8.09429216;8.08189835;2.53683112;0.60150237;1.61805172;-0.01665018;13.35819630;1.50540843
226;22.58748539;0.00000000;8.08965328;8.18173483;2.52620816;0.59687566;1.61641152;-0.01619188;13.36945486;1.49841777
227;22.68743001;0.00000000;8.08517601;8.28157928;2.51934642;0.59599680;1.61481246;-0.01580695;13.38065174;1.49146445
228;22.78737464;0.00000000;8.08085650;8.38143029;2.51628067;0.59925630;1.61325146;-0.01545364;13.39178736;1.48454821
229;22.88731927;0.00000000;8.07669127;8.48128825;2.51702822;0.61559571;1.61172028;-0.01518694;13.40286215;1.47766880
230;22.98726389;0.00000000;8.07267764;8.58115211;2.52104330;0.64727658;1.61021570;-0.01492405;13.41387654;1.47082596
231;23.08720852;0.00000000;8.06881296;8.68102218;2.52490934;0.67546397;1.60873675;-0.01467137;13.42483096;1.46401946
232;23.18715314;0.00000000;8.06509474;8.78089741;2.52862887;0.67174442;1.60728305;-0.01441841;13.43572581;1.45724904
233;23.28709777;0.00000000;8.06152043;8.88077830;2.53220442;0.66816886;1.60585469;-0.01416462;13.44656151;1.45051448
234;23.38704239;0.00000000;8.05808754;8.98066374;2.53563850;0.66473478;1.60445170;-0.01391094;13.45733847;1.44381552
235;23.48698702;0.00000000;8.05479351;9.08055427;2.53893367;0.66143963;1.60307404;-0.01365749;13.46805709;1.43715193
236;23.58693165;0.00000000;8.05163585;9.18044878;2.54209242;0.65828090;1.60172171;-0.01340405;13.47871778;1.43052348
237;23.68687627;0.00000000;8.04861200;9.28034786;2.54511731;0.65525605;1.60039471;-0.01315056;13.48932094;1.42392993
238;23.78682090;0.00000000;8.04571947;9.38025040;2.54801084;0.65236255;1.59909305;-0.01289710;13.49986695;1.41737105
239;23.88676552;0.00000000;8.04295571;9.48015701;2.55077557;0.64959787;1.59781672;-0.01264366;13.51035621;1.41084662
240;23.98671015;0.00000000;8.04031820;9.58006661;2.55341401;0.64695949;1.59656572;-0.01239024;13.52078910;1.40435640
241;24.08665477;0.00000000;8.03780441;9.67997983;2.55592869;0.64444487;1.59534004;-0.01213685;13.53116601;1.39790017
242;24.18659940;0.00000000;8.03541182;9.77989559;2.55832215;0.64205148;1.59413970;-0.01188346;13.54148732;1.39147771
243;24.28654402;0.00000000;8.03313790;9.87981456;2.56059691;0.63977679;1.59296467;-0.01163009;13.55175340;1.38508880
244;24.38648865;0.00000000;8.03098013;9.97973567;2.56275549;0.63761828;1.59181496;-0.01137674;13.56196463;1.37873322
245;24.48643328;0.00000000;8.02893597;10.07965960;2.56480044;0.63557341;1.59069058;-0.01112340;13.57212138;1.37241075
246;24.58637790;0.00000000;8.02700290;10.17958531;2.56673428;0.63363964;1.58959152;-0.01087008;13.58222400;1.36612117
247;24.68632253;0.00000000;8.02517839;10.27951349;2.56855955;0.63181446;1.58851777;-0.01061678;13.59227287;1.35986429
248;24.78626715;0.00000000;8.02345992;10.37944312;2.57027876;0.63009533;1.58746934;-0.01036348;13.60226834;1.35363987
249;24.88621178;0.00000000;8.02184495;10.47937491;2.57189445;0.62847972;1.58644622;-0.01011020;13.61221077;1.34744772
250;24.98615640;0.00000000;8.02033096;10.57930785;2.57340916;0.62696510;1.58544841;-0.00985694;13.62210051;1.34128762
251;25.08610103;0.00000000;8.01891542;10.67924266;2.57482540;0.62554895;1.58447592;-0.00960370;13.63193792;1.33515938
252;25.18604566;0.00000000;8.01759580;10.77917835;2.57614572;0.62422872;1.58352874;-0.00935047;13.64172333;1.32906278
253;25.28599028;0.00000000;8.01636957;10.87911567;2.57737263;0.62300189;1.58260686;-0.00909723;13.65145709;1.32299762
254;25.38593491;0.00000000;8.01523421;10.97905363;2.57850868;0.62186594;1.58171030;-0.00884402;13.66113955;1.31696371
255;25.48587953;0.00000000;8.01418719;11.07899299;2.57955638;0.62081833;1.58083904;-0.00859087;13.67077103;1.31096084
256;25.58582416;0.00000000;8.01322597;11.17893276;2.58051827;0.61985652;1.57999308;-0.00833770;13.68035188;1.30498882
257;25.68576878;0.00000000;8.01234804;11.27887375;2.58139688;0.61897801;1.57917242;-0.00808447;13.68988243;1.29904745
258;25.78571341;0.00000000;8.01155086;11.37881497;2.58219473;0.61818024;1.57837708;-0.00783126;13.69936299;1.29313654
259;25.88565803;0.00000000;8.01083190;11.47875724;2.58291436;0.61746071;1.57760703;-0.00757816;13.70879391;1.28725590
260;25.98560266;0.00000000;8.01018864;11.57869957;2.58355830;0.61681686;1.57686228;-0.00732530;13.71817550;1.28140533
261;26.08554729;0.00000000;8.00961855;11.67864279;2.58412907;0.61624618;1.57614276;-0.00707315;13.72750809;1.27558465
262;26.18549191;0.00000000;8.00911911;11.77858594;2.58462919;0.61574616;1.57544843;-0.00682111;13.73679198;1.26979367
263;26.28543654;0.00000000;8.00868781;11.87852986;2.58506117;0.61531427;1.57477928;-0.00656942;13.74602750;1.26403220
264;26.38538116;0.00000000;8.00832213;11.97847359;2.58542755;0.61494799;1.57413528;-0.00631770;13.75521496;1.25830006
265;26.48532579;0.00000000;8.00801955;12.07841798;2.58573081;0.61464482;1.57351644;-0.00606591;13.76435466;1.25259707
266;26.58527041;0.00000000;8.00777757;12.17836208;2.58597350;0.61440223;1.57292277;-0.00581413;13.77344691;1.24692304
267;26.68521504;0.00000000;8.00759366;12.27830677;2.58615810;0.61421772;1.57235426;-0.00556238;13.78249202;1.24127780
268;26.78515967;0.00000000;8.00746532;12.37825108;2.58628716;0.61408876;1.57181091;-0.00531063;13.79149029;1.23566117
269;26.88510429;0.00000000;8.00739002;12.47819590;2.58636317;0.61401286;1.57129272;-0.00505891;13.80044202;1.23007297
270;26.98504892;0.00000000;8.00736525;12.57814030;2.58638866;0.61398747;1.57079969;-0.00480719;13.80934750;1.22451302
271;27.08499354;0.00000000;8.00738851;12.67808515;2.58636613;0.61401011;1.57033181;-0.00455549;13.81820702;1.21898116
272;27.18493817;0.00000000;8.00745727;12.77802952;2.58629811;0.61407824;1.56988909;-0.00430378;13.82702088;1.21347720
273;27.28488279;0.00000000;8.00756902;12.87797431;2.58618710;0.61418936;1.56947153;-0.00405210;13.83578937;1.20800098
274;27.38482742;0.00000000;8.00772124;12.97791859;2.58603562;0.61434095;1.56907912;-0.00380042;13.84451277;1.20255233
275;27.48477204;0.00000000;8.00791143;13.07786326;2.58584618;0.61453051;1.56871187;-0.00354877;13.85319137;1.19713108
276;27.58471667;0.00000000;8.00813706;13.17780741;2.58562131;0.61475550;1.56836976;-0.00329711;13.86182545;1.19173707
277;27.68466130;0.00000000;8.00839563;13.27775192;2.58536350;0.61501343;1.56805281;-0.00304547;13.87041529;1.18637012
278;27.78460592;0.00000000;8.00868463;13.37769591;2.58507529;0.61530177;1.56776101;-0.00279383;13.87896116;1.18103007
279;27.88455055;0.00000000;8.00900152;13.47764025;2.58475916;0.61561803;1.56749435;-0.00254222;13.88746334;1.17571676
280;27.98449517;0.00000000;8.00934382;13.57758407;2.58441766;0.61595967;1.56725284;-0.00229060;13.89592211;1.17043003
281;28.08443980;0.00000000;8.00970899;13.67752825;2.58405327;0.61632420;1.56703648;-0.00203901;13.90433773;1.16516972
282;28.18438442;0.00000000;8.01009453;13.77747191;2.58366852;0.61670909;1.56684527;-0.00178741;13.91271047;1.15993567
283;28.28432905;0.00000000;8.01049792;13.87741594;2.58326592;0.61711184;1.56667920;-0.00153584;13.92104059;1.15472772
284;28.38427368;0.00000000;8.01091666;13.97735947;2.58284799;0.61752992;1.56653827;-0.00128426;13.92932837;1.14954572
285;28.48421830;0.00000000;8.01134822;14.07730339;2.58241723;0.61796084;1.56642249;-0.00103270;13.93757406;1.14438950
286;28.58416293;0.00000000;8.01179010;14.17724681;2.58197616;0.61840207;1.56633185;-0.00078115;13.94577792;1.13925891
287;28.68410755;0.00000000;8.01223978;14.27719065;2.58152728;0.61885111;1.56626634;-0.00052961;13.95394021;1.13415381
288;28.78405218;0.00000000;8.01269476;14.37713401;2.58107313;0.61930544;1.56622598;-0.00027807;13.96206119;1.12907404
289;28.88399680;0.00000000;8.01315251;14.47707781;2.58061619;0.61976255;1.56621076;-0.00002656;13.97014110;1.12401945
290;28.98394143;0.00000000;8.01361052;14.57702117;2.58015899;0.62021993;1.56622067;0.00022496;13.97818020;1.11898988
291;29.08388605;0.00000000;8.01406629;14.67696498;2.57970403;0.62067507;1.56625573;0.00047646;13.98617874;1.11398520
292;29.18383068;0.00000000;8.01451730;14.77690836;2.57925385;0.62112545;1.56631591;0.00072796;13.99413697;1.10900525
293;29.28377531;0.00000000;8.01496104;14.87685222;2.57881092;0.62156857;1.56640124;0.00097944;14.00205513;1.10404989
294;29.38371993;0.00000000;8.01539499;14.97679569;2.57837779;0.62200190;1.56651169;0.00123093;14.00993346;1.09911897
295;29.48366456;0.00000000;8.01581665;15.07673964;2.57795694;0.62242295;1.56664728;0.00148239;14.01777220;1.09421235
296;29.58360918;0.00000000;8.01622350;15.17668322;2.57755090;0.62282919;1.56680801;0.00173386;14.02557160;1.08932989
297;29.68355381;0.00000000;8.01661303;15.27662731;2.57716218;0.62321812;1.56699386;0.00198531;14.03333190;1.08447144
298;29.78349843;0.00000000;8.01698273;15.37657103;2.57679329;0.62358723;1.56720485;0.00223676;14.04105332;1.07963686
299;29.88344306;0.00000000;8.01733009;15.47651527;2.57644673;0.62393400;1.56744097;0.00248819;14.04873611;1.07482602
300;29.98338768;0.00000000;8.01765259;15.57645915;2.57612504;0.62425592;1.56770221;0.00273962;14.05638048;1.07003878
301;30.08333231;0.00000000;8.01794773;15.67640356;2.57583069;0.62455049;1.56798859;0.00299104;14.06398669;1.06527499
302;30.18327694;0.00000000;8.01821299;15.77634762;2.57556623;0.62481518;1.56830009;0.00324246;14.07155495;1.06053453
303;30.28322156;0.00000000;8.01844587;15.87629219;2.57533414;0.62504749;1.56863672;0.00349387;14.07908548;1.05581725
304;30.38316619;0.00000000;8.01864384;15.97623640;2.57513696;0.62524491;1.56899848;0.00374527;14.08657853;1.05112303
305;30.48311081;0.00000000;8.01880440;16.07618111;2.57497718;0.62540493;1.56938536;0.00399666;14.09403430;1.04645172
306;30.58305544;0.00000000;8.01892504;16.17612545;2.57485732;0.62552503;1.56979737;0.00424806;14.10145302;1.04180320
307;30.68300006;0.00000000;8.01900324;16.27607026;2.57477988;0.62560270;1.57023450;0.00449944;14.10883491;1.03717734
308;30.78294469;0.00000000;8.01903650;16.37601466;2.57474739;0.62563544;1.57069675;0.00475082;14.11618019;1.03257400
309;30.88288932;0.00000000;8.01902231;16.47595950;2.57476234;0.62562073;1.57118414;0.00500219;14.12348907;1.02799305
310;30.98283394;0.00000000;8.01895815;16.57590389;2.57482726;0.62555605;1.57169664;0.00525356;14.13076177;1.02343438
311;31.08277857;0.00000000;8.01884151;16.67584866;2.57494465;0.62543891;1.57223427;0.00550493;14.13799851;1.01889784
312;31.18272319;0.00000000;8.01866988;16.77579292;2.57511703;0.62526678;1.57279702;0.00575629;14.14519949;1.01438331
313;31.28266782;0.00000000;8.01844076;16.87573749;2.57534689;0.62503717;1.57338489;0.00600765;14.15236492;1.00989067
314;31.38261244;0.00000000;8.01815162;16.97568149;2.57563677;0.62474754;1.57399788;0.00625900;14.15949502;1.00541980
315;31.48255707;0.00000000;8.01779996;17.07562570;2.57598915;0.62439541;1.57463599;0.00651035;14.16658998;1.00097056
316;31.58250169;0.00000000;8.01738328;17.17556925;2.57640657;0.62397824;1.57529923;0.00676171;14.17365002;0.99654284
317;31.68244632;0.00000000;8.01689905;17.27551291;2.57689152;0.62349354;1.57598759;0.00701305;14.18067534;0.99213651
318;31.78239095;0.00000000;8.01634477;17.37545579;2.57744653;0.62293878;1.57670106;0.00726440;14.18766614;0.98775145
319;31.88233557;0.00000000;8.01571793;17.47539865;2.57807409;0.62231147;1.57743966;0.00751574;14.19462263;0.98338754
320;31.98228020;0.00000000;8.01501601;17.57534060;2.57877673;0.62160909;1.57820338;0.00776709;14.20154499;0.97904466
321;32.08222482;0.00000000;8.01423651;17.67528239;2.57955695;0.62082912;1.57899222;0.00801843;14.20843343;0.97472270
322;32.18216945;0.00000000;8.01337692;17.77522311;2.58041726;0.61996906;1.57980618;0.00826978;14.21528815;0.97042154
323;32.28211407;0.00000000;8.01243473;17.87516350;2.58136018;0.61902640;1.58064526;0.00852113;14.22210934;0.96614105
324;32.38205870;0.00000000;8.01140742;17.97510264;2.58238821;0.61799862;1.58150946;0.00877248;14.22889719;0.96188112
325;32.48200333;0.00000000;8.01029249;18.07504124;2.58350387;0.61688322;1.58239878;0.00902382;14.23565190;0.95764164
326;32.58194795;0.00000000;8.00908743;18.17497840;2.58470967;0.61567768;1.58331323;0.00927518;14.24237365;0.95342250
327;32.68189258;0.00000000;8.00778973;18.27491479;2.58600812;0.61437949;1.58425279;0.00952655;14.24906264;0.94922357
328;32.78183720;0.00000000;8.00639687;18.37484951;2.58740172;0.61298614;1.58521748;0.00977791;14.25571905;0.94504475
329;32.88178183;0.00000000;8.00490636;18.47478321;2.58889300;0.61149513;1.58620729;0.01002925;14.26234308;0.94088592
330;32.98172645;0.00000000;8.00331567;18.57471498;2.59048446;0.60990393;1.58722222;0.01028063;14.26893489;0.93674698
331;33.08167108;0.00000000;8.00162231;18.67464545;2.59217862;0.60821005;1.58826228;0.01053209;14.27549469;0.93262781
332;33.18161570;0.00000000;7.99982376;18.77457369;2.59397797;0.60641096;1.58932747;0.01078346;14.28202265;0.92852830
333;33.28156033;0.00000000;7.99791751;18.87450032;2.58557919;0.60450416;1.59041777;0.01103458;14.28851895;0.92444834
334;33.38150496;0.00000000;7.99590106;18.97442432;2.56590043;0.60248715;1.59153298;0.01127224;14.29498377;0.92038783
335;33.48144958;0.00000000;7.99377207;19.07434629;2.54936783;0.60035757;1.59266969;0.01147451;14.30141730;0.91634666
336;33.58139421;0.00000000;7.99152850;19.17426548;2.53384997;0.59811339;1.59382563;0.01160665;14.30781970;0.91232471
337;33.68133883;0.00000000;7.98916919;19.27418209;2.52231522;0.59575345;1.59498315;0.01155661;14.31419116;0.90832190
338;33.78128346;0.00000000;7.98669447;19.37409612;2.51481807;0.60284136;1.59613508;0.01146416;14.32053184;0.90433810
339;33.88122808;0.00000000;7.98410537;19.47400703;2.51139368;0.62590311;1.59727077;0.01126238;14.32684193;0.90037322
340;33.98117271;0.00000000;7.98140380;19.57391533;2.51205681;0.66327642;1.59838629;0.01105930;14.33312159;0.89642715
341;34.08111734;0.00000000;7.97859181;19.67382024;2.51486883;0.68683981;1.59948128;0.01085273;14.33937100;0.89249979
342;34.18106196;0.00000000;7.97567146;19.77372234;2.51778924;0.68392106;1.60055563;0.01064616;14.34559033;0.88859104
343;34.28100659;0.00000000;7.97264482;19.87362097;2.52081594;0.68089608;1.60160933;0.01043958;14.35177974;0.88470079
344;34.38095121;0.00000000;7.96951393;19.97351669;2.52394688;0.67776693;1.60264239;0.01023286;14.35793940;0.88082894
345;34.48089584;0.00000000;7.96628090;20.07340886;2.52717999;0.67453567;1.60365476;0.01002575;14.36406948;0.87697540
346;34.58084046;0.00000000;7.96294776;20.17329803;2.53051320;0.67120438;1.60464644;0.00981896;14.37017015;0.87314006
347;34.68078509;0.00000000;7.95951660;20.27318359;2.53394443;0.66777509;1.60561749;0.00961295;14.37624156;0.86932282
348;34.78072971;0.00000000;7.95598947;20.37306610;2.53747165;0.66424989;1.60656798;0.00940825;14.38228388;0.86552359
349;34.88067434;0.00000000;7.95236843;20.47294496;2.54109278;0.66063080;1.60749822;0.00920684;14.38829728;0.86174227
350;34.98061897;0.00000000;7.94865548;20.57282073;2.54480584;0.65691985;1.60840833;0.00900585;14.39428190;0.85797876
351;35.08056359;0.00000000;7.94485264;20.67269283;2.54860879;0.65311903;1.60929843;0.00880591;14.40023792;0.85423297
352;35.18050822;0.00000000;7.94096189;20.77256185;2.55249965;0.64923035;1.61016854;0.00860581;14.40616549;0.85050479
353;35.28045284;0.00000000;7.93698526;20.87242718;2.55647641;0.64525579;1.61101862;0.00840528;14.41206477;0.84679414
354;35.38039747;0.00000000;7.93292472;20.97228943;2.56053708;0.64119737;1.61184866;0.00820481;14.41793592;0.84310093
355;35.48034209;0.00000000;7.92878231;21.07214802;2.56467964;0.63705708;1.61265868;0.00800444;14.42377908;0.83942504
356;35.58028672;0.00000000;7.92456000;21.17200356;2.56890211;0.63283694;1.61344867;0.00780408;14.42959441;0.83576640
357;35.68023135;0.00000000;7.92025982;21.27185549;2.56019647;0.62853892;1.61421863;0.00760373;14.43538207;0.83212492
358;35.78017597;0.00000000;7.91588374;21.37170441;2.54049107;0.62416506;1.61496857;0.00740337;14.44114221;0.82850049
359;35.88012060;0.00000000;7.91143380;21.47154977;2.52466466;0.61971734;1.61569848;0.00720295;14.44687498;0.82489303
360;35.98006522;0.00000000;7.90691196;21.57139220;2.51278847;0.61519776;1.61640837;0.00700264;14.45258053;0.82130244
361;36.08000985;0.00000000;7.90232027;21.67123114;2.50491675;0.61060833;1.61709824;0.00680257;14.45825901;0.81772864
362;36.17995447;0.00000000;7.89766068;21.77106723;2.50108527;0.60595106;1.61776813;0.00660278;14.46391056;0.81417154
363;36.27989910;0.00000000;7.89293523;21.87089994;2.50131064;0.60122792;1.61841809;0.00640366;14.46953534;0.81063105
364;36.37984372;0.00000000;7.88814586;21.97072989;2.50558977;0.61227579;1.61904816;0.00620468;14.47513348;0.80710708
365;36.47978835;0.00000000;7.88329461;22.07055656;2.51043805;0.62645471;1.61965835;0.00600603;14.48070514;0.80359954
366;36.57973298;0.00000000;7.87838342;22.17038059;2.51534623;0.65344355;1.62024870;0.00580738;14.48625046;0.80010835
367;36.67967760;0.00000000;7.87341430;22.27020146;2.52031231;0.68008436;1.62081919;0.00560873;14.49176957;0.79663341
368;36.77962223;0.00000000;7.86838922;22.37001982;2.52533434;0.67506350;1.62136982;0.00541007;14.49726263;0.79317465
369;36.87956685;0.00000000;7.86331017;22.46983517;2.53041031;0.66998886;1.62190060;0.00521140;14.50272977;0.78973197
370;36.97951148;0.00000000;7.85817913;22.56964814;2.53553826;0.66486238;1.62241152;0.00501275;14.50817114;0.78630529
371;37.07945610;0.00000000;7.85299809;22.66945824;2.54071618;0.65968610;1.62290259;0.00481409;14.51358687;0.78289454
372;37.17940073;0.00000000;7.84776902;22.76926612;2.54594213;0.65446197;1.62337381;0.00461544;14.51897710;0.77949961
373;37.27934535;0.00000000;7.84249392;22.86907129;2.55121409;0.64919201;1.62382517;0.00441679;14.52434197;0.77612044
374;37.37928998;0.00000000;7.83717475;22.96887441;2.55653012;0.64387816;1.62425668;0.00421814;14.52968161;0.77275693
375;37.47923461;0.00000000;7.83181352;23.06867500;2.56188819;0.63852247;1.62466833;0.00401948;14.53499616;0.76940901
376;37.57917923;0.00000000;7.82641218;23.16847371;2.56728637;0.63312686;1.62506013;0.00382083;14.54028576;0.76607660
377;37.67912386;0.00000000;7.82097275;23.26827006;2.55599747;0.62769339;1.62543207;0.00362218;14.54555054;0.76275960
378;37.77906848;0.00000000;7.81549718;23.36806472;2.53875765;0.62222398;1.62578417;0.00342354;14.55079063;0.75945795
379;37.87901311;0.00000000;7.80998747;23.46785722;2.52539252;0.61672067;1.62611640;0.00322488;14.55600617;0.75617156
380;37.97895773;0.00000000;7.80444559;23.56764822;2.51596179;0.61118541;1.62642878;0.00302601;14.56119727;0.75290035
381;38.07890236;0.00000000;7.79887354;23.66743726;2.51050786;0.60562023;1.62672125;0.00282661;14.56636409;0.74964424
382;38.17884699;0.00000000;7.79327329;23.76722497;2.50905463;0.60002708;1.62699355;0.00261075;14.57150674;0.74640316
383;38.27879161;0.00000000;7.78764705;23.86701091;2.50892901;0.59440820;1.62724174;0.00235581;14.57662535;0.74317702
384;38.37873624;0.00000000;7.78199731;23.96679581;2.51158954;0.59443990;1.62746374;0.00205330;14.58172005;0.73996575
385;38.47868086;0.00000000;7.77632721;24.06657917;2.51726146;0.61102378;1.62764821;0.00163823;14.58679097;0.73676927
386;38.57862549;0.00000000;7.77064074;24.16636211;2.52294977;0.64288409;1.62779105;0.00121262;14.59183824;0.73358751
387;38.67857011;0.00000000;7.76494223;24.26614383;2.52865013;0.67192529;1.62788973;0.00076210;14.59686197;0.73042038
388;38.77851474;0.00000000;7.75923608;24.36592575;2.53435814;0.66621562;1.62794338;0.00031158;14.60186230;0.72726782
389;38.87845936;0.00000000;7.75352686;24.46570686;2.54006924;0.66050286;1.62795201;-0.00013899;14.60683934;0.72412974
390;38.97840399;0.00000000;7.74781899;24.56548868;2.54577899;0.65479147;1.62791560;-0.00058956;14.61179323;0.72100608
391;39.07834862;0.00000000;7.74211703;24.66527020;2.55148284;0.64908598;1.62783416;-0.00104017;14.61672408;0.71789675
392;39.17829324;0.00000000;7.73642542;24.76505295;2.55717635;0.64339086;1.62770769;-0.00149078;14.62163201;0.71480169
393;39.27823787;0.00000000;7.73074870;24.86483591;2.56285496;0.63771065;1.62753617;-0.00194144;14.62651714;0.71172082
394;39.37818249;0.00000000;7.72509131;24.96462061;2.56851423;0.63204982;1.62731961;-0.00239210;14.63137960;0.70865406
395;39.47812712;0.00000000;7.71945782;25.06440602;2.57414962;0.62641288;1.62705801;-0.00284280;14.63621950;0.70560136
396;39.57807174;0.00000000;7.71385264;25.16419366;2.57975667;0.62080433;1.62675137;-0.00329350;14.64103697;0.70256262
397;39.67801637;0.00000000;7.70828034;25.26398251;2.57824509;0.61522868;1.62639968;-0.00374426;14.64583211;0.69953779
398;39.77796100;0.00000000;7.70274535;25.36377406;2.55887507;0.60969041;1.62600297;-0.00419252;14.65060505;0.69652678
399;39.87790562;0.00000000;7.69725221;25.46356729;2.54324654;0.60419402;1.62556184;-0.00463497;14.65535590;0.69352954
400;39.97785025;0.00000000;7.69180526;25.56336368;2.53142420;0.59874391;1.62507664;-0.00506755;14.66008478;0.69054598
401;40.07779487;0.00000000;7.68640887;25.66316216;2.52345740;0.59334440;1.62454970;-0.00547703;14.66479179;0.68757605
402;40.17773950;0.00000000;7.68106707;25.76296427;2.51937850;0.60003060;1.62398187;-0.00588407;14.66947707;0.68461966
403;40.27768412;0.00000000;7.67578400;25.86276881;2.51920239;0.62294729;1.62337374;-0.00628545;14.67414071;0.68167676
404;40.37762875;0.00000000;7.67056359;25.96257736;2.52292587;0.64974158;1.62272548;-0.00668685;14.67878283;0.67874726
405;40.47757337;0.00000000;7.66540992;26.06238867;2.52807862;0.67300066;1.62203710;-0.00708832;14.68340354;0.67583111
406;40.57751800;0.00000000;7.66032693;26.16220430;2.53316072;0.66793507;1.62130860;-0.00748980;14.68800296;0.67292824
407;40.67746263;0.00000000;7.65531869;26.26202301;2.53816811;0.66294425;1.62053997;-0.00789136;14.69258119;0.67003858
408;40.77740725;0.00000000;7.65038914;26.36184634;2.54309683;0.65803203;1.61973120;-0.00829293;14.69713835;0.66716206
409;40.87735188;0.00000000;7.64554237;26.46167302;2.54794281;0.65320254;1.61888230;-0.00869458;14.70167454;0.66429861
410;40.97729650;0.00000000;7.64078232;26.56150458;2.55270212;0.64845962;1.61799325;-0.00909624;14.70618986;0.66144818
411;41.07724113;0.00000000;7.63611305;26.66133972;2.55737066;0.64380741;1.61706406;-0.00949798;14.71068444;0.65861069
412;41.17718575;0.00000000;7.63153853;26.76117995;2.56194449;0.63924974;1.61609471;-0.00989973;14.71515837;0.65578607
413;41.27713038;0.00000000;7.62706283;26.86102394;2.56641953;0.63479075;1.61508520;-0.01030157;14.71961176;0.65297427
414;41.37707501;0.00000000;7.62268989;26.96087321;2.57079184;0.63043427;1.61403553;-0.01070341;14.72404472;0.65017522
415;41.47701963;0.00000000;7.61842381;27.06072637;2.57505733;0.62618444;1.61294571;-0.01110531;14.72845736;0.64738885
416;41.57696426;0.00000000;7.61426852;27.16058494;2.57921204;0.62204511;1.61181570;-0.01150726;14.73284976;0.64461511
417;41.67690888;0.00000000;7.61022811;27.26044748;2.58325191;0.61802040;1.61064552;-0.01190937;14.73722205;0.64185392
418;41.77685351;0.00000000;7.60630654;27.36031550;2.58717296;0.61411417;1.60943515;-0.01231138;14.74157432;0.63910522
419;41.87679813;0.00000000;7.60250789;27.46018751;2.57402836;0.61033055;1.60818462;-0.01271318;14.74590668;0.63636896
420;41.97674276;0.00000000;7.59883611;27.56006503;2.55427633;0.60667338;1.60689396;-0.01311265;14.75021922;0.63375853
421;42.07668738;0.00000000;7.59529525;27.65994649;2.53817915;0.60314678;1.60556374;-0.01350654;14.75451282;0.63326880
422;42.17663201;0.00000000;7.59188919;27.75983345;2.52580257;0.59975452;1.60419400;-0.01391047;14.75880186;0.63277945
423;42.27657664;0.00000000;7.58862206;27.85972425;2.51719765;0.59650077;1.60278233;-0.01433858;14.76308633;0.63229048
424;42.37652126;0.00000000;7.58549805;27.95962046;2.51239875;0.59506552;1.60132754;-0.01478891;14.76736625;0.63180188
425;42.47646589;0.00000000;7.58252177;28.05952036;2.51142325;0.61036546;1.59982430;-0.01529276;14.77164163;0.63131367
426;42.57641051;0.00000000;7.57969817;28.15942547;2.51424803;0.64120855;1.59827069;-0.01579630;14.77591247;0.63082583
427;42.67635514;0.00000000;7.57703231;28.25933412;2.51691503;0.68357306;1.59666682;-0.01629904;14.78017877;0.63033836
428;42.77629976;0.00000000;7.57452919;28.35924777;2.51941922;0.68106983;1.59501269;-0.01680199;14.78444055;0.62985128
429;42.87624439;0.00000000;7.57219387;28.45916467;2.52175558;0.67873441;1.59330826;-0.01730553;14.78869781;0.62936457
430;42.97618902;0.00000000;7.57003136;28.55908629;2.52391907;0.67657181;1.59155350;-0.01780902;14.79295056;0.62887823
431;43.07613364;0.00000000;7.56804671;28.65901075;2.52590468;0.67458709;1.58974843;-0.01831247;14.79719880;0.62839227
432;43.17607827;0.00000000;7.56624494;28.75893955;2.52770736;0.67278525;1.58789304;-0.01881572;14.80144253;0.62790669
433;43.27602289;0.00000000;7.56463111;28.85887067;2.52932210;0.67117135;1.58598739;-0.01931855;14.80568178;0.62742148
434;43.37596752;0.00000000;7.56321021;28.95880562;2.53074386;0.66975040;1.58403147;-0.01982133;14.80991653;0.62693665
435;43.47591214;0.00000000;7.56198729;29.05874227;2.53196566;0.66852744;1.58202532;-0.02032404;14.81414680;0.62645219
436;43.57585677;0.00000000;7.56096738;29.15868214;2.53298434;0.66750747;1.57996888;-0.02082852;14.81837260;0.62596811
437;43.67580139;0.00000000;7.56015551;29.25862296;2.53379502;0.66669557;1.57786176;-0.02133741;14.82259393;0.62548440
438;43.77574602;0.00000000;7.55955678;29.35856626;2.53439266;0.66609680;1.57570375;-0.02184738;14.82681080;0.62500106
439;43.87569065;0.00000000;7.55917628;29.45850963;2.53477212;0.66571627;1.57349461;-0.02236000;14.83102321;0.62451810
440;43.97563527;0.00000000;7.55901913;29.55845461;2.53492830;0.66555909;1.57123423;-0.02287222;14.83523117;0.62403551
441;44.07557990;0.00000000;7.55909045;29.65839866;2.53485605;0.66563038;1.56892274;-0.02338342;14.83943469;0.62355330
442;44.17552452;0.00000000;7.55939534;29.75834331;2.53455027;0.66593525;1.56656014;-0.02389455;14.84363377;0.62307145
443;44.27546915;0.00000000;7.55993891;29.85828589;2.53400582;0.66647880;1.56414649;-0.02440550;14.84782842;0.62258998
444;44.37541377;0.00000000;7.56072627;29.95822793;2.53321763;0.66726613;1.56168174;-0.02491647;14.85201865;0.62210888
445;44.47535840;0.00000000;7.56176249;30.05816660;2.53218055;0.66830233;1.55916595;-0.02542740;14.85620445;0.62162815
446;44.57530302;0.00000000;7.56305271;30.15810342;2.53088949;0.66959252;1.55659907;-0.02593826;14.86038585;-4.97208339
447;44.67524765;0.00000000;7.56460197;30.25803544;2.52933933;0.67114177;1.55398119;-0.02644882;14.82690802;-6.95529221
448;44.77519228;0.00000000;7.56641541;30.35796415;2.52752499;0.67295520;1.55131224;-0.02695935;14.77994971;-6.87625153
449;44.87513690;0.00000000;7.56849807;30.45788646;2.52544135;0.67503785;1.54859231;-0.02746970;14.73337791;-6.79823896
450;44.97508153;0.00000000;7.57085509;30.55780384;2.52308332;0.67739486;1.54582134;-0.02798004;14.68718931;-6.72127292
451;45.07502615;0.00000000;7.57349148;30.65771307;2.52044580;0.68003125;1.54299941;-0.02849020;14.64138038;-6.64535265
452;45.17497078;0.00000000;7.57641237;30.75761556;2.51752370;0.68295215;1.54012645;-0.02900010;14.59594755;-6.57059897
453;45.27491540;0.00000000;7.57962278;30.85750798;2.51431196;0.68616258;1.53720263;-0.02950908;14.55088632;-6.49711211
454;45.37486003;0.00000000;7.58312782;30.95739169;2.51080546;0.68966765;1.53422792;-0.03001657;14.50619144;-6.42546160
455;45.47480466;0.00000000;7.58693244;31.05726323;2.50699920;0.69347234;1.53120280;-0.03051975;14.46185359;-6.35513550
456;45.57474928;0.00000000;7.59104173;31.15712391;2.50288812;0.69758171;1.52812737;-0.03102094;14.41786690;-6.28688841
457;45.67469391;0.00000000;7.59546055;31.25697015;2.49846730;0.70200065;1.52500226;-0.03151641;14.37422014;-6.21965642
458;45.77463853;0.00000000;7.60019391;31.35680320;2.49373173;0.70673417;1.52182759;-0.03201115;14.33090933;-6.15375850
459;45.87458316;0.00000000;7.60524659;31.45661937;2.48867659;0.71178705;1.51860366;-0.03250354;14.28792819;-6.08874706
460;45.97452778;0.00000000;7.61062355;31.55641984;2.48329692;0.71716429;1.51533048;-0.03299566;14.24527349;-6.02480246
461;46.07447241;0.00000000;7.61632954;31.65620079;2.47758792;0.72287062;1.51200823;-0.03348656;14.20294067;-5.96169374
462;46.17441703;0.00000000;7.62236951;31.75596332;2.47154464;0.72891103;1.50863687;-0.03397729;14.16092670;-5.89957529
463;46.27436166;0.00000000;7.62874815;31.85570354;2.46516234;0.73529022;1.50521657;-0.03446701;14.11922744;-5.83817106
464;46.37430629;0.00000000;7.63547041;31.95542242;2.45843607;0.74201317;1.50174727;-0.03495704;14.07784059;-5.77748705
465;46.47425091;0.00000000;7.64254094;32.05511598;2.45136113;0.74908454;1.49822903;-0.03544727;14.03676381;-5.71750670
466;46.57419554;0.00000000;7.64996471;32.15478508;2.44393256;0.75650932;1.49466173;-0.03593772;13.99599479;-5.65828082
467;46.67414016;0.00000000;7.65774633;32.25442567;2.43614569;0.76429218;1.49104547;-0.03642807;13.95553082;-5.59969893
468;46.77408479;0.00000000;7.66589076;32.35403846;2.42799556;0.77243809;1.48738013;-0.03691883;13.91536995;-5.54176464
469;46.87402941;0.00000000;7.67440259;32.45361934;2.41947752;0.78095170;1.48366578;-0.03740992;13.87551014;-5.48447364
470;46.97397404;0.00000000;7.68328679;32.55316886;2.41058663;0.78983800;1.47990228;-0.03790129;13.83594935;-5.42789686
471;47.07391867;0.00000000;7.69254791;32.65268287;2.40131825;0.79910163;1.47608973;-0.03839252;13.79668497;-5.37187469
472;47.17386329;0.00000000;7.70219092;32.75216173;2.39166744;0.80874757;1.47222800;-0.03888437;13.75771551;-5.31635176
473;47.27380792;0.00000000;7.71222035;32.85160127;2.38162962;0.81878044;1.46831712;-0.03937710;13.71903986;-5.26142468
474;47.37375254;0.00000000;7.72264116;32.95100164;2.37119983;0.82920525;1.46435693;-0.03987012;13.68065614;-5.20723553
475;47.47369717;0.00000000;7.73345787;33.05035865;2.36037351;0.84002660;1.46034754;-0.04036263;13.64256141;-5.15355123
476;47.57364179;0.00000000;7.74467541;33.14967222;2.34914574;0.85124950;1.45628885;-0.04085580;13.60475441;-5.10033191
477;47.67358642;0.00000000;7.75629827;33.24893818;2.33751199;0.86287854;1.45218087;-0.04134980;13.56723409;-5.04736058
478;47.77353104;0.00000000;7.76833138;33.34815623;2.32546734;0.87491874;1.44802342;-0.04184575;13.53000103;-4.99412554
479;47.87347567;0.00000000;7.78077924;33.44732217;2.31300728;0.88737469;1.44381617;-0.04234640;13.49305954;-4.94200935
480;47.97342030;0.00000000;7.79364678;33.54643538;2.30012687;0.90025146;1.43955885;-0.04284415;13.45640372;-4.89262460
481;48.07336492;0.00000000;7.80693850;33.64549175;2.28682162;0.91355366;1.43525255;-0.04333002;13.42001558;-4.84431045
482;48.17330955;0.00000000;7.82065917;33.74449042;2.27308678;0.92728619;1.43089766;-0.04381308;13.38388929;-4.79853585
483;48.27325417;0.00000000;7.83481309;33.84342729;2.25891806;0.94145350;1.42649521;-0.04428505;13.34800797;-4.75304122
484;48.37319880;0.00000000;7.84940489;33.94230133;2.24431086;0.95606037;1.42204551;-0.04475845;13.31237150;-4.70759152
485;48.47314342;0.00000000;7.86443873;34.04110839;2.22926105;0.97111113;1.41754837;-0.04523457;13.27698151;-4.66254354
486;48.57308805;0.00000000;7.87991922;34.13984712;2.21376408;0.98661056;1.41300357;-0.04571136;13.24183695;-4.61811368
487;48.67303268;0.00000000;7.89585055;34.23851350;2.19781580;1.00256305;1.40841119;-0.04618755;13.20693509;-4.57402177
488;48.77297730;0.00000000;7.91223726;34.33710581;2.18141177;1.01897331;1.40377114;-0.04666468;13.17227530;-4.53029932
489;48.87292193;0.00000000;7.92908353;34.43562015;2.16454787;1.03584578;1.39908339;-0.04714254;13.13785669;-4.48684878
490;48.97286655;0.00000000;7.94639386;34.53405445;2.14721973;1.05318514;1.39434781;-0.04762163;13.10367909;-4.44364278
491;49.07281118;0.00000000;7.96417242;34.63240488;2.12942329;1.07099585;1.38956429;-0.04810209;13.06974251;-4.40070281
492;49.17275580;0.00000000;7.98242366;34.73066899;2.11115427;1.08928257;1.38473267;-0.04858375;13.03604679;-4.35806863
493;49.27270043;0.00000000;8.00115178;34.82884310;2.09240863;1.10804980;1.37985289;-0.04906634;13.00259147;-4.31566690
494;49.37264505;0.00000000;8.02036113;34.92692434;2.07318221;1.12730217;1.37492479;-0.04955024;12.96937660;-4.27350940
495;49.47258968;0.00000000;8.04005597;35.02490916;2.05347101;1.11710184;1.36994828;-0.05003534;12.93640216;-4.23155667
496;49.57253431;0.00000000;8.06024055;35.12279428;2.03327102;1.10620586;1.36492321;-0.05052184;12.90366840;-4.18983251
497;49.67247893;0.00000000;8.08091915;35.22057630;2.01257830;1.10478889;1.35984946;-0.05100956;12.87117538;-4.14828352
498;49.77242356;0.00000000;8.10209595;35.31825147;1.99439499;1.11289201;1.35472689;-0.05149877;12.83892357;-4.10693120
499;49.87236818;0.00000000;8.12377526;35.41581658;1.97863554;1.13031508;1.34955536;-0.05198930;12.80691325;-4.06572429
500;49.97231281;0.00000000;8.14596116;35.51326741;1.96437044;1.15250304;1.34433473;-0.05248143;12.77514511;-4.02468592
501;50.07225743;0.00000000;8.16865800;35.61060093;1.95459380;1.17520779;1.33906483;-0.05297496;12.74361962;-3.98376205
502;50.17220206;0.00000000;8.19186974;35.70781242;1.94936857;1.19843377;1.33374555;-0.05347018;12.71233770;-3.94297573
503;50.27214668;0.00000000;8.21560079;35.80489907;1.94872651;1.22218585;1.32837666;-0.05396692;12.68130006;-3.90227211
504;50.37209131;0.00000000;8.23985499;35.90185562;1.95266723;1.24646838;1.32295808;-0.05446545;12.65050786;-3.86167352
505;50.47203594;0.00000000;8.26463680;35.99867948;1.92908584;1.27128634;1.31748954;-0.05496561;12.61996205;-3.82112507
506;50.57198056;0.00000000;8.28994992;36.09536487;1.90372381;1.29664399;1.31197097;-0.05546768;12.58966402;-3.78064855
507;50.67192519;0.00000000;8.31579890;36.19190941;1.87782859;1.32254641;1.30640209;-0.05597149;12.55961501;-3.74018794
508;50.77186981;0.00000000;8.34218726;36.28830677;1.85139744;1.34899777;1.30078280;-0.05647734;12.52981667;-3.69976243
509;50.87181444;0.00000000;8.36911965;36.38455481;1.82442668;1.37600327;1.29511280;-0.05698505;12.50027052;-3.65931839
510;50.97175906;0.00000000;8.39659940;36.48064663;1.79691401;1.38110675;1.28939202;-0.05749493;12.47097850;-3.61887465
511;51.07170369;0.00000000;8.42463127;36.57658033;1.76885593;1.38370363;1.28362011;-0.05800679;12.44194239;-3.57837435
512;51.17164832;0.00000000;8.45321840;36.67234842;1.74025068;1.39276996;1.27779701;-0.05852096;12.41316446;-3.53782874
513;51.27159294;0.00000000;8.48236566;36.76794926;1.71408084;1.40407547;1.27192232;-0.05903730;12.38464687;-3.49719119
514;51.37153757;0.00000000;8.51207597;36.86337474;1.69283470;1.42290608;1.26599600;-0.05955607;12.35639216;-3.45647825
515;51.47148219;0.00000000;8.54235433;36.95862351;1.67669426;1.44897345;1.26001762;-0.06007709;12.32840275;-3.41562863
516;51.57142682;0.00000000;8.57320342;37.05368682;1.66580397;1.47987947;1.25398715;-0.06060071;12.30068156;-3.37463526
517;51.67137144;0.00000000;8.60462840;37.14856360;1.66026185;1.51137809;1.24790409;-0.06112692;12.27323158;-3.33347186
518;51.77131607;0.00000000;8.63663168;37.24324445;1.65692524;1.54347265;1.24176844;-0.06165583;12.24605603;-3.29216281
519;51.87126069;0.00000000;8.66921859;37.33772858;1.62428892;1.57616929;1.23557966;-0.06218721;12.21915792;-3.25062651
520;51.97120532;0.00000000;8.70239126;37.43200593;1.59108301;1.58967229;1.22933778;-0.06272153;12.19254096;-3.20881595
521;52.07114995;0.00000000;8.73615519;37.52607602;1.55730527;1.59525456;1.22304218;-0.06325904;12.16620924;-3.16673852
522;52.17109457;0.00000000;8.77051221;37.61992809;1.52588341;1.60766945;1.21669288;-0.06379963;12.14016681;-3.12438236
523;52.27103920;0.00000000;8.80546801;37.71356198;1.49985111;1.62676604;1.21028920;-0.06434328;12.11441785;-3.08171978
524;52.37098382;0.00000000;8.84102411;37.80696620;1.47949025;1.65231595;1.20383123;-0.06489012;12.08896675;-3.03876190
525;52.47092845;0.00000000;8.87718642;37.90014092;1.46168458;1.68403120;1.19731825;-0.06543999;12.06381786;-2.99549565
526;52.57087307;0.00000000;8.91395608;37.99307395;1.44689329;1.72094007;1.19075037;-0.06599288;12.03897562;-2.95214350
527;52.67081770;0.00000000;8.95133924;38.08576575;1.43824922;1.75849101;1.18412694;-0.06654720;12.01444265;-2.90846267
528;52.77076233;0.00000000;8.98933664;38.17820341;1.40413502;1.77874049;1.17744818;-0.06710451;11.99022359;-2.86480188
529;52.87070695;0.00000000;9.02795464;38.27038776;1.36557198;1.79176456;1.17071347;-0.06766232;11.96632018;-2.82067141
530;52.97065158;0.00000000;9.06719355;38.36230509;1.32858535;1.81088061;1.16392308;-0.06822391;11.94273824;-2.77612842
531;53.07059620;0.00000000;9.10705997;38.45395657;1.29759888;1.83590446;1.15707612;-0.06878881;11.91948315;-2.73112204
532;53.17054083;0.00000000;9.14755380;38.54532785;1.27304946;1.86660059;1.15017282;-0.06935724;11.89656070;-2.68563203
533;53.27048545;0.00000000;9.18868189;38.63642033;1.25530817;1.89689218;1.14321222;-0.06992924;11.87397691;-2.63957059
534;53.37043008;0.00000000;9.23044367;38.72721893;1.24466295;1.90967809;1.13619456;-0.07050532;11.85173851;-2.59319304
535;53.47037470;0.00000000;9.27284629;38.81772537;1.22086301;1.92825776;1.12911890;-0.07108355;11.82985014;-2.54620587
536;53.57031933;0.00000000;9.31588866;38.90792372;1.17939416;1.95246866;1.12198558;-0.07166588;11.80831890;-2.49875509
537;53.67026396;0.00000000;9.35957826;38.99781615;1.14448595;1.98211120;1.11479356;-0.07225115;11.78715067;-2.45062783
538;53.77020858;0.00000000;9.40391345;39.08738592;1.11675379;2.01694677;1.10754320;-0.07284073;11.76635316;-2.40200097
539;53.87015321;0.00000000;9.44890203;39.17663553;1.09673473;2.05471114;1.10023338;-0.07343322;11.74593260;-2.35262878
540;53.97009783;0.00000000;9.49454181;39.26554743;1.08222633;2.07319123;1.09286452;-0.07403023;11.72589729;-2.30269534
541;54.07004246;0.00000000;9.54084092;39.35412448;1.05462903;2.09699440;1.08543543;-0.07463029;11.70625403;-2.25194258
542;54.16998708;0.00000000;9.58779657;39.44234832;1.01624368;2.12594345;1.07794656;-0.07523508;11.68701177;-2.20056994
543;54.26993171;0.00000000;9.63541726;39.53022212;0.98579924;2.15983906;1.07039664;-0.07584300;11.66817783;-2.14829889
544;54.36987634;0.00000000;9.68369955;39.61772676;0.96404815;2.18711166;1.06278618;-0.07645589;11.64976189;-2.09533874
545;54.46982096;0.00000000;9.73265233;39.70486571;0.95157898;2.19778432;1.05511382;-0.07707204;11.63177185;-2.04139579
546;54.56976559;0.00000000;9.78227149;39.79161905;0.94029404;2.21368067;1.04738012;-0.07769339;11.61421815;-1.98669107
547;54.66971021;0.00000000;9.83256633;39.87799055;0.91792508;2.23469652;1.03958363;-0.07831813;11.59710934;-1.93091102
548;54.76965484;0.00000000;9.88353201;39.96395953;0.90531007;2.26069091;1.03172497;-0.07894835;11.58045667;-1.87427464
549;54.86959946;0.00000000;9.93517826;40.04953001;0.88170534;2.29150251;1.02380258;-0.07958219;11.56426951;-1.81646614
550;54.96954409;0.00000000;9.98749952;40.13468055;0.84825662;2.32693947;1.01581713;-0.08022178;11.54855997;-1.75771565
551;55.06948871;0.00000000;10.04050592;40.21941543;0.82483074;2.36316225;1.00776698;-0.08086513;11.53333815;-1.69767928
552;55.16943334;0.00000000;10.09419115;40.30371245;0.80931567;2.36965207;0.99965284;-0.08151457;11.51861715;-1.63655110
553;55.26937797;0.00000000;10.14856576;40.38757610;0.77419890;2.38113220;0.99147294;-0.08216835;11.50440837;-1.57402963
554;55.36932259;0.00000000;10.20362270;40.47098348;0.75002983;2.39753477;0.98322804;-0.08282845;11.49072585;-1.51031998
555;55.46926722;0.00000000;10.25937292;40.55393924;0.73787596;2.41876765;0.97491627;-0.08349303;11.47758179;-1.44506101
556;55.56921184;0.00000000;10.31580856;40.63641977;0.73832717;2.44470637;0.96653844;-0.08416448;11.46499156;-1.37838999
557;55.66915647;0.00000000;10.37294102;40.71842986;0.73123417;2.47521199;0.95809250;-0.08484143;11.45296932;-1.31006367
558;55.76910109;0.00000000;10.43076167;40.79994528;0.69404828;2.48480777;0.94957930;-0.08552535;11.44153130;-1.24009787
559;55.86904572;0.00000000;10.48928231;40.88097086;0.66899224;2.49174465;0.94099667;-0.08621575;11.43069361;-1.16825952
560;55.96899035;0.00000000;10.54849346;40.96148170;0.65745409;2.50284084;0.93234542;-0.08691398;11.42047433;-1.09477060
561;56.06893497;0.00000000;10.60840737;41.04148269;0.66013479;2.51521172;0.92362330;-0.08761795;11.41088958;-1.01921494
562;56.16887960;0.00000000;10.66901371;41.12094831;0.66897940;2.51925983;0.91483126;-0.08833038;11.40195908;-0.94115666
563;56.26882422;0.00000000;10.73032511;41.19988335;0.68146361;2.51551676;0.90596659;-0.08905408;11.39370632;-0.86098016
564;56.36876885;0.00000000;10.79233079;41.27826220;0.67583098;2.51663117;0.89703004;-0.08978560;11.38615137;-0.77789378
565;56.46871347;0.00000000;10.85504360;41.35608927;0.66287465;2.52260409;0.88801886;-0.09053042;11.37932118;-0.69405246
566;56.56865810;0.00000000;10.91845138;41.43333762;0.63196166;2.53340679;0.87893363;-0.09127154;11.37322368;-0.61850747
567;56.66860272;0.00000000;10.98256799;41.51001263;0.60485087;2.53080513;0.86977769;-0.09193976;11.36778711;-0.54923699
568;56.76854735;0.00000000;11.04737891;41.58608641;0.59262584;2.52284159;0.86055623;-0.09255114;11.36295724;-0.51621295
569;56.86849198;0.00000000;11.11289740;41.66156562;0.59619528;2.51762822;0.85128947;-0.09287805;11.35841590;-0.49835996
570;56.96843660;0.00000000;11.17910726;41.73642614;0.60229322;2.51730463;0.84199209;-0.09308532;11.35402990;-0.49835996
571;57.06838123;0.00000000;11.24601629;41.81067448;0.60746834;2.52187413;0.83270329;-0.09278744;11.34964221;-0.45033127
572;57.16832585;0.00000000;11.31360573;41.88429342;0.61172030;2.51228297;0.82344507;-0.09245363;11.34567591;-0.39866189
573;57.26827048;0.00000000;11.38187752;41.95729030;0.61505306;2.50114632;0.81422963;-0.09195152;11.34216353;-0.32639161
574;57.36821510;0.00000000;11.45081226;42.02965140;0.61746948;2.49488639;0.80506474;-0.09145484;11.33928708;-0.25627766
575;57.46815973;0.00000000;11.52041036;42.10138440;0.63152999;2.49337790;0.79594879;-0.09096014;11.33702802;-0.18781194
576;57.56810435;0.00000000;11.59065306;42.17247702;0.65973218;2.49277782;0.78688259;-0.09047203;11.33537219;-0.12153496
577;57.66804898;0.00000000;11.66154027;42.24293612;0.69062300;2.49308114;0.77786409;-0.08999333;11.33430056;-0.05774613
578;57.76799361;0.00000000;11.73305395;42.31275050;0.68942727;2.48656058;0.76889366;-0.08952058;11.33379135;0.00406403
579;57.86793823;0.00000000;11.80519373;42.38192641;0.68733963;2.46965223;0.75996982;-0.08905078;11.33382719;0.06433725
580;57.96788286;0.00000000;11.87794202;42.45045347;0.68436644;2.45758212;0.75109311;-0.08859014;11.33439452;0.12231986
581;58.06782748;0.00000000;11.95129838;42.51833759;0.68159286;2.45041669;0.74226110;-0.08814410;11.33547306;0.17737209
582;58.16777211;0.00000000;12.02524586;42.58556916;0.69250158;2.44651248;0.73347389;-0.08770227;11.33703684;0.23089784
583;58.26771673;0.00000000;12.09978374;42.65215349;0.71647237;2.42293150;0.72473034;-0.08726215;11.33907219;0.28326050
584;58.36766136;0.00000000;12.17489573;42.71808192;0.73804882;2.39981630;0.71603093;-0.08682702;11.34156863;0.33407161
585;58.46760599;0.00000000;12.25058068;42.78335924;0.74075085;2.38152991;0.70737448;-0.08639475;11.34451217;0.38364758
586;58.56755061;0.00000000;12.32682284;42.84797755;0.75131904;2.36818305;0.69876125;-0.08597576;11.34789158;0.43068070
587;58.66749524;0.00000000;12.40362091;42.91194121;0.77392201;2.35985514;0.69018795;-0.08558231;11.35168409;0.47364637
588;58.76743986;0.00000000;12.48095993;42.97524290;0.80755006;2.35659680;0.68165400;-0.08520177;11.35585349;0.51425025
589;58.86738449;0.00000000;12.55883840;43.03788629;0.84120368;2.35842520;0.67315611;-0.08484772;11.36037859;0.55078904
590;58.96732911;0.00000000;12.63724229;43.09986464;0.85240556;2.35638690;0.66469371;-0.08449648;11.36522320;0.58639022
591;59.06727374;0.00000000;12.71616969;43.16118093;0.86365292;2.33496425;0.65626622;-0.08414459;11.37037869;0.62152687
592;59.16721836;0.00000000;12.79560716;43.22182917;0.86520586;2.31219129;0.64787392;-0.08379851;11.37584055;0.65537902
593;59.26716299;0.00000000;12.87555245;43.28181198;0.86480587;2.29437653;0.63951563;-0.08345805;11.38159705;0.68799893
594;59.36710762;0.00000000;12.95599272;43.34112398;0.87506259;2.27347032;0.63119139;-0.08312247;11.38763693;0.71950630
595;59.46705224;0.00000000;13.03692541;43.39976745;0.89561311;2.24195279;0.62290020;-0.08279162;11.39395000;0.74994777
596;59.56699687;0.00000000;13.11833825;43.45773757;0.91653951;2.21530273;0.61464207;-0.08246528;11.40052644;0.77937280
597;59.66694149;0.00000000;13.20022835;43.51503629;0.93297974;2.19369466;0.60641617;-0.08214261;11.40735689;0.80791165
598;59.76688612;0.00000000;13.28258395;43.57165933;0.93304860;2.17727819;0.59822247;-0.08182507;11.41443315;0.83539309
599;59.86683074;0.00000000;13.36540189;43.62760834;0.94295430;2.16032647;0.59006006;-0.08151255;11.42174550;0.86185499
600;59.96677537;0.00000000;13.44867096;43.68287953;0.96239509;2.14609765;0.58192884;-0.08120432;11.42928457;0.88740949
601;60.06672000;0.00000000;13.53238769;43.73747430;0.99081234;2.13726337;0.57382808;-0.08089973;11.43704199;0.91216131
602;60.16666462;0.00000000;13.61654138;43.79138928;1.02047920;2.13388855;0.56575769;-0.08060012;11.44501029;0.93595126
603;60.26660925;0.00000000;13.70112828;43.84462565;1.03486507;2.11858574;0.55771683;-0.08030544;11.45318066;0.95880421
604;60.36655387;0.00000000;13.78613821;43.89718045;1.03560703;2.10444379;0.54970531;-0.08001665;11.46154448;0.98061006
605;60.46649850;0.00000000;13.87156715;43.94905461;1.04515204;2.09577690;0.54172216;-0.07973440;11.47009221;1.00130142
606;60.56644312;0.00000000;13.95740542;44.00024554;1.06326490;2.06606846;0.53376715;-0.07945457;11.47881373;1.02144005
607;60.66638775;0.00000000;14.04364875;44.05075395;1.08952045;2.03761046;0.52584001;-0.07917575;11.48770384;1.04122343
608;60.76633237;0.00000000;14.13028790;44.10057766;1.12027478;2.01448918;0.51794071;-0.07889658;11.49675906;1.06083945
609;60.86627700;0.00000000;14.21731831;44.14971726;1.12944256;1.99688809;0.51006951;-0.07861439;11.50597755;1.08064834
610;60.96622163;0.00000000;14.30473113;44.19817100;1.14650968;1.97376127;0.50222642;-0.07833489;11.51536058;1.09989375
611;61.06616625;0.00000000;14.39252152;44.24593938;1.17113283;1.95364616;0.49441115;-0.07805709;11.52490287;1.11871951
612;61.16611088;0.00000000;14.48068107;44.29302098;1.20284875;1.93801378;0.48662348;-0.07778482;11.53460039;1.13662568
613;61.26605550;0.00000000;14.56920472;44.33941618;1.21616030;1.91052223;0.47886263;-0.07751824;11.54444479;1.15360268
614;61.36600013;0.00000000;14.65808449;44.38512381;1.23204175;1.88868696;0.47112824;-0.07725733;11.55442765;1.16966797
615;61.46594475;0.00000000;14.74731513;44.43014410;1.25495846;1.87270423;0.46341954;-0.07700231;11.56454073;1.18480783
616;61.56588938;0.00000000;14.83688910;44.47447609;1.27769169;1.85932776;0.45573615;-0.07675236;11.57477571;1.19914331
617;61.66583401;0.00000000;14.92680092;44.51811987;1.28994465;1.85048276;0.44807742;-0.07650751;11.58512531;1.21268123
618;61.76577863;0.00000000;15.01704349;44.56107470;1.30460355;1.84629413;0.44044296;-0.07626775;11.59558237;1.22543652
619;61.86572326;0.00000000;15.10761113;44.60334053;1.32591340;1.81471513;0.43283216;-0.07603306;11.60613984;1.23742120
620;61.96566788;0.00000000;15.19849715;44.64491682;1.35356105;1.78890973;0.42524461;-0.07580339;11.61679083;1.24865197
621;62.06561251;0.00000000;15.28969566;44.68580342;1.38700100;1.76912978;0.41767973;-0.07557868;11.62752860;1.25914842
622;62.16555713;0.00000000;15.38120037;44.72599994;1.39353890;1.75557790;0.41013710;-0.07535883;11.63834660;1.26893115
623;62.26550176;0.00000000;15.47300521;44.76550613;1.40642073;1.73561210;0.40261617;-0.07514374;11.64923849;1.27802577
624;62.36544638;0.00000000;15.56510425;44.80432178;1.42547592;1.70269111;0.39511652;-0.07493346;11.66019815;1.28643140
625;62.46539101;0.00000000;15.65749125;44.84244653;1.45046209;1.67582051;0.38763764;-0.07472782;11.67121951;1.29417985
626;62.56533564;0.00000000;15.75016063;44.87988030;1.48107977;1.65053338;0.38017908;-0.07452689;11.68229675;1.30126999
627;62.66528026;0.00000000;15.84310599;44.91662268;1.49820753;1.63087339;0.37274038;-0.07433046;11.69342410;1.30773863
628;62.76522489;0.00000000;15.93632207;44.95267369;1.50910296;1.61790060;0.36532108;-0.07413866;11.70459611;1.31357401
629;62.86516951;0.00000000;16.02980234;44.98803285;1.52575277;1.61177538;0.35792073;-0.07395124;11.71580725;1.31881774
630;62.96511414;0.00000000;16.12354183;45.02270031;1.54224694;1.57796051;0.35053887;-0.07376837;11.72705236;1.32345291
631;63.06505876;0.00000000;16.21753388;45.05667553;1.56395967;1.54408281;0.34317510;-0.07358976;11.73832616;1.32752529
632;63.16500339;0.00000000;16.31177381;45.08995872;1.59096278;1.51676033;0.33582893;-0.07341562;11.74962378;1.33101207
633;63.26494802;0.00000000;16.40625483;45.12254933;1.62299212;1.49635230;0.32849998;-0.07324564;11.76094019;1.33396261
634;63.36489264;0.00000000;16.50097253;45.15444764;1.65476933;1.48314335;0.32118777;-0.07308006;11.77227076;1.33634871
635;63.46483727;0.00000000;16.59592002;45.18565306;1.68587858;1.47732583;0.31389194;-0.07291854;11.78361068;1.33822298
636;63.56478189;0.00000000;16.69109311;45.21616593;1.70264417;1.47898558;0.30661200;-0.07276134;11.79495557;1.33955310
637;63.66472652;0.00000000;16.78648484;45.24598565;1.70386754;1.45459725;0.29934762;-0.07260810;11.80630083;1.34039431
638;63.76467114;0.00000000;16.88209122;45.27511259;1.71021639;1.42561523;0.29209829;-0.07245913;11.81764230;1.34070994
639;63.86461577;0.00000000;16.97790524;45.30354616;1.72163505;1.39736005;0.28486370;-0.07231403;11.82897557;1.34055767
640;63.96456039;0.00000000;17.07392307;45.33128674;1.73802463;1.37651196;0.27764335;-0.07217313;11.84029671;1.33989749
641;64.06450502;0.00000000;17.17013767;45.35833376;1.75924645;1.36341085;0.27043695;-0.07203603;11.85160147;1.33878905
642;64.16444965;0.00000000;17.26654535;45.38468761;1.78512877;1.35827999;0.26324399;-0.07190307;11.86288611;1.33718925
643;64.26439427;0.00000000;17.36313907;45.41034773;1.81071126;1.35847081;0.25606419;-0.07177383;11.87414656;1.33515939
644;64.36433890;0.00000000;17.45991524;45.43531452;1.83561226;1.36261152;0.24889704;-0.07164866;11.88537928;1.33265347
645;64.46428352;0.00000000;17.55686684;45.45958744;1.85982964;1.34073146;0.24174228;-0.07152715;11.89658034;1.32973428
646;64.56422815;0.00000000;17.65399037;45.48316688;1.88336243;1.31722420;0.23459940;-0.07140967;11.90774636;1.32635366
647;64.66417277;0.00000000;17.75127882;45.50605234;1.90620887;1.29441516;0.22746814;-0.07129578;11.91887357;1.32257551
648;64.76411740;0.00000000;17.84872877;45.52824419;1.92836828;1.27230316;0.22034801;-0.07118586;11.92995875;1.31834952
649;64.86406202;0.00000000;17.94633325;45.54974196;1.94983926;1.25088792;0.21323875;-0.07107947;11.94099827;1.31374056
650;64.96400665;0.00000000;18.04408887;45.57054599;1.97062132;1.23016835;0.20613986;-0.07097701;11.95198905;1.30869660
651;65.06395128;0.00000000;18.14198874;45.59065587;1.99071332;1.21014421;0.19905110;-0.07087803;11.96292760;1.30328329
652;65.16389590;0.00000000;18.24002946;45.61007191;2.01011495;1.19081449;0.19197198;-0.07078293;11.97381096;1.29744688
653;65.26384053;0.00000000;18.33820425;45.62879373;2.02882528;1.17217902;0.18490225;-0.07069126;11.98463578;1.29125379
654;65.36378515;0.00000000;18.43650968;45.64682161;2.04684412;1.15423688;0.17784143;-0.07060342;11.99539922;1.28464904
655;65.46372978;0.00000000;18.53493908;45.66415521;2.06417072;1.13690334;0.17078928;-0.07051897;12.00609803;1.27769951
656;65.56367440;0.00000000;18.63348897;45.68079479;2.08080498;1.12021769;0.16374532;-0.07043831;12.01672952;1.27034889
657;65.66361903;0.00000000;18.73215283;45.69674006;2.07816486;1.10423098;0.15670931;-0.07036100;12.02729053;1.26266461
658;65.76356366;0.00000000;18.83092708;45.71199122;2.06884071;1.08894274;0.14968079;-0.07028744;12.03777847;1.25458938
659;65.86350828;0.00000000;18.92980536;45.72654804;2.06361702;1.07435281;0.14265950;-0.07021719;12.04819030;1.24619096
660;65.96345291;0.00000000;19.02878399;45.74041067;2.06252584;1.06046080;0.13564501;-0.07015066;12.05852353;1.23741095
661;66.06339753;0.00000000;19.12785681;45.75357894;2.06557446;1.04726656;0.12863704;-0.07008740;12.06877520;1.22831768
662;66.16334216;0.00000000;19.22701995;45.76605296;2.07210177;1.03476976;0.12163517;-0.07002782;12.07894293;1.21885220
663;66.26328678;0.00000000;19.32626751;45.77783258;2.07866854;1.03177653;0.11463913;-0.06997148;12.08902386;1.20908270
664;66.36323141;0.00000000;19.42559543;45.78891791;2.08930682;1.03913277;0.10764850;-0.06991880;12.09901568;1.19894876
665;66.46317603;0.00000000;19.52499804;45.79930882;2.09968454;1.05662141;0.10066301;-0.06986933;12.10891562;1.18851998
666;66.56312066;0.00000000;19.62447107;45.80900538;2.10936964;1.08375085;0.09368226;-0.06982348;12.11872146;1.17773694
667;66.66306529;0.00000000;19.72400914;45.81800751;2.11836185;1.08218285;0.08670594;-0.06978080;12.12843051;1.16666706
668;66.76300991;0.00000000;19.82360770;45.82631524;2.12666104;1.07388389;0.07973370;-0.06974174;12.13804065;1.15524727
669;66.86295454;0.00000000;19.92326169;45.83392854;2.13426703;1.06627842;0.07276521;-0.06970583;12.14754923;1.14354893
670;66.96289916;0.00000000;20.02296628;45.84084738;2.14117968;1.05936645;0.06580014;-0.06967348;12.15695421;1.13151227
671;67.06284379;0.00000000;20.12271675;45.84707178;2.14739886;1.05314802;0.05883813;-0.06964424;12.16625303;1.11920756
672;67.16278841;0.00000000;20.22250793;45.85260170;2.15292444;1.04762319;0.05187889;-0.06961854;12.17544374;1.10657119
673;67.26273304;0.00000000;20.32233546;45.85743716;2.15775632;1.04279200;0.04492203;-0.06959601;12.18452387;1.09366202
674;67.36267767;0.00000000;20.42219380;45.86157811;2.16189435;1.03865458;0.03796726;-0.06957727;12.19349143;1.08038820
675;67.46262229;0.00000000;20.52207905;45.86502458;2.16533848;1.03521095;0.03101418;-0.06956150;12.20234368;1.06687666
676;67.56256692;0.00000000;20.62198517;45.86777651;2.16808854;1.03246127;0.02406252;-0.06954982;12.21107892;1.05295880
677;67.66251154;0.00000000;20.72190884;45.86983394;2.17014450;1.03040557;0.01711182;-0.06954112;12.21969409;1.03880572
678;67.76245617;0.00000000;20.82184340;45.87119679;2.17150617;1.02904408;0.01016102;-0.06955349;12.22818750;1.02171372
679;67.86240079;0.00000000;20.92178617;45.87186491;2.17217336;1.02837696;0.00320873;-0.06956913;12.23653543;1.00437737
680;67.96234542;0.00000000;21.02172980;45.87183808;2.17214570;1.02840463;-0.00374634;-0.06961087;12.24473615;0.98337629
681;68.06229004;0.00000000;21.12167238;45.87111591;2.17142279;1.02912749;-0.01070582;-0.06965530;12.25276009;0.96226321
682;68.16223467;0.00000000;21.22160578;45.86969801;2.17000409;1.03054612;-0.01767015;-0.06971034;12.26060667;0.93984818
683;68.26217930;0.00000000;21.32152877;45.86758385;2.16788906;1.03266107;-0.02464026;-0.06976844;12.26826562;0.91727974
684;68.36212392;0.00000000;21.42143267;45.86477304;2.16507715;1.03547293;-0.03161628;-0.06983112;12.27573606;0.89433416
685;68.46206855;0.00000000;21.52131647;45.86126498;2.16156776;1.03898231;-0.03859886;-0.06989721;12.28301525;0.87118794
686;68.56201317;0.00000000;21.62117135;45.85705931;2.15736037;1.04318976;-0.04558810;-0.06996682;12.29010190;0.84782909
687;68.66195780;0.00000000;21.72099636;45.85215539;2.15245433;1.04809595;-0.05258458;-0.07003956;12.29699462;0.82431660
688;68.76190242;0.00000000;21.82078259;45.84655292;2.14684920;1.05370137;-0.05958842;-0.07011691;12.30369248;0.80042964
689;68.86184705;0.00000000;21.92052915;45.84025117;2.14054424;1.06000678;-0.06660030;-0.07019761;12.31019277;0.77636257
690;68.96179168;0.00000000;22.02022703;45.83324992;2.13353907;1.06701260;-0.07362028;-0.07028176;12.31649432;0.75210400
691;69.06173630;0.00000000;22.11987524;45.82554839;2.12583291;1.07471967;-0.08064898;-0.07036901;12.32259591;0.72770814
692;69.16168093;0.00000000;22.21946481;45.81714639;2.11742545;1.08312835;-0.08768628;-0.07045707;12.32849670;0.70352542
693;69.26162555;0.00000000;22.31899480;45.80804313;2.10831590;1.09223951;-0.09473269;-0.07054963;12.33419872;0.67899205
694;69.36157018;0.00000000;22.41845610;45.79823849;2.09850401;1.10205350;-0.10178897;-0.07065625;12.33969940;0.65265868
695;69.46151480;0.00000000;22.51784772;45.78773152;2.08798883;1.11257133;-0.10885623;-0.07076535;12.34498444;0.62630982
696;69.56145943;0.00000000;22.61716065;45.77652208;2.07677015;1.12379340;-0.11593403;-0.07087088;12.35005399;0.60086971
697;69.66140405;0.00000000;22.71639345;45.76460926;2.06484707;1.13572072;-0.12302264;-0.07097333;12.35491565;0.57625478
698;69.76134868;0.00000000;22.81553758;45.75199310;2.05221957;1.14835352;-0.13011942;-0.07104261;12.35957637;0.55705161
699;69.86129331;0.00000000;22.91459120;45.73867309;2.03888720;1.16169247;-0.13722339;-0.07111363;12.36408009;0.53785390
700;69.96123793;0.00000000;23.01354615;45.72464963;2.02485032;1.17573746;-0.14433405;-0.07118005;12.36842705;-0.50842789
701;70.06118256;0.00000000;23.11240027;45.70992234;2.01010865;1.19048907;-0.15145166;-0.07125192;12.36431796;-1.69811975
702;70.16112718;0.00000000;23.21114562;45.69449168;1.99466267;1.20594719;-0.15857695;-0.07133442;12.35058390;-1.70841245
703;70.26107181;0.00000000;23.30977976;45.67835718;1.97851207;1.22211250;-0.16571075;-0.07141965;12.33675117;-1.71847801
704;70.36101643;0.00000000;23.40829491;45.66151928;1.96165737;1.23898498;-0.17285296;-0.07150528;12.32282127;-1.72868498
705;70.46096106;0.00000000;23.50668851;45.64397754;1.94409833;1.25656535;-0.18000400;-0.07159458;12.30879273;-1.73853354
706;70.56090569;0.00000000;23.60495280;45.62573243;1.92583563;1.27485360;-0.18716410;-0.07168832;12.29466813;-1.74790550
707;70.66085031;0.00000000;23.70308509;45.60678349;1.90686911;1.29385052;-0.19433384;-0.07178568;12.28045100;-1.75692469
708;70.76079494;0.00000000;23.80107769;45.58713124;1.88719957;1.31355612;-0.20151341;-0.07188666;12.26614391;-1.76558757
709;70.86073956;0.00000000;23.89892775;45.56677520;1.86682698;1.33397126;-0.20870333;-0.07199118;12.25174945;-1.77391023
710;70.96068419;0.00000000;23.99662764;45.54571590;1.84575229;1.35509601;-0.21590378;-0.07209915;12.23727008;-1.78190274
711;71.06062881;0.00000000;24.09417439;45.52395288;1.82397564;1.37693129;-0.22311529;-0.07221079;12.22270820;-1.78953240
712;71.16057344;0.00000000;24.19156041;45.50148668;1.80149820;1.39934020;-0.23033807;-0.07232632;12.20806649;-1.79676673
713;71.26051806;0.00000000;24.28878259;45.47831684;1.77832030;1.42240597;-0.23757266;-0.07244547;12.19334790;-1.80364447
714;71.36046269;0.00000000;24.38583338;45.45444394;1.75444339;1.44617807;-0.24481927;-0.07256829;12.17855508;-1.81015817
715;71.46040732;0.00000000;24.48270952;45.42986752;1.72986805;1.47065789;-0.25207840;-0.07269484;12.16369075;-1.81629898
716;71.56035194;0.00000000;24.57940352;45.40458816;1.70459609;1.49584565;-0.25935031;-0.07282529;12.14875772;-1.82203931
717;71.66029657;0.00000000;24.67591196;45.37860543;1.67862844;1.52174281;-0.26663552;-0.07295949;12.13375902;-1.82740159
718;71.76024119;0.00000000;24.77222740;45.35191992;1.65196732;1.54834967;-0.27393426;-0.07309760;12.11869754;-1.83236255
719;71.86018582;0.00000000;24.86834625;45.32453121;1.62461414;1.56895606;-0.28124706;-0.07323952;12.10357635;-1.83693478
720;71.96013044;0.00000000;24.96426114;45.29643992;1.59657166;1.56594003;-0.28857418;-0.07338549;12.08839845;-1.84108356
721;72.06007507;0.00000000;25.05996828;45.26764565;1.56784192;1.57002763;-0.29591615;-0.07353545;12.07316712;-1.84481500
722;72.16001969;0.00000000;25.15546036;45.23814902;1.53976911;1.58116497;-0.30327326;-0.07368957;12.05788562;-1.84810357
723;72.25996432;0.00000000;25.25073344;45.20794965;1.51704797;1.59920586;-0.31064603;-0.07384757;12.04255743;-1.85099125
724;72.35990895;0.00000000;25.34578025;45.17704817;1.49992179;1.62392050;-0.31803474;-0.07400986;12.02718571;-1.85341470
725;72.45985357;0.00000000;25.44059663;45.14544425;1.48858275;1.65501054;-0.32543993;-0.07417632;12.01177416;-1.85539014
726;72.55979820;0.00000000;25.53517540;45.11313852;1.48316272;1.68719210;-0.33286193;-0.07434710;11.99632635;-1.85689529
727;72.65974282;0.00000000;25.62951217;45.08013068;1.48019466;1.72009340;-0.34030124;-0.07452209;11.98084607;-1.85794524
728;72.75968745;0.00000000;25.72359985;45.04642135;1.44655543;1.75371521;-0.34775824;-0.07470161;11.96533699;-1.85849142
729;72.85963207;0.00000000;25.81743382;45.01201029;1.41224725;1.78805921;-0.35523342;-0.07488551;11.94980321;-1.85806677
730;72.95957670;0.00000000;25.91100707;44.97689811;1.37727688;1.82312626;-0.36272720;-0.07507408;11.93425277;-1.85706349
731;73.05952133;0.00000000;26.00431473;44.94108464;1.34165131;1.84223812;-0.37024006;-0.07526722;11.91869046;-1.85548816
732;73.15946595;0.00000000;26.09734989;44.90457043;1.30568745;1.85413190;-0.37777246;-0.07546524;11.90312102;-1.85336274
733;73.25941058;0.00000000;26.19010740;44.86735542;1.27582538;1.86964206;-0.38532489;-0.07566799;11.88754907;-1.85064618
734;73.35935520;0.00000000;26.28258047;44.82944012;1.25250163;1.88136922;-0.39289783;-0.07587572;11.87197955;-1.84735003
735;73.45929983;0.00000000;26.37476363;44.79082454;1.23608551;1.88917973;-0.40049178;-0.07608832;11.85641738;-1.84344154
736;73.55924445;0.00000000;26.46665025;44.75150916;1.22685326;1.90296675;-0.40810723;-0.07630601;11.84086775;-1.83885265
737;73.65918908;0.00000000;26.55823453;44.71149410;1.21280350;1.92260309;-0.41574469;-0.07652924;11.82533645;-1.83352914
738;73.75913370;0.00000000;26.64950996;44.67077975;1.17779014;1.94791285;-0.42340478;-0.07675835;11.80982978;-1.82733616
739;73.85907833;0.00000000;26.74047040;44.62936636;1.14404077;1.97867906;-0.43108805;-0.07699427;11.79435520;-1.82026830
740;73.95902296;0.00000000;26.83110948;44.58725424;1.11748355;2.00153656;-0.43879531;-0.07723699;11.77892026;-1.81116568
741;74.05896758;0.00000000;26.92142065;44.54444376;1.09863940;2.02024652;-0.44652729;-0.07749472;11.76354240;-1.80005329
742;74.15891221;0.00000000;27.01139773;44.50093499;1.08790772;2.04442559;-0.45428606;-0.07776718;11.74823896;-1.78697715
743;74.25885683;0.00000000;27.10103369;44.45672831;1.08377380;2.07388353;-0.46207250;-0.07805392;11.73302693;-1.77195856
744;74.35880146;0.00000000;27.19032239;44.41182356;1.06424513;2.09030008;-0.46988857;-0.07835467;11.71792326;-1.75674091
745;74.45874608;0.00000000;27.27925632;44.36622115;1.05309145;2.10852641;-0.47773481;-0.07865676;11.70293006;-1.74125224
746;74.55869071;0.00000000;27.36782947;44.31992077;1.02108975;2.13204856;-0.48561130;-0.07896070;11.68805006;-1.72512848
747;74.65863534;0.00000000;27.45603393;44.27292315;0.98253000;2.16069478;-0.49351834;-0.07926906;11.67328915;-1.70833745
748;74.75857996;0.00000000;27.54386390;44.22522786;0.95216790;2.19426590;-0.50145648;-0.07958202;11.65865350;-1.69073234
749;74.85852459;0.00000000;27.63131105;44.17683589;0.92146917;2.20563875;-0.50942610;-0.07990059;11.64415056;-1.67229795
750;74.95846921;0.00000000;27.71836974;44.12774670;0.89972907;2.20807777;-0.51742793;-0.08022481;11.62978795;-1.65319417
751;75.05841384;0.00000000;27.80503118;44.07796155;0.88796172;2.21582590;-0.52546232;-0.08055342;11.61557196;-1.63338347
752;75.15835846;0.00000000;27.89128994;44.02747978;0.88656157;2.22883068;-0.53352986;-0.08088664;11.60150922;-1.61277595
753;75.25830309;0.00000000;27.97713676;43.97630292;0.89557406;2.24700298;-0.54163085;-0.08122503;11.58760716;-1.59133770
754;75.35824771;0.00000000;28.06256639;43.92443019;0.88671981;2.27022125;-0.54976604;-0.08156877;11.57387352;-1.56909577
755;75.45819234;0.00000000;28.14756913;43.87186346;0.86496299;2.29833373;-0.55793573;-0.08191757;11.56031587;-1.54601652
756;75.55813697;0.00000000;28.23213989;43.81860178;0.83094674;2.33116558;-0.56614066;-0.08227157;11.54694206;-1.52207763
757;75.65808159;0.00000000;28.31626853;43.76464735;0.79701374;2.36852068;-0.57438110;-0.08263084;11.53376018;-1.49723532
758;75.75802622;0.00000000;28.39995011;43.70999908;0.77376117;2.40853566;-0.58265786;-0.08299561;11.52077874;-1.47150663
759;75.85797084;0.00000000;28.48317404;43.65465955;0.76216599;2.41764290;-0.59097120;-0.08336564;11.50800610;-1.44485174
760;75.95791547;0.00000000;28.56593554;43.59862747;0.76275673;2.43165140;-0.59932194;-0.08374110;11.49545101;-1.41720582
761;76.05786009;0.00000000;28.64822356;43.54190580;0.75214597;2.45047928;-0.60771033;-0.08412235;11.48312282;-1.38853325
762;76.15780472;0.00000000;28.73003348;43.48449312;0.74046671;2.46942696;-0.61613729;-0.08450954;11.47103121;-1.35889002
763;76.25774935;0.00000000;28.81135382;43.42639274;0.73995616;2.47925428;-0.62460305;-0.08490210;11.45918537;-1.32818084
764;76.35769397;0.00000000;28.89218003;43.36760310;0.70350100;2.48277328;-0.63310852;-0.08530061;11.44759540;-1.29649833
765;76.45763860;0.00000000;28.97250019;43.30812795;0.67906559;2.48883652;-0.64165389;-0.08570422;11.43627056;-1.26381575
766;76.55758322;0.00000000;29.05230992;43.24796551;0.66796694;2.49815100;-0.65024005;-0.08611297;11.42522039;-1.22973156
767;76.65752785;0.00000000;29.13159690;43.18711996;0.66368593;2.51226071;-0.65886720;-0.08652974;11.41445798;-1.19424342
768;76.75747247;0.00000000;29.21035681;43.12558936;0.66411465;2.52152430;-0.66753667;-0.08695436;11.40399643;-1.15727272
769;76.85741710;0.00000000;29.28857690;43.06337829;0.63880460;2.51904594;-0.67624872;-0.08738720;11.39384958;-1.11890241
770;76.95736172;0.00000000;29.36625279;43.00048472;0.62767455;2.52140351;-0.68500467;-0.08782741;11.38403055;-1.07977568
771;77.05730635;0.00000000;29.44337139;42.93691359;0.63147181;2.52858752;-0.69380454;-0.08826990;11.37454685;-1.03959792
772;77.15725098;0.00000000;29.51992844;42.87266267;0.63595240;2.54056129;-0.70264905;-0.08871672;11.36540855;-0.99781540
773;77.25719560;0.00000000;29.59591052;42.80773741;0.64376059;2.54627445;-0.71153833;-0.08917190;11.35663062;-0.95434205
774;77.35714023;0.00000000;29.67131328;42.74213554;0.65068284;2.54917003;-0.72047384;-0.08963584;11.34822877;-0.90942019
775;77.45708485;0.00000000;29.74612289;42.67586295;0.65671305;2.55686476;-0.72945579;-0.09010639;11.34021662;-0.86315608
776;77.55702948;0.00000000;29.82033507;42.60891716;0.66184628;2.56932006;-0.73848533;-0.09058248;11.33260682;-0.81488406
777;77.65697410;0.00000000;29.89393565;42.54130454;0.66607663;2.58647000;-0.74756259;-0.09106895;11.32541791;-0.76462355
778;77.75691873;0.00000000;29.96692036;42.47302240;0.66939911;2.59216097;-0.75668934;-0.09156530;11.31866824;-0.71329188
779;77.85686336;0.00000000;30.03927467;42.40407757;0.67180791;2.58347576;-0.76586559;-0.09206414;11.31236807;-0.66038233
780;77.95680798;0.00000000;30.11099396;42.33446756;0.67329795;2.57955700;-0.77509224;-0.09256909;11.30653210;-0.60311458
781;78.05675261;0.00000000;30.18206360;42.26419951;0.65164617;2.57899040;-0.78437012;-0.09310122;11.30119958;-0.54311567
782;78.15669723;0.00000000;30.25247889;42.19327063;0.62288802;2.57556358;-0.79370249;-0.09364731;11.29639540;-0.51312295
783;78.25664186;0.00000000;30.32222492;42.12168852;0.60410510;2.55605553;-0.80308036;-0.09395476;11.29185464;-0.49253621
784;78.35658648;0.00000000;30.39129822;42.04945199;0.60062219;2.54126207;-0.81248228;-0.09418596;11.28749434;-0.49253621
785;78.45653111;0.00000000;30.45968578;41.97657247;0.59744664;2.53126991;-0.82187677;-0.09360678;11.28313236;-0.40914836
786;78.55647573;0.00000000;30.52739201;41.90305261;0.59333686;2.52613088;-0.83118965;-0.09274967;11.27950759;-0.29212881
787;78.65642036;0.00000000;30.59440952;41.82891289;0.60373287;2.51566204;-0.84042069;-0.09201035;11.27691882;-0.19246872
788;78.75636499;0.00000000;30.66074741;41.75415441;0.62914705;2.50141820;-0.84958209;-0.09131362;11.27521288;-0.10020411
789;78.85630961;0.00000000;30.72639600;41.67879868;0.66786834;2.49201582;-0.85866955;-0.09051916;11.27432463;0.00268589
790;78.95625424;0.00000000;30.79136457;41.60284698;0.70763730;2.48750150;-0.86767601;-0.08970572;11.27434844;0.10603248
791;79.05619886;0.00000000;30.85564549;41.52632067;0.69897881;2.48789474;-0.87660218;-0.08892835;11.27528836;0.20287778
792;79.15614349;0.00000000;30.91924740;41.44922159;0.68943558;2.47220959;-0.88545217;-0.08816518;11.27708653;0.29616881
793;79.25608811;0.00000000;30.98216366;41.37156981;0.68607692;2.45580275;-0.89422539;-0.08740138;11.27971106;0.38790090
794;79.35603274;0.00000000;31.04440305;41.29336656;0.68514384;2.44424494;-0.90292299;-0.08664280;11.28314756;0.47739917
795;79.45597736;0.00000000;31.10595918;41.21463205;0.69505591;2.43679356;-0.91154469;-0.08589338;11.28737550;0.56424136
796;79.55592199;0.00000000;31.16684081;41.13536725;0.71373348;2.43123228;-0.92009242;-0.08515188;11.29237050;0.64867261
797;79.65586662;0.00000000;31.22704207;41.05559194;0.71037262;2.43062348;-0.92856584;-0.08441605;11.29811020;0.73105625
798;79.75581124;0.00000000;31.28657165;40.97530682;0.71896261;2.43496352;-0.93696651;-0.08368652;11.30457538;0.81138439
799;79.85575587;0.00000000;31.34542420;40.89453133;0.72873881;2.41833902;-0.94529409;-0.08296307;11.31174662;0.88975429
800;79.95570049;0.00000000;31.40360833;40.81326591;0.73896383;2.40550090;-0.95355016;-0.08224606;11.31960529;0.96618533
801;80.05564512;0.00000000;31.46111920;40.73152965;0.74881478;2.39758571;-0.96173439;-0.08153449;11.32813285;1.04086779
802;80.15558974;0.00000000;31.51796533;40.64932279;0.77081439;2.38350093;-0.96984823;-0.08082872;11.33731239;1.11381540
803;80.25553437;0.00000000;31.57414237;40.56666400;0.80396879;2.36618483;-0.97789137;-0.08012832;11.34712703;1.18514048
804;80.35547900;0.00000000;31.62965871;40.48355340;0.80320077;2.35378505;-0.98586523;-0.07943390;11.35756086;1.25481805
805;80.45542362;0.00000000;31.68451047;40.40000926;0.80186746;2.34097772;-0.99376950;-0.07874386;11.36859769;1.32310862
806;80.55536825;0.00000000;31.73870599;40.31603146;0.81213876;2.33071627;-1.00160545;-0.07805841;11.38022357;1.39003271
807;80.65531287;0.00000000;31.79224186;40.23163790;0.83359073;2.32548993;-1.00937281;-0.07738030;11.39242473;1.45527979
808;80.75525750;0.00000000;31.84512625;40.14682835;0.86539951;2.31191754;-1.01707316;-0.07670876;11.40518461;1.51899906
809;80.85520212;0.00000000;31.89735620;40.06162022;0.89438776;2.29689975;-1.02470611;-0.07603860;11.41848797;1.58191145
810;80.95514675;0.00000000;31.94893967;39.97601336;0.91524518;2.27672273;-1.03227261;-0.07537232;11.43232586;1.64372622
811;81.05509137;0.00000000;31.99987422;39.89002468;0.94168404;2.24176561;-1.03977244;-0.07471194;11.44668676;1.70421877
812;81.15503600;0.00000000;32.05016781;39.80365373;0.95744445;2.20957138;-1.04720687;-0.07405602;11.46155717;1.76361758
813;81.25498063;0.00000000;32.09981831;39.71691715;0.96829806;2.18220136;-1.05457553;-0.07340282;11.47692559;1.82218622
814;81.35492525;0.00000000;32.14883354;39.62981442;0.98847310;2.15983136;-1.06187948;-0.07275435;11.49278280;1.87969606
815;81.45486988;0.00000000;32.19721183;39.54236174;1.01204924;2.14261500;-1.06911848;-0.07210979;11.50911758;1.93628485
816;81.55481450;0.00000000;32.24496080;39.45455861;1.02285484;2.13067008;-1.07629359;-0.07146910;11.52591992;1.99199338
817;81.65475913;0.00000000;32.29207922;39.36642068;1.04247469;2.12248924;-1.08340453;-0.07083247;11.54318016;2.04682349
818;81.75470375;0.00000000;32.33857461;39.27794739;1.07043101;2.09102259;-1.09045238;-0.07020002;11.56088864;2.10079161
819;81.85464838;0.00000000;32.38444609;39.18915400;1.08029638;2.06460169;-1.09743689;-0.06957103;11.57903588;2.15402041
820;81.95459301;0.00000000;32.42970102;39.10003992;1.09090202;2.04341505;-1.10435901;-0.06894573;11.59761343;2.20650693
821;82.05453763;0.00000000;32.47433892;39.01061993;1.10976779;2.02420006;-1.11121848;-0.06832280;11.61661286;2.25845497
822;82.15448226;0.00000000;32.51836702;38.92089346;1.13648900;1.99563973;-1.11801613;-0.06770327;11.63602747;2.30974828
823;82.25442688;0.00000000;32.56178519;38.83087481;1.15213808;1.96786182;-1.12475210;-0.06709569;11.65584956;2.35925087
824;82.35437151;0.00000000;32.60460045;38.74056339;1.16239467;1.94548435;-1.13142797;-0.06649342;11.67606175;2.40789322
825;82.45431613;0.00000000;32.64681292;38.64997301;1.18040186;1.92869218;-1.13804376;-0.06589979;11.69665465;2.45524399
826;82.55426076;0.00000000;32.68842942;38.55910304;1.20581874;1.91437652;-1.14460075;-0.06531066;11.71761524;2.50189368
827;82.65420538;0.00000000;32.72945035;38.46796681;1.23819164;1.88493234;-1.15109873;-0.06472360;11.73893558;2.50063092
828;82.75415001;0.00000000;32.76988237;38.37656375;1.27699797;1.86102797;-1.15753841;-0.06413944;11.76020653;2.48768886
829;82.85409464;0.00000000;32.80972619;38.28490669;1.31635807;1.84287602;-1.16391969;-0.06355975;11.78132930;2.47483352
830;82.95403926;0.00000000;32.84898835;38.19299513;1.35554862;1.83064130;-1.17024343;-0.06298337;11.80230539;2.46206401
831;83.05398389;0.00000000;32.88766984;38.10084141;1.37314592;1.80796872;-1.17650951;-0.06241027;11.82313633;2.44937951
832;83.15392851;0.00000000;32.92577703;38.00844510;1.38179682;1.77693750;-1.18271867;-0.06184013;11.84382360;2.43677918
833;83.25387314;0.00000000;32.96331122;37.91581805;1.39695277;1.74649474;-1.18887080;-0.06127302;11.86436864;2.42426219
834;83.35381776;0.00000000;33.00027863;37.82295994;1.41841111;1.72180320;-1.19496658;-0.06070868;11.88477292;2.41182774
835;83.45376239;0.00000000;33.03668083;37.72988210;1.44589457;1.70322851;-1.20100592;-0.06014733;11.90503783;2.39947503
836;83.55370702;0.00000000;33.07252391;37.63658432;1.47907316;1.69096620;-1.20698947;-0.05958863;11.92516478;2.38720328
837;83.65365164;0.00000000;33.10780970;37.54307744;1.51434949;1.68514970;-1.21291715;-0.05903254;11.94515514;2.37501170
838;83.75359627;0.00000000;33.14254416;37.44936137;1.52214084;1.65101727;-1.21878953;-0.05847894;11.96501026;2.36289954
839;83.85354089;0.00000000;33.17672936;37.35544643;1.52920388;1.61691404;-1.22460655;-0.05792783;11.98473149;2.35086605
840;83.95348552;0.00000000;33.21037115;37.26133269;1.54215243;1.58337712;-1.23036876;-0.05737907;12.00432012;2.33891049
841;84.05343014;0.00000000;33.24347183;37.16702993;1.56084429;1.55131468;-1.23607609;-0.05683259;12.02377747;2.32703211
842;84.15337477;0.00000000;33.27603712;37.07253840;1.58508184;1.52569103;-1.24172906;-0.05628831;12.04310481;2.31523021
843;84.25331939;0.00000000;33.30806957;36.97786735;1.61461863;1.50683139;-1.24732760;-0.05574616;12.06230339;2.30350407
844;84.35326402;0.00000000;33.33957476;36.88301720;1.64611422;1.49498612;-1.25287219;-0.05520609;12.08137446;2.29185300
845;84.45320865;0.00000000;33.37055547;36.78799667;1.67710099;1.49031798;-1.25836278;-0.05466797;12.10031923;2.28027629
846;84.55315327;0.00000000;33.40101718;36.69280635;1.70758207;1.49257916;-1.26379980;-0.05413183;12.11913892;2.26877327
847;84.65309790;0.00000000;33.43096286;36.59745447;1.73755843;1.46270730;-1.26918322;-0.05359749;12.13783472;2.25734327
848;84.75304252;0.00000000;33.46039787;36.50194178;1.76703361;1.43336076;-1.27451342;-0.05306501;12.15640779;2.24598563
849;84.85298715;0.00000000;33.48932541;36.40627600;1.79600926;1.40453581;-1.27979041;-0.05253421;12.17485929;2.23469968
850;84.95293177;0.00000000;33.51775073;36.31045806;1.82448923;1.37622658;-1.28501451;-0.05200514;12.19319036;2.22348479
851;85.05287640;0.00000000;33.54567720;36.21449517;1.85247571;1.34842920;-1.29018574;-0.05147765;12.21140212;2.21234032
852;85.15282103;0.00000000;33.57310999;36.11838846;1.87997278;1.32113793;-1.29530440;-0.05095181;12.22949569;2.20126564
853;85.25276565;0.00000000;33.60005264;36.02214461;1.89272722;1.29434879;-1.30037051;-0.05042738;12.24747216;2.19026012
854;85.35271028;0.00000000;33.62651022;35.92576496;1.89517639;1.26782335;-1.30538434;-0.04990448;12.26533260;2.17932317
855;85.45265490;0.00000000;33.65248646;35.82925570;1.90238303;1.24173866;-1.31034593;-0.04938300;12.28307807;2.16845417
856;85.55259953;0.00000000;33.67798634;35.73261834;1.90946883;1.21613959;-1.31525553;-0.04886299;12.30070964;2.15765253
857;85.65254415;0.00000000;33.70301372;35.63585857;1.92116054;1.19102173;-1.32011316;-0.04834415;12.31822833;2.14691766
858;85.75248878;0.00000000;33.72757352;35.53897812;1.93746887;1.16637976;-1.32491905;-0.04782666;12.33563517;2.13624898
859;85.85243340;0.00000000;33.75166975;35.44198218;1.95828285;1.14926898;-1.32967324;-0.04731021;12.35293116;2.12564591
860;85.95237803;0.00000000;33.77530725;35.34487266;1.98194628;1.14116246;-1.33437590;-0.04679501;12.37011730;2.11510790
861;86.05232266;0.00000000;33.79849016;35.24765430;2.00515746;1.13827865;-1.33902713;-0.04628181;12.38719457;2.10463438
862;86.15226728;0.00000000;33.82122327;35.15032918;2.02792068;1.14035065;-1.34362718;-0.04577002;12.40416394;2.09422480
863;86.25221191;0.00000000;33.84351082;35.05290156;2.05023979;1.15059416;-1.34817603;-0.04525720;12.42102637;2.08387862
864;86.35215653;0.00000000;33.86535754;34.95537373;2.07211915;1.12884629;-1.35267364;-0.04474499;12.43778280;2.07359530
865;86.45210116;0.00000000;33.88676783;34.85774949;2.09356284;1.10754008;-1.35712016;-0.04423498;12.45443417;2.06337431
866;86.55204578;0.00000000;33.90774637;34.76003131;2.11457525;1.08667052;-1.36151578;-0.04372630;12.47098139;2.05321511
867;86.65199041;0.00000000;33.92829762;34.66222258;2.13516062;1.06623284;-1.36586019;-0.04320777;12.48742537;2.04311721
868;86.75193503;0.00000000;33.94842633;34.56432587;2.15532348;1.04622199;-1.37015255;-0.04268718;12.50376702;2.03308008
869;86.85187966;0.00000000;33.96813720;34.46634425;2.17506835;1.02645315;-1.37439242;-0.04215456;12.52000721;2.02310321
870;86.95182429;0.00000000;33.98743509;34.36828043;2.19439992;1.00708702;-1.37857879;-0.04161928;12.53614682;2.01318612
871;87.05176891;0.00000000;34.00632492;34.27013714;2.21332299;0.98813317;-1.38271176;-0.04108638;12.55218671;2.00332829
872;87.15171354;0.00000000;34.02481155;34.17191723;2.23184232;0.96958647;-1.38679155;-0.04055474;12.56812775;1.99352926
873;87.25165816;0.00000000;34.04289995;34.07362302;2.24996277;0.95144176;-1.39081832;-0.04002565;12.58397076;1.98378854
874;87.35160279;0.00000000;34.06059495;33.97525746;2.26768204;0.93369396;-1.39479228;-0.03949783;12.59971659;1.97410564
875;87.45154741;0.00000000;34.07790157;33.87682253;2.26807983;0.91633790;-1.39871349;-0.03896937;12.61536605;1.96448010
876;87.55149204;0.00000000;34.09482461;33.77832127;2.26006398;0.89936853;-1.40258186;-0.03844122;12.63091996;1.95491146
877;87.65143667;0.00000000;34.11136915;33.67975534;2.25606681;0.88278062;-1.40639750;-0.03791375;12.64637912;1.94539926
878;87.75138129;0.00000000;34.12754000;33.58112786;2.25611506;0.86656916;-1.41016044;-0.03738692;12.66174432;1.93594304
879;87.85132592;0.00000000;34.14334229;33.48244016;2.26021370;0.85072889;-1.41387076;-0.03686043;12.67701635;1.92654235
880;87.95127054;0.00000000;34.15878082;33.38369544;2.26834592;0.84489250;-1.41752846;-0.03633444;12.69219597;1.91719676
881;88.05121517;0.00000000;34.17386075;33.28489474;2.28047375;0.85119809;-1.42113363;-0.03580861;12.70728396;1.90790581
882;88.15115979;0.00000000;34.18858691;33.18604131;2.29520880;0.86937623;-1.42468623;-0.03528318;12.72228107;1.89866909
883;88.25110442;0.00000000;34.20296447;33.08713592;2.30959527;0.89103429;-1.42818637;-0.03475797;12.73718804;1.88948615
884;88.35104904;0.00000000;34.21699826;32.98818186;2.32363793;0.87704602;-1.43163399;-0.03423313;12.75200561;1.88035659
885;88.45099367;0.00000000;34.23069351;32.88917965;2.33734194;0.86339690;-1.43502920;-0.03370836;12.76673451;1.87127997
886;88.55093830;0.00000000;34.24405504;32.79013261;2.35071213;0.85008206;-1.43837195;-0.03318389;12.78137547;1.86225589
887;88.65088292;0.00000000;34.25708811;32.69104102;2.36375369;0.83709608;-1.44166231;-0.03265945;12.79592919;1.85328393
888;88.75082755;0.00000000;34.26979755;32.59190823;2.37647145;0.82443409;-1.44490023;-0.03213527;12.81039638;1.84436370
889;88.85077217;0.00000000;34.28218865;32.49273428;2.38887066;0.81209065;-1.44808580;-0.03161106;12.82477773;1.83549479
890;88.95071680;0.00000000;34.29426626;32.39352256;2.40095616;0.80006089;-1.45121895;-0.03108704;12.83907393;1.82667680
891;89.05066142;0.00000000;34.30603566;32.29427288;2.41273323;0.78833937;-1.45429976;-0.03056294;12.85328567;1.81790935
892;89.15060605;0.00000000;34.31750173;32.19498865;2.42420673;0.77692122;-1.45732817;-0.03003899;12.86741361;1.80919204
893;89.25055068;0.00000000;34.32866979;32.09566949;2.43538196;0.76580097;-1.46030423;-0.02951492;12.88145842;1.80052450
894;89.35049530;0.00000000;34.33954471;31.99631878;2.44626381;0.75497376;-1.46322789;-0.02899097;12.89542076;1.79190634
895;89.45043993;0.00000000;34.35013183;31.89693600;2.45685759;0.74443411;-1.46609920;-0.02846676;12.90930128;1.78333719
896;89.55038455;0.00000000;34.36043604;31.79752450;2.46716822;0.73417717;-1.46891810;-0.02794261;12.92310061;1.77481669
897;89.65032918;0.00000000;34.37046269;31.69808359;2.47720102;0.72419743;-1.47168463;-0.02741845;12.93681940;1.76634446
898;89.75027380;0.00000000;34.38021670;31.59861662;2.48696094;0.71449004;-1.47439875;-0.02689438;12.95045827;1.75792013
899;89.85021843;0.00000000;34.38970342;31.49912274;2.49645331;0.70504949;-1.47706049;-0.02636940;12.96401785;1.74954337
900;89.95016305;0.00000000;34.39892779;31.39960525;2.50568309;0.69587091;-1.47966971;-0.02584419;12.97749874;1.74121379
901;90.05010768;0.00000000;34.40789517;31.30006321;2.49211454;0.68694879;-1.48222653;-0.02532060;12.99090157;1.73293107
902;90.15005231;0.00000000;34.41661052;31.20049987;2.47880489;0.67827827;-1.48473104;-0.02479764;13.00422692;1.72469484
903;90.24999693;0.00000000;34.42507919;31.10091416;2.46922454;0.66985383;-1.48718295;-0.02426481;13.01747540;1.71650477
904;90.34994156;0.00000000;34.43330623;31.00130928;2.46342258;0.66167053;-1.48958127;-0.02372860;13.03064759;1.70836052
905;90.44988618;0.00000000;34.44129714;30.90168413;2.46143101;0.65446675;-1.49192532;-0.02317293;13.04374408;1.70026174
906;90.54983081;0.00000000;34.44905721;30.80204176;2.46323620;0.66266612;-1.49421321;-0.02261048;13.05676544;1.69220810
907;90.64977543;0.00000000;34.45659218;30.70238109;2.46493181;0.68571106;-1.49644459;-0.02203956;13.06971223;1.68419928
908;90.74972006;0.00000000;34.46390753;30.60270507;2.47045302;0.71205382;-1.49861864;-0.02146569;13.08258503;1.67623495
909;90.84966469;0.00000000;34.47100909;30.50301257;2.47755392;0.72246859;-1.50073534;-0.02089154;13.09538440;1.66831479
910;90.94960931;0.00000000;34.47790241;30.40330647;2.48444664;0.71557740;-1.50279463;-0.02031730;13.10811088;1.66043847
911;91.04955394;0.00000000;34.48459332;30.30358557;2.49113702;0.70888865;-1.50479655;-0.01974281;13.12076501;1.65260568
912;91.14949856;0.00000000;34.49108739;30.20385267;2.49763060;0.70239678;-1.50674101;-0.01916822;13.13334735;1.64481610
913;91.24944319;0.00000000;34.49739044;30.10410651;2.50393323;0.69609594;-1.50862805;-0.01859331;13.14585842;1.63706943
914;91.34938781;0.00000000;34.50350806;30.00434981;2.51005046;0.68998054;-1.51045761;-0.01801827;13.15829876;1.62936536
915;91.44933244;0.00000000;34.50944609;29.90458125;2.51598814;0.68404473;-1.51222970;-0.01744299;13.17066889;1.62170359
916;91.54927706;0.00000000;34.51521011;29.80480349;2.52175186;0.67828293;-1.51394427;-0.01686760;13.18296932;1.61408380
917;91.64922169;0.00000000;34.52080598;29.70501517;2.52734746;0.67268927;-1.51560135;-0.01629196;13.19520057;1.60650572
918;91.74916632;0.00000000;34.52623931;29.60521884;2.53278053;0.66725815;-1.51720086;-0.01571620;13.20736315;1.59896903
919;91.84911094;0.00000000;34.53151592;29.50541314;2.53805693;0.66198373;-1.51874284;-0.01514021;13.21945755;1.59147345
920;91.94905557;0.00000000;34.53664146;29.40560052;2.54318226;0.65686038;-1.52022722;-0.01456410;13.23148429;1.58401869
921;92.04900019;0.00000000;34.54162174;29.30577960;2.54816237;0.65188225;-1.52165404;-0.01398780;13.24344384;1.57660447
922;92.14894482;0.00000000;34.54646243;29.20595275;2.55300290;0.64704371;-1.52302323;-0.01341140;13.25533670;1.56923049
923;92.24888944;0.00000000;34.55116935;29.10611858;2.55770968;0.64233891;-1.52433482;-0.01283476;13.26716335;1.56189648
924;92.34883407;0.00000000;34.55574816;29.00627936;2.56228836;0.63776221;-1.52558876;-0.01225800;13.27892427;1.55460217
925;92.44877870;0.00000000;34.56020469;28.90643370;2.56674478;0.63330777;-1.52678506;-0.01168122;13.29061992;1.54734726
926;92.54872332;0.00000000;34.56454462;28.80658380;2.57108460;0.62896992;-1.52792371;-0.01110441;13.30225079;1.54013150
927;92.64866795;0.00000000;34.56877376;28.70672828;2.57531365;0.62474283;-1.52900469;-0.01052695;13.31381732;1.53295461
928;92.74861257;0.00000000;34.57289781;28.60686922;2.57943762;0.62062083;-1.53002793;-0.00994918;13.32531999;1.52581633
929;92.84855720;0.00000000;34.57692259;28.50700523;2.58346233;0.61659807;-1.53099349;-0.00937305;13.33675924;1.51871638
930;92.94850182;0.00000000;34.58085378;28.40713837;2.58739346;0.61266889;-1.53190151;-0.00879754;13.34813553;1.51165451
931;93.04844645;0.00000000;34.58469720;28.30726705;2.57652506;0.60882746;-1.53275202;-0.00822190;13.35944930;1.50463046
932;93.14839107;0.00000000;34.58845851;28.20739373;2.55653873;0.60506815;-1.53354498;-0.00764625;13.37070100;1.49764396
933;93.24833570;0.00000000;34.59214335;28.10751656;2.54025415;0.60138529;-1.53428807;-0.00728088;13.38189105;1.49069477
934;93.34828033;0.00000000;34.59575546;28.00763780;2.52774701;0.59777517;-1.53500141;-0.00699397;13.39301990;1.48378263
935;93.44822495;0.00000000;34.59929757;27.90775589;2.51907601;0.59528300;-1.53569461;-0.00694159;13.40408796;1.47690729
936;93.54816958;0.00000000;34.60277036;27.80787196;2.51428166;0.59871246;-1.53639015;-0.00697692;13.41509568;1.47006850
937;93.64811420;0.00000000;34.60617360;27.70798530;2.51338586;0.61855637;-1.53708547;-0.00690898;13.42604346;1.46326601
938;93.74805883;0.00000000;34.60950787;27.60809643;2.51639338;0.65332012;-1.53777065;-0.00680233;13.43693172;1.45649959
939;93.84800345;0.00000000;34.61277424;27.50820508;2.51965762;0.68142861;-1.53844492;-0.00668839;13.44776088;1.44976899
940;93.94794808;0.00000000;34.61597383;27.40831180;2.52285514;0.67822835;-1.53910755;-0.00657173;13.45853134;1.44307397
941;94.04789270;0.00000000;34.61910781;27.30841621;2.52598710;0.67509374;-1.53975855;-0.00645555;13.46924352;1.43641430
942;94.14783733;0.00000000;34.62217734;27.20851885;2.52905465;0.67202360;-1.54039795;-0.00633956;13.47989780;1.42978973
943;94.24778196;0.00000000;34.62518357;27.10861934;2.53205897;0.66901679;-1.54102576;-0.00622344;13.49049459;1.42320004
944;94.34772658;0.00000000;34.62812766;27.00871819;2.53500118;0.66607213;-1.54164195;-0.00610728;13.50103428;1.41664500
945;94.44767121;0.00000000;34.63101078;26.90881505;2.53788246;0.66318849;-1.54224654;-0.00599117;13.51151726;1.41012437
946;94.54761583;0.00000000;34.63383407;26.80891042;2.54070396;0.66036467;-1.54283952;-0.00587508;13.52194392;1.40363794
947;94.64756046;0.00000000;34.63659870;26.70900393;2.54346685;0.65759954;-1.54342090;-0.00575898;13.53231464;1.39718547
948;94.74750508;0.00000000;34.63930582;26.60909609;2.54617226;0.65489193;-1.54399068;-0.00564289;13.54262980;1.39076675
949;94.84744971;0.00000000;34.64195661;26.50918651;2.54882137;0.65224067;-1.54454886;-0.00552680;13.55288978;1.38438155
950;94.94739434;0.00000000;34.64455219;26.40927571;2.55141532;0.64964461;-1.54509543;-0.00541071;13.56309494;1.37802965
951;95.04733896;0.00000000;34.64709376;26.30936329;2.55395529;0.64710260;-1.54563040;-0.00529464;13.57324566;1.37171084
952;95.14728359;0.00000000;34.64958245;26.20944977;2.55644241;0.64461346;-1.54615377;-0.00517856;13.58334229;1.36542491
953;95.24722821;0.00000000;34.65201943;26.10953474;2.55887786;0.64217604;-1.54666554;-0.00506250;13.59338522;1.35917164
954;95.34717284;0.00000000;34.65440585;26.00961873;2.56126277;0.63978917;-1.54716571;-0.00494643;13.60337478;1.35295082
955;95.44711746;0.00000000;34.65674288;25.90970131;2.56359833;0.63745171;-1.54765428;-0.00483037;13.61331134;1.34676223
956;95.54706209;0.00000000;34.65903167;25.80978301;2.56588567;0.63516248;-1.54813125;-0.00471431;13.62319526;1.34060568
957;95.64700671;0.00000000;34.66127339;25.70986341;2.56812597;0.63292034;-1.54859662;-0.00459825;13.63302687;1.33448096
958;95.74695134;0.00000000;34.66346918;25.60994303;2.57032037;0.63072411;-1.54905039;-0.00448220;13.64280653;1.32838786
959;95.84689597;0.00000000;34.66562021;25.51002143;2.57247003;0.62857265;-1.54949256;-0.00436615;13.65253458;1.32232618
960;95.94684059;0.00000000;34.66772764;25.41009915;2.57457611;0.62646478;-1.54992313;-0.00425010;13.66221136;1.31629573
961;96.04678522;0.00000000;34.66979262;25.31017573;2.57663978;0.62439935;-1.55034211;-0.00413406;13.67183721;1.31029629
962;96.14672984;0.00000000;34.67181631;25.21025172;2.57866217;0.62237520;-1.55074949;-0.00401802;13.68141246;1.30432769
963;96.24667447;0.00000000;34.67379989;25.11032666;2.58064446;0.62039118;-1.55114527;-0.00390198;13.69093744;1.29838971
964;96.34661909;0.00000000;34.67574448;25.01040108;2.58258780;0.61844612;-1.55152945;-0.00378594;13.70041248;1.29248217
965;96.44656372;0.00000000;34.67765128;24.91047451;2.58449335;0.61653887;-1.55190204;-0.00366990;13.70983791;1.28660488
966;96.54650835;0.00000000;34.67952141;24.81054751;2.58636227;0.61466825;-1.55226303;-0.00355387;13.71921404;1.28075763
967;96.64645297;0.00000000;34.68135606;24.71061960;2.58819571;0.61283312;-1.55261242;-0.00343783;13.72854120;1.27494026
968;96.74639760;0.00000000;34.68315636;24.61069132;2.58999483;0.61103232;-1.55295021;-0.00332180;13.73781971;1.26915256
969;96.84634222;0.00000000;34.68492350;24.51076219;2.59176080;0.60926469;-1.55327641;-0.00320577;13.74704988;1.26339436
970;96.94628685;0.00000000;34.68665861;24.41083275;2.59349475;0.60752906;-1.55359101;-0.00308974;13.75623202;1.25766547
971;97.04623147;0.00000000;34.68836287;24.31090252;2.59519788;0.60582428;-1.55389401;-0.00297371;13.76536644;1.25196570
972;97.14617610;0.00000000;34.69003743;24.21097206;2.59687130;0.60414919;-1.55418542;-0.00285768;13.77445344;1.24629488
973;97.24612072;0.00000000;34.69168344;24.11104087;2.57388335;0.60250265;-1.55446573;-0.00275538;13.78349334;1.24065282
974;97.34606535;0.00000000;34.69330192;24.01110948;2.55326059;0.60088362;-1.55473626;-0.00265827;13.79248642;1.23503936
975;97.44600998;0.00000000;34.69489383;23.91117747;2.53638485;0.59929115;-1.55499822;-0.00259235;13.80143300;1.22945430
976;97.54595460;0.00000000;34.69645984;23.81124522;2.52333205;0.59772457;-1.55525461;-0.00253822;13.81033336;1.22389748
977;97.64589923;0.00000000;34.69800051;23.71131244;2.51416226;0.59618332;-1.55550526;-0.00247505;13.81918780;1.21836872
978;97.74584385;0.00000000;34.69951646;23.61137937;2.50891868;0.60785307;-1.55574930;-0.00240845;13.82799661;1.21286785
979;97.84578848;0.00000000;34.70100836;23.51144583;2.50762661;0.63525011;-1.55598666;-0.00234121;13.83676008;1.20739470
980;97.94573310;0.00000000;34.70247687;23.41151205;2.50909555;0.67646562;-1.55621728;-0.00227373;13.84547850;1.20194910
981;98.04567773;0.00000000;34.70392268;23.31157782;2.51054177;0.69016447;-1.55644115;-0.00220625;13.85415214;1.19653089
982;98.14562236;0.00000000;34.70534644;23.21164339;2.51196596;0.68874405;-1.55665828;-0.00213877;13.86278129;1.19113988
983;98.24556698;0.00000000;34.70674885;23.11170855;2.51336878;0.68734497;-1.55686867;-0.00207129;13.87136623;1.18577593
984;98.34551161;0.00000000;34.70813057;23.01177353;2.51475092;0.68596657;-1.55707231;-0.00200381;13.87990724;1.18043886
985;98.44545623;0.00000000;34.70949227;22.91183813;2.51611304;0.68460816;-1.55726921;-0.00193633;13.88840459;1.17512851
986;98.54540086;0.00000000;34.71083463;22.81190258;2.51745582;0.68326909;-1.55745936;-0.00186885;13.89685855;1.16984472
987;98.64534548;0.00000000;34.71215833;22.71196666;2.51877993;0.68194866;-1.55764277;-0.00180137;13.90526940;1.16458734
988;98.74529011;0.00000000;34.71346404;22.61203062;2.52008605;0.68064622;-1.55781944;-0.00173389;13.91363739;1.15935619
989;98.84523473;0.00000000;34.71475242;22.51209424;2.52137485;0.67936108;-1.55798936;-0.00166641;13.92196281;1.15415113
990;98.94517936;0.00000000;34.71602417;22.41215776;2.52264701;0.67809258;-1.55815254;-0.00159893;13.93024590;1.14897199
991;99.04512399;0.00000000;34.71727994;22.31222097;2.52390320;0.67684004;-1.55830897;-0.00153145;13.93848693;1.14381863
992;99.14506861;0.00000000;34.71852042;22.21228410;2.52514409;0.67560279;-1.55845866;-0.00146397;13.94668617;1.13869088
993;99.24501324;0.00000000;34.71974627;22.11234694;2.52637035;0.67438015;-1.55860160;-0.00139649;13.95484386;1.13358860
994;99.34495786;0.00000000;34.72095817;22.01240972;2.52758267;0.67317145;-1.55873780;-0.00132901;13.96296026;1.12851163
995;99.44490249;0.00000000;34.72215681;21.91247222;2.52878172;0.67197602;-1.55886726;-0.00126154;13.97103563;1.12345982
996;99.54484711;0.00000000;34.72334284;21.81253469;2.52996816;0.67079320;-1.55898997;-0.00119406;13.97907022;1.11843303
997;99.64479174;0.00000000;34.72451694;21.71259691;2.53114268;0.66962228;-1.55910594;-0.00112658;13.98706427;1.11343110
998;99.74473637;0.00000000;34.72567979;21.61265910;2.53230594;0.66846263;-1.55921516;-0.00105910;13.99501803;1.10845388
999;99.84468099;0.00000000;34.72683206;21.51272106;2.53345863;0.66731354;-1.55931764;-0.00099162;14.00293176;1.10350124
1000;99.94462562;0.00000000;34.72797443;21.41278302;2.53460141;0.66617436;-1.55941337;-0.00092414;14.01080568;1.09857303
1001;100.04457024;0.00000000;34.72910757;21.31284476;2.53573497;0.66504441;-1.55950237;-0.00085667;14.01864005;1.09366910
1002;100.14451487;0.00000000;34.73023215;21.21290652;2.53685996;0.66392302;-1.55958461;-0.00078919;14.02643509;1.08878931
1003;100.24445949;0.00000000;34.73134885;21.11296808;2.53797707;0.66280951;-1.55966012;-0.00072171;14.03419106;1.08393352
1004;100.34440412;0.00000000;34.73245834;21.01302967;2.53908698;0.66170321;-1.55972887;-0.00065423;14.04190818;1.07910158
1005;100.44434874;0.00000000;34.73356129;20.91309107;2.54019035;0.66060345;-1.55979089;-0.00058675;14.04958669;1.07429337
1006;100.54429337;0.00000000;34.73465839;20.81315252;2.54128786;0.65950956;-1.55984616;-0.00051928;14.05722682;1.06950874
1007;100.64423800;0.00000000;34.73575029;20.71321381;2.54238018;0.65842085;-1.55989469;-0.00045180;14.06482880;1.06474755
1008;100.74418262;0.00000000;34.73683769;20.61327515;2.54346800;0.65733667;-1.55993647;-0.00038432;14.07239286;1.06000966
1009;100.84412725;0.00000000;34.73792124;20.51333635;2.54455197;0.65625633;-1.55997151;-0.00031684;14.07991922;1.05529495
1010;100.94407187;0.00000000;34.73900163;20.41339762;2.54563278;0.65517916;-1.55999980;-0.00024936;14.08740812;1.05060328
1011;101.04401650;0.00000000;34.74007954;20.31345875;2.54671110;0.65410450;-1.56002135;-0.00018189;14.09485976;1.04593451
1012;101.14396112;0.00000000;34.74115562;20.21351997;2.54778760;0.65303166;-1.56003616;-0.00011441;14.10227438;1.04128851
1013;101.24390575;0.00000000;34.74223056;20.11358107;2.54886296;0.65195998;-1.56004422;-0.00004693;14.10965220;1.03666516
1014;101.34385037;0.00000000;34.74330503;20.01364228;2.54993786;0.65088878;-1.56004554;0.00002055;14.11699343;1.03206431
1015;101.44379500;0.00000000;34.74437971;19.91370338;2.55101296;0.64981738;-1.56004011;0.00008803;14.12429828;1.02748584
1016;101.54373963;0.00000000;34.74545527;19.81376459;2.55208894;0.64874513;-1.56002795;0.00015550;14.13156698;1.02292963
1017;101.64368425;0.00000000;34.74653238;19.71382572;2.55316647;0.64767133;-1.56000903;0.00022298;14.13879974;1.01839554
1018;101.74362888;0.00000000;34.74761171;19.61388697;2.55424623;0.64659533;-1.55998337;0.00029046;14.14599676;1.01388345
1019;101.84357350;0.00000000;34.74869395;19.51394815;2.55532890;0.64551645;-1.55995097;0.00035794;14.15315826;1.00939324
1020;101.94351813;0.00000000;34.74977977;19.41400948;2.55641514;0.64443401;-1.55991183;0.00042542;14.16028445;1.00492477
1021;102.04346275;0.00000000;34.75086983;19.31407075;2.55750563;0.64334734;-1.55986594;0.00049289;14.16737552;1.00047792
1022;102.14340738;0.00000000;34.75196482;19.21413217;2.55860104;0.64225578;-1.55981330;0.00056037;14.17443170;0.99605258
1023;102.24335201;0.00000000;34.75306540;19.11419355;2.55970206;0.64115863;-1.55975392;0.00062785;14.18145318;0.99164862
1024;102.34329663;0.00000000;34.75417225;19.01425511;2.56080934;0.64005525;-1.55968780;0.00069533;14.18844016;0.98726591
1025;102.44324126;0.00000000;34.75528605;18.91431664;2.56192357;0.63894494;-1.55961493;0.00076281;14.19539284;0.98290435
1026;102.54318588;0.00000000;34.75640747;18.81437836;2.56304543;0.63782705;-1.55953532;0.00083028;14.20231143;0.97856380
1027;102.64313051;0.00000000;34.75753718;18.71444007;2.56417557;0.63670089;-1.55944897;0.00089776;14.20919612;0.97424415
1028;102.74307513;0.00000000;34.75867586;18.61450198;2.56531469;0.63556580;-1.55935587;0.00096524;14.21604711;0.96994529
1029;102.84301976;0.00000000;34.75982418;18.51456390;2.56646345;0.63442110;-1.55925603;0.00103272;14.22286458;0.96566709
1030;102.94296438;0.00000000;34.76098282;18.41462604;2.56762252;0.63326612;-1.55914944;0.00110020;14.22964875;0.96140944
1031;103.04290901;0.00000000;34.76215244;18.31468821;2.56879258;0.63210018;-1.55903611;0.00116768;14.23639978;0.95717222
1032;103.14285364;0.00000000;34.76333373;18.21475062;2.56997431;0.63092263;-1.55891604;0.00123516;14.24311789;0.95295533
1033;103.24279826;0.00000000;34.76452735;18.11481307;2.57116838;0.62973277;-1.55878922;0.00130263;14.24980325;0.94875864
1034;103.34274289;0.00000000;34.76573399;18.01487578;2.57237546;0.62852995;-1.55865565;0.00137011;14.25645606;0.94458204
1035;103.44268751;0.00000000;34.76695431;17.91493855;2.57359623;0.62731348;-1.55851535;0.00143759;14.26307650;0.94042543
1036;103.54263214;0.00000000;34.76818899;17.81500160;2.57483135;0.62608271;-1.55836829;0.00150506;14.26966475;0.93628868
1037;103.64257676;0.00000000;34.76943870;17.71506474;2.57608152;0.62483694;-1.55821450;0.00157256;14.27622101;0.93217170
1038;103.74252139;0.00000000;34.77070412;17.61512818;2.57734739;0.62357553;-1.55805396;0.00164006;14.28274544;0.92807437
1039;103.84246602;0.00000000;34.77198592;17.51519172;2.57862964;0.62229778;-1.55788667;0.00170749;14.28923824;0.92399658
1040;103.94241064;0.00000000;34.77328477;17.41525559;2.57992895;0.62100303;-1.55771265;0.00177490;14.29569958;0.91993822
1041;104.04235527;0.00000000;34.77460135;17.31531958;2.58124599;0.61969061;-1.55753188;0.00184248;14.30212964;0.91589918
1042;104.14229989;0.00000000;34.77593634;17.21538393;2.58258144;0.61835985;-1.55734436;0.00191011;14.30852860;0.91187937
1043;104.24224452;0.00000000;34.77729040;17.11544842;2.58393597;0.61701006;-1.55715008;0.00197748;14.31489663;0.90787867
1044;104.34218914;0.00000000;34.77866422;17.01551329;2.58531025;0.61564060;-1.55694908;0.00204475;14.32123391;0.90389698
1045;104.44213377;0.00000000;34.78005845;16.91557833;2.58670495;0.61425077;-1.55674140;0.00211098;14.32754061;0.89993419
1046;104.54207839;0.00000000;34.78147377;16.81564378;2.58812074;0.61283993;-1.55652712;0.00217685;14.33381691;0.89599021
1047;104.64202302;0.00000000;34.78291084;16.71570943;2.58955828;0.61140742;-1.55630628;0.00224228;14.34006297;0.89206492
1048;104.74196765;0.00000000;34.78437029;16.61577552;2.59101821;0.60995259;-1.55607892;0.00230755;14.34627896;0.88815822
1049;104.84191227;0.00000000;34.78585280;16.51584184;2.59250119;0.60847478;-1.55584502;0.00237303;14.35246506;0.88427002
1050;104.94185690;0.00000000;34.78735900;16.41590862;2.59400788;0.60697336;-1.55560457;0.00243858;14.35862143;0.88040021
1051;105.04180152;0.00000000;34.78888957;16.31597565;2.59553893;0.60544766;-1.55535759;0.00250385;14.36474824;0.87654869
1052;105.14174615;0.00000000;34.79044514;16.21604319;2.58857324;0.60389705;-1.55510408;0.00256904;14.37084565;0.87271537
1053;105.24169077;0.00000000;34.79202633;16.11611103;2.56557855;0.60232089;-1.55484543;0.00259714;14.37691382;0.86890013
1054;105.34163540;0.00000000;34.79363347;16.01617939;2.54632740;0.60071889;-1.55458511;0.00261205;14.38295293;0.86510290
1055;105.44158003;0.00000000;34.79526659;15.91624821;2.53090526;0.59909100;-1.55432711;0.00252401;14.38896312;0.86132356
1056;105.54152465;0.00000000;34.79692493;15.81631733;2.51938163;0.59743798;-1.55408107;0.00239948;14.39494456;0.85756202
1057;105.64146928;0.00000000;34.79860722;15.71638704;2.51180897;0.59862689;-1.55384729;0.00227989;14.40089742;0.85381819
1058;105.74141390;0.00000000;34.80031230;15.61645684;2.50822185;0.60906365;-1.55362532;0.00216207;14.40682184;0.85009197
1059;105.84135853;0.00000000;34.80203896;15.51652725;2.50863620;0.62707717;-1.55341513;0.00204397;14.41271799;0.84638326
1060;105.94130315;0.00000000;34.80378605;15.41659778;2.51038281;0.65988349;-1.55321675;0.00192579;14.41858601;0.84269197
1061;106.04124778;0.00000000;34.80555236;15.31666887;2.51214865;0.68795880;-1.55303018;0.00180791;14.42442608;0.83901800
1062;106.14119240;0.00000000;34.80733673;15.21674006;2.51393255;0.68617391;-1.55285537;0.00169015;14.43023833;0.83536127
1063;106.24113703;0.00000000;34.80913798;15.11681178;2.51573333;0.68437214;-1.55269234;0.00157228;14.43602293;0.83172168
1064;106.34108166;0.00000000;34.81095493;15.01688356;2.51754982;0.68255467;-1.55254109;0.00145439;14.44178003;0.82809914
1065;106.44102628;0.00000000;34.81278641;14.91695583;2.51938082;0.68072267;-1.55240162;0.00133650;14.44750977;0.82449356
1066;106.54097091;0.00000000;34.81463124;14.81702812;2.52122518;0.67887732;-1.55227393;0.00121863;14.45321230;0.82090484
1067;106.64091553;0.00000000;34.81648823;14.71710086;2.52308171;0.67701980;-1.55215803;0.00110073;14.45888778;0.81733290
1068;106.74086016;0.00000000;34.81835622;14.61717358;2.52494923;0.67515129;-1.55205391;0.00098283;14.46453636;0.81377765
1069;106.84080478;0.00000000;34.82023403;14.51724671;2.52682657;0.67327296;-1.55196157;0.00086492;14.47015817;0.81023900
1070;106.94074941;0.00000000;34.82212047;14.41731977;2.52871255;0.67138600;-1.55188102;0.00074701;14.47575336;0.80671686
1071;107.04069404;0.00000000;34.82401438;14.31739320;2.53060598;0.66949157;-1.55181225;0.00062909;14.48132209;0.80321114
1072;107.14063866;0.00000000;34.82591457;14.21746653;2.53250571;0.66759086;-1.55175527;0.00051117;14.48686449;0.79972175
1073;107.24058329;0.00000000;34.82781986;14.11754018;2.53441054;0.66568505;-1.55171008;0.00039323;14.49238071;0.79624861
1074;107.34052791;0.00000000;34.82972908;14.01761368;2.53631930;0.66377531;-1.55167667;0.00027530;14.49787088;0.79279164
1075;107.44047254;0.00000000;34.83164104;13.91768746;2.53823081;0.66186283;-1.55165505;0.00015735;14.50333515;0.78935074
1076;107.54041716;0.00000000;34.83355459;13.81776104;2.54014390;0.65994877;-1.55164522;0.00003940;14.50877367;0.78592584
1077;107.64036179;0.00000000;34.83546852;13.71783485;2.54205738;0.65803433;-1.55164717;-0.00007856;14.51418656;0.78251685
1078;107.74030641;0.00000000;34.83738167;13.61790843;2.54397008;0.65612066;-1.55166092;-0.00019652;14.51957397;0.77912367
1079;107.84025104;0.00000000;34.83929285;13.51798219;2.54588082;0.65420897;-1.55168646;-0.00031450;14.52493603;0.77574624
1080;107.94019567;0.00000000;34.84120090;13.41805567;2.54778842;0.65230041;-1.55172378;-0.00043247;14.53027288;0.77238447
1081;108.04014029;0.00000000;34.84310463;13.31812928;2.54969170;0.65039618;-1.55177290;-0.00055046;14.53558466;0.76903828
1082;108.14008492;0.00000000;34.84500286;13.21820258;2.55158950;0.64849745;-1.55183381;-0.00066845;14.54087149;0.76570758
1083;108.24002954;0.00000000;34.84689441;13.11827596;2.55348061;0.64660540;-1.55190652;-0.00078645;14.54613352;0.76239229
1084;108.33997417;0.00000000;34.84877811;13.01834898;2.55536388;0.64472120;-1.55199102;-0.00090445;14.55137088;0.75909234
1085;108.43991879;0.00000000;34.85065277;12.91842205;2.55723811;0.64284604;-1.55208731;-0.00102246;14.55658370;0.75580763
1086;108.53986342;0.00000000;34.85251723;12.81849470;2.55910215;0.64098110;-1.55219539;-0.00114047;14.56177210;0.75253810
1087;108.63980804;0.00000000;34.85437029;12.71856737;2.56095479;0.63912755;-1.55231528;-0.00125849;14.56693623;0.74928367
1088;108.73975267;0.00000000;34.85621079;12.61863958;2.56279487;0.63728657;-1.55244695;-0.00137651;14.57207620;0.74604425
1089;108.83969730;0.00000000;34.85803754;12.51871176;2.56462120;0.63545934;-1.55259043;-0.00149455;14.57719215;0.74281977
1090;108.93964192;0.00000000;34.85984936;12.41878345;2.56643262;0.63364705;-1.55274570;-0.00161258;14.58228421;0.73961014
1091;109.03958655;0.00000000;34.86164508;12.31885506;2.56822792;0.63185086;-1.55291277;-0.00173063;14.58735249;0.73641530
1092;109.13953117;0.00000000;34.86342351;12.21892615;2.57000596;0.63007196;-1.55309163;-0.00184867;14.59239714;0.73323517
1093;109.23947580;0.00000000;34.86518348;12.11899713;2.57176553;0.62831153;-1.55328229;-0.00196672;14.59741827;0.73006966
1094;109.33942042;0.00000000;34.86692380;12.01906755;2.57350546;0.62657075;-1.55348476;-0.00208478;14.60241601;0.72691871
1095;109.43936505;0.00000000;34.86864331;11.91913783;2.57522458;0.62485079;-1.55369902;-0.00220284;14.60739047;0.72378224
1096;109.53930968;0.00000000;34.87034081;11.81920751;2.57692170;0.62315284;-1.55392508;-0.00232090;14.61234180;0.72066017
1097;109.63925430;0.00000000;34.87201513;11.71927702;2.57859564;0.62147807;-1.55416294;-0.00243897;14.61727009;0.71755243
1098;109.73919893;0.00000000;34.87366510;11.61934591;2.58024524;0.61982767;-1.55441261;-0.00255705;14.62217549;0.71445895
1099;109.83914355;0.00000000;34.87528952;11.51941459;2.58186929;0.61820281;-1.55467407;-0.00267512;14.62705810;0.71137965
1100;109.93908818;0.00000000;34.87688723;11.41948263;2.58346664;0.61660467;-1.55494733;-0.00279320;14.63191805;0.70831445
1101;110.03903280;0.00000000;34.87845704;11.31955044;2.58503608;0.61503444;-1.55523240;-0.00291128;14.63675545;0.70526330
1102;110.13897743;0.00000000;34.87999778;11.21961758;2.58657647;0.61349329;-1.55552927;-0.00302937;14.64157043;0.70222611
1103;110.23892205;0.00000000;34.88150825;11.11968448;2.58808659;0.61198240;-1.55583794;-0.00314744;14.64636311;0.69920282
1104;110.33886668;0.00000000;34.88298729;11.01975069;2.58956529;0.61050295;-1.55615841;-0.00326551;14.65113359;0.69619334
1105;110.43881131;0.00000000;34.88443372;10.91981663;2.59101137;0.60905612;-1.55649068;-0.00338365;14.65588199;0.69319762
1106;110.53875593;0.00000000;34.88584635;10.81988188;2.59242366;0.60764309;-1.55683476;-0.00350182;14.66060844;0.69021558
1107;110.63870056;0.00000000;34.88722400;10.71994688;2.59380098;0.60626504;-1.55719065;-0.00361971;14.66531303;0.68724715
1108;110.73864518;0.00000000;34.88856550;10.62001115;2.59514216;0.60492315;-1.55755830;-0.00373749;14.66999590;0.68429227
1109;110.83858981;0.00000000;34.88986967;10.52007509;2.59644601;0.60361860;-1.55793777;-0.00385638;14.67465715;0.68135086
1110;110.93853443;0.00000000;34.89113532;10.42013838;2.59771134;0.60235257;-1.55832916;-0.00397569;14.67929689;0.67842285
1111;111.03847906;0.00000000;34.89236118;10.32020134;2.58074701;0.60112633;-1.55873559;-0.00417881;14.68391523;0.67550818
1112;111.13842369;0.00000000;34.89354530;10.22026367;2.55876629;0.59994184;-1.55916482;-0.00441049;14.68851229;0.67260678
1113;111.23836831;0.00000000;34.89468514;10.12032605;2.54048640;0.59880163;-1.55962624;-0.00488482;14.69308818;0.66971857
1114;111.33831294;0.00000000;34.89577619;10.02038714;2.52598296;0.59771023;-1.56014229;-0.00544172;14.69764300;0.66684351
1115;111.43825756;0.00000000;34.89681288;9.92044863;2.51531602;0.59667318;-1.56071360;-0.00598840;14.70217687;0.66398151
1116;111.53820219;0.00000000;34.89778977;9.82050823;2.50852884;0.60493186;-1.56133926;-0.00653157;14.70668988;0.66113252
1117;111.63814681;0.00000000;34.89870141;9.72056826;2.50564770;0.62922313;-1.56201907;-0.00707142;14.71118216;0.65829646
1118;111.73809144;0.00000000;34.89954243;9.62062662;2.50648950;0.66780498;-1.56275275;-0.00761018;14.71565381;0.65547327
1119;111.83803606;0.00000000;34.90030743;9.52068535;2.50725531;0.69472865;-1.56354022;-0.00814784;14.72010493;0.65266289
1120;111.93798069;0.00000000;34.90099105;9.42074260;2.50793971;0.69404391;-1.56438141;-0.00868507;14.72453563;0.64986525
1121;112.03792532;0.00000000;34.90158790;9.32080023;2.50853738;0.69344571;-1.56527628;-0.00922253;14.72894601;0.64708028
1122;112.13786994;0.00000000;34.90209265;9.22085641;2.50904293;0.69293952;-1.56622489;-0.00976004;14.73333618;0.64430793
1123;112.23781457;0.00000000;34.90249989;9.12091308;2.50945100;0.69253056;-1.56722721;-0.01029741;14.73770624;0.64154814
1124;112.33775919;0.00000000;34.90280428;9.02096846;2.50975621;0.69222432;-1.56828323;-0.01083472;14.74205629;0.63880082
1125;112.43770382;0.00000000;34.90300044;8.92102446;2.50995323;0.69202602;-1.56939294;-0.01137189;14.74638644;0.63606594
1126;112.53764844;0.00000000;34.90308301;8.82107943;2.51003665;0.69194112;-1.57055635;-0.01190901;14.75069679;0.63370407
1127;112.63759307;0.00000000;34.90304663;8.72113524;2.51000115;0.69197486;-1.57177341;-0.01244572;14.75498988;0.63321438
1128;112.73753770;0.00000000;34.90288592;8.62119032;2.50984134;0.69213269;-1.57304411;-0.01298226;14.75927841;0.63272507
1129;112.83748232;0.00000000;34.90259553;8.52124654;2.50955189;0.69241983;-1.57436849;-0.01352050;14.76356238;0.63223614
1130;112.93742695;0.00000000;34.90217009;8.42130240;2.50912740;0.69284176;-1.57574672;-0.01405935;14.76784180;0.63174759
1131;113.03737157;0.00000000;34.90160421;8.32135975;2.50856254;0.69340371;-1.57717873;-0.01459609;14.77211667;0.63125941
1132;113.13731620;0.00000000;34.90089254;8.22141727;2.50785190;0.69411114;-1.57866432;-0.01513214;14.77638700;0.63077161
1133;113.23726082;0.00000000;34.90002973;8.12147676;2.50699019;0.69496924;-1.58020321;-0.01566084;14.78065280;0.63028419
1134;113.33720545;0.00000000;34.89901048;8.02153697;2.50597208;0.69598341;-1.58179472;-0.01618695;14.78491408;0.62979715
1135;113.43715007;0.00000000;34.89782956;7.92159970;2.49209752;0.69715874;-1.58343874;-0.01671134;14.78917084;0.62931048
1136;113.53709470;0.00000000;34.89648172;7.82166380;2.46823601;0.69850056;-1.58513513;-0.01723518;14.79342308;0.62882419
1137;113.63703933;0.00000000;34.89496174;7.72173106;2.44805588;0.70001397;-1.58688390;-0.01775996;14.79767082;0.62833827
1138;113.73698395;0.00000000;34.89326438;7.62180051;2.43164339;0.70170427;-1.58868516;-0.01828514;14.80191406;0.62785273
1139;113.83692858;0.00000000;34.89138440;7.52187388;2.41722488;0.71707701;-1.59053888;-0.01880977;14.80615280;0.62736756
1140;113.93687320;0.00000000;34.88931656;7.42195035;2.40460462;0.74331516;-1.59244503;-0.01933423;14.81038706;0.62688277
1141;114.03681783;0.00000000;34.88705565;7.32203160;2.39589759;0.77254370;-1.59440360;-0.01985908;14.81461683;0.62639836
1142;114.13676245;0.00000000;34.88459642;7.22211695;2.39114124;0.80896597;-1.59641465;-0.02038414;14.81884213;0.62591431
1143;114.23670708;0.00000000;34.88193364;7.12220807;2.38847865;0.81162957;-1.59847818;-0.02090942;14.82306297;0.62543065
1144;114.33665171;0.00000000;34.87906207;7.02230444;2.38560729;0.81450203;-1.60059423;-0.02143486;14.82727934;0.62494735
1145;114.43659633;0.00000000;34.87597650;6.92240771;2.38252193;0.81758858;-1.60276278;-0.02196044;14.83149126;0.62446443
1146;114.53654096;0.00000000;34.87267166;6.82251751;2.37921734;0.82089447;-1.60498389;-0.02248616;14.83569872;0.62398188
1147;114.63648558;0.00000000;34.86914236;6.72263544;2.37568830;0.82442493;-1.60725754;-0.02301216;14.83990175;0.62349971
1148;114.73643021;0.00000000;34.86538333;6.62276132;2.37192956;0.82818522;-1.60958378;-0.02353838;14.84410033;-6.46069999
1149;114.83637483;0.00000000;34.86138936;6.52289673;2.36793592;0.83218057;-1.61196261;-0.02406482;14.80053682;-7.49096077
1150;114.93631946;0.00000000;34.85715521;6.42304166;2.36370212;0.83641623;-1.61439408;-0.02459147;14.74986535;-7.40778956
1151;115.03626408;0.00000000;34.85267566;6.32319764;2.35922297;0.84089745;-1.61687820;-0.02511841;14.69958470;-7.32576860
1152;115.13620871;0.00000000;34.84794545;6.22336487;2.35449320;0.84562947;-1.61941499;-0.02564560;14.64969105;-7.24486687
1153;115.23615334;0.00000000;34.84295939;6.12354484;2.34950762;0.85061753;-1.62200449;-0.02617309;14.60018071;-7.16507154
1154;115.33609796;0.00000000;34.83771222;6.02373793;2.34426099;0.85586689;-1.62464672;-0.02670085;14.55105000;-7.08635054
1155;115.43604259;0.00000000;34.83219873;5.92394561;2.33874810;0.86138278;-1.62734171;-0.02722894;14.50229536;-7.00869177
1156;115.53598721;0.00000000;34.82641368;5.82416848;2.33296372;0.86717047;-1.63008951;-0.02775734;14.45391326;-6.93206490
1157;115.63593184;0.00000000;34.82035186;5.72440793;2.32690264;0.87323518;-1.63289012;-0.02828609;14.40590029;-6.85645751
1158;115.73587646;0.00000000;34.81400803;5.62466480;2.32055964;0.87958217;-1.63574360;-0.02881518;14.35825307;-6.78184083
1159;115.83582109;0.00000000;34.80737698;5.52494045;2.31201591;0.88621668;-1.63864998;-0.02934465;14.31096831;-6.70820220
1160;115.93576571;0.00000000;34.80045348;5.42523590;2.27856944;0.89314398;-1.64160930;-0.02987449;14.26404278;-6.63551387
1161;116.03571034;0.00000000;34.79323231;5.32555252;2.24878362;0.90036929;-1.64462158;-0.03040476;14.21747336;-6.56376297
1162;116.13565497;0.00000000;34.78570826;5.22589152;2.22280072;0.90789786;-1.64768689;-0.03093542;14.17125693;-6.49292350
1163;116.23559959;0.00000000;34.77787611;5.12625425;2.20075050;0.91937383;-1.65080526;-0.03146654;14.12539052;-6.42298203
1164;116.33554422;0.00000000;34.76973065;5.02664215;2.18274712;0.94168217;-1.65397673;-0.03199810;14.07987117;-6.35391316
1165;116.43548884;0.00000000;34.76126667;4.92705654;2.16888625;0.97408367;-1.65720135;-0.03253015;14.03469605;-6.28570339
1166;116.53543347;0.00000000;34.75247896;4.82749908;2.15924253;1.01561714;-1.66047917;-0.03306268;13.98986236;-6.21832938
1167;116.63537809;0.00000000;34.74336231;4.72797107;2.15012016;1.05035412;-1.66381025;-0.03359573;13.94536739;-6.15177681
1168;116.73532272;0.00000000;34.73391154;4.62847439;2.14066331;1.05979209;-1.66719462;-0.03412931;13.90120849;-6.08602294
1169;116.83526735;0.00000000;34.72412142;4.52901034;2.13086675;1.06956912;-1.67063235;-0.03466346;13.85738312;-6.02105319
1170;116.93521197;0.00000000;34.71398679;4.42958102;2.12072531;1.07969037;-1.67412349;-0.03519817;13.81388878;-5.95684636
1171;117.03515660;0.00000000;34.70350243;4.33018773;2.11023376;1.09016113;-1.67766811;-0.03573349;13.77072306;-5.89338723
1172;117.13510122;0.00000000;34.69266319;4.23083279;2.09938696;1.10098656;-1.68126625;-0.03626943;13.72788363;-5.83065569
1173;117.23504585;0.00000000;34.68146383;4.13151749;2.08817968;1.11217198;-1.68491800;-0.03680602;13.68536822;-5.76863593
1174;117.33499047;0.00000000;34.66989924;4.03224439;2.07660680;1.12372252;-1.68862340;-0.03734327;13.64317467;-5.70730877
1175;117.43493510;0.00000000;34.65796419;3.93301479;2.06466308;1.13564353;-1.69238255;-0.03788123;13.60130087;-5.64665786
1176;117.53487972;0.00000000;34.64565358;3.83383148;2.05234347;1.14794011;-1.69619548;-0.03841990;13.55974481;-5.58666537
1177;117.63482435;0.00000000;34.63296216;3.73469575;2.03964272;1.16061764;-1.70006230;-0.03895933;13.51850454;-5.52731420
1178;117.73476898;0.00000000;34.61988488;3.63561064;2.02655581;1.17368122;-1.70398305;-0.03949952;13.47757820;-5.46858739
1179;117.83471360;0.00000000;34.60641647;3.53657745;2.01307751;1.18713623;-1.70795786;-0.04004052;13.43696403;-5.41046720
1180;117.93465823;0.00000000;34.59255194;3.43759947;1.99920284;1.20098776;-1.71198675;-0.04058235;13.39666033;-5.35293746
1181;118.03460285;0.00000000;34.57828598;3.33867799;1.98492658;1.21524123;-1.71606987;-0.04112504;13.35666551;-5.29597984
1182;118.13454748;0.00000000;34.56361364;3.23981656;1.97024380;1.22990169;-1.72020724;-0.04166863;13.31697804;-5.23957937
1183;118.23449210;0.00000000;34.54852962;3.14101649;1.95514931;1.24497460;-1.72439901;-0.04221313;13.27759648;-5.18371684
1184;118.33443673;0.00000000;34.53302900;3.04228157;1.93963825;1.26046499;-1.72864522;-0.04275859;13.23851952;-5.12837808
1185;118.43438136;0.00000000;34.51710647;2.94361314;1.92370543;1.27637834;-1.73294603;-0.04330503;13.19974589;-5.07354311
1186;118.53432598;0.00000000;34.50075716;2.84501524;1.90734607;1.29271968;-1.73730147;-0.04385250;13.16127443;-5.01919822
1187;118.63427061;0.00000000;34.48397575;2.74648922;1.89055500;1.30949450;-1.74171171;-0.04440102;13.12310409;-4.96532283
1188;118.73421523;0.00000000;34.46675741;2.64803939;1.87332755;1.32670781;-1.74617679;-0.04495063;13.08523390;-4.91190431
1189;118.83415986;0.00000000;34.44909682;2.54966713;1.85565858;1.34436514;-1.75069690;-0.04550136;13.04766299;-4.85892111
1190;118.93410448;0.00000000;34.43098919;2.45137702;1.83754352;1.36247148;-1.75527207;-0.04605327;13.01039059;-4.80636118
1191;119.03404911;0.00000000;34.41242920;2.35317045;1.81897728;1.38103239;-1.75990250;-0.04660637;12.97341603;-4.75420213
1192;119.13399373;0.00000000;34.39341212;2.25505228;1.79995541;1.37968412;-1.76458822;-0.04716072;12.93673875;-4.70243225
1193;119.23393836;0.00000000;34.37393260;2.15702393;1.78047288;1.36879386;-1.76932946;-0.04771634;12.90035828;-4.65102843
1194;119.33388299;0.00000000;34.35398599;2.05909053;1.76334726;1.36562974;-1.77412625;-0.04827330;12.86427430;-4.59997974
1195;119.43382761;0.00000000;34.33356692;1.96125354;1.75128481;1.37025084;-1.77897882;-0.04883161;12.82848653;-4.54926208
1196;119.53377224;0.00000000;34.31267082;1.86351837;1.74438552;1.38258441;-1.78388722;-0.04939134;12.79299489;-4.49886466
1197;119.63371686;0.00000000;34.29129230;1.76588652;1.74270514;1.40243238;-1.78885167;-0.04995252;12.75779932;-4.44876256
1198;119.73366149;0.00000000;34.26942684;1.66836367;1.74625323;1.42424891;-1.79387224;-0.05051522;12.72289997;-4.39894552
1199;119.83360611;0.00000000;34.24706906;1.57095137;1.75385360;1.44656167;-1.79894918;-0.05107944;12.68829704;-4.34938766
1200;119.93355074;0.00000000;34.22421453;1.47365560;1.73095872;1.46937546;-1.80408253;-0.05164528;12.65399091;-4.30007861
1201;120.03349537;0.00000000;34.20085782;1.37647796;1.70756324;1.49269615;-1.80927257;-0.05221275;12.61998203;-4.25099158
1202;120.13343999;0.00000000;34.17699461;1.27942469;1.68366337;1.51652849;-1.81451936;-0.05278195;12.58627105;-4.20211693
1203;120.23338462;0.00000000;34.15261944;1.18249746;1.65925438;1.54087841;-1.81982318;-0.05335287;12.55285867;-4.15342676
1204;120.33332924;0.00000000;34.12772809;1.08570282;1.63433277;1.56575061;-1.82518408;-0.05392562;12.51974582;-4.10491028
1205;120.43327387;0.00000000;34.10231510;0.98904247;1.60889400;1.59115110;-1.83060239;-0.05450021;12.48693349;-4.05653891
1206;120.53321849;0.00000000;34.07637632;0.89252329;1.58293493;1.61708451;-1.83607816;-0.05507675;12.45442289;-4.00830414
1207;120.63316312;0.00000000;34.04990626;0.79614702;1.55645128;1.63751442;-1.84161171;-0.05565523;12.42221528;-3.96017520
1208;120.73310774;0.00000000;34.02290092;0.69992084;1.52944036;1.63798508;-1.84720311;-0.05623577;12.39031219;-3.91213828
1209;120.83305237;0.00000000;33.99535476;0.60384658;1.50189822;1.64016392;-1.85285271;-0.05681841;12.35871521;-3.86416517
1210;120.93299700;0.00000000;33.96726389;0.50793172;1.47669795;1.64897445;-1.85856057;-0.05740324;12.32742620;-3.81625108
1211;121.03294162;0.00000000;33.93862278;0.41217814;1.45736114;1.66431708;-1.86432708;-0.05799022;12.29644701;-3.76835770
1212;121.13288625;0.00000000;33.90942763;0.31659366;1.44411877;1.68601821;-1.87015228;-0.05857954;12.26577983;-3.72046937
1213;121.23283087;0.00000000;33.87967289;0.22118023;1.43713344;1.71384189;-1.87603658;-0.05917122;12.23542697;-3.67256070
1214;121.33277550;0.00000000;33.84935491;0.12594599;1.43649101;1.74412832;-1.88198005;-0.05976535;12.20539093;-3.62460691
1215;121.43272012;0.00000000;33.81846809;0.03089295;1.42504932;1.76439919;-1.88798313;-0.06036202;12.17567442;-3.57657707
1216;121.53266475;0.00000000;33.78700894;-0.06397038;1.39356036;1.76727803;-1.89404586;-0.06096135;12.14628043;-3.52851699
1217;121.63260938;0.00000000;33.75497183;-0.15864197;1.36151130;1.77639112;-1.90016872;-0.06156294;12.11721155;-3.48034853
1218;121.73255400;0.00000000;33.72235342;-0.25311291;1.33227991;1.79164857;-1.90635173;-0.06216725;12.08847102;-3.43188167
1219;121.83249863;0.00000000;33.68914805;-0.34738111;1.30942957;1.81290111;-1.91259543;-0.06277546;12.06006365;-3.38320244
1220;121.93244325;0.00000000;33.65535253;-0.44143733;1.29329430;1.83994522;-1.91889997;-0.06338690;12.03199358;-3.33483991
1221;122.03238788;0.00000000;33.62096117;-0.53527938;1.28412116;1.86856595;-1.92526577;-0.06399785;12.00426053;-3.28644380
1222;122.13233250;0.00000000;33.58597096;-0.62889768;1.28205424;1.87698826;-1.93169254;-0.06461061;11.97686712;-3.23924644
1223;122.23227713;0.00000000;33.55037622;-0.72229002;1.25692801;1.89130030;-1.93818049;-0.06521657;11.94980567;-3.19233440
1224;122.33222175;0.00000000;33.51417428;-0.81544638;1.22071432;1.91137448;-1.94472869;-0.06582195;11.92307603;-3.14551465
1225;122.43216638;0.00000000;33.47735949;-0.90836457;1.18744218;1.93555449;-1.95133762;-0.06642800;11.89667969;-3.09855440
1226;122.53211101;0.00000000;33.43992947;-1.00103423;1.16119329;1.96190381;-1.95800703;-0.06703625;11.87062003;-3.05115766
1227;122.63205563;0.00000000;33.40187853;-1.09345312;1.13485385;1.99355373;-1.96473759;-0.06764867;11.84490296;-3.00333166
1228;122.73200026;0.00000000;33.36320451;-1.18561051;1.11566825;2.03025919;-1.97152941;-0.06826511;11.81953436;-2.95538328
1229;122.83194488;0.00000000;33.32390169;-1.27750408;1.10454118;2.04845850;-1.97838311;-0.06888326;11.79451750;-2.90710162
1230;122.93188951;0.00000000;33.28396815;-1.36912264;1.10171171;2.06405016;-1.98529855;-0.06950453;11.76985747;-2.85854338
1231;123.03183413;0.00000000;33.24339811;-1.46046388;1.08798707;2.08499909;-1.99227641;-0.07012837;11.74555885;-2.80956752
1232;123.13177876;0.00000000;33.20218993;-1.55151617;1.07662030;2.09463139;-1.99931659;-0.07075567;11.72162746;-2.76029745
1233;123.23172338;0.00000000;33.16033780;-1.64227716;1.06691094;2.10869873;-2.00641979;-0.07138541;11.69806807;-2.71054715
1234;123.33166801;0.00000000;33.11784033;-1.73273482;1.02914698;2.12806972;-2.01358590;-0.07201880;11.67488704;-2.66045862
1235;123.43161264;0.00000000;33.07469168;-1.82288671;0.99928537;2.15260733;-2.02081565;-0.07265466;11.65208952;-2.60983807
1236;123.53155726;0.00000000;33.03089077;-1.91272038;0.97804722;2.18214073;-2.02810892;-0.07329427;11.62968235;-2.55882819
1237;123.63150189;0.00000000;32.98643170;-2.00223334;0.95817989;2.20528236;-2.03546648;-0.07393641;11.60767114;-2.50721856
1238;123.73144651;0.00000000;32.94131371;-2.09141272;0.94604893;2.21164500;-2.04288816;-0.07458248;11.58606332;-2.45517050
1239;123.83139114;0.00000000;32.89553086;-2.18025595;0.90634484;2.22322691;-2.05037480;-0.07523112;11.56486494;-2.40245492
1240;123.93133576;0.00000000;32.84908271;-2.26874974;0.87361984;2.23995216;-2.05792621;-0.07588386;11.54408404;-2.34924276
1241;124.03128039;0.00000000;32.80196330;-2.35689144;0.85068627;2.26171307;-2.06554325;-0.07653923;11.52372717;-2.29529282
1242;124.13122502;0.00000000;32.75417252;-2.44466733;0.83834435;2.28836967;-2.07322574;-0.07719885;11.50380300;-2.24078701
1243;124.23116964;0.00000000;32.70570436;-2.53207469;0.83220638;2.31975957;-2.08097456;-0.07786117;11.48431862;-2.18545788
1244;124.33111427;0.00000000;32.65655910;-2.61909938;0.80886034;2.35569584;-2.08878952;-0.07852798;11.46528346;-2.12949243
1245;124.43105889;0.00000000;32.60673070;-2.70573856;0.79633269;2.35874145;-2.09667155;-0.07919766;11.44670529;-2.07263577
1246;124.53100352;0.00000000;32.55621979;-2.79197768;0.77414874;2.36586909;-2.10462045;-0.07987191;11.42859416;-2.01507304
1247;124.63094814;0.00000000;32.50502030;-2.87781381;0.73834288;2.37797158;-2.11263718;-0.08054911;11.41095846;-1.95649051
1248;124.73089277;0.00000000;32.45313329;-2.96323197;0.71403167;2.39497853;-2.12072154;-0.08123138;11.39380935;-1.89718420
1249;124.83083739;0.00000000;32.40055262;-3.04822912;0.70240269;2.40928302;-2.12887454;-0.08191622;11.37715539;-1.83680772
1250;124.93078202;0.00000000;32.34727980;-3.13278983;0.70407943;2.42629285;-2.13709590;-0.08260601;11.36100817;-1.77539222
1251;125.03072665;0.00000000;32.29330870;-3.21691089;0.71896206;2.44642669;-2.14538674;-0.08330024;11.34537901;-1.71280538
1252;125.13067127;0.00000000;32.23864115;-3.30057663;0.68840062;2.46991820;-2.15374690;-0.08399962;11.33028038;-1.64951066
1253;125.23061590;0.00000000;32.18327107;-3.38378358;0.66378503;2.48649348;-2.16217737;-0.08470028;11.31572066;-1.58492631
1254;125.33056052;0.00000000;32.12720069;-3.46651573;0.65283950;2.48108544;-2.17067778;-0.08540641;11.30171334;-1.51886391
1255;125.43050515;0.00000000;32.07042398;-3.54876944;0.65624138;2.47158719;-2.17924943;-0.08611913;11.28827355;-1.45121645
1256;125.53044977;0.00000000;32.01294369;-3.63052815;0.67347458;2.46696622;-2.18789231;-0.08683890;11.27541739;-1.38208105
1257;125.63039440;0.00000000;31.95475371;-3.71178809;0.68984490;2.46725709;-2.19660778;-0.08756457;11.26316004;-1.31140513
1258;125.73033903;0.00000000;31.89585713;-3.79253248;0.67041243;2.47246525;-2.20539572;-0.08829615;11.25151715;-1.23849883
1259;125.83028365;0.00000000;31.83624799;-3.87275709;0.65887395;2.48256701;-2.21425760;-0.08903861;11.24051047;-1.16357847
1260;125.93022828;0.00000000;31.77592961;-3.95244502;0.65139267;2.49750875;-2.22319384;-0.08978974;11.23015979;-1.08878159
1261;126.03017290;0.00000000;31.71489618;-4.03159154;0.63393632;2.51711745;-2.23220523;-0.09053238;11.22046582;-1.01256438
1262;126.13011753;0.00000000;31.65315155;-4.11017948;0.62251130;2.51563103;-2.24129049;-0.09127829;11.21144292;-0.92593408
1263;126.23006215;0.00000000;31.59068994;-4.18820404;0.62610587;2.51902444;-2.25045363;-0.09209741;11.20318562;-0.83461605
1264;126.33000678;0.00000000;31.52751545;-4.26564708;0.63619226;2.52728552;-2.25970027;-0.09294338;11.19573746;-0.74238747
1265;126.42995140;0.00000000;31.46362166;-4.34250316;0.63415008;2.53694364;-2.26903181;-0.09378564;11.18910819;-0.64819444
1266;126.52989603;0.00000000;31.39901304;-4.41875372;0.60676823;2.52870660;-2.27844721;-0.09463194;11.18331681;-0.56454722
1267;126.62984066;0.00000000;31.33368425;-4.49439216;0.59417382;2.52141272;-2.28794377;-0.09538333;11.17827035;-0.48267724
1268;126.72978528;0.00000000;31.26763893;-4.56940264;0.59729740;2.51860577;-2.29751299;-0.09610976;11.17395391;-0.48267724
1269;126.82972991;0.00000000;31.20087596;-4.64377696;0.60266246;2.52072134;-2.30711845;-0.09593476;11.16963581;-0.45119825
1270;126.92967453;0.00000000;31.13340313;-4.71750754;0.60707430;2.52318003;-2.31668747;-0.09555354;11.16559781;-0.39467006
1271;127.02961916;0.00000000;31.06522909;-4.79059083;0.61053589;2.50969555;-2.32621250;-0.09502547;11.16206451;-0.32103342
1272;127.12956378;0.00000000;30.99636418;-4.86302321;0.62186943;2.50108357;-2.33568200;-0.09447116;11.15918962;-0.24566112
1273;127.22950841;0.00000000;30.92681838;-4.93480222;0.63674199;2.49738971;-2.34509675;-0.09393053;11.15698920;-0.17353610
1274;127.32945304;0.00000000;30.85660178;-5.00592520;0.66556106;2.49674885;-2.35445792;-0.09339768;11.15543455;-0.10383359
1275;127.42939766;0.00000000;30.78572447;-5.07638952;0.68614233;2.49704093;-2.36376625;-0.09287406;11.15450423;-0.03666480
1276;127.52934229;0.00000000;30.71419587;-5.14619318;0.68492806;2.49826070;-2.37302270;-0.09235857;11.15417571;0.02818023
1277;127.62928691;0.00000000;30.64202630;-5.21533328;0.68279396;2.48620165;-2.38222811;-0.09185373;11.15442821;0.09045115
1278;127.72923154;0.00000000;30.56922466;-5.28380832;0.67974576;2.47041479;-2.39138351;-0.09135640;11.15523863;0.15060709
1279;127.82917616;0.00000000;30.49580136;-5.35161531;0.67712992;2.45950121;-2.40048962;-0.09086924;11.15658790;0.20837670
1280;127.92912079;0.00000000;30.42176463;-5.41875327;0.67595017;2.45352185;-2.40954752;-0.09038940;11.15845446;0.26417701
1281;128.02906541;0.00000000;30.34712514;-5.48521900;0.68641388;2.45250859;-2.41855776;-0.08991757;11.16082040;0.31797306
1282;128.12901004;0.00000000;30.27189051;-5.55101201;0.71005828;2.45332631;-2.42752129;-0.08945264;11.16366747;0.36995429
1283;128.22895467;0.00000000;30.19607162;-5.61612897;0.72046873;2.44000868;-2.43643873;-0.08899760;11.16697906;0.41979732
1284;128.32889929;0.00000000;30.11967547;-5.68056986;0.71202371;2.43044333;-2.44531117;-0.08854946;11.17073562;0.46792626
1285;128.42884392;0.00000000;30.04271319;-5.74433114;0.70787136;2.42584710;-2.45413909;-0.08810937;11.17492138;0.51424133
1286;128.52878854;0.00000000;29.96519111;-5.80741328;0.71688082;2.42394725;-2.46292349;-0.08767573;11.17951963;0.55898306
1287;128.62873317;0.00000000;29.88712064;-5.86981257;0.73857373;2.40231989;-2.47166480;-0.08725027;11.18451580;0.60197747
1288;128.72867779;0.00000000;29.80850748;-5.93152991;0.77188460;2.38554954;-2.48036409;-0.08683121;11.18989377;0.64348565
1289;128.82862242;0.00000000;29.72936332;-5.99256143;0.81539085;2.37373695;-2.48902173;-0.08642080;11.19563971;0.68326149
1290;128.92856705;0.00000000;29.64969321;-6.05290842;0.85048438;2.35401032;-2.49763888;-0.08601661;11.20173759;0.72164765
1291;129.02851167;0.00000000;29.56950912;-6.11256687;0.84333674;2.33277899;-2.50621579;-0.08561995;11.20817446;0.75851170
1292;129.12845630;0.00000000;29.48881545;-6.17153846;0.84207497;2.31651588;-2.51475358;-0.08522929;11.21493616;0.79407932
1293;129.22840092;0.00000000;29.40762451;-6.22981901;0.85176796;2.29455957;-2.52325249;-0.08484676;11.22201056;0.82811041
1294;129.32834555;0.00000000;29.32594001;-6.28741057;0.87205404;2.26518057;-2.53171372;-0.08447013;11.22938339;0.86091904
1295;129.42829017;0.00000000;29.24377461;-6.34430883;0.89830577;2.24025996;-2.54013740;-0.08410048;11.23704320;0.89239375
1296;129.52823480;0.00000000;29.16113133;-6.40051616;0.90478642;2.22038939;-2.54852469;-0.08373648;11.24497753;0.92272912
1297;129.62817942;0.00000000;29.07802320;-6.45602811;0.90400627;2.20093645;-2.55687571;-0.08338047;11.25317570;0.95165503
1298;129.72812405;0.00000000;28.99445256;-6.51084739;0.91339463;2.18321897;-2.56519173;-0.08303006;11.26162461;0.97949848
1299;129.82806868;0.00000000;28.91043284;-6.56496937;0.93264659;2.17078992;-2.57347282;-0.08268776;11.27031411;1.00596400
1300;129.92801330;0.00000000;28.82596560;-6.61839714;0.96117294;2.16373698;-2.58172029;-0.08235066;11.27923143;1.03144625
1301;130.02795793;0.00000000;28.74106472;-6.67112589;0.99599094;2.16211039;-2.58993385;-0.08201544;11.28836731;1.05638704
1302;130.12790255;0.00000000;28.65573111;-6.72315899;1.03213547;2.15316222;-2.59811448;-0.08168550;11.29771645;1.08036526
1303;130.22784718;0.00000000;28.56997901;-6.77449160;1.05669696;2.14095071;-2.60626255;-0.08137122;11.30726980;1.10207195
1304;130.32779180;0.00000000;28.48380870;-6.82512724;1.07464556;2.13416798;-2.61437987;-0.08106258;11.31700679;1.12282357
1305;130.42773643;0.00000000;28.39723470;-6.87506091;1.07346567;2.12702301;-2.62246702;-0.08077565;11.32691852;1.14057490
1306;130.52768105;0.00000000;28.31025651;-6.92429624;1.07388757;2.09605947;-2.63052623;-0.08049487;11.33697807;1.15736616
1307;130.62762568;0.00000000;28.22288905;-6.97282801;1.08277084;2.06225554;-2.63855737;-0.08022178;11.34717660;1.17301193
1308;130.72757031;0.00000000;28.13513115;-7.02066000;1.09295392;2.03357844;-2.64656186;-0.07995384;11.35750366;1.18785769
1309;130.82751493;0.00000000;28.04699807;-7.06778691;1.10988093;2.01024963;-2.65453963;-0.07969482;11.36795185;1.20142888
1310;130.92745956;0.00000000;27.95848805;-7.11421263;1.13462555;1.99245363;-2.66249216;-0.07944081;11.37850966;1.21424928
1311;131.02740418;0.00000000;27.86961670;-7.15993185;1.16668896;1.97570164;-2.67041929;-0.07919447;11.38917018;1.22598229
1312;131.12734881;0.00000000;27.78038166;-7.20494853;1.20549072;1.95073866;-2.67832245;-0.07895310;11.39992360;1.23699588
1313;131.22729343;0.00000000;27.69079887;-7.24925736;1.21856684;1.93141093;-2.68620138;-0.07871784;11.41076335;1.24715015
1314;131.32723806;0.00000000;27.60086547;-7.29286234;1.23379730;1.91529272;-2.69405746;-0.07848740;11.42168167;1.25662453
1315;131.42718269;0.00000000;27.51059765;-7.33575820;1.25605795;1.87877137;-2.70189044;-0.07826414;11.43267239;1.26512026
1316;131.52712731;0.00000000;27.41999210;-7.37794897;1.28498661;1.84768835;-2.70970178;-0.07804566;11.44372675;1.27296253
1317;131.62707194;0.00000000;27.32906524;-7.41942943;1.30966760;1.82232528;-2.71749115;-0.07783318;11.45483886;1.28000070
1318;131.72701656;0.00000000;27.23781335;-7.46020359;1.32342369;1.80292018;-2.72525995;-0.07762542;11.46600156;1.28641046
1319;131.82696119;0.00000000;27.14625304;-7.50026632;1.33885037;1.78966820;-2.73300786;-0.07742384;11.47720921;1.29201018
1320;131.92690581;0.00000000;27.05438023;-7.53962158;1.35875692;1.78123691;-2.74073630;-0.07722692;11.48845465;1.29700646
1321;132.02685044;0.00000000;26.96221167;-7.57826435;1.38486637;1.75978506;-2.74844490;-0.07703569;11.49973252;1.30127080
1322;132.12679506;0.00000000;26.86974300;-7.61619853;1.40837376;1.74456821;-2.75613506;-0.07684910;11.51103636;1.30495137
1323;132.22673969;0.00000000;26.77699106;-7.65341923;1.41369085;1.73575116;-2.76380641;-0.07666805;11.52236103;1.30793429
1324;132.32668432;0.00000000;26.68395123;-7.68993023;1.42525387;1.71014677;-2.77146033;-0.07649159;11.53370044;1.31035311
1325;132.42662894;0.00000000;26.59064043;-7.72572681;1.44291242;1.67604652;-2.77909644;-0.07632041;11.54504964;1.31212266
1326;132.52657357;0.00000000;26.49705384;-7.76081263;1.46644894;1.64804798;-2.78671612;-0.07615378;11.55640301;1.31334449
1327;132.62651819;0.00000000;26.40320838;-7.79518314;1.49558354;1.62646967;-2.79431895;-0.07599223;11.56775579;1.31395518
1328;132.72646282;0.00000000;26.30909911;-7.82884186;1.52937789;1.61148107;-2.80190630;-0.07583521;11.57910270;1.31403372
1329;132.82640744;0.00000000;26.21474291;-7.86178442;1.56246537;1.59761552;-2.80947776;-0.07568307;11.59043919;1.31353748
1330;132.92635207;0.00000000;26.12013475;-7.89401418;1.59475151;1.59067837;-2.81703468;-0.07553543;11.60176033;1.31252283
1331;133.02629670;0.00000000;26.02529143;-7.92552699;1.62287635;1.57455455;-2.82457664;-0.07539245;11.61306169;1.31097467
1332;133.12624132;0.00000000;25.93020792;-7.95632601;1.62465718;1.54569701;-2.83210497;-0.07525395;11.62433876;1.30892009
1333;133.22618595;0.00000000;25.83490085;-7.98640732;1.63181834;1.52360278;-2.83961926;-0.07511996;11.63558725;1.30635843
1334;133.32613057;0.00000000;25.73936525;-8.01577388;1.64429127;1.50856646;-2.84712080;-0.07499045;11.64680290;1.30330118
1335;133.42607520;0.00000000;25.64361757;-8.04442200;1.66091966;1.50080145;-2.85460919;-0.07486529;11.65798154;1.29976802
1336;133.52601982;0.00000000;25.54765292;-8.07235443;1.67800186;1.50041898;-2.86208571;-0.07474458;11.66911922;1.29575035
1337;133.62596445;0.00000000;25.45148753;-8.09956772;1.70007164;1.50043241;-2.86954997;-0.07462807;11.68021189;1.29128497
1338;133.72590907;0.00000000;25.35511665;-8.12606442;1.72665122;1.47394185;-2.87700321;-0.07451597;11.69125587;1.28634720
1339;133.82585370;0.00000000;25.25855622;-8.15184130;1.75251098;1.44817930;-2.88444504;-0.07440776;11.70224725;1.28101109
1340;133.92579833;0.00000000;25.16180173;-8.17690069;1.77755746;1.42314147;-2.89187667;-0.07430410;11.71318279;1.27519089
1341;134.02574295;0.00000000;25.06486878;-8.20123962;1.80180807;1.39883049;-2.89929781;-0.07420522;11.72405852;1.26885738
1342;134.12568758;0.00000000;24.96775309;-8.22486018;1.82535221;1.37524332;-2.90670964;-0.07411058;11.73487022;1.26208854
1343;134.22563220;0.00000000;24.87046994;-8.24775962;1.84818542;1.35238200;-2.91411177;-0.07401846;11.74561437;1.25512517
1344;134.32557683;0.00000000;24.77301529;-8.26993985;1.87030850;1.33024373;-2.92150528;-0.07393074;11.75628951;1.24770953
1345;134.42552145;0.00000000;24.67540397;-8.29139839;1.89171761;1.30883039;-2.92888987;-0.07384701;11.76689197;1.23989960
1346;134.52546608;0.00000000;24.57763257;-8.31213683;1.88693541;1.28813953;-2.93626667;-0.07376827;11.77741862;1.23156132
1347;134.62541071;0.00000000;24.47971518;-8.33215301;1.88150127;1.26817285;-2.94363544;-0.07369244;11.78786517;1.22298606
1348;134.72535533;0.00000000;24.38164889;-8.35144828;1.88063220;1.24892819;-2.95099713;-0.07362039;11.79822982;1.21405524
1349;134.82529996;0.00000000;24.28344742;-8.37002071;1.88433539;1.23183208;-2.95835070;-0.07353637;11.80850979;1.20696755
1350;134.92524458;0.00000000;24.18510796;-8.38787165;1.89258491;1.22342558;-2.96569640;-0.07345656;11.81872089;1.19944058
1351;135.02518921;0.00000000;24.08664404;-8.40499947;1.90532141;1.22388814;-2.97303378;-0.07337606;11.82885957;1.19216665
1352;135.12513383;0.00000000;23.98805343;-8.42140537;1.92175061;1.23320896;-2.98036365;-0.07330059;11.83892816;1.18433789
1353;135.22507846;0.00000000;23.88934881;-8.43708798;1.93745507;1.25021416;-2.98768618;-0.07323427;11.84892216;1.17537957
1354;135.32502308;0.00000000;23.79052870;-8.45204822;1.95243551;1.24795333;-2.99500253;-0.07317195;11.85883224;1.16602981
1355;135.42496771;0.00000000;23.69160509;-8.46628492;1.96669083;1.23371541;-3.00231249;-0.07311133;11.86865531;1.15661302
1356;135.52491234;0.00000000;23.59257692;-8.47979883;1.98022166;1.22020115;-3.00961684;-0.07305512;11.87839103;1.14674823
1357;135.62485696;0.00000000;23.49345571;-8.49258894;1.99302715;1.20741136;-3.01691553;-0.07300220;11.88803584;1.13659430
1358;135.72480159;0.00000000;23.39424100;-8.50465586;2.00510779;1.19534527;-3.02420935;-0.07295373;11.89758753;1.12599163
1359;135.82474621;0.00000000;23.29494361;-8.51599874;2.01646293;1.18400356;-3.03149832;-0.07290892;11.90704257;1.11505436
1360;135.92469084;0.00000000;23.19556369;-8.52661803;2.02709296;1.17338565;-3.03878320;-0.07286839;11.91639837;1.10369835
1361;136.02463546;0.00000000;23.09611142;-8.53651305;2.03699738;1.16349213;-3.04606401;-0.07283074;11.92565166;1.09212344
1362;136.12458009;0.00000000;22.99658757;-8.54568409;2.04617648;1.15432260;-3.05334143;-0.07279750;11.93480085;1.08011493
1363;136.22452471;0.00000000;22.89700164;-8.55413061;2.05462991;1.14587756;-3.06061555;-0.07276748;11.94384254;1.06784571
1364;136.32446934;0.00000000;22.79735508;-8.56185279;2.06235785;1.13815676;-3.06788701;-0.07274179;11.95277480;1.05515873
1365;136.42441397;0.00000000;22.69765667;-8.56885022;2.06936008;1.13116060;-3.07515594;-0.07271898;11.96159439;1.04226457
1366;136.52435859;0.00000000;22.59790856;-8.57512295;2.07563670;1.12488898;-3.08242290;-0.07270057;11.97029982;1.02894743
1367;136.62430322;0.00000000;22.49811880;-8.58067068;2.08118758;1.11934222;-3.08968809;-0.07268513;11.97888782;1.01541516
1368;136.72424784;0.00000000;22.39829025;-8.58549341;2.08601276;1.11452031;-3.09695203;-0.07267403;11.98735684;1.00147309
1369;136.82419247;0.00000000;22.29843025;-8.58959087;2.09011217;1.11042351;-3.10421492;-0.07266569;11.99570372;0.98735065
1370;136.92413709;0.00000000;22.19854236;-8.59296302;2.09348582;1.10705189;-3.11147726;-0.07266174;12.00392721;0.97281572
1371;137.02408172;0.00000000;22.09863315;-8.59560967;2.09613367;1.10440566;-3.11873933;-0.07266108;12.01202414;0.95802970
1372;137.12402635;0.00000000;21.99870705;-8.59753071;2.09805572;1.10248494;-3.12600159;-0.07266506;12.01999267;0.94279956
1373;137.22397097;0.00000000;21.89876973;-8.59872601;2.09925196;1.10128991;-3.13326390;-0.07266230;12.02782937;0.92877606
1374;137.32391560;0.00000000;21.79882648;-8.59919551;2.09972245;1.10082062;-3.14052614;-0.07266371;12.03554451;0.91436394
1375;137.42386022;0.00000000;21.69888222;-8.59893922;2.09946732;1.10107711;3.13539800;-0.07264052;12.04313510;0.90374020
1376;137.52380485;0.00000000;21.59894281;-8.59795735;2.09848689;1.10205920;3.12813897;-0.07262152;12.05063281;0.89267802
1377;137.62374947;0.00000000;21.49901260;-8.59625015;2.09678152;1.10376667;3.12088218;-0.07259474;12.05803416;0.88292413
1378;137.72369410;0.00000000;21.39909817;-8.59381797;2.09435173;1.10619918;3.11362790;-0.07257258;12.06535018;0.87265633
1379;137.82363872;0.00000000;21.29920300;-8.59066113;2.09119790;1.10935647;3.10637566;-0.07255255;12.07257675;0.86224126
1380;137.92358335;0.00000000;21.19933460;-8.58678006;2.08732065;1.11323812;3.09912528;-0.07253693;12.07971284;0.85134944
1381;138.02352798;0.00000000;21.09949552;-8.58217501;2.08272031;1.11784392;3.09187623;-0.07252402;12.08675464;0.84023394
1382;138.12347260;0.00000000;20.99969407;-8.57684651;2.07739760;1.12317340;3.08462836;-0.07251546;12.09370049;0.82865533
1383;138.22341723;0.00000000;20.89993204;-8.57079472;2.07135276;1.12922641;3.07738109;-0.07250960;12.10054672;0.81686219
1384;138.32336185;0.00000000;20.80021850;-8.56402026;2.06458666;1.13600241;3.07013433;-0.07250811;12.10729172;0.80460997
1385;138.42330648;0.00000000;20.70055446;-8.55652322;2.05709943;1.14350135;3.06288739;-0.07250990;12.11393188;0.79206456
1386;138.52325110;0.00000000;20.60094977;-8.54830430;2.04889208;1.15172260;3.05564023;-0.07251605;12.12046496;0.77906847
1387;138.62319573;0.00000000;20.50140467;-8.53936349;2.03996466;1.16066626;3.04839214;-0.07252485;12.12688741;0.76587887
1388;138.72314036;0.00000000;20.40192978;-8.52970163;2.03031638;1.17033159;3.04114315;-0.07253801;12.13319782;0.75224791
1389;138.82308498;0.00000000;20.30252460;-8.51931855;2.01992202;1.18071883;3.03389249;-0.07255385;12.13939272;0.73842418
1390;138.92302961;0.00000000;20.20320044;-8.50821527;2.00880575;1.19182714;3.02664027;-0.07257394;12.14547070;0.72418052
1391;139.02297423;0.00000000;20.10395605;-8.49639144;1.99696731;1.20365695;3.01938527;-0.07260462;12.15142850;0.70858535
1392;139.12291886;0.00000000;20.00480371;-8.48384821;1.98440760;1.21620732;3.01212722;-0.07264023;12.15725516;0.69249204
