id; s_m; d_m; x_m; y_m; d_right; d_left; psi_rad; kappa_radpm; vx_mps; ax_mps2
0;0.00000000;0.00000000;-26.49817533;-3.79233882;0.61270630;2.50766173;3.02171969;-0.46174127;4.88210622;0.90227275
1;0.09994563;0.00000000;-26.59706151;-3.77813541;0.63019123;2.49746511;2.97642900;-0.44495149;4.90054258;1.22150952
2;0.19989125;0.00000000;-26.69528876;-3.75953626;0.64613655;2.48051825;2.93276212;-0.42868622;4.92539203;1.50650915
3;0.29983688;0.00000000;-26.79255859;-3.73676108;0.67260025;2.47178182;2.89066162;-0.41425961;4.95586770;1.73057792
4;0.39978251;0.00000000;-26.88887497;-3.70995818;0.70852835;2.44827284;2.84992126;-0.40087746;4.99064645;1.91924012
5;0.49972813;0.00000000;-26.98397833;-3.67933772;0.75258147;2.42202347;2.81049262;-0.38844274;5.02893541;2.07844117
6;0.59967376;0.00000000;-27.07787394;-3.64502933;0.79435241;2.38819014;2.77225343;-0.37667265;5.07007431;2.21800966
7;0.69961939;0.00000000;-27.17036404;-3.60722989;0.83282734;2.35004986;2.73517154;-0.36563545;5.11361069;2.33790576
8;0.79956501;0.00000000;-27.26145510;-3.56605622;0.86802823;2.31905535;2.69914663;-0.35518560;5.15910275;2.44336466
9;0.89951064;0.00000000;-27.35098841;-3.52169439;0.89993052;2.29546551;2.66415742;-0.34519041;5.20622209;2.53891834
10;0.99945627;0.00000000;-27.43897308;-3.47425141;0.92859038;2.27942124;2.63013002;-0.33567994;5.25473653;2.62437521
11;1.09940190;0.00000000;-27.52528528;-3.42390179;0.95402728;2.24820522;2.59704353;-0.32658127;5.30441756;2.70226092
12;1.19934752;0.00000000;-27.60993691;-3.37074391;0.98076818;2.19857663;2.56483598;-0.31787935;5.35509141;2.77331212
13;1.29929315;0.00000000;-27.69283138;-3.31494099;1.01373616;2.14897551;2.53349230;-0.30947754;5.40660381;2.84054563
14;1.39923878;0.00000000;-27.77398388;-3.25658395;1.05240905;2.10573798;2.50296262;-0.30141745;5.45886115;2.90281319
15;1.49918440;0.00000000;-27.85332053;-3.19582504;1.09067853;2.06925485;2.47323345;-0.29360628;5.51175217;2.96297227
16;1.59913003;0.00000000;-27.93085954;-3.13274858;1.12697653;2.03982795;2.44426366;-0.28607953;5.56522095;3.01990363
17;1.69907566;0.00000000;-28.00654614;-3.06749604;1.15753257;2.01773258;2.41604240;-0.27875035;5.61919359;3.07629886
18;1.79902128;0.00000000;-28.08040149;-3.00014576;1.19314697;1.99218597;2.38853558;-0.27166677;5.67364625;3.13053340
19;1.89896691;0.00000000;-28.15238673;-2.93082894;1.23340505;1.94934118;2.36173296;-0.26475847;5.72852756;3.18481739
20;1.99891254;0.00000000;-28.22252582;-2.85961826;1.27068102;1.88371998;2.33560568;-0.25805533;5.78382617;3.23804425
21;2.09885816;0.00000000;-28.29079320;-2.78663511;1.30613180;1.82329916;2.31014590;-0.25148592;5.83951213;3.29253027
22;2.19880379;0.00000000;-28.35721567;-2.71194683;1.33973347;1.76857659;2.28532982;-0.24509460;5.89559581;3.34662087
23;2.29874942;0.00000000;-28.42177884;-2.63566568;1.37716688;1.72009404;2.26114938;-0.23883507;5.95205932;3.40183258
24;2.39869504;0.00000000;-28.48451198;-2.55785379;1.41853705;1.67834991;2.23758365;-0.23273078;6.00891061;3.45720446
25;2.49864067;0.00000000;-28.54540991;-2.47861465;1.46353010;1.64383675;2.21462285;-0.22678414;6.06614141;3.51252575
26;2.59858630;0.00000000;-28.60450404;-2.39800493;1.51186210;1.61696952;2.19224716;-0.22096911;6.12374027;3.56864566
27;2.69853193;0.00000000;-28.66179641;-2.31612000;1.56323696;1.59809777;2.17044783;-0.21529714;6.18170979;3.62500800
28;2.79847755;0.00000000;-28.71732027;-2.23301122;1.61131599;1.58311182;2.14920740;-0.20973767;6.24004353;3.68267631
29;2.89842318;0.00000000;-28.77108373;-2.14876636;1.63649305;1.52964635;2.12851936;-0.20428475;6.29875210;3.74177580
30;2.99836881;0.00000000;-28.82312167;-2.06343205;1.66536406;1.47723853;2.10836949;-0.19892769;6.35784762;3.80263419
31;3.09831443;0.00000000;-28.87344757;-1.97708891;1.69777308;1.42667887;2.08875219;-0.19366293;6.41734678;3.86530358
32;3.19826006;0.00000000;-28.92209772;-1.88977915;1.73356421;1.37791680;2.06965525;-0.18847984;6.47726640;3.93014131
33;3.29820569;0.00000000;-28.96909013;-1.80157671;1.77256006;1.33363685;2.05107391;-0.18337609;6.53762808;3.99717154
34;3.39815131;0.00000000;-29.01446228;-1.71251975;1.81459333;1.29104312;2.03299765;-0.17834215;6.59845289;4.06674070
35;3.49809694;0.00000000;-29.05823612;-1.62267587;1.85851018;1.25667287;2.01542256;-0.17337369;6.65976624;4.13898657
36;3.59804257;0.00000000;-29.10045008;-1.53207954;1.90089819;1.23117185;1.99833979;-0.16846458;6.72159458;4.21414047
37;3.69798819;0.00000000;-29.14112959;-1.44079226;1.94177186;1.21506198;1.98174597;-0.16361170;6.78396665;4.29231507
38;3.79793382;0.00000000;-29.18031379;-1.34884527;1.98075951;1.20867247;1.96563357;-0.15880908;6.84691169;4.37376782
39;3.89787945;0.00000000;-29.21803113;-1.25629416;2.01832799;1.18211398;1.94999977;-0.15405303;6.91046146;4.45866738
40;3.99782507;0.00000000;-29.25432134;-1.16316734;2.05450930;1.14595938;1.93483830;-0.14933957;6.97464883;4.54721203
41;4.09777070;0.00000000;-29.28921550;-1.06951469;2.08932603;1.11123614;1.92014662;-0.14466683;7.03950809;4.63951230
42;4.19771633;0.00000000;-29.32275375;-0.97536216;2.12281176;1.07789856;1.90591947;-0.14002960;7.10507369;4.73586062
43;4.29766195;0.00000000;-29.35496948;-0.88075407;2.15499436;1.04590883;1.89215475;-0.13542493;7.17138266;4.83645306
44;4.39760758;0.00000000;-29.38590311;-0.78571438;2.18590993;1.01522198;1.87884822;-0.13085041;7.23847317;4.94147573
45;4.49755321;0.00000000;-29.41559003;-0.69028195;2.21559033;0.98556240;1.86599770;-0.12630740;7.30638431;5.05092931
46;4.59749884;0.00000000;-29.44407085;-0.59447907;2.24407333;0.95691758;1.85359967;-0.12178851;7.37515344;5.08174654
47;4.69744446;0.00000000;-29.47138265;-0.49833939;2.27139377;0.92946364;1.84165235;-0.11729358;7.44370102;5.04233982
48;4.79739009;0.00000000;-29.49756619;-0.40188372;2.29759063;0.90315726;1.83015305;-0.11281831;7.51109876;5.00355871
49;4.89733572;0.00000000;-29.52266001;-0.30514068;2.32270102;0.87795730;1.81910012;-0.10836424;7.57738558;4.96538257
50;4.99728134;0.00000000;-29.54670489;-0.20813032;2.34676462;0.85382091;1.80849141;-0.10392777;7.64259830;4.92779187
51;5.09722697;0.00000000;-29.56974069;-0.11087587;2.36982044;0.83070627;1.79832466;-0.09951930;7.70677178;4.89076813
52;5.19717260;0.00000000;-29.59180797;-0.01339733;2.39190837;0.80857115;1.78859794;-0.09512135;7.76993906;4.85429380
53;5.29711822;0.00000000;-29.61294779;0.08428747;2.41306899;0.78737303;1.77931282;-0.09068204;7.83213150;4.81835222
54;5.39706385;0.00000000;-29.63320111;0.18215841;2.43334289;0.76706961;1.77047108;-0.08624944;7.89337889;4.78292758
55;5.49700948;0.00000000;-29.65261051;0.28020232;2.45277237;0.74761728;1.76207520;-0.08175821;7.95370956;4.74800480
56;5.59695510;0.00000000;-29.67121763;0.37839904;2.47139893;0.72897329;1.75412809;-0.07727390;8.01315046;4.71356954
57;5.69690073;0.00000000;-29.68906639;0.47673978;2.48926631;0.71109302;1.74662823;-0.07280270;8.07172731;4.67960812
58;5.79684636;0.00000000;-29.70619844;0.57520393;2.50641620;0.69393390;1.73957528;-0.06833738;8.12946458;4.64610750
59;5.89679198;0.00000000;-29.72265832;0.67378741;2.51945707;0.67745095;1.73296714;-0.06389399;8.18638569;4.61305521
60;5.99673761;0.00000000;-29.73848748;0.77246872;2.50978762;0.66160200;1.72680331;-0.05945358;8.24251297;4.58043935
61;6.09668324;0.00000000;-29.75373089;0.87124826;2.50320180;0.64634179;1.72108266;-0.05501809;8.29786779;4.54824851
62;6.19662887;0.00000000;-29.76842993;0.97010364;2.50004725;0.63162834;1.71580561;-0.05058418;8.35247059;4.51647178
63;6.29657449;0.00000000;-29.78263004;1.06903927;2.50038093;0.61741609;1.71097105;-0.04615569;8.40634095;4.48509872
64;6.39652012;0.00000000;-29.79637250;1.16803152;2.50424552;0.61295832;1.70657945;-0.04172776;8.45949763;4.45411929
65;6.49646575;0.00000000;-29.80970315;1.26708879;2.51166934;0.62507806;1.70262973;-0.03730574;8.51195862;4.42352389
66;6.59641137;0.00000000;-29.82266315;1.36618582;2.52266328;0.65280887;1.69912235;-0.03288317;8.56374120;4.39330328
67;6.69635700;0.00000000;-29.83529866;1.46533489;2.53529900;0.66624986;1.69605652;-0.02846326;8.61486194;4.36344858
68;6.79630263;0.00000000;-29.84765074;1.56450885;2.54765153;0.65387241;1.69343282;-0.02404200;8.66533678;4.33395127
69;6.89624825;0.00000000;-29.85976584;1.66372344;2.54699247;0.64173417;1.69125031;-0.01962870;8.71518103;4.30480314
70;6.99619388;0.00000000;-29.87168486;1.76294983;2.53468877;0.62979236;1.68950925;-0.01521296;8.76440945;4.27599628
71;7.09613951;0.00000000;-29.88345458;1.86220742;2.52612927;0.61800166;1.68821008;-0.01078227;8.81303621;4.24752310
72;7.19608513;0.00000000;-29.89511562;1.96146303;2.52139868;0.60631925;1.68735400;-0.00636457;8.86107499;4.21937626
73;7.29603076;0.00000000;-29.90671270;2.06074024;2.52055883;0.59470216;1.68686333;-0.00345293;8.90853895;4.19154868
74;7.39597639;0.00000000;-29.91827397;2.16000815;2.52364536;0.59744105;1.68666383;-0.00057039;8.95544082;4.16403356
75;7.49592201;0.00000000;-29.92982497;2.25928561;2.53066738;0.60192361;1.68657958;-0.00111548;9.00179283;4.13682429
76;7.59586764;0.00000000;-29.94136454;2.35856118;2.54159192;0.62263899;1.68644086;-0.00166264;9.04760682;4.10991453
77;7.69581327;0.00000000;-29.95288718;2.45783872;2.54428779;0.64743169;1.68623424;-0.00247216;9.09289421;4.08329813
78;7.79575889;0.00000000;-29.96438567;2.55712236;2.53278170;0.63596118;1.68594670;-0.00328141;9.13766604;4.05696914
79;7.89570452;0.00000000;-29.97585126;2.65640658;2.52514963;0.62452532;1.68557920;-0.00407273;9.18193298;4.03092183
80;7.99565015;0.00000000;-29.98727680;2.75569856;2.52141832;0.61313107;1.68513260;-0.00486399;9.22570536;4.00515063
81;8.09559578;0.00000000;-29.99865369;2.85499292;2.52005768;0.60178729;1.68460667;-0.00566047;9.26899314;3.97965016
82;8.19554140;0.00000000;-30.00997477;2.95429693;2.52034946;0.59493410;1.68400112;-0.00645676;9.31180601;3.95441522
83;8.29548703;0.00000000;-30.02123139;3.05360485;2.52453656;0.60481411;1.68331607;-0.00725197;9.35415331;3.92944075
84;8.39543266;0.00000000;-30.03241642;3.15292442;2.53259207;0.63064955;1.68255152;-0.00804703;9.39604412;3.90472186
85;8.49537828;0.00000000;-30.04352117;3.25224939;2.54370351;0.65666820;1.68170750;-0.00884287;9.43748721;3.88025380
86;8.59532391;0.00000000;-30.05453853;3.35158775;2.55472751;0.64563901;1.68078391;-0.00963854;9.47849110;3.85603198
87;8.69526954;0.00000000;-30.06545978;3.45093300;2.56017605;0.63470627;1.67978083;-0.01043449;9.51906406;3.83205192
88;8.79521516;0.00000000;-30.07627783;3.55029332;2.54572774;0.62387726;1.67869815;-0.01123029;9.55921410;3.80830930
89;8.89516079;0.00000000;-30.08698395;3.64966196;2.53502902;0.61316055;1.67753597;-0.01202650;9.59894901;3.78479989
90;8.99510642;0.00000000;-30.09757102;3.74904717;2.52811873;0.61287985;1.67629416;-0.01282258;9.63827632;3.76151962
91;9.09505204;0.00000000;-30.10803031;3.84844209;2.52502058;0.62881791;1.67497283;-0.01361905;9.67720338;3.73846451
92;9.19499767;0.00000000;-30.11835469;3.94785495;2.52574040;0.64668730;1.67357184;-0.01441540;9.71573732;3.71563069
93;9.29494330;0.00000000;-30.12853545;4.04727878;2.53026695;0.67314149;1.67209129;-0.01521216;9.75388506;3.69301441
94;9.39488892;0.00000000;-30.13856541;4.14672175;2.53857227;0.66317467;1.67053106;-0.01600882;9.79165333;3.67061201
95;9.49483455;0.00000000;-30.14843588;4.24617690;2.53469037;0.65336835;1.66889125;-0.01680591;9.82904869;3.64841994
96;9.59478018;0.00000000;-30.15813964;4.34565220;2.52036229;0.64372909;1.66717171;-0.01760292;9.86607751;3.62643474
97;9.69472581;0.00000000;-30.16766802;4.44514076;2.50976054;0.63426599;1.66537255;-0.01840036;9.90274599;3.60465305
98;9.79467143;0.00000000;-30.17701377;4.54465027;2.50292379;0.62498561;1.66349364;-0.01919775;9.93906015;3.58307157
99;9.89461706;0.00000000;-30.18616823;4.64417400;2.49987547;0.61583007;1.66153507;-0.01999561;9.97502588;3.56168712
100;9.99456269;0.00000000;-30.19512410;4.74371929;2.50062126;0.60686934;1.65949669;-0.02079346;10.01064890;3.54049658
101;10.09450831;0.00000000;-30.20387277;4.84327959;2.50514977;0.61439567;1.65737862;-0.02159171;10.04593479;3.51949691
102;10.19445394;0.00000000;-30.21240686;4.94286184;2.51303490;0.63789835;1.65518069;-0.02239000;10.08088897;3.49868515
103;10.29439957;0.00000000;-30.22071781;5.04245973;2.52109190;0.67571800;1.65290302;-0.02318885;10.11551674;3.47805843
104;10.39434519;0.00000000;-30.22879816;5.14207972;2.52916534;0.67129040;1.65054544;-0.02398780;10.14982327;3.45761392
105;10.49429082;0.00000000;-30.23663942;5.24171578;2.53700007;0.66345572;1.64810806;-0.02478699;10.18381359;3.43734887
106;10.59423645;0.00000000;-30.24423403;5.34137389;2.54458864;0.65586758;1.64559073;-0.02558627;10.21749261;3.41726062
107;10.69418207;0.00000000;-30.25157357;5.44104827;2.55192251;0.64853448;1.64299355;-0.02638627;10.25086512;3.39734653
108;10.79412770;0.00000000;-30.25865041;5.54074437;2.55899414;0.64146390;1.64031634;-0.02718650;10.28393580;3.37760406
109;10.89407333;0.00000000;-30.26545616;5.64045676;2.56579503;0.63466431;1.63755915;-0.02798792;10.31670922;3.35803070
110;10.99401895;0.00000000;-30.27198312;5.74019022;2.57231756;0.62814325;1.63472179;-0.02878963;10.34918982;3.33862403
111;11.09396458;0.00000000;-30.27822294;5.83993966;2.57855328;0.62190916;1.63180465;-0.02958542;10.38138198;3.31938165
112;11.19391021;0.00000000;-30.28416792;5.93970945;2.58449455;0.61596961;1.62880792;-0.03038119;10.41328993;3.30030125
113;11.29385584;0.00000000;-30.28980982;6.03949488;2.56520413;0.61033289;1.62573205;-0.03117016;10.44491783;3.28138054
114;11.39380146;0.00000000;-30.29514092;6.13929900;2.54825049;0.60500664;1.62257723;-0.03196018;10.47626974;3.26261730
115;11.49374709;0.00000000;-30.30015255;6.23911811;2.53480915;0.59999956;1.61932638;-0.03310198;10.50734964;3.24400936
116;11.59369272;0.00000000;-30.30483399;6.33895472;2.52492512;0.59532231;1.61596044;-0.03425275;10.53816139;3.22555458
117;11.69363834;0.00000000;-30.30917259;6.43880433;2.51862830;0.59708327;1.61245093;-0.03599420;10.56870880;3.20725089
118;11.79358397;0.00000000;-30.31315209;6.53867232;2.51592891;0.61564106;1.60876555;-0.03775188;10.59899557;3.18909625
119;11.89352960;0.00000000;-30.31675466;6.63855081;2.51682124;0.64957207;1.60490603;-0.03948141;10.62902533;3.17108866
120;11.99347522;0.00000000;-30.31996321;6.73844696;2.52003013;0.68058849;1.60087352;-0.04121109;10.65880164;3.15322618
121;12.09342085;0.00000000;-30.32276018;6.83835178;2.52282739;0.67779126;1.59666847;-0.04293722;10.68832797;3.13550688
122;12.19336648;0.00000000;-30.32512847;6.93827088;2.52519588;0.67542294;1.59229070;-0.04466449;10.71760771;3.11792891
123;12.29331210;0.00000000;-30.32705065;7.03819670;2.52711821;0.67350065;1.58774043;-0.04639172;10.74664421;-6.24409165
124;12.39325773;0.00000000;-30.32850951;7.13813284;2.52857717;0.67204170;1.58301735;-0.04812019;10.68841534;-6.80968879
125;12.49320336;0.00000000;-30.32948772;7.23807268;2.52955546;0.67106318;1.57812175;-0.04984620;10.62454824;-6.67834448
126;12.59314898;0.00000000;-30.32996802;7.33801797;2.53003582;0.67058236;1.57305347;-0.05157397;10.56153789;-6.55045905
127;12.69309461;0.00000000;-30.32993315;7.43796298;2.53000102;0.67061629;1.56781262;-0.05330074;10.49936680;-6.42558174
128;12.79304024;0.00000000;-30.32936585;7.53790741;2.52943381;0.67118219;1.56239904;-0.05502968;10.43802115;-6.30398863
129;12.89298586;0.00000000;-30.32824888;7.63784657;2.52831698;0.67229710;1.55681274;-0.05675743;10.37748396;-6.18517118
130;12.99293149;0.00000000;-30.32656500;7.73777802;2.52663332;0.67397816;1.55105362;-0.05848783;10.31774257;-6.06941186
131;13.09287712;0.00000000;-30.32429700;7.83769809;2.51701338;0.67624244;1.54512159;-0.06021743;10.25878109;-5.95620437
132;13.19282275;0.00000000;-30.32142768;7.93760210;2.48921497;0.67910695;1.53901657;-0.06195021;10.20058804;-5.84585446
133;13.29276837;0.00000000;-30.31793982;8.03748743;2.46455477;0.68258884;1.53273833;-0.06368250;10.14314848;-5.73784273
134;13.39271400;0.00000000;-30.31381635;8.13734711;2.44311241;0.69431654;1.52628686;-0.06541853;10.08645213;-5.63249014
135;13.49265963;0.00000000;-30.30903996;8.23717955;2.42495631;0.71038896;1.51966176;-0.06715447;10.03048508;-5.52926947
136;13.59260525;0.00000000;-30.30359376;8.33697537;2.41014506;0.74036063;1.51286311;-0.06889479;9.97523826;-5.42851598
137;13.69255088;0.00000000;-30.29746035;8.43673406;2.39872326;0.78265185;1.50589031;-0.07063546;9.92069884;-5.32969489
138;13.79249651;0.00000000;-30.29062305;8.53644377;2.39072333;0.81003182;1.49874352;-0.07238118;9.86685898;-5.23315187
139;13.89244213;0.00000000;-30.28306434;8.63610504;2.38316227;0.81759674;1.49142194;-0.07412779;9.81370699;-5.13834701
140;13.99238776;0.00000000;-30.27476782;8.73570349;2.35788095;0.82590139;1.48392582;-0.07588019;9.76123631;-5.04563451
141;14.09233339;0.00000000;-30.26571579;8.83524066;2.32799413;0.83496342;1.47625413;-0.07763408;9.70943644;-4.95446996
142;14.19227901;0.00000000;-30.25589220;8.93469963;2.29802504;0.84479954;1.46840721;-0.07939455;9.65830217;-4.86520838
143;14.29222464;0.00000000;-30.24527912;9.03408292;2.27067378;0.85720415;1.46038379;-0.08115724;9.60782432;-4.77730705
144;14.39217027;0.00000000;-30.23386094;9.13337098;2.24664796;0.88161991;1.45218433;-0.08292736;9.55799907;-4.69112706
145;14.49211589;0.00000000;-30.22161947;9.23256729;2.22603652;0.91710558;1.44380726;-0.08470043;9.50881859;-4.60612128
146;14.59206152;0.00000000;-30.20853959;9.33164966;2.20892168;0.96244614;1.43525316;-0.08648186;9.46028053;-4.52262849
147;14.69200715;0.00000000;-30.19460277;9.43062245;2.19500589;1.00540267;1.42652017;-0.08826733;9.41237875;-4.44012200
148;14.79195278;0.00000000;-30.17979452;9.52946079;2.18022219;1.02020779;1.41760896;-0.09006217;9.36511251;-4.35896516
149;14.89189840;0.00000000;-30.16409591;9.62816991;2.16455189;1.03590446;1.40851739;-0.09186171;9.31847698;-4.27860864
150;14.99184403;0.00000000;-30.14749314;9.72672220;2.13476041;1.05250691;1.39924625;-0.09367164;9.27247307;-4.19931930
151;15.09178966;0.00000000;-30.12996687;9.82512367;2.09201518;1.07003503;1.38979302;-0.09548834;9.22709866;-4.12063017
152;15.19173528;0.00000000;-30.11150405;9.92334400;2.05236744;1.08850250;1.38015856;-0.09731667;9.18235654;-4.04293136
153;15.29168091;0.00000000;-30.09208485;10.02138990;2.01597856;1.10792983;1.37034007;-0.09915148;9.13824518;-3.96564839
154;15.39162654;0.00000000;-30.07169713;10.11922831;1.98302162;1.13205752;1.36033861;-0.10099898;9.09476919;-3.88887119
155;15.49157216;0.00000000;-30.05032051;10.21686656;1.95364871;1.16523510;1.35015086;-0.10285752;9.05193213;-3.81227417
156;15.59151779;0.00000000;-30.02794383;10.31426883;1.92801525;1.20672261;1.33977780;-0.10473041;9.00974112;-3.73628189
157;15.69146342;0.00000000;-30.00454609;10.41144297;1.90464463;1.24927270;1.32921590;-0.10661187;8.96819853;-3.66029201
158;15.79140904;0.00000000;-29.98011725;10.50835041;1.88025092;1.29871654;1.31846650;-0.10850862;8.92731340;-3.58426622
159;15.89135467;0.00000000;-29.95463567;10.60499946;1.85481406;1.34550575;1.30752542;-0.11042046;8.88709520;-3.50796179
160;15.99130030;0.00000000;-29.92809252;10.70134875;1.80393074;1.37199948;1.29639383;-0.11234973;8.84755617;-3.43129157
161;16.09124592;0.00000000;-29.90046541;10.79740692;1.75326422;1.39958584;1.28506704;-0.11429678;8.80870961;-3.35409818
162;16.19119155;0.00000000;-29.87174682;10.89312980;1.70593627;1.42827409;1.27354628;-0.11626280;8.77057069;-3.27726123
163;16.29113718;0.00000000;-29.84191361;10.98852626;1.66220668;1.45808978;1.26182699;-0.11823569;8.73314458;-3.19972590
164;16.39108280;0.00000000;-29.81095978;11.08354938;1.62236751;1.48904123;1.24991132;-0.12022814;8.69644853;-3.11934442
165;16.49102843;0.00000000;-29.77886143;11.17820814;1.58274237;1.52115502;1.23779250;-0.12226717;8.66052466;-3.03767266
166;16.59097406;0.00000000;-29.74561399;11.27245273;1.54570242;1.55443872;1.22547043;-0.12433130;8.62539757;-2.95598305
167;16.69091969;0.00000000;-29.71119247;11.36629209;1.51136214;1.58892032;1.21293966;-0.12640252;8.59107724;-2.87295369
168;16.79086531;0.00000000;-29.67559414;11.45967351;1.47588337;1.62460630;1.20020286;-0.12849721;8.55758902;-2.79628969
169;16.89081094;0.00000000;-29.63879330;11.55260609;1.43924959;1.66152567;1.18725819;-0.13051070;8.52486809;-2.71851743
170;16.99075657;0.00000000;-29.60079014;11.64503430;1.40147362;1.69968283;1.17411404;-0.13254304;8.49293636;-2.64992259
171;17.09070219;0.00000000;-29.56155896;11.73696787;1.36241098;1.73910715;1.16076994;-0.13445301;8.46169438;-2.58027073
172;17.19064782;0.00000000;-29.52110358;11.82834867;1.32169702;1.77942204;1.14723715;-0.13638037;8.43116233;-2.51373265
173;17.29059345;0.00000000;-29.47939848;11.91918705;1.27976167;1.82092117;1.13351095;-0.13826644;8.40131091;-2.44553585
174;17.39053907;0.00000000;-29.43645051;12.00942269;1.23662495;1.86370901;1.11959797;-0.14017672;8.37216721;-2.37275038
175;17.49048470;0.00000000;-29.39223375;12.09906558;1.19227966;1.90781804;1.10548824;-0.14215085;8.34379360;-2.29733794
176;17.59043033;0.00000000;-29.34675706;12.18805324;1.14675728;1.95324532;1.09118221;-0.14415947;8.31622955;-2.22524926
177;17.69037595;0.00000000;-29.29999382;12.27639400;1.10006078;2.00002437;1.07667490;-0.14611672;8.28944305;-2.15127485
178;17.79032158;0.00000000;-29.25195492;12.36402524;1.05223916;2.04815145;1.06197394;-0.14809586;8.26346447;-2.06500775
179;17.89026721;0.00000000;-29.20261452;12.45095255;1.00331488;2.09765970;1.04706430;-0.15024405;8.23845059;-1.97485848
180;17.99021283;0.00000000;-29.15198405;12.53711270;0.95322802;2.14854607;1.03194026;-0.15243639;8.21445745;-1.90374441
181;18.09015846;0.00000000;-29.10003749;12.62250777;0.90996928;2.20028491;1.01660809;-0.15433888;8.19126176;-1.83059400
182;18.19010409;0.00000000;-29.04678975;12.70707572;0.87456178;2.25332022;1.00108828;-0.15626021;8.16889525;-1.72101938
183;18.29004972;0.00000000;-28.99221850;12.79081467;0.84796571;2.30778935;0.98534861;-0.15870046;8.14781154;-1.60783344
184;18.38999534;0.00000000;-28.93633346;12.87366641;0.83101924;2.35424496;0.96936511;-0.16116693;8.12806502;-1.44333779
185;18.48994097;0.00000000;-28.87911378;12.95561584;0.78667219;2.37654883;0.95309803;-0.16435770;8.11029780;-1.27132046
186;18.58988660;0.00000000;-28.82056101;13.03660693;0.74513366;2.40437515;0.93651000;-0.16760546;8.09461577;-1.11377655
187;18.68983222;0.00000000;-28.76065555;13.11661238;0.71361701;2.43756183;0.91960975;-0.17057632;8.08085208;-0.94999464
188;18.78977785;0.00000000;-28.69939886;13.19557980;0.68478878;2.47590735;0.90241219;-0.17357799;8.06909380;-0.78033956
189;18.88972348;0.00000000;-28.63677883;13.27347606;0.66261760;2.51919592;0.88491313;-0.17659746;8.05942254;-0.60279581
190;18.98966910;0.00000000;-28.57279520;13.35025318;0.62701884;2.55251456;0.86711052;-0.17965693;8.05194374;-0.42638366
191;19.08961473;0.00000000;-28.50744589;13.42586652;0.60421123;2.56068248;0.84900766;-0.18261290;8.04664947;-0.25011387
192;19.18956036;0.00000000;-28.44072146;13.50028136;0.59564202;2.57451482;0.83060846;-0.18547550;8.04354226;-0.25011387
193;19.28950598;0.00000000;-28.37264213;13.57343947;0.59923228;2.57026086;0.81207625;-0.18541668;8.04043385;-0.23684529
194;19.38945161;0.00000000;-28.30320545;13.64533726;0.60362768;2.54944098;0.79354347;-0.18530042;8.03748924;-0.22037338
195;19.48939724;0.00000000;-28.23246635;13.71592657;0.62242671;2.53422802;0.77518660;-0.18208327;8.03474844;-0.00435016
196;19.58934286;0.00000000;-28.16044014;13.78523058;0.65441527;2.51766602;0.75714449;-0.17894048;8.03469433;0.19869842
197;19.68928849;0.00000000;-28.08719925;13.85322269;0.66499577;2.49897306;0.73940593;-0.17606586;8.03716561;0.37712701
198;19.78923412;0.00000000;-28.01276048;13.91992693;0.66631616;2.48590686;0.72194803;-0.17327214;8.04185398;0.54423656
199;19.88917974;0.00000000;-27.93719014;13.98532107;0.68074344;2.47159571;0.70476220;-0.17066591;8.04861501;0.69379838
200;19.98912537;0.00000000;-27.86050310;14.04942699;0.70750122;2.44027147;0.68783200;-0.16810713;8.05722581;0.83570626
201;20.08907100;0.00000000;-27.78276217;14.11222533;0.74527026;2.40600999;0.67115464;-0.16565709;8.06758565;0.96644137
202;20.18901663;0.00000000;-27.70397942;14.17373792;0.79250010;2.35303178;0.65471684;-0.16325997;8.07954958;1.09017471
203;20.28896225;0.00000000;-27.62421579;14.23394755;0.84052483;2.30461704;0.63851899;-0.16090473;8.09302402;1.20801629
204;20.38890788;0.00000000;-27.54348228;14.29287539;0.88036534;2.26103573;0.62255183;-0.15859557;8.10792881;1.32002970
205;20.48885351;0.00000000;-27.46183655;14.35050793;0.90218847;2.22257533;0.60681633;-0.15631418;8.12418439;1.42773916
206;20.58879913;0.00000000;-27.37928892;14.40686576;0.93279773;2.18948282;0.59130462;-0.15407440;8.14172983;1.53049482
207;20.68874476;0.00000000;-27.29589440;14.46193841;0.97136820;2.15068173;0.57601695;-0.15187150;8.16049613;1.62887500
208;20.78869039;0.00000000;-27.21166260;14.51574590;1.01701452;2.10820450;0.56094548;-0.14970828;8.18042144;1.72292872
209;20.88863601;0.00000000;-27.12664574;14.56828051;1.05902212;2.07108716;0.54609083;-0.14756981;8.20144459;1.81387946
210;20.98858164;0.00000000;-27.04085300;14.61956168;1.07615471;2.03960111;0.53144636;-0.14546765;8.22351944;1.90113335
211;21.08852727;0.00000000;-26.95433375;14.66958435;1.10072915;2.01400465;0.51701198;-0.14339835;8.24659275;1.98510892
212;21.18847289;0.00000000;-26.86709671;14.71836736;1.13228065;1.99450373;0.50278116;-0.14136184;8.27061653;2.06597752
213;21.28841852;0.00000000;-26.77918852;14.76590794;1.17025084;1.97319936;0.48875432;-0.13934680;8.29554511;2.14466932
214;21.38836415;0.00000000;-26.69061772;14.81222435;1.21405561;1.94771393;0.47492588;-0.13736426;8.32134420;2.22055499
215;21.48830977;0.00000000;-26.60142807;14.85731603;1.25731598;1.92399395;0.46129519;-0.13541475;8.34797214;2.29372566
216;21.58825540;0.00000000;-26.51162796;14.90120058;1.30123128;1.89880003;0.44785670;-0.13349327;8.37538862;2.36465254
217;21.68820103;0.00000000;-26.42125836;14.94387933;1.34400754;1.85614554;0.43461026;-0.13159509;8.40355924;2.43377533
218;21.78814666;0.00000000;-26.33032747;14.98536939;1.38564429;1.81472580;0.42155114;-0.12971694;8.43245506;2.50142319
219;21.88809228;0.00000000;-26.23887368;15.02567392;1.42613106;1.77453274;0.40868253;-0.12780896;8.46205122;2.57125397
220;21.98803791;0.00000000;-26.14690557;15.06480991;1.46547349;1.73554449;0.39600241;-0.12592115;8.49236611;2.63972588
221;22.08798354;0.00000000;-26.05445883;15.10278270;1.50355915;1.69775150;0.38351321;-0.12401046;8.52337610;2.71005097
222;22.18792916;0.00000000;-25.96154227;15.13960927;1.54016238;1.66113241;0.37121309;-0.12212014;8.55509531;2.77912981
223;22.28787479;0.00000000;-25.86818915;15.17529674;1.57567815;1.62529253;0.35910210;-0.12024215;8.58750135;2.84763442
224;22.38782042;0.00000000;-25.77440809;15.20986190;1.61011393;1.59058208;0.34717704;-0.11838509;8.62057983;2.91499673
225;22.48776604;0.00000000;-25.68023008;15.24331309;1.64346989;1.55701155;0.33543714;-0.11654987;8.65430985;2.98121531
226;22.58771167;0.00000000;-25.58566364;15.27566673;1.67575603;1.52456183;0.32387911;-0.11473316;8.68867066;3.04660612
227;22.68765730;0.00000000;-25.49073731;15.30693224;1.70697618;1.49322059;0.31250249;-0.11293103;8.72364533;3.11152690
228;22.78760292;0.00000000;-25.39545947;15.33712582;1.73714210;1.46296932;0.30130464;-0.11114460;8.75922113;3.17594443
229;22.88754855;0.00000000;-25.29985654;15.36625782;1.76626033;1.43379527;0.29028531;-0.10936904;8.79538506;3.24028626
230;22.98749418;0.00000000;-25.20393662;15.39434430;1.79434389;1.40568034;0.27944222;-0.10760838;8.83212903;3.30428645
231;23.08743980;0.00000000;-25.10772421;15.42139641;1.82140136;1.37861142;0.26877497;-0.10585893;8.86944199;3.36828222
232;23.18738543;0.00000000;-25.01122713;15.44743012;1.84744661;1.35257085;0.25828149;-0.10412241;8.90731673;3.43218126
233;23.28733106;0.00000000;-24.91446800;15.47245728;1.87248981;1.32754517;0.24796159;-0.10239339;8.94574504;3.49646205
234;23.38727668;0.00000000;-24.81745433;15.49649380;1.89654545;1.30351706;0.23781354;-0.10067611;8.98472406;3.56082414
235;23.48722231;0.00000000;-24.72020701;15.51955216;1.91962494;1.28047276;0.22783710;-0.09896604;9.02424757;3.62567658
236;23.58716794;0.00000000;-24.62273322;15.54164822;1.94174319;1.25839523;0.21803072;-0.09726639;9.06431383;3.69079623
237;23.68711357;0.00000000;-24.52505222;15.56279502;1.96291259;1.23727046;0.20839426;-0.09557200;9.10491862;3.75664926
238;23.78705919;0.00000000;-24.42717081;15.58300841;1.98314838;1.21708165;0.19892639;-0.09388690;9.14606278;3.82293851
239;23.88700482;0.00000000;-24.32910678;15.60230191;2.00246370;1.19781456;0.18962698;-0.09220627;9.18774381;3.89010796
240;23.98695045;0.00000000;-24.23086647;15.62069136;2.02087403;1.17945257;0.18049486;-0.09053389;9.22996397;3.95787649
241;24.08689607;0.00000000;-24.13246630;15.63819071;2.03839315;1.16198125;0.17152997;-0.08886489;9.27272235;3.97745264
242;24.18684170;0.00000000;-24.03391216;15.65481582;2.05503669;1.14538412;0.16273129;-0.08720317;9.31549450;3.95224047
243;24.28678733;0.00000000;-23.93521918;15.67058098;2.07081893;1.12964657;0.15409877;-0.08554409;9.35780188;3.92728834
244;24.38673295;0.00000000;-23.83639278;15.68550211;2.08575566;1.11475225;0.14563154;-0.08389143;9.39965354;3.90259138
245;24.48667858;0.00000000;-23.73744690;15.69959380;2.09986153;1.10068636;0.13732959;-0.08224069;9.44105823;3.87814484
246;24.58662421;0.00000000;-23.63838643;15.71287200;2.11315244;1.08743264;0.12919215;-0.08059558;9.48202446;3.85394415
247;24.68656983;0.00000000;-23.53922425;15.72535158;2.12633565;1.04792192;0.12121923;-0.07895181;9.52256045;3.82998484
248;24.78651546;0.00000000;-23.43996468;15.73704853;2.14332859;1.00444286;0.11341019;-0.07731296;9.56267421;3.80626259
249;24.88646109;0.00000000;-23.34061964;15.74797794;2.16405574;0.97009181;0.10576506;-0.07567496;9.60237349;3.78277321
250;24.98640671;0.00000000;-23.24119285;15.75815585;2.18842633;0.94584848;0.09828327;-0.07404124;9.64166583;3.75951260
251;25.08635234;0.00000000;-23.14169534;15.76759754;2.21633350;0.93248768;0.09096489;-0.07240795;9.68055854;3.73647682
252;25.18629797;0.00000000;-23.04213025;15.77631911;2.24766039;0.92376153;0.08380942;-0.07077837;9.71905873;3.71366200
253;25.28624360;0.00000000;-22.94250779;15.78433599;2.28227863;0.91574083;0.07681695;-0.06914888;9.75717332;3.69106440
254;25.38618922;0.00000000;-22.84283046;15.79166432;2.29166557;0.90840939;0.06998704;-0.06752257;9.79490902;3.66868037
255;25.48613485;0.00000000;-22.74310776;15.79831968;2.29832065;0.90175147;0.06331982;-0.06589607;9.83227236;3.64650637
256;25.58608048;0.00000000;-22.64334157;15.80431824;2.30431899;0.89575087;0.05681489;-0.06427230;9.86926970;3.62453894
257;25.68602610;0.00000000;-22.54354072;15.80967571;2.31193786;0.86336336;0.05047240;-0.06264812;9.90590723;3.60277473
258;25.78597173;0.00000000;-22.44370644;15.81440826;2.32321451;0.82371875;0.04429200;-0.06102626;9.94219097;3.58121045
259;25.88591736;0.00000000;-22.34384699;15.81853175;2.33811114;0.79533111;0.03827384;-0.05940382;9.97812678;3.55984293
260;25.98586298;0.00000000;-22.24396296;15.82206234;2.35657496;0.77941526;0.03241762;-0.05778334;10.01372036;3.53866904
261;26.08580861;0.00000000;-22.14406206;15.82501598;2.37853730;0.77647137;0.02672351;-0.05616214;10.04897728;3.51768578
262;26.18575424;0.00000000;-22.04414427;15.82740886;2.40391794;0.77408618;0.02119124;-0.05454259;10.08390297;3.49689017
263;26.28569986;0.00000000;-21.94421681;15.82925699;2.42964273;0.77224413;0.01582098;-0.05292218;10.11850269;3.47627935
264;26.38564549;0.00000000;-21.84427904;15.83057657;2.43096181;0.77092898;0.01061250;-0.05130317;10.15278162;3.45585050
265;26.48559112;0.00000000;-21.74433777;15.83138369;2.43176856;0.76440743;0.00556598;-0.04968331;10.18674477;3.43560089
266;26.58553674;0.00000000;-21.64439174;15.83169453;2.43207920;0.72826621;0.00068120;-0.04806458;10.22039703;3.41552783
267;26.68548237;0.00000000;-21.54444736;15.83152525;2.43573958;0.69971239;-0.00404165;-0.04644485;10.25374320;3.39562871
268;26.78542800;0.00000000;-21.44450281;15.83089203;2.44302423;0.67757646;-0.00860276;-0.04482597;10.28678794;3.37590100
269;26.88537363;0.00000000;-21.34456413;15.82981107;2.45094437;0.67022453;-0.01300187;-0.04320534;10.31953580;3.35634218
270;26.98531925;0.00000000;-21.24462899;15.82829853;2.46151578;0.67173732;-0.01723916;-0.04158554;10.35199124;3.33694984
271;27.08526488;0.00000000;-21.14470307;15.82637070;2.47566946;0.67366548;-0.02131439;-0.03996437;10.38415859;3.31772159
272;27.18521051;0.00000000;-21.04478357;15.82404369;2.49336061;0.67599285;-0.02522771;-0.03834343;10.41604211;3.29865512
273;27.28515613;0.00000000;-20.94487588;15.82133386;2.51452930;0.67870316;-0.02897871;-0.03671830;10.44764593;3.27974815
274;27.38510176;0.00000000;-20.84497652;15.81825733;2.51830428;0.68178024;-0.03256739;-0.03509451;10.47897412;3.26099845
275;27.48504739;0.00000000;-20.74509074;15.81483048;2.51487792;0.68520776;-0.03599415;-0.03347878;10.51003062;3.24240387
276;27.58499301;0.00000000;-20.64521485;15.81106934;2.51111734;0.68896965;-0.03925953;-0.03186198;10.54081931;3.22396227
277;27.68493864;0.00000000;-20.54535326;15.80699028;2.50840483;0.69304961;-0.04236224;-0.03022658;10.57134398;3.20567158
278;27.78488427;0.00000000;-20.44550297;15.80260948;2.50937098;0.65392679;-0.04530161;-0.02859604;10.60160834;3.18752976
279;27.88482989;0.00000000;-20.34566712;15.79794335;2.51402772;0.62456067;-0.04808002;-0.02700281;10.63161599;3.16953482
280;27.98477552;0.00000000;-20.24584272;15.79300771;2.52237060;0.61060491;-0.05069939;-0.02544353;10.66137050;3.15168482
281;28.08472115;0.00000000;-20.14603271;15.78781788;2.53437788;0.61309823;-0.05318084;-0.02421282;10.69087532;3.13397785
282;28.18466677;0.00000000;-20.04623393;15.78238643;2.55001064;0.61851252;-0.05553941;-0.02299701;10.72013386;3.11641204
283;28.28461240;0.00000000;-19.94644889;15.77672548;2.56921392;0.62415561;-0.05778421;-0.02192371;10.74914943;3.09898556
284;28.38455803;0.00000000;-19.84667609;15.77084586;2.57096404;0.63001679;-0.05992180;-0.02084957;10.77792529;3.08169661
285;28.48450365;0.00000000;-19.74691547;15.76475836;2.56487496;0.63608535;-0.06195100;-0.01975640;10.80646463;3.06454345
286;28.58444928;0.00000000;-19.64716810;15.75847396;2.55858886;0.64235032;-0.06387095;-0.01866437;10.83477056;3.04752435
287;28.68439491;0.00000000;-19.54743104;15.75200338;2.55211651;0.64880117;-0.06568219;-0.01757972;10.86284616;3.03063763
288;28.78434054;0.00000000;-19.44770761;15.74535770;2.54546896;0.65542671;-0.06738500;-0.01649492;10.89069440;3.01388163
289;28.88428616;0.00000000;-19.34799241;15.73854745;2.53865677;0.66221674;-0.06897913;-0.01540455;10.91831824;2.99725473
290;28.98423179;0.00000000;-19.24829141;15.73158393;2.53169120;0.62837937;-0.07046427;-0.01431938;10.94572054;2.98075535
291;29.08417742;0.00000000;-19.14859625;15.72447736;2.52747441;0.60551204;-0.07184386;-0.01328662;10.97290413;2.96438192
292;29.18412304;0.00000000;-19.04891568;15.71723877;2.52707372;0.59655664;-0.07312016;-0.01225603;10.99987178;2.94813291
293;29.28406867;0.00000000;-18.94923958;15.70987772;2.53050112;0.59078071;-0.07429483;-0.01124931;11.02662619;2.93200683
294;29.38401430;0.00000000;-18.84957590;15.70240491;2.53775086;0.59825954;-0.07536896;-0.01028788;11.05317003;2.91600220
295;29.48395992;0.00000000;-18.74991729;15.69482868;2.54879951;0.60584192;-0.07637570;-0.00985770;11.07950590;2.90011758
296;29.58390555;0.00000000;-18.65026743;15.68715436;2.56251344;0.61352269;-0.07733949;-0.00944895;11.10563637;2.88435155
297;29.68385118;0.00000000;-18.55062412;15.67938551;2.57741641;0.62129820;-0.07827634;-0.00929830;11.13156394;2.86870272
298;29.78379680;0.00000000;-18.45098822;15.67152408;2.57179696;0.62916654;-0.07919814;-0.00914796;11.15729108;2.85316973
299;29.88374243;0.00000000;-18.35135934;15.66357153;2.56385005;0.63712623;-0.08010507;-0.00900039;11.18282022;2.83775122
300;29.98368806;0.00000000;-18.25173795;15.65552939;2.55581374;0.64517577;-0.08099724;-0.00885275;11.20815371;2.82244590
301;30.08363368;0.00000000;-18.15212342;15.64739908;2.54768946;0.65331369;-0.08187462;-0.00870436;11.23329390;2.80725245
302;30.18357931;0.00000000;-18.05251628;15.63918214;2.53947875;0.66153850;-0.08273717;-0.00855601;11.25824307;2.79216961
303;30.28352494;0.00000000;-17.95291590;15.63088000;2.53118304;0.63861386;-0.08358490;-0.00840787;11.28300347;2.77719614
304;30.38347057;0.00000000;-17.85332286;15.62249419;2.52280389;0.60799382;-0.08441783;-0.00825974;11.30757731;2.76233080
305;30.48341619;0.00000000;-17.75373644;15.61402614;2.51474201;0.59292585;-0.08523595;-0.00811156;11.33196675;2.74757239
306;30.58336182;0.00000000;-17.65415727;15.60547739;2.51055510;0.59459213;-0.08603926;-0.00796338;11.35617392;2.73291973
307;30.68330745;0.00000000;-17.55458456;15.59684935;2.51026401;0.60321339;-0.08682776;-0.00781523;11.38020091;2.71837165
308;30.78325307;0.00000000;-17.45501901;15.58814357;2.51387155;0.61191272;-0.08760145;-0.00766709;11.40404979;2.70392700
309;30.88319870;0.00000000;-17.35545976;15.57936147;2.52136250;0.62068875;-0.08836034;-0.00751895;11.42772256;2.68958467
310;30.98314433;0.00000000;-17.25590756;15.57050458;2.53270380;0.62953989;-0.08910443;-0.00737081;11.45122122;2.67534354
311;31.08308995;0.00000000;-17.15636147;15.56157432;2.54784558;0.63846477;-0.08983371;-0.00722269;11.47454771;2.66120252
312;31.18303558;0.00000000;-17.05682230;15.55257224;2.55257201;0.64746181;-0.09054818;-0.00707457;11.49770396;2.64716055
313;31.28298121;0.00000000;-16.95728907;15.54349975;2.54349976;0.65652964;-0.09124785;-0.00692645;11.52069184;2.63321658
314;31.38292683;0.00000000;-16.85776261;15.53435839;2.53435873;0.66566667;-0.09193271;-0.00677834;11.54351322;2.61936956
315;31.48287246;0.00000000;-16.75824188;15.52514957;2.52515031;0.67487153;-0.09260278;-0.00663024;11.56616992;2.60561848
316;31.58281809;0.00000000;-16.65872777;15.51587484;2.51587608;0.68414264;-0.09325804;-0.00648214;11.58866372;2.59196234
317;31.68276371;0.00000000;-16.55921918;15.50653560;2.50653742;0.64948062;-0.09389850;-0.00633405;11.61099640;2.57840015
318;31.78270934;0.00000000;-16.45971705;15.49713341;2.49713591;0.62623582;-0.09452416;-0.00618596;11.63316969;2.56493094
319;31.88265497;0.00000000;-16.36022022;15.48766966;2.48950522;0.61852415;-0.09513503;-0.00603789;11.65518530;2.55155375
320;31.98260059;0.00000000;-16.26072965;15.47814592;2.48581241;0.62433642;-0.09573108;-0.00588981;11.67704490;2.53826765
321;32.08254622;0.00000000;-16.16124417;15.46856356;2.48607647;0.63295939;-0.09631235;-0.00574175;11.69875015;2.52507170
322;32.18249185;0.00000000;-16.06176475;15.45892417;2.49029761;0.64254280;-0.09687881;-0.00559368;11.72030268;2.51196500
323;32.28243748;0.00000000;-15.96229017;15.44922910;2.49845728;0.65218346;-0.09743048;-0.00544562;11.74170408;2.49894665
324;32.38238310;0.00000000;-15.86282146;15.43947996;2.51051846;0.66187967;-0.09796734;-0.00529757;11.76295593;2.48601577
325;32.48232873;0.00000000;-15.76335735;15.42967809;2.52642686;0.67163011;-0.09848941;-0.00514954;11.78405979;2.47317148
326;32.58227436;0.00000000;-15.66389887;15.41982509;2.52004991;0.68143310;-0.09899669;-0.00500151;11.80501717;2.46041293
327;32.68221998;0.00000000;-15.56444475;15.40992231;2.51014136;0.69128731;-0.09948917;-0.00485343;11.82582959;2.44773927
328;32.78216561;0.00000000;-15.46499603;15.39997135;2.50018461;0.70119106;-0.09996685;-0.00470536;11.84649852;2.43514968
329;32.88211124;0.00000000;-15.36555140;15.38997357;2.49018104;0.71114304;-0.10042974;-0.00455750;11.86702542;2.42264332
330;32.98205686;0.00000000;-15.26611195;15.37993055;2.48013223;0.72114154;-0.10087785;-0.00440962;11.88741172;2.41021941
331;33.08200249;0.00000000;-15.16667632;15.36984364;2.47158276;0.73118527;-0.10131117;-0.00426136;11.90765885;2.39787713
332;33.18194812;0.00000000;-15.06724562;15.35971445;2.46474456;0.71301214;-0.10172966;-0.00411309;11.92776819;2.38561570
333;33.28189374;0.00000000;-14.96781849;15.34954432;2.46190697;0.68690852;-0.10213333;-0.00396466;11.94774111;2.37343436
334;33.38183937;0.00000000;-14.86839597;15.33933486;2.46308534;0.67172184;-0.10252216;-0.00381656;11.96757897;2.36133234
335;33.48178500;0.00000000;-14.76897672;15.32908740;2.46827540;0.67127224;-0.10289649;-0.00367405;11.98728310;2.34930889
336;33.58173062;0.00000000;-14.66956192;15.31880350;2.47745330;0.68156875;-0.10325657;-0.00353188;12.00685481;2.33736327
337;33.68167625;0.00000000;-14.57015006;15.30848443;2.49057647;0.69190058;-0.10360275;-0.00339538;12.02629539;2.32549475
338;33.78162188;0.00000000;-14.47074244;15.29813169;2.49832509;0.70226625;-0.10393528;-0.00325882;12.04560613;2.31370262
339;33.88156751;0.00000000;-14.37133749;15.28774651;2.48794765;0.71266452;-0.10425412;-0.00312146;12.06478826;2.30198615
340;33.98151313;0.00000000;-14.27193646;15.27733039;2.47753952;0.72309390;-0.10455923;-0.00298408;12.08384305;2.29034466
341;34.08145876;0.00000000;-14.17253785;15.26688455;2.46710190;0.73355312;-0.10485060;-0.00284652;12.10277169;2.27877745
342;34.18140439;0.00000000;-14.07314292;15.25641051;2.45663631;0.70361656;-0.10512823;-0.00270897;12.12157540;2.26728384
343;34.28135001;0.00000000;-13.97375012;15.24590948;2.44680045;0.67974473;-0.10539212;-0.00257169;12.14025537;2.25586317
344;34.38129564;0.00000000;-13.87436074;15.23538298;2.44099491;0.67010624;-0.10564228;-0.00243440;12.15881276;2.24451476
345;34.48124127;0.00000000;-13.77497322;15.22483223;2.43924974;0.67530931;-0.10587872;-0.00229692;12.17724873;2.23323798
346;34.58118689;0.00000000;-13.67558882;15.21425873;2.44157506;0.68586916;-0.10610142;-0.00215944;12.19556442;2.22203216
347;34.68113252;0.00000000;-13.57620600;15.20366371;2.44796067;0.69645139;-0.10631038;-0.00202205;12.21376094;2.21089668
348;34.78107815;0.00000000;-13.47682603;15.19304867;2.45837619;0.70705445;-0.10650561;-0.00188466;12.23183940;2.19983092
349;34.88102377;0.00000000;-13.37744736;15.18241485;2.47277222;0.71767712;-0.10668710;-0.00174721;12.24980090;2.18883424
350;34.98096940;0.00000000;-13.27807124;15.17176374;2.47176569;0.72831783;-0.10685486;-0.00160976;12.26764651;2.17790605
351;35.08091503;0.00000000;-13.17869615;15.16109658;2.46109777;0.73897536;-0.10700888;-0.00147233;12.28537730;2.16704573
352;35.18086065;0.00000000;-13.07932332;15.15041486;2.45254888;0.71895291;-0.10714917;-0.00133488;12.30299430;2.15625270
353;35.28080628;0.00000000;-12.97995122;15.13971981;2.44804055;0.70000943;-0.10727571;-0.00119743;12.32049856;2.14552636
354;35.38075191;0.00000000;-12.88058110;15.12901294;2.44759655;0.68755692;-0.10738852;-0.00105997;12.33789110;2.13486614
355;35.48069753;0.00000000;-12.78121142;15.11829547;2.45041496;0.68358519;-0.10748759;-0.00092251;12.35517292;2.12427146
356;35.58064316;0.00000000;-12.68184341;15.10756892;2.45420935;0.69414243;-0.10757292;-0.00078505;12.37234501;2.11374177
357;35.68058879;0.00000000;-12.58247558;15.09683449;2.46205069;0.70480961;-0.10764452;-0.00064758;12.38940836;2.10327649
358;35.78053442;0.00000000;-12.48310910;15.08609371;2.47390176;0.71548556;-0.10770237;-0.00051010;12.40636394;2.09287509
359;35.88048004;0.00000000;-12.38374251;15.07534778;2.47566506;0.72616906;-0.10774648;-0.00037263;12.42321269;2.08253701
360;35.98042567;0.00000000;-12.28437697;15.06459823;2.46490748;0.73685842;-0.10777685;-0.00023514;12.43995557;2.07226173
361;36.08037130;0.00000000;-12.18501104;15.05384627;2.45414758;0.74755241;-0.10779348;-0.00009766;12.45659350;2.06204870
362;36.18031692;0.00000000;-12.08564586;15.04309341;2.44338683;0.72781677;-0.10779637;0.00003984;12.47312740;2.05189741
363;36.28026255;0.00000000;-11.98628000;15.03234088;2.43621050;0.70111344;-0.10778552;0.00017733;12.48955817;2.04180735
364;36.38020818;0.00000000;-11.88691457;15.02159018;2.43312372;0.68802533;-0.10776093;0.00031483;12.50588673;2.03177799
365;36.48015380;0.00000000;-11.78754819;15.01084254;2.43414337;0.68932688;-0.10772259;0.00045233;12.52211394;2.02180883
366;36.58009943;0.00000000;-11.68818194;15.00009945;2.43926568;0.70008074;-0.10767051;0.00058984;12.53824068;2.01189938
367;36.68004506;0.00000000;-11.58881444;14.98936216;2.44846631;0.71082896;-0.10760469;0.00072735;12.55426782;2.00204914
368;36.77999068;0.00000000;-11.48944677;14.97863216;2.46170079;0.72157006;-0.10752512;0.00086486;12.57019620;1.99225763
369;36.87993631;0.00000000;-11.39007757;14.96791068;2.46803420;0.73230277;-0.10743181;0.00100238;12.58602667;1.98252436
370;36.97988194;0.00000000;-11.29070789;14.95719922;2.45833154;0.71053364;-0.10732475;0.00113989;12.60176007;1.97284886
371;37.07982756;0.00000000;-11.19133640;14.94649902;2.45267793;0.68775171;-0.10720395;0.00127742;12.61739719;1.96323067
372;37.17977319;0.00000000;-11.09196413;14.93581156;2.45110280;0.67904921;-0.10706941;0.00141494;12.63293887;1.95366931
373;37.27971882;0.00000000;-10.99258978;14.92513810;2.45361538;0.67942244;-0.10692112;0.00155247;12.64838591;1.94416433
374;37.37966445;0.00000000;-10.89321433;14.91448012;2.46020448;0.68583568;-0.10675908;0.00169000;12.66373908;1.93471527
375;37.47961007;0.00000000;-10.79383654;14.90383887;2.47083892;0.69645476;-0.10658330;0.00182753;12.67899918;1.92532169
376;37.57955570;0.00000000;-10.69445734;14.89321582;2.48546802;0.70705684;-0.10639378;0.00196506;12.69416697;1.91598315
377;37.67950133;0.00000000;-10.59507553;14.88261224;2.48264090;0.71764063;-0.10619050;0.00210260;12.70924323;1.90669920
378;37.77944695;0.00000000;-10.49569201;14.87202960;2.47205566;0.72820458;-0.10597348;0.00224013;12.72422869;1.89746941
379;37.87939258;0.00000000;-10.39630561;14.86146915;2.46149275;0.73874741;-0.10574272;0.00237767;12.73912412;1.88829337
380;37.97933821;0.00000000;-10.29691721;14.85093238;2.45095363;0.73326943;-0.10549821;0.00251521;12.75393025;1.87917063
381;38.07928383;0.00000000;-10.19752567;14.84042054;2.44288553;0.70249622;-0.10523995;0.00265275;12.76864779;1.87010080
382;38.17922946;0.00000000;-10.09813184;14.82993510;2.43891643;0.68502564;-0.10496795;0.00279029;12.78327749;1.86108344
383;38.27917509;0.00000000;-9.99873460;14.81947733;2.43906768;0.68187940;-0.10468220;0.00292783;12.79782003;1.85211816
384;38.37912071;0.00000000;-9.89933478;14.80904869;2.44333989;0.69232309;-0.10438270;0.00306538;12.81227614;1.84320455
385;38.47906634;0.00000000;-9.79993131;14.79865047;2.45171291;0.70273622;-0.10406945;0.00320292;12.82664649;1.83434221
386;38.57901197;0.00000000;-9.70052496;14.78828411;2.46414622;0.71311737;-0.10374246;0.00334046;12.84093179;1.82553075
387;38.67895759;0.00000000;-9.60111472;14.77795089;2.47841283;0.72346521;-0.10340173;0.00347801;12.85513271;1.81676977
388;38.77890322;0.00000000;-9.50170133;14.76765227;2.46810570;0.70174401;-0.10304724;0.00361555;12.86924991;1.80805888
389;38.87884885;0.00000000;-9.40228379;14.75738954;2.46176710;0.67447277;-0.10267901;0.00375310;12.88328407;1.79939772
390;38.97879447;0.00000000;-9.30286283;14.74716414;2.45951449;0.66129512;-0.10229703;0.00389064;12.89723584;1.79078588
391;39.07874010;0.00000000;-9.20343750;14.73697736;2.46136044;0.66305043;-0.10190130;0.00402818;12.91110587;1.78222302
392;39.17868573;0.00000000;-9.10400846;14.72683065;2.46729711;0.67320175;-0.10149183;0.00416573;12.92489480;1.77370874
393;39.27863136;0.00000000;-9.00457483;14.71672530;2.47729649;0.68331196;-0.10106861;0.00430327;12.93860326;1.76524270
394;39.37857698;0.00000000;-8.90513723;14.70666275;2.49131095;0.69337958;-0.10063164;0.00444081;12.95223189;1.75682452
395;39.47852261;0.00000000;-8.80569481;14.69664430;2.49668806;0.70340331;-0.10018093;0.00457835;12.96578130;1.74845384
396;39.57846824;0.00000000;-8.70624818;14.68667140;2.48671842;0.71338170;-0.09971647;0.00471590;12.97925211;1.74013032
397;39.67841386;0.00000000;-8.60679650;14.67674533;2.47679572;0.72331340;-0.09923826;0.00485343;12.99264493;1.73185360
398;39.77835949;0.00000000;-8.50734037;14.66686753;2.46828223;0.71756603;-0.09874631;0.00499097;13.00596035;1.72362333
399;39.87830512;0.00000000;-8.40787898;14.65703932;2.46384679;0.69444464;-0.09824061;0.00512851;13.01919897;1.71543918
400;39.97825074;0.00000000;-8.30841290;14.64726212;2.46063366;0.67431260;-0.09772117;0.00526605;13.03236138;1.70730080
401;40.07819637;0.00000000;-8.20894137;14.63753725;2.46045264;0.66612333;-0.09718798;0.00540358;13.04544816;1.69920785
402;40.17814200;0.00000000;-8.10946490;14.62786612;2.46438231;0.67279227;-0.09664104;0.00554112;13.05845988;1.69116000
403;40.27808762;0.00000000;-8.00998280;14.61825006;2.47240445;0.68237807;-0.09608036;0.00567865;13.07139712;1.68315693
404;40.37803325;0.00000000;-7.91049555;14.60869049;2.48448075;0.69190883;-0.09550593;0.00581618;13.08426043;1.67519830
405;40.47797888;0.00000000;-7.81100248;14.59918873;2.49928236;0.68554425;-0.09491775;0.00595371;13.09705037;1.66728380
406;40.57792450;0.00000000;-7.71150404;14.58974620;2.48983625;0.65238675;-0.09431583;0.00609124;13.10976750;1.65941310
407;40.67787013;0.00000000;-7.61199961;14.58036422;2.48330083;0.63336215;-0.09370017;0.00622876;13.12241235;1.65158590
408;40.77781576;0.00000000;-7.51248961;14.57104421;2.48084027;0.62975134;-0.09307076;0.00636629;13.13498548;1.64380186
409;40.87776139;0.00000000;-7.41297345;14.56178749;2.48246807;0.63901905;-0.09242760;0.00650381;13.14748741;1.63606070
410;40.97770701;0.00000000;-7.31345154;14.55259549;2.48817754;0.64822183;-0.09177070;0.00664134;13.15991867;1.62836209
411;41.07765264;0.00000000;-7.21392332;14.54346953;2.49794211;0.65735835;-0.09110006;0.00677886;13.17227979;1.62070574
412;41.17759827;0.00000000;-7.11438916;14.53441102;2.51171577;0.66642719;-0.09041567;0.00691638;13.18457127;1.61309135
413;41.27754389;0.00000000;-7.01484854;14.52542130;2.52574262;0.67542702;-0.08971753;0.00705390;13.19679365;1.60551861
414;41.37748952;0.00000000;-6.91530183;14.51650177;2.51683080;0.68435643;-0.08900566;0.00719142;13.20894741;1.59798724
415;41.47743515;0.00000000;-6.81574852;14.50765378;2.50799052;0.67817730;-0.08828003;0.00732893;13.22103307;1.59049694
416;41.57738077;0.00000000;-6.71618896;14.49887874;2.49956123;0.64876850;-0.08754067;0.00746645;13.23305111;1.58304742
417;41.67732640;0.00000000;-6.61662268;14.49017797;2.49518465;0.63384585;-0.08678756;0.00760396;13.24500204;1.57563839
418;41.77727203;0.00000000;-6.51705001;14.48155289;2.49488353;0.62561315;-0.08602070;0.00774148;13.25688634;1.56826958
419;41.87721765;0.00000000;-6.41747051;14.47300484;2.49866069;0.62701701;-0.08524010;0.00787899;13.26870449;1.56094070
420;41.97716328;0.00000000;-6.31788449;14.46453522;2.50649906;0.63548335;-0.08444576;0.00801651;13.28045696;1.55365148
421;42.07710891;0.00000000;-6.21829154;14.45614539;2.51715614;0.64387028;-0.08363767;0.00815402;13.29214424;1.54640164
422;42.17705453;0.00000000;-6.11869196;14.44783673;2.52929617;0.65217637;-0.08281584;0.00829154;13.30376679;1.53919090
423;42.27700016;0.00000000;-6.01908536;14.43961060;2.53961148;0.66040023;-0.08198026;0.00842905;13.31532506;1.53201901
424;42.37694579;0.00000000;-5.91947203;14.43146840;2.53146967;0.66854045;-0.08113095;0.00856657;13.32681953;1.52488568
425;42.47689141;0.00000000;-5.81985160;14.42341148;2.52341317;0.67659566;-0.08026788;0.00870409;13.33825063;1.51779065
426;42.57683704;0.00000000;-5.72022436;14.41544123;2.51544340;0.68456443;-0.07939108;0.00884161;13.34961884;1.51073367
427;42.67678267;0.00000000;-5.62058996;14.40755902;2.50756168;0.69124994;-0.07850052;0.00897912;13.36092458;1.50371448
428;42.77672830;0.00000000;-5.52094868;14.39976623;2.49976943;0.65274465;-0.07759623;0.00911665;13.37216829;1.49673281
429;42.87667392;0.00000000;-5.42130019;14.39206423;2.49388641;0.62784573;-0.07667818;0.00925417;13.38335043;1.48978840
430;42.97661955;0.00000000;-5.32164476;14.38445441;2.49209363;0.61819814;-0.07574640;0.00939170;13.39447141;1.48288102
431;43.07656518;0.00000000;-5.22198209;14.37693812;2.49440128;0.62450772;-0.07480087;0.00952922;13.40553167;1.47601041
432;43.17651080;0.00000000;-5.12231246;14.36951677;2.50079936;0.63189215;-0.07384159;0.00966676;13.41653163;1.46917631
433;43.27645643;0.00000000;-5.02263555;14.36219170;2.51125800;0.63918197;-0.07286857;0.00980429;13.42747170;1.46237850
434;43.37640206;0.00000000;-4.92295166;14.35496433;2.52572806;0.64637567;-0.07188180;0.00994184;13.43835232;1.45561671
435;43.47634768;0.00000000;-4.82326049;14.34783599;2.54414247;0.65347186;-0.07088128;0.01007937;13.44917388;1.44889071
436;43.57629331;0.00000000;-4.72356234;14.34080810;2.54104660;0.66046905;-0.06986702;0.01021692;13.45993680;1.44220026
437;43.67623894;0.00000000;-4.62385692;14.33388200;2.53411775;0.66736582;-0.06883901;0.01035449;13.47064148;1.43554513
438;43.77618456;0.00000000;-4.52414453;14.32705911;2.52729218;0.67416070;-0.06779725;0.01049206;13.48128832;1.42892507
439;43.87613019;0.00000000;-4.42442488;14.32034076;2.52057127;0.66599869;-0.06674174;0.01062960;13.49187772;1.42233987
440;43.97607582;0.00000000;-4.32469832;14.31372838;2.51395641;0.63043023;-0.06567248;0.01076717;13.50241007;1.41578928
441;44.07602144;0.00000000;-4.22496453;14.30722330;2.51078151;0.60924428;-0.06458947;0.01090476;13.51288576;1.40927308
442;44.17596707;0.00000000;-4.12522388;14.30082694;2.51169185;0.60395501;-0.06349272;0.01104236;13.52330518;1.40279104
443;44.27591270;0.00000000;-4.02547607;14.29454065;2.51668438;0.60576393;-0.06238220;0.01118006;13.53366871;1.39634294
444;44.37585833;0.00000000;-3.92572146;14.28836583;2.52573623;0.61194240;-0.06125792;0.01131774;13.54397672;1.38992855
445;44.47580395;0.00000000;-3.82595974;14.28230384;2.53880536;0.61800787;-0.06011991;0.01145487;13.55422960;1.38354766
446;44.57574958;0.00000000;-3.72619135;14.27635608;2.55583143;0.62395896;-0.05896819;0.01159210;13.56442771;1.37720005
447;44.67569521;0.00000000;-3.62641592;14.27052391;2.57065520;0.62979429;-0.05780268;0.01173071;13.57457142;1.37088550
448;44.77564083;0.00000000;-3.52663396;14.26480873;2.56494208;0.63551248;-0.05662332;0.01186953;13.58466110;1.36460379
449;44.87558646;0.00000000;-3.42684508;14.25921192;2.55934727;0.64111214;-0.05542984;0.01201311;13.59469712;1.35835472
450;44.97553209;0.00000000;-3.32704973;14.25373494;2.55387223;0.64659183;-0.05422201;0.01215674;13.60467982;1.35213807
451;45.07547771;0.00000000;-3.22724760;14.24837921;2.54851837;0.65195012;-0.05299974;0.01230184;13.61460956;1.34595364
452;45.17542334;0.00000000;-3.12743917;14.24314620;2.54328719;0.65718554;-0.05176298;0.01244698;13.62448670;1.33980121
453;45.27536897;0.00000000;-3.02762409;14.23803735;2.53818010;0.66229666;-0.05051171;0.01259199;13.63431158;1.33368058
454;45.37531459;0.00000000;-2.92780290;14.23305413;2.53319859;0.66728202;-0.04924595;0.01273691;13.64408456;1.32759155
455;45.47526022;0.00000000;-2.82797520;14.22819798;2.52834407;0.67214017;-0.04796581;0.01287974;13.65380597;1.32153391
456;45.57520585;0.00000000;-2.72814157;14.22347034;2.52361802;0.67686968;-0.04667140;0.01302292;13.66347615;1.31550748
457;45.67515147;0.00000000;-2.62830148;14.21887264;2.51902184;0.64508406;-0.04536227;0.01317379;13.67309544;1.30951204
458;45.77509710;0.00000000;-2.52845597;14.21440643;2.51455709;0.61269196;-0.04403808;0.01331524;13.68266417;1.30354739
459;45.87504273;0.00000000;-2.42860406;14.21007271;2.51022476;0.59537401;-0.04271189;0.01322302;13.69218268;1.29761336
460;45.97498836;0.00000000;-2.32874712;14.20587099;2.50690980;0.59444990;-0.04139497;0.01310589;13.70165129;1.29170974
461;46.07493398;0.00000000;-2.22888466;14.20179914;2.50770712;0.59851615;-0.04012104;0.01238648;13.71107033;1.28583634
462;46.17487961;0.00000000;-2.12901692;14.19785091;2.51260658;0.60245911;-0.03891901;0.01167636;13.72044012;1.27999296
463;46.27482524;0.00000000;-2.02914542;14.19401961;2.52157749;0.60628540;-0.03777589;0.01119866;13.72976098;1.27417943
464;46.37477086;0.00000000;-1.92926839;14.19030004;2.53457175;0.61000026;-0.03668050;0.01072292;13.73903322;1.26839556
465;46.47471649;0.00000000;-1.82938883;14.18668765;2.55152293;0.61360816;-0.03563012;0.01029618;13.74825716;1.26264115
466;46.57466212;0.00000000;-1.72950409;14.18317798;2.57234905;0.61711359;-0.03462238;0.00986943;13.75743312;1.25691604
467;46.67460774;0.00000000;-1.62961745;14.17976690;2.57979960;0.62052061;-0.03365740;0.00944092;13.76656139;1.25122002
468;46.77455337;0.00000000;-1.52972613;14.17645001;2.57648244;0.62383367;-0.03273522;0.00901245;13.77564229;1.24555292
469;46.87449900;0.00000000;-1.42983337;14.17322315;2.57325531;0.62705683;-0.03185587;0.00858436;13.78467611;1.23991457
470;46.97444462;0.00000000;-1.32993636;14.17008196;2.57011386;0.63019455;-0.03101929;0.00815631;13.79366317;1.23430479
471;47.07439025;0.00000000;-1.23003834;14.16702224;2.56705390;0.63325088;-0.03022551;0.00772806;13.80260375;1.22872339
472;47.17433588;0.00000000;-1.13013647;14.16403964;2.56407107;0.63623029;-0.02947451;0.00729985;13.81149816;1.22317021
473;47.27428150;0.00000000;-1.03023397;14.16112997;2.56116118;0.63913685;-0.02876633;0.00687159;13.82034668;1.21764506
474;47.37422713;0.00000000;-0.93032797;14.15828887;2.55831987;0.64197501;-0.02810094;0.00644336;13.82914961;1.21214779
475;47.47417276;0.00000000;-0.83042168;14.15551215;2.55554295;0.64474885;-0.02747837;0.00601505;13.83790724;1.20667821
476;47.57411838;0.00000000;-0.73051223;14.15279545;2.55282606;0.64746281;-0.02689858;0.00558678;13.84661985;1.20123616
477;47.67406401;0.00000000;-0.63060279;14.15013458;2.55016500;0.65012099;-0.02636162;0.00515842;13.85528772;1.19582147
478;47.77400964;0.00000000;-0.53069047;14.14752518;2.54755542;0.65272783;-0.02586746;0.00473010;13.86391114;1.19043398
479;47.87395527;0.00000000;-0.43077845;14.14496305;2.54499312;0.65528744;-0.02541612;0.00430169;13.87249038;1.18507351
480;47.97390089;0.00000000;-0.33086382;14.14244384;2.54247374;0.65780424;-0.02500759;0.00387331;13.88102573;1.17973990
481;48.07384652;0.00000000;-0.23094973;14.13996335;2.53999308;0.66028234;-0.02464188;0.00344486;13.88951745;1.17443300
482;48.17379215;0.00000000;-0.13103329;14.13751722;2.53754679;0.66272618;-0.02431899;0.00301644;13.89796581;1.16915264
483;48.27373777;0.00000000;-0.03111762;14.13510125;2.53513066;0.66513987;-0.02403893;0.00258791;13.90637110;1.16389865
484;48.37368340;0.00000000;0.06880018;14.13271108;2.53274035;0.66752784;-0.02380169;0.00215942;13.91473357;1.15867089
485;48.47362903;0.00000000;0.16871698;14.13034252;2.53037163;0.66989421;-0.02360728;0.00173091;13.92305349;1.15346919
486;48.57357465;0.00000000;0.26863570;14.12799121;2.52802017;0.67224340;-0.02345570;0.00130242;13.93133112;1.14829340
487;48.67352028;0.00000000;0.36855322;14.12565293;2.52568174;0.67457955;-0.02334695;0.00087364;13.93956673;1.14314336
488;48.77346591;0.00000000;0.46847244;14.12332335;2.52335202;0.67690707;-0.02328106;0.00044492;13.94776058;1.13801891
489;48.87341153;0.00000000;0.56839025;14.12099825;2.52102676;0.67923010;-0.02325799;0.00001675;13.95591291;1.13291991
490;48.97335716;0.00000000;0.66830960;14.11867328;2.51870165;0.68155305;-0.02327771;-0.00041147;13.96402399;1.12784621
491;49.07330279;0.00000000;0.76822732;14.11634423;2.51637245;0.68388005;-0.02334034;-0.00084172;13.97209406;1.12279765
492;49.17324841;0.00000000;0.86814638;14.11400674;2.51403482;0.67799314;-0.02344596;-0.00127172;13.98012339;1.11777408
493;49.27319404;0.00000000;0.96806369;14.11165659;2.51168452;0.63582465;-0.02359424;-0.00169546;13.98811221;1.11277536
494;49.37313967;0.00000000;1.06798197;14.10928948;2.51178167;0.60734589;-0.02378488;-0.00212187;13.99606077;1.10780133
495;49.47308530;0.00000000;1.16789837;14.10690110;2.51583113;0.59453258;-0.02402209;-0.00262504;14.00396933;1.10285186
496;49.57303092;0.00000000;1.26781550;14.10448646;2.52380909;0.59694491;-0.02430961;-0.00313443;14.01183812;1.09792680
497;49.67297655;0.00000000;1.36773031;14.10204028;2.53567291;0.59938889;-0.02465756;-0.00382839;14.01966738;1.09302600
498;49.77292218;0.00000000;1.46764592;14.09955582;2.55136225;0.60187103;-0.02507486;-0.00451963;14.02745735;1.08814933
499;49.87286780;0.00000000;1.56755854;14.09702640;2.57079985;0.60439825;-0.02555715;-0.00513144;14.03520827;1.08329663
500;49.97281343;0.00000000;1.66747184;14.09444569;2.59389618;0.60697662;-0.02610059;-0.00574267;14.04292038;1.07846778
501;50.07275906;0.00000000;1.76738164;14.09180771;2.59223139;0.60961239;-0.02670426;-0.00633748;14.05059391;1.07366263
502;50.17270468;0.00000000;1.86729176;14.08910639;2.58953132;0.61231135;-0.02736740;-0.00693225;14.05822908;1.06888104
503;50.27265031;0.00000000;1.96719796;14.08633591;2.58676217;0.61507961;-0.02809000;-0.00752778;14.06582613;1.06412287
504;50.37259594;0.00000000;2.06710408;14.08349021;2.58391781;0.61792295;-0.02887213;-0.00812325;14.07338530;1.05938800
505;50.47254156;0.00000000;2.16700582;14.08056345;2.58099251;0.62084748;-0.02971375;-0.00871849;14.08090679;1.05467628
506;50.57248719;0.00000000;2.26690702;14.07754958;2.57798011;0.62385899;-0.03061488;-0.00931369;14.08839085;1.04998758
507;50.67243282;0.00000000;2.36680332;14.07444278;2.57487490;0.62696358;-0.03157548;-0.00990893;14.09583768;1.04532177
508;50.77237844;0.00000000;2.46669854;14.07123698;2.57167073;0.63016705;-0.03259559;-0.01050411;14.10324752;1.04067871
509;50.87232407;0.00000000;2.56658829;14.06792638;2.56836189;0.63347549;-0.03367516;-0.01109927;14.11062058;1.03605828
510;50.97226970;0.00000000;2.66647636;14.06450490;2.56494222;0.63689471;-0.03481423;-0.01169438;14.11795708;1.03146034
511;51.07221532;0.00000000;2.76635830;14.06096675;2.56140601;0.64043078;-0.03601276;-0.01228949;14.12525724;1.02688477
512;51.17216095;0.00000000;2.86623789;14.05730584;2.55774713;0.64408953;-0.03727080;-0.01288456;14.13252127;1.02233143
513;51.27210658;0.00000000;2.96611061;14.05351639;2.55395986;0.64787703;-0.03858828;-0.01347964;14.13974938;1.01780020
514;51.37205221;0.00000000;3.06598021;14.04959232;2.55003805;0.65179912;-0.03996526;-0.01407467;14.14694179;1.01329095
515;51.47199783;0.00000000;3.16584211;14.04552784;2.54597603;0.65586184;-0.04140168;-0.01466972;14.15409870;1.00880356
516;51.57194346;0.00000000;3.26570002;14.04131687;2.54176762;0.66007105;-0.04289761;-0.01526475;14.16122032;1.00433790
517;51.67188909;0.00000000;3.36554932;14.03695364;2.53740716;0.66443280;-0.04445297;-0.01585979;14.16830686;0.99989385
518;51.77183471;0.00000000;3.46539364;14.03243205;2.53288847;0.66895293;-0.04606784;-0.01645482;14.17535852;0.99547129
519;51.87178034;0.00000000;3.56522833;14.02774637;2.52820592;0.67363749;-0.04774215;-0.01704988;14.18237552;0.99107009
520;51.97172597;0.00000000;3.66505694;14.02289046;2.52335331;0.67849235;-0.04947596;-0.01764493;14.18935804;0.98669013
521;52.07167159;0.00000000;3.76487478;14.01785862;2.51832502;0.68352352;-0.05126922;-0.01824004;14.19630629;0.98233130
522;52.17161722;0.00000000;3.86468533;14.01264471;2.51311486;0.68873689;-0.05312199;-0.01883514;14.20322047;0.97799347
523;52.27156285;0.00000000;3.96448385;14.00724302;2.50771722;0.69413847;-0.05503420;-0.01943031;14.21010077;0.97367652
524;52.37150847;0.00000000;4.06427372;14.00164743;2.50212590;0.69973416;-0.05700594;-0.02002550;14.21694740;0.96938034
525;52.47145410;0.00000000;4.16405017;13.99585224;2.49633532;0.70552994;-0.05903713;-0.02062078;14.22376055;0.96510481
526;52.57139973;0.00000000;4.26381648;13.98985130;2.49033928;0.71153174;-0.06112785;-0.02121608;14.23054040;0.96084982
527;52.67134535;0.00000000;4.36356782;13.98363895;2.48413219;0.71774551;-0.06327804;-0.02181149;14.23728716;0.95661525
528;52.77129098;0.00000000;4.46330739;13.97720904;2.47770787;0.72417720;-0.06548778;-0.02240696;14.24400100;0.95240098
529;52.87123661;0.00000000;4.56303032;13.97055591;2.47106076;0.73083275;-0.06775700;-0.02300255;14.25068213;0.94820690
530;52.97118224;0.00000000;4.66273966;13.96367340;2.46417484;0.73771812;-0.07008579;-0.02359821;14.25733073;-3.83335510
531;53.07112786;0.00000000;4.76243053;13.95655588;2.45705345;0.74483922;-0.07247408;-0.02419402;14.23043307;-7.79536489
532;53.17107349;0.00000000;4.86210585;13.94919717;2.44969062;0.75220205;-0.07492197;-0.02478993;14.17557759;-7.70874395
533;53.27101912;0.00000000;4.96176069;13.94159168;2.44208064;0.75981248;-0.07742938;-0.02538602;14.12112211;-7.62355843
534;53.37096474;0.00000000;5.06139784;13.93373321;2.43421740;0.76767652;-0.07999642;-0.02598223;14.06706106;-7.53976946
535;53.47091037;0.00000000;5.16101234;13.92561618;2.42609521;0.77580004;-0.08262301;-0.02657865;14.01338906;-7.45736404
536;53.57085600;0.00000000;5.26060679;13.91723441;2.41770794;0.78418907;-0.08530927;-0.02717522;13.96010068;-7.37630425
537;53.67080162;0.00000000;5.36017627;13.90858233;2.40904994;0.79284943;-0.08805511;-0.02777203;13.90719067;-7.29657802
538;53.77074725;0.00000000;5.45972316;13.89965374;2.40011506;0.80178718;-0.09086066;-0.02836902;13.85465374;-7.21814792
539;53.87069288;0.00000000;5.55924256;13.89044310;2.39089767;0.81100813;-0.09372584;-0.02896629;13.80248476;-7.14100320
540;53.97063850;0.00000000;5.65873662;13.88094422;2.38139163;0.82051834;-0.09665077;-0.02956378;13.75067859;-7.06510696
541;54.07058413;0.00000000;5.75820045;13.87115157;2.37159133;0.83032360;-0.09963539;-0.03016157;13.69923021;-6.99044969
542;54.17052976;0.00000000;5.85763601;13.86105896;2.36149061;0.84042862;-0.10267982;-0.03075963;13.64813462;-6.91699488
543;54.27047538;0.00000000;5.95703841;13.85066088;2.35108389;0.85077552;-0.10578398;-0.03135804;13.59738695;-6.84473399
544;54.37042101;0.00000000;6.05640935;13.83995113;2.34036503;0.84668746;-0.10894803;-0.03195675;13.54698230;-6.77363157
545;54.47036664;0.00000000;6.15574399;13.82892423;2.32932845;0.82502649;-0.11217187;-0.03255586;13.49691594;-6.70368007
546;54.57031226;0.00000000;6.25504377;13.81757400;2.32196385;0.81037057;-0.11545567;-0.03315531;13.44718308;-6.63484241
547;54.67025789;0.00000000;6.35430390;13.80589495;2.31855646;0.80192472;-0.11879935;-0.03375521;13.39777914;-6.56711321
548;54.77020352;0.00000000;6.45352551;13.79388092;2.31554240;0.80621641;-0.12220305;-0.03435550;13.34869946;-6.50045831
549;54.87014915;0.00000000;6.55270387;13.78152644;2.31590116;0.81858185;-0.12566673;-0.03495629;13.29993957;-6.43487135
550;54.97009477;0.00000000;6.65183983;13.76882537;2.32022009;0.83129498;-0.12919053;-0.03555753;13.25149494;-6.37032020
551;55.07004040;0.00000000;6.75092869;13.75577223;2.32847100;0.84436141;-0.13277439;-0.03615930;13.20336119;-6.30679996
552;55.16998603;0.00000000;6.84997103;13.74236090;2.34060648;0.85778732;-0.13641847;-0.03676156;13.15553392;-6.24425620
553;55.26993165;0.00000000;6.94896218;13.72858594;2.32868495;0.87157833;-0.14012273;-0.03736454;13.10800902;-6.18269792
554;55.36987728;0.00000000;7.04790238;13.71444123;2.31455050;0.88574061;-0.14388733;-0.03796810;13.06078226;-6.12212979
555;55.46982291;0.00000000;7.14678706;13.69992134;2.30004204;0.90027979;-0.14771224;-0.03857214;13.01384928;-6.06251947
556;55.56976853;0.00000000;7.24561611;13.68502018;2.28515358;0.91520203;-0.15159759;-0.03917678;12.96720588;-6.00384751
557;55.66971416;0.00000000;7.34438500;13.66973233;2.26987986;0.93051296;-0.15554336;-0.03978205;12.92084795;-5.94610275
558;55.76965979;0.00000000;7.44309334;13.65405173;2.25421497;0.94621874;-0.15954970;-0.04038795;12.87477137;-5.88895718
559;55.86960541;0.00000000;7.54173664;13.63797296;2.23815368;0.96232501;-0.16361667;-0.04099639;12.82897450;-5.83266509
560;55.96955104;0.00000000;7.64031410;13.62149000;2.22169015;0.97883792;-0.16774454;-0.04160577;12.78345368;-5.77755208
561;56.06949667;0.00000000;7.73882136;13.60459741;2.20481917;0.99576316;-0.17193324;-0.04221403;12.73820262;-5.72330815
562;56.16944229;0.00000000;7.83725720;13.58728923;2.18753501;1.01310683;-0.17618279;-0.04282300;12.69321735;-5.67165692
563;56.26938792;0.00000000;7.93561733;13.56956005;2.16983255;1.03087459;-0.18049269;-0.04342192;12.64848023;-5.62091289
564;56.36933355;0.00000000;8.03390032;13.55140404;2.15170624;1.04907248;-0.18486247;-0.04402111;12.60398670;-5.57202202
565;56.46927918;0.00000000;8.13210181;13.53281593;2.13315114;1.06770603;-0.18929184;-0.04461457;12.55972461;-5.52392929
566;56.56922480;0.00000000;8.23022004;13.51379000;2.11416190;1.06187608;-0.19378057;-0.04520883;12.51569004;-5.47632492
567;56.66917043;0.00000000;8.32825080;13.49432102;2.09473371;1.04823136;-0.19832881;-0.04580583;12.47188148;-5.42945091
568;56.76911606;0.00000000;8.42619181;13.47440337;2.07486139;1.04447638;-0.20293679;-0.04640398;12.42829545;-5.38337175
569;56.86906168;0.00000000;8.52403901;13.45403178;2.05474696;1.05072322;-0.20760458;-0.04700282;12.38492790;-5.33802312
570;56.96900731;0.00000000;8.62178976;13.43320068;2.03887235;1.06680194;-0.21233228;-0.04760272;12.34177519;-5.29341671
571;57.06895294;0.00000000;8.71944003;13.41190481;2.02733165;1.08810470;-0.21711998;-0.04820356;12.29883357;-5.24949281
572;57.16889856;0.00000000;8.81698678;13.39013869;2.02019333;1.10988290;-0.22196780;-0.04880571;12.25609968;-5.20622396
573;57.26884419;0.00000000;8.91442604;13.36789704;2.01749831;1.13214222;-0.22687586;-0.04940929;12.21357035;-5.16362034
574;57.36878982;0.00000000;9.01175436;13.34517446;2.01925840;1.15488844;-0.23184433;-0.05001420;12.17124226;-5.12171841
575;57.46873544;0.00000000;9.10896785;13.32196566;2.02205538;1.17812727;-0.23687330;-0.05062018;12.12911174;-5.08045891
576;57.56868107;0.00000000;9.20606265;13.29826534;1.99838551;1.20186447;-0.24196290;-0.05122757;12.08717553;-5.03983079
577;57.66862670;0.00000000;9.30303491;13.27406818;1.97422526;1.22610580;-0.24711329;-0.05183643;12.04543043;-4.99981638
578;57.76857232;0.00000000;9.39988037;13.24936899;1.94957033;1.25085693;-0.25232461;-0.05244685;12.00387332;-4.96044079
579;57.86851795;0.00000000;9.49659523;13.22416244;1.92441638;1.25110935;-0.25759701;-0.05305863;11.96250082;-4.92165977
580;57.96846358;0.00000000;9.59317479;13.19844344;1.89875946;1.24937246;-0.26293062;-0.05367204;11.92130987;-4.88348086
581;58.06840920;0.00000000;9.68961531;13.17220665;1.87322487;1.25614727;-0.26832563;-0.05428701;11.88029730;-4.84587101
582;58.16835483;0.00000000;9.78591169;13.14544708;1.85220364;1.26978651;-0.27378218;-0.05490375;11.83946016;-4.80884899
583;58.26830046;0.00000000;9.88206020;13.11815938;1.83584515;1.28573177;-0.27930047;-0.05552211;11.79879527;-4.77237516
584;58.36824609;0.00000000;9.97805533;13.09033870;1.82426934;1.30966783;-0.28488062;-0.05614234;11.75829979;-4.73646418
585;58.46819171;0.00000000;10.07389336;13.06197966;1.81650985;1.33804532;-0.29052289;-0.05676432;11.71797065;-4.70107879
586;58.56813734;0.00000000;10.16956838;13.03307752;1.80955633;1.36697905;-0.29622738;-0.05738831;11.67780508;-4.66623566
587;58.66808297;0.00000000;10.26507668;13.00362691;1.80374896;1.38074147;-0.30199437;-0.05801417;11.63780013;-4.63189693
588;58.76802859;0.00000000;10.36041193;12.97362322;1.77380812;1.37971443;-0.30782398;-0.05864217;11.59795310;-4.59807752
589;58.86797422;0.00000000;10.45557041;12.94306105;1.74444599;1.38649588;-0.31371650;-0.05927218;11.55826115;-4.56474118
590;58.96791985;0.00000000;10.55054540;12.91193597;1.71981935;1.40097830;-0.31967205;-0.05990446;11.51872167;-4.53190155
591;59.06786547;0.00000000;10.64533315;12.88024253;1.70012825;1.42293240;-0.32569095;-0.06053891;11.47933192;-4.49952411
592;59.16781110;0.00000000;10.73992653;12.84797645;1.68554044;1.45202418;-0.33177333;-0.06117578;11.44008942;-4.46761986
593;59.26775673;0.00000000;10.83432178;12.81513228;1.67618309;1.48488030;-0.33791954;-0.06181497;11.40099152;-4.43615703
594;59.36770235;0.00000000;10.92851134;12.78170590;1.67213816;1.49520377;-0.34412969;-0.06245674;11.36203585;-4.40514326
595;59.46764798;0.00000000;11.02249141;12.74769186;1.64783592;1.50124134;-0.35040418;-0.06310101;11.32321991;-4.37455028
596;59.56759361;0.00000000;11.11625405;12.71308618;1.61468878;1.51448946;-0.35674312;-0.06374802;11.28454141;-4.34438143
597;59.66753923;0.00000000;11.20979539;12.67788340;1.58653600;1.53476750;-0.36314694;-0.06439773;11.24599800;-4.31461284
598;59.76748486;0.00000000;11.30310708;12.64207973;1.56364287;1.56180655;-0.36961576;-0.06505034;11.20758750;-4.28524225
599;59.86743049;0.00000000;11.39618519;12.60566970;1.54623697;1.59526851;-0.37615004;-0.06570588;11.16930773;-4.25625128
600;59.96737612;0.00000000;11.48902098;12.56864969;1.53449970;1.63137927;-0.38274990;-0.06636449;11.13115662;-4.22763165
601;60.06732174;0.00000000;11.58161042;12.53101423;1.52855527;1.63943349;-0.38941583;-0.06702625;11.09313216;-4.19937079
602;60.16726737;0.00000000;11.67394438;12.49275989;1.49635319;1.65226432;-0.39614797;-0.06769128;11.05523241;-4.17145322
603;60.26721300;0.00000000;11.76601873;12.45388119;1.46496398;1.67164491;-0.40294684;-0.06835972;11.01745554;-4.14387402
604;60.36715862;0.00000000;11.85782395;12.41437491;1.43917639;1.69735589;-0.40981260;-0.06903161;10.97979975;-4.11660643
605;60.46710425;0.00000000;11.94935580;12.37423557;1.41928962;1.72150255;-0.41674579;-0.06970721;10.94226342;-4.08965410
606;60.56704988;0.00000000;12.04060436;12.33346014;1.40554901;1.73286828;-0.42374658;-0.07038648;10.90484492;-4.06299277
607;60.66699550;0.00000000;12.13156525;12.29204315;1.39812926;1.75056668;-0.43081557;-0.07106967;10.86754278;-4.03662930
608;60.76694113;0.00000000;12.22222819;12.24998179;1.37501913;1.77441342;-0.43795291;-0.07175672;10.83035545;-4.01049668
609;60.86688676;0.00000000;12.31258863;12.20727059;1.35371838;1.79132426;-0.44515927;-0.07244824;10.79328198;-3.98463283
610;60.96683238;0.00000000;12.40263592;12.16390696;1.33883587;1.79145893;-0.45243482;-0.07314392;10.75632106;-3.95902371
611;61.06677801;0.00000000;12.49236535;12.11988544;1.33058031;1.79788832;-0.45978025;-0.07384392;10.71947146;-3.93366413
612;61.16672364;0.00000000;12.58176584;12.07520368;1.31650842;1.81055171;-0.46719572;-0.07454829;10.68273202;-3.90846451
613;61.26666926;0.00000000;12.67083254;12.02985625;1.29384300;1.82932628;-0.47468198;-0.07525785;10.64610236;-3.88350503
614;61.36661489;0.00000000;12.75955400;11.98384102;1.27786370;1.85403152;-0.48223926;-0.07597194;10.60958137;-3.85861368
615;61.46656052;0.00000000;12.84792516;11.93715258;1.26628560;1.88444044;-0.48986833;-0.07669209;10.57316952;-3.83389581
616;61.56650615;0.00000000;12.93593418;11.88978904;1.24250243;1.92028593;-0.49756950;-0.07741741;10.53686630;-3.80955240
617;61.66645177;0.00000000;13.02357582;11.84174501;1.22565946;1.92833819;-0.50534350;-0.07814614;10.50066928;-3.78540994
618;61.76639740;0.00000000;13.11083776;11.79301893;1.21603955;1.92829168;-0.51319041;-0.07887986;10.46457763;-3.76053705
619;61.86634303;0.00000000;13.19771460;11.74360541;1.19935374;1.93420406;-0.52111143;-0.07962705;10.42859945;-3.73573159
620;61.96628865;0.00000000;13.28419368;11.69350309;1.17517578;1.94602778;-0.52910733;-0.08038050;10.39273527;-3.70957848
621;62.06623428;0.00000000;13.37026921;11.64270658;1.15717588;1.96366319;-0.53717957;-0.08115324;10.35699928;-3.68330385
622;62.16617991;0.00000000;13.45592814;11.59121466;1.14681982;1.98696116;-0.54532937;-0.08193402;10.32139399;-3.65717034
623;62.26612553;0.00000000;13.54116437;11.53902189;1.13086427;2.01573222;-0.55355766;-0.08272045;10.28591938;-3.63112794
624;62.36607116;0.00000000;13.62596428;11.48612740;1.11985617;2.04975014;-0.56186467;-0.08351301;10.25057593;-3.60550967
625;62.46601679;0.00000000;13.71032164;11.43252575;1.09254379;2.07932362;-0.57025125;-0.08430858;10.21536083;-3.58003152
626;62.56596241;0.00000000;13.79422242;11.37821644;1.07304085;2.08569352;-0.57871742;-0.08510988;10.18027406;-3.55461779
627;62.66590804;0.00000000;13.87766013;11.32319412;1.05676561;2.09667064;-0.58726419;-0.08591764;10.14531631;-3.52922004
628;62.76585367;0.00000000;13.96062033;11.26745867;1.04530514;2.11316812;-0.59589184;-0.08673235;10.11048875;-3.50396829
629;62.86579929;0.00000000;14.04309627;11.21100481;1.04246982;2.13506549;-0.60460142;-0.08755279;10.07579129;-3.47873068
630;62.96574492;0.00000000;14.12507300;11.15383283;1.04832182;2.16220384;-0.61339312;-0.08838027;10.04122514;-3.45359288
631;63.06569055;0.00000000;14.20654360;11.09593750;1.03307833;2.19267181;-0.62226806;-0.08921395;10.00679066;-3.42842691
632;63.16563617;0.00000000;14.28749261;11.03731957;0.99412359;2.18376895;-0.63122647;-0.09005513;9.97248949;-3.40331985
633;63.26558180;0.00000000;14.36791291;10.97797384;0.96312736;2.18031713;-0.64026952;-0.09090297;9.93832244;-3.37813857
634;63.36552743;0.00000000;14.44778851;10.91790158;0.94087255;2.18235114;-0.64939745;-0.09175882;9.90429162;-3.35299133
635;63.46547306;0.00000000;14.52711209;10.85709760;0.92798035;2.18986415;-0.65861153;-0.09262159;9.87039811;-3.32773196
636;63.56541868;0.00000000;14.60586709;10.79556372;0.92483562;2.20280757;-0.66791199;-0.09349281;9.83664447;-3.30246384
637;63.66536431;0.00000000;14.68404603;10.73329476;0.93152853;2.22109463;-0.67730017;-0.09437142;9.80303222;-3.27703410
638;63.76530994;0.00000000;14.76163176;10.67029314;0.91016747;2.24460054;-0.68677632;-0.09525901;9.76956449;-3.25155830
639;63.86525556;0.00000000;14.83861661;10.60655368;0.89566339;2.27317125;-0.69634187;-0.09615439;9.73624323;-3.22587292
640;63.96520119;0.00000000;14.91498285;10.54207945;0.89122777;2.29034549;-0.70599707;-0.09705929;9.70307211;-3.20009717
641;64.06514682;0.00000000;14.99072262;10.47686526;0.89700113;2.29296609;-0.71574345;-0.09797244;9.67005362;-3.17405788
642;64.16509244;0.00000000;15.06581757;10.41091486;0.89727040;2.29665018;-0.72558125;-0.09889568;9.63719205;-3.14788069
643;64.26503807;0.00000000;15.14025966;10.34422305;0.87016362;2.30564921;-0.73551212;-0.09982768;9.60449045;-3.12138242
644;64.36498370;0.00000000;15.21402990;10.27679433;0.85297306;2.31990897;-0.74553630;-0.10077038;9.57195381;-3.09469537
645;64.46492932;0.00000000;15.28712009;10.20862345;0.84629423;2.33665266;-0.75565555;-0.10172235;9.53958580;-3.06762498
646;64.56487495;0.00000000;15.35951056;10.13971574;0.84875645;2.33505430;-0.76587010;-0.10268567;9.50739216;-3.04030570
647;64.66482058;0.00000000;15.43119296;10.07006588;0.85019311;2.33875606;-0.77618184;-0.10365885;9.47537731;-3.01253425
648;64.76476620;0.00000000;15.50214692;9.99968010;0.85059503;2.34774182;-0.78659101;-0.10464410;9.44354785;-2.98445724
649;64.86471183;0.00000000;15.57236393;9.92855298;0.83677879;2.36196081;-0.79709963;-0.10563974;9.41190890;-2.95585485
650;64.96465746;0.00000000;15.64182291;9.85669172;0.80386901;2.38132619;-0.80770791;-0.10664818;9.38046798;-2.92686275
651;65.06460309;0.00000000;15.71051519;9.78409079;0.78137269;2.40572306;-0.81841805;-0.10766782;9.34923127;-2.89726268
652;65.16454871;0.00000000;15.77841896;9.71075844;0.77019749;2.41181685;-0.82923024;-0.10870107;9.31820733;-2.86721939
653;65.26449434;0.00000000;15.84552538;9.63668899;0.76527532;2.41674050;-0.84014683;-0.10974596;9.28740307;-2.83647415
654;65.36443997;0.00000000;15.91181189;9.56189183;0.75925955;2.42477260;-0.85116800;-0.11080534;9.25682826;-2.80517148
655;65.46438559;0.00000000;15.97726951;9.48636113;0.75213981;2.43773735;-0.86229628;-0.11187746;9.22649121;-2.77309345
656;65.56433122;0.00000000;16.04187489;9.41010746;0.74390744;2.44210977;-0.87353184;-0.11296468;9.19640272;-2.74031461
657;65.66427685;0.00000000;16.10561893;9.33312480;0.73455195;2.43175139;-0.88487741;-0.11406600;9.16657286;-2.70656285
658;65.76422247;0.00000000;16.16847741;9.25542512;0.72406528;2.42303087;-0.89633322;-0.11518443;9.13701482;-2.67228904
659;65.86416810;0.00000000;16.23044111;9.17700207;0.71243684;2.41956278;-0.90790214;-0.11631445;9.10773697;-2.63706038
660;65.96411373;0.00000000;16.29148497;9.09786914;0.70398275;2.42138186;-0.91958405;-0.11746100;9.07875252;-2.60045218
661;66.06405935;0.00000000;16.35159960;9.01801977;0.69583117;2.42848764;-0.93138234;-0.11862891;9.05007954;-2.56267301
662;66.16400498;0.00000000;16.41075929;8.93746872;0.70078498;2.44084356;-0.94329753;-0.11981536;9.02173397;-2.52477075
663;66.26395061;0.00000000;16.46895429;8.85620925;0.71856179;2.45716281;-0.95533248;-0.12100739;8.99372026;-2.48554406
664;66.36389623;0.00000000;16.52615804;8.77425797;0.70753027;2.47467457;-0.96748658;-0.12221931;8.96605630;-2.44466700
665;66.46384186;0.00000000;16.58236080;8.69160770;0.68879997;2.49339116;-0.97976391;-0.12345474;8.93876379;-2.40234692
666;66.56378749;0.00000000;16.63753502;8.60827700;0.66886080;2.50088674;-0.99216478;-0.12471067;8.91186232;-2.35854021
667;66.66373311;0.00000000;16.69167079;8.52425812;0.65651561;2.50253127;-1.00469320;-0.12598717;8.88537216;-2.31299443
668;66.76367874;0.00000000;16.74473981;8.43957144;0.65801169;2.50850444;-1.01734929;-0.12728684;8.85931662;-2.26571376
669;66.86362437;0.00000000;16.79673184;8.35420883;0.66538176;2.49099723;-1.03013753;-0.12860905;8.83371919;-2.21640850
670;66.96357000;0.00000000;16.84761755;8.26819311;0.64819238;2.47867978;-1.04305798;-0.12995677;8.80860681;-2.16130048
671;67.06351562;0.00000000;16.89738649;8.18151532;0.63387657;2.47164289;-1.05611771;-0.13137697;8.78404969;-2.10357778
672;67.16346125;0.00000000;16.94600817;8.09420025;0.63384951;2.46994836;-1.06931992;-0.13282786;8.76008231;-2.03883991
673;67.26340688;0.00000000;16.99347122;8.00623836;0.64809882;2.47362169;-1.08267236;-0.13436452;8.73678979;-1.97072846
674;67.36335250;0.00000000;17.03974387;7.91765634;0.66318823;2.47883083;-1.09617922;-0.13593843;8.71421623;-1.90089103
675;67.46329813;0.00000000;17.08481380;7.82844388;0.64910958;2.48198953;-1.10984568;-0.13752691;8.69238707;-1.82804060
676;67.56324376;0.00000000;17.12864807;7.73863096;0.63385333;2.49052686;-1.12367071;-0.13914531;8.67134267;-1.75178788
677;67.66318938;0.00000000;17.17123443;7.64820576;0.63278560;2.50440431;-1.13766086;-0.14079710;8.65112805;-1.67184050
678;67.76313501;0.00000000;17.21253859;7.55720243;0.64596090;2.52354360;-1.15181600;-0.14248428;8.63179184;-1.59546962
679;67.86308064;0.00000000;17.25254856;7.46560689;0.64923312;2.51670047;-1.16613921;-0.14410958;8.61329843;-1.51571324
680;67.96302626;0.00000000;17.29122905;7.37345904;0.61834565;2.50249588;-1.18062356;-0.14576411;8.59569265;-1.45523525
681;68.06297189;0.00000000;17.32856950;7.28074244;0.60118715;2.49367110;-1.19526364;-0.14714674;8.57875535;-1.39374013
682;68.16291752;0.00000000;17.36453616;7.18750285;0.59893390;2.49030233;-1.21003788;-0.14852996;8.56250237;-1.35424460
683;68.26286314;0.00000000;17.39912139;7.09372297;0.61173739;2.49242463;-1.22493920;-0.14960677;8.54668036;-1.31359518
684;68.36280877;0.00000000;17.43229433;6.99945402;0.62625940;2.49639849;-1.23994419;-0.15069105;8.53130523;-1.28042757
685;68.46275440;0.00000000;17.46405035;6.90467713;0.61864327;2.50433389;-1.25505571;-0.15166651;8.51629160;-1.24424796
686;68.56270003;0.00000000;17.49435951;6.80945036;0.61522637;2.51185698;-1.27026252;-0.15267566;8.50167680;-1.24137322
687;68.66264565;0.00000000;17.52321904;6.71375154;0.61416256;2.51964045;-1.28555265;-0.15322821;8.48707068;-1.23950883
688;68.76259128;0.00000000;17.55060354;6.61764343;0.59499431;2.50958920;-1.30089224;-0.15376972;8.47246138;-1.23771267
689;68.86253691;0.00000000;17.57651412;6.52110716;0.59076383;2.50402970;-1.31625002;-0.15347533;8.45784806;-1.29570800
690;68.96248253;0.00000000;17.60093669;6.42420165;0.60179095;2.50398607;-1.33157063;-0.15313249;8.44252291;-1.36036135
691;69.06242816;0.00000000;17.62387566;6.32691937;0.62484141;2.50945598;-1.34689210;-0.15348452;8.42640308;-1.37605493
692;69.16237379;0.00000000;17.64531720;6.22930788;0.64596765;2.52040358;-1.36225151;-0.15389238;8.41006584;-1.38849561
693;69.26231941;0.00000000;17.66525683;6.13136835;0.62461019;2.53490236;-1.37765657;-0.15437075;8.39354867;-1.39648532
694;69.36226504;0.00000000;17.68368152;6.03314100;0.61677320;2.51950012;-1.39310984;-0.15488071;8.37690361;-1.40279923
695;69.46221067;0.00000000;17.70058473;5.93463301;0.60898512;2.50952932;-1.40861750;-0.15543722;8.36014993;-1.40630116
696;69.56215629;0.00000000;17.71595462;5.83588050;0.61595727;2.50506420;-1.42418135;-0.15602381;8.34332065;-1.40722027
697;69.66210192;0.00000000;17.72978347;5.73689514;0.62978994;2.50614055;-1.43980680;-0.15665430;8.32644633;-1.40435428
698;69.76204755;0.00000000;17.74206033;5.63770956;0.64207075;2.51275722;-1.45549623;-0.15731696;8.30957221;-1.39862236
699;69.86199317;0.00000000;17.75277655;5.53833992;0.65279044;2.52487604;-1.47125462;-0.15802415;8.29273284;-1.39072034
700;69.96193880;0.00000000;17.76192182;5.43881578;0.66193850;2.53835502;-1.48708501;-0.15876522;8.27595464;-1.37986022
701;70.06188443;0.00000000;17.76948685;5.33915753;0.66950552;2.53079541;-1.50299191;-0.15955074;8.25927377;-1.36656720
702;70.16183005;0.00000000;17.77546172;5.23939210;0.67548167;2.52482423;-1.51897900;-0.16037233;8.24272032;-1.35016615
703;70.26177568;0.00000000;17.77983676;5.13954358;0.67985742;2.52045148;-1.53505046;-0.16123885;8.22633284;-1.33105853
704;70.36172131;0.00000000;17.78260222;5.03963708;0.68262317;2.51768726;-1.55121050;-0.16214350;8.21014525;-1.30868220
705;70.46166694;0.00000000;17.78374830;4.93969983;0.68376935;2.51654178;-1.56746305;-0.16309340;8.19419861;-1.28330124
706;70.56161256;0.00000000;17.78326523;4.83975580;0.68328638;2.51702515;-1.58381278;-0.16408350;8.17853105;-1.25444265
707;70.66155819;0.00000000;17.78114327;4.73983483;0.68116477;2.51914757;-1.60026344;-0.16511946;8.16318676;-1.22221120
708;70.76150382;0.00000000;17.77737258;4.63996051;0.67739485;2.52291924;-1.61682014;-0.16619829;8.14820893;-1.18634360
709;70.86144944;0.00000000;17.77194357;4.54016478;0.67196737;2.52835024;-1.63348652;-0.16732234;8.13364426;-1.14674240
710;70.96139507;0.00000000;17.76484630;4.44047147;0.66487267;2.53545087;-1.65026790;-0.16849135;8.11954095;-1.10307795
711;71.06134070;0.00000000;17.75607146;4.34091426;0.65610195;2.54152190;-1.66716807;-0.16970834;8.10595149;-1.05524172
712;71.16128632;0.00000000;17.74560900;4.24151768;0.64564578;2.52622213;-1.68419270;-0.17097282;8.09293000;-1.00289203
713;71.26123195;0.00000000;17.73344993;4.14231688;0.63349616;2.51650617;-1.70134574;-0.17228761;8.08053505;-0.94669378
714;71.36117758;0.00000000;17.71958419;4.04333774;0.61964439;2.51245426;-1.71863313;-0.17364033;8.06881719;-0.89310244
715;71.46112320;0.00000000;17.70400335;3.94461641;0.60408412;2.51353626;-1.73605165;-0.17493254;8.05774705;-0.83848360
716;71.56106883;0.00000000;17.68669854;3.84618045;0.59333658;2.50224407;-1.75360207;-0.17621869;8.04734006;-0.80864677
717;71.66101446;0.00000000;17.66766374;3.74806643;0.59755316;2.49666573;-1.77125835;-0.17711185;8.03729062;-0.77534155
718;71.76096008;0.00000000;17.64689480;3.65030288;0.61641657;2.49685054;-1.78900697;-0.17804532;8.02764327;-0.74447039
719;71.86090571;0.00000000;17.62439004;3.55292610;0.62482637;2.50280631;-1.80684533;-0.17892862;8.01836913;-0.70895273
720;71.96085134;0.00000000;17.60014713;3.45596576;0.61209022;2.51449924;-1.82477513;-0.17986898;8.00952745;-0.66850172
721;72.06079697;0.00000000;17.57416555;3.35945851;0.60372766;2.52717240;-1.84280155;-0.18086822;8.00118131;-0.62291324
722;72.16074259;0.00000000;17.54644325;3.26343510;0.60455899;2.51810409;-1.86093103;-0.18192665;7.99339649;-0.57123850
723;72.26068822;0.00000000;17.51698011;3.16793328;0.61899906;2.51366507;-1.87916955;-0.18305563;7.98625080;-0.51427137
724;72.36063385;0.00000000;17.48577415;3.07298485;0.60343175;2.51502390;-1.89752419;-0.18423953;7.97981225;-0.45304782
725;72.46057947;0.00000000;17.45282581;2.97862892;0.60238242;2.52218244;-1.91599838;-0.18545925;7.97413589;-0.38417550
726;72.56052510;0.00000000;17.41813374;2.88489858;0.61591355;2.53510142;-1.93459794;-0.18676326;7.96931929;-0.30257703
727;72.66047073;0.00000000;17.38169938;2.79183541;0.60536714;2.54901716;-1.95333627;-0.18822364;7.96552367;-0.24509603
728;72.76041635;0.00000000;17.34351912;2.69946984;0.59741958;2.55789458;-1.97221857;-0.18927273;7.96244779;-0.24509603
729;72.86036198;0.00000000;17.30360314;2.60784860;0.59390192;2.53890345;-1.99109638;-0.18851681;7.95937072;-0.18774481
730;72.96030761;0.00000000;17.26196370;2.51698608;0.60520403;2.52395380;-2.00989774;-0.18730356;7.95701286;-0.10370928
731;73.06025323;0.00000000;17.21863679;2.42692698;0.63053699;2.51475715;-2.02846083;-0.18419310;7.95571010;0.09712508
732;73.16019886;0.00000000;17.17365449;2.33767117;0.64960470;2.51134912;-2.04671957;-0.18117817;7.95693016;0.28435730
733;73.26014449;0.00000000;17.12706765;2.24925274;0.64688391;2.51096972;-2.06468029;-0.17825563;7.96050112;0.45903951
734;73.36009011;0.00000000;17.07890940;2.16167180;0.65428392;2.51171634;-2.08235349;-0.17538305;7.96626237;0.62462642
735;73.46003574;0.00000000;17.02922690;2.07495441;0.67485056;2.51697608;-2.09973709;-0.17249781;7.97409515;0.78570756
736;73.55998137;0.00000000;16.97805351;1.98910097;0.66881346;2.50302241;-2.11683618;-0.16966950;7.98393697;0.93829422
737;73.65992699;0.00000000;16.92543472;1.90413264;0.67128795;2.49248115;-2.13365456;-0.16689890;7.99567423;1.08287265
738;73.75987262;0.00000000;16.87140290;1.82004913;0.64771515;2.48596910;-2.15019970;-0.16418591;8.00919866;1.21994070
739;73.85981825;0.00000000;16.81600155;1.73686800;0.63743870;2.48510568;-2.16647575;-0.16152728;8.02440768;1.35015248
740;73.95976388;0.00000000;16.75926184;1.65458812;0.64112632;2.47187981;-2.18248947;-0.15894682;8.04120652;1.47237052
741;74.05970950;0.00000000;16.70122506;1.57322410;0.65767675;2.45536516;-2.19825266;-0.15650256;8.05948610;1.58322006
742;74.15965513;0.00000000;16.64191954;1.49277350;0.67337331;2.44039764;-2.21377418;-0.15409896;8.07909575;1.68935526
743;74.25960076;0.00000000;16.58138508;1.41324986;0.70162632;2.42695790;-2.22905760;-0.15175030;8.09996762;1.79010709
744;74.35954638;0.00000000;16.51964826;1.33464936;0.74101836;2.41502403;-2.24410922;-0.14944696;8.12202574;1.88636878
745;74.45949201;0.00000000;16.45674752;1.25698370;0.77786213;2.40457650;-2.25893215;-0.14718535;8.14520539;1.97860411
746;74.55943764;0.00000000;16.39270821;1.18024828;0.78684683;2.39559386;-2.27353236;-0.14503285;8.16944775;2.06252005
747;74.65938326;0.00000000;16.32756643;1.10445303;0.79828995;2.38805708;-2.28793090;-0.14310645;8.19464192;2.13049423
748;74.75932889;0.00000000;16.26134361;1.02959311;0.82044846;2.38143470;-2.30213896;-0.14121544;8.22058534;2.19569450
749;74.85927452;0.00000000;16.19407439;0.95567923;0.85249817;2.34497468;-2.31616077;-0.13938655;8.24723732;2.25641346
750;74.95922014;0.00000000;16.12577808;0.88270545;0.87904222;2.31358848;-2.33000205;-0.13757720;8.27453689;2.31568373
751;75.05916577;0.00000000;16.05648873;0.81068165;0.88097528;2.28747722;-2.34366096;-0.13576105;8.30246022;2.37540076
752;75.15911140;0.00000000;15.98622483;0.73960093;0.88832778;2.26080445;-2.35714043;-0.13397611;8.33100640;2.43298799
753;75.25905702;0.00000000;15.91501915;0.66947106;0.90540165;2.21820262;-2.37044280;-0.13222687;8.36014357;2.48820907
754;75.35900265;0.00000000;15.84288906;0.60028465;0.93167797;2.18058326;-2.38357211;-0.13049457;8.38983741;2.54245592
755;75.45894828;0.00000000;15.76986654;0.53204837;0.96090619;2.14820244;-2.39652774;-0.12876947;8.42007046;2.59647711
756;75.55889391;0.00000000;15.69596806;0.46475404;0.99458959;2.12128557;-2.40931281;-0.12706766;8.45083425;2.64917487
757;75.65883953;0.00000000;15.62122470;0.39840698;1.03571740;2.10003342;-2.42192808;-0.12538473;8.48210743;2.70091987
758;75.75878516;0.00000000;15.54565202;0.33299853;1.06512399;2.08044895;-2.43437679;-0.12372038;8.51387319;2.75178119
759;75.85873079;0.00000000;15.46928003;0.26853265;1.09587811;2.05537213;-2.44665916;-0.12206989;8.54611571;2.80214640
760;75.95867641;0.00000000;15.39212348;0.20500025;1.13352550;2.02967667;-2.45877817;-0.12043835;8.57882383;2.85168243
761;76.05862204;0.00000000;15.31421142;0.14240412;1.17741078;2.00800189;-2.47073426;-0.11882206;8.61198262;2.90069959
762;76.15856767;0.00000000;15.23555790;0.08073486;1.21796722;1.97988159;-2.48253029;-0.11722276;8.64558090;2.94910382
763;76.25851329;0.00000000;15.15619082;0.01999402;1.25101308;1.93797233;-2.49416644;-0.11563479;8.67960651;2.99735274
764;76.35845892;0.00000000;15.07612353;-0.03982814;1.28439577;1.89056236;-2.50564523;-0.11406284;8.71405266;3.04511966
765;76.45840455;0.00000000;14.99538292;-0.09873115;1.30393161;1.84839134;-2.51696710;-0.11250519;8.74890888;3.09256525
766;76.55835017;0.00000000;14.91398161;-0.15672503;1.32880769;1.81181247;-2.52813459;-0.11096306;8.78416663;3.13962086
767;76.65829580;0.00000000;14.83194553;-0.21381023;1.35954707;1.78116343;-2.53914807;-0.10943315;8.81981667;3.18656670
768;76.75824143;0.00000000;14.74928667;-0.26999703;1.39264719;1.75674100;-2.55000985;-0.10791865;8.85585303;3.23317553
769;76.85818705;0.00000000;14.66602985;-0.32528686;1.41530791;1.73879756;-2.56072055;-0.10641811;8.89226722;3.27958221
770;76.95813268;0.00000000;14.58218645;-0.37969013;1.44353669;1.72752077;-2.57128238;-0.10493127;8.92905237;3.32582748
771;77.05807831;0.00000000;14.49778026;-0.43320912;1.47557038;1.70607903;-2.58169580;-0.10345637;8.96620209;3.37207011
772;77.15802393;0.00000000;14.41282208;-0.48585443;1.49004229;1.67106028;-2.59196277;-0.10198912;9.00371186;3.41867483
773;77.25796956;0.00000000;14.32733472;-0.53762918;1.51000992;1.64237260;-2.60208257;-0.10052238;9.04158120;3.46624373
774;77.35791519;0.00000000;14.24132853;-0.58854421;1.53527223;1.61339803;-2.61205658;-0.09905851;9.07981621;3.51460162
775;77.45786082;0.00000000;14.15482537;-0.63860358;1.56558259;1.57015866;-2.62188325;-0.09758661;9.11842094;3.56467591
776;77.55780644;0.00000000;14.06783524;-0.68781850;1.59538293;1.53314050;-2.63156365;-0.09612360;9.15740946;3.61507130
777;77.65775207;0.00000000;13.98037909;-0.73619389;1.61282786;1.50279539;-2.64109770;-0.09466572;9.19678037;3.66612590
778;77.75769770;0.00000000;13.89246642;-0.78374113;1.63528963;1.47952064;-2.65048691;-0.09322142;9.23653591;3.71713728
779;77.85764332;0.00000000;13.80411722;-0.83046582;1.66257537;1.46364286;-2.65973240;-0.09179315;9.27667068;3.76791147
780;77.95758895;0.00000000;13.71534044;-0.87637937;1.69446474;1.44483546;-2.66883588;-0.09037415;9.31717722;3.81904697
781;78.05753458;0.00000000;13.62615512;-0.92148788;1.73071193;1.41883943;-2.67779769;-0.08896324;9.35805458;3.87066258
782;78.15748020;0.00000000;13.53656975;-0.96580285;1.76648051;1.40039131;-2.68661918;-0.08756174;9.39930301;3.90279828
783;78.25742583;0.00000000;13.44660243;-1.00933095;1.78036187;1.38483201;-2.69530082;-0.08616911;9.44071143;3.87834966
784;78.35737146;0.00000000;13.35626118;-1.05208376;1.79885483;1.35594592;-2.70384391;-0.08478496;9.48168131;3.85414691
785;78.45731708;0.00000000;13.26556320;-1.09406843;1.82183005;1.32744992;-2.71224890;-0.08340943;9.52222089;3.83018559
786;78.55726271;0.00000000;13.17451608;-1.13529657;1.84913311;1.30681963;-2.72051699;-0.08204161;9.56233817;3.80646137
787;78.65720834;0.00000000;13.08313619;-1.17577580;1.88058519;1.29442009;-2.72864855;-0.08068086;9.60204091;3.78297004
788;78.75715396;0.00000000;12.99143069;-1.21551778;1.91241017;1.28531262;-2.73664463;-0.07932725;9.64133665;3.75970752
789;78.85709959;0.00000000;12.89941506;-1.25453056;1.92311068;1.24631138;-2.74450562;-0.07798065;9.68023269;3.73666986
790;78.95704522;0.00000000;12.80709613;-1.29282585;1.93814473;1.21505094;-2.75223250;-0.07664047;9.71873616;3.71385320
791;79.05699085;0.00000000;12.71448854;-1.33041206;1.95742397;1.19213061;-2.75982560;-0.07530636;9.75685397;3.69125378
792;79.15693647;0.00000000;12.62159876;-1.36730096;1.98083702;1.17802443;-2.76728579;-0.07397813;9.79459283;3.66886797
793;79.25688210;0.00000000;12.52844060;-1.40350134;2.00824975;1.17303856;-2.77461338;-0.07265552;9.83195928;3.64669222
794;79.35682773;0.00000000;12.43502025;-1.43902496;2.02750554;1.16197392;-2.78180918;-0.07133823;9.86895968;3.62472306
795;79.45677335;0.00000000;12.34135068;-1.47388096;2.03851007;1.12703722;-2.78887345;-0.07002596;9.90560022;3.60295715
796;79.55671898;0.00000000;12.24743782;-1.50808114;2.05058044;1.09263049;-2.79580692;-0.06871851;9.94188691;3.58139120
797;79.65666461;0.00000000;12.15329384;-1.54163495;2.06674317;1.06676138;-2.80260984;-0.06741558;9.97782562;3.56002204
798;79.75661023;0.00000000;12.05892442;-1.57455419;2.08691562;1.04306665;-2.80928286;-0.06611699;10.01342206;3.53884654
799;79.85655586;0.00000000;11.96434093;-1.60684863;2.11099385;1.02765862;-2.81582620;-0.06482248;10.04868179;3.51786168
800;79.95650149;0.00000000;11.86954886;-1.63853006;2.13885794;1.02248622;-2.82224044;-0.06353186;10.08361025;3.49706451
801;80.05644711;0.00000000;11.77455878;-1.66960854;2.17002304;1.02769156;-2.82852580;-0.06224485;10.11821270;3.47645214
802;80.15639274;0.00000000;11.67937602;-1.70009586;2.18563478;1.00110934;-2.83468277;-0.06096134;10.15249430;3.45602177
803;80.25633837;0.00000000;11.58401034;-1.73000234;2.19023265;0.97101814;-2.84071156;-0.05968103;10.18646009;3.43577066
804;80.35628399;0.00000000;11.48846698;-1.75933975;2.19877499;0.94151378;-2.84661260;-0.05840384;10.22011495;3.41569612
805;80.45622962;0.00000000;11.39275490;-1.78811869;2.21122823;0.91258477;-2.85238608;-0.05712951;10.25346368;3.39579555
806;80.55617525;0.00000000;11.29687923;-1.81635089;2.22753910;0.89341051;-2.85803239;-0.05585793;10.28651093;3.37606640
807;80.65612088;0.00000000;11.20084816;-1.84404720;2.24763522;0.88573135;-2.86355169;-0.05458881;10.31926128;3.35650618
808;80.75606650;0.00000000;11.10466678;-1.87121934;2.27142802;0.88983241;-2.86894430;-0.05332211;10.35171916;3.33711244
809;80.85601213;0.00000000;11.00834247;-1.89787837;2.29813609;0.90292852;-2.87421039;-0.05205756;10.38388892;3.31788283
810;80.95595776;0.00000000;10.91188034;-1.92403599;2.31446550;0.87695459;-2.87935023;-0.05079512;10.41577481;3.29881500
811;81.05590338;0.00000000;10.81528697;-1.94970347;2.31633679;0.85148884;-2.88436397;-0.04953453;10.44738097;3.27990669
812;81.15584901;0.00000000;10.71856749;-1.97489249;2.32201838;0.82651963;-2.88925182;-0.04827577;10.47871146;3.26115568
813;81.25579464;0.00000000;10.62172772;-1.99961451;2.33149474;0.80185573;-2.89401393;-0.04701857;10.50977023;3.24255980
814;81.35574026;0.00000000;10.52477281;-2.02388119;2.34433994;0.78963844;-2.89865047;-0.04576293;10.54056117;3.22411692
815;81.45568589;0.00000000;10.42770784;-2.04770419;2.35725456;0.78795733;-2.90316159;-0.04450858;10.57108805;3.20582497
816;81.55563152;0.00000000;10.33053804;-2.07109511;2.37387309;0.78999468;-2.90754740;-0.04325555;10.60135458;3.18768190
817;81.65557714;0.00000000;10.23326773;-2.09406581;2.39413037;0.80496269;-2.91180804;-0.04200358;10.63136438;3.16968574
818;81.75552277;0.00000000;10.13590224;-2.11662786;2.41391151;0.78373994;-2.91594359;-0.04075269;10.66112100;3.15183453
819;81.85546840;0.00000000;10.03844515;-2.13879326;2.40986092;0.76166856;-2.91995418;-0.03950263;10.69062791;3.13412636
820;81.95541402;0.00000000;9.94090193;-2.16057358;2.40955752;0.73999273;-2.92383986;-0.03825346;10.71988851;3.11655936
821;82.05535965;0.00000000;9.84327542;-2.18198097;2.41301519;0.71870036;-2.92760074;-0.03700493;10.74890611;3.09913172
822;82.15530528;0.00000000;9.74557122;-2.20302697;2.42023013;0.70012945;-2.93123685;-0.03575702;10.77768398;3.08184162
823;82.25525090;0.00000000;9.64779150;-2.22372386;2.43118126;0.69592187;-2.93474828;-0.03450945;10.80622529;3.06468733
824;82.35519653;0.00000000;9.54994202;-2.24408316;2.44583034;0.70632218;-2.93813501;-0.03326260;10.83453318;3.04766711
825;82.45514216;0.00000000;9.45202426;-2.26411728;2.46412377;0.73069517;-2.94139721;-0.03201644;10.86261070;3.03077928
826;82.55508779;0.00000000;9.35404414;-2.28383772;2.47211804;0.71616213;-2.94453482;-0.03077008;10.89046085;3.01402218
827;82.65503341;0.00000000;9.25600250;-2.30325702;2.46689245;0.69674682;-2.94754783;-0.02952248;10.91808656;2.99739420
828;82.75497904;0.00000000;9.15790538;-2.32238667;2.46541546;0.67762651;-2.95043613;-0.02827584;10.94549072;2.98089375
829;82.85492467;0.00000000;9.05975305;-2.34123931;2.46770624;0.65878854;-2.95320001;-0.02703139;10.97267614;2.96451927
830;82.95487029;0.00000000;8.96155183;-2.35982639;2.47376659;0.64022152;-2.95583946;-0.02578555;10.99964559;2.94826922
831;83.05481592;0.00000000;8.86330132;-2.37816065;2.48358146;0.62837459;-2.95835415;-0.02453507;11.02640179;2.93214211
832;83.15476155;0.00000000;8.76500797;-2.39625360;2.49711849;0.63254389;-2.96074369;-0.02327623;11.05294739;2.91613646
833;83.25470717;0.00000000;8.66667093;-2.41411819;2.51433034;0.65031742;-2.96300603;-0.02199460;11.07928500;2.90025084
834;83.35465280;0.00000000;8.56829668;-2.43176624;2.53195704;0.66877661;-2.96514022;-0.02071261;11.10541719;2.88448382
835;83.45459843;0.00000000;8.46988415;-2.44921095;2.52862838;0.65128396;-2.96714627;-0.01942977;11.13134646;2.86883401
836;83.55454405;0.00000000;8.37144003;-2.46646416;2.52282987;0.63398504;-2.96902399;-0.01814130;11.15707528;2.85330004
837;83.65448968;0.00000000;8.27296270;-2.48353922;2.52080224;0.62020921;-2.97077195;-0.01683658;11.18260607;2.83788058
838;83.75443531;0.00000000;8.17445895;-2.50044817;2.52256767;0.61511567;-2.97238941;-0.01552749;11.20794121;2.82257430
839;83.85438093;0.00000000;8.07592689;-2.51720461;2.52813134;0.62629398;-2.97387533;-0.01420666;11.23308301;2.80737992
840;83.95432656;0.00000000;7.97737326;-2.53382078;2.53098341;0.65289604;-2.97522922;-0.01288763;11.25803378;2.79229616
841;84.05427219;0.00000000;7.87879611;-2.55031035;2.52174529;0.65103717;-2.97645166;-0.01157421;11.28279576;2.77732177
842;84.15421782;0.00000000;7.78020221;-2.56668550;2.51633050;0.63478890;-2.97754280;-0.01026090;11.30737116;2.76245553
843;84.25416344;0.00000000;7.68158929;-2.58295990;2.51477661;0.61951898;-2.97850275;-0.00894827;11.33176214;2.74769622
844;84.35410907;0.00000000;7.58296421;-2.59914572;2.51710394;0.62027375;-2.97933147;-0.00763539;11.35597084;2.73304267
845;84.45405470;0.00000000;7.48432446;-2.61525666;2.52331494;0.63698354;-2.98002899;-0.00632231;11.37999934;2.71849372
846;84.55400032;0.00000000;7.38567686;-2.63130489;2.53339376;0.66844004;-2.98059525;-0.00501007;11.40384971;2.70404820
847;84.65394595;0.00000000;7.28701886;-2.64730410;2.52962553;0.65275065;-2.98103057;-0.00370093;11.42752396;2.68970501
848;84.75389158;0.00000000;7.18835733;-2.66326643;2.52492900;0.63680842;-2.98133500;-0.00238904;11.45102407;2.67546303
849;84.85383720;0.00000000;7.08968955;-2.67920561;2.52245910;0.62089302;-2.98150784;-0.00106964;11.47435200;2.66132118
850;84.95378283;0.00000000;6.99102296;-2.69513377;2.52190072;0.60499270;-2.98154884;0.00024691;11.49750968;2.64727838
851;85.05372846;0.00000000;6.89235459;-2.71106471;2.52530339;0.59522205;-2.98145883;0.00155428;11.52049897;2.63333358
852;85.15367408;0.00000000;6.79369061;-2.72701064;2.53266399;0.59510559;-2.98124121;0.00261952;11.54332174;2.61948575
853;85.25361971;0.00000000;6.69502951;-2.74298193;2.52259996;0.60279054;-2.98096203;0.00296710;11.56597982;2.60573387
854;85.35356534;0.00000000;6.59637304;-2.75898249;2.51547489;0.62650233;-2.98064946;0.00320795;11.58847499;2.59207694
855;85.45351096;0.00000000;6.49772173;-2.77501437;2.51234056;0.63687120;-2.98033262;0.00313226;11.61080902;2.57851396
856;85.55345659;0.00000000;6.39907503;-2.79107721;2.51321143;0.64782565;-2.98002332;0.00305876;11.63298365;2.56504397
857;85.65340222;0.00000000;6.30043360;-2.80717015;2.51808262;0.67356552;-2.97972096;0.00299157;11.65500057;2.55166601
858;85.75334784;0.00000000;6.20179688;-2.82329260;2.52671699;0.67788970;-2.97942533;0.00292382;11.67686148;2.53837914
859;85.85329347;0.00000000;6.10316500;-2.83944385;2.51702577;0.66184944;-2.97913658;0.00285444;11.69856803;2.52518244
860;85.95323910;0.00000000;6.00453755;-2.85562327;2.51130644;0.64691617;-2.97885476;0.00278519;11.72012183;2.51207500
861;86.05318473;0.00000000;5.90591479;-2.87183011;2.50958548;0.64722388;-2.97857983;0.00271631;11.74152450;2.49905591
862;86.15313035;0.00000000;5.80729626;-2.88806376;2.50538349;0.66006317;-2.97831179;0.00264740;11.76277760;2.48612429
863;86.25307598;0.00000000;5.70868220;-2.90432347;2.49302145;0.67644626;-2.97805064;0.00257839;11.78388270;2.47327928
864;86.35302161;0.00000000;5.61007216;-2.92060862;2.48464714;0.67942395;-2.97779639;0.00250938;11.80484131;2.46052001
865;86.45296723;0.00000000;5.51146638;-2.93691847;2.48030027;0.66313003;-2.97754904;0.00244037;11.82565494;2.44784564
866;86.55291286;0.00000000;5.41286441;-2.95325241;2.48000133;0.64681576;-2.97730858;0.00237136;11.84632507;2.43525534
867;86.65285849;0.00000000;5.31426648;-2.96960968;2.48375109;0.63666773;-2.97707502;0.00230233;11.86685316;2.42274829
868;86.75280411;0.00000000;5.21567216;-2.98598967;2.49153060;0.64208251;-2.97684837;0.00223330;11.88724065;2.41032368
869;86.85274974;0.00000000;5.11708165;-3.00239164;2.48255743;0.66267935;-2.97662861;0.00216426;11.90748894;2.39798072
870;86.95269537;0.00000000;5.01849454;-3.01881496;2.47560151;0.68170037;-2.97641575;0.00209521;11.92759943;2.38571861
871;87.05264099;0.00000000;4.91991103;-3.03525889;2.47269004;0.66521546;-2.97620979;0.00202616;11.94757350;2.37353660
872;87.15258662;0.00000000;4.82133068;-3.05172282;2.47383660;0.64871134;-2.97601074;0.00195709;11.96741249;2.36143392
873;87.25253225;0.00000000;4.72275372;-3.06820601;2.47903489;0.64352484;-2.97581859;0.00188802;11.98711774;2.34940981
874;87.35247787;0.00000000;4.62417972;-3.08470782;2.48825883;0.65374003;-2.97563334;0.00181895;12.00669056;2.33746354
875;87.45242350;0.00000000;4.52560887;-3.10122752;2.49824265;0.67866242;-2.97545500;0.00174987;12.02613224;2.32559437
876;87.55236913;0.00000000;4.42704076;-3.11776449;2.48966380;0.68483174;-2.97528356;0.00168078;12.04544406;2.31380159
877;87.65231476;0.00000000;4.32847558;-3.13431800;2.48422301;0.67796940;-2.97511902;0.00161167;12.06462728;2.30208449
878;87.75226038;0.00000000;4.22991292;-3.15088740;2.48281298;0.67786260;-2.97496140;0.00154257;12.08368312;2.29044237
879;87.85220601;0.00000000;4.13135296;-3.16747197;2.48543987;0.69232240;-2.97481068;0.00147348;12.10261283;2.27887454
880;87.95215164;0.00000000;4.03279530;-3.18407109;2.49209025;0.71594334;-2.97466686;0.00140439;12.12141759;2.26738032
881;88.05209726;0.00000000;3.93424011;-3.20068401;2.48962570;0.69934147;-2.97452995;0.00133528;12.14009859;2.25595903
882;88.15204289;0.00000000;3.83568700;-3.21731011;2.48154391;0.68272990;-2.97439995;0.00126614;12.15865701;2.24461002
883;88.25198852;0.00000000;3.73713613;-3.23394866;2.47748364;0.67225661;-2.97427687;0.00119685;12.17709400;2.23333263
884;88.35193414;0.00000000;3.63858712;-3.25059902;2.47150419;0.67653526;-2.97416071;0.00112775;12.19541069;2.22212622
885;88.45187977;0.00000000;3.54004013;-3.26726046;2.46043518;0.69529422;-2.97405142;0.00105924;12.21360821;2.21099016
886;88.55182540;0.00000000;3.44149475;-3.28393236;2.45340164;0.71662729;-2.97394898;0.00099036;12.23168766;2.19992381
887;88.65177102;0.00000000;3.34295118;-3.30061399;2.45043766;0.69990283;-2.97385350;0.00092033;12.24965014;2.18892655
888;88.75171665;0.00000000;3.24440898;-3.31730471;2.45155729;0.68317011;-2.97376503;0.00084883;12.26749672;2.17799778
889;88.85166228;0.00000000;3.14586834;-3.33400376;2.45620400;0.67744396;-2.97368400;0.00077273;12.28522847;2.16713690
890;88.95160790;0.00000000;3.04732886;-3.35071044;2.46156869;0.68331513;-2.97361058;0.00069629;12.30284643;2.15634330
891;89.05155353;0.00000000;2.94879068;-3.36742396;2.46612783;0.69310122;-2.97354486;0.00061876;12.32035164;2.14561640
892;89.15149916;0.00000000;2.85025341;-3.38414359;2.45658666;0.71681859;-2.97348689;0.00054141;12.33774511;2.13495563
893;89.25144478;0.00000000;2.75171716;-3.40086854;2.45109247;0.70167969;-2.97343662;0.00046459;12.35502786;2.12436040
894;89.35139041;0.00000000;2.65318156;-3.41759808;2.44967173;0.70051849;-2.97339402;0.00038770;12.37220087;2.11383016
895;89.45133604;0.00000000;2.55464674;-3.43433142;2.45233075;0.71349193;-2.97335913;0.00031059;12.38926514;2.10336435
896;89.55128167;0.00000000;2.45611231;-3.45106783;2.44097691;0.73985761;-2.97333194;0.00023350;12.40622161;2.09296241
897;89.65122729;0.00000000;2.35757840;-3.46780653;2.43263475;0.73220718;-2.97331245;0.00015650;12.42307126;2.08262380
898;89.75117292;0.00000000;2.25904463;-3.48454679;2.42838243;0.71547776;-2.97330065;0.00007949;12.43981503;2.07234799
899;89.85111855;0.00000000;2.16051111;-3.50128780;2.42824066;0.70481753;-2.97329656;0.00000246;12.45645383;2.06213444
900;89.95106417;0.00000000;2.06197747;-3.51802887;2.43220940;0.70824098;-2.97330016;-0.00007456;12.47298861;2.05198264
901;90.05100980;0.00000000;1.96344383;-3.53476918;2.44026783;0.72554953;-2.97331146;-0.00015158;12.48942025;2.04189205
902;90.15095543;0.00000000;1.86490982;-3.55150802;2.45237488;0.74552404;-2.97333046;-0.00022860;12.50574966;2.03186219
903;90.25090105;0.00000000;1.76637555;-3.56824458;2.44930608;0.73230178;-2.97335716;-0.00030561;12.52197772;2.02189252
904;90.35084668;0.00000000;1.66784063;-3.58497816;2.44237514;0.71552577;-2.97339155;-0.00038263;12.53810530;2.01198257
905;90.45079231;0.00000000;1.56930521;-3.60170795;2.43228980;0.70253613;-2.97343364;-0.00045964;12.55413328;2.00213184
906;90.55073793;0.00000000;1.47076889;-3.61843323;2.41827830;0.69669079;-2.97348343;-0.00053665;12.57006249;1.99233983
907;90.65068356;0.00000000;1.37223180;-3.63515320;2.40833113;0.70511334;-2.97354091;-0.00061365;12.58589378;1.98260608
908;90.75062919;0.00000000;1.27369356;-3.65186716;2.40249796;0.72730902;-2.97360609;-0.00069066;12.60162799;1.97293010
909;90.85057481;0.00000000;1.17515430;-3.66857429;2.40080804;0.73245596;-2.97367897;-0.00076766;12.61726592;1.96331142
910;90.95052044;0.00000000;1.07661362;-3.68527388;2.40326934;0.71585926;-2.97375954;-0.00084466;12.63280840;1.95374958
911;91.05046607;0.00000000;0.97807166;-3.70196513;2.40986835;0.70046284;-2.97384781;-0.00092166;12.64825623;1.94424413
912;91.15041170;0.00000000;0.87952804;-3.71864732;2.42057049;0.69916592;-2.97394377;-0.00099866;12.66361019;1.93479460
913;91.25035732;0.00000000;0.78098288;-3.73531966;2.41935952;0.71204631;-2.97404743;-0.00107565;12.67887107;1.92540056
914;91.35030295;0.00000000;0.68243580;-3.75198143;2.41467109;0.73836319;-2.97415879;-0.00115264;12.69403964;1.91606155
915;91.45024858;0.00000000;0.58388693;-3.76863182;2.41271102;0.73139216;-2.97427784;-0.00122964;12.70911666;1.90677715
916;91.55019420;0.00000000;0.48533588;-3.78527012;2.41236349;0.72070240;-2.97440458;-0.00130662;12.72410289;1.89754691
917;91.65013983;0.00000000;0.38678280;-3.80189553;2.41614074;0.72033522;-2.97453902;-0.00138361;12.73899907;1.88837041
918;91.75008546;0.00000000;0.28822728;-3.81850733;2.42402272;0.72415843;-2.97468115;-0.00146059;12.75380594;1.87924723
919;91.85003108;0.00000000;0.18966947;-3.83510472;2.41682789;0.74157081;-2.97483098;-0.00153757;12.76852423;1.87017695
920;91.94997671;0.00000000;0.09110898;-3.85168699;2.40949142;0.74885159;-2.97498850;-0.00161455;12.78315466;1.86115915
921;92.04992234;0.00000000;-0.00745405;-3.86825333;2.40627127;0.73224430;-2.97515371;-0.00169153;12.79769794;1.85219344
922;92.14986796;0.00000000;-0.10602001;-3.88480303;2.40718319;0.71565461;-2.97532662;-0.00176850;12.81215477;1.84327939
923;92.24981359;0.00000000;-0.20458876;-3.90133529;2.41222171;0.70961203;-2.97550722;-0.00184547;12.82652585;1.83441662
924;92.34975922;0.00000000;-0.30316070;-3.91784939;2.42136033;0.71759416;-2.97569551;-0.00192244;12.84081186;1.82560473
925;92.44970484;0.00000000;-0.40173567;-3.93434452;2.41397320;0.73914747;-2.97589150;-0.00199941;12.85501348;1.81684333
926;92.54965047;0.00000000;-0.50031407;-3.95081998;2.40781141;0.75016962;-2.97609518;-0.00207637;12.86913139;1.80813202
927;92.64959610;0.00000000;-0.59889576;-3.96727496;2.40576878;0.73381091;-2.97630655;-0.00215333;12.88316624;1.79947044
928;92.74954172;0.00000000;-0.69748111;-3.98370874;2.40785503;0.71869008;-2.97652561;-0.00223029;12.89711870;1.79085820
929;92.84948735;0.00000000;-0.79606999;-4.00012053;2.41405868;0.71733018;-2.97675237;-0.00230725;12.91098942;1.78229492
930;92.94943298;0.00000000;-0.89466280;-4.01650960;2.42434737;0.72980889;-2.97698681;-0.00238420;12.92477903;1.77378024
931;93.04937861;0.00000000;-0.99325936;-4.03287516;2.43486875;0.74368090;-2.97722895;-0.00246115;12.93848817;1.76531379
932;93.14932423;0.00000000;-1.09186009;-4.04921648;2.43967150;0.75080239;-2.97747877;-0.00253810;12.95211746;1.75689520
933;93.24926986;0.00000000;-1.19046482;-4.06553277;2.43081290;0.73449774;-2.97773629;-0.00261504;12.96566754;1.74852413
934;93.34921549;0.00000000;-1.28907395;-4.08182332;2.42601674;0.71822190;-2.97800150;-0.00269198;12.97913901;1.74020021
935;93.44916111;0.00000000;-1.38768732;-4.09808730;2.42530635;0.70772626;-2.97827439;-0.00276892;12.99253248;1.73192310
936;93.54910674;0.00000000;-1.48630533;-4.11432402;2.42868456;0.71128587;-2.97855498;-0.00284586;13.00584855;1.72369244
937;93.64905237;0.00000000;-1.58492781;-4.13053267;2.43613358;0.72869553;-2.97884326;-0.00292279;13.01908782;1.71550790
938;93.74899799;0.00000000;-1.68355516;-4.14671252;2.42845685;0.75380544;-2.97913922;-0.00299972;13.03225087;1.70736913
939;93.84894362;0.00000000;-1.78218722;-4.16286279;2.42073264;0.73761713;-2.97944287;-0.00307664;13.04533828;1.69927580
940;93.94888925;0.00000000;-1.88082438;-4.17898275;2.41708917;0.72146006;-2.97975421;-0.00315356;13.05835063;1.69122758
941;94.04883487;0.00000000;-1.97946647;-4.19507159;2.41754412;0.71573786;-2.98007324;-0.00323048;13.07128849;1.68322413
942;94.14878050;0.00000000;-2.07811390;-4.21112861;2.42209443;0.72393452;-2.98039996;-0.00330739;13.08415242;1.67526513
943;94.24872613;0.00000000;-2.17676648;-4.22715300;2.43071631;0.74559185;-2.98073436;-0.00338430;13.09694298;1.66735026
944;94.34867175;0.00000000;-2.27542463;-4.24314404;2.44184852;0.75783605;-2.98107645;-0.00346121;13.10966072;1.65947920
945;94.44861738;0.00000000;-2.37408815;-4.25910092;2.43236835;0.74196913;-2.98142623;-0.00353812;13.12230618;1.65165162
946;94.54856301;0.00000000;-2.47275747;-4.27502294;2.42582048;0.72735982;-2.98178369;-0.00361502;13.13487991;1.64386723
947;94.64850864;0.00000000;-2.57143237;-4.29090928;2.42334427;0.72155087;-2.98214884;-0.00369191;13.14738243;1.63612570
948;94.74845426;0.00000000;-2.67011328;-4.30675924;2.42495142;0.72110621;-2.98252167;-0.00376880;13.15981429;1.62842674
949;94.84839989;0.00000000;-2.76880000;-4.32257200;2.43063307;0.73442840;-2.98290219;-0.00384569;13.17217599;1.62077004
950;94.94834552;0.00000000;-2.86749295;-4.33834686;2.44036001;0.76079536;-2.98329039;-0.00392258;13.18446806;1.61315529
951;95.04829114;0.00000000;-2.96619192;-4.35408299;2.45408335;0.74594183;-2.98368628;-0.00399946;13.19669102;1.60558220
952;95.14823677;0.00000000;-3.06489733;-4.36977970;2.45994598;0.73025733;-2.98408985;-0.00407633;13.20884535;1.59805048
953;95.24818240;0.00000000;-3.16360896;-4.38543616;2.45056058;0.71461576;-2.98450110;-0.00415321;13.22093158;1.59055984
954;95.34812802;0.00000000;-3.26232725;-4.40105168;2.44518619;0.69901797;-2.98492004;-0.00423008;13.23295020;1.58310997
955;95.44807365;0.00000000;-3.36105197;-4.41662543;2.44384853;0.68912445;-2.98534665;-0.00430694;13.24490169;1.57570061
956;95.54801928;0.00000000;-3.45978354;-4.43215671;2.44655344;0.69368324;-2.98578095;-0.00438380;13.25678655;1.56833146
957;95.64796490;0.00000000;-3.55852175;-4.44764470;2.45328678;0.71241765;-2.98622294;-0.00446065;13.26860525;1.56100225
958;95.74791053;0.00000000;-3.65726702;-4.46308870;2.45737082;0.73739107;-2.98667260;-0.00453751;13.28035828;1.55371270
959;95.84785616;0.00000000;-3.75601911;-4.47848789;2.44892301;0.72195835;-2.98712994;-0.00461435;13.29204610;1.54646252
960;95.94780178;0.00000000;-3.85477846;-4.49384156;2.44448961;0.70657200;-2.98759497;-0.00469120;13.30366919;1.53925146
961;96.04774741;0.00000000;-3.95354484;-4.50914890;2.44409169;0.70170548;-2.98806767;-0.00476803;13.31522800;1.53207923
962;96.14769304;0.00000000;-4.05231866;-4.52440920;2.44686625;0.70935042;-2.98854806;-0.00484487;13.32672300;1.52494558
963;96.24763867;0.00000000;-4.15109969;-4.53962164;2.45062504;0.71956732;-2.98903612;-0.00492170;13.33815464;1.51785024
964;96.34758429;0.00000000;-4.24988837;-4.55478551;2.45839570;0.74325248;-2.98953186;-0.00499852;13.34952337;1.51079294
965;96.44752992;0.00000000;-4.34868443;-4.56990001;2.47013960;0.73121104;-2.99003528;-0.00507534;13.36082964;1.50377342
966;96.54747555;0.00000000;-4.44748833;-4.58496441;2.48382838;0.71623643;-2.99054638;-0.00515216;13.37207388;1.49679144
967;96.64742117;0.00000000;-4.54629979;-4.59997790;2.47262952;0.70131796;-2.99106515;-0.00522897;13.38325653;1.48984672
968;96.74736680;0.00000000;-4.64511926;-4.61493978;2.46538253;0.68645658;-2.99159160;-0.00530578;13.39437802;1.48293903
969;96.84731243;0.00000000;-4.74394648;-4.62984923;2.46212158;0.67240861;-2.99212573;-0.00538258;13.40543879;-11.67828643
970;96.94725805;0.00000000;-4.84278188;-4.64470554;2.46286171;0.67312289;-2.99266754;-0.00545938;13.31808552;-11.70763785
971;97.04720368;0.00000000;-4.94162519;-4.65950789;2.46759856;0.68855422;-2.99321701;-0.00553618;13.22993376;-11.69828249
972;97.14714931;0.00000000;-5.04047686;-4.67425557;2.47630844;0.71775477;-2.99377417;-0.00561297;13.14126185;-11.68928420
973;97.24709493;0.00000000;-5.13933660;-4.68894777;2.48894885;0.71109657;-2.99433900;-0.00568975;13.05205644;-11.68064172
974;97.34704056;0.00000000;-5.23820487;-4.70358378;2.49327733;0.69647495;-2.99491150;-0.00576653;12.96230378;-11.67235561
975;97.44698619;0.00000000;-5.33708136;-4.71816277;2.48308552;0.68191259;-2.99549168;-0.00584331;12.87198965;-11.66442482
976;97.54693181;0.00000000;-5.43596655;-4.73268404;2.47682960;0.66741032;-2.99607953;-0.00592008;12.78109936;-11.65685012
977;97.64687744;0.00000000;-5.53486012;-4.74714678;2.47453867;0.65871110;-2.99667505;-0.00599685;12.68961775;-11.64963012
978;97.74682307;0.00000000;-5.63376253;-4.76155026;2.47622297;0.66514754;-2.99727825;-0.00607361;12.59752910;-11.64276521
979;97.84676869;0.00000000;-5.73267347;-4.77589368;2.48187362;0.68629464;-2.99788911;-0.00615037;12.50481717;-11.63625501
980;97.94671432;0.00000000;-5.83159341;-4.79017633;2.49146292;0.70896124;-2.99850765;-0.00622713;12.41146514;-11.63010107
981;98.04665995;0.00000000;-5.93052202;-4.80439737;2.50494481;0.69604787;-2.99913386;-0.00630387;12.31745556;-11.62430033
982;98.14660558;0.00000000;-6.02945977;-4.81855612;2.49882249;0.68186155;-2.99976774;-0.00638062;12.22277037;-11.61885077
983;98.24655120;0.00000000;-6.12840633;-4.83265173;2.48956996;0.66773903;-3.00040929;-0.00645739;12.12739085;-11.61375810
984;98.34649683;0.00000000;-6.22736216;-4.84668352;2.48424259;0.65368106;-3.00105852;-0.00653413;12.03129752;-11.60903247
985;98.44644246;0.00000000;-6.32632693;-4.86065065;2.48286489;0.63968845;-3.00171540;-0.00661078;11.93447008;-11.60465061
986;98.54638808;0.00000000;-6.42530112;-4.87455242;2.48544266;0.62967369;-3.00237995;-0.00668750;11.83688759;-11.60058154
987;98.64633371;0.00000000;-6.52428438;-4.88838800;2.49196286;0.62714339;-3.00305219;-0.00676452;11.73852857;-11.59690000
988;98.74627934;0.00000000;-6.62327715;-4.90215668;2.50239392;0.64046201;-3.00373212;-0.00684129;11.63937001;-11.59371446
989;98.84622496;0.00000000;-6.72227909;-4.91585765;2.51610681;0.66868387;-3.00441966;-0.00691700;11.53938699;-11.59076766
990;98.94617059;0.00000000;-6.82129076;-4.92949020;2.52975139;0.67186055;-3.00511477;-0.00699355;11.43855581;-11.58769931
991;99.04611622;0.00000000;-6.92031174;-4.94305352;2.54013070;0.65838698;-3.00581776;-0.00707379;11.33685491;-11.58549413
992;99.14606184;0.00000000;-7.01934246;-4.95654685;2.52792934;0.64498772;-3.00652873;-0.00715013;11.23425299;-11.58549399
993;99.24600747;0.00000000;-7.11838272;-4.96996942;2.51956519;0.63166374;-3.00724634;-0.00720982;11.13070534;-11.58388565
994;99.34595310;0.00000000;-7.21743207;-4.98332053;2.51507593;0.61841599;-3.00797009;-0.00728847;11.02619989;-11.57299059
995;99.44589872;0.00000000;-7.31649027;-4.99659930;2.51448138;0.60524561;-3.00870642;-0.00744621;10.92079413;-11.51735737
996;99.54584435;0.00000000;-7.41555997;-5.00980453;2.51778281;0.59246795;-3.00946218;-0.00799234;10.81487519;-11.27427418
997;99.64578998;0.00000000;-7.51463706;-5.02292839;2.52495746;0.59648035;-3.01037092;-0.01019256;10.71017724;-11.02392485
998;99.74573561;0.00000000;-7.61373328;-5.03595207;2.53595326;0.61697562;-3.01150095;-0.01254172;10.60680491;-10.71189695
999;99.84568123;0.00000000;-7.71283983;-5.04885004;2.54885206;0.65121645;-3.01290410;-0.01553733;10.50538414;-10.41230945
1000;99.94562686;0.00000000;-7.81197303;-5.06159496;2.56159805;0.63848559;-3.01460667;-0.01852842;10.40585250;-10.12590961
1001;100.04557249;0.00000000;-7.91112300;-5.07415545;2.57415984;0.62594052;-3.01660711;-0.02150305;10.30813686;-9.85021786
1002;100.14551811;0.00000000;-8.01030608;-5.08650362;2.56923583;0.61360883;-3.01890493;-0.02447959;10.21218454;-9.58354436
1003;100.24546374;0.00000000;-8.10951265;-5.09860828;2.56090885;0.60152179;-3.02150094;-0.02747025;10.11795663;-9.32695201
1004;100.34540937;0.00000000;-8.20875861;-5.11044131;2.55317178;0.59590284;-3.02439597;-0.03046103;10.02540126;-9.07948267
1005;100.44535499;0.00000000;-8.30803355;-5.12197136;2.54837384;0.60074679;-3.02759007;-0.03345754;9.93447337;-8.84144882
1006;100.54530062;0.00000000;-8.40735310;-5.13317013;2.54715663;0.61315653;-3.03108381;-0.03645293;9.84512229;-8.61240883
1007;100.64524625;0.00000000;-8.50670610;-5.14400624;2.54949556;0.64143482;-3.03487667;-0.03944795;9.75729920;-8.39196276
1008;100.74519187;0.00000000;-8.60610783;-5.15445126;2.55535134;0.64605811;-3.03896910;-0.04244316;9.67095692;-8.17925402
1009;100.84513750;0.00000000;-8.70554621;-5.16447385;2.56466925;0.63602243;-3.04336094;-0.04544429;9.58605479;-7.97473342
1010;100.94508313;0.00000000;-8.80503588;-5.17404533;2.55228272;0.62643954;-3.04805300;-0.04844323;9.50254529;-7.77869005
1011;101.04502875;0.00000000;-8.90456413;-5.18313442;2.53855911;0.61734021;-3.05304396;-0.05143339;9.42037551;-7.59211981
1012;101.14497438;0.00000000;-9.00414399;-5.19171229;2.52820144;0.60875373;-3.05833392;-0.05439992;9.33947945;-7.42332064
1013;101.24492001;0.00000000;-9.10376236;-5.19974823;2.52122335;0.60071028;-3.06391286;-0.05724315;9.25969868;-7.26040883
1014;101.34486563;0.00000000;-9.20343188;-5.20721462;2.51762366;0.59323795;-3.06977633;-0.06009493;9.18099817;-7.09914266
1015;101.44481126;0.00000000;-9.30313709;-5.21408166;2.51738892;0.59866479;-3.07592766;-0.06300374;9.10338788;-6.94181458
1016;101.54475689;0.00000000;-9.40289179;-5.22032125;2.52049114;0.62096171;-3.08237046;-0.06594160;9.02685232;-6.77755035
1017;101.64470252;0.00000000;-9.50267756;-5.22590263;2.52607411;0.65843951;-3.08911564;-0.06904112;8.95149651;-6.61925749
1018;101.74464814;0.00000000;-9.60250716;-5.23079570;2.53096830;0.67018061;-3.09617137;-0.07214403;8.87728326;-6.46727767
1019;101.84459377;0.00000000;-9.70236221;-5.23496853;2.53514200;0.66602002;-3.10353646;-0.07524345;8.80416980;-6.32082330
1020;101.94453940;0.00000000;-9.80225239;-5.23839053;2.51565462;0.66260737;-3.11121203;-0.07834691;8.73212051;-6.17953770
1021;102.04448502;0.00000000;-9.90216001;-5.24103008;2.49666851;0.65997512;-3.11919759;-0.08145680;8.66110230;-6.04333584
1022;102.14443065;0.00000000;-10.00209178;-5.24285628;2.48075828;0.65815369;-3.12749475;-0.08457213;8.59108160;-5.91202960
1023;102.24437628;0.00000000;-10.10202989;-5.24383767;2.46795539;0.65922614;-3.13610306;-0.08769340;8.52202558;-5.78531257
1024;102.34432190;0.00000000;-10.20197776;-5.24394313;2.45827685;0.67610713;3.13816111;-0.09082286;8.45390363;-5.66301969
1025;102.44426753;0.00000000;-10.30191794;-5.24314136;2.45038653;0.70604181;3.12892720;-0.09396102;8.38668579;-5.54504523
1026;102.54421316;0.00000000;-10.40185013;-5.24140102;2.44299969;0.73876868;3.11937878;-0.09710767;8.32034209;-5.43154175
1027;102.64415878;0.00000000;-10.50175730;-5.23869097;2.43871864;0.76132387;3.10951606;-0.10025898;8.25483948;-5.32167900
1028;102.74410441;0.00000000;-10.60163515;-5.23497985;2.42290453;0.76503437;3.09933742;-0.10342544;8.19015371;-5.21404681
1029;102.84405004;0.00000000;-10.70146722;-5.23023656;2.39356723;0.76977674;3.08884073;-0.10662667;8.12627685;-5.10980914
1030;102.94399566;0.00000000;-10.80124425;-5.22442959;2.36705362;0.77558252;3.07802310;-0.10984436;8.06318605;-5.00896388
1031;103.04394129;0.00000000;-10.90095104;-5.21752760;2.34343170;0.78248298;3.06688320;-0.11307736;8.00085753;-4.91216843
1032;103.14388692;0.00000000;-11.00057305;-5.20949925;2.32276078;0.79727874;3.05541939;-0.11631430;7.93925826;-4.82582852
1033;103.24383255;0.00000000;-11.10009607;-5.20031340;2.30509087;0.82511506;3.04363752;-0.11945303;7.87827270;-4.74263521
1034;103.34377817;0.00000000;-11.19950053;-5.18994020;2.29046304;0.86475731;3.03154106;-0.12260705;7.81787499;-4.66572157
1035;103.44372380;0.00000000;-11.29877316;-5.17834945;2.27888969;0.91469480;3.01913121;-0.12572496;7.75799797;-4.59108452
1036;103.54366943;0.00000000;-11.39788852;-5.16551268;2.26605395;0.93545939;3.00640882;-0.12887112;7.69862422;-4.51785944
1037;103.64361505;0.00000000;-11.49683512;-5.15139967;2.25192239;0.94951266;2.99336923;-0.13205989;7.63974700;-4.44687004
1038;103.74356068;0.00000000;-11.59558084;-5.13598285;2.22164434;0.96486296;2.98001020;-0.13527754;7.58134842;-4.37848162
1039;103.84350631;0.00000000;-11.69411607;-5.11923119;2.18030446;0.98154228;2.96632762;-0.13851777;7.52340506;-4.31206312
1040;103.94345193;0.00000000;-11.79240182;-5.10111850;2.14154534;1.00826663;2.95232056;-0.14179158;7.46590115;-4.24811019
1041;104.04339756;0.00000000;-11.89043015;-5.08161299;2.10547946;1.04521194;2.93798385;-0.14509040;7.40881366;-4.18590685
1042;104.14334319;0.00000000;-11.98815502;-5.06069023;2.07223081;1.09135518;2.92331697;-0.14842725;7.35212852;-4.12585722
1043;104.24328881;0.00000000;-12.08557003;-5.03831749;2.04190472;1.14561337;2.90831344;-0.15179520;7.29582558;-4.06734068
1044;104.34323444;0.00000000;-12.18262201;-5.01447249;2.01461487;1.18593021;2.89297299;-0.15520612;7.23989262;-4.01079135
1045;104.44318007;0.00000000;-12.27930581;-4.98912139;1.98930761;1.21136113;2.87728786;-0.15865249;7.18431089;-3.95553124
1046;104.54312569;0.00000000;-12.37556096;-4.96224448;1.96248800;1.23833565;2.86125810;-0.16214784;7.12907055;-3.90214563
1047;104.64307132;0.00000000;-12.47138337;-4.93380664;1.93412415;1.26689129;2.84487461;-0.16568168;7.07415310;-3.84982139
1048;104.74301695;0.00000000;-12.56670517;-4.90379120;1.90420457;1.29704952;2.82813795;-0.16927077;7.01955102;-3.79888329
1049;104.84296257;0.00000000;-12.66152297;-4.87216164;1.87269782;1.32870964;2.81103712;-0.17290967;6.96525182;-3.74876208
1050;104.94290820;0.00000000;-12.75576156;-4.83890475;1.83956961;1.36175487;2.79357277;-0.17661096;6.91125084;-3.69928369
1051;105.04285383;0.00000000;-12.84941767;-4.80398244;1.80449858;1.39648338;2.77573165;-0.18037942;6.85754575;-3.65041064
1052;105.14279946;0.00000000;-12.94240881;-4.76738534;1.76775594;1.43290992;2.75751420;-0.18421715;6.80413467;-3.60266828
1053;105.24274508;0.00000000;-13.03473124;-4.72907372;1.72930968;1.47108248;2.73890625;-0.18811439;6.75100783;-3.55524144
1054;105.34269071;0.00000000;-13.12629536;-4.68904263;1.68916322;1.51101348;2.71990922;-0.19208994;6.69816729;-3.50774070
1055;105.44263634;0.00000000;-13.21709631;-4.64725081;1.64728788;1.55275378;2.70050590;-0.19615380;6.64562099;-3.46030240
1056;105.54258196;0.00000000;-13.30703758;-4.60369805;1.60369867;1.59631349;2.68069693;-0.20030448;6.59337502;-3.41284414
1057;105.64252759;0.00000000;-13.39611224;-4.55834162;1.55837332;1.64174648;2.66046358;-0.20454534;6.54143688;-3.36510853
1058;105.74247322;0.00000000;-13.48421721;-4.51118650;1.51134317;1.68906044;2.63980690;-0.20888375;6.48981823;-3.31671149
1059;105.84241884;0.00000000;-13.57134261;-4.46218880;1.46259768;1.73831211;2.61870567;-0.21333005;6.43853703;-3.26748773
1060;105.94236447;0.00000000;-13.65737908;-4.41135912;1.41219205;1.78918907;2.59716049;-0.21788951;6.38761433;-3.21355632
1061;106.04231010;0.00000000;-13.74231267;-4.35865261;1.35914170;1.84157965;2.57514304;-0.22265584;6.33713303;-3.15824135
1062;106.14225572;0.00000000;-13.82602763;-4.30408527;1.30424214;1.87194528;2.55264949;-0.22754955;6.28712575;-3.09705482
1063;106.24220135;0.00000000;-13.90850451;-4.24761123;1.25170278;1.89505982;2.52964821;-0.23268111;6.23769798;-3.03414190
1064;106.34214698;0.00000000;-13.98962108;-4.18925229;1.19639778;1.92060955;2.50613400;-0.23794681;6.18889147;-2.97183827
1065;106.44209260;0.00000000;-14.06935146;-4.12896240;1.14503589;1.95319631;2.48208305;-0.24328670;6.14071113;-2.90681918
1066;106.54203823;0.00000000;-14.14756785;-4.06677121;1.09818721;1.99248588;2.45749787;-0.24878492;6.09321635;-2.83794473
1067;106.64198386;0.00000000;-14.22423811;-4.00263407;1.05639954;2.03814057;2.43234639;-0.25446906;6.04648701;-2.76533178
1068;106.74192949;0.00000000;-14.29922796;-3.93658937;1.02029670;2.08973558;2.40662556;-0.26033282;6.00060326;-2.69096503
1069;106.84187511;0.00000000;-14.37249835;-3.86859355;0.99044358;2.14689053;2.38030466;-0.26631885;5.95561408;-2.61169606
1070;106.94182074;0.00000000;-14.44390881;-3.79869533;0.96740169;2.20265224;2.35338387;-0.27250771;5.91162278;-2.52762676
1071;107.04176637;0.00000000;-14.51341297;-3.72685363;0.94096959;2.22555921;2.32582629;-0.27888947;5.86873355;-2.43684388
1072;107.14171199;0.00000000;-14.58086408;-3.65312847;0.90862768;2.25531536;2.29762823;-0.28550848;5.82708586;-2.33930900
1073;107.24165762;0.00000000;-14.64620717;-3.57748199;0.85947773;2.29171289;2.26874798;-0.29235384;5.78682316;-2.23305376
1074;107.34160325;0.00000000;-14.70928940;-3.49998660;0.81691459;2.32698354;2.23918016;-0.29946705;5.74812616;-2.11662135
1075;107.44154887;0.00000000;-14.77004619;-3.42060901;0.78195248;2.34137764;2.20887690;-0.30687095;5.71120480;-1.98820449
1076;107.54149450;0.00000000;-14.82831820;-3.33943585;0.75563505;2.36290322;2.17782847;-0.31459396;5.67630474;-1.84667752
1077;107.64144013;0.00000000;-14.88403000;-3.25643993;0.73643861;2.39143706;2.14598124;-0.32263845;5.64369567;-1.68841732
1078;107.74138575;0.00000000;-14.93701688;-3.17172256;0.71414624;2.42675806;2.11332389;-0.33107431;5.61371544;-1.49998836
1079;107.84133138;0.00000000;-14.98719035;-3.08526537;0.68869988;2.44586059;2.07977312;-0.34025409;5.58694608;-1.28801597
1080;107.94127701;0.00000000;-15.03437592;-2.99718750;0.66009607;2.46580876;2.04529497;-0.34989923;5.56385687;-1.05026240
1081;108.04122263;0.00000000;-15.07846800;-2.90748265;0.62861123;2.49143935;2.00981706;-0.35999464;5.54495853;-0.78847915
1082;108.14116826;0.00000000;-15.11929246;-2.81627649;0.60843967;2.52197927;1.97332587;-0.37038770;5.53072825;-0.48283699
1083;108.24111389;0.00000000;-15.15672495;-2.72359097;0.60063238;2.54093385;1.93574904;-0.38157136;5.52199602;-0.19131526
1084;108.34105951;0.00000000;-15.19058359;-2.62957920;0.60557261;2.55710720;1.89704157;-0.39161812;5.51853222;-0.14808137
1085;108.44100514;0.00000000;-15.22075584;-2.53428756;0.62286493;2.56778646;1.85780814;-0.39341638;5.51584968;-0.11752559
1086;108.54095077;0.00000000;-15.24714976;-2.43791611;0.61383026;2.55325045;1.81840015;-0.39472249;5.51371974;-0.11752559
1087;108.64089640;0.00000000;-15.26973120;-2.34055321;0.60289768;2.53062738;1.77901755;-0.39338107;5.51158897;-0.06741262
1088;108.74084202;0.00000000;-15.28846412;-2.24239803;0.59674295;2.51186704;1.73976542;-0.39131872;5.51036639;0.00056186
1089;108.84078765;0.00000000;-15.30335031;-2.14357551;0.60335066;2.49696438;1.70094684;-0.38552266;5.51037658;0.17651033
1090;108.94073328;0.00000000;-15.31441843;-2.04425490;0.61441934;2.48588743;1.66270849;-0.37910199;5.51357715;0.35795693
1091;109.04067890;0.00000000;-15.32171825;-1.94458682;0.62171962;2.47858381;1.62524601;-0.37067948;5.52006209;0.58719771
1092;109.14062453;0.00000000;-15.32532129;-1.84470660;0.62532280;2.47497984;1.58859310;-0.36285802;5.53068360;0.78248176
1093;109.24057016;0.00000000;-15.32530005;-1.74477028;0.62530159;2.47500059;1.55269547;-0.35558835;5.54480589;0.94862703
1094;109.34051578;0.00000000;-15.32172718;-1.64488977;0.62172889;2.47857167;1.51749803;-0.34879521;5.56187870;1.09060886
1095;109.44046141;0.00000000;-15.31467546;-1.54520150;0.61467781;2.48561823;1.48296069;-0.34241827;5.58144227;1.21238535
1096;109.54040704;0.00000000;-15.30421585;-1.44580646;0.60421996;2.49606791;1.44903733;-0.33646102;5.60311012;1.31549199
1097;109.64035266;0.00000000;-15.29042091;-1.34682529;0.59830969;2.50984668;1.41569426;-0.33084207;5.62652631;1.40388485
1098;109.74029829;0.00000000;-15.27335959;-1.24834703;0.60571394;2.52445584;1.38289261;-0.32557156;5.65140891;1.47828932
1099;109.84024392;0.00000000;-15.25310411;-1.15048097;0.62600272;2.52160138;1.35060220;-0.32066518;5.67749238;1.53909328
1100;109.94018954;0.00000000;-15.22972145;-1.05330899;0.63053204;2.52590609;1.31878529;-0.31585323;5.70452198;1.59583926
1101;110.04013517;0.00000000;-15.20328451;-0.95692749;0.61454166;2.53376624;1.28746975;-0.31085603;5.73241357;1.65806177
1102;110.14008080;0.00000000;-15.17386723;-0.86141662;0.59815350;2.54840809;1.25665441;-0.30533916;5.76124964;1.73686857
1103;110.24002643;0.00000000;-15.14155021;-0.76684781;0.59519678;2.55215538;1.22647201;-0.29866972;5.79130229;1.85320489
1104;110.33997205;0.00000000;-15.10642372;-0.67328203;0.60593623;2.55142268;1.19695530;-0.29189199;5.82319686;1.97096418
1105;110.43991768;0.00000000;-15.06858275;-0.58078057;0.61953473;2.54664229;1.16812220;-0.28514868;5.85692754;2.08576181
1106;110.53986331;0.00000000;-15.02811911;-0.48939112;0.62671364;2.53408844;1.13994103;-0.27883253;5.89241256;2.18456424
1107;110.63980893;0.00000000;-14.98512659;-0.39916923;0.64037464;2.52821242;1.11237717;-0.27278006;5.92935081;2.27390475
1108;110.73975456;0.00000000;-14.93969021;-0.31015250;0.65836073;2.52900419;1.08540472;-0.26707532;5.96755685;2.35131544
1109;110.83970019;0.00000000;-14.89189395;-0.22238018;0.68682038;2.53640022;1.05898131;-0.26171214;6.00680798;2.41748419
1110;110.93964581;0.00000000;-14.84181772;-0.13588697;0.71273158;2.53941588;1.03308663;-0.25644246;6.04689805;2.48183356
1111;111.03959144;0.00000000;-14.78954137;-0.05070576;0.73612786;2.51823761;1.00771696;-0.25125739;6.08778062;2.54485948
1112;111.13953707;0.00000000;-14.73514251;0.03313575;0.75702980;2.49739917;0.98285314;-0.24636686;6.12941824;2.59881588
1113;111.23948269;0.00000000;-14.67869577;0.11561246;0.77528803;2.46948512;0.95846376;-0.24170748;6.17164877;2.64629722
1114;111.33942832;0.00000000;-14.62027355;0.19670102;0.79120693;2.42146117;0.93453374;-0.23717374;6.21435598;2.69148057
1115;111.43937395;0.00000000;-14.55994479;0.27638317;0.80481345;2.37381966;0.91105064;-0.23276417;6.25749340;2.73446284
1116;111.53931957;0.00000000;-14.49777942;0.35463941;0.82771196;2.33160954;0.88800066;-0.22852069;6.30101729;2.77359991
1117;111.63926520;0.00000000;-14.43384210;0.43145657;0.85955499;2.29511300;0.86536724;-0.22440971;6.34485912;2.81025749
1118;111.73921083;0.00000000;-14.36819918;0.50681908;0.89941316;2.26458756;0.84313897;-0.22042329;6.38897356;2.84474605
1119;111.83915645;0.00000000;-14.30091044;0.58071893;0.94088113;2.23315208;0.82130300;-0.21654700;6.43332130;2.87763685
1120;111.93910208;0.00000000;-14.23203969;0.65314353;0.96747271;2.18759912;0.79984923;-0.21278533;6.47787291;2.90870255
1121;112.03904771;0.00000000;-14.16164245;0.72408904;1.00140426;2.14769377;0.77876592;-0.20912067;6.52259623;2.93864662
1122;112.13899334;0.00000000;-14.08977985;0.79354577;1.04197541;2.10859475;0.75804446;-0.20555561;6.56747070;2.96730334
1123;112.23893896;0.00000000;-14.01650315;0.86151373;1.08846051;2.05540476;0.73767431;-0.20207693;6.61247377;2.99519212
1124;112.33888459;0.00000000;-13.94187119;0.92798571;1.14014428;2.00073864;0.71764804;-0.19868581;6.65759131;3.02219761
1125;112.43883022;0.00000000;-13.86593121;0.99296500;1.19474012;1.94780186;0.69795620;-0.19537139;6.70280784;3.04874325
1126;112.53877584;0.00000000;-13.78873985;1.05644669;1.22788042;1.89982494;0.67859226;-0.19213710;6.74811456;3.07460478
1127;112.63872147;0.00000000;-13.71034048;1.11843695;1.26631698;1.85774487;0.65954735;-0.18897248;6.79349959;3.10019643
1128;112.73866710;0.00000000;-13.63078767;1.17893291;1.30959498;1.82196009;0.64081613;-0.18587099;6.83895744;3.12575484
1129;112.83861272;0.00000000;-13.55012113;1.23794331;1.35726709;1.77035169;0.62239131;-0.18282844;6.88448617;3.15141020
1130;112.93855835;0.00000000;-13.46839358;1.29546721;1.40360630;1.72319229;0.60426796;-0.17985461;6.93008580;3.17662580
1131;113.03850398;0.00000000;-13.38564117;1.35151549;1.45311588;1.68230938;0.58643799;-0.17693983;6.97574863;3.20180300
1132;113.13844960;0.00000000;-13.30191479;1.40608883;1.50616863;1.64816032;0.56889609;-0.17411763;7.02147287;3.22522280
1133;113.23839523;0.00000000;-13.21724687;1.45919975;1.55919941;1.62115066;0.55163140;-0.17136372;7.06723250;3.24802423
1134;113.33834086;0.00000000;-13.13168639;1.51084998;1.61091170;1.58945712;0.53463943;-0.16868457;7.11301812;3.26980783
1135;113.43828648;0.00000000;-13.04526237;1.56105328;1.66128342;1.53904867;0.51791104;-0.16606413;7.15881504;3.29132184
1136;113.53823211;0.00000000;-12.95802200;1.60981250;1.68529968;1.49019613;0.50144289;-0.16349477;7.20461930;3.31289034
1137;113.63817774;0.00000000;-12.86999135;1.65714247;1.70727875;1.44287485;0.48522833;-0.16097084;7.25043151;3.33474096
1138;113.73812337;0.00000000;-12.78121590;1.70304735;1.73320784;1.39707131;0.46926454;-0.15849508;7.29625538;3.35666143
1139;113.83806899;0.00000000;-12.69171900;1.74754292;1.76293255;1.35433664;0.45354515;-0.15606124;7.34209165;3.37892169
1140;113.93801462;0.00000000;-12.60154443;1.79063455;1.79627640;1.31928742;0.43806781;-0.15366899;7.38794469;3.40147708
1141;114.03796025;0.00000000;-12.51071308;1.83233874;1.83305999;1.29253017;0.42282677;-0.15131475;7.43381815;3.42446470
1142;114.13790587;0.00000000;-12.41926699;1.87266207;1.87308922;1.27457376;0.40782007;-0.14899594;7.47971743;3.44796907
1143;114.23785150;0.00000000;-12.32722492;1.91162157;1.91189078;1.26299802;0.39304260;-0.14671099;7.52564892;3.47202277
1144;114.33779713;0.00000000;-12.23462710;1.94922500;1.94938174;1.25113448;0.37849270;-0.14445789;7.57161929;3.49668727
1145;114.43774275;0.00000000;-12.14149035;1.98548982;1.98557042;1.21506809;0.36416565;-0.14223563;7.61763584;3.52196923
1146;114.53768838;0.00000000;-12.04785309;2.02042489;2.02045791;1.18036390;0.35006007;-0.14004080;7.66370581;3.54801989
1147;114.63763401;0.00000000;-11.95373042;2.05404798;2.05405575;1.14699865;0.33617172;-0.13787403;7.70983818;3.57475515
1148;114.73757963;0.00000000;-11.85915888;2.08636900;2.08636868;1.11456430;0.32249937;-0.13573208;7.75604069;3.60232477
1149;114.83752526;0.00000000;-11.76415210;2.11740592;2.11741045;1.08335671;0.30903915;-0.13361548;7.80232275;3.63065478
1150;114.93747089;0.00000000;-11.66874470;2.14716966;2.14718858;1.05344849;0.29579006;-0.13152008;7.84869266;3.65995997
1151;115.03741651;0.00000000;-11.57294896;2.17567833;2.17571835;1.02481867;0.28274860;-0.12944786;7.89516121;3.69008176
1152;115.13736214;0.00000000;-11.47679755;2.20294378;2.20300947;0.99745205;0.26991387;-0.12739508;7.94173693;3.72121880
1153;115.23730777;0.00000000;-11.38030173;2.22898414;2.22907822;0.97132812;0.25728265;-0.12536393;7.98843067;3.75319977
1154;115.33725340;0.00000000;-11.28349220;2.25381214;2.25393600;0.94643145;0.24485406;-0.12335119;8.03525086;3.78620036
1155;115.43719902;0.00000000;-11.18637904;2.27744596;2.27759982;0.92274191;0.23262518;-0.12135663;8.08220791;3.82020795
1156;115.53714465;0.00000000;-11.08899110;2.29989907;2.30008244;0.90024388;0.22059545;-0.11937613;8.12931184;3.85546725
1157;115.63709028;0.00000000;-10.99133751;2.32118966;2.32140130;0.87891761;0.20876227;-0.11741386;8.17657539;3.89167786
1158;115.73703590;0.00000000;-10.89344511;2.34133195;2.34157031;0.85874721;0.19712484;-0.11546782;8.22400738;3.92895227
1159;115.83698153;0.00000000;-10.79532272;2.36034397;2.36060706;0.83971345;0.18568063;-0.11353927;8.27161778;3.96718273
1160;115.93692716;0.00000000;-10.69699492;2.37824062;2.37852640;0.82180016;0.17443043;-0.11158462;8.31941499;4.00936640
1161;116.03687278;0.00000000;-10.59846979;2.39504023;2.39534645;0.80498808;0.16337549;-0.10963249;8.36744304;4.05351649
1162;116.13681841;0.00000000;-10.49977019;2.41075875;2.41108325;0.78926037;0.15251788;-0.10763103;8.41572133;4.10330546
1163;116.23676404;0.00000000;-10.40090357;2.42541518;2.42575571;0.77459735;0.14186062;-0.10562894;8.46431217;4.15529298
1164;116.33670966;0.00000000;-10.30189098;2.43902660;2.43938111;0.76098131;0.13140327;-0.10363545;8.51323600;4.20882460
1165;116.43665529;0.00000000;-10.20273976;2.45161211;2.45197857;0.74839268;0.12114436;-0.10165352;8.56250515;4.26369116
1166;116.53660092;0.00000000;-10.10346876;2.46318926;2.46356585;0.73681351;0.11108261;-0.09969776;8.61212918;4.31881573
1167;116.63654654;0.00000000;-10.00408445;2.47377698;2.47416196;0.72622456;0.10121530;-0.09775466;8.66210497;4.33584052
1168;116.73649217;0.00000000;-9.90460429;2.48339293;2.48378480;0.71660792;0.09154224;-0.09581489;8.71198939;4.30667014
1169;116.83643780;0.00000000;-9.80503371;2.49205604;2.49245338;0.70794447;0.08206242;-0.09388351;8.76125703;4.27784153
1170;116.93638342;0.00000000;-9.70538893;2.49978428;2.50018593;0.70021613;0.07277549;-0.09195938;8.80992212;4.24934709
1171;117.03632905;0.00000000;-9.60567473;2.50659655;2.50700141;0.69340388;0.06368026;-0.09004323;8.85799837;4.22117944
1172;117.13627468;0.00000000;-9.50590585;2.51251102;2.51291826;0.68748949;0.05477638;-0.08813433;8.90549898;4.19333151
1173;117.23622031;0.00000000;-9.40608617;2.51754656;2.51795543;0.68245404;0.04606275;-0.08623204;8.95243667;4.16579646
1174;117.33616593;0.00000000;-9.30622923;2.52172154;2.52213148;0.67827917;0.03753925;-0.08433317;8.99882373;4.13856769
1175;117.43611156;0.00000000;-9.20633825;2.52505477;2.52546532;0.67494601;0.02920505;-0.08244086;9.04467203;4.11163882
1176;117.53605719;0.00000000;-9.10642547;2.52756478;2.52797567;0.67243606;0.02105964;-0.08055892;9.08999300;4.08500371
1177;117.63600281;0.00000000;-9.00649355;2.52927029;2.52968132;0.67073059;0.01310184;-0.07868289;9.13479771;4.05865638
1178;117.73594844;0.00000000;-8.90655381;2.53018984;2.53060098;0.66981108;0.00533042;-0.07683671;9.17909686;4.03259110
1179;117.83589407;0.00000000;-8.80660723;2.53034189;2.53075315;0.66965906;-0.00225726;-0.07499809;9.22290078;4.00680228
1180;117.93583969;0.00000000;-8.70666514;2.52974479;2.53015637;0.67025619;-0.00966085;-0.07315610;9.26621949;3.98128454
1181;118.03578532;0.00000000;-8.60672703;2.52841692;2.50447946;0.67158409;-0.01688067;-0.07131755;9.30906265;3.95603264
1182;118.13573095;0.00000000;-8.50680375;2.52637683;2.48024718;0.67362425;-0.02391606;-0.06946677;9.35143967;3.93104155
1183;118.23567657;0.00000000;-8.40689432;2.52364295;2.45915788;0.67635821;-0.03076659;-0.06761706;9.39335960;3.90630634
1184;118.33562220;0.00000000;-8.30700843;2.52023403;2.44131347;0.68691987;-0.03743250;-0.06577690;9.43483127;3.88182227
1185;118.43556783;0.00000000;-8.20714430;2.51616842;2.42680357;0.71212644;-0.04391490;-0.06394029;9.47586320;3.85758472
1186;118.53551345;0.00000000;-8.10731109;2.51146484;2.41570801;0.75048492;-0.05021370;-0.06210659;9.51646368;3.83358923
1187;118.63545908;0.00000000;-8.00750598;2.50614149;2.40809208;0.79486249;-0.05632955;-0.06027548;9.55664072;3.80983144
1188;118.73540471;0.00000000;-7.90773783;2.50021718;2.40022191;0.80076946;-0.06226244;-0.05844938;9.59640213;3.78630714
1189;118.83535034;0.00000000;-7.80800282;2.49370993;2.39371514;0.80725734;-0.06801313;-0.05662567;9.63575547;3.76301223
1190;118.93529596;0.00000000;-7.70830949;2.48663858;2.38664438;0.81430704;-0.07358156;-0.05480588;9.67470810;3.73994273
1191;119.03524159;0.00000000;-7.60865301;2.47902099;2.37902751;0.82190108;-0.07896840;-0.05298811;9.71326714;3.71709477
1192;119.13518722;0.00000000;-7.50904174;2.47087601;2.37088341;0.83002038;-0.08417358;-0.05117433;9.75143955;3.69446459
1193;119.23513284;0.00000000;-7.40946985;2.46222136;2.35785516;0.83864769;-0.08919775;-0.04936233;9.78923207;3.67204852
1194;119.33507847;0.00000000;-7.30994554;2.45307590;2.32288233;0.84776394;-0.09404082;-0.04755402;9.82665125;3.64984301
1195;119.43502410;0.00000000;-7.21046203;2.44345716;2.29128247;0.85735210;-0.09870342;-0.04574727;9.86370349;3.62784460
1196;119.53496972;0.00000000;-7.11102744;2.43338405;2.26321749;0.87732659;-0.10318544;-0.04394408;9.90039499;3.60604989
1197;119.63491535;0.00000000;-7.01163402;2.42287390;2.23883623;0.90833679;-0.10748749;-0.04214226;9.93673180;3.58445562
1198;119.73486098;0.00000000;-6.91228988;2.41194565;2.21828035;0.94928283;-0.11160944;-0.04034384;9.97271980;3.56305857
1199;119.83480660;0.00000000;-6.81298635;2.40061643;2.20167339;0.99893103;-0.11555190;-0.03854663;10.00836472;3.54185563
1200;119.93475223;0.00000000;-6.71373158;2.38890523;2.18912480;1.01139005;-0.11931471;-0.03675270;10.04367215;3.52084376
1201;120.03469786;0.00000000;-6.61451599;2.37682898;2.16969190;1.02348105;-0.12289846;-0.03495986;10.07864754;3.50001999
1202;120.13464348;0.00000000;-6.51534782;2.36440670;2.13105713;1.03591934;-0.12630301;-0.03317016;10.11329618;3.47938143
1203;120.23458911;0.00000000;-6.41621663;2.35165512;2.09616406;1.04868801;-0.12952891;-0.03138147;10.14762324;3.45892527
1204;120.33453474;0.00000000;-6.31713077;2.33859332;2.06522330;1.06176823;-0.13257602;-0.02959579;10.18163378;3.43864875
1205;120.43448036;0.00000000;-6.21807901;2.32523782;2.03842932;1.07712908;-0.13544486;-0.02781105;10.21533270;3.41854918
1206;120.53442599;0.00000000;-6.11906983;2.31160773;2.01596793;1.09829750;-0.13813532;-0.02602919;10.24872481;3.39862395
1207;120.63437162;0.00000000;-6.02009125;2.29771940;1.99800065;1.12304623;-0.14064789;-0.02424823;10.28181480;3.37887050
1208;120.73431725;0.00000000;-5.92115191;2.28359198;1.98389266;1.15615898;-0.14298245;-0.02247002;10.31460722;3.35928633
1209;120.83426287;0.00000000;-5.82223915;2.26924161;1.96956305;1.19692910;-0.14513946;-0.02069268;10.34710656;3.33986899
1210;120.93420850;0.00000000;-5.72336177;2.25468752;1.94111240;1.24458457;-0.14711885;-0.01891797;10.37931716;3.32061610
1211;121.03415413;0.00000000;-5.62450649;2.23994567;1.90344948;1.26007193;-0.14892102;-0.01714411;10.41124329;3.30152534
1212;121.13409975;0.00000000;-5.52568230;2.22503530;1.86778058;1.27497671;-0.15054591;-0.01537267;10.44288911;3.28259441
1213;121.23404538;0.00000000;-5.42687535;2.20997223;1.83442079;1.29423329;-0.15199389;-0.01360206;10.47425867;3.26382110
1214;121.33399101;0.00000000;-5.32809483;2.19477575;1.80585328;1.32092049;-0.15326494;-0.01183386;10.50535597;3.24520322
1215;121.43393663;0.00000000;-5.22932640;2.17946153;1.78232233;1.35458583;-0.15435939;-0.01006652;10.53618488;3.22673864
1216;121.53388226;0.00000000;-5.13057946;2.16404888;1.76404989;1.39470421;-0.15527725;-0.00830136;10.56674920;3.20842528
1217;121.63382789;0.00000000;-5.03183924;2.14855335;1.74855633;1.44072593;-0.15601878;-0.00653704;10.59705265;3.19026110
1218;121.73377351;0.00000000;-4.93311532;2.13299428;1.73300015;1.46754108;-0.15658400;-0.00477410;10.62709886;3.17224410
1219;121.83371914;0.00000000;-4.83439261;2.11738713;1.71296394;1.48310987;-0.15697310;-0.00301193;10.65689138;3.15437232
1220;121.93366477;0.00000000;-4.73568088;2.10175124;1.66801436;1.49870894;-0.15718611;-0.00125095;10.68643371;3.13664386
1221;122.03361039;0.00000000;-4.63696478;2.08610202;1.62795264;1.51998023;-0.15722317;0.00050925;10.71572924;3.11905684
1222;122.13355602;0.00000000;-4.53825425;2.07045882;1.59316953;1.54742036;-0.15708438;0.00226796;10.74478130;3.10160943
1223;122.23350165;0.00000000;-4.43953377;2.05483698;1.56402957;1.58069517;-0.15676984;0.00402585;10.77359317;3.08429982
1224;122.33344728;0.00000000;-4.34081345;2.03925589;1.54087405;1.61611821;-0.15627970;0.00578234;10.80216804;3.06712626
1225;122.43339290;0.00000000;-4.24207768;2.02373083;1.52399008;1.65469676;-0.15561402;0.00753801;10.83050904;3.05008701
1226;122.53333853;0.00000000;-4.14333673;2.00828117;1.50852095;1.69196586;-0.15477297;0.00929255;10.85861924;3.03318040
1227;122.63328416;0.00000000;-4.04457496;1.99292222;1.46766614;1.70734342;-0.15375654;0.01104630;10.88650164;3.01640476
1228;122.73322978;0.00000000;-3.94580281;1.97767331;1.42658301;1.72261128;-0.15256494;0.01279920;10.91415920;2.99975846
1229;122.83317541;0.00000000;-3.84700472;1.96254978;1.39159714;1.73876170;-0.15119811;0.01455135;10.94159479;2.98323991
1230;122.93312104;0.00000000;-3.74819126;1.94757093;1.36319982;1.76030463;-0.14965628;0.01630289;10.96881124;2.96684755
1231;123.03306666;0.00000000;-3.64934701;1.93275213;1.33981108;1.78703108;-0.14793932;0.01805375;10.99581133;2.95057984
1232;123.13301229;0.00000000;-3.55048268;1.91811267;1.31867418;1.81869261;-0.14604751;0.01980430;11.02259779;2.93443528
1233;123.23295792;0.00000000;-3.45158310;1.90366798;1.30258112;1.85502434;-0.14398063;0.02155424;11.04917327;2.91841240
1234;123.33290354;0.00000000;-3.35265907;1.88943731;1.25456765;1.89573728;-0.14173900;0.02330416;11.07554040;2.90250974
1235;123.43284917;0.00000000;-3.25369576;1.87543618;1.21311804;1.92456582;-0.13932234;0.02505357;11.10170173;2.88672588
1236;123.53279480;0.00000000;-3.15470406;1.86168378;1.17894730;1.93831721;-0.13673100;0.02680328;11.12765980;2.87105943
1237;123.63274042;0.00000000;-3.05566957;1.84819575;1.15271564;1.95439165;-0.13396461;0.02855260;11.15341707;-7.47502404
1238;123.73268605;0.00000000;-2.95660326;1.83499123;1.13499461;1.97511969;-0.13102355;0.03030254;11.08623112;-8.58412633
1239;123.83263168;0.00000000;-2.85749120;1.82208600;1.12209193;2.00034225;-0.12790741;0.03205225;11.00857069;-8.42236577
1240;123.93257730;0.00000000;-2.75834446;1.80949912;1.10950815;2.02987195;-0.12461655;0.03380292;10.93183751;-8.26551186
1241;124.03252293;0.00000000;-2.65914969;1.79724652;1.09725908;2.06351079;-0.12115050;0.03555355;10.85600607;-8.11327241
1242;124.13246856;0.00000000;-2.55991801;1.78534720;1.05058572;2.10104101;-0.11750965;0.03730549;10.78105262;-7.96565769
1243;124.23241419;0.00000000;-2.46063673;1.77381726;1.00927323;2.12804470;-0.11369345;0.03905759;10.70695243;-7.82237374
1244;124.33235981;0.00000000;-2.36131704;1.76267562;0.97685655;2.14324314;-0.10970231;0.04081139;10.63368263;-7.68345284
1245;124.43230544;0.00000000;-2.26194700;1.75193858;0.95425650;2.16256084;-0.10553560;0.04256560;10.56121921;-7.54860123
1246;124.53225107;0.00000000;-2.16253782;1.74162496;0.94220031;2.18586915;-0.10119373;0.04432189;10.48954012;-7.41786958
1247;124.63219669;0.00000000;-2.06307839;1.73175125;0.93231534;2.21302738;-0.09667602;0.04607890;10.41862201;-7.29096638
1248;124.73214232;0.00000000;-1.96357999;1.72233621;0.92289014;2.24387571;-0.09198286;0.04783839;10.34844356;-7.16795712
1249;124.83208795;0.00000000;-1.86403239;1.71339653;0.91394173;2.27825048;-0.08711351;0.04959892;10.27898206;-7.04855450
1250;124.93203357;0.00000000;-1.76444690;1.70495088;0.89742092;2.29518487;-0.08206835;0.05136238;10.21021684;-6.93283548
1251;125.03197920;0.00000000;-1.66481430;1.69701615;0.85719861;2.30419573;-0.07684658;0.05312726;10.14212575;-6.82051918
1252;125.13192483;0.00000000;-1.56514591;1.68961093;0.82182617;2.31696072;-0.07144854;0.05489553;10.07468871;-6.71169077
1253;125.23187045;0.00000000;-1.46543360;1.68275233;0.79317000;2.33340176;-0.06587339;0.05666564;10.00788411;-6.60607740
1254;125.33181608;0.00000000;-1.36568872;1.67645886;0.77697725;2.35342252;-0.06012142;0.05843962;9.94169237;-6.50376905
1255;125.43176171;0.00000000;-1.26590426;1.67074782;0.77127634;2.37691659;-0.05419175;0.06021593;9.87609238;-6.40450322
1256;125.53170733;0.00000000;-1.16609161;1.66563764;0.76617499;2.40376232;-0.04808461;0.06199664;9.81106500;-6.30837367
1257;125.63165296;0.00000000;-1.06624502;1.66114584;0.76169044;2.43383322;-0.04179907;0.06378021;9.74658954;-6.21513130
1258;125.73159859;0.00000000;-0.96637585;1.65729077;0.75784139;2.44275466;-0.03533532;0.06556869;9.68264723;-6.12486306
1259;125.83154422;0.00000000;-0.86647972;1.65409012;0.71444299;2.44859934;-0.02869235;0.06736068;9.61921778;-6.03732558
1260;125.93148984;0.00000000;-0.76656799;1.65156219;0.67799886;2.45782795;-0.02187029;0.06915830;9.55628287;-5.95262135
1261;126.03143547;0.00000000;-0.66663768;1.64972484;0.65559687;2.47038501;-0.01486808;0.07096003;9.49382248;-5.87055926
1262;126.13138110;0.00000000;-0.56670016;1.64859630;0.64871417;2.48536273;-0.00768578;0.07276755;9.43181805;-5.79118597
1263;126.23132672;0.00000000;-0.46675398;1.64819460;0.64831238;2.50059378;-0.00032233;0.07457998;9.37024996;-5.71419426
1264;126.33127235;0.00000000;-0.36681046;1.64853789;0.64865541;2.51897076;0.00722241;0.07640047;9.30910130;-5.63973852
1265;126.43121798;0.00000000;-0.26686983;1.64964436;0.64976141;2.54040769;0.01494965;0.07822700;9.24835296;-5.56797934
1266;126.53116360;0.00000000;-0.16694346;1.65153213;0.65164830;2.54884857;0.02285944;0.08005742;9.18798357;-5.49879979
1267;126.63110923;0.00000000;-0.06703303;1.65421944;0.65433430;2.54616264;0.03095261;0.08189283;9.12797240;-5.43096506
1268;126.73105486;0.00000000;0.03285010;1.65772436;0.65783727;2.54265972;0.03922986;0.08374779;9.06831174;-5.36507084
1269;126.83100048;0.00000000;0.13270208;1.66206526;0.66217556;2.53832148;0.04769341;0.08561519;9.00898701;-5.30417799
1270;126.93094611;0.00000000;0.23251192;1.66726033;0.63457162;2.53334866;0.05634260;0.08745746;8.94994906;-5.24632760
1271;127.03089174;0.00000000;0.33227345;1.67332768;0.60772341;2.53144014;0.06517557;0.08929816;8.89116940;-5.20091745
1272;127.13083736;0.00000000;0.43197542;1.68028493;0.59750938;2.53258476;0.07418781;0.09101872;8.83251240;-5.16087991
1273;127.23078299;0.00000000;0.53161148;1.68814897;0.59005043;2.53676106;0.08336912;0.09270673;8.77391934;-5.10248075
1274;127.33072862;0.00000000;0.63116887;1.69693599;0.59884106;2.54393657;0.09272950;0.09466840;8.71560206;-5.04003269
1275;127.43067424;0.00000000;0.73064035;1.70666476;0.60857746;2.55406645;0.10229382;0.09672203;8.65761288;-4.96700279
1276;127.53061987;0.00000000;0.83001195;1.71735470;0.61928003;2.56709411;0.11207023;0.09895594;8.60008142;-4.89218279
1277;127.63056550;0.00000000;0.92927377;1.72902701;0.63097068;2.57098049;0.12207531;0.10125521;8.54303786;-4.82355720
1278;127.73051113;0.00000000;1.02841166;1.74170311;0.64362029;2.55830652;0.13230864;0.10351193;8.48641909;-4.75833333
1279;127.83045675;0.00000000;1.12741359;1.75540422;0.65721016;2.54460824;0.14276665;0.10576332;8.43019334;-4.69626133
1280;127.93040238;0.00000000;1.22626507;1.77015104;0.67183830;2.52986519;0.15344970;0.10801241;8.37433091;-4.63628924
1281;128.03034801;0.00000000;1.32495142;1.78596411;0.68752595;2.51405711;0.16435794;0.11027374;8.31881389;-4.57767707
1282;128.13029363;0.00000000;1.42345789;1.80286394;0.70429456;2.49716382;0.17549330;0.11255789;8.26363279;-4.52075838
1283;128.23023926;0.00000000;1.52176721;1.82087072;0.72216531;2.47916561;0.18685787;0.11486021;8.20877377;-4.46567102
1284;128.33018489;0.00000000;1.61986410;1.84000502;0.71422100;2.46004246;0.19845341;0.11717881;8.15422089;-4.41224103
1285;128.43013051;0.00000000;1.71772930;1.86028667;0.69570798;2.43977521;0.21028155;0.11951641;8.09995987;-4.36054677
1286;128.53007614;0.00000000;1.81534637;1.88173613;0.69248581;2.41959712;0.22234433;0.12187206;8.04597506;-4.31034287
1287;128.63002177;0.00000000;1.91269360;1.90437271;0.70478782;2.40220535;0.23464349;0.12424975;7.99225343;-4.26173857
1288;128.72996739;0.00000000;2.00975370;1.92821677;0.72872015;2.38763933;0.24718150;0.12664816;7.93878017;-4.21459179
1289;128.82991302;0.00000000;2.10650247;1.95328704;0.75389569;2.37592992;0.25996017;0.12906986;7.88554187;-4.16898749
1290;128.92985865;0.00000000;2.20292160;1.97960376;0.78033716;2.36709685;0.27298221;0.13151397;7.83252363;-4.12469679
1291;129.02980427;0.00000000;2.29898451;2.00718498;0.80806566;2.36114980;0.28624960;0.13398465;7.77971308;-4.08185031
1292;129.12974990;0.00000000;2.39467156;2.03605074;0.83710425;2.35808672;0.29976544;0.13648036;7.72709580;-4.04022354
1293;129.22969553;0.00000000;2.48995369;2.06621831;0.86747395;2.33378461;0.31353187;0.13900542;7.67465987;-3.99995675
1294;129.32964116;0.00000000;2.58480984;2.09770748;0.89899973;2.30230873;0.32755237;0.14155820;7.62239121;-3.96081361
1295;129.42958678;0.00000000;2.67920849;2.13053464;0.93151052;2.26950954;0.34182926;0.14414345;7.57027845;-3.92293510
1296;129.52953241;0.00000000;2.77312699;2.16471927;0.92653783;2.23537190;0.35636645;0.14675962;7.51830801;-3.88606297
1297;129.62947804;0.00000000;2.86653125;2.20027675;0.93264067;2.19988577;0.37116650;0.14941209;7.46646940;-3.85035961
1298;129.72942366;0.00000000;2.95939689;2.23722617;0.95074010;2.16378595;0.38623381;0.15209903;7.41474963;-3.81556742
1299;129.82936929;0.00000000;3.05168719;2.27558179;0.98019202;2.13031947;0.40157118;0.15482608;7.36313884;-3.78183382
1300;129.92931492;0.00000000;3.14337587;2.31536219;1.01666716;2.09959190;0.41718351;0.15759176;7.31162486;-3.74889229
1301;130.02926054;0.00000000;3.23442354;2.35658038;1.05731978;2.07170796;0.43307396;0.16040219;7.26019885;-3.71692007
1302;130.12920617;0.00000000;3.32480185;2.39925435;1.09966242;2.04676165;0.44924797;0.16325543;7.20884925;-3.68561253
1303;130.22915180;0.00000000;3.41446859;2.44339570;1.14356469;2.02484188;0.46570905;0.16615863;7.15756842;-3.65491154
1304;130.32909742;0.00000000;3.50339319;2.48902167;1.18905277;2.00602359;0.48246342;0.16911445;7.10634934;-3.62464585
1305;130.42904305;0.00000000;3.59153052;2.53614232;1.22630219;1.96883552;0.49951552;0.17212785;7.05518716;-3.59526020
1306;130.52898868;0.00000000;3.67884756;2.58477409;1.24246322;1.92865854;0.51687200;0.17519182;7.00407059;-3.56636597
1307;130.62893430;0.00000000;3.76529622;2.63492525;1.26800656;1.89126875;0.53453696;0.17831588;6.95299356;-3.53865945
1308;130.72887993;0.00000000;3.85084088;2.68661119;1.30240362;1.85681365;0.55251744;0.18148787;6.90193976;-3.51151807
1309;130.82882556;0.00000000;3.93543034;2.73983801;1.34499027;1.82544327;0.57081710;0.18472253;6.85090145;-3.48512174
1310;130.92877119;0.00000000;4.01902632;2.79461977;1.38508876;1.79729571;0.58944394;0.18801827;6.79986803;-3.45902475
1311;131.02871681;0.00000000;4.10157439;2.85096018;1.41175392;1.76687306;0.60840289;0.19138679;6.74883520;-3.43354096
1312;131.12866244;0.00000000;4.18303346;2.90887192;1.44663173;1.72049747;0.62770283;0.19482381;6.69779379;-3.40807907
1313;131.22860807;0.00000000;4.26334559;2.96835592;1.48116746;1.67701739;0.64734945;0.19834472;6.64674330;-3.38303852
1314;131.32855369;0.00000000;4.34246639;3.02942305;1.49589802;1.63664391;0.66735284;0.20194344;6.59567712;-3.35821155
1315;131.42849932;0.00000000;4.42033479;3.09207158;1.51903418;1.59959886;0.68771914;0.20562744;6.54459163;-3.33388953
1316;131.52844495;0.00000000;4.49690306;3.15631031;1.55022729;1.56609528;0.70845867;0.20939308;6.49347859;-3.30911534
1317;131.62839057;0.00000000;4.57210645;3.22213405;1.58902145;1.53198292;0.72957875;0.21326556;6.44234437;-3.28466672
1318;131.72833620;0.00000000;4.64589370;3.28954933;1.63489708;1.48904623;0.75109181;0.21722998;6.39118337;-3.25993691
1319;131.82828183;0.00000000;4.71819577;3.35854669;1.68728503;1.44970424;0.77300510;0.22130418;6.33999937;-3.23530604
1320;131.92822745;0.00000000;4.78895812;3.42913034;1.74561377;1.41423306;0.79533212;0.22548256;6.28879023;-3.21001568
1321;132.02817308;0.00000000;4.85810772;3.50128637;1.77421440;1.38291274;0.81808157;0.22978746;6.23756591;-3.18448840
1322;132.12811871;0.00000000;4.92558612;3.57501590;1.80321995;1.34322823;0.84126870;0.23421220;6.18632986;-3.15794967
1323;132.22806433;0.00000000;4.99131593;3.65029986;1.83937822;1.30135146;0.86490360;0.23878039;6.13509826;-3.13087813
1324;132.32800996;0.00000000;5.05523465;3.72713601;1.88230316;1.26374267;0.88900340;0.24348378;6.08387997;-3.10240975
1325;132.42795559;0.00000000;5.11726034;3.80549932;1.91713095;1.23077585;0.91357957;0.24834911;6.03269848;-3.07293268
1326;132.52790121;0.00000000;5.17732623;3.88538370;1.94627058;1.20280100;0.93865150;0.25337023;5.98157158;-3.04150835
1327;132.62784684;0.00000000;5.23534555;3.96675721;1.98237863;1.17776304;0.96423253;0.25857664;5.93053350;-3.00855717
1328;132.72779247;0.00000000;5.29124699;4.04960937;2.02511185;1.13009558;0.99034471;0.26396082;5.87961252;-2.97308471
1329;132.82773810;0.00000000;5.34493877;4.13390031;2.07407281;1.08709877;1.01700326;0.26955441;5.82885492;-2.93559302
1330;132.92768372;0.00000000;5.39634483;4.21961459;2.12885329;1.04931818;1.04423301;0.27534670;5.77829995;-2.89466448
1331;133.02762935;0.00000000;5.44536808;4.30670281;2.16469757;1.01731539;1.07205116;0.28138180;5.72801294;-2.85069703
1332;133.12757498;0.00000000;5.49192742;4.39514374;2.17726123;0.98774459;1.10048671;0.28765048;5.67805449;-2.80245806
1333;133.22752060;0.00000000;5.53592036;4.48487709;2.19019743;0.95548524;1.12955940;0.29419122;5.62850921;-2.75007706
1334;133.32746623;0.00000000;5.57726056;4.57587510;2.21046186;0.92338870;1.15930202;0.30100056;5.57946231;-2.69170825
1335;133.42741186;0.00000000;5.61584005;4.66806452;2.23789863;0.89833476;1.18973798;0.30813443;5.53103523;-2.62389789
1336;133.52735748;0.00000000;5.65156669;4.76140994;2.27229669;0.88087089;1.22090985;0.31569724;5.48341649;-2.54641229
1337;133.62730311;0.00000000;5.68432592;4.85582307;2.31337302;0.86892373;1.25285682;0.32368840;5.43680521;-2.46736236
1338;133.72724874;0.00000000;5.71401874;4.95126179;2.34661084;0.82500136;1.28561807;0.33183506;5.39125651;-2.37947900
1339;133.82719436;0.00000000;5.74052543;5.04761566;2.35904940;0.78817238;1.31920333;0.34036523;5.34696266;-2.26907188
1340;133.92713999;0.00000000;5.76374199;5.14482781;2.37896230;0.75941656;1.35368105;0.34971369;5.30437952;-2.14526234
1341;134.02708562;0.00000000;5.78354418;5.24277759;2.40622463;0.73962667;1.38911913;0.35953466;5.26380308;-1.99340270
1342;134.12703124;0.00000000;5.79981705;5.34139456;2.44065884;0.71693495;1.42557908;0.37028493;5.22581660;-1.80621624
1343;134.22697687;0.00000000;5.81242687;5.44052852;2.47916110;0.68025145;1.46317025;0.38214033;5.19115713;-1.60881077
1344;134.32692250;0.00000000;5.82124412;5.54009747;2.47877116;0.65158925;1.50197306;0.39412289;5.16008964;-1.38868660
1345;134.42686813;0.00000000;5.82613107;5.63990216;2.47388372;0.63355793;1.54197510;0.40658844;5.13312174;-1.06451910
1346;134.52681375;0.00000000;5.82695679;5.73986277;2.47305803;0.62696452;1.58336303;0.42227025;5.11235276;-0.65660761
1347;134.62675938;0.00000000;5.82356462;5.83972283;2.47644986;0.62357185;1.62643841;0.44006794;5.09950004;-0.38194818
1348;134.72670501;0.00000000;5.81578479;5.93940446;2.48422875;0.61579074;1.67111467;0.45194529;5.09200869;-0.10015805
1349;134.82665063;0.00000000;5.80352043;6.03855073;2.49649059;0.60352320;1.71681390;0.46316789;5.09004242;-0.10015805
1350;134.92659626;0.00000000;5.78668858;6.13707424;2.51331867;0.59524059;1.76308029;0.45844906;5.08807538;0.03135576
1351;135.02654189;0.00000000;5.76537365;6.23467631;2.53462929;0.59908891;1.80835409;0.44770645;5.08869127;0.30663555
1352;135.12648751;0.00000000;5.73971001;6.33126315;2.56029064;0.60168313;1.85239287;0.43289083;5.09471026;0.66351235
1353;135.22643314;0.00000000;5.70989422;6.42664230;2.57608671;0.61439229;1.89491315;0.41826450;5.10771014;0.98716706
1354;135.32637877;0.00000000;5.67610810;6.52071811;2.54803979;0.63864944;1.93603149;0.40441344;5.12699025;1.26795918
1355;135.42632439;0.00000000;5.63856238;6.61331554;2.50902467;0.67327735;1.97576801;0.39099836;5.15164856;1.52050845
1356;135.52627002;0.00000000;5.59741650;6.70439544;2.46086697;0.70845629;2.01426185;0.37948288;5.18106353;1.70960977
1357;135.62621565;0.00000000;5.55285184;6.79383925;2.40252849;0.74748312;2.05162394;0.36825080;5.21393856;1.88395160
1358;135.72616127;0.00000000;5.50502282;6.88158780;2.35012375;0.79408209;2.08789141;0.35762860;5.24992769;2.03658421
1359;135.82610690;0.00000000;5.45408544;6.96757555;2.29731548;0.84703536;2.12312857;0.34758240;5.28855709;2.17040197
1360;135.92605253;0.00000000;5.40019431;7.05173798;2.23964788;0.90524115;2.15739039;0.33808967;5.32941653;2.28754712
1361;136.02599815;0.00000000;5.34348697;7.13403660;2.17812577;0.95921990;2.19071816;0.32885960;5.37214493;2.39756357
1362;136.12594378;0.00000000;5.28411320;7.21441605;2.12226889;1.01028866;2.22314987;0.32024184;5.41656655;2.49094224
1363;136.22588941;0.00000000;5.22218373;7.29287155;2.07250227;1.06157980;2.25473963;0.31187366;5.46233565;2.57924575
1364;136.32583504;0.00000000;5.15785582;7.36933840;2.01767759;1.11375177;2.28550861;0.30397574;5.50932658;2.65618350
1365;136.42578066;0.00000000;5.09121468;7.44383811;1.96484650;1.16972781;2.31551029;0.29635333;5.55730395;2.72814340
1366;136.52572629;0.00000000;5.02241790;7.51630849;1.91842400;1.22896782;2.34476023;0.28909465;5.60615369;2.79255691
1367;136.62567192;0.00000000;4.95153240;7.58678455;1.87190647;1.29106577;2.37330396;0.28204354;5.65571984;2.85456912
1368;136.72561754;0.00000000;4.87871339;7.65521111;1.82581623;1.35559411;2.40114830;0.27528157;5.70594167;2.91158304
1369;136.82556317;0.00000000;4.80401279;7.72163212;1.77895496;1.42226561;2.42833703;0.26873589;5.75671524;2.96604145
1370;136.92550880;0.00000000;4.72758205;7.78600034;1.71427598;1.48612037;2.45487280;0.26239218;5.80798210;3.01840999
1371;137.02545442;0.00000000;4.64946228;7.84836401;1.65166055;1.54836632;2.48079256;0.25622949;5.85969366;3.06936439
1372;137.12540005;0.00000000;4.56979816;7.90868633;1.59135482;1.60885357;2.50609603;0.25022979;5.91181435;3.11947251
1373;137.22534568;0.00000000;4.48862318;7.96701711;1.53327993;1.64498598;2.53081677;0.24440038;5.96431926;3.16840022
1374;137.32529130;0.00000000;4.40607418;8.02332968;1.47743650;1.67625433;2.55495348;0.23869738;6.01717871;3.21764962
1375;137.42523693;0.00000000;4.32217914;8.07767392;1.42279062;1.71059635;2.57853499;0.23313958;6.07038876;3.26644049
1376;137.52518256;0.00000000;4.23706603;8.13003305;1.37013606;1.74784272;2.60155937;0.22768829;6.12393277;3.31612933
1377;137.62512818;0.00000000;4.15075828;8.18045655;1.32394012;1.78786290;2.62405216;0.22236651;6.17781659;3.36574804
1378;137.72507381;0.00000000;4.06337510;8.22893630;1.28596319;1.83048075;2.64601201;0.21714833;6.23203028;3.41620746
1379;137.82501944;0.00000000;3.97493727;8.27552038;1.25689833;1.87556671;2.66746237;0.21204564;6.28657867;3.46694744
1380;137.92496507;0.00000000;3.88555394;8.32020891;1.23735270;1.92021030;2.68839968;0.20699428;6.34145755;3.52045362
1381;138.02491069;0.00000000;3.79524458;8.36304856;1.22517943;1.96306056;2.70884176;0.20201285;6.39670163;3.57589889
1382;138.12485632;0.00000000;3.70410855;8.40404735;1.19595936;2.00410938;2.72877894;0.19700457;6.45233157;3.63724645
1383;138.22480195;0.00000000;3.61216350;8.44325210;1.15680924;2.04339082;2.74822396;0.19206437;6.50842811;3.70046805
1384;138.32474757;0.00000000;3.51950100;8.48067740;1.11948701;2.08091016;2.76717163;0.18714528;6.56500782;3.76754956
1385;138.42469320;0.00000000;3.42613724;8.51636967;1.08393666;2.11670599;2.78563595;0.18232820;6.62211657;3.83493981
1386;138.52463883;0.00000000;3.33215503;8.55034871;1.05013095;2.15079312;2.80362082;0.17760584;6.67974541;3.90291549
1387;138.62458445;0.00000000;3.23756918;8.58265939;1.01801693;2.18321167;2.82114015;0.17295420;6.73788969;3.97251954
1388;138.72453008;0.00000000;3.14245361;8.61332553;0.98756538;2.21380286;2.83819474;0.16835852;6.79656011;4.04440106
1389;138.82447571;0.00000000;3.04682109;8.64239126;0.95872542;2.24277769;2.85479539;0.16381346;6.85577638;4.11879302
1390;138.92442133;0.00000000;2.95073905;8.66988353;0.93145096;2.27019730;2.87094090;0.15930350;6.91556075;4.19642998
1391;139.02436696;0.00000000;2.85421831;8.69584608;0.90534419;2.29610218;2.88664078;0.15485168;6.97594510;4.27620114
1392;139.12431259;0.00000000;2.75731978;8.72030856;0.88075907;2.32051860;2.90189597;0.15044399;7.03694432;4.35879590
1393;139.22425821;0.00000000;2.66005259;8.74331410;0.85765056;2.34348761;2.91671474;0.14607888;7.09858229;4.44430524
1394;139.32420384;0.00000000;2.56247107;8.76489463;0.83598288;2.36503895;2.93109696;0.14174436;7.16088320;4.53336446
1395;139.42414947;0.00000000;2.46458271;8.78509286;0.81571202;2.38521405;2.94504957;0.13744819;7.22387902;4.62560844
1396;139.52409509;0.00000000;2.36643643;8.80394248;0.79680129;2.40404516;2.95857272;0.13318125;7.28759541;4.72155998
1397;139.62404072;0.00000000;2.26803799;8.82148580;0.77920754;2.42157381;2.97167256;0.12894788;7.35206402;4.82104089
1398;139.72398635;0.00000000;2.16943108;8.83775798;0.76289330;2.43783422;2.98434914;0.12473810;7.41731281;4.92465791
1399;139.82393198;0.00000000;2.07061983;8.85280096;0.74781612;2.45286789;2.99660763;0.12055602;7.48337660;5.01951448
1400;139.92387760;0.00000000;1.97164315;8.86665105;0.73393786;2.46671050;3.00844801;0.11639460;7.55011804;4.98109070
1401;140.02382323;0.00000000;1.87250364;8.87934988;0.72121664;2.47940342;3.01987480;0.11225760;7.61577040;4.94326031
1402;140.12376886;0.00000000;1.77323588;8.89093468;0.70961377;2.49098346;3.03088799;0.10813795;7.68036935;4.90600439
1403;140.22371448;0.00000000;1.67384096;8.90144673;0.69908786;2.50149179;3.04149140;0.10403867;7.74394865;4.86930503
1404;140.32366011;0.00000000;1.57434947;8.91092400;0.68959975;2.51096607;3.05168498;0.09995399;7.80654035;4.83314521
1405;140.42360574;0.00000000;1.47476111;8.91940748;0.68110844;2.51944723;3.06147201;0.09588729;7.86817486;4.79750876
1406;140.52355136;0.00000000;1.37510282;8.92693565;0.67357445;2.52697356;3.07085253;0.09183378;7.92888111;4.76238031
1407;140.62349699;0.00000000;1.27537295;8.93354923;0.66695712;2.53358575;3.07982933;0.08779366;7.98868662;4.72774522
1408;140.72344262;0.00000000;1.17559516;8.93928712;0.66121671;2.53932254;3.08840211;0.08376247;8.04761758;4.69358956
1409;140.82338824;0.00000000;1.07576675;8.94418979;0.65631285;2.54422440;3.09657332;0.07974859;8.10569900;4.65990001
1410;140.92333387;0.00000000;0.97590818;8.94829637;0.65220566;2.54833036;3.10434375;0.07575038;8.16295470;4.62666388
1411;141.02327950;0.00000000;0.87601599;8.95164697;0.64885519;2.55168053;3.11171680;0.07182847;8.21940747;4.59386903
1412;141.12322512;0.00000000;0.77610746;8.95428016;0.64622223;2.55431337;3.11870536;0.06802335;8.27507906;4.56150385
1413;141.22317075;0.00000000;0.67617819;8.95623412;0.64426880;2.55626711;3.12531618;0.06432129;8.32999028;4.52955724
1414;141.32311638;0.00000000;0.57624308;8.95754546;0.64295772;2.55757827;3.13156794;0.06078576;8.38416108;4.49801857
1415;141.42306201;0.00000000;0.47629713;8.95824966;0.64225372;2.55828235;3.13746719;0.05726411;8.43761054;4.46687762
1416;141.52300763;0.00000000;0.37635296;8.95838182;0.64212126;2.55841439;-3.14017017;0.05375802;8.49035696;4.43612462
1417;141.62295326;0.00000000;0.27640577;8.95797696;0.64252551;2.55800943;-3.13497198;0.05026210;8.54241792;4.40575018
1418;141.72289889;0.00000000;0.17646511;8.95707004;0.64343117;2.55710239;-3.13012280;0.04677598;8.59381026;4.37574529
1419;141.82284451;0.00000000;0.07652703;8.95569587;0.64480363;2.55572808;-3.12562160;0.04329679;8.64455019;4.34610126
1420;141.92279014;0.00000000;-0.02340198;8.95388927;0.64660783;2.55392131;-3.12146786;0.03982425;8.69465328;4.31680977
1421;142.02273577;0.00000000;-0.12332473;8.95168490;0.64880927;2.55171674;-3.11766084;0.03635807;8.74413450;4.28786279
1422;142.12268139;0.00000000;-0.22323767;8.94911746;0.65137315;2.54914906;-3.11419992;0.03289831;8.79300827;4.25925258
1423;142.22262702;0.00000000;-0.32314219;8.94622150;0.65426501;2.54625282;-3.11108459;0.02944347;8.84128847;4.23097172
1424;142.32257265;0.00000000;-0.42303778;8.94303155;0.65745034;2.54306255;-3.10831420;0.02599409;8.88898847;4.20301302
1425;142.42251827;0.00000000;-0.52292412;8.93958210;0.66089468;2.53961274;-3.10588848;0.02254829;8.93612117;4.17536955
1426;142.52246390;0.00000000;-0.62280359;8.93590751;0.66456381;2.53593776;-3.10380683;0.01910677;8.98269900;4.14803464
1427;142.62240953;0.00000000;-0.72267404;8.93204226;0.66842320;2.53207208;-3.10206912;0.01566874;9.02873398;4.12100184
1428;142.72235515;0.00000000;-0.82254062;8.92802052;0.67243890;2.52804990;-3.10067459;0.01223616;9.07423768;4.09426490
1429;142.82230078;0.00000000;-0.92239940;8.92387677;0.67657633;2.52390567;-3.09962329;0.00880014;9.11922130;4.06781782
1430;142.92224641;0.00000000;-1.02225784;8.91964505;0.65931139;2.51967347;-3.09891570;0.00535859;9.16369567;4.04165476
1431;143.02219203;0.00000000;-1.12210922;8.91536010;0.62969267;2.51538802;-3.09855564;0.00172482;9.20767125;4.01577009
1432;143.12213766;0.00000000;-1.22196409;8.91105799;0.60400410;2.51354522;-3.09858186;-0.00225012;9.25115815;3.99015836
1433;143.22208329;0.00000000;-1.32181390;8.90677856;0.59420660;2.51569728;-3.09900241;-0.00605602;9.29416618;3.96481428
1434;143.32202892;0.00000000;-1.42167068;8.90255917;0.59842464;2.51887249;-3.09978262;-0.00955666;9.33670480;3.93973275
1435;143.42197454;0.00000000;-1.52152864;8.89843504;0.60254755;2.52524197;-3.10089338;-0.01198578;9.37878322;3.91490880
1436;143.52192017;0.00000000;-1.62139394;8.89442914;0.60655203;2.53565578;-3.10211752;-0.01251033;9.42041033;3.89033762
1437;143.62186580;0.00000000;-1.72126426;8.89054804;0.61043165;2.55007066;-3.10338960;-0.01278566;9.46159475;3.86601457
1438;143.72181142;0.00000000;-1.82113961;8.88679427;0.61418390;2.56842169;-3.10465915;-0.01261917;9.50234485;3.84193511
1439;143.82175705;0.00000000;-1.92101934;8.88316648;0.61781016;2.58360143;-3.10591205;-0.01245172;9.54266875;3.81809486
1440;143.92170268;0.00000000;-2.02090363;8.87966298;0.62131208;2.58010006;-3.10714805;-0.01228158;9.58257433;3.79448956
1441;144.02164830;0.00000000;-2.12079175;8.87628211;0.62469138;2.57672122;-3.10836712;-0.01211677;9.62206922;3.77111506
1442;144.12159393;0.00000000;-2.22068431;8.87302219;0.62794969;2.57346326;-3.10957040;-0.01196190;9.66116085;3.74796735
1443;144.22153956;0.00000000;-2.32058047;8.86988172;0.63108856;2.57032465;-3.11075819;-0.01180658;9.69985643;3.72504252
1444;144.32148518;0.00000000;-2.42048045;8.86685912;0.63410956;2.56730382;-3.11193040;-0.01165033;9.73816298;3.70233677
1445;144.42143081;0.00000000;-2.52038365;8.86395285;0.63701424;2.56439926;-3.11308699;-0.01149395;9.77608730;3.67984640
1446;144.52137644;0.00000000;-2.62029033;8.86116134;0.63980415;2.56160938;-3.11422793;-0.01133739;9.81363603;3.65756781
1447;144.62132206;0.00000000;-2.72019997;8.85848304;0.64248089;2.55893264;-3.11535323;-0.01118099;9.85081559;3.63549752
1448;144.72126769;0.00000000;-2.82011265;8.85591639;0.64504599;2.55636747;-3.11646292;-0.01102489;9.88763228;3.61363211
1449;144.82121332;0.00000000;-2.92002801;8.85345984;0.64750102;2.55391234;-3.11755701;-0.01086869;9.92409217;3.59196826
1450;144.92115895;0.00000000;-3.01994605;8.85111182;0.64984755;2.55156567;-3.11863547;-0.01071233;9.96020123;3.57050275
1451;145.02110457;0.00000000;-3.11986649;8.84887078;0.65208714;2.54932593;-3.11969831;-0.01055601;9.99596523;3.54923243
1452;145.12105020;0.00000000;-3.21978928;8.84673517;0.65422135;2.54719154;-3.12074553;-0.01039979;10.03138980;3.52815422
1453;145.22099583;0.00000000;-3.31971423;8.84470341;0.65625175;2.54516096;-3.12177714;-0.01024355;10.06648044;3.50726515
1454;145.32094145;0.00000000;-3.41964119;8.84277396;0.65817988;2.54323262;-3.12279312;-0.01008728;10.10124250;3.48656229
1455;145.42088708;0.00000000;-3.51957008;8.84094525;0.66000733;2.54140498;-3.12379349;-0.00993102;10.13568120;3.46604280
1456;145.52083271;0.00000000;-3.61950069;8.83921573;0.66173564;2.53967648;-3.12477825;-0.00977478;10.16980162;3.44570390
1457;145.62077833;0.00000000;-3.71943300;8.83758384;0.66336639;2.53804556;-3.12574739;-0.00961854;10.20360873;3.42554289
1458;145.72072396;0.00000000;-3.81936676;8.83604801;0.66490113;2.53651066;-3.12670091;-0.00946230;10.23710736;3.40555712
1459;145.82066959;0.00000000;-3.91930202;8.83460670;0.66634142;2.53507023;-3.12763882;-0.00930607;10.27030225;3.38574401
1460;145.92061521;0.00000000;-4.01923847;8.83325834;0.66768883;2.53372271;-3.12856111;-0.00914984;10.30319799;3.36610105
1461;146.02056084;0.00000000;-4.11917623;8.83200136;0.66894492;2.53246654;-3.12946779;-0.00899362;10.33579910;3.34662577
1462;146.12050647;0.00000000;-4.21911495;8.83083422;0.67011126;2.53130017;-3.13035886;-0.00883740;10.36810997;3.32731577
1463;146.22045209;0.00000000;-4.31905481;8.82975535;0.67118939;2.53022203;-3.13123431;-0.00868118;10.40013488;3.30816869
1464;146.32039772;0.00000000;-4.41899541;8.82876320;0.67218089;2.52923058;-3.13209415;-0.00852497;10.43187805;3.28918224
1465;146.42034335;0.00000000;-4.51893699;8.82785619;0.67308731;2.52832424;-3.13293838;-0.00836876;10.46334355;3.27035418
1466;146.52028897;0.00000000;-4.61887912;8.82703278;0.67391022;2.52750148;-3.13376699;-0.00821256;10.49453541;3.25168231
1467;146.62023460;0.00000000;-4.71882208;8.82629141;0.67465117;2.52676071;-3.13457999;-0.00805636;10.52545754;3.23316448
1468;146.72018023;0.00000000;-4.81876540;8.82563051;0.67531175;2.52610040;-3.13537739;-0.00790016;10.55611376;3.21479858
1469;146.82012586;0.00000000;-4.91870942;8.82504852;0.67589348;2.52551898;-3.13615917;-0.00774397;10.58650782;3.19658258
1470;146.92007148;0.00000000;-5.01865365;8.82454389;0.67639796;2.52501489;-3.13692534;-0.00758778;10.61664338;3.17851444
1471;147.02001711;0.00000000;-5.11859846;8.82411505;0.67682671;2.52458657;-3.13767590;-0.00743159;10.64652403;3.16059221
1472;147.11996274;0.00000000;-5.21854332;8.82376044;0.67718134;2.52423247;-3.13841085;-0.00727540;10.67615327;3.14281396
1473;147.21990836;0.00000000;-5.31848867;8.82347851;0.67746336;2.52395103;-3.13913019;-0.00711922;10.70553454;3.12517779
1474;147.31985399;0.00000000;-5.41843393;8.82326770;0.67767437;2.52374069;-3.13983392;-0.00696304;10.73467118;3.10768187
1475;147.41979962;0.00000000;-5.51837958;8.82312644;0.67781591;2.52359988;-3.14052204;-0.00680687;10.76356650;3.09032438
1476;147.51974524;0.00000000;-5.61832503;8.82305317;0.67788955;2.52352705;-3.14119455;-0.00665069;10.79222371;3.07310354
1477;147.61969087;0.00000000;-5.71827079;8.82304634;0.67789684;2.52352065;3.14133385;-0.00649452;10.82064597;3.05601762
1478;147.71963650;0.00000000;-5.81821625;8.82310438;0.67783935;2.52357911;3.14069256;-0.00633836;10.84883636;3.03906491
1479;147.81958212;0.00000000;-5.91816194;8.82322574;0.67771863;2.52370087;3.14006687;-0.00618219;10.87679791;3.02224375
1480;147.91952775;0.00000000;-6.01810724;8.82340885;0.67753627;2.52388438;3.13945679;-0.00602603;10.90453360;3.00555250
1481;148.01947338;0.00000000;-6.11805272;8.82365216;0.67729378;2.52412807;3.13886232;-0.00586986;10.93204631;2.98898956
1482;148.11941900;0.00000000;-6.21799773;8.82395410;0.67699276;2.52443040;3.13828346;-0.00571370;10.95933892;2.97255334
1483;148.21936463;0.00000000;-6.31794286;8.82431312;0.67663475;2.52478978;3.13772020;-0.00555755;10.98641420;2.95624231
1484;148.31931026;0.00000000;-6.41788747;8.82472765;0.67622132;2.52520468;3.13717255;-0.00540139;11.01327489;2.94005494
1485;148.41925589;0.00000000;-6.51783215;8.82519614;0.67575402;2.52567353;3.13664051;-0.00524524;11.03992369;2.92398977
1486;148.51920151;0.00000000;-6.61777625;8.82571702;0.67523443;2.52619476;3.13612408;-0.00508909;11.06636323;2.90804532
1487;148.61914714;0.00000000;-6.71772040;8.82628873;0.67466407;2.52676683;3.13562325;-0.00493294;11.09259609;2.89222017
1488;148.71909277;0.00000000;-6.81766394;8.82690972;0.67404454;2.52738817;3.13513802;-0.00477679;11.11862480;2.87651291
1489;148.81903839;0.00000000;-6.91760748;8.82757843;0.67337737;2.52805722;3.13466841;-0.00462064;11.14445186;2.86092216
1490;148.91898402;0.00000000;-7.01755039;8.82829329;0.67266415;2.52877242;3.13421440;-0.00446450;11.17007970;2.84544658
1491;149.01892965;0.00000000;-7.11749329;8.82905274;0.67190640;2.52953221;3.13377599;-0.00430835;11.19551073;2.83008482
1492;149.11887527;0.00000000;-7.21743553;8.82985523;0.67110571;2.53033505;3.13335320;-0.00415221;11.22074729;2.81483559
1493;149.21882090;0.00000000;-7.31737776;8.83069920;0.67026362;2.53117935;3.13294600;-0.00399607;11.24579169;2.79969761
1494;149.31876653;0.00000000;-7.41731932;8.83158308;0.66938170;2.53206357;3.13255442;-0.00383993;11.27064620;2.78466961
1495;149.41871215;0.00000000;-7.51726085;8.83250532;0.66846150;2.53298614;3.13217844;-0.00368379;11.29531305;2.76975035
1496;149.51865778;0.00000000;-7.61720171;8.83346435;0.66750459;2.53394551;3.13181806;-0.00352765;11.31979442;2.75493862
1497;149.61860341;0.00000000;-7.71714256;8.83445862;0.66651250;2.53494012;3.13147329;-0.00337151;11.34409246;2.74023323
1498;149.71854903;0.00000000;-7.81708274;8.83548657;0.66548683;2.53596840;3.13114413;-0.00321537;11.36820929;2.72563300
1499;149.81849466;0.00000000;-7.91702291;8.83654664;0.66442910;2.53702880;3.13083056;-0.00305924;11.39214697;2.71113678
1500;149.91844029;0.00000000;-8.01696242;8.83763726;0.66334090;2.53811976;3.13053261;-0.00290310;11.41590755;2.69674342
1501;150.01838592;0.00000000;-8.11690194;8.83875688;0.66222375;2.53923972;3.13025026;-0.00274696;11.43949302;2.68245183
1502;150.11833154;0.00000000;-8.21684083;8.83990393;0.66107925;2.54038712;3.12998352;-0.00259083;11.46290536;2.66826089
1503;150.21827717;0.00000000;-8.31677974;8.84107687;0.65990891;2.54156039;3.12973238;-0.00243469;11.48614650;2.65416952
1504;150.31822280;0.00000000;-8.41671804;8.84227412;0.65871434;2.54275799;3.12949684;-0.00227856;11.50921833;2.64017668
1505;150.41816842;0.00000000;-8.51665638;8.84349414;0.65749705;2.54397834;3.12927691;-0.00212242;11.53212274;2.62628131
1506;150.51811405;0.00000000;-8.61659415;8.84473535;0.65625864;2.54521990;3.12907259;-0.00196629;11.55486155;2.61248239
1507;150.61805968;0.00000000;-8.71653198;8.84599620;0.65500062;2.54648110;3.12888387;-0.00181015;11.57743658;2.59877890
1508;150.71800530;0.00000000;-8.81646927;8.84727514;0.65372459;2.54776038;3.12871076;-0.00165402;11.59984961;2.58516985
1509;150.81795093;0.00000000;-8.91640666;8.84857059;0.65243207;2.54905617;3.12855325;-0.00149788;11.62210239;2.57165427
1510;150.91789656;0.00000000;-9.01634355;8.84988101;0.65112465;2.55036694;3.12841134;-0.00134175;11.64419663;2.55823119
1511;151.01784218;0.00000000;-9.11628057;8.85120483;0.64980386;2.55169110;3.12828504;-0.00118561;11.66613403;2.54489966
1512;151.11778781;0.00000000;-9.21621712;8.85254048;0.64847128;2.55302711;3.12817435;-0.00102948;11.68791625;2.53165875
1513;151.21773344;0.00000000;-9.31615384;8.85388643;0.64712844;2.55437340;3.12807926;-0.00087334;11.70954494;2.51850754
1514;151.31767906;0.00000000;-9.41609014;8.85524109;0.64577693;2.55572842;3.12799977;-0.00071720;11.73102171;2.50544512
1515;151.41762469;0.00000000;-9.51602664;8.85660292;0.64441826;2.55709060;3.12793590;-0.00056107;11.75234814;2.49247061
1516;151.51757032;0.00000000;-9.61596278;8.85797035;0.64305404;2.55845803;3.12788762;-0.00040493;11.77352581;2.47958313
1517;151.61751594;0.00000000;-9.71589914;8.85934183;0.64168578;2.55982864;3.12785495;-0.00024879;11.79455624;2.46678182
1518;151.71746157;0.00000000;-9.81583519;8.86071579;0.64031507;2.56120172;3.12783789;-0.00009265;11.81544096;2.45406582
1519;151.81740720;0.00000000;-9.91577150;8.86209068;0.63894344;2.56257574;3.12783644;0.00006349;11.83618145;2.44143429
1520;151.91735283;0.00000000;-10.01570755;8.86346493;0.63757247;2.56394912;3.12785058;0.00021964;11.85677919;2.42888642
1521;152.01729845;0.00000000;-10.11564390;8.86483700;0.63620369;2.56532031;3.12788034;0.00037578;11.87723562;2.41642138
1522;152.11724408;0.00000000;-10.21558003;8.86620530;0.63483868;2.56668775;3.12792570;0.00053193;11.89755216;2.40403838
1523;152.21718971;0.00000000;-10.31551650;8.86756829;0.63347897;2.56804988;3.12798667;0.00068807;11.91773022;2.39173662
1524;152.31713533;0.00000000;-10.41545281;8.86892441;0.63212615;2.56940514;3.12806324;0.00084422;11.93777119;2.37951533
1525;152.41708096;0.00000000;-10.51538948;8.87027210;0.63078174;2.57075198;3.12815542;0.00100037;11.95767641;2.36737374
1526;152.51702659;0.00000000;-10.61532604;8.87160980;0.62944732;2.57208883;3.12826320;0.00115652;11.97744724;2.35531110
1527;152.61697221;0.00000000;-10.71526299;8.87293595;0.62812443;2.57341414;3.12838660;0.00131267;11.99708500;2.34332666
1528;152.71691784;0.00000000;-10.81519988;8.87424898;0.62681465;2.57472633;3.12852560;0.00146883;12.01659099;2.33141968
1529;152.81686347;0.00000000;-10.91513720;8.87554734;0.62551949;2.57602387;3.12868020;0.00162498;12.03596650;2.31958944
1530;152.91680909;0.00000000;-11.01507449;8.87682947;0.62424057;2.57730518;3.12885042;0.00178114;12.05521278;2.30783522
1531;153.01675472;0.00000000;-11.11501224;8.87809381;0.62297938;2.57856872;3.12903624;0.00193730;12.07433109;2.29615633
1532;153.11670035;0.00000000;-11.21495000;8.87933880;0.62173753;2.57981291;3.12923767;0.00209346;12.09332265;2.28455206
1533;153.21664597;0.00000000;-11.31488825;8.88056289;0.62051653;2.58103620;3.12945470;0.00224963;12.11218868;2.27302174
1534;153.31659160;0.00000000;-11.41482655;8.88176450;0.61931797;2.58223703;3.12968735;0.00240579;12.13093038;2.26156468
1535;153.41653723;0.00000000;-11.51476535;8.88294208;0.61814339;2.58341384;3.12993560;0.00256196;12.14954892;2.25018022
1536;153.51648286;0.00000000;-11.61470424;8.88409407;0.61699435;2.58456507;3.13019946;0.00271813;12.16804546;2.23886770
1537;153.61642848;0.00000000;-11.71464365;8.88521891;0.61587240;2.58568917;3.13047893;0.00287431;12.18642114;2.22762648
1538;153.71637411;0.00000000;-11.81458316;8.88631504;0.61477911;2.58678456;3.13077401;0.00303048;12.20467711;2.21645591
1539;153.81631974;0.00000000;-11.91452321;8.88738090;0.61371602;2.58784971;3.13108470;0.00318666;12.22281447;2.20535536
1540;153.91626536;0.00000000;-12.01446339;8.88841493;0.61268470;2.58888303;3.13141099;0.00334284;12.24083432;2.19432422
1541;154.01621099;0.00000000;-12.11440412;8.88941557;0.61168669;2.58988297;3.13175290;0.00349902;12.25873774;2.18336186
1542;154.11615662;0.00000000;-12.21434498;8.89038126;0.61072357;2.59084798;3.13211042;0.00365521;12.27652581;2.17246767
1543;154.21610224;0.00000000;-12.31428639;8.89131043;0.60979686;2.59177649;3.13248355;0.00381140;12.29419958;2.16164107
1544;154.31604787;0.00000000;-12.41422795;8.89220154;0.60890816;2.59266695;3.13287229;0.00396760;12.31176008;2.15088146
1545;154.41599350;0.00000000;-12.51417005;8.89305302;0.60805899;2.59351779;3.13327663;0.00412379;12.32920836;2.14018825
1546;154.51593912;0.00000000;-12.61411230;8.89386330;0.60725094;2.59432745;3.13369659;0.00427998;12.34654541;2.12956087
1547;154.61588475;0.00000000;-12.71405507;8.89463083;0.60648553;2.59509437;3.13413217;0.00443619;12.36377225;2.11899875
1548;154.71583038;0.00000000;-12.81399800;8.89535405;0.60576435;2.59581699;3.13458335;0.00459241;12.38088985;2.10850134
1549;154.81577600;0.00000000;-12.91394142;8.89603140;0.60508893;2.59649376;3.13505015;0.00474862;12.39789920;2.09806806
1550;154.91572163;0.00000000;-13.01388497;8.89666131;0.60446085;2.59712311;3.13553256;0.00490482;12.41480125;-6.89856531
1551;155.01566726;0.00000000;-13.11382899;8.89724223;0.60388166;2.59770348;3.13603058;0.00506100;12.35913942;-11.79678202
1552;155.11561288;0.00000000;-13.21377312;8.89777260;0.60335292;2.59823331;3.13654420;0.00521710;12.26337040;-11.77679817
1553;155.21555851;0.00000000;-13.31371772;8.89825085;0.60287616;2.59871104;3.13707344;0.00537358;12.16701174;-11.75743794
1554;155.31550414;0.00000000;-13.41366239;8.89867542;0.60245299;2.59913511;3.13761836;0.00553080;12.07004414;-11.70755731
1555;155.41544977;0.00000000;-13.51360729;8.89904471;0.60208499;2.59950390;3.13818280;0.00590595;11.97270760;-11.60207656
1556;155.51539539;0.00000000;-13.61355220;8.89935471;0.60177616;2.59981342;3.13881213;0.00668745;11.87546099;-11.42251926
1557;155.61534102;0.00000000;-13.71349685;8.89959779;0.60153414;2.60005603;3.13952927;0.00802806;11.77893510;-11.10564677
1558;155.71528665;0.00000000;-13.81344129;8.89975994;0.60137292;2.60021772;3.14045101;0.01041675;11.68432242;-10.84639021
1559;155.81523227;0.00000000;-13.91338659;8.89981811;0.60131543;2.60027546;-3.14157998;0.01245210;11.59117301;-10.68349824
1560;155.91517790;0.00000000;-14.01333063;8.89975237;0.60138169;2.60020929;-3.14026696;0.01382275;11.49868488;-10.53281763
1561;156.01512353;0.00000000;-14.11327725;8.89954856;0.60158560;2.60000512;-3.13881785;0.01514193;11.40676711;-10.39962090
1562;156.11506915;0.00000000;-14.21322076;8.89919358;0.60194060;2.59964975;-3.13724337;0.01636532;11.31527916;-10.24064888
1563;156.21501478;0.00000000;-14.31316681;8.89867506;0.60245866;2.59913091;-3.13554243;0.01783021;11.22446107;-10.02960632
1564;156.31496041;0.00000000;-14.41310863;8.89797811;0.60315508;2.59843361;-3.13366405;0.01975819;11.13479662;-9.80124944
1565;156.41490603;0.00000000;-14.51305191;8.89708375;0.60404846;2.59753895;-3.13158956;0.02188476;11.04647056;-9.53382951
1566;156.51485166;0.00000000;-14.61299015;8.89597053;0.60516059;2.59642538;-3.12927676;0.02439693;10.95987147;-9.27964844
1567;156.61479729;0.00000000;-14.71292795;8.89461361;0.60651600;2.59506813;-3.12671351;0.02686822;10.87491895;-9.04279004
1568;156.71474291;0.00000000;-14.81285915;8.89298842;0.60813960;2.59344254;-3.12390869;0.02925914;10.79149144;-8.81750725
1569;156.81468854;0.00000000;-14.91278747;8.89107097;0.61005510;2.59152470;-3.12086549;0.03161358;10.70951656;-8.60735886
1570;156.91463417;0.00000000;-15.01270685;8.88883790;0.61228619;2.58929111;-3.11759181;0.03389633;10.62888560;-8.40396259
1571;157.01457980;0.00000000;-15.11262053;8.88626628;0.61485558;2.58671893;-3.11408995;0.03617718;10.54956542;-8.20716600
1572;157.11452542;0.00000000;-15.21252174;8.88333349;0.61778626;2.58378541;-3.11036040;0.03845532;10.47152280;-8.01675922
1573;157.21447105;0.00000000;-15.31241352;8.88001667;0.62110086;2.58046775;-3.10640313;0.04073052;10.39472509;-7.83277523
1574;157.31441668;0.00000000;-15.41228829;8.87629334;0.62482230;2.57674334;-3.10221892;0.04300036;10.31913788;-7.65455937
1575;157.41436230;0.00000000;-15.51214888;8.87214070;0.62897315;2.57258942;-3.09780777;0.04526891;10.24473167;-7.48193327
1576;157.51430793;0.00000000;-15.61198684;8.86753642;0.63357623;2.56798353;-3.09317011;0.04753597;10.17147747;-7.31467607
1577;157.61425356;0.00000000;-15.71180471;8.86245772;0.63865414;2.56290292;-3.08830576;0.04980182;10.09934722;-7.15269894
1578;157.71419918;0.00000000;-15.81159308;8.85688241;0.64422956;2.55732524;-3.08321524;0.05206553;10.02831253;-6.99570772
1579;157.81414481;0.00000000;-15.91135411;8.85078773;0.65032512;2.55122776;-3.07789833;0.05432826;9.95834682;-6.84359923
1580;157.91409044;0.00000000;-16.01107747;8.84415165;0.65696338;2.54458830;-3.07235556;0.05658939;9.88942343;-6.69611302
1581;158.01403606;0.00000000;-16.11076487;8.83695143;0.66416696;2.53738413;-3.06658660;0.05884993;9.82151727;-6.55317457
1582;158.11398169;0.00000000;-16.21040496;8.82916526;0.67195828;2.52959324;-3.06059202;0.06110908;9.75460297;-6.41452217
1583;158.21392732;0.00000000;-16.30999892;8.82077039;0.68035996;2.52119293;-3.05437141;0.06336805;9.68865689;-6.28009099
1584;158.31387294;0.00000000;-16.40953437;8.81174524;0.68939428;2.51216139;-3.04792534;0.06562608;9.62365507;-6.14962388
1585;158.41381857;0.00000000;-16.50901187;8.80206710;0.69908385;2.50247595;-3.04125329;0.06788449;9.55957536;-6.02307227
1586;158.51376420;0.00000000;-16.60841798;8.79171461;0.70945075;2.49211503;-3.03435584;0.07014247;9.49639518;-5.90018031
1587;158.61370982;0.00000000;-16.70775253;8.78066512;0.72051762;2.48105599;-3.02723236;0.07240149;9.43409387;-5.78091212
1588;158.71365545;0.00000000;-16.80700104;8.76889753;0.73230633;2.46927754;-3.01988340;0.07466072;9.37265028;-5.66501161
1589;158.81360108;0.00000000;-16.90616246;8.75638924;0.74483952;2.45675709;-3.01230824;0.07692180;9.31204527;-5.55245605
1590;158.91354671;0.00000000;-17.00522130;8.74311944;0.75813887;2.44347364;-3.00450737;0.07918382;9.25225916;-5.44298759
1591;159.01349233;0.00000000;-17.10417547;8.72906560;0.77222701;2.42940471;-2.99647995;0.08144865;9.19327439;-5.33659587
1592;159.11343796;0.00000000;-17.20300853;8.71420723;0.78712542;2.41452960;-2.98822643;0.08371532;9.13507281;-5.23301886
1593;159.21338359;0.00000000;-17.30171720;8.69852191;0.80285672;2.39882600;-2.97974582;0.08598588;9.07763849;-5.13225756
1594;159.31332921;0.00000000;-17.40028409;8.68198944;0.81944219;2.38227358;-2.97103849;0.08825933;9.02095489;-5.03404554
1595;159.41327484;0.00000000;-17.49870456;8.66458757;0.83690444;2.36485023;-2.96210333;0.09053793;8.96500783;-4.93839600
1596;159.51322047;0.00000000;-17.59696037;8.64629642;0.85507006;2.34653602;-2.95294059;0.09282059;8.90978245;-4.84503376
1597;159.61316609;0.00000000;-17.69504530;8.62709394;0.87414120;2.32730913;-2.94354903;0.09510983;8.85526642;-4.75398018
1598;159.71311172;0.00000000;-17.79294036;8.60696056;0.89414219;2.30715011;-2.93392876;0.09740455;8.80144672;-4.66495074
1599;159.81305735;0.00000000;-17.89063751;8.58587453;0.91509613;2.28603755;-2.92407838;0.09970751;8.74831306;-4.57797659
1600;159.91300297;0.00000000;-17.98811714;8.56381655;0.93702328;2.26395248;-2.91399783;0.10201753;8.69585441;-4.49277710
1601;160.01294860;0.00000000;-18.08536911;8.54076524;0.95994661;2.24087411;-2.90368558;0.10433748;8.64406254;-4.40940079
1602;160.11289423;0.00000000;-18.18237333;8.51670157;0.98388652;2.21678401;-2.89314135;0.10666597;8.59292828;-4.32750354
1603;160.21283985;0.00000000;-18.27911731;8.49160466;1.00886574;2.19166222;-2.88236351;0.10900686;8.54244616;-4.24709795
1604;160.31278548;0.00000000;-18.37558061;8.46545565;1.03490490;2.16549095;-2.87135138;0.11135926;8.49261024;-4.16793064
1605;160.41273111;0.00000000;-18.47174805;8.43823432;1.06202642;2.13825134;-2.86010321;0.11372594;8.44341730;-4.09009905
1606;160.51267674;0.00000000;-18.56759907;8.40992192;1.09025130;2.10992632;-2.84861809;0.11610485;8.39486276;-4.01333508
1607;160.61262236;0.00000000;-18.66311549;8.38049904;1.11960151;2.08049859;-2.83689425;0.11849902;8.34694496;-3.93793130
1608;160.71256799;0.00000000;-18.75827681;8.34994698;1.15009853;2.04995199;-2.82493077;0.12090360;8.29965855;-3.86261054
1609;160.81251362;0.00000000;-18.85306145;8.31824742;1.18176367;2.01827132;-2.81272585;0.12333615;8.25301339;-3.78594444
1610;160.91245924;0.00000000;-18.94744921;8.28538148;1.21461915;1.98544149;-2.80027506;0.12581670;8.20703679;-3.71082258
1611;161.01240487;0.00000000;-19.04141448;8.25133187;1.24868582;1.95144982;-2.78757552;0.12830237;8.16172114;-3.64098074
1612;161.11235050;0.00000000;-19.13493770;8.21607935;1.28398679;1.91628261;-2.77463061;0.13073699;8.11701249;-3.57459735
1613;161.21229612;0.00000000;-19.22798939;8.17960896;1.32054128;1.87993168;-2.76144191;0.13314659;8.07287811;-3.52227866
1614;161.31224175;0.00000000;-19.32055108;8.14190233;1.35837210;1.84238668;-2.74802332;0.13537007;8.02915240;-3.46923458
1615;161.41218738;0.00000000;-19.41259010;8.10294855;1.39749518;1.80363509;-2.73438147;0.13763178;7.98585115;-3.41352973
1616;161.51213300;0.00000000;-19.50408937;8.06273025;1.43793290;1.76321374;-2.72050922;0.13996138;7.94301478;-3.35730064
1617;161.61207863;0.00000000;-19.59501147;8.02123853;1.47951738;1.72154041;-2.70640318;0.14232539;7.90065749;-3.30070999
1618;161.71202426;0.00000000;-19.68534059;7.97845463;1.52201155;1.67860664;-2.69205840;0.14472083;7.85879162;-3.24340702
1619;161.81196988;0.00000000;-19.77503408;7.93437229;1.56586771;1.63441850;-2.67747344;0.14715280;7.81743417;-3.18562282
1620;161.91191551;0.00000000;-19.86407766;7.88897145;1.61111329;1.58897164;-2.66264261;0.14961704;7.77659944;-3.12663706
1621;162.01186114;0.00000000;-19.95242339;7.84224894;1.65775871;1.54228219;-2.64756484;0.15212460;7.73631123;-3.06594759
1622;162.11180676;0.00000000;-20.04005828;7.79418326;1.70583352;1.49435264;-2.63223226;0.15468295;7.69660025;-3.00388720
1623;162.21175239;0.00000000;-20.12692902;7.74477455;1.75351998;1.44521327;-2.61664351;0.15728571;7.65749337;-2.94067052
1624;162.31169802;0.00000000;-20.21302365;7.69399967;1.77573644;1.39487775;-2.60079073;0.15992827;7.61901505;-2.87529078
1625;162.41164365;0.00000000;-20.29828356;7.64186258;1.80474261;1.34233857;-2.58467348;0.16262644;7.58120339;-2.80615897
1626;162.51158927;0.00000000;-20.38269766;7.58833839;1.84024366;1.28849641;-2.56827991;0.16540582;7.54411812;-2.73276813
1627;162.61153490;0.00000000;-20.46620165;7.53343508;1.88187686;1.23778717;-2.55160814;0.16827330;7.50782670;-2.64646716
1628;162.71148053;0.00000000;-20.54878464;7.47712523;1.92927301;1.19177534;-2.53463384;0.17137642;7.47251337;-2.55756963
1629;162.81142615;0.00000000;-20.63037610;7.41941974;1.98201531;1.15102672;-2.51734955;0.17453102;7.43822696;-2.46741234
1630;162.91137178;0.00000000;-20.71096426;7.36028834;2.03971877;1.11608455;-2.49974586;0.17771028;7.40499873;-2.37303533
1631;163.01131741;0.00000000;-20.79047312;7.29974737;2.10030851;1.08750332;-2.48182430;0.18096343;7.37290019;-2.27388253
1632;163.11126303;0.00000000;-20.86889119;7.23776471;2.16254876;1.03887303;-2.46356978;0.18429612;7.34201116;-2.16964496
1633;163.21120866;0.00000000;-20.94613595;7.17436320;2.20703818;0.98237729;-2.44498244;0.18770895;7.31241649;-2.06023309
1634;163.31115429;0.00000000;-21.02219583;7.10950825;2.23840553;0.93049143;-2.42604571;0.19119790;7.28420293;-1.94656344
1635;163.41109991;0.00000000;-21.09698459;7.04322762;2.27549421;0.87712516;-2.40676147;0.19473994;7.25744523;-1.83006450
1636;163.51104554;0.00000000;-21.17048832;6.97548636;2.31806631;0.83059390;-2.38711835;0.19830220;7.23219866;-1.70630021
1637;163.61099117;0.00000000;-21.24261517;6.90632066;2.36303638;0.79211503;-2.36711836;0.20196018;7.20857981;-1.58398128
1638;163.71093679;0.00000000;-21.31335219;6.83569255;2.40548110;0.76286571;-2.34675185;0.20554297;7.18658465;-1.45195732
1639;163.81088242;0.00000000;-21.38260091;6.76364963;2.45305158;0.72963567;-2.32602854;0.20925343;7.16636347;-1.30312945
1640;163.91082805;0.00000000;-21.45034946;6.69015052;2.48672090;0.69705767;-2.30491415;0.21321317;7.14816628;-1.13951479
1641;164.01077368;0.00000000;-21.51649553;6.61524812;2.51020544;0.67552113;-2.28340504;0.21736701;7.13221579;-0.93479270
1642;164.11071930;0.00000000;-21.58101983;6.53890047;2.53151999;0.65236792;-2.26143650;0.22219354;7.11910424;-0.71303618
1643;164.21066493;0.00000000;-21.64381166;6.46116486;2.54208442;0.64184936;-2.23898423;0.22719708;7.10908683;-0.46914334
1644;164.31061056;0.00000000;-21.70484583;6.38199251;2.55490698;0.62899828;-2.21601119;0.23244705;7.10248815;-0.24326780
1645;164.41055618;0.00000000;-21.76399758;6.30145986;2.56185529;0.61383248;-2.19251847;0.23714955;7.09906408;-0.19467483
1646;164.51050181;0.00000000;-21.82125368;6.21951266;2.55921812;0.59630668;-2.16875435;0.23829478;7.09632278;-0.19467483
1647;164.61044744;0.00000000;-21.87651356;6.13626817;2.56126988;0.59253107;-2.14490238;0.23737238;7.09358042;-0.13883755
1648;164.71039306;0.00000000;-21.92981474;6.05170597;2.54932495;0.60314663;-2.12169434;0.22695210;7.09162399;0.39190515
1649;164.81033869;0.00000000;-21.98116616;5.96598689;2.54352448;0.61279114;-2.09953168;0.21723492;7.09714514;0.86327229
1650;164.91028432;0.00000000;-22.03065551;5.87914784;2.54381518;0.60599015;-2.07815563;0.21048441;7.10929179;1.16630368
1651;165.01022994;0.00000000;-22.07829901;5.79130210;2.55012534;0.61348509;-2.05745539;0.20398116;7.12566935;1.44653489
1652;165.11017557;0.00000000;-22.12414729;5.70249098;2.54252860;0.63482941;-2.03734844;0.19836846;7.14592985;1.67304461
1653;165.21012120;0.00000000;-22.16822199;5.61279630;2.53523790;0.65698838;-2.01780224;0.19278953;7.16929148;1.89216190
1654;165.31006682;0.00000000;-22.21056269;5.52226422;2.52321322;0.66209796;-1.99881360;0.18719070;7.19562137;2.10767247
1655;165.41001245;0.00000000;-22.25120145;5.43095790;2.49831522;0.65911363;-1.98038415;0.18163292;7.22483718;2.31728560
1656;165.50995808;0.00000000;-22.29017605;5.33892886;2.47898563;0.64874255;-1.96250382;0.17618207;7.25682282;2.51841134
1657;165.60990371;0.00000000;-22.32752537;5.24622485;2.46530740;0.65191899;-1.94516587;0.17077673;7.29142550;2.71514783
1658;165.70984933;0.00000000;-22.36328536;5.15290120;2.45732624;0.66850077;-1.92836600;0.16542054;7.32854829;2.90803193
1659;165.80979496;0.00000000;-22.39749970;5.05899336;2.45504577;0.69757995;-1.91209900;0.16010551;7.36810086;3.09817455
1660;165.90974059;0.00000000;-22.43020468;4.96455678;2.45842972;0.73022224;-1.89636087;0.15484829;7.41000730;3.28529199
1661;166.00968621;0.00000000;-22.46144698;4.86961706;2.45751561;0.71868284;-1.88114548;0.14962318;7.45418737;3.47139672
1662;166.10963184;0.00000000;-22.49126339;4.77422938;2.44173760;0.71866114;-1.86645156;0.14443611;7.50058739;3.65670900
1663;166.20957747;0.00000000;-22.51970256;4.67841169;2.43140671;0.73099348;-1.85227303;0.13928666;7.54915594;3.84177463
1664;166.30952309;0.00000000;-22.54680240;4.58221704;2.42339419;0.75017385;-1.83860831;0.13417621;7.59984819;4.02700995
1665;166.40946872;0.00000000;-22.57261252;4.48565752;2.42010617;0.77303406;-1.82545159;0.12909790;7.65262416;4.21329065
1666;166.50941435;0.00000000;-22.59717211;4.38878296;2.40298305;0.79748770;-1.81280172;0.12405554;7.70745461;4.40084899
1667;166.60935997;0.00000000;-22.62053118;4.29160098;2.37959529;0.82076641;-1.80065317;0.11904190;7.76431244;4.59056299
1668;166.70930560;0.00000000;-22.64273009;4.19415797;2.35737276;0.81740836;-1.78900542;0.11405633;7.82318101;4.78290883
1669;166.80925123;0.00000000;-22.66381896;4.09645805;2.33924729;0.80173358;-1.77785355;0.10909540;7.88404863;4.78832595
1670;166.90919685;0.00000000;-22.68383931;3.99854369;2.32636439;0.79726928;-1.76719745;0.10415696;7.94451806;4.75332717
1671;167.00914248;0.00000000;-22.70284116;3.90041662;2.31876118;0.80425070;-1.75703277;0.09924026;8.00409369;4.71881806
1672;167.10908811;0.00000000;-22.72086710;3.80211509;2.31644285;0.82234386;-1.74735961;0.09434047;8.06280139;4.68478486
1673;167.20903373;0.00000000;-22.73796696;3.70363869;2.31937616;0.83941137;-1.73817432;0.08945854;8.12066584;4.65121441
1674;167.30897936;0.00000000;-22.75418425;3.60502193;2.32749201;0.85552464;-1.72947696;0.08459385;8.17771061;4.61809418
1675;167.40892499;0.00000000;-22.76956849;3.50626310;2.33093151;0.87081960;-1.72126414;0.07974308;8.23395819;4.58541215
1676;167.50887062;0.00000000;-22.78416394;3.40739283;2.31636206;0.88533728;-1.71353671;0.07489787;8.28943009;4.55315686
1677;167.60881624;0.00000000;-22.79801994;3.30840841;2.30251455;0.89912592;-1.70629221;0.07006536;8.34414690;4.52131734
1678;167.70876187;0.00000000;-22.81118148;3.20933654;2.28933712;0.91222817;-1.69953083;0.06524275;8.39812832;4.48988304
1679;167.80870750;0.00000000;-22.82369761;3.11017378;2.27680703;0.92469247;-1.69325036;0.06042736;8.45139324;4.45884390
1680;167.90865312;0.00000000;-22.83561383;3.01094388;2.26487825;0.93656255;-1.68745171;0.05561424;8.50395976;4.42819023
1681;168.00859875;0.00000000;-22.84697902;2.91164287;2.25350194;0.94788697;-1.68213315;0.05080959;8.55584525;4.39791274
1682;168.10854438;0.00000000;-22.85783914;2.81229138;2.22795073;0.95871035;-1.67729506;0.04600909;8.60706642;4.36800250
1683;168.20849000;0.00000000;-22.86824287;2.71288533;2.19258947;0.96908122;-1.67293605;0.04121353;8.65763927;4.33845093
1684;168.30843563;0.00000000;-22.87823652;2.61344249;2.16167109;0.97904485;-1.66905668;0.03641914;8.70757924;4.30924979
1685;168.40838126;0.00000000;-22.88786861;2.51395894;2.13533940;0.98864971;-1.66565594;0.03162849;8.75690114;4.28039111
1686;168.50832688;0.00000000;-22.89718574;2.41445000;2.11372182;1.00679896;-1.66273431;0.02683801;8.80561925;4.25186725
1687;168.60827251;0.00000000;-22.90623630;2.31491218;2.09691505;1.03407686;-1.66029110;0.02204929;8.85374731;4.22367084
1688;168.70821814;0.00000000;-22.91506714;2.21535847;2.08498934;1.06982697;-1.65832682;0.01725903;8.90129857;4.19579476
1689;168.80816376;0.00000000;-22.92372654;2.11578620;2.07633304;1.11327786;-1.65684109;0.01246897;8.94828581;4.16823217
1690;168.90810939;0.00000000;-22.93226159;2.01620627;2.06780114;1.13246295;-1.65583442;0.00767605;8.99472134;4.14097642
1691;169.00805502;0.00000000;-22.94072045;1.91661715;2.05934542;1.14092747;-1.65530670;0.00288174;9.04061707;4.11402115
1692;169.10800065;0.00000000;-22.94915045;1.81702786;2.05091866;1.14936316;-1.65525849;-0.00191682;9.08598447;4.08736015
1693;169.20794627;0.00000000;-22.95759968;1.71743834;2.04247276;1.15781812;-1.65568991;-0.00671840;9.13083465;4.06098748
1694;169.30789190;0.00000000;-22.96611567;1.61785594;2.03396027;1.16634000;-1.65660162;-0.01152572;9.17517832;4.03489735
1695;169.40783753;0.00000000;-22.97474644;1.51828245;2.02533316;1.17497687;-1.65799393;-0.01633767;9.21902587;-2.52834971
1696;169.50778315;0.00000000;-22.98353976;1.41872375;2.01654376;1.18377657;-1.65986763;-0.02115687;9.19157457;-10.17647891
1697;169.60772878;0.00000000;-22.99254358;1.31918379;2.00754415;1.19278718;-1.66222320;-0.02598229;9.08024525;-9.83085100
1698;169.70767441;0.00000000;-23.00180591;1.21966724;1.99828640;1.20205675;-1.66506159;-0.03081655;8.97138522;-9.50150729
1699;169.80762003;0.00000000;-23.01137462;1.12018049;1.97509102;1.21163332;-1.66838343;-0.03565874;8.86490183;-9.18744406
1700;169.90756566;0.00000000;-23.02129797;1.02072730;1.93869129;1.22156522;-1.67218987;-0.04051152;8.76070744;-8.88798763
1701;170.00751129;0.00000000;-23.03162375;0.92131679;1.90645496;1.23383717;-1.67648167;-0.04537407;8.65871606;-8.60223416
1702;170.10745691;0.00000000;-23.04240047;0.82195212;1.87854873;1.24801785;-1.68126024;-0.05024928;8.55884644;-8.32961270
1703;170.20740254;0.00000000;-23.05367581;0.72264532;1.85512224;1.26903924;-1.68652647;-0.05513622;8.46101860;-8.06929983
1704;170.30734817;0.00000000;-23.06549857;0.62339940;1.83629812;1.29796232;-1.69228208;-0.06003807;8.36515710;-7.82081665
1705;170.40729379;0.00000000;-23.07791625;0.52422943;1.82217206;1.33431574;-1.69852803;-0.06495380;8.27118736;-7.58340209
1706;170.50723942;0.00000000;-23.09097793;0.42513873;1.80910265;1.37755599;-1.70526645;-0.06988701;8.17903935;-7.35666429
1707;170.60718505;0.00000000;-23.10473091;0.32614553;1.79534140;1.40477177;-1.71249839;-0.07483647;8.08864339;-7.13988842
1708;170.70713067;0.00000000;-23.11922452;0.22725399;1.78083906;1.41925727;-1.72022639;-0.07980632;7.99993441;-6.93276129
1709;170.80707630;0.00000000;-23.13450580;0.12848553;1.76554861;1.43453067;-1.72845162;-0.08479513;7.91284729;-6.73459788
1710;170.90702193;0.00000000;-23.15062432;0.02984575;1.74942066;1.45064182;-1.73717709;-0.08980778;7.82732170;-6.54517780
1711;171.00696756;0.00000000;-23.16762677;-0.06864072;1.73240863;1.46763767;-1.74640414;-0.09484225;7.74329653;-6.36384310
1712;171.10691318;0.00000000;-23.18556287;-0.16696620;1.71446313;1.48556835;-1.75613624;-0.09990412;7.66071567;-6.19041304
1713;171.20685881;0.00000000;-23.20447893;-0.26510289;1.69553818;1.50448064;-1.76637493;-0.10499155;7.57952210;-6.02422656
1714;171.30680444;0.00000000;-23.22442470;-0.36304033;1.67558462;1.52442490;-1.77712430;-0.11011132;7.49966433;-5.86519845
1715;171.40675006;0.00000000;-23.24544605;-0.46074757;1.65455726;1.54544776;-1.78838618;-0.11526071;7.42108908;-5.71267817
1716;171.50669569;0.00000000;-23.26759262;-0.55821068;1.63240748;1.56759975;-1.80016523;-0.12044744;7.34374896;-5.56678520
1717;171.60664132;0.00000000;-23.29090976;-0.65539557;1.60909118;1.59092739;-1.81246360;-0.12566574;7.26759225;-5.42690313
1718;171.70658694;0.00000000;-23.31544675;-0.75228415;1.58456080;1.61548124;-1.82528611;-0.13092367;7.19257302;-5.29318063
1719;171.80653257;0.00000000;-23.34124834;-0.84883923;1.55877382;1.61200693;-1.83863522;-0.13621538;7.11864075;-5.16501461
1720;171.90647820;0.00000000;-23.36836309;-0.94503780;1.53168452;1.61284131;-1.85251587;-0.14154969;7.04575084;-5.04237706
1721;172.00642382;0.00000000;-23.39683500;-1.04083957;1.50325267;1.62125920;-1.86693110;-0.14692472;6.97385674;-4.92466664
1722;172.10636945;0.00000000;-23.42671159;-1.13621597;1.47541162;1.63719522;-1.88188658;-0.15235045;6.90291822;-4.81184818
1723;172.20631508;0.00000000;-23.45803602;-1.23112354;1.45242827;1.66048091;-1.89738620;-0.15782585;6.83289350;-4.70325456
1724;172.30626070;0.00000000;-23.49085441;-1.32552746;1.43448610;1.69086016;-1.91343667;-0.16336348;6.76374853;-4.59925342
1725;172.40620633;0.00000000;-23.52520903;-1.41938096;1.42172628;1.72521014;-1.93004285;-0.16895441;6.69544200;-4.49920118
1726;172.50615196;0.00000000;-23.56114409;-1.51264231;1.41423620;1.76116473;-1.94721141;-0.17461176;6.62794030;-4.40301860
1727;172.60609759;0.00000000;-23.59870077;-1.60526127;1.40133572;1.77922770;-1.96494834;-0.18033680;6.56120932;-4.31001391
1728;172.70604321;0.00000000;-23.63792083;-1.69718867;1.36453272;1.79491668;-1.98326189;-0.18614511;6.49522391;-4.22071856
1729;172.80598884;0.00000000;-23.67884430;-1.78837048;1.33243111;1.81778092;-2.00215940;-0.19202456;6.42994937;-4.13436076
1730;172.90593447;0.00000000;-23.72150983;-1.87874943;1.30022932;1.84616860;-2.02164890;-0.19799370;6.36536145;-4.05113114
1731;173.00588009;0.00000000;-23.76595592;-1.96826739;1.27123251;1.87787208;-2.04173935;-0.20404869;6.30143164;-3.97031179
1732;173.10582572;0.00000000;-23.81221740;-2.05685861;1.24757694;1.90308684;-2.06243988;-0.21020812;6.23814156;-3.89194148
1733;173.20577135;0.00000000;-23.86033096;-2.14446039;1.22951912;1.92465914;-2.08376139;-0.21647240;6.17547124;-3.81519731
1734;173.30571697;0.00000000;-23.91032693;-2.23099802;1.20002077;1.95318136;-2.10571493;-0.22286412;6.11341316;-3.74066756
1735;173.40566260;0.00000000;-23.96223984;-2.31640366;1.16334887;1.98840253;-2.12831360;-0.22936988;6.05194958;-3.66739949
1736;173.50560823;0.00000000;-24.01609451;-2.40059306;1.13211298;2.03001269;-2.15156862;-0.23601688;5.99107776;-3.59570812
1737;173.60555385;0.00000000;-24.07192268;-2.48349268;1.10672264;2.06776151;-2.17549558;-0.24279883;5.93078933;-3.52465088
1738;173.70549948;0.00000000;-24.12974274;-2.56500855;1.08753747;2.10092240;-2.20010731;-0.24974396;5.87109148;-3.45409851
1739;173.80544511;0.00000000;-24.18958291;-2.64506060;1.07482993;2.12319776;-2.22542252;-0.25685831;5.81199373;-3.38309610
1740;173.90539073;0.00000000;-24.25145414;-2.72354481;1.05074472;2.14471413;-2.25145742;-0.26417151;5.75352238;-3.31224081
1741;174.00533636;0.00000000;-24.31538043;-2.80037366;1.02540395;2.15366134;-2.27823388;-0.27166823;5.69569415;-3.24018479
1742;174.10528199;0.00000000;-24.38136382;-2.87543255;0.99595666;2.16373546;-2.30576893;-0.27939023;5.63855010;-3.16812978
1743;174.20522761;0.00000000;-24.44942302;-2.94862602;0.96602228;2.18109828;-2.33408760;-0.28730229;5.58211123;-3.09404546
1744;174.30517324;0.00000000;-24.51954911;-3.01982839;0.94292390;2.20563739;-2.36320678;-0.29546764;5.52643585;-3.01623725
1745;174.40511887;0.00000000;-24.59175361;-3.08893518;0.92710659;2.23717808;-2.39315876;-0.30393900;5.47161527;-2.93452432
1746;174.50506450;0.00000000;-24.66601653;-3.15581023;0.90959467;2.27025519;-2.42397114;-0.31271972;5.41774750;-2.85499996
1747;174.60501012;0.00000000;-24.74234040;-3.22033808;0.86858570;2.27916771;-2.45567105;-0.32160688;5.36482045;-2.77201694
1748;174.70495575;0.00000000;-24.82069098;-3.28237332;0.83446665;2.29557148;-2.48826840;-0.33078399;5.31292730;-2.68408968
1749;174.80490138;0.00000000;-24.90105859;-3.34179139;0.80805068;2.31938300;-2.52180263;-0.34029360;5.26219255;-2.58760435
1750;174.90484700;0.00000000;-24.98338984;-3.39843466;0.79002373;2.33985909;-2.55630533;-0.35024814;5.21281411;-2.48441699
1751;175.00479263;0.00000000;-25.06766072;-3.45216634;0.76835187;2.35164396;-2.59182473;-0.36056441;5.16496058;-2.37450034
1752;175.10473826;0.00000000;-25.15380530;-3.50282225;0.75572365;2.37112146;-2.62838968;-0.37122081;5.11880610;-2.24698289
1753;175.20468388;0.00000000;-25.24177868;-3.55025215;0.75250213;2.39818516;-2.66605204;-0.38257931;5.07474370;-2.09758695
1754;175.30462951;0.00000000;-25.33149274;-3.59427964;0.75234893;2.43047817;-2.70488978;-0.39474437;5.03326280;-1.92944169
1755;175.40457514;0.00000000;-25.42287897;-3.63473618;0.71674495;2.46649257;-2.74497774;-0.40752688;4.99480289;-1.74497850
1756;175.50452076;0.00000000;-25.51583097;-3.67143536;0.67751070;2.47831845;-2.78636462;-0.42074934;4.95976309;-1.53719393
1757;175.60446639;0.00000000;-25.61024552;-3.70419473;0.64726899;2.47972339;-2.82909832;-0.43457617;4.92868931;-1.29368520
1758;175.70441202;0.00000000;-25.70599600;-3.73282365;0.62724132;2.48947092;-2.87326397;-0.44934266;4.90238533;-0.94244214
1759;175.80435764;0.00000000;-25.80294042;-3.75712196;0.60610785;2.50759430;-2.91906384;-0.46759239;4.88313383;-0.52158098
1760;175.90430327;0.00000000;-25.90090292;-3.77686148;0.59378347;2.52313831;-2.96677447;-0.48735627;4.87244667;-0.30513400
1761;176.00424890;0.00000000;-25.99968702;-3.79181873;0.59330476;2.50818109;-3.01602879;-0.49774223;4.86618361;-0.09147124
1762;176.10419453;0.00000000;-26.09913901;-3.80185015;0.60334664;2.49814986;-3.06625944;-0.50715386;4.86430454;-0.09147124
1763;176.20414015;0.00000000;-26.19888048;-3.80685190;0.60835099;2.49314824;-3.11658232;-0.49987691;4.86242474;0.08992249
1764;176.30408578;0.00000000;-26.29888482;-3.80686561;0.60836118;2.49313451;3.11697676;-0.49266753;4.86427271;0.25145015
1765;176.40403141;0.00000000;-26.39865043;-3.80197851;0.60468446;2.49802172;3.06859395;-0.47615269;4.86943649;0.61808315
1766;176.50397703;0.00000000;-26.49817533;-3.79233882;0.61270630;2.50766173;3.02171969;-0.46174127;4.88210622;0.90227275
