id; s_m; d_m; x_m; y_m; d_right; d_left; psi_rad; kappa_radpm; vx_mps; ax_mps2
0;0.00000000;0.00000000;10.51762399;-8.12983292;2.27023902;0.83083984;-0.27832481;0.19021406;7.27478510;1.72880741
1;0.09995705;0.00000000;10.61397921;-8.15638313;2.24366349;0.85753977;-0.25947483;0.18698963;7.29850062;1.83349008
2;0.19991410;0.00000000;10.71083192;-8.18113243;2.21889662;0.88242036;-0.24094151;0.18380997;7.32356824;1.93407358
3;0.29987115;0.00000000;10.80810386;-8.20409363;2.19592345;0.90545406;-0.22272715;0.18068247;7.34991839;2.03046071
4;0.39982820;0.00000000;10.90579498;-8.22529877;2.17471062;0.92650796;-0.20481839;0.17762248;7.37748047;2.12209624
5;0.49978525;0.00000000;11.00382703;-8.24476203;2.15524258;0.95587775;-0.18721270;0.17468690;7.40617682;2.20612295
6;0.59974230;0.00000000;11.10220412;-8.26251425;2.13748767;0.99289329;-0.16989432;0.17180440;7.43589202;2.28675558
7;0.69969935;0.00000000;11.20085134;-8.27857112;2.12142943;1.03673636;-0.15286358;0.16900028;7.46656848;2.36277546
8;0.79965640;0.00000000;11.29977621;-8.29296230;2.07439633;1.08660936;-0.13610711;0.16624845;7.49813290;2.43583548
9;0.89961345;0.00000000;11.39890625;-8.30570497;2.02550495;1.12056781;-0.11962543;0.16356781;7.53053483;2.50501290
10;0.99957050;0.00000000;11.49825169;-8.31682750;1.98192631;1.14410130;-0.10340609;0.16093421;7.56371220;2.57183190
11;1.09952755;0.00000000;11.59774309;-8.32634855;1.94402348;1.17367395;-0.08745032;0.15835719;7.59762382;2.63585633
12;1.19948460;0.00000000;11.69739278;-8.33429521;1.91210375;1.20935588;-0.07174684;0.15582404;7.63222330;2.69793207
13;1.29944165;0.00000000;11.79713443;-8.34068753;1.88646746;1.25062490;-0.05629717;0.15333859;7.66747593;2.75792242
14;1.39939870;0.00000000;11.89698190;-8.34555132;1.86734497;1.29697526;-0.04109098;0.15089350;7.70334569;2.81634383
15;1.49935575;0.00000000;11.99687220;-8.34890795;1.85069781;1.34787624;-0.02613004;0.14848796;7.73980372;2.87331286
16;1.59931280;0.00000000;12.09682023;-8.35078197;1.80603552;1.39658161;-0.01140492;0.14611971;7.77682309;2.92902757
17;1.69926985;0.00000000;12.19676652;-8.35119592;1.76727113;1.42488683;0.00308249;0.14378463;7.81437977;2.98379382
18;1.79922689;0.00000000;12.29672656;-8.35017322;1.73477167;1.45326791;0.01734079;0.14148392;7.85245399;3.03758371
19;1.89918394;0.00000000;12.39664453;-8.34773740;1.70723277;1.48651661;0.03136805;0.13921104;7.89102588;3.09084788
20;1.99914099;0.00000000;12.49653616;-8.34391080;1.67250149;1.52433991;0.04517209;0.13696984;7.93008156;3.14338041
21;2.09909804;0.00000000;12.59634937;-8.33871783;1.63854943;1.56025431;0.05875102;0.13475203;7.96960474;3.19574164
22;2.19905509;0.00000000;12.69609980;-8.33217986;1.59081462;1.59562450;0.07211189;0.13256341;8.00958635;3.24759048
23;2.29901214;0.00000000;12.79573922;-8.32432196;1.54929401;1.63514136;0.08525294;0.13039464;8.05001320;3.29955696
24;2.39896919;0.00000000;12.89528289;-8.31516466;1.51447246;1.67853635;0.09818052;0.12825268;8.09088008;3.35121288
25;2.49892624;0.00000000;12.99468648;-8.30473354;1.48456448;1.71545790;0.11089297;0.12612725;8.13217654;3.40325914
26;2.59888329;0.00000000;13.09396465;-8.29304840;1.45236062;1.74121777;0.12339597;0.12402647;8.17390083;3.45517564
27;2.69884034;0.00000000;13.19307699;-8.28013513;1.42276369;1.77107533;0.13568805;0.12194020;8.21604485;3.50766571
28;2.79879739;0.00000000;13.29203735;-8.26601295;1.38700269;1.80484983;0.14777429;0.11987649;8.25860914;3.56020148
29;2.89875444;0.00000000;13.39080927;-8.25070789;1.35430852;1.84233167;0.15965341;0.11782510;8.30158776;3.61350379
30;2.99871149;0.00000000;13.48940564;-8.23423869;1.32090283;1.87596028;0.17132989;0.11579419;8.34498351;3.66702561
31;3.09866854;0.00000000;13.58779391;-8.21663136;1.29550327;1.89825656;0.18280247;0.11377094;8.38879251;3.72168378
32;3.19862559;0.00000000;13.68598586;-8.19790434;1.27856484;1.92337009;0.19407495;0.11176695;8.43302181;3.77667547
33;3.29858264;0.00000000;13.78395287;-8.17808343;1.23434399;1.94918607;0.20514690;0.10978015;8.47766876;3.83216465
34;3.39853969;0.00000000;13.88170546;-8.15718679;1.19138942;1.97259601;0.21602212;0.10780962;8.52273262;3.88823321
35;3.49849674;0.00000000;13.97921887;-8.13523986;1.15653184;1.99970163;0.22669884;0.10582735;8.56821358;3.94695346
36;3.59845379;0.00000000;14.07650241;-8.11226083;1.13049931;2.03037486;0.23717902;0.10385836;8.61413580;4.00650564
37;3.69841084;0.00000000;14.17353508;-8.08827495;1.11389828;2.06446721;0.24745880;0.10183459;8.66050187;4.07201459
38;3.79836789;0.00000000;14.27032509;-8.06330095;1.08495961;2.10155773;0.25753766;0.09982508;8.70737307;4.13832690
39;3.89832494;0.00000000;14.36685517;-8.03736397;1.06302502;2.12527230;0.26741600;0.09783392;8.75475046;4.20515588
40;3.99828199;0.00000000;14.46313235;-8.01048276;1.04491439;2.15243830;0.27709645;0.09585508;8.80263174;4.25361693
41;4.09823904;0.00000000;14.55914280;-7.98268169;1.02584349;2.16809089;0.28657914;0.09388606;8.85080129;4.22539731
42;4.19819609;0.00000000;14.65489232;-7.95397958;0.98676736;2.18125597;0.29586597;0.09192791;8.89839312;4.19749854
43;4.29815314;0.00000000;14.75037045;-7.92439999;0.95175105;2.19798901;0.30495658;0.08996676;8.94542001;4.16991372
44;4.39811019;0.00000000;14.84558181;-7.89396200;0.92712643;2.21822810;0.31385191;0.08801518;8.99189434;4.14263624
45;4.49806724;0.00000000;14.94051915;-7.86268839;0.91371823;2.24189435;0.32255218;0.08606818;9.03782801;4.11565967
46;4.59802429;0.00000000;15.03518598;-7.83059849;0.91165124;2.26889843;0.33105844;0.08412962;9.08323255;4.08897783
47;4.69798134;0.00000000;15.12957807;-7.79771418;0.90010109;2.29639452;0.33937083;0.08219171;9.12811907;4.06258473
48;4.79793839;0.00000000;15.22369788;-7.76405512;0.86032093;2.30609800;0.34748997;0.08026106;9.17249834;4.03647458
49;4.89789544;0.00000000;15.31754405;-7.72964227;0.83150488;2.31927930;0.35541600;0.07832875;9.21638074;4.01064178
50;4.99785249;0.00000000;15.41111804;-7.69449566;0.81479941;2.33589773;0.36314920;0.07640275;9.25977634;3.98508092
51;5.09780954;0.00000000;15.50442122;-7.65863533;0.81093517;2.35226789;0.37068992;0.07447656;9.30269486;3.95978674
52;5.19776658;0.00000000;15.59745411;-7.62208170;0.80270223;2.36395787;0.37803830;0.07255574;9.34514574;3.93475416
53;5.29772363;0.00000000;15.69022063;-7.58485386;0.79060026;2.37907896;0.38519468;0.07063281;9.38713810;3.90997825
54;5.39768068;0.00000000;15.78272046;-7.54697263;0.77814274;2.39758377;0.39215894;0.06871437;9.42868079;3.88545423
55;5.49763773;0.00000000;15.87495983;-7.50845616;0.76905816;2.41941308;0.39893150;0.06679381;9.46978239;3.86117748
56;5.59759478;0.00000000;15.96693775;-7.46932567;0.75416309;2.42715090;0.40551210;0.06487693;9.51045122;3.83714348
57;5.69755183;0.00000000;16.05866256;-7.42959843;0.72292092;2.43173747;0.41190115;0.06295729;9.55069534;3.81334789
58;5.79750888;0.00000000;16.15013269;-7.38929601;0.70521805;2.43335158;0.41809825;0.06104060;9.59052259;3.78978646
59;5.89746593;0.00000000;16.24135836;-7.34843485;0.70205986;2.43845641;0.42410385;0.05912088;9.62994056;3.76645507
60;5.99742298;0.00000000;16.33233758;-7.30703683;0.70753726;2.44704862;0.42991744;0.05720345;9.66895665;3.74334973
61;6.09738003;0.00000000;16.42308224;-7.26511762;0.70770576;2.45911100;0.43553944;0.05528267;9.70757803;3.72046655
62;6.19733708;0.00000000;16.51359003;-7.22269940;0.70587252;2.47461030;0.44096929;0.05336362;9.74581166;3.69780174
63;6.29729413;0.00000000;16.60387433;-7.17979709;0.69601727;2.49155855;0.44620739;0.05144098;9.78366432;3.67535164
64;6.39725118;0.00000000;16.69393261;-7.13643316;0.68643540;2.49893678;0.45125312;0.04951956;9.82114261;3.65311267
65;6.49720823;0.00000000;16.78377955;-7.09262184;0.66544055;2.50309182;0.45610687;0.04759452;9.85825293;3.63108133
66;6.59716528;0.00000000;16.87341249;-7.04838583;0.65957518;2.49895720;0.46076798;0.04567029;9.89500153;3.60925425
67;6.69712233;0.00000000;16.96284725;-7.00373876;0.65617322;2.49836102;0.46523680;0.04374205;9.93139447;3.58762813
68;6.79707938;0.00000000;17.05208114;-6.95870351;0.64448705;2.50132511;0.46951265;0.04181417;9.96743766;3.56619975
69;6.89703643;0.00000000;17.14113093;-6.91329319;0.64300097;2.50785633;0.47359584;0.03988217;10.00313686;3.54496597
70;6.99699348;0.00000000;17.22999400;-6.86753080;0.65729037;2.51794522;0.47748568;0.03795026;10.03849769;3.52392375
71;7.09695053;0.00000000;17.31868792;-6.82142900;0.65988442;2.53156931;0.48118270;0.03601988;10.07352559;3.50307010
72;7.19690758;0.00000000;17.40721011;-6.77501088;0.64923820;2.53108596;0.48468657;0.03408961;10.10822590;3.48240213
73;7.29686463;0.00000000;17.49557882;-6.72828871;0.62426089;2.52979643;0.48799577;0.03211914;10.14260382;3.46191701
74;7.39682168;0.00000000;17.58379191;-6.68128582;0.61503803;2.53213403;0.49110763;0.03014652;10.17666440;3.44161197
75;7.49677873;0.00000000;17.67186806;-6.63401479;0.62224983;2.53810882;0.49401668;0.02805252;10.21041258;3.42148431
76;7.59673578;0.00000000;17.75980645;-6.58649962;0.63259247;2.53869001;0.49671570;0.02595240;10.24385318;3.40153142
77;7.69669283;0.00000000;17.84762616;-6.53875390;0.62794165;2.54098626;0.49920288;0.02380926;10.27699090;3.38175071
78;7.79664988;0.00000000;17.93532719;-6.49080194;0.62842791;2.54696861;0.50147550;0.02166369;10.30983034;3.36213968
79;7.89660693;0.00000000;18.02292908;-6.44265749;0.62642012;2.55663313;0.50353352;0.01951307;10.34237598;3.34269587
80;7.99656398;0.00000000;18.11043193;-6.39434502;0.63403365;2.55963513;0.50537642;0.01736170;10.37463218;3.32341691
81;8.09652103;0.00000000;18.19785512;-6.34587820;0.60975436;2.55298674;0.50700919;0.01531182;10.40660323;3.30430043
82;8.19647808;0.00000000;18.28520014;-6.29727980;0.59569103;2.54473588;0.50843744;0.01326596;10.43829330;3.28534416
83;8.29643513;0.00000000;18.37248292;-6.24856266;0.59836192;2.54026000;0.50970776;0.01220150;10.46970647;3.26654586
84;8.39639218;0.00000000;18.45970410;-6.19974029;0.61296069;2.53959151;0.51087682;0.01118992;10.50084674;3.24790335
85;8.49634923;0.00000000;18.54687239;-6.15081865;0.61838765;2.54274281;0.51196560;0.01061823;10.53171799;3.22941448
86;8.59630627;0.00000000;18.63398674;-6.10180562;0.63130319;2.54970594;0.51299962;0.01007140;10.56232405;3.21107716
87;8.69626332;0.00000000;18.72105388;-6.05270370;0.62445200;2.56045555;0.51397880;0.00951998;10.59266864;3.19288935
88;8.79622037;0.00000000;18.80807188;-6.00352029;0.62823070;2.56443940;0.51490280;0.00896820;10.62275541;3.17484904
89;8.89617742;0.00000000;18.89504810;-5.95425757;0.60823748;2.56532649;0.51577174;0.00841799;10.65258793;3.15695428
90;8.99613447;0.00000000;18.98198051;-5.90492299;0.60441428;2.55476546;0.51658567;0.00786782;10.68216969;3.13920313
91;9.09609152;0.00000000;19.06887646;-5.85551873;0.60768839;2.54800601;0.51734462;0.00731747;10.71150411;3.12159373
92;9.19604857;0.00000000;19.15573386;-5.80605228;0.60257392;2.54508428;0.51804854;0.00676704;10.74059453;3.10412422
93;9.29600562;0.00000000;19.24256021;-5.75652570;0.60229832;2.53938342;0.51869746;0.00621680;10.76944423;3.08679282
94;9.39596267;0.00000000;19.32935329;-5.70694659;0.61845642;2.51522046;0.51929136;0.00566649;10.79805642;3.06959774
95;9.49591972;0.00000000;19.41612079;-5.65731689;0.62709546;2.49477488;0.51983028;0.00511626;10.82643424;3.05253726
96;9.59587677;0.00000000;19.50286035;-5.60764428;0.63071050;2.47814534;0.52031417;0.00456594;10.85458076;3.03560968
97;9.69583382;0.00000000;19.58957941;-5.55793077;0.60484099;2.46541354;0.52074519;0.00406062;10.88249901;3.01881334
98;9.79579087;0.00000000;19.67627635;-5.50818317;0.59489585;2.45664580;0.52112595;0.00355798;10.91019194;3.00214660
99;9.89574792;0.00000000;19.76295669;-5.45840361;0.60166017;2.45188888;0.52147004;0.00334430;10.93766243;2.98560787
100;9.99570497;0.00000000;19.84961967;-5.40859550;0.62458886;2.45116884;0.52179457;0.00314917;10.96491334;2.96919558
101;10.09566202;0.00000000;19.93626738;-5.35875972;0.65559638;2.45449103;0.52210404;0.00304867;10.99194745;2.95290820
102;10.19561907;0.00000000;20.02289970;-5.30889764;0.69289523;2.46184019;0.52240406;0.00295435;11.01876748;2.93674420
103;10.29557612;0.00000000;20.10951753;-5.25900985;0.71715439;2.47318141;0.52269466;0.00286007;11.04537610;2.92070212
104;10.39553317;0.00000000;20.19612085;-5.20909743;0.70470822;2.47681555;0.52297583;0.00276580;11.07177595;2.90478049
105;10.49549022;0.00000000;20.28271060;-5.15916094;0.69164700;2.47344831;0.52324758;0.00267153;11.09796961;2.88897790
106;10.59544727;0.00000000;20.36928679;-5.10920146;0.69293375;2.46595716;0.52350991;0.00257726;11.12395958;2.87329294
107;10.69540432;0.00000000;20.45585033;-5.05921955;0.70403497;2.45937678;0.52376281;0.00248300;11.14974836;2.85772424
108;10.79536137;0.00000000;20.54240123;-5.00921629;0.69404875;2.45682407;0.52400630;0.00238873;11.17533838;2.84227045
109;10.89531842;0.00000000;20.62894043;-4.95919222;0.69839675;2.45831252;0.52424036;0.00229448;11.20073202;2.82693025
110;10.99527547;0.00000000;20.71546791;-4.90914845;0.71298814;2.46383574;0.52446499;0.00220023;11.22593164;2.81170233
111;11.09523252;0.00000000;20.80198463;-4.85908551;0.71951134;2.47336765;0.52468021;0.00210598;11.25093952;2.79658542
112;11.19518957;0.00000000;20.88849056;-4.80900450;0.70888611;2.46594762;0.52488601;0.00201174;11.27575793;2.78157826
113;11.29514662;0.00000000;20.97498666;-4.75890596;0.69041007;2.46086753;0.52508239;0.00191750;11.30038909;2.76667962
114;11.39510367;0.00000000;21.06147292;-4.70879098;0.68616452;2.45982295;0.52526935;0.00182326;11.32483518;2.75188829
115;11.49506072;0.00000000;21.14795028;-4.65866009;0.69640882;2.45970447;0.52544688;0.00172903;11.34909834;2.73720307
116;11.59501777;0.00000000;21.23441873;-4.60851441;0.71132418;2.45917800;0.52561500;0.00163480;11.37318067;2.72262279
117;11.69497482;0.00000000;21.32087924;-4.55835444;0.71690141;2.46131038;0.52577370;0.00154057;11.39708425;2.70814631
118;11.79493187;0.00000000;21.40733177;-4.50818132;0.71041093;2.46507254;0.52592299;0.00144635;11.42081109;2.69377248
119;11.89488892;0.00000000;21.49377730;-4.45799554;0.71158701;2.47285831;0.52606285;0.00135213;11.44436320;2.67950021
120;11.99484596;0.00000000;21.58021579;-4.40779824;0.71846741;2.47120008;0.52619329;0.00125791;11.46774254;2.66532840
121;12.09480301;0.00000000;21.66664823;-4.35758991;0.70444930;2.45696023;0.52631432;0.00116369;11.49095103;2.65125596
122;12.19476006;0.00000000;21.75307456;-4.30737168;0.69499827;2.44671281;0.52642593;0.00106947;11.51399058;2.63728185
123;12.29471711;0.00000000;21.83949579;-4.25714406;0.69985286;2.44050901;0.52652813;0.00097526;11.53686304;2.62340501
124;12.39467416;0.00000000;21.92591186;-4.20690817;0.70724653;2.43838065;0.52662090;0.00088105;11.55957026;2.60962444
125;12.49463121;0.00000000;22.01232376;-4.15666452;0.71416872;2.44033933;0.52670426;0.00078684;11.58211402;2.59593911
126;12.59458826;0.00000000;22.09873145;-4.10641422;0.73212983;2.44637617;0.52677820;0.00069263;11.60449612;2.58234804
127;12.69454531;0.00000000;22.18513593;-4.05615779;0.73185779;2.45646206;0.52684273;0.00059842;11.62671828;2.56885026
128;12.79450236;0.00000000;22.27153713;-4.00589634;0.72351539;2.46176876;0.52689783;0.00050421;11.64878222;2.55544479
129;12.89445941;0.00000000;22.35793607;-3.95563039;0.70813594;2.45710732;0.52694352;0.00041001;11.67068964;2.54213071
130;12.99441646;0.00000000;22.44433268;-3.90536105;0.70670159;2.45290729;0.52697980;0.00031580;11.69244219;2.52890707
131;13.09437351;0.00000000;22.53072797;-3.85508882;0.71929484;2.44504906;0.52700666;0.00022160;11.71404152;2.51577296
132;13.19433056;0.00000000;22.61712188;-3.80481484;0.71239933;2.44125946;0.52702410;0.00012739;11.73548922;2.50272748
133;13.29428761;0.00000000;22.70351542;-3.75453960;0.71393647;2.44155835;0.52703212;0.00003318;11.75678688;2.48976975
134;13.39424466;0.00000000;22.78990852;-3.70426424;0.72930173;2.44594517;0.52703073;-0.00006103;11.77793606;2.47689888
135;13.49420171;0.00000000;22.87630219;-3.65398924;0.73360711;2.45439896;0.52701992;-0.00015522;11.79893829;2.46411402
136;13.59415876;0.00000000;22.96269639;-3.60371574;0.73097519;2.45084513;0.52699970;-0.00024942;11.81979509;2.45141431
137;13.69411581;0.00000000;23.04909209;-3.55344424;0.71023992;2.44462670;0.52697006;-0.00034365;11.84050793;2.43879893
138;13.79407286;0.00000000;23.13548927;-3.50317585;0.70323169;2.44248997;0.52693100;-0.00043789;11.86107830;2.42626704
139;13.89402991;0.00000000;23.22188890;-3.45291110;0.71035593;2.44444656;0.52688252;-0.00053207;11.88150762;2.41381784
140;13.99398696;0.00000000;23.30829095;-3.40265110;0.72817444;2.45048760;0.52682463;-0.00062625;11.90179733;2.40145053
141;14.09394401;0.00000000;23.39469640;-3.35239635;0.73513351;2.46058396;0.52675733;-0.00072040;11.92194881;2.38916432
142;14.19390106;0.00000000;23.48110521;-3.30214798;0.73062855;2.45828168;0.52668061;-0.00081455;11.94196345;2.37695843
143;14.29385811;0.00000000;23.56751837;-3.25190649;0.72890206;2.45370849;0.52659446;-0.00090941;11.96184261;2.36483210
144;14.39381516;0.00000000;23.65393584;-3.20167301;0.74006147;2.45321205;0.52649881;-0.00100433;11.98158762;2.35278458
145;14.49377221;0.00000000;23.74035862;-3.15144803;0.72742505;2.44922154;0.52639401;-0.00109203;12.00119980;2.34081512
146;14.59372926;0.00000000;23.82678660;-3.10123266;0.71529671;2.44553170;0.52628050;-0.00117917;12.02068046;2.32892298
147;14.69368631;0.00000000;23.91322078;-3.05102730;0.71701991;2.44593639;0.52615842;-0.00126328;12.04003086;2.31710746
148;14.79364336;0.00000000;23.99966101;-3.00083302;0.72553328;2.45043442;0.52602795;-0.00134715;12.05925228;2.30536782
149;14.89360041;0.00000000;24.08610828;-2.95065022;0.72926666;2.45900420;0.52588907;-0.00143173;12.07834596;2.29370338
150;14.99355746;0.00000000;24.17256245;-2.90047996;0.74647384;2.45546220;0.52574173;-0.00151636;12.09731312;2.28211344
151;15.09351451;0.00000000;24.25902451;-2.85032263;0.75066031;2.44941291;0.52558594;-0.00160086;12.11615498;2.27059731
152;15.19347156;0.00000000;24.34549431;-2.80017931;0.74557857;2.44403559;0.52542170;-0.00168534;12.13487272;2.25915433
153;15.29342861;0.00000000;24.43197284;-2.75005039;0.72755427;2.43860143;0.52524901;-0.00176982;12.15346752;2.24778382
154;15.39338565;0.00000000;24.51845995;-2.69993694;0.72300784;2.43727574;0.52506788;-0.00185430;12.17194053;2.23648513
155;15.49334270;0.00000000;24.60495663;-2.64983935;0.73218953;2.44006603;0.52487831;-0.00193878;12.19029291;2.22525761
156;15.59329975;0.00000000;24.69146274;-2.59975869;0.73208529;2.44695905;0.52468030;-0.00202326;12.20852578;2.21410064
157;15.69325680;0.00000000;24.77797925;-2.54969535;0.73042406;2.45205951;0.52447384;-0.00210772;12.22664024;2.20301356
158;15.79321385;0.00000000;24.86450603;-2.49965042;0.74232191;2.45184720;0.52425893;-0.00219219;12.24463740;2.19199578
159;15.89317090;0.00000000;24.95104406;-2.44962428;0.74759208;2.44826217;0.52403559;-0.00227665;12.26251833;2.18104666
160;15.99312795;0.00000000;25.03759318;-2.39961800;0.75210194;2.43733875;0.52380380;-0.00236111;12.28028411;2.17016561
161;16.09308500;0.00000000;25.12415439;-2.34963198;0.72869325;2.43050406;0.52356357;-0.00244555;12.29793579;2.15935203
162;16.19304205;0.00000000;25.21072752;-2.29966729;0.71852502;2.42779350;0.52331490;-0.00253000;12.31547439;2.14860533
163;16.29299910;0.00000000;25.29731358;-2.24972433;0.72215583;2.42922172;0.52305779;-0.00261444;12.33290096;2.13792493
164;16.39295615;0.00000000;25.38391240;-2.19980416;0.73938160;2.43478225;0.52279223;-0.00269889;12.35021649;2.12731025
165;16.49291320;0.00000000;25.47052497;-2.14990719;0.74790865;2.44444778;0.52251824;-0.00278332;12.36742199;2.11676073
166;16.59287025;0.00000000;25.55715113;-2.10003449;0.74752406;2.44468905;0.52223581;-0.00286775;12.38451844;2.10627580
167;16.69282730;0.00000000;25.64379187;-2.05018645;0.74251619;2.43964729;0.52194494;-0.00295218;12.40150681;2.09585492
168;16.79278435;0.00000000;25.73044704;-2.00036415;0.75087108;2.43872508;0.52164563;-0.00303660;12.41838807;2.08549754
169;16.89274140;0.00000000;25.81711760;-1.95056799;0.74091454;2.44192791;0.52133788;-0.00312102;12.43516315;2.07520311
170;16.99269845;0.00000000;25.90380341;-1.90079903;0.72959975;2.44924042;0.52102169;-0.00320543;12.45183299;2.06497111
171;17.09265550;0.00000000;25.99050544;-1.85105769;0.72782951;2.46062686;0.52069707;-0.00328984;12.46839852;2.05480101
172;17.19261255;0.00000000;26.07722355;-1.80134502;0.73682967;2.46102494;0.52036401;-0.00337425;12.48486065;2.04469229
173;17.29256960;0.00000000;26.16395870;-1.75166145;0.73701526;2.45886269;0.52002251;-0.00345866;12.50122027;2.03464444
174;17.39252665;0.00000000;26.25071074;-1.70200802;0.75059777;2.44841824;0.51967257;-0.00354306;12.51747827;2.02465695
175;17.49248370;0.00000000;26.33748064;-1.65238516;0.76095207;2.44205926;0.51931420;-0.00362745;12.53363554;2.01472932
176;17.59244075;0.00000000;26.42426825;-1.60279392;0.75874267;2.43981859;0.51894739;-0.00371185;12.54969293;2.00486106
177;17.69239780;0.00000000;26.51107453;-1.55323473;0.73747257;2.44170839;0.51857215;-0.00379624;12.56565130;1.99505168
178;17.79235485;0.00000000;26.59789933;-1.50370864;0.72936185;2.44771991;0.51818847;-0.00388063;12.58151150;1.98530069
179;17.89231190;0.00000000;26.68474361;-1.45421608;0.73484549;2.45782381;0.51779636;-0.00396501;12.59727435;1.97560762
180;17.99226895;0.00000000;26.77160723;-1.40475809;0.74076873;2.45171787;0.51739581;-0.00404939;12.61294070;1.96597200
181;18.09222600;0.00000000;26.85849112;-1.35533512;0.73549052;2.44724262;0.51698683;-0.00413377;12.62851133;1.95639335
182;18.19218305;0.00000000;26.94539517;-1.30594820;0.74369106;2.44688728;0.51656941;-0.00421814;12.64398707;1.94687124
183;18.29214010;0.00000000;27.03232030;-1.25659777;0.74918811;2.45065447;0.51614356;-0.00430251;12.65936871;1.93740518
184;18.39209715;0.00000000;27.11926638;-1.20728489;0.75919215;2.45852606;0.51570928;-0.00438689;12.67465703;1.92799475
185;18.49205420;0.00000000;27.20623433;-1.15800998;0.73383616;2.47046369;0.51526656;-0.00447125;12.68985280;1.91863949
186;18.59201125;0.00000000;27.29322404;-1.10877410;0.71991243;2.47494987;0.51481541;-0.00455562;12.70495679;1.90933896
187;18.69196830;0.00000000;27.38023642;-1.05957769;0.71968724;2.47231649;0.51435583;-0.00463998;12.71996977;1.90009273
188;18.79192534;0.00000000;27.46727135;-1.01042178;0.73317240;2.46641320;0.51388782;-0.00472434;12.73489247;1.89090037
189;18.89188239;0.00000000;27.55432974;-0.96130684;0.74324946;2.46071233;0.51341137;-0.00480869;12.74972564;1.88176146
190;18.99183944;0.00000000;27.64141147;-0.91223389;0.74001050;2.45911273;0.51292649;-0.00489305;12.76447001;1.87267557
191;19.09179649;0.00000000;27.72851744;-0.86320340;0.71773244;2.46162324;0.51243318;-0.00497740;12.77912629;1.86364230
192;19.19175354;0.00000000;27.81564756;-0.81421639;0.70892634;2.46823213;0.51193144;-0.00506176;12.79369521;1.85466122
193;19.29171059;0.00000000;27.90280268;-0.76527333;0.71408989;2.47890750;0.51142126;-0.00514611;12.80817747;1.84573195
194;19.39166764;0.00000000;27.98998274;-0.71637525;0.72614207;2.47342125;0.51090266;-0.00523046;12.82257376;1.83685407
195;19.49162469;0.00000000;28.07718858;-0.66752262;0.72037690;2.46966940;0.51037562;-0.00531480;12.83688478;1.82802718
196;19.59158174;0.00000000;28.16442013;-0.61871646;0.72836102;2.47001342;0.50984015;-0.00539915;12.85111121;1.81925091
197;19.69153879;0.00000000;28.25167823;-0.56995725;0.72554612;2.47112222;0.50929625;-0.00548350;12.86525372;1.81052485
198;19.79149584;0.00000000;28.33896283;-0.52124600;0.73534118;2.47212848;0.50874392;-0.00556785;12.87931298;1.80184863
199;19.89145289;0.00000000;28.42627474;-0.47258321;0.70906794;2.47642477;0.50818316;-0.00565219;12.89328964;1.79322186
200;19.99140994;0.00000000;28.51361391;-0.42396989;0.69409739;2.48183141;0.50761397;-0.00573654;12.90718436;1.78464417
201;20.09136699;0.00000000;28.60098116;-0.37540653;0.69330262;2.49129710;0.50703635;-0.00582088;12.92099778;1.77611519
202;20.19132404;0.00000000;28.68837643;-0.32689413;0.70673062;2.49219337;0.50645029;-0.00590523;12.93473053;1.76763456
203;20.29128109;0.00000000;28.77580054;-0.27843321;0.71545014;2.47994506;0.50585581;-0.00598957;12.94838326;1.75920190
204;20.39123814;0.00000000;28.86325344;-0.23002476;0.72698198;2.47174138;0.50525289;-0.00607392;12.96195658;1.75081686
205;20.49119519;0.00000000;28.95073592;-0.18166930;0.71740032;2.46762346;0.50464155;-0.00615827;12.97545110;1.74247908
206;20.59115224;0.00000000;29.03824794;-0.13336780;0.72160807;2.46761264;0.50402177;-0.00624261;12.98886744;1.73418822
207;20.69110929;0.00000000;29.12579028;-0.08512082;0.70611443;2.47170979;0.50339356;-0.00632698;13.00220620;1.72594391
208;20.79106634;0.00000000;29.21336293;-0.03692931;0.69878523;2.47989538;0.50275692;-0.00641135;13.01546798;1.71774583
209;20.89102339;0.00000000;29.30096663;0.01120616;0.69486338;2.49213000;0.50211184;-0.00649565;13.02865336;1.70959362
210;20.99098044;0.00000000;29.38860138;0.05928465;0.69587048;2.50027998;0.50145834;-0.00657995;13.04176292;1.70148696
211;21.09093749;0.00000000;29.47626791;0.10730558;0.69117687;2.49813723;0.50079641;-0.00666445;13.05479725;1.69342549
212;21.19089454;0.00000000;29.56396624;0.15526801;0.70078957;2.50005895;0.50012603;-0.00674897;13.06775692;1.68540891
213;21.29085159;0.00000000;29.65169708;0.20317136;0.67860506;2.50603664;0.49944721;-0.00683309;13.08064249;1.67743687
214;21.39080864;0.00000000;29.73946044;0.25101469;0.66235999;2.51604220;0.49875999;-0.00691718;13.09345452;1.66950906
215;21.49076569;0.00000000;29.82725704;0.29879741;0.66092987;2.52197090;0.49806436;-0.00700152;13.10619356;1.66162516
216;21.59072274;0.00000000;29.91508688;0.34651859;0.67440813;2.52516436;0.49736029;-0.00708587;13.11886016;1.65378484
217;21.69067979;0.00000000;30.00295066;0.39417761;0.67598749;2.51947284;0.49664733;-0.00718031;13.13145487;1.64598779
218;21.79063684;0.00000000;30.09084849;0.44177349;0.69130069;2.51236363;0.49592484;-0.00727555;13.14397821;1.63823371
219;21.89059389;0.00000000;30.17878103;0.48930549;0.68297346;2.50929198;0.49519271;-0.00737360;13.15643071;1.63052229
220;21.99055094;0.00000000;30.26674847;0.53677261;0.68597342;2.51027369;0.49445076;-0.00747187;13.16881291;1.62285321
221;22.09050799;0.00000000;30.35475146;0.58417409;0.66286760;2.51171463;0.49369903;-0.00756913;13.18112532;1.61522618
222;22.19046503;0.00000000;30.44279016;0.63150890;0.65430212;2.51340019;0.49293758;-0.00766630;13.19336846;1.60764091
223;22.29042208;0.00000000;30.53086522;0.67877630;0.65663212;2.51913046;0.49216641;-0.00776377;13.20554282;1.60009709
224;22.39037913;0.00000000;30.61897683;0.72597527;0.64956212;2.52724683;0.49138549;-0.00786127;13.21764893;1.59259443
225;22.49033618;0.00000000;30.70712561;0.77310505;0.64375618;2.53729289;0.49059483;-0.00795871;13.22968727;1.58513264
226;22.59029323;0.00000000;30.79531175;0.82016463;0.65329438;2.54121483;0.48979443;-0.00805616;13.24165834;1.57771144
227;22.69025028;0.00000000;30.88353586;0.86715324;0.63609855;2.53405703;0.48898430;-0.00815350;13.25356263;1.57033054
228;22.79020733;0.00000000;30.97179814;0.91406987;0.61894609;2.52684878;0.48816443;-0.00825086;13.26540062;1.56298966
229;22.89016438;0.00000000;31.06009916;0.96091375;0.61674208;2.52366466;0.48733482;-0.00834855;13.27717279;1.55568853
230;22.99012143;0.00000000;31.14843917;1.00768388;0.62247839;2.52452089;0.48649544;-0.00844627;13.28887961;1.54842686
231;23.09007848;0.00000000;31.23681874;1.05437947;0.62250732;2.52941433;0.48564635;-0.00854264;13.30052156;1.54120438
232;23.19003553;0.00000000;31.32523802;1.10099951;0.63830107;2.53832258;0.48478765;-0.00863896;13.31209909;1.06057627
233;23.28999258;0.00000000;31.41369774;1.14754328;0.63408498;2.55120457;0.48391905;-0.00874085;13.32006030;-11.12796773
234;23.38994963;0.00000000;31.50219781;1.19400959;0.63105980;2.56372424;0.48304022;-0.00884320;13.23628984;-11.12795868
235;23.48990668;0.00000000;31.59073819;1.24039743;0.60503879;2.56263894;0.48215538;-0.00885470;13.15198589;-11.13704145
236;23.58986373;0.00000000;31.67932102;1.28670763;0.59479795;2.56553911;0.48127010;-0.00885839;13.06706858;-11.14733298
237;23.68982078;0.00000000;31.76794119;1.33293927;0.60114592;2.55770541;0.48043577;-0.00775649;12.98151656;-11.34418731
238;23.78977783;0.00000000;31.85660151;1.37910444;0.61069873;2.54936505;0.47971978;-0.00656913;12.89387100;-11.55042444
239;23.88973488;0.00000000;31.94528732;1.42520960;0.63399808;2.53530181;0.47914266;-0.00494750;12.80401564;-11.82261076
240;23.98969193;0.00000000;32.03400082;1.47127343;0.66374408;2.52516862;0.47873081;-0.00329298;12.71138505;-12.09259088
241;24.08964898;0.00000000;32.12272484;1.51730564;0.64610079;2.51899753;0.47848414;-0.00164301;12.61593558;-12.35390080
242;24.18960603;0.00000000;32.21146083;1.56332558;0.64365933;2.51464555;0.47840234;0.00000619;12.51767197;-12.34052690
243;24.28956308;0.00000000;32.30019234;1.60934326;0.65660566;2.50540733;0.47848550;0.00165785;12.41873852;-12.08449420
244;24.38952013;0.00000000;32.38892069;1.65537796;0.64962557;2.50011754;0.47873376;0.00330925;12.32108784;-11.83630803
245;24.48947718;0.00000000;32.47762936;1.70143970;0.65067504;2.49878531;0.47914709;0.00496118;12.22468653;-11.59586665
246;24.58943423;0.00000000;32.56631961;1.74754774;0.64506216;2.50140032;0.47972556;0.00661271;12.12950054;-11.36273208
247;24.68939128;0.00000000;32.65497493;1.79371207;0.64842514;2.50218969;0.48046911;0.00826524;12.03549804;-11.13688431
248;24.78934833;0.00000000;32.74359650;1.83995195;0.63495628;2.50100966;0.48137788;0.00991740;11.94264598;-10.91791707
249;24.88930538;0.00000000;32.83216776;1.88627734;0.61059020;2.49683498;0.48245179;0.01157055;11.85091335;-10.70581833
250;24.98926243;0.00000000;32.92068982;1.93270745;0.60215640;2.49654274;0.48369099;0.01322335;11.76026799;-10.50027125
251;25.08921948;0.00000000;33.00914597;1.97925220;0.61033286;2.50011783;0.48509535;0.01487667;11.67067912;-10.30121746
252;25.18917653;0.00000000;33.09753728;2.02593078;0.61834840;2.50752762;0.48666503;0.01652957;11.58211520;-10.10813993
253;25.28913358;0.00000000;33.18584686;2.07275297;0.62915201;2.51872114;0.48839995;0.01818459;11.49454796;-9.92118217
254;25.38909063;0.00000000;33.27407567;2.11973799;0.62344702;2.52355854;0.49030038;0.01983938;11.40794673;-9.74060762
255;25.48904768;0.00000000;33.36220671;2.16689551;0.62209724;2.52010074;0.49236596;0.02149063;11.32227732;-9.56586191
256;25.58900472;0.00000000;33.45024061;2.21424459;0.61221532;2.52039046;0.49459665;0.02314131;11.23750920;-9.39603601
257;25.68896177;0.00000000;33.53816012;2.26179468;0.59789282;2.52440990;0.49699248;0.02479748;11.15361883;-9.23176065
258;25.78891882;0.00000000;33.62596631;2.30956517;0.59616219;2.51906720;0.49955399;0.02645307;11.07057604;-9.04162951
259;25.88887587;0.00000000;33.71364046;2.35756510;0.60004879;2.51211845;0.50229258;0.02836577;10.98863525;-8.85471773
260;25.98883292;0.00000000;33.80118381;2.40581654;0.62050707;2.50885188;0.50522478;0.03030124;10.90779179;-8.65908198
261;26.08878997;0.00000000;33.88857489;2.45432993;0.65600346;2.50926280;0.50835586;0.03236008;10.82815077;-8.46805940
262;26.18874702;0.00000000;33.97581428;2.50312893;0.68653604;2.51332910;0.51169407;0.03443060;10.74969603;-8.28322555
263;26.28870407;0.00000000;34.06287959;2.55222471;0.69662138;2.52101196;0.51523887;0.03649773;10.67239575;-8.10408658
264;26.38866112;0.00000000;34.14977073;2.60164093;0.68134335;2.52729946;0.51899047;0.03856406;10.59622149;-7.93034184
265;26.48861817;0.00000000;34.23646514;2.65138851;0.66647280;2.51997493;0.52294837;0.04063060;10.52114646;-7.76186344
266;26.58857522;0.00000000;34.32296243;2.70149104;0.66683207;2.51397187;0.52711310;0.04269694;10.44714396;-7.59856116
267;26.68853227;0.00000000;34.40923945;2.75195896;0.68211537;2.49180528;0.53148404;0.04476237;10.37418707;-7.44018303
268;26.78848932;0.00000000;34.49529545;2.80281575;0.68563570;2.47304005;0.53606173;0.04682771;10.30225023;-7.28662686
269;26.88844637;0.00000000;34.58110680;2.85407140;0.70393942;2.45773650;0.54084553;0.04889247;10.23130785;-7.13766519
270;26.98840342;0.00000000;34.66667227;2.90574922;0.70523182;2.44593738;0.54583604;0.05095741;10.16133557;-6.99322061
271;27.08836047;0.00000000;34.75196778;2.95785876;0.71334879;2.43767483;0.55103260;0.05302193;10.09230881;-6.85305996
272;27.18831752;0.00000000;34.83699150;3.01042307;0.71370050;2.43257149;0.55643590;0.05508698;10.02420440;-6.71713520
273;27.28827457;0.00000000;34.92171894;3.06345128;0.72474226;2.42379099;0.56204524;0.05715177;9.95699873;-6.58520583
274;27.38823162;0.00000000;35.00614757;3.11696613;0.71724022;2.41634694;0.56786138;0.05921748;9.89066976;-6.45723574
275;27.48818867;0.00000000;35.09025249;3.17097629;0.70472541;2.40235076;0.57388363;0.06128330;9.82519495;-6.33298587
276;27.58814572;0.00000000;35.17403037;3.22550414;0.70688498;2.38501917;0.58011284;0.06335055;9.76055340;-6.21245224
277;27.68810277;0.00000000;35.25745597;3.28055789;0.72360731;2.37114930;0.58654829;0.06541817;9.69672346;-6.09538054
278;27.78805982;0.00000000;35.34052501;3.33615947;0.74183391;2.36078037;0.59319093;0.06748779;9.63368534;-5.98180675
279;27.88801687;0.00000000;35.42321194;3.39231667;0.76145041;2.35393974;0.60004005;0.06955799;9.57141817;-5.87145513
280;27.98797392;0.00000000;35.50551145;3.44905088;0.77026396;2.35063699;0.60709665;0.07163079;9.50990321;-5.76434581
281;28.08793097;0.00000000;35.58739773;3.50636946;0.78088003;2.35086690;0.61436009;0.07370503;9.44912087;-5.66021281
282;28.18788802;0.00000000;35.66886426;3.56429315;0.79662215;2.35041491;0.62183146;0.07578275;9.38905367;-5.55910436
283;28.28784507;0.00000000;35.74988506;3.62282894;0.81036494;2.34113087;0.62951018;0.07786256;9.32968303;-5.46076212
284;28.38780212;0.00000000;35.83045229;3.68199681;0.83665720;2.32789525;0.63739743;0.07994656;9.27099251;-5.36547084
285;28.48775917;0.00000000;35.91053981;3.74180339;0.85578015;2.31810060;0.64549259;0.08203069;9.21296200;-5.27275025
286;28.58771622;0.00000000;35.99013839;3.80226778;0.86851079;2.30885957;0.65379672;0.08411974;9.15557599;-5.18181493
287;28.68767327;0.00000000;36.06922182;3.86339629;0.87769954;2.28985388;0.66230985;0.08622235;9.09882706;-5.09306584
288;28.78763032;0.00000000;36.14777918;3.92520702;0.89882171;2.25935315;0.67103403;0.08833317;9.04270304;-5.00866452
289;28.88758737;0.00000000;36.22578420;3.98770610;0.90415059;2.23126112;0.67996805;0.09042528;8.98716727;-4.92676993
290;28.98754441;0.00000000;36.30322445;4.05091040;0.90746889;2.20255465;0.68911155;0.09252030;8.93220268;-4.84916511
291;29.08750146;0.00000000;36.38007376;4.11482553;0.92258538;2.17300086;0.69846328;0.09459540;8.87777158;-4.77388233
292;29.18745851;0.00000000;36.45631822;4.17946693;0.94895599;2.14677720;0.70802278;0.09667440;8.82385754;-4.70052302
293;29.28741556;0.00000000;36.53193179;4.24483975;0.97415409;2.12399104;0.71779016;0.09876189;8.77044817;-4.62887396
294;29.38737261;0.00000000;36.60689875;4.31095798;1.00311487;2.10473406;0.72776706;0.10086022;8.71753313;-4.55906942
295;29.48732966;0.00000000;36.68119314;4.37782666;1.03512247;2.08908620;0.73795384;0.10296730;8.66510021;-4.49083062
296;29.58728671;0.00000000;36.75479727;4.44545822;1.05804424;2.07710876;0.74835211;0.10508643;8.61314004;-4.42452408
297;29.68724376;0.00000000;36.82768526;4.51385760;1.08097153;2.06632043;0.75896232;0.10721242;8.56163866;-4.35966176
298;29.78720081;0.00000000;36.89983748;4.58303553;1.10665785;2.04367356;0.76978587;0.10935151;8.51058745;-4.29647972
299;29.88715786;0.00000000;36.97122808;4.65299682;1.14156421;2.02463326;0.78082356;0.11150023;8.45997469;-4.23455088
300;29.98711491;0.00000000;37.04183542;4.72375033;1.18216589;2.00928249;0.79207690;0.11366421;8.40979342;-4.17417855
301;30.08707196;0.00000000;37.11163367;4.79530079;1.19059225;1.99209980;0.80354701;0.11583900;8.36003279;-4.11490076
302;30.18702901;0.00000000;37.18059917;4.86765505;1.19298800;1.96561425;0.81523538;0.11803091;8.31068719;-4.05699731
303;30.28698606;0.00000000;37.24870606;4.94081771;1.19656212;1.94275777;0.82714350;0.12023579;8.26174743;-4.00003301
304;30.38694311;0.00000000;37.31592867;5.01479356;1.20645574;1.92364115;0.83927292;0.12245975;8.21320934;-3.94432065
305;30.48690016;0.00000000;37.38224105;5.08958705;1.22564821;1.90014957;0.85162544;0.12469809;8.16506475;-3.88931901
306;30.58685721;0.00000000;37.44761548;5.16520064;1.25373068;1.86932898;0.86420265;0.12695869;8.11731191;-3.83540892
307;30.68681426;0.00000000;37.51202587;5.24163868;1.29013986;1.84218792;0.87700685;0.12923576;8.06994425;-3.78207666
308;30.78677131;0.00000000;37.57544241;5.31890111;1.33420768;1.81887406;0.89003960;0.13153696;8.02296141;-3.72963292
309;30.88672836;0.00000000;37.63783889;5.39699222;1.38521739;1.79951661;0.90330363;0.13385746;7.97635904;-3.67754681
310;30.98668541;0.00000000;37.69918346;5.47590929;1.39938756;1.77760001;0.91680061;0.13620540;7.93013935;-3.62615520
311;31.08664246;0.00000000;37.75944959;5.55565644;1.42132333;1.74039836;0.93053381;0.13857545;7.88430026;-3.57491562
312;31.18659951;0.00000000;37.81860344;5.63622813;1.44713304;1.70692418;0.94450493;0.14097609;7.83884651;-3.52413989
313;31.28655656;0.00000000;37.87661811;5.71762828;1.47823478;1.67738183;0.95871784;0.14340227;7.79377889;-3.47328079
314;31.38651361;0.00000000;37.93345778;5.79984837;1.51661175;1.65196691;0.97317433;0.14586273;7.74910521;-3.42264795
315;31.48647066;0.00000000;37.98909508;5.88289204;1.55128231;1.62386930;0.98787890;0.14835230;7.70482939;-3.37167645
316;31.58642771;0.00000000;38.04349223;5.96674759;1.57212789;1.57917603;1.00283346;0.15088018;7.66096275;-3.32067303
317;31.68638476;0.00000000;38.09662128;6.05141836;1.59445214;1.53828356;1.01804318;0.15344106;7.61751278;-3.26905018
318;31.78634181;0.00000000;38.14844255;6.13688923;1.61827406;1.50149259;1.03351006;0.15604463;7.57449481;-3.21695425
319;31.88629886;0.00000000;38.19892741;6.22316317;1.64361772;1.46909098;1.04924015;0.15868811;7.53192254;-3.16385915
320;31.98625591;0.00000000;38.24803429;6.31022139;1.67201319;1.44136142;1.06523582;0.16138022;7.48981690;-3.11029510
321;32.08621296;0.00000000;38.29573373;6.39806646;1.70720857;1.41288765;1.08150375;0.16411125;7.44819208;-3.05550601
322;32.18617001;0.00000000;38.34198235;6.48667564;1.73027768;1.38830431;1.09804590;0.16689397;7.40707274;-2.99903113
323;32.28612706;0.00000000;38.38674987;6.57605102;1.76031611;1.36893669;1.11487036;0.16973590;7.36649020;-2.94049877
324;32.38608411;0.00000000;38.42999097;6.66616553;1.79340415;1.35498883;1.13198079;0.17264288;7.32648147;-2.88105053
325;32.48604115;0.00000000;38.47167413;6.75702055;1.82813438;1.34660186;1.14938567;0.17559304;7.28706856;-2.81988084
326;32.58599820;0.00000000;38.51175261;6.84858489;1.86452273;1.31782095;1.16708646;0.17859999;7.24828492;-2.75874262
327;32.68595525;0.00000000;38.55019382;6.94085899;1.90259826;1.27960588;1.18509117;0.18162976;7.21014027;-2.69539908
328;32.78591230;0.00000000;38.58694978;7.03380644;1.94419935;1.23975106;1.20339944;0.18472286;7.17267554;-2.63049889
329;32.88586935;0.00000000;38.62198708;7.12742679;1.99058444;1.19825019;1.22202177;0.18786511;7.13592325;-2.56274608
330;32.98582640;0.00000000;38.65525632;7.22167762;2.02824198;1.15512037;1.24095917;0.19107924;7.09993461;-2.49224206
331;33.08578345;0.00000000;38.68672316;7.31655809;2.07175827;1.11356879;1.26022367;0.19436069;7.06476023;-2.41777454
332;33.18574050;0.00000000;38.71633701;7.41201983;2.11827027;1.07785625;1.27981788;0.19773013;7.03046869;-2.33873412
333;33.28569755;0.00000000;38.74406209;7.50806114;2.16659486;1.04062135;1.29975623;0.20119584;6.99713827;-2.25427305
334;33.38565460;0.00000000;38.76984642;7.60462681;2.20188080;1.00938623;1.32004361;0.20477020;6.96486059;-2.16750734
335;33.48561165;0.00000000;38.79365251;7.70171462;2.23524690;0.98494712;1.34069433;0.20838574;6.93368357;-2.07572983
336;33.58556870;0.00000000;38.81542766;7.79926155;2.27442441;0.93186997;1.36170666;0.21209206;6.90369467;-1.97476747
337;33.68552575;0.00000000;38.83513317;7.89726433;2.31914756;0.87583733;1.38310054;0.21596727;6.87504300;-1.86524332
338;33.78548280;0.00000000;38.85271543;7.99565244;2.36910116;0.81826296;1.40488621;0.21998947;6.84787031;-1.74942467
339;33.88543985;0.00000000;38.86813300;8.09442252;2.40325355;0.76493719;1.42708296;0.22410184;6.82228651;-1.62364982
340;33.98539690;0.00000000;38.88133150;8.19349278;2.43908976;0.71953305;1.44969328;0.22836982;6.79845590;-1.49172728
341;34.08535395;0.00000000;38.89226752;8.29285980;2.47524130;0.68359424;1.47273991;0.23270061;6.77648769;-1.35107663
342;34.18531100;0.00000000;38.90088736;8.39243083;2.49925180;0.65413220;1.49621782;0.23713557;6.75652915;-1.18570355
343;34.28526805;0.00000000;38.90714597;8.49220243;2.49299555;0.62755180;1.52016163;0.24199461;6.73896485;-0.99973645
344;34.38522510;0.00000000;38.91098845;8.59207086;2.48915430;0.61381672;1.54460429;0.24716029;6.72411971;-0.78205808
345;34.48518215;0.00000000;38.91236263;8.69203404;2.48778019;0.61373961;1.56959146;0.25283563;6.71248400;-0.53566678
346;34.58513920;0.00000000;38.91121040;8.79196649;2.48893267;0.61258631;1.59516153;0.25891017;6.70450252;-0.36057456
347;34.68509625;0.00000000;38.90747268;8.89187345;2.49267077;0.60885164;1.62128786;0.26322132;6.69912458;-0.19885849
348;34.78505330;0.00000000;38.90111048;8.99160471;2.49903508;0.60248666;1.64778286;0.26705790;6.69615677;-0.17320435
349;34.88501035;0.00000000;38.89208816;9.09116752;2.50806120;0.59345631;1.67456124;0.26783389;6.69357076;-0.17320435
350;34.98496740;0.00000000;38.88040846;9.19041570;2.51974805;0.59694430;1.70131222;0.26753202;6.69098375;-0.15028206
351;35.08492445;0.00000000;38.86607711;9.28934540;2.53409015;0.61425299;1.72796410;0.26521583;6.68873830;-0.03850383
352;35.18488150;0.00000000;38.84913238;9.38783816;2.53455320;0.63701003;1.75432517;0.26231789;6.68816287;0.09319695
353;35.28483855;0.00000000;38.82960824;9.48587619;2.51793706;0.63423393;1.78034504;0.25794375;6.68955559;0.28398095
354;35.38479560;0.00000000;38.80756746;9.58335880;2.50776987;0.61898383;1.80589212;0.25330344;6.69379756;0.47703562
355;35.48475265;0.00000000;38.78306067;9.68027165;2.49535401;0.61473410;1.83099138;0.24887864;6.70091724;0.65119379
356;35.58470970;0.00000000;38.75615605;9.77652598;2.48340273;0.62416326;1.85564876;0.24454863;6.71062402;0.81328184
357;35.68466675;0.00000000;38.72690135;9.87211121;2.47413923;0.64671189;1.87988764;0.24044066;6.72272721;0.95855332
358;35.78462380;0.00000000;38.69536295;9.96695081;2.46876302;0.68109649;1.90372008;0.23647540;6.73696441;1.09170691
359;35.88458084;0.00000000;38.66158642;10.06103293;2.46858679;0.72218377;1.92716993;0.23271881;6.75314276;1.21057205
360;35.98453789;0.00000000;38.62563582;10.15429051;2.44924921;0.72650785;1.95024669;0.22906655;6.77103741;1.32076144
361;36.08449494;0.00000000;38.58755452;10.24671229;2.42786570;0.73565887;1.97296992;0.22559423;6.79050708;1.41937025
362;36.18445199;0.00000000;38.54740324;10.33824208;2.41267335;0.73747546;1.99534884;0.22221792;6.81136833;1.51090337
363;36.28440904;0.00000000;38.50522470;10.42886630;2.40376055;0.75050859;2.01740007;0.21899900;6.83350491;1.59292801
364;36.38436609;0.00000000;38.46107616;10.51853822;2.40117115;0.74933761;2.03913271;0.21587546;6.85676587;1.66881071
365;36.48432314;0.00000000;38.41499976;10.60724279;2.40489521;0.74751596;2.06056158;0.21288979;6.88105057;1.73686925
366;36.58428019;0.00000000;38.36704883;10.69494215;2.41487180;0.75687340;2.08169476;0.20998064;6.90623498;1.80036099
367;36.68423724;0.00000000;38.31726577;10.78161925;2.40524758;0.77703068;2.10254384;0.20718898;6.93224344;1.85755032
368;36.78419429;0.00000000;38.26569956;10.86724483;2.38112204;0.80111266;2.12311733;0.20447666;6.95897619;1.91052531
369;36.88415134;0.00000000;38.21239343;10.95179960;2.35899307;0.82321583;2.14342553;0.20187304;6.98636462;1.95803156
370;36.98410839;0.00000000;38.15739191;11.03526172;2.34226753;0.84335170;2.16347690;0.19933903;7.01432311;2.00217278
371;37.08406544;0.00000000;38.10073910;11.11761026;2.33169709;0.86153374;2.18327953;0.19689970;7.04279712;2.04183034
372;37.18402249;0.00000000;38.04247507;11.19882997;2.32555172;0.87777769;2.20284219;0.19452989;7.07171704;2.07839215
373;37.28397954;0.00000000;37.98264482;11.27889874;2.30002004;0.89209881;2.22217178;0.19224640;7.10103386;2.11110326
374;37.38393659;0.00000000;37.92128447;11.35780635;2.28047780;0.90451489;2.24127704;0.19002793;7.13068869;2.14113806
375;37.48389364;0.00000000;37.85843938;11.43553055;2.26706689;0.91504231;2.26016365;0.18788675;7.16063997;2.16793117
376;37.58385069;0.00000000;37.79414226;11.51206493;2.25841689;0.92369969;2.27884026;0.18580855;7.19083895;2.19228571
377;37.68380774;0.00000000;37.72843855;11.58738767;2.25161724;0.93050419;2.29731176;0.18380121;7.22124876;2.21383280
378;37.78376479;0.00000000;37.66135802;11.66149514;2.22988884;0.93952801;2.31558662;0.18185357;7.25182805;2.23320064
379;37.88372184;0.00000000;37.59294579;11.73436648;2.20707976;0.95150111;2.33366900;0.17997060;7.28254477;2.25015032
380;37.98367889;0.00000000;37.52322925;11.80600002;2.19037777;0.96757195;2.35156711;0.17814517;7.31336415;2.26508772
381;38.08363594;0.00000000;37.45225286;11.87637621;2.17991272;0.99178785;2.36928468;0.17637911;7.34425749;2.27792692
382;38.18359299;0.00000000;37.38004196;11.94549477;2.17575890;1.00815087;2.38682950;0.17466733;7.37519544;2.28895495
383;38.28355004;0.00000000;37.30664014;12.01333764;2.17793720;1.00421876;2.40420508;0.17301374;7.40615300;2.29796062
384;38.38350709;0.00000000;37.23207116;12.07990536;2.17127567;0.99855865;2.42141910;0.17141434;7.43710272;2.30516646
385;38.48346414;0.00000000;37.15637739;12.14518152;2.15773435;0.99787176;2.43847513;0.16987166;7.46802063;2.31042833
386;38.58342119;0.00000000;37.07958138;12.20916702;2.15045600;1.00547213;2.45538036;0.16837150;7.49888121;2.31454039
387;38.68337824;0.00000000;37.00172407;12.27184729;2.14949224;1.02118641;2.47213568;0.16689654;7.52966989;2.31846877
388;38.78333529;0.00000000;36.92282735;12.33322361;2.15483703;1.03051929;2.48874680;0.16546149;7.56038513;2.32134762
389;38.88329234;0.00000000;36.84293076;12.39328338;2.14559642;1.02555885;2.50521442;0.16404880;7.59101399;2.32417233
390;38.98324939;0.00000000;36.76205581;12.45202809;2.13247458;1.02868477;2.52154399;0.16268376;7.62155681;2.32544576
391;39.08320644;0.00000000;36.68024038;12.50944704;2.11296411;1.03983646;2.53773880;0.16136650;7.65199435;2.32514806
392;39.18316349;0.00000000;36.59750553;12.56554157;2.09963959;1.03673445;2.55380485;0.16009343;7.68230743;2.32347704
393;39.28312053;0.00000000;36.51388737;12.62030253;2.09261125;1.02752808;2.56974518;0.15886381;7.71247971;2.32045973
394;39.38307758;0.00000000;36.42940658;12.67373108;2.09193142;1.02641802;2.58556533;0.15767584;7.74249546;2.31618500
395;39.48303463;0.00000000;36.34409759;12.72581948;2.09759471;1.03344255;2.60126815;0.15652805;7.77234031;2.31072178
396;39.58299168;0.00000000;36.25798088;12.77656867;2.10953769;1.04844823;2.61685883;0.15542068;7.80200101;2.30403576
397;39.68294873;0.00000000;36.17108913;12.82597222;2.12764008;1.07110574;2.63234023;0.15435179;7.83146404;2.29622381
398;39.78290578;0.00000000;36.08344276;12.87403080;2.14199624;1.10094893;2.64771719;0.15332171;7.86071730;2.28724397
399;39.88286283;0.00000000;35.99507270;12.92073920;2.14618661;1.08002096;2.66299263;0.15232850;7.88974834;2.27719487
400;39.98281988;0.00000000;35.90599934;12.96609787;2.13900781;1.06555058;2.67817101;0.15137201;7.91854609;2.26606359
401;40.08277693;0.00000000;35.81625198;13.01010259;2.13799894;1.05883378;2.69325524;0.15045137;7.94709949;2.25388223
402;40.18273398;0.00000000;35.72585108;13.05275359;2.14160954;1.06002835;2.70824955;0.14956630;7.97539799;2.24064628
403;40.28269103;0.00000000;35.63482433;13.09404758;2.12264060;1.06817776;2.72315680;0.14871499;8.00343113;2.22644922
404;40.38264808;0.00000000;35.54319233;13.13398454;2.09667986;1.07644741;2.73798091;0.14789780;8.03118973;2.21124418
405;40.48260513;0.00000000;35.45098119;13.17256202;2.07666645;1.07830486;2.75272477;0.14711328;8.05866412;2.19510424
406;40.58256218;0.00000000;35.35821169;13.20977980;2.06276960;1.07392179;2.76739204;0.14636172;8.08584564;2.17798766
407;40.68251923;0.00000000;35.26490845;13.24563611;2.05510923;1.06266659;2.78198562;0.14564169;8.11272520;2.15996651
408;40.78247628;0.00000000;35.17109249;13.28013056;2.05374945;1.05929720;2.79650894;0.14495354;8.13929468;2.14099658
409;40.88243333;0.00000000;35.07678698;13.31326197;2.05869619;1.06389617;2.81096493;0.14429604;8.16554550;2.12113935
410;40.98239038;0.00000000;34.98201322;13.34502981;2.06989673;1.07567249;2.82535679;0.14366928;8.19146989;2.10036764
411;41.08234743;0.00000000;34.88679300;13.37543339;2.08724194;1.06145126;2.83968747;0.14307220;8.21705982;2.07873368
412;41.18230448;0.00000000;34.79114793;13.40447206;2.11057099;1.05510679;2.85395996;0.14250533;8.24230794;2.05618166
413;41.28226153;0.00000000;34.69509853;13.43214552;2.13254180;1.05678789;2.86817730;0.14196760;8.26720629;2.03276627
414;41.38221858;0.00000000;34.59866665;13.45845305;2.14628953;1.04178540;2.88234227;0.14145854;8.29174762;2.00850225
415;41.48217563;0.00000000;34.50187168;13.48339465;2.14780112;1.03075452;2.89645784;0.14097781;8.31592487;1.98339461
416;41.58213268;0.00000000;34.40473577;13.50696956;2.14338528;1.01258339;2.91052669;0.14052555;8.33973111;1.95741835
417;41.68208973;0.00000000;34.30727722;13.52917800;2.14502961;0.99509294;2.92455184;0.14010090;8.36315913;1.93061685
418;41.78204678;0.00000000;34.20951848;13.55001918;2.14966491;0.98452981;2.93853581;0.13970513;8.38620224;1.90288543
419;41.88200383;0.00000000;34.11147682;13.56949349;2.15107242;0.98266329;2.95248183;0.13933736;8.40885258;1.87427364
420;41.98196088;0.00000000;34.01317492;13.58760016;2.14902083;0.98954666;2.96639198;0.13898761;8.43110286;1.84547787
421;42.08191793;0.00000000;33.91462933;13.60433970;2.15300243;0.99795941;2.98026827;0.13865963;8.45295407;1.81620876
422;42.18187498;0.00000000;33.81586292;13.61971154;2.16297974;0.97486192;2.99411259;0.13834731;8.47440371;1.78688941
423;42.28183203;0.00000000;33.71689158;13.63371637;2.17877118;0.96027293;3.00792662;0.13805379;8.49545423;1.75727166
424;42.38178908;0.00000000;33.61773840;13.64635388;2.17909934;0.95458893;3.02171236;0.13778598;8.51610510;1.72683713
425;42.48174613;0.00000000;33.51841846;13.65762485;2.18537946;0.95797197;3.03547288;0.13754394;8.53634963;1.69557360
426;42.58170318;0.00000000;33.41895513;13.66752906;2.19755668;0.96788673;3.04921018;0.13732683;8.55618105;1.66353439
427;42.68166022;0.00000000;33.31936293;13.67606724;2.21552989;0.94736363;3.06292736;0.13713580;8.57559316;1.63062769
428;42.78161727;0.00000000;33.21966541;13.68323929;2.23915353;0.92818653;3.07662639;0.13696899;8.59457873;1.59698457
429;42.88157432;0.00000000;33.11987663;13.68904586;2.24834833;0.90824484;3.09031027;0.13682689;8.61313203;1.56256381
430;42.98153137;0.00000000;33.02002030;13.69348701;2.26275822;0.89760672;3.10398084;0.13670915;8.63124683;1.52738572
431;43.08148842;0.00000000;32.92010997;13.69656331;2.28279493;0.89667234;3.11764124;0.13661673;8.64891715;1.49137504
432;43.18144547;0.00000000;32.82016965;13.69827494;2.30176190;0.89838303;3.13129326;0.13654831;8.66613609;1.45462928
433;43.28140252;0.00000000;32.72021251;13.69862235;2.30141446;0.89872994;-3.13824526;0.13650499;8.68289788;1.41706268
434;43.38135957;0.00000000;32.62026280;13.69760591;2.30243082;0.89771304;-3.12460195;0.13648604;8.69919573;1.37873059
435;43.48131662;0.00000000;32.52033333;13.69522592;2.30481058;0.86671608;-3.11095892;0.13649201;8.71502347;1.33959236
436;43.58127367;0.00000000;32.42044861;13.69148292;2.30855310;0.82847787;-3.09731445;0.13652267;8.73037442;1.29966735
437;43.68123072;0.00000000;32.32062122;13.68637706;2.31365814;0.79962971;-3.08366521;0.13657928;8.74524210;1.25886205
438;43.78118777;0.00000000;32.22087597;13.67990905;2.32012487;0.78121942;-3.07000950;0.13666027;8.75961892;1.21730271
439;43.88114482;0.00000000;32.12122520;13.67207888;2.32795328;0.77342227;-3.05634405;0.13676591;8.77349871;1.17497266
440;43.98110187;0.00000000;32.02169409;13.66288747;2.33714236;0.76427435;-3.04266716;0.13689881;8.78687505;1.13167797
441;44.08105892;0.00000000;31.92229466;13.65233459;2.34769236;0.75377702;-3.02897516;0.13705820;8.79973929;1.08748922
442;44.18101597;0.00000000;31.82305260;13.64042138;2.35960215;0.74193416;-3.01526641;0.13724382;8.81208352;1.04243786
443;44.28097302;0.00000000;31.72397978;13.62714738;2.37287227;0.72898348;-3.00153730;0.13745557;8.82390016;0.99654422
444;44.38093007;0.00000000;31.62510229;13.61251396;2.38750147;0.72825329;-2.98778624;0.13769323;8.83518179;0.94983746
445;44.48088712;0.00000000;31.52643191;13.59652047;2.40349066;0.73063327;-2.97400959;0.13795723;8.84592127;0.90229922
446;44.58084417;0.00000000;31.42799523;13.57916854;2.42083847;0.74150963;-2.96020586;0.13824518;8.85611119;0.85413317
447;44.68080122;0.00000000;31.32980387;13.56045730;2.43954620;0.76056175;-2.94637156;0.13855842;8.86574637;0.80524593
448;44.78075827;0.00000000;31.23188514;13.54038877;2.45961234;0.74053421;-2.93250479;0.13890844;8.87482049;0.75475013
449;44.88071532;0.00000000;31.13425027;13.51896167;2.48103880;0.71916337;-2.91860092;0.13928662;8.88331717;0.70336381
450;44.98067237;0.00000000;31.03692738;13.49617832;2.49316493;0.69645695;-2.90465891;0.13968259;8.89122805;0.65193180
451;45.08062942;0.00000000;30.93992782;13.47203731;2.49271028;0.67646663;-2.89067542;0.14010592;8.89855419;0.41144783
452;45.18058647;0.00000000;30.84328030;13.44654140;2.49765828;0.66952886;-2.87664799;0.14057744;8.90317476;-1.15538707
453;45.28054352;0.00000000;30.74699607;13.41968871;2.50271189;0.67604172;-2.86257115;0.14107768;8.89019363;-1.14047405
454;45.38050057;0.00000000;30.65110495;13.39148230;2.50351152;0.69152352;-2.84844122;0.14166388;8.87736143;-1.12229850
455;45.48045762;0.00000000;30.55561769;13.36191930;2.50424004;0.66192611;-2.83424953;0.14228860;8.86471559;-1.10113953
456;45.58041467;0.00000000;30.46056567;13.33100288;2.50105123;0.63858813;-2.81999453;0.14294746;8.85229062;-1.07714308
457;45.68037172;0.00000000;30.36595994;13.29872972;2.50328242;0.62898817;-2.80567127;0.14363777;8.84011952;-1.05099206
458;45.78032877;0.00000000;30.27183253;13.26510346;2.51092531;0.62672128;-2.79127865;0.14435011;8.82822774;-1.02215042
459;45.88028582;0.00000000;30.17819490;13.23012064;2.52393708;0.63050349;-2.77681267;0.14509044;8.81664691;-0.98839679
460;45.98024287;0.00000000;30.08507997;13.19378564;2.54223835;0.60483685;-2.76227095;0.14588567;8.80543402;-0.95143356
461;46.08019991;0.00000000;29.99249906;13.15609436;2.54899158;0.59360716;-2.74764708;0.14671282;8.79462696;-0.89450726
462;46.18015696;0.00000000;29.90048692;13.11705175;2.54166016;0.59762409;-2.73293057;0.14778156;8.78445438;-0.83183381
463;46.28011401;0.00000000;29.80905534;13.07665149;2.53972306;0.61657943;-2.71810229;0.14890631;8.77498395;-0.75628278
464;46.38007106;0.00000000;29.71824137;13.03489751;2.54320467;0.62434332;-2.70315598;0.15017476;8.76636480;-0.67505347
465;46.48002811;0.00000000;29.62805835;12.99178216;2.55209495;0.62458143;-2.68807894;0.15149100;8.75866423;-0.59031957
466;46.57998516;0.00000000;29.53854433;12.94730908;2.55501582;0.61239881;-2.67287039;0.15282469;8.75192470;-0.50047191
467;46.67994221;0.00000000;29.44971460;12.90147096;2.53463479;0.61487951;-2.65752586;0.15419406;8.74620686;-0.40162706
468;46.77989926;0.00000000;29.36160608;12.85427135;2.51958618;0.61346905;-2.64204138;0.15564552;8.74161562;-0.29518275
469;46.87985631;0.00000000;29.27423963;12.80570507;2.50998259;0.61517413;-2.62640815;0.15715686;8.73823966;-0.29518275
470;46.97981336;0.00000000;29.18764891;12.75577614;2.50590245;0.60963589;-2.61069395;0.15717581;8.73486240;-0.28712655
471;47.07977041;0.00000000;29.10185024;12.70449119;2.50737583;0.59538786;-2.59498611;0.15711398;8.73157606;-0.27316887
472;47.17972746;0.00000000;29.01687109;12.65187330;2.51438653;0.59618860;-2.57944360;0.15371369;8.72844833;-0.00532394
473;47.27968451;0.00000000;28.93270121;12.59795010;2.51164043;0.61200796;-2.56425675;0.15014045;8.72838736;0.26707064
474;47.37964156;0.00000000;28.84935986;12.54277673;2.50343437;0.63187464;-2.54943845;0.14637003;8.73144530;0.54629749
475;47.47959861;0.00000000;28.76682337;12.48638223;2.50066383;0.65032348;-2.53499394;0.14263194;8.73769705;0.81528342
476;47.57955566;0.00000000;28.68510960;12.42882413;2.50331086;0.66737798;-2.52092613;0.13886426;8.74701871;1.07967289
477;47.67951271;0.00000000;28.60419294;12.37013035;2.51132101;0.65752720;-2.50723197;0.13512607;8.75934804;1.33568279
478;47.77946976;0.00000000;28.52408531;12.31035567;2.52460299;0.64761481;-2.49391226;0.13140053;8.77457691;1.58541022
479;47.87942681;0.00000000;28.44476144;12.24952766;2.53723656;0.64297946;-2.48096210;0.12770597;8.79261883;1.82816487
480;47.97938386;0.00000000;28.36622834;12.18769826;2.53040482;0.65251994;-2.46838235;0.12401155;8.81337743;2.06704478
481;48.07934091;0.00000000;28.28846012;12.12489403;2.51982447;0.66305525;-2.45616984;0.12033529;8.83678976;2.30127653
482;48.17929796;0.00000000;28.21146049;12.06116520;2.51226298;0.67240233;-2.44432572;0.11666326;8.86278234;2.53257117
483;48.27925501;0.00000000;28.13520161;11.99653631;2.50982962;0.68059749;-2.43284659;0.11301010;8.89129954;2.76034892
484;48.37921206;0.00000000;28.05968509;11.93105659;2.51250366;0.68767199;-2.42173286;0.10937290;8.92227774;2.98539965
485;48.47916911;0.00000000;27.98488169;11.86474876;2.52023283;0.69366237;-2.41098093;0.10575106;8.95566098;3.20830168
486;48.57912616;0.00000000;27.91079055;11.79766030;2.51791772;0.69860092;-2.40058831;0.10220242;8.99139858;3.42488605
487;48.67908321;0.00000000;27.83738158;11.72981191;2.50206425;0.70252366;-2.39054885;0.09866589;9.02939264;3.64059584
488;48.77904026;0.00000000;27.76465222;11.66124934;2.48952084;0.70546315;-2.38086284;0.09514838;9.06960516;3.85531452
489;48.87899731;0.00000000;27.69257140;11.59199160;2.47962296;0.70745510;-2.37152702;0.09164136;9.11199592;4.07018404
490;48.97895436;0.00000000;27.62113471;11.52208307;2.47464348;0.70853262;-2.36254256;0.08813479;9.15653628;4.04586747
491;49.07891141;0.00000000;27.55031001;11.45154129;2.47444348;0.70873126;-2.35390739;0.08463638;9.20059687;4.01993519
492;49.17886846;0.00000000;27.48009123;11.38040955;2.47508915;0.70808468;-2.34562234;0.08114473;9.24416705;3.99427678
493;49.27882551;0.00000000;27.41044508;11.30870379;2.47654547;0.70662819;-2.33768521;0.07765971;9.28725668;3.96888692
494;49.37878256;0.00000000;27.34136423;11.23646644;2.46256591;0.71601585;-2.33009696;0.07417873;9.32987530;3.94376049
495;49.47873960;0.00000000;27.27281429;11.16371187;2.44646097;0.73822160;-2.32285568;0.07070316;9.37203214;3.91889249
496;49.57869665;0.00000000;27.20478683;11.09048174;2.43506150;0.76865852;-2.31596237;0.06722975;9.41373615;3.89427808
497;49.67865370;0.00000000;27.13724638;11.01678888;2.42839743;0.76431959;-2.30941538;0.06376067;9.45499600;3.86991260
498;49.77861075;0.00000000;27.07018363;10.94267442;2.42533488;0.76084554;-2.30321561;0.06029486;9.49582011;3.84579148
499;49.87856780;0.00000000;27.00356204;10.86814959;2.40211891;0.76984041;-2.29736150;0.05683266;9.53621662;3.82191033
500;49.97852485;0.00000000;26.93737165;10.79325516;2.37309250;0.78601030;-2.29185390;0.05337281;9.57619346;3.79826485
501;50.07848190;0.00000000;26.87157493;10.71800085;2.34643107;0.80707594;-2.28669144;0.04991601;9.61575831;3.77485089
502;50.17843895;0.00000000;26.80616139;10.64242714;2.31820329;0.80845513;-2.28187488;0.04646226;9.65491863;3.75166441
503;50.27839600;0.00000000;26.74109256;10.56654231;2.29280824;0.81803839;-2.27740292;0.04301121;9.69368167;3.72870147
504;50.37835305;0.00000000;26.67635761;10.49038671;2.27195600;0.83908239;-2.27327621;0.03956342;9.73205448;3.70595827
505;50.47831010;0.00000000;26.61191722;10.41396726;2.25573424;0.86666004;-2.26949358;0.03611813;9.77004390;3.68343108
506;50.57826715;0.00000000;26.54776033;10.33732423;2.22430966;0.89829761;-2.26605553;0.03267673;9.80765658;3.66111630
507;50.67822420;0.00000000;26.48384684;10.26046331;2.19709190;0.93926660;-2.26296099;0.02923776;9.84489900;3.63901041
508;50.77818125;0.00000000;26.42016559;10.18342481;2.17442189;0.96182588;-2.26021030;0.02580329;9.88177746;3.61710998
509;50.87813830;0.00000000;26.35667583;10.10621327;2.15640404;0.99300728;-2.25780250;0.02237126;9.91829809;3.59541169
510;50.97809535;0.00000000;26.29336638;10.02886911;2.14312601;1.01505974;-2.25573775;0.01894443;9.95446686;3.57391229
511;51.07805240;0.00000000;26.23019593;9.95139590;2.11692716;1.01019542;-2.25401519;0.01552012;9.99028959;3.55260862
512;51.17800945;0.00000000;26.16715337;9.87383418;2.09166948;1.01504324;-2.25263480;0.01210170;10.02577192;3.53149760
513;51.27796650;0.00000000;26.10419698;9.79618674;2.07104929;1.02950069;-2.25159584;0.00868590;10.06091938;3.51057622
514;51.37792355;0.00000000;26.04131579;9.71849425;2.04953077;1.05320136;-2.25089808;0.00527668;10.09573734;3.48984156
515;51.47788060;0.00000000;25.97846777;9.64075894;2.02954629;1.08534090;-2.25054090;0.00187019;10.13023104;3.46929076
516;51.57783765;0.00000000;25.91564215;9.56302159;2.01435011;1.10514683;-2.25052388;-0.00152910;10.16440559;3.44892102
517;51.67779470;0.00000000;25.85279673;9.48528406;2.00401345;1.11392282;-2.25084653;-0.00492559;10.19826598;3.42872964
518;51.77775175;0.00000000;25.78992099;9.40758727;1.99858040;1.13110203;-2.25150823;-0.00831432;10.23181706;3.40871396
519;51.87770880;0.00000000;25.72697274;9.32993295;1.98153898;1.15677659;-2.25250863;-0.01170023;10.26506358;3.38887139
520;51.97766585;0.00000000;25.66394169;9.25236209;1.96710990;1.18751643;-2.25384690;-0.01507793;10.29801018;-7.37285248
521;52.07762290;0.00000000;25.60078582;9.17487654;1.94738468;1.21413045;-2.25552286;-0.01845286;10.22619560;-10.15898171
522;52.17757995;0.00000000;25.53749511;9.09751733;1.91923857;1.24800191;-2.25753550;-0.02181925;10.12640868;-9.85604784
523;52.27753700;0.00000000;25.47402789;9.02028667;1.89573426;1.28255308;-2.25988479;-0.02518304;10.02864845;-9.56579793
524;52.37749405;0.00000000;25.41037437;8.94322557;1.87701905;1.31408508;-2.26256955;-0.02853810;9.93284712;-9.28704306
525;52.47745110;0.00000000;25.34649344;8.86633692;1.86319935;1.33921905;-2.26558993;-0.03189085;9.83894512;-9.01989301
526;52.57740815;0.00000000;25.28237552;8.78966159;1.85435473;1.36180127;-2.26894458;-0.03523484;9.74687834;-8.76319741
527;52.67736520;0.00000000;25.21798025;8.71320341;1.85052104;1.39155103;-2.27263385;-0.03857695;9.65659104;-8.51712700
528;52.77732225;0.00000000;25.15329824;8.63700305;1.82469221;1.41490225;-2.27665627;-0.04191045;9.56802262;-8.28056735
529;52.87727929;0.00000000;25.08829011;8.56106560;1.78826557;1.43300906;-2.28101233;-0.04524267;9.48112096;-8.05374090
530;52.97723634;0.00000000;25.02294657;8.48543139;1.75397464;1.45210229;-2.28570053;-0.04856664;9.39582877;-7.83556719
531;53.07719339;0.00000000;24.95722946;8.41010708;1.72159112;1.47819137;-2.29072151;-0.05189011;9.31209740;-7.62631203
532;53.17715044;0.00000000;24.89112955;8.33513255;1.69162792;1.51093898;-2.29607374;-0.05520589;9.22987273;-7.42492739
533;53.27710749;0.00000000;24.82461013;8.26051632;1.65627894;1.51274070;-2.30175800;-0.05852215;9.14910941;-7.23171391
534;53.37706454;0.00000000;24.75766194;8.18629775;1.62556669;1.51655718;-2.30777281;-0.06183153;9.06975641;-7.04565586
535;53.47702159;0.00000000;24.69025004;8.11248747;1.59991301;1.52753411;-2.31411909;-0.06514257;8.99177154;-6.86708089
536;53.57697864;0.00000000;24.62236497;8.03912421;1.57953764;1.54233839;-2.32079543;-0.06844781;8.91510679;-6.69500561
537;53.67693569;0.00000000;24.55397387;7.96622105;1.56461126;1.56127657;-2.32780291;-0.07175612;8.83972302;-6.52977639
538;53.77689274;0.00000000;24.48506700;7.89381593;1.55526097;1.57646641;-2.33514025;-0.07505997;8.76557521;-6.37044360
539;53.87684979;0.00000000;24.41561385;7.82192469;1.53484605;1.59144793;-2.34280864;-0.07836854;8.69262718;-6.21736012
540;53.97680684;0.00000000;24.34560429;7.75058439;1.51247479;1.61325607;-2.35080705;-0.08167438;8.62083693;-6.06961553
541;54.07676389;0.00000000;24.27501049;7.67981387;1.49564916;1.64165147;-2.35913674;-0.08498682;8.55017120;-5.92757315
542;54.17672094;0.00000000;24.20382177;7.60964924;1.48452785;1.66664540;-2.36779701;-0.08829841;8.48059091;-5.79035355
543;54.27667799;0.00000000;24.13201336;7.54011257;1.47920606;1.69163661;-2.37678915;-0.09161875;8.41206567;-5.65828211
544;54.37663504;0.00000000;24.05957383;7.47123897;1.45530763;1.70685560;-2.38611290;-0.09494102;8.34455981;-5.53054973
545;54.47659209;0.00000000;23.98648188;7.40305399;1.42936467;1.71747338;-2.39576959;-0.09827447;8.27804588;-5.40751273
546;54.57654914;0.00000000;23.91272517;7.33559165;1.40907772;1.73476080;-2.40575943;-0.10161195;8.21249082;-5.28836162
547;54.67650619;0.00000000;23.83828625;7.26888119;1.39466172;1.75855216;-2.41608372;-0.10496332;8.14787012;-5.17337383
548;54.77646324;0.00000000;23.76315171;7.20295556;1.38626817;1.78861694;-2.42674332;-0.10832267;8.08415469;-5.06185666
549;54.87642029;0.00000000;23.68730830;7.13784778;1.37134024;1.82467263;-2.43773950;-0.11169873;8.02132287;-4.95396434
550;54.97637734;0.00000000;23.61074146;7.07358981;1.34049870;1.86639916;-2.44907392;-0.11508756;7.95935005;-4.84911530
551;55.07633439;0.00000000;23.53344250;7.01021855;1.31288945;1.89299565;-2.46074781;-0.11849669;7.89821795;-4.74766950
552;55.17629144;0.00000000;23.45539560;6.94776508;1.28682642;1.90401078;-2.47276350;-0.12191905;7.83790282;-4.64888598
553;55.27624849;0.00000000;23.37659701;6.88627020;1.26692555;1.91623332;-2.48512194;-0.12536514;7.77838948;-4.55256138
554;55.37620554;0.00000000;23.29702967;6.82576427;1.25344718;1.93368634;-2.49782676;-0.12883707;7.71966461;-4.45851972
555;55.47616259;0.00000000;23.21669491;6.76629187;1.23866334;1.95615777;-2.51087921;-0.13233664;7.66171656;-4.36632991
556;55.57611964;0.00000000;23.13557450;6.70788303;1.22256554;1.96379304;-2.52428405;-0.13587000;7.60453876;-4.27597207
557;55.67607669;0.00000000;23.05367521;6.65058610;1.20512319;1.97779988;-2.53804264;-0.13943650;7.54812445;-4.18800723
558;55.77603374;0.00000000;22.97097758;6.59443094;1.18630158;1.99658483;-2.55216009;-0.14302541;7.49245894;-4.10152967
559;55.87599079;0.00000000;22.88749430;6.53946952;1.16607190;2.01677380;-2.56663669;-0.14665145;7.43753907;-4.01729261
560;55.97594784;0.00000000;22.80320480;6.48573167;1.14439920;2.03840321;-2.58147846;-0.15030025;7.38335113;-3.93413284
561;56.07590489;0.00000000;22.71812800;6.43327267;1.12125721;2.06259776;-2.59668527;-0.15399164;7.32989668;-3.85245796
562;56.17586194;0.00000000;22.63224241;6.38212261;1.09661103;2.09275804;-2.61226472;-0.15771721;7.27717147;-3.77137184
563;56.27581898;0.00000000;22.54557360;6.33234004;1.07043791;2.12864972;-2.62821683;-0.16149250;7.22518333;-3.69141393
564;56.37577603;0.00000000;22.45809906;6.28395553;1.04270346;2.15775039;-2.64455064;-0.16530635;7.17393257;-3.61159343
565;56.47573308;0.00000000;22.36985156;6.23703073;1.01338996;2.17658681;-2.66126580;-0.16917646;7.12343317;-3.53229888
566;56.57569013;0.00000000;22.28080763;6.19159697;0.98436447;2.20117318;-2.67837303;-0.17309414;7.07369378;-3.45258904
567;56.67564718;0.00000000;22.19100769;6.14771880;0.95832018;2.21081245;-2.69587193;-0.17707645;7.02473647;-3.37279070
568;56.77560423;0.00000000;22.10042739;6.10542861;0.94045123;2.22665055;-2.71377508;-0.18111545;6.97657897;-3.29197963
569;56.87556128;0.00000000;22.00911542;6.06479367;0.93120094;2.24858435;-2.73208192;-0.18522798;6.92925255;-3.21027045
570;56.97551833;0.00000000;21.91704656;6.02584772;0.92095485;2.25667194;-2.75080722;-0.18940978;6.88278742;-3.12683067
571;57.07547538;0.00000000;21.82427845;5.98866050;0.89548231;2.26635236;-2.76995041;-0.19367573;6.83722642;-3.04173282
572;57.17543243;0.00000000;21.73078503;5.95326750;0.87207981;2.28228686;-2.78952857;-0.19802164;6.79261215;-2.95408785
573;57.27538948;0.00000000;21.63663367;5.91974060;0.85776472;2.29108176;-2.80954091;-0.20246315;6.74900111;-2.86342842
574;57.37534653;0.00000000;21.54179753;5.88811742;0.84307372;2.29950030;-2.83000754;-0.20700650;6.70645780;-2.76919895
575;57.47530358;0.00000000;21.44635454;5.85847171;0.82613413;2.31425201;-2.85092803;-0.21165924;6.66505622;-2.67101720
576;57.57526063;0.00000000;21.35027701;5.83084361;0.81898100;2.33526454;-2.87232529;-0.21642439;6.62487739;-2.56793792
577;57.67521768;0.00000000;21.25365489;5.80530846;0.82182982;2.36239424;-2.89419851;-0.22131654;6.58601802;-2.45860622
578;57.77517473;0.00000000;21.15645959;5.78190933;0.81862971;2.39548394;-2.91657522;-0.22635829;6.54859705;-2.34316119
579;57.87513178;0.00000000;21.05879352;5.76072258;0.78767975;2.39457758;-2.93945517;-0.23153720;6.51273309;-2.21908415
580;57.97508883;0.00000000;20.96062708;5.74179489;0.75190968;2.39445335;-2.96286989;-0.23689977;6.47858520;-2.08573713
581;58.07504588;0.00000000;20.86207892;5.72520355;0.72588871;2.40085767;-2.98682078;-0.24244698;6.44632437;-1.94370954
582;58.17500293;0.00000000;20.76311654;5.71099934;0.71062690;2.41379517;-3.01134393;-0.24814905;6.41611432;-1.79149247
583;58.27495998;0.00000000;20.66387623;5.69925926;0.70678650;2.43277517;-3.03643485;-0.25402298;6.38814358;-1.61918675
584;58.37491703;0.00000000;20.56432435;5.69003881;0.71244163;2.45487453;-3.06214271;-0.26027920;6.36275727;-1.43212166
585;58.47487408;0.00000000;20.46461389;5.68341454;0.68955399;2.48328371;-3.08847532;-0.26675898;6.34021914;-1.23216782
586;58.57483113;0.00000000;20.36471176;5.67944912;0.65779906;2.47954371;-3.11547591;-0.27338472;6.32076349;-1.01317886
587;58.67478818;0.00000000;20.26479267;5.67821571;0.63293675;2.47831094;3.14004823;-0.28026731;6.30472064;-0.73519462
588;58.77474523;0.00000000;20.16481539;5.67978434;0.62048628;2.47987959;3.11162564;-0.28831247;6.29305383;-0.42393158
589;58.87470228;0.00000000;20.06499740;5.68423025;0.61604662;2.48432682;3.08239675;-0.29679902;6.28631662;-0.29523362
590;58.97465933;0.00000000;19.96527415;5.69163293;0.60865460;2.49173156;3.05253420;-0.30049877;6.28162043;-0.15242315
591;59.07461638;0.00000000;19.86590520;5.70201840;0.59829296;2.50212218;3.02231187;-0.30435005;6.27919451;-0.15242315
592;59.17457343;0.00000000;19.76682695;5.71541453;0.59000550;2.51552616;2.99219233;-0.29810743;6.27676766;0.10291392
593;59.27453048;0.00000000;19.66824406;5.73174782;0.59558941;2.53187228;2.96272088;-0.29174351;6.27840634;0.34755693
594;59.37448753;0.00000000;19.57014335;5.75095678;0.61472342;2.54501479;2.93383169;-0.28626217;6.28393728;0.54346379
595;59.47444458;0.00000000;19.47265139;5.77296043;0.63469708;2.52736455;2.90548576;-0.28096256;6.29257608;0.72178872
596;59.57440163;0.00000000;19.37579655;5.79769734;0.62154885;2.50917313;2.87768007;-0.27536945;6.30403121;0.90296379
597;59.67435867;0.00000000;19.27967800;5.82508534;0.62059099;2.49759428;2.85042765;-0.27000047;6.31833243;1.06689443
598;59.77431572;0.00000000;19.18431735;5.85506221;0.63291642;2.49267065;2.82370211;-0.26471603;6.33518839;1.22057135
599;59.87427277;0.00000000;19.08979722;5.88754683;0.65775707;2.49439434;2.79750358;-0.25955002;6.35441747;1.36363107
600;59.97422982;0.00000000;18.99614068;5.92247671;0.66692121;2.49303881;2.77180730;-0.25459932;6.37583174;1.49307339
601;60.07418687;0.00000000;18.90341056;5.95977570;0.68368260;2.49678696;2.74660044;-0.24980008;6.39919658;1.61245279
602;60.17414392;0.00000000;18.81163478;5.99938079;0.67634119;2.48315897;2.72186565;-0.24511565;6.42433412;1.72401890
603;60.27410097;0.00000000;18.72086125;6.04122045;0.68126516;2.47383900;2.69759426;-0.24055734;6.45110259;1.82790811
604;60.37405802;0.00000000;18.63111686;6.08523206;0.69823658;2.47093707;2.67377126;-0.23612186;6.47936333;1.92480074
605;60.47401507;0.00000000;18.54243769;6.13134867;0.72644326;2.45655585;2.65038635;-0.23180115;6.50898948;2.01551033
606;60.57397212;0.00000000;18.45485011;6.17950784;0.75412461;2.42862761;2.62742837;-0.22757393;6.53986796;2.10135087
607;60.67392917;0.00000000;18.36838026;6.22964708;0.77967172;2.40290164;2.60488762;-0.22345422;6.57190707;2.18205539
608;60.77388622;0.00000000;18.28305277;6.28170451;0.80309491;2.37934888;2.58275385;-0.21943189;6.60501221;2.25837214
609;60.87384327;0.00000000;18.19888588;6.33562197;0.82441111;2.35793902;2.56101695;-0.21550557;6.63910134;2.33062039
610;60.97380032;0.00000000;18.11590196;6.39133850;0.84363939;2.33864306;2.53966895;-0.21165938;6.67409848;2.39973303
611;61.07375737;0.00000000;18.03411279;6.44879996;0.86080407;2.31781307;2.51870042;-0.20790256;6.70994270;2.46548138
612;61.17371442;0.00000000;17.95353818;6.50794655;0.88354689;2.28135892;2.49810392;-0.20422622;6.74657065;2.52843721
613;61.27367147;0.00000000;17.87418445;6.56872808;0.91228794;2.25070740;2.47787044;-0.20061186;6.78392849;2.58959197
614;61.37362852;0.00000000;17.79606869;6.63108593;0.94166167;2.22607856;2.45799819;-0.19702598;6.82197784;2.65061947
615;61.47358557;0.00000000;17.71919272;6.69497289;0.97860780;2.20764660;2.43847933;-0.19354537;6.86070535;2.70799706
616;61.57354262;0.00000000;17.64357062;6.76033209;0.98817683;2.19554191;2.41930158;-0.19019489;6.90004672;2.76064390
617;61.67349967;0.00000000;17.56920120;6.82712025;0.99352566;2.18983932;2.40045394;-0.18696330;6.93992337;2.80918502
618;61.77345672;0.00000000;17.49609650;6.89528327;1.00638446;2.15692709;2.38191937;-0.18390769;6.98026733;2.85089826
619;61.87341377;0.00000000;17.42425326;6.96478234;1.02706594;2.11705768;2.36368640;-0.18091457;7.02097335;2.89142270
620;61.97337082;0.00000000;17.35368217;7.03556557;1.05512967;2.08293797;2.34574994;-0.17798870;7.06201833;2.93053181
621;62.07332787;0.00000000;17.28437784;7.10759694;1.09002661;2.05483392;2.32810194;-0.17513168;7.10337649;2.96815099
622;62.17328492;0.00000000;17.21634849;7.18082676;1.12621069;2.03297908;2.31073651;-0.17234399;7.14502154;3.00425376
623;62.27324197;0.00000000;17.14958749;7.25522123;1.15636547;2.01755348;2.29364622;-0.16961556;7.18692740;3.03935222
624;62.37319902;0.00000000;17.08410029;7.33073349;1.17139680;2.00868416;2.27682614;-0.16694665;7.22907566;3.07341928
625;62.47315607;0.00000000;17.01987948;7.40733137;1.19302251;1.99242301;2.26026965;-0.16433072;7.27144791;3.10678302
626;62.57311312;0.00000000;16.95692797;7.48497075;1.22090952;1.96093304;2.24397252;-0.16176600;7.31403066;3.13951797
627;62.67307017;0.00000000;16.89523778;7.56362077;1.25465895;1.92155885;2.22792882;-0.15925153;7.35681170;3.17165140
628;62.77302722;0.00000000;16.83480930;7.64324025;1.29382422;1.87420984;2.21213440;-0.15678452;7.39977947;3.20331074
629;62.87298427;0.00000000;16.77563424;7.72379932;1.32506984;1.83253088;2.19658400;-0.15436201;7.44292437;3.23463243
630;62.97294132;0.00000000;16.71771062;7.80525984;1.35480584;1.79690667;2.18127394;-0.15198073;7.48623883;3.26577082
631;63.07289837;0.00000000;16.66102993;7.88759267;1.38970473;1.76768737;2.16619960;-0.14964079;7.52971749;3.29668949
632;63.17285541;0.00000000;16.60558800;7.97076271;1.42665526;1.74517987;2.15135742;-0.14733869;7.57335462;3.32755863
633;63.27281246;0.00000000;16.55137621;8.05474138;1.46487840;1.72052129;2.13674331;-0.14507417;7.61714684;3.35836312
634;63.37276951;0.00000000;16.49838835;8.13949661;1.48522081;1.69618050;2.12235393;-0.14284371;7.66109066;3.38927793
635;63.47272656;0.00000000;16.44661573;8.22500025;1.50896933;1.65807482;2.10818571;-0.14064786;7.70518492;3.42024047
636;63.57268361;0.00000000;16.39605035;8.31122319;1.53752582;1.62056723;2.09423541;-0.13848320;7.74942765;3.45142390
637;63.67264066;0.00000000;16.34668339;8.39813767;1.57064273;1.58979891;2.08049992;-0.13635020;7.79381917;3.48277075
638;63.77259771;0.00000000;16.29850530;8.48571741;1.60805199;1.56302147;2.06697612;-0.13424565;7.83835902;3.51444844
639;63.87255476;0.00000000;16.25150714;8.57393502;1.64947323;1.54091434;2.05366133;-0.13217060;7.88304890;3.54636141
640;63.97251181;0.00000000;16.20567799;8.66276691;1.68725825;1.50590420;2.04055245;-0.13012208;7.92788923;3.57866821
641;64.07246886;0.00000000;16.16100874;8.75218608;1.70447875;1.46146898;2.02764717;-0.12810025;7.97288241;3.61133121
642;64.17242591;0.00000000;16.11748734;8.84217148;1.72608201;1.41825575;2.01494258;-0.12610230;8.01803030;3.64450310
643;64.27238296;0.00000000;16.07510447;8.93269654;1.75192079;1.37580262;2.00243667;-0.12412976;8.06333662;3.67805999
644;64.37234001;0.00000000;16.03384712;9.02374254;1.78182653;1.33430312;1.99012650;-0.12218014;8.10880346;3.71213761
645;64.47229706;0.00000000;15.99370572;9.11528344;1.81463845;1.29986897;1.97801031;-0.12025413;8.15443451;3.74666752
646;64.57225411;0.00000000;15.95466653;9.20730264;1.84714587;1.27354204;1.96608527;-0.11834921;8.20023254;3.78179426
647;64.67221116;0.00000000;15.91671969;9.29977467;1.88331095;1.25581880;1.95434993;-0.11646373;8.24620202;3.81760795
648;64.77216821;0.00000000;15.87985082;9.39268494;1.92015298;1.24704882;1.94280190;-0.11459570;8.29234837;3.85422468
649;64.87212526;0.00000000;15.84404969;9.48600864;1.95595302;1.24464945;1.93143979;-0.11275212;8.33867827;3.89113908
650;64.97208231;0.00000000;15.80930152;9.57973287;1.99072037;1.20973467;1.92026042;-0.11093058;8.38519224;3.92849792
651;65.07203936;0.00000000;15.77559578;9.67383367;2.02446104;1.17589400;1.90926281;-0.10911753;8.43189249;3.96724334
652;65.17199641;0.00000000;15.74291735;9.76829955;2.05718630;1.14310946;1.89844585;-0.10731352;8.47879230;4.00732552
653;65.27195346;0.00000000;15.71125513;9.86310741;2.08890418;1.11136705;1.88780935;-0.10550368;8.52590404;4.04981662
654;65.37191051;0.00000000;15.68059347;9.95824707;2.11962765;1.08064859;1.87735399;-0.10369216;8.57325231;4.09441689
655;65.47186756;0.00000000;15.65092053;10.05369629;2.14936651;1.05093974;1.86707934;-0.10189322;8.62085766;4.14007344
656;65.57182461;0.00000000;15.62222031;10.14944596;2.17813492;1.02222228;1.85698363;-0.10010652;8.66872804;4.18680541
657;65.67178166;0.00000000;15.59448054;10.24547491;2.20594384;0.99448181;1.84706588;-0.09834119;8.71687142;4.23391729
658;65.77173871;0.00000000;15.56768520;10.34177499;2.23280804;0.96770034;1.83732327;-0.09659340;8.76528762;4.27548223
659;65.87169576;0.00000000;15.54182172;10.43832623;2.25872421;0.94186352;1.82775499;-0.09485919;8.81390925;4.24701173
660;65.97165281;0.00000000;15.51687410;10.53512142;2.26724295;0.91695361;1.81835916;-0.09313698;8.86194300;4.21886751
661;66.07160986;0.00000000;15.49282942;10.63214173;2.26641671;0.89295622;1.80913513;-0.09142706;8.90940205;4.19104250
662;66.17156691;0.00000000;15.46967170;10.72938063;2.26908377;0.86985383;1.80008119;-0.08972834;8.95629909;4.16352989
663;66.27152396;0.00000000;15.44738768;10.82682056;2.27524839;0.84763198;1.79119669;-0.08804202;9.00264637;4.13632309
664;66.37148101;0.00000000;15.42596145;10.92445551;2.28489884;0.82956777;1.78247997;-0.08636646;9.04845573;4.10941575
665;66.47143806;0.00000000;15.40537942;11.02226922;2.29800651;0.82419077;1.77393041;-0.08470150;9.09373857;4.08280173
666;66.57139510;0.00000000;15.38562578;11.12025618;2.31452869;0.83173069;1.76554660;-0.08304595;9.13850594;4.05647507
667;66.67135215;0.00000000;15.36668666;11.21840140;2.33348806;0.84930380;1.75732797;-0.08140015;9.18276850;4.03043005
668;66.77130920;0.00000000;15.34854632;11.31669970;2.35164783;0.84861730;1.74927324;-0.07976301;9.22653657;4.00466110
669;66.87126625;0.00000000;15.33119064;11.41513745;2.36902202;0.83124404;1.74138187;-0.07813468;9.26982014;3.97916285
670;66.97122330;0.00000000;15.31460397;11.51370969;2.38562609;0.81464328;1.73365273;-0.07651415;9.31262885;3.95393008
671;67.07118035;0.00000000;15.29877196;11.61240412;2.40147440;0.79880010;1.72608530;-0.07490152;9.35497207;3.92895775
672;67.17113740;0.00000000;15.28367907;11.71121598;2.41658239;0.78369852;1.71867859;-0.07329589;9.39685887;3.90424096
673;67.27109445;0.00000000;15.26931073;11.81013427;2.43096466;0.76932356;1.71143213;-0.07169736;9.43829801;3.87977497
674;67.37105150;0.00000000;15.25565150;11.90915437;2.44463664;0.75565942;1.70434504;-0.07010510;9.47929803;3.85555518
675;67.47100855;0.00000000;15.24268664;12.00826655;2.45761310;0.74269106;1.69741687;-0.06851917;9.51986717;3.83157713
676;67.57096560;0.00000000;15.23040077;12.10746627;2.46990944;0.73040283;1.69064688;-0.06693882;9.56001345;3.80783648
677;67.67092265;0.00000000;15.21877902;12.20674506;2.48154060;0.71877963;1.68403462;-0.06536417;9.59974465;3.78432902
678;67.77087970;0.00000000;15.20780609;12.30609846;2.49252193;0.70780596;1.67757946;-0.06379445;9.63906832;3.76105066
679;67.87083675;0.00000000;15.19746700;12.40551917;2.50286847;0.69746667;1.67128100;-0.06222955;9.67799180;3.73799744
680;67.97079380;0.00000000;15.18774648;12.50500280;2.51259554;0.68774636;1.66513873;-0.06066895;9.71652220;3.71516548
681;68.07075085;0.00000000;15.17862948;12.60454316;2.52171827;0.67862986;1.65915223;-0.05911300;9.75466645;3.69255103
682;68.17070790;0.00000000;15.17010077;12.70413592;2.53025195;0.67010187;1.65332105;-0.05756099;9.79243129;3.67015045
683;68.27066495;0.00000000;15.16214524;12.80377593;2.53821176;0.66214717;1.64764483;-0.05601236;9.82982326;3.64796016
684;68.37062200;0.00000000;15.15474770;12.90345898;2.54561295;0.65475053;1.64212327;-0.05446655;9.86684874;3.62597673
685;68.47057905;0.00000000;15.14789297;13.00318091;2.55247075;0.64789672;1.63675605;-0.05292435;9.90351392;3.60419677
686;68.57053610;0.00000000;15.14156589;13.10293756;2.55880040;0.64157055;1.63154281;-0.05138547;9.93982483;3.58261701
687;68.67049315;0.00000000;15.13575127;13.20272566;2.56461714;0.63575679;1.62648322;-0.04984994;9.97578735;3.56123426
688;68.77045020;0.00000000;15.13043397;13.30254112;2.56993617;0.63044030;1.62157700;-0.04831699;10.01140721;3.54004539
689;68.87040725;0.00000000;15.12559878;13.40238145;2.57477273;0.62560587;1.61682407;-0.04677964;10.04668997;3.51904737
690;68.97036430;0.00000000;15.12123051;13.50224286;2.57914209;0.62123828;1.61222514;-0.04523884;10.08164106;3.49823725
691;69.07032135;0.00000000;15.11731383;13.60212354;2.58305959;0.61732221;1.60778028;-0.04369381;10.11626578;3.47761215
692;69.17027840;0.00000000;15.11383344;13.70201981;2.58654060;0.61384235;1.60349015;-0.04214590;10.15056930;3.45716923
693;69.27023545;0.00000000;15.11077390;13.80193045;2.58960058;0.61078329;1.59935467;-0.04059873;10.18455664;3.43690577
694;69.37019250;0.00000000;15.10811985;13.90185201;2.59225493;0.60812966;1.59537387;-0.03905175;10.21823272;3.41681907
695;69.47014955;0.00000000;15.10585586;14.00178391;2.59451912;0.60586603;1.59154744;-0.03751247;10.25160232;3.39690653
696;69.57010660;0.00000000;15.10396660;14.10172286;2.59640850;0.60397709;1.58787443;-0.03597960;10.28467013;3.37716558
697;69.67006365;0.00000000;15.10243675;14.20166886;2.59793841;0.60244751;1.58435564;-0.03440895;10.31744071;3.35759374
698;69.77002070;0.00000000;15.10125066;14.30161857;2.59912454;0.60126168;1.58099624;-0.03280827;10.34991850;3.33818856
699;69.86997775;0.00000000;15.10039223;14.40157177;2.59998301;0.60040347;1.57780374;-0.03095788;10.38210788;3.31894766
700;69.96993479;0.00000000;15.09984303;14.50152678;2.60053225;0.59985448;1.57481186;-0.02890528;10.41401308;3.29986872
701;70.06989184;0.00000000;15.09958258;14.60148249;2.60079277;0.59959424;1.57202781;-0.02675926;10.44563826;3.28094946
702;70.16984889;0.00000000;15.09958947;14.70143926;2.60078597;0.59960132;1.56946405;-0.02453788;10.47698749;3.26218766
703;70.26980594;0.00000000;15.09984196;14.80139565;2.60053363;0.59985400;1.56709890;-0.02316797;10.50806472;3.24358114
704;70.36976299;0.00000000;15.10032615;14.90135157;2.60004961;0.60033839;1.56481688;-0.02249203;10.53887383;3.22512778
705;70.46972004;0.00000000;15.10103519;15.00130630;2.59934081;0.60104761;1.56259634;-0.02203722;10.56941863;3.20682548
706;70.56967709;0.00000000;15.10196445;15.10125900;2.59841184;0.60197709;1.56040724;-0.02176360;10.59970282;3.18867222
707;70.66963414;0.00000000;15.10311116;15.20120948;2.59726550;0.60312401;1.55824535;-0.02149492;10.62973002;3.17066600
708;70.76959119;0.00000000;15.10447262;15.30115720;2.59590449;0.60448570;1.55611002;-0.02123020;10.65950380;3.15280488
709;70.86954824;0.00000000;15.10604617;15.40110187;2.59433146;0.60605951;1.55400117;-0.02096432;10.68902762;3.13508693
710;70.96950529;0.00000000;15.10782916;15.50104299;2.59254910;0.60784276;1.55191897;-0.02069758;10.71830488;3.11751029
711;71.06946234;0.00000000;15.10981891;15.60098027;2.59056007;0.60983280;1.54986342;-0.02043128;10.74733891;3.10007313
712;71.16941939;0.00000000;15.11201275;15.70091320;2.58836705;0.61202697;1.54783446;-0.02016528;10.77613298;3.08277364
713;71.26937644;0.00000000;15.11440802;15.80084156;2.58597272;0.61442258;1.54583209;-0.01989928;10.80469028;3.06561008
714;71.36933349;0.00000000;15.11700204;15.90076491;2.58337974;0.61701699;1.54385631;-0.01963330;10.83301392;3.04858073
715;71.46929054;0.00000000;15.11979217;16.00068304;2.58059079;0.61980753;1.54190712;-0.01936742;10.86110698;3.03168388
716;71.56924759;0.00000000;15.12277571;16.10059551;2.57760855;0.62279154;1.53998449;-0.01910162;10.88897246;3.01491788
717;71.66920464;0.00000000;15.12595002;16.20050217;2.57443567;0.62596635;1.53808843;-0.01883588;10.91661330;2.99828112
718;71.76916169;0.00000000;15.12931243;16.30040261;2.57107484;0.62932930;1.53621893;-0.01857020;10.94403237;2.98177199
719;71.86911874;0.00000000;15.13286027;16.40029670;2.56752872;0.63287774;1.53437598;-0.01830458;10.97123251;2.96538895
720;71.96907579;0.00000000;15.13659087;16.50018407;2.56379999;0.63660899;1.53255958;-0.01803902;10.99821648;2.94913045
721;72.06903284;0.00000000;15.14050158;16.60006461;2.55989131;0.64052040;1.53076973;-0.01777351;11.02498701;2.93299499
722;72.16898989;0.00000000;15.14458973;16.69993799;2.55580535;0.64460931;1.52900641;-0.01750805;11.05154675;2.91698111
723;72.26894694;0.00000000;15.14885266;16.79980412;2.55154478;0.64887307;1.52726962;-0.01724264;11.07789832;2.90108735
724;72.36890399;0.00000000;15.15328770;16.89966269;2.54711227;0.65330900;1.52555936;-0.01697726;11.10404429;2.88531229
725;72.46886104;0.00000000;15.15789219;16.99951365;2.54251047;0.65791446;1.52387562;-0.01671194;11.12998716;2.86965455
726;72.56881809;0.00000000;15.16266348;17.09935673;2.53774207;0.66268678;1.52221841;-0.01644665;11.15572941;2.85411275
727;72.66877514;0.00000000;15.16759890;17.19919188;2.53280972;0.66762332;1.52058770;-0.01618140;11.18127345;2.83868555
728;72.76873219;0.00000000;15.17269579;17.29901886;2.52771609;0.65874307;1.51898352;-0.01591618;11.20662167;2.82337163
729;72.86868924;0.00000000;15.17795149;17.39883766;2.52246385;0.62872491;1.51740584;-0.01565085;11.23177640;2.80816969
730;72.96864629;0.00000000;15.18336334;17.49864806;2.51721757;0.60619627;1.51585469;-0.01538541;11.25673992;2.79307847
731;73.06860334;0.00000000;15.18892869;17.59845006;2.51578100;0.59250512;1.51433003;-0.01512173;11.28151450;2.77809671
732;73.16856039;0.00000000;15.19464488;17.69824350;2.51816331;0.59566125;1.51283161;-0.01485962;11.30610234;2.76322318
733;73.26851744;0.00000000;15.20050930;17.79802837;2.52435627;0.60150410;1.51135879;-0.01462008;11.33050561;2.74845668
734;73.36847448;0.00000000;15.20651954;17.89780453;2.53433431;0.60749252;1.50990836;-0.01440113;11.35472645;2.73379602
735;73.46843153;0.00000000;15.21267341;17.99757198;2.54805511;0.61362436;1.50847962;-0.01418923;11.37876694;2.71924003
736;73.56838858;0.00000000;15.21896878;18.09733056;2.56546067;0.61989751;1.50707157;-0.01398381;11.40262915;2.70478757
737;73.66834563;0.00000000;15.22540358;18.19708028;2.57460331;0.62630995;1.50568406;-0.01377841;11.42631510;2.69043751
738;73.76830268;0.00000000;15.23197576;18.29682102;2.56803166;0.63285964;1.50431708;-0.01357302;11.44982677;2.67618875
739;73.86825973;0.00000000;15.23868325;18.39655277;2.56132473;0.63954456;1.50297062;-0.01336765;11.47316612;2.66204018
740;73.96821678;0.00000000;15.24552399;18.49627545;2.55448461;0.64636265;1.50164469;-0.01316229;11.49633508;2.64799075
741;74.06817383;0.00000000;15.25249593;18.59598906;2.54751333;0.65331191;1.50033929;-0.01295694;11.51933553;2.63403940
742;74.16813088;0.00000000;15.25959701;18.69569354;2.54041298;0.66039030;1.49905442;-0.01275160;11.54216932;2.62018509
743;74.26808793;0.00000000;15.26682517;18.79538891;2.53318560;0.66759578;1.49779007;-0.01254628;11.56483828;2.60642680
744;74.36804498;0.00000000;15.27417834;18.89507511;2.52583326;0.66064244;1.49654624;-0.01234097;11.58734422;2.59276353
745;74.46800203;0.00000000;15.28165448;18.99475219;2.51835802;0.62440803;1.49532293;-0.01213566;11.60968888;2.57919428
746;74.56795908;0.00000000;15.28925153;19.09442011;2.51242852;0.60286812;1.49412015;-0.01193036;11.63187402;2.56571810
747;74.66791613;0.00000000;15.29696743;19.19407892;2.50651982;0.59761173;1.49293789;-0.01172507;11.65390134;2.55233401
748;74.76787318;0.00000000;15.30480013;19.29372859;2.50435374;0.60545164;1.49177614;-0.01151979;11.67577253;2.53904109
749;74.86783023;0.00000000;15.31274756;19.39336920;2.50606065;0.61340660;1.49063492;-0.01131451;11.69748923;2.52583840
750;74.96778728;0.00000000;15.32080768;19.49300074;2.51163471;0.62147454;1.48951421;-0.01110923;11.71905307;2.51272502
751;75.06774433;0.00000000;15.32897843;19.59262328;2.52105229;0.62965341;1.48841403;-0.01090397;11.74046567;2.49970007
752;75.16770138;0.00000000;15.33725776;19.69223685;2.53427257;0.63794115;1.48733435;-0.01069872;11.76172859;2.48676266
753;75.26765843;0.00000000;15.34564361;19.79184151;2.55123843;0.64633572;1.48627520;-0.01049346;11.78284339;2.47391191
754;75.36761548;0.00000000;15.35413393;19.89143732;2.54605074;0.65483505;1.48523656;-0.01028818;11.80381159;2.46114696
755;75.46757253;0.00000000;15.36272666;19.99102435;2.53745412;0.66343710;1.48421845;-0.01008291;11.82463471;2.44846698
756;75.56752958;0.00000000;15.37141977;20.09060266;2.52875707;0.67213981;1.48322085;-0.00987766;11.84531423;2.43587113
757;75.66748663;0.00000000;15.38021118;20.19017235;2.51996165;0.66376520;1.48224376;-0.00967249;11.86585160;2.42335858
758;75.76744368;0.00000000;15.38909886;20.28973349;2.51106990;0.63421288;1.48128718;-0.00946738;11.88624826;2.41092854
759;75.86740073;0.00000000;15.39808075;20.38928617;2.50522413;0.61965109;1.48035111;-0.00926191;11.90650563;2.39858019
760;75.96735778;0.00000000;15.40715481;20.48883049;2.50326654;0.61399515;1.47943560;-0.00905608;11.92662510;2.38631277
761;76.06731483;0.00000000;15.41631897;20.58836656;2.50520829;0.61637236;1.47854065;-0.00885113;11.94660805;2.37412549
762;76.16727188;0.00000000;15.42557119;20.68789449;2.51104238;0.62561798;1.47766611;-0.00864705;11.96645583;2.36201759
763;76.26722893;0.00000000;15.43490943;20.78741439;2.52074381;0.63495006;1.47681192;-0.00844539;11.98616977;2.34998833
764;76.36718598;0.00000000;15.44433169;20.88692636;2.53427015;0.64436657;1.47597770;-0.00824613;12.00575118;2.33803695
765;76.46714303;0.00000000;15.45383596;20.98643053;2.54637185;0.65386553;1.47516338;-0.00804762;12.02520137;2.32616273
766;76.56710008;0.00000000;15.46342027;21.08592702;2.53679433;0.66344497;1.47436885;-0.00784986;12.04452161;2.31436496
767;76.66705713;0.00000000;15.47308265;21.18541596;2.52779318;0.67310291;1.47359409;-0.00765174;12.06371315;2.30264291
768;76.76701417;0.00000000;15.48282113;21.28489749;2.52264713;0.68283737;1.47283917;-0.00745328;12.08277723;2.29099589
769;76.86697122;0.00000000;15.49263371;21.38437173;2.52138177;0.69045582;1.47210408;-0.00725490;12.10171509;2.27942321
770;76.96692827;0.00000000;15.50251843;21.48383883;2.52400491;0.65418506;1.47138881;-0.00705660;12.12052791;2.26792418
771;77.06688532;0.00000000;15.51247330;21.58329893;2.52807758;0.63186857;1.47069336;-0.00685832;12.13921690;2.25649815
772;77.16684237;0.00000000;15.52249636;21.68275219;2.53468413;0.62500092;1.47001774;-0.00666005;12.15778322;2.24514443
773;77.26679942;0.00000000;15.53258562;21.78219874;2.54513610;0.63408233;1.46936193;-0.00646176;12.17622802;2.23386239
774;77.36675647;0.00000000;15.54273911;21.88163877;2.55726518;0.64417547;1.46872594;-0.00626347;12.19455245;2.22265137
775;77.46671352;0.00000000;15.55295486;21.98107241;2.54704858;0.65433265;1.46810977;-0.00606519;12.21275762;2.21151074
776;77.56667057;0.00000000;15.56323088;22.08049985;2.53677179;0.66455186;1.46751342;-0.00586692;12.23084465;2.20043987
777;77.66662762;0.00000000;15.57356522;22.17992124;2.52643679;0.65762086;1.46693689;-0.00566866;12.24881463;2.18943814
778;77.76658467;0.00000000;15.58395588;22.27933676;2.51812248;0.62544410;1.46638018;-0.00547039;12.26666863;2.17850494
779;77.86654172;0.00000000;15.59440091;22.37874658;2.51370382;0.60823062;1.46584328;-0.00527213;12.28440773;2.16763966
780;77.96649877;0.00000000;15.60489832;22.47815089;2.51320334;0.60725224;1.46532620;-0.00507388;12.30203296;2.15684172
781;78.06645582;0.00000000;15.61544615;22.57754986;2.51662537;0.61575674;1.46482894;-0.00487563;12.31954537;2.14611052
782;78.16641287;0.00000000;15.62604241;22.67694368;2.52395591;0.62636656;1.46435150;-0.00467738;12.33694597;2.13544549
783;78.26636992;0.00000000;15.63668515;22.77633252;2.53516302;0.63702309;1.46389387;-0.00447913;12.35423577;2.12484604
784;78.36632697;0.00000000;15.64737238;22.87571661;2.55019754;0.64772435;1.46345606;-0.00428089;12.37141577;2.11431162
785;78.46628402;0.00000000;15.65810214;22.97509610;2.54220920;0.65846836;1.46303806;-0.00408265;12.38848695;2.10384167
786;78.56624107;0.00000000;15.66887246;23.07447121;2.53143105;0.66925315;1.46263988;-0.00388442;12.40545027;2.09343563
787;78.66619812;0.00000000;15.67968135;23.17384212;2.52061433;0.67846103;1.46226151;-0.00368618;12.42230670;2.08309297
788;78.76615517;0.00000000;15.69052687;23.27320906;2.51326227;0.65190464;1.46190296;-0.00348795;12.43905718;2.07281314
789;78.86611222;0.00000000;15.70140702;23.37257219;2.50983780;0.62863086;1.46156422;-0.00328972;12.45570263;2.06259561
790;78.96606927;0.00000000;15.71231985;23.47193176;2.51035897;0.61800475;1.46124529;-0.00309150;12.47224398;2.05243986
791;79.06602632;0.00000000;15.72326338;23.57128793;2.51482531;0.62346130;1.46094618;-0.00289327;12.48868214;2.04234537
792;79.16598337;0.00000000;15.73423565;23.67064096;2.52321784;0.63441473;1.46066689;-0.00269505;12.50501800;2.03231163
793;79.26594042;0.00000000;15.74523467;23.76999100;2.53549953;0.64539613;1.46040741;-0.00249683;12.52125245;2.02233813
794;79.36589747;0.00000000;15.75625850;23.86933832;2.54385700;0.65640346;1.46016774;-0.00229862;12.53738637;2.01242438
795;79.46585452;0.00000000;15.76730515;23.96868307;2.53281683;0.66415930;1.45994788;-0.00210040;12.55342061;2.00256989
796;79.56581157;0.00000000;15.77837266;24.06802553;2.52272878;0.62852102;1.45974784;-0.00190219;12.56935602;1.99277415
797;79.66576862;0.00000000;15.78945905;24.16736587;2.51655463;0.60743352;1.45956760;-0.00170398;12.58519346;1.98303670
798;79.76572567;0.00000000;15.80056237;24.26670433;2.51432518;0.60242477;1.45940718;-0.00150578;12.60093375;1.97335706
799;79.86568272;0.00000000;15.81168063;24.36604110;2.51605290;0.61355981;1.45926658;-0.00130757;12.61657772;1.96373476
800;79.96563977;0.00000000;15.82281189;24.46537644;2.52173163;0.62470798;1.45914578;-0.00110937;12.63212617;1.95416933
801;80.06559682;0.00000000;15.83395415;24.56471051;2.53133674;0.63586731;1.45904480;-0.00091117;12.64757991;1.94466032
802;80.16555386;0.00000000;15.84510547;24.66404360;2.54482574;0.64703581;1.45896363;-0.00071298;12.66293973;1.93520727
803;80.26551091;0.00000000;15.85626386;24.76337587;2.54376298;0.65811905;1.45890226;-0.00051478;12.67820641;1.92580973
804;80.36546796;0.00000000;15.86742736;24.86270759;2.53500133;0.66920356;1.45886071;-0.00031659;12.69338073;1.91646726
805;80.46542501;0.00000000;15.87859401;24.96203893;2.53015814;0.67757401;1.45883897;-0.00011840;12.70846345;1.90717943
806;80.56538206;0.00000000;15.88976183;25.06137016;2.52925790;0.64744082;1.45883704;0.00007979;12.72345532;1.89794579
807;80.66533911;0.00000000;15.90092886;25.16070146;2.53230679;0.63185006;1.45885492;0.00027797;12.73835709;1.88876592
808;80.76529616;0.00000000;15.91209313;25.26003310;2.53929256;0.62233575;1.45889261;0.00047615;12.75316950;1.87963940
809;80.86525321;0.00000000;15.92325267;25.35936523;2.55018482;0.62339028;1.45895011;0.00067433;12.76789328;1.87056582
810;80.96521026;0.00000000;15.93440552;25.45869815;2.56493576;0.63455457;1.45902742;0.00087251;12.78252914;1.86154474
811;81.06516731;0.00000000;15.94554970;25.55803201;2.55490121;0.64571043;1.45912454;0.00107068;12.79707780;1.85257578
812;81.16512436;0.00000000;15.95668326;25.65736709;2.54375787;0.65685590;1.45924147;0.00126885;12.81153997;1.84365851
813;81.26508141;0.00000000;15.96780421;25.75670356;2.53262723;0.66798897;1.45937820;0.00146702;12.82591633;1.83479255
814;81.36503846;0.00000000;15.97891060;25.85604168;2.52531742;0.64087029;1.45953474;0.00166519;12.84020757;1.82597750
815;81.46499551;0.00000000;15.99000045;25.95538162;2.52139723;0.61556992;1.45971110;0.00186335;12.85441439;1.81721296
816;81.56495256;0.00000000;16.00107180;26.05472365;2.51816932;0.60588629;1.45990726;0.00206152;12.86853743;1.80849855
817;81.66490961;0.00000000;16.01212268;26.15406794;2.51892755;0.61255851;1.46012322;0.00225968;12.88257738;1.79983388
818;81.76486666;0.00000000;16.02315112;26.25341474;2.52367031;0.62355583;1.46035900;0.00245783;12.89653489;1.79121859
819;81.86482371;0.00000000;16.03415515;26.35276423;2.53237717;0.63453058;1.46061458;0.00265599;12.91041061;1.78265228
820;81.96478076;0.00000000;16.04513281;26.45211666;2.54500941;0.64548068;1.46088997;0.00285414;12.92420517;1.77413460
821;82.06473781;0.00000000;16.05608212;26.55147219;2.54397340;0.65640409;1.46118516;0.00305229;12.93791923;1.76566518
822;82.16469486;0.00000000;16.06700112;26.65083108;2.53434610;0.62324762;1.46150016;0.00325044;12.95155339;-7.19297606
823;82.26465191;0.00000000;16.07788783;26.75019349;2.52866895;0.60241702;1.46183497;0.00344859;12.89592021;-12.03591010
824;82.36460896;0.00000000;16.08874029;26.84955967;2.52697054;0.59775964;1.46218958;0.00364673;12.80228924;-12.00338428
825;82.46456601;0.00000000;16.09955653;26.94892977;2.52926086;0.60092177;1.46256400;0.00384488;12.70822427;-11.97180844
826;82.56452306;0.00000000;16.11033459;27.04830406;2.53553108;0.61171663;1.46295823;0.00404302;12.61370805;-11.94117901
827;82.66448011;0.00000000;16.12107247;27.14768265;2.54575376;0.62247116;1.46337226;0.00424116;12.51872281;-11.91149256
828;82.76443716;0.00000000;16.13176823;27.24706583;2.55988350;0.63318336;1.46380610;0.00443930;12.42325019;-11.88274566
829;82.86439421;0.00000000;16.14241989;27.34645370;2.55765838;0.64385126;1.46425974;0.00463744;12.32727127;-11.85493511
830;82.96435126;0.00000000;16.15302547;27.44584654;2.54704872;0.65447289;1.46473319;0.00483557;12.23076647;-11.82805591
831;83.06430831;0.00000000;16.16358302;27.54524446;2.53648723;0.63874736;1.46522644;0.00503372;12.13371556;-11.80210519
832;83.16426536;0.00000000;16.17409055;27.64464771;2.52867520;0.60900220;1.46573950;0.00523187;12.03609762;-11.77708519
833;83.26422241;0.00000000;16.18454609;27.74405641;2.52485163;0.59369474;1.46627236;0.00543000;11.93789096;-11.75299334
834;83.36417946;0.00000000;16.19494767;27.84347080;2.52503664;0.59496367;1.46682503;0.00562811;11.83907308;-11.72983712
835;83.46413651;0.00000000;16.20529333;27.94289100;2.52923131;0.60531345;1.46739750;0.00582611;11.73962059;-11.70761439
836;83.56409355;0.00000000;16.21558109;28.04231723;2.53741773;0.61560565;1.46798975;0.00602401;11.63950920;-11.68630225
837;83.66405060;0.00000000;16.22580897;28.14174960;2.54713780;0.62583829;1.46860178;0.00622195;11.53871388;-11.66589967
838;83.76400765;0.00000000;16.23597501;28.24118835;2.55954082;0.63600935;1.46923361;0.00641993;11.43720858;-11.64643041
839;83.86396470;0.00000000;16.24607725;28.34063360;2.55430261;0.64611684;1.46988521;0.00661774;11.33496601;-11.62788880
840;83.96392175;0.00000000;16.25611370;28.44008553;2.54427654;0.65615875;1.47055658;0.00681542;11.23195778;-11.62251965
841;84.06387880;0.00000000;16.26608241;28.53954413;2.53431825;0.62579932;1.47124532;0.00691413;11.12804430;-11.62251479
842;84.16383585;0.00000000;16.27598245;28.63900965;2.52460466;0.59979348;1.47193607;0.00690674;11.02315134;-11.63048000
843;84.26379290;0.00000000;16.28581384;28.73848153;2.51889227;0.58972974;1.47262117;0.00669610;10.91717768;-11.66264282
844;84.36374995;0.00000000;16.29557879;28.83796029;2.51720614;0.59641764;1.47326909;0.00626790;10.80986779;-11.71929478
845;84.46370700;0.00000000;16.30528129;28.93744475;2.51955027;0.60608069;1.47387869;0.00602561;10.70095274;-11.75267901
846;84.56366405;0.00000000;16.31492383;29.03693547;2.52591106;0.61568581;1.47447882;0.00598217;10.59060259;-11.76262674
847;84.66362110;0.00000000;16.32450686;29.13643184;2.53625776;0.62523331;1.47507498;0.00595423;10.47899558;-11.77067171
848;84.76357815;0.00000000;16.33403068;29.23593405;2.55054161;0.63472338;1.47566959;0.00594298;10.36610945;-11.77679631
849;84.86353520;0.00000000;16.34349547;29.33544280;2.55651570;0.64415614;1.47626349;0.00594903;10.25192067;-11.78105108
850;84.96349225;0.00000000;16.35290102;29.43495666;2.54711153;0.65353122;1.47685938;0.00597410;10.13640366;-11.78337858
851;85.06344930;0.00000000;16.36224719;29.53447620;2.53776682;0.63454201;1.47745597;0.00592303;10.01953171;-11.79346874
852;85.16340635;0.00000000;16.37153442;29.63400067;2.53011071;0.61289923;1.47804135;0.00578972;9.90117846;-11.81139183
853;85.26336340;0.00000000;16.38076374;29.73352760;2.52644719;0.59540793;1.47861546;0.00574196;9.78121011;-11.82050704
854;85.36332045;0.00000000;16.38993607;29.83306163;2.52679292;0.59078723;1.47919155;0.00578459;9.65965761;-11.82089352
855;85.46327750;0.00000000;16.39905145;29.93259904;2.53114585;0.59991361;1.47972434;0.00385742;9.53655189;-12.00076582
856;85.56323455;0.00000000;16.40812960;30.03214234;2.53946629;0.60900251;1.47990817;-0.00017839;9.40992559;-11.89185917
857;85.66319160;0.00000000;16.41720996;30.13168636;2.55167615;0.61809357;1.47966692;-0.00512081;9.28274471;-11.39822634
858;85.76314865;0.00000000;16.42634165;30.23122517;2.56767115;0.62723617;1.47885921;-0.01103914;9.15918573;-10.93225486
859;85.86310570;0.00000000;16.43558323;30.33075458;2.56458904;0.63648901;1.47746065;-0.01693410;9.03909129;-10.49244935
860;85.96306275;0.00000000;16.44499315;30.43026703;2.55517457;0.64591085;1.47547459;-0.02280311;8.92230815;-10.07547113
861;86.06301980;0.00000000;16.45462990;30.52975826;2.54553309;0.65556034;1.47290218;-0.02866859;8.80870899;-9.67991195
862;86.16297685;0.00000000;16.46455165;30.62922091;2.53560635;0.66549595;1.46974350;-0.03453122;8.69817240;-9.30507444
863;86.26293390;0.00000000;16.47481672;30.72864944;2.52533600;0.67577620;1.46599927;-0.04038344;8.59057551;-8.94979643
864;86.36289095;0.00000000;16.48548294;30.82803473;2.51528557;0.68645934;1.46167068;-0.04622460;8.48579973;-8.61326695
865;86.46284800;0.00000000;16.49660835;30.92737072;2.50721672;0.66591108;1.45675884;-0.05205026;8.38372731;-8.29441430
866;86.56280505;0.00000000;16.50825028;31.02664619;2.50259674;0.63920972;1.45126563;-0.05786052;8.28424488;-7.99176011
867;86.66276210;0.00000000;16.52046636;31.12585435;2.50138669;0.62805107;1.44519205;-0.06366260;8.18724909;-7.70424081
868;86.76271915;0.00000000;16.53331325;31.22498082;2.50353366;0.63331549;1.43853884;-0.06945909;8.09264242;-7.43129225
869;86.86267620;0.00000000;16.54684833;31.32401785;2.50897129;0.64684855;1.43130657;-0.07524605;8.00032757;-7.17208101
870;86.96263324;0.00000000;16.56112753;31.42294768;2.51762023;0.66112721;1.42349646;-0.08102434;7.91021119;-6.92843915
871;87.06259029;0.00000000;16.57620788;31.52176138;2.52406949;0.67620891;1.41510996;-0.08675296;7.82217031;-6.69996814
872;87.16254734;0.00000000;16.59214396;31.62043733;2.50815468;0.69214879;1.40615500;-0.09242563;7.73607978;-6.48517328
873;87.26250439;0.00000000;16.60899161;31.71896573;2.49133172;0.70900334;1.39663388;-0.09805514;7.65182676;-6.28365008
874;87.36246144;0.00000000;16.62680333;31.81731992;2.47354893;0.72682589;1.38655381;-0.10363760;7.56929736;-6.09236136
875;87.46241849;0.00000000;16.64563391;31.91548933;2.45475218;0.74567218;1.37591543;-0.10921582;7.48841195;-5.91055637
876;87.56237554;0.00000000;16.66553392;32.01344173;2.43489207;0.76559406;1.36472004;-0.11479535;7.40909643;-5.73816330
877;87.66233259;0.00000000;16.68655786;32.11116543;2.41391509;0.78664733;1.35296634;-0.12037039;7.33127344;-5.57453754
878;87.76228964;0.00000000;16.70875451;32.20862236;2.39176223;0.80888266;1.34065631;-0.12594600;7.25487020;-5.41983365
879;87.86224669;0.00000000;16.73217805;32.30579948;2.36828699;0.83235600;1.32778808;-0.13151302;7.17980783;-5.27358213
880;87.96220374;0.00000000;16.75687494;32.40265229;2.34353482;0.85711649;1.31436516;-0.13707442;7.10600992;-5.13515860
881;88.06216079;0.00000000;16.78289885;32.49916633;2.31745289;0.88322018;1.30038476;-0.14263700;7.03340503;-5.00406791
882;88.16211784;0.00000000;16.81029349;32.59529020;2.28999805;0.87348253;1.28584974;-0.14820589;6.96192521;-4.88006803
883;88.26207489;0.00000000;16.83911206;32.69100763;2.26111861;0.87440726;1.27075580;-0.15378184;6.89150261;-4.76284458
884;88.36203194;0.00000000;16.86939517;32.78626023;2.23424741;0.88818075;1.25510616;-0.15936765;6.82207069;-4.65202374
885;88.46198899;0.00000000;16.90119547;32.88102941;2.21001276;0.90678017;1.23889513;-0.16496806;6.75356523;-4.54737417
886;88.56194604;0.00000000;16.93455002;32.97524976;2.18845945;0.93457067;1.22212602;-0.17058543;6.68592246;-4.44841194
887;88.66190309;0.00000000;16.96951073;33.06889970;2.16961252;0.96959230;1.20479143;-0.17622828;6.61908293;-4.35504888
888;88.76186014;0.00000000;17.00611075;33.16190688;2.15349770;1.00630098;1.18689445;-0.18189709;6.55298582;-4.26671494
889;88.86181719;0.00000000;17.04440097;33.25424589;2.14012106;1.04475558;1.16842587;-0.18760386;6.48757633;-4.18346237
890;88.96177424;0.00000000;17.08441035;33.34583782;2.11578586;1.08499509;1.14938835;-0.19334703;6.42279640;-4.10458933
891;89.06173129;0.00000000;17.12618826;33.43665225;2.07390511;1.12707863;1.12977073;-0.19914333;6.35859641;-4.03031117
892;89.16168834;0.00000000;17.16975936;33.52660430;2.03026386;1.17063010;1.10957488;-0.20498839;6.29492115;-3.95977806
893;89.26164539;0.00000000;17.21517077;33.61565723;1.98483005;1.21565208;1.08878766;-0.21090440;6.23172663;-3.89333423
894;89.36160244;0.00000000;17.26244284;33.70372092;1.93760240;1.26263933;1.06740962;-0.21688475;6.16896137;-3.83000132
895;89.46155949;0.00000000;17.31161938;33.79075059;1.88982444;1.31165225;1.04542557;-0.22295696;6.10658768;-3.77048309
896;89.56151654;0.00000000;17.36271674;33.87665194;1.84421557;1.34501513;1.02283446;-0.22910594;6.04455461;-3.71341995
897;89.66147359;0.00000000;17.41577392;33.96137033;1.80089660;1.36914442;0.99961951;-0.23537157;5.98283172;-3.65945902
898;89.76143064;0.00000000;17.47080376;34.04480834;1.75662705;1.40220902;0.97577646;-0.24174088;5.92137636;-3.60740682
899;89.86138769;0.00000000;17.52783870;34.12689961;1.71328816;1.44364056;0.95128663;-0.24825198;5.86016437;-3.55837364
900;89.96134474;0.00000000;17.58688882;34.20754462;1.67250052;1.49276901;0.92614307;-0.25487942;5.79915144;-3.51033290
901;90.06130179;0.00000000;17.64797716;34.28666283;1.63441404;1.53695521;0.90032593;-0.26168793;5.73832662;-3.46465550
902;90.16125884;0.00000000;17.71111252;34.36415428;1.59918590;1.56350667;0.87382252;-0.26864460;5.67765435;-3.41927824
903;90.26121589;0.00000000;17.77630536;34.43992188;1.54650413;1.59710838;0.84661233;-0.27581906;5.61713423;-3.37495503
904;90.36117293;0.00000000;17.84356491;34.51386634;1.49527130;1.63632306;0.81867483;-0.28319694;5.55675228;-3.32994024
905;90.46112998;0.00000000;17.91288501;34.58587150;1.44660425;1.67964060;0.78998790;-0.29084183;5.49652562;-3.28605759
906;90.56108703;0.00000000;17.98427771;34.65583968;1.40073243;1.71612933;0.76052358;-0.29870536;5.43643860;-3.24053007
907;90.66104408;0.00000000;18.05771463;34.72363323;1.35792156;1.76020878;0.73026154;-0.30688789;5.37652648;-3.19641926
908;90.76100113;0.00000000;18.13321347;34.78915716;1.31841609;1.81137384;0.69916470;-0.31529827;5.31676854;-3.14953986
909;90.86095818;0.00000000;18.21071735;34.85225103;1.28250137;1.86903854;0.66721618;-0.32408926;5.25722268;-3.10513385
910;90.96091523;0.00000000;18.29025216;34.91282268;1.23457076;1.92830772;0.63436874;-0.33309035;5.19784861;-3.05612159
911;91.06087228;0.00000000;18.37172452;34.97068804;1.18575742;1.98636726;0.60061135;-0.34256355;5.13874191;-3.00684511
912;91.16082933;0.00000000;18.45517246;35.02575791;1.14045792;2.01577397;0.56587499;-0.35236266;5.07991710;-2.95101804
913;91.26078638;0.00000000;18.54045803;35.07782414;1.09912363;2.05062130;0.53015050;-0.36273016;5.02151447;-2.89360240
914;91.36074343;0.00000000;18.62763345;35.12679713;1.06212003;2.09297529;0.49334771;-0.37348662;4.96358093;-2.82667434
915;91.46070048;0.00000000;18.71650986;35.17244763;1.02991569;2.14237076;0.45546162;-0.38494381;4.90632690;-2.74558463
916;91.56065753;0.00000000;18.80715055;35.21467875;0.99554141;2.19843550;0.41635697;-0.39728297;4.85006830;-2.65170800
917;91.66061458;0.00000000;18.89931475;35.25324316;0.95749906;2.25934147;0.37601193;-0.41043619;4.79510675;-2.55193583
918;91.76057163;0.00000000;18.99307795;35.28802981;0.91569247;2.29406613;0.33428861;-0.42409953;4.74161162;-2.42876311
919;91.86052868;0.00000000;19.08812301;35.31877553;0.87021400;2.32712511;0.29118689;-0.43897473;4.69013185;-2.23615608
920;91.96048573;0.00000000;19.18454330;35.34535086;0.82100031;2.36800558;0.24639634;-0.45693818;4.64222981;-2.01338770
921;92.06044278;0.00000000;19.28194751;35.36746590;0.77050064;2.40965025;0.19980278;-0.47609536;4.59867297;-1.76811390
922;92.16039983;0.00000000;19.38043749;35.38494742;0.72576764;2.41820523;0.15119948;-0.49591775;4.56007918;-1.46285705
923;92.26035688;0.00000000;19.47951241;35.39750516;0.68799513;2.43570495;0.10059083;-0.51782576;4.52789978;-1.11309294
924;92.36031393;0.00000000;19.57932235;35.40493524;0.65812496;2.46219774;0.04763968;-0.54071269;4.50326031;-0.64531148
925;92.46027098;0.00000000;19.67911203;35.40695372;0.63562002;2.49352413;-0.00763406;-0.56736426;4.48891374;-0.39402321
926;92.56022803;0.00000000;19.77916709;35.40331981;0.60980165;2.49715601;-0.06520548;-0.58209531;4.48013122;-0.07753344
927;92.66018508;0.00000000;19.87848176;35.39390607;0.59400058;2.50658113;-0.12407378;-0.59832243;4.47840103;-0.07753344
928;92.76014213;0.00000000;19.97738232;35.37858720;0.58886362;2.52189977;-0.18285273;-0.57470800;4.47667016;0.40504732
929;92.86009918;0.00000000;20.07496269;35.35767510;0.59489302;2.54276214;-0.23895363;-0.54955017;4.48570512;0.86441199
930;92.96005623;0.00000000;20.17148073;35.33135613;0.61199029;2.56901536;-0.29323760;-0.53557610;4.50492603;1.05237196
931;93.06001328;0.00000000;20.26627479;35.29996831;0.63367438;2.56577225;-0.34604476;-0.52195148;4.52821626;1.21825142
932;93.15997033;0.00000000;20.35944898;35.26362718;0.65653726;2.55615473;-0.39746752;-0.50640187;4.55502889;1.41281876
933;93.25992738;0.00000000;20.45055165;35.22266824;0.68854120;2.50908037;-0.44731642;-0.49171050;4.58592745;1.57766765
934;93.35988443;0.00000000;20.53962097;35.17723877;0.71924697;2.46961559;-0.49573989;-0.47683675;4.62018707;1.73886097
935;93.45984148;0.00000000;20.62635825;35.12765469;0.74543403;2.43815994;-0.54265839;-0.46245603;4.65765514;1.88372940
936;93.55979853;0.00000000;20.71076454;35.07408117;0.76719167;2.41491286;-0.58822204;-0.44911751;4.69790756;2.00250577
937;93.65975558;0.00000000;20.79264379;35.01679909;0.78456058;2.39751241;-0.63247349;-0.43650936;4.74032326;2.10447675
938;93.75971263;0.00000000;20.87197645;34.95597758;0.79763829;2.38059321;-0.67547896;-0.42391309;4.78449362;2.20755045
939;93.85966967;0.00000000;20.94863748;34.89186955;0.80650918;2.34856073;-0.71723896;-0.41190228;4.83039332;2.29900762
940;93.95962672;0.00000000;21.02261315;34.82464333;0.81849542;2.31710237;-0.75783945;-0.40047311;4.87773551;2.37984509
941;94.05958377;0.00000000;21.09382754;34.75452129;0.83840523;2.29112221;-0.79731782;-0.38952266;4.92626311;2.45322117
942;94.15954082;0.00000000;21.16226700;34.68167089;0.86577031;2.27307671;-0.83571884;-0.37887422;4.97579157;2.52392969
943;94.25949787;0.00000000;21.22789334;34.60628740;0.89760395;2.23561611;-0.87307752;-0.36868923;5.02623824;2.58811498
944;94.35945492;0.00000000;21.29070066;34.52853307;0.90853718;2.20524671;-0.90943341;-0.35880055;5.07744735;2.65028957
945;94.45941197;0.00000000;21.35067831;34.44857772;0.92667297;2.18253767;-0.94482022;-0.34928558;5.12935686;2.70847975
946;94.55936902;0.00000000;21.40782791;34.36657793;0.95166787;2.15994395;-0.97926933;-0.34006741;5.18186888;2.76478526
947;94.65932607;0.00000000;21.46215980;34.28267942;0.98305718;2.14205008;-1.01281553;-0.33115148;5.23492929;2.81902328
948;94.75928312;0.00000000;21.51368181;34.19703424;1.02029417;2.12165747;-1.04547884;-0.32247895;5.28848250;2.87277372
949;94.85924017;0.00000000;21.56242115;34.10976491;1.05468474;2.10404844;-1.07729206;-0.31404567;5.34250457;2.92605686
950;94.95919722;0.00000000;21.60839222;34.02101859;1.06883936;2.08174474;-1.10826776;-0.30582325;5.39697278;2.97958849
951;95.05915427;0.00000000;21.65163493;33.93089659;1.08904884;2.05760072;-1.13843707;-0.29780109;5.45187829;3.03356099
952;95.15911132;0.00000000;21.69217010;33.83954086;1.11349364;2.02810926;-1.16780845;-0.28996964;5.50721604;3.08813793
953;95.25906837;0.00000000;21.73004689;33.74703345;1.13686919;2.00600325;-1.19641044;-0.28228562;5.56298399;3.14453069
954;95.35902542;0.00000000;21.76529244;33.65351054;1.13418603;1.99147876;-1.22424672;-0.27476940;5.61920162;3.20197370
955;95.45898247;0.00000000;21.79796244;33.55903736;1.13684896;1.98463366;-1.25134389;-0.26737574;5.67587408;3.26180455
956;95.55893952;0.00000000;21.82809037;33.46374291;1.14559503;1.98236930;-1.27770351;-0.26012822;5.73302950;3.32314201
957;95.65889657;0.00000000;21.85573588;33.36767885;1.16035506;1.96718692;-1.30334917;-0.25297752;5.79067960;3.38753639
958;95.75885362;0.00000000;21.88093933;33.27096271;1.18095803;1.95952268;-1.32828169;-0.24595184;5.84886198;3.45394069
959;95.85881067;0.00000000;21.90376095;33.17364216;1.20379694;1.95939679;-1.35252006;-0.23900969;5.90759494;3.52372247
960;95.95876772;0.00000000;21.92424882;33.07581522;1.22430239;1.96395940;-1.37606685;-0.23217177;5.96691878;3.59608903
961;96.05872477;0.00000000;21.94246260;32.97753096;1.24253204;1.95778477;-1.39893576;-0.22540221;6.02685894;3.67229033
962;96.15868182;0.00000000;21.95845653;32.87886716;1.25853935;1.94177214;-1.42113082;-0.21871820;6.08746016;3.75166533
963;96.25863887;0.00000000;21.97229029;32.77987361;1.27238359;1.92792493;-1.44266163;-0.21209102;6.14875451;3.83527981
964;96.35859592;0.00000000;21.98402214;32.68061117;1.28412320;1.91618365;-1.46353294;-0.20553741;6.21078969;3.92249842
965;96.45855297;0.00000000;21.99371238;32.58112786;1.29381875;1.90648710;-1.48375258;-0.19904143;6.27360114;4.01396146
966;96.55851002;0.00000000;22.00142155;32.48147140;1.30153122;1.89877397;-1.50332561;-0.19260475;6.33723274;4.10963954
967;96.65846707;0.00000000;22.00721078;32.38168504;1.30732226;1.89298246;-1.52225796;-0.18621730;6.40172583;4.20999505
968;96.75842412;0.00000000;22.01114172;32.28180818;1.31125398;1.88905035;-1.54055370;-0.17985553;6.46712695;4.31608732
969;96.85838117;0.00000000;22.01327658;32.18187555;1.31338904;1.88691493;-1.55821364;-0.17350251;6.53349659;4.42875236
970;96.95833822;0.00000000;22.01367808;32.08192380;1.31379065;1.88651297;-1.57523972;-0.16717428;6.60090507;4.54744904
971;97.05829527;0.00000000;22.01240932;31.98197413;1.31252217;1.88778106;-1.59163415;-0.16085326;6.66941129;4.67312219
972;97.15825232;0.00000000;22.00953400;31.88206605;1.30964781;1.89065498;-1.60739777;-0.15458964;6.73908525;4.80370209
973;97.25820936;0.00000000;22.00511472;31.78220210;1.30523022;1.89507209;-1.62253932;-0.14835766;6.80996312;4.94054451
974;97.35816641;0.00000000;21.99921602;31.68243106;1.29933462;1.90096720;-1.63705773;-0.14217861;6.88209868;5.08285573
975;97.45812346;0.00000000;21.99189842;31.58273192;1.29202131;1.90828014;-1.65096331;-0.13602460;6.95553138;5.23218261
976;97.55808051;0.00000000;21.98322835;31.48316906;1.28335769;1.91694369;-1.66425230;-0.12992254;7.03032032;5.27943357
977;97.65803756;0.00000000;21.97326256;31.38369245;1.27339997;1.92690186;-1.67693710;-0.12383894;7.10498677;5.23670653
978;97.75799461;0.00000000;21.96207086;31.28438864;1.26221944;1.93808387;-1.68901144;-0.11781753;7.17828173;5.19472240
979;97.85795166;0.00000000;21.94970416;31.18517290;1.24986603;1.95044007;-1.70049099;-0.11181289;7.25025702;5.15345376
980;97.95790871;0.00000000;21.93623736;31.08616065;1.23641683;1.96389438;-1.71136686;-0.10587426;7.32096133;5.11287486
981;98.05786576;0.00000000;21.92171329;30.98722713;1.22191309;1.95350216;-1.72165732;-0.09994964;7.39044049;5.07296145
982;98.15782281;0.00000000;21.90621387;30.88852276;1.20643997;1.94381051;-1.73135137;-0.09410003;7.45873764;5.03369070
983;98.25777986;0.00000000;21.88977375;30.78989034;1.19215092;1.94016375;-1.74046879;-0.08826714;7.52589349;4.99504102
984;98.35773691;0.00000000;21.87247744;30.69148350;1.18526819;1.94254403;-1.74900021;-0.08250843;7.59194652;4.95699202
985;98.45769396;0.00000000;21.85435640;30.59314791;1.18596801;1.95087528;-1.75696316;-0.07677410;7.65693311;4.91952442
986;98.55765101;0.00000000;21.83549504;30.49502637;1.19350929;1.96501277;-1.76435131;-0.07111392;7.72088770;4.88261993
987;98.65760806;0.00000000;21.81592286;30.39697210;1.20167803;1.98462436;-1.77117989;-0.06548587;7.78384298;4.84626120
988;98.75756511;0.00000000;21.79572277;30.29911377;1.19574700;2.00486954;-1.77744563;-0.05993211;7.84582994;4.81043176
989;98.85752216;0.00000000;21.77492358;30.20131597;1.17493609;2.02567173;-1.78316155;-0.05441805;7.90687805;4.77511595
990;98.95747921;0.00000000;21.75360532;30.10369072;1.15360927;2.04692851;-1.78832727;-0.04897847;7.96701535;4.74029887
991;99.05743626;0.00000000;21.73179730;30.00611701;1.13179715;2.06180445;-1.79295378;-0.04358563;8.02626851;4.70596632
992;99.15739331;0.00000000;21.70957557;29.90868854;1.10957652;2.05640967;-1.79704327;-0.03826741;8.08466296;4.67210477
993;99.25735036;0.00000000;21.68697084;29.81130067;1.08697900;2.05624706;-1.80060506;-0.03300214;8.14222296;4.63870129
994;99.35730741;0.00000000;21.66405440;29.71402816;1.06407706;2.06126598;-1.80364343;-0.02781139;8.19897168;4.60574355
995;99.45726446;0.00000000;21.64085900;29.61678364;1.04476260;2.07138081;-1.80616634;-0.02267876;8.25493123;4.57321974
996;99.55722151;0.00000000;21.61745070;29.51962331;1.03456368;2.08646032;-1.80817972;-0.01762020;8.31012279;4.54111858
997;99.65717856;0.00000000;21.59386462;29.42247690;1.03379395;2.10635722;-1.80969052;-0.01262365;8.36456660;4.50942925
998;99.75713561;0.00000000;21.57016156;29.32538345;1.04252477;2.13010127;-1.81070577;-0.00770026;8.41828206;4.47814141
999;99.85709266;0.00000000;21.54637890;29.22828851;1.04657614;2.15392787;-1.81123176;-0.00284140;8.47128777;4.44724511
1000;99.95704971;0.00000000;21.52257254;29.13121642;1.02272099;2.16152482;-1.81127612;0.00194577;8.52360155;4.41673082
1001;100.05700676;0.00000000;21.49878172;29.03412622;0.99888767;2.16003945;-1.81084473;0.00666735;8.57524053;4.38658939
1002;100.15696381;0.00000000;21.47505816;28.93703083;0.97512805;2.16292301;-1.80994544;0.01131933;8.62622115;4.35681202
1003;100.25692086;0.00000000;21.45144225;28.83989971;0.95764712;2.17029898;-1.80858383;0.01590611;8.67655919;4.32739025
1004;100.35687791;0.00000000;21.42798246;28.74273828;0.95057238;2.18207533;-1.80676768;0.02042607;8.72626987;4.29831595
1005;100.45683496;0.00000000;21.40471951;28.64552268;0.95417927;2.19813850;-1.80450231;0.02488264;8.77536778;4.26958127
1006;100.55679201;0.00000000;21.38169973;28.54825522;0.96839179;2.19450415;-1.80179526;0.02927582;8.82386702;4.24117868
1007;100.65674905;0.00000000;21.35896320;28.45091468;0.95977332;2.19329874;-1.79865147;0.03360879;8.87178114;4.21310088
1008;100.75670610;0.00000000;21.33655525;28.35350472;0.94418652;2.19631057;-1.79507822;0.03788244;8.91912321;4.18534088
1009;100.85666315;0.00000000;21.31451449;28.25600272;0.93147074;2.20348035;-1.79107982;0.04210031;8.96590584;4.15789190
1010;100.95662020;0.00000000;21.29288622;28.15841796;0.92981346;2.21472452;-1.78666343;0.04626353;9.01214119;-1.56941243
1011;101.05657725;0.00000000;21.27170693;28.06072272;0.93931446;2.22994278;-1.78183240;0.05037655;8.99471740;-7.98906900
1012;101.15653430;0.00000000;21.25102268;27.96293560;0.95152533;2.24901002;-1.77659391;0.05444006;8.90549345;-7.75489049
1013;101.25649135;0.00000000;21.23086743;27.86502078;0.93145122;2.24990129;-1.77095003;0.05846004;8.81802141;-7.53394674
1014;101.35644840;0.00000000;21.21128848;27.76700899;0.91360518;2.24699096;-1.76490818;0.06243598;8.73220244;-7.32504568
1015;101.45640545;0.00000000;21.19231723;27.66885436;0.90711494;2.24790133;-1.75846878;0.06637610;8.64794655;-7.12788060
1016;101.55636250;0.00000000;21.17400232;27.57060132;0.91226498;2.25258788;-1.75163970;0.07027785;8.56516291;-6.94116465
1017;101.65631955;0.00000000;21.15637294;27.47219335;0.92890290;2.25815061;-1.74441940;0.07415245;8.48377151;-6.76489364
1018;101.75627660;0.00000000;21.13947879;27.37368869;0.93947837;2.26598034;-1.73681636;0.07799440;8.40368856;-6.59762647
1019;101.85623365;0.00000000;21.12334753;27.27502107;0.92334808;2.25368584;-1.72882694;0.08181876;8.32484371;-6.43970059
1020;101.95619070;0.00000000;21.10802936;27.17626112;0.91324019;2.23153932;-1.72046017;0.08561614;8.24715926;-6.28946198
1021;102.05614775;0.00000000;21.09355135;27.07733530;0.91486929;2.21283683;-1.71171034;0.08940635;8.17057426;-6.14762936
1022;102.15610480;0.00000000;21.07996341;26.97832356;0.92121188;2.19764501;-1.70258687;0.09317507;8.09501612;-6.01227514
1023;102.25606185;0.00000000;21.06729310;26.87914925;0.93602416;2.18598842;-1.69308218;0.09694794;8.02043312;-5.88451331
1024;102.35601890;0.00000000;21.05558918;26.77989697;0.95624409;2.17789677;-1.68320565;0.10070502;7.94675722;-5.76212932
1025;102.45597595;0.00000000;21.04488075;26.68049262;0.94552236;2.17336652;-1.67294829;0.10447824;7.87394560;-5.64666617
1026;102.55593300;0.00000000;21.03521467;26.58101944;0.93584483;2.17238635;-1.66231879;0.10824099;7.80193381;-5.53558037
1027;102.65589005;0.00000000;21.02662245;26.48141275;0.93625451;2.17492270;-1.65130753;0.11203246;7.73068759;-5.43084269
1028;102.75584710;0.00000000;21.01914856;26.38174738;0.94837340;2.17727872;-1.63992155;0.11581881;7.66014547;-5.32958003
1029;102.85580415;0.00000000;21.01282736;26.28197580;0.97180433;2.15614953;-1.62815162;0.11964687;7.59028131;-5.23405326
1030;102.95576120;0.00000000;21.00770091;26.18215673;1.00577957;2.13830885;-1.61600184;0.12347736;7.52103778;-5.14116152
1031;103.05571825;0.00000000;21.00380636;26.08226820;1.01888997;2.12379741;-1.60346446;0.12736346;7.45239684;-5.05366843
1032;103.15567530;0.00000000;21.00118396;25.98234475;1.03815765;2.11265079;-1.59053942;0.13125620;7.38430221;-4.96817152
1033;103.25563235;0.00000000;20.99987284;25.88239817;1.06772038;2.10488443;-1.57722216;0.13521666;7.31674187;-4.88775378
1034;103.35558940;0.00000000;20.99991269;25.78243148;1.10003038;2.08813530;-1.56350702;0.13918877;7.24966073;-4.80885911
1035;103.45554645;0.00000000;21.00134310;25.68249541;1.10146024;2.06025730;-1.54939373;0.14323923;7.18305102;-4.73345957
1036;103.55550350;0.00000000;21.00420507;25.58256091;1.10529963;2.03550356;-1.53486935;0.14733177;7.11687689;-4.65902430
1037;103.65546055;0.00000000;21.00853694;25.48271531;1.11558887;2.01397028;-1.51993661;0.15151653;7.05113693;-4.58754326
1038;103.75541760;0.00000000;21.01438297;25.38290503;1.13610109;1.99570850;-1.50457636;0.15575603;6.98580113;-4.51714957
1039;103.85537465;0.00000000;21.02177883;25.28324431;1.16631413;1.98078697;-1.48879504;0.16008930;6.92086523;-4.45294633
1040;103.95533170;0.00000000;21.03077288;25.18366555;1.20555895;1.96922794;-1.47257244;0.16441354;6.85625034;-4.39042740
1041;104.05528874;0.00000000;21.04139679;25.08429943;1.24217683;1.95860452;-1.45592251;0.16882349;6.79194084;-4.33420187
1042;104.15524579;0.00000000;21.05370247;24.98507397;1.25450093;1.92115719;-1.43882236;0.17322337;6.72785199;-4.27942580
1043;104.25520284;0.00000000;21.06771684;24.88613007;1.26854283;1.88572839;-1.42128804;0.17771946;6.66396840;-4.22641461
1044;104.35515989;0.00000000;21.08349533;24.78739684;1.28458672;1.85249967;-1.40328967;0.18230824;6.60026931;-4.17396679
1045;104.45511694;0.00000000;21.10106082;24.68902156;1.30983127;1.81835785;-1.38483679;0.18702039;6.53675150;-4.12215789
1046;104.55507399;0.00000000;21.12047270;24.59093937;1.34381987;1.78734187;-1.36589652;0.19185853;6.47341043;-4.07065590
1047;104.65503104;0.00000000;21.14175082;24.49329899;1.38590669;1.75961515;-1.34647593;0.19683494;6.41024657;-4.01997222
1048;104.75498809;0.00000000;21.16495756;24.39604734;1.43544813;1.73526790;-1.32654137;0.20194230;6.34725232;-3.96965154
1049;104.85494514;0.00000000;21.19011045;24.29933102;1.49021087;1.71006800;-1.30609892;0.20719656;6.28442700;-3.91889440
1050;104.95490219;0.00000000;21.21727341;24.20311253;1.51741941;1.68285688;-1.28511362;0.21262286;6.22178274;-3.86787416
1051;105.05485924;0.00000000;21.24646243;24.10753488;1.54667165;1.65362029;-1.26358618;0.21822262;6.15932934;-3.81559698
1052;105.15481629;0.00000000;21.27774196;24.01257837;1.57803573;1.62229901;-1.24148080;0.22402731;6.09709326;-3.76253805
1053;105.25477334;0.00000000;21.31112715;23.91838237;1.61153418;1.58888343;-1.21879308;0.23003079;6.03509418;-3.70784668
1054;105.35473039;0.00000000;21.34668183;23.82494614;1.64723656;1.55331888;-1.19548695;0.23626200;5.97336681;-3.65197551
1055;105.45468744;0.00000000;21.38442054;23.73240656;1.68515547;1.51560279;-1.17155368;0.24271501;5.91193958;-3.59273068
1056;105.55464449;0.00000000;21.42440541;23.64078186;1.72490285;1.47568942;-1.14695574;0.24945694;5.85087960;-3.53080023
1057;105.65460154;0.00000000;21.46665009;23.55020914;1.76694038;1.43358804;-1.12167531;0.25647466;5.79024484;-3.46476905
1058;105.75455859;0.00000000;21.51121452;23.46072561;1.81134256;1.38926831;-1.09567310;0.26381462;5.73012034;-3.39558786
1059;105.85451564;0.00000000;21.55811098;23.37247099;1.85813675;1.34275986;-1.06892644;0.27145379;5.67057786;-3.32052524
1060;105.95447269;0.00000000;21.60739645;23.28550069;1.90739860;1.29318115;-1.04139440;0.27947792;5.61174068;-3.23987963
1061;106.05442974;0.00000000;21.65908012;23.19996098;1.95915832;1.24115597;-1.01304428;0.28788018;5.55373170;-3.15376856
1062;106.15438679;0.00000000;21.71321528;23.11592587;2.01349320;1.18681373;-0.98383223;0.29665698;5.49667654;-3.06260830
1063;106.25434384;0.00000000;21.76980600;23.03355079;2.07038308;1.13023339;-0.95372851;0.30579256;5.44069797;-2.96223743
1064;106.35430089;0.00000000;21.82890012;22.95292731;2.12910489;1.07148597;-0.92268615;0.31541611;5.38600050;-2.85226671
1065;106.45425794;0.00000000;21.89049386;22.87422312;2.19050917;1.01074209;-0.89065912;0.32552974;5.33280349;-2.73172539
1066;106.55421499;0.00000000;21.95462859;22.79754924;2.24797227;0.94574733;-0.85759350;0.33614920;5.28135235;-2.59980405
1067;106.65417204;0.00000000;22.02128925;22.72308890;2.28797826;0.88450891;-0.82344400;0.34727776;5.23191601;-2.44408959
1068;106.75412909;0.00000000;22.09050593;22.65097519;2.32698208;0.82782050;-0.78814166;0.35931110;5.18501082;-2.26901321
1069;106.85408614;0.00000000;22.16225526;22.58140558;2.37274455;0.77666923;-0.75159693;0.37203527;5.14108252;-2.06222886
1070;106.95404319;0.00000000;22.23655686;22.51453870;2.42495023;0.73215092;-0.71373507;0.38581660;5.10082943;-1.81838630
1071;107.05400024;0.00000000;22.31336725;22.45059889;2.48321412;0.69549494;-0.67443444;0.40073341;5.06507056;-1.54153275
1072;107.15395729;0.00000000;22.39269069;22.38977620;2.54717031;0.66467871;-0.63359625;0.41648129;5.03455715;-1.23080152
1073;107.25391434;0.00000000;22.47445996;22.33231981;2.61396877;0.63327524;-0.59115441;0.43290541;5.01006099;-0.88430040
1074;107.35387139;0.00000000;22.55865375;22.27844469;2.67791804;0.61234516;-0.54703999;0.44985091;4.99238690;-0.48060046
1075;107.45382843;0.00000000;22.64517025;22.22841764;2.68717425;0.60285854;-0.50118771;0.46783675;4.98275508;-0.26260202
1076;107.55378548;0.00000000;22.73393943;22.18247709;2.68271710;0.59839944;-0.45381119;0.47761889;4.97748434;-0.09570340
1077;107.65374253;0.00000000;22.82478753;22.14083115;2.64121464;0.59715175;-0.40572628;0.48472671;4.97556206;-0.09570340
1078;107.75369958;0.00000000;22.91753323;22.10362348;2.60406014;0.60771179;-0.35748983;0.47647486;4.97363905;0.11777129
1079;107.85365663;0.00000000;23.01196398;22.07086625;2.57121178;0.62953270;-0.31054180;0.46293190;4.97600538;0.44179431
1080;107.95361368;0.00000000;23.10778460;22.04251523;2.52004389;0.66157263;-0.26508814;0.44591006;4.98487216;0.82354102
1081;108.05357073;0.00000000;23.20481226;22.01845276;2.47440917;0.70253965;-0.22138444;0.42856011;5.00135861;1.18347559
1082;108.15352778;0.00000000;23.30275309;21.99857482;2.43598968;0.74733340;-0.17935633;0.41269489;5.02495586;1.48176627
1083;108.25348483;0.00000000;23.40145838;21.98274917;2.39360743;0.79164475;-0.13885071;0.39779408;5.05434539;1.73903227
1084;108.35344188;0.00000000;23.50068395;21.97086461;2.34616827;0.84221091;-0.09978757;0.38406683;5.08862107;1.95484658
1085;108.45339893;0.00000000;23.60032469;21.96279487;2.29375704;0.89186563;-0.06205692;0.37083031;5.12687681;2.15116223
1086;108.55335598;0.00000000;23.70016073;21.95842564;2.24788608;0.93493903;-0.02561995;0.35851302;5.16864716;2.31908033
1087;108.65331303;0.00000000;23.80012995;21.95763626;2.18929930;0.98329117;0.00963244;0.34678940;5.21330321;2.46970599
1088;108.75327008;0.00000000;23.90002693;21.96031141;2.13442546;1.03618676;0.04372621;0.33556847;5.26044289;2.60708597
1089;108.85322713;0.00000000;23.99981812;21.96633797;2.08581961;1.09303657;0.07672977;0.32472230;5.30975071;2.73596615
1090;108.95318418;0.00000000;24.09932088;21.97559636;2.03383443;1.15323877;0.10865396;0.31420966;5.36100838;2.85837978
1091;109.05314123;0.00000000;24.19852525;21.98798027;1.97257116;1.20995377;0.13955619;0.30403419;5.41404112;2.97488355
1092;109.15309828;0.00000000;24.29726660;22.00336684;1.91395801;1.26942415;0.16944811;0.29422636;5.46868928;3.08508727
1093;109.25305533;0.00000000;24.39555384;22.02165819;1.85738105;1.32541706;0.19838515;0.28469151;5.52479093;3.19227322
1094;109.35301238;0.00000000;24.49324078;22.04273023;1.80706375;1.37930545;0.22636842;0.27535599;5.58224823;3.29903043
1095;109.45296943;0.00000000;24.59035062;22.06649262;1.76345652;1.43108404;0.25344105;0.26626340;5.64101214;3.40421292
1096;109.55292648;0.00000000;24.68675554;22.09282060;1.72705285;1.48068673;0.27960419;0.25734692;5.70101466;3.51017602
1097;109.65288353;0.00000000;24.78248839;22.12163078;1.67375000;1.52814910;0.30489489;0.24862252;5.76223063;3.61655317
1098;109.75284058;0.00000000;24.87744025;22.15279940;1.61756907;1.57344866;0.32931186;0.24003510;5.82462890;3.72534327
1099;109.85279763;0.00000000;24.97165146;22.18624940;1.56783756;1.61664272;0.35288694;0.23161400;5.88821284;3.83566684
1100;109.95275468;0.00000000;25.06503070;22.22185913;1.52517644;1.65752386;0.37561860;0.22330602;5.95297021;3.94951681
1101;110.05271173;0.00000000;25.15762263;22.25955678;1.48630661;1.69612802;0.39753374;0.21513881;6.01892170;4.06602723
1102;110.15266878;0.00000000;25.24935384;22.29922434;1.44947740;1.73279010;0.41862936;0.20702776;6.08607218;4.18844344
1103;110.25262583;0.00000000;25.34027160;22.34079399;1.41459890;1.76757760;0.43892531;0.19902672;6.15447833;4.31491634
1104;110.35258288;0.00000000;25.43031932;22.38415186;1.38162342;1.80051867;0.45841575;0.19100562;6.22416389;4.45063797
1105;110.45253993;0.00000000;25.51954650;22.42923296;1.33856882;1.83520616;0.47711307;0.18306960;6.29523323;4.59175587
1106;110.55249698;0.00000000;25.60791223;22.47592776;1.28532905;1.87290923;0.49501355;0.17514019;6.36772472;4.74167850
1107;110.65245403;0.00000000;25.69546698;22.52417339;1.23944788;1.91352612;0.51212860;0.16728321;6.44172698;4.89802568
1108;110.75241108;0.00000000;25.78218466;22.57386590;1.20173078;1.95366092;0.52845852;0.15949469;6.51728708;5.06125666
1109;110.85236812;0.00000000;25.86811567;22.62494444;1.16251052;1.99540022;0.54401574;0.15176453;6.59445581;5.23212602
1110;110.95232517;0.00000000;25.95324701;22.67731149;1.11254922;2.03983973;0.55880042;0.14408588;6.67329178;5.41129265
1111;111.05228222;0.00000000;26.03762892;22.73090783;1.07093953;2.05857306;0.57282203;0.13645292;6.75385941;5.43725996
1112;111.15223927;0.00000000;26.12126003;22.78564229;1.03863509;2.07589142;0.58608031;0.12884734;6.83385702;5.39165157
1113;111.25219632;0.00000000;26.20418985;22.84145642;1.01644552;2.09642515;0.59858160;0.12127650;6.91226945;5.34689891
1114;111.35215337;0.00000000;26.28642797;22.89826556;0.99844029;2.12030443;0.61032652;0.11373726;6.98916229;5.30296737
1115;111.45211042;0.00000000;26.36802260;22.95601140;0.98155712;2.14749093;0.62132013;0.10622392;7.06459676;5.25982462
1116;111.55206747;0.00000000;26.44899331;23.01461589;0.96379051;2.17792389;0.63156324;0.09873518;7.13863016;5.21744040
1117;111.65202452;0.00000000;26.52938662;23.07402028;0.91738195;2.21153988;0.64105931;0.09126537;7.21131614;5.17578635
1118;111.75198157;0.00000000;26.60923117;23.13415300;0.88079167;2.24825843;0.64980942;0.08381630;7.28270507;5.13483584
1119;111.85193862;0.00000000;26.68857136;23.19495426;0.85520793;2.27805992;0.65781581;0.07638030;7.35284429;5.09456382
1120;111.95189567;0.00000000;26.76744417;23.25635884;0.84156422;2.30539309;0.66507978;0.06896276;7.42177838;5.05494669
1121;112.05185272;0.00000000;26.84589147;23.31830538;0.82987716;2.33603499;0.67160272;0.06155361;7.48954935;5.01596221
1122;112.15180977;0.00000000;26.92395782;23.38073477;0.81880357;2.36417120;0.67738596;0.05415978;7.55619686;4.97758934
1123;112.25176682;0.00000000;27.00168217;23.44358355;0.80827030;2.37468250;0.68243019;0.04677046;7.62175841;4.93980822
1124;112.35172387;0.00000000;27.07911601;23.50679842;0.79820326;2.38473033;0.68673667;0.03939400;7.68626949;4.90260002
1125;112.45168092;0.00000000;27.15629498;23.57031332;0.78852963;2.39438632;0.69030566;0.03201882;7.74976370;4.86594689
1126;112.55163797;0.00000000;27.23327684;23.63408036;0.74584107;2.40684385;0.69313817;0.02465313;7.81227296;4.82983190
1127;112.65159502;0.00000000;27.31009358;23.69803046;0.71169100;2.42312015;0.69523415;0.01728587;7.87382755;4.79423895
1128;112.75155207;0.00000000;27.38680863;23.76212066;0.69061126;2.44321419;0.69659420;0.00992486;7.93445627;4.75915274
1129;112.85150912;0.00000000;27.46344998;23.82627849;0.68181815;2.46709869;0.69721817;0.00255975;7.99418652;4.72455868
1130;112.95146617;0.00000000;27.54008615;23.89046534;0.67304937;2.49258124;0.69710592;-0.00480627;8.05304439;4.69044290
1131;113.05142322;0.00000000;27.61674074;23.95460499;0.66423655;2.51926411;0.69625716;-0.01217911;8.11105478;4.65679213
1132;113.15138027;0.00000000;27.69348676;24.01866245;0.65530204;2.52824271;0.69467127;-0.01955009;8.16824143;4.62359373
1133;113.25133732;0.00000000;27.77034334;24.08255779;0.64617850;2.53741483;0.69234861;-0.02692939;8.22462702;4.59083561
1134;113.35129437;0.00000000;27.84738736;24.14625895;0.63678739;2.54685687;0.68928580;-0.03435079;8.28023323;4.55850621
1135;113.45125142;0.00000000;27.92463271;24.20968127;0.62706249;2.55663947;0.68548105;-0.04178774;8.33508080;4.52659447
1136;113.55120847;0.00000000;28.00216127;24.27279599;0.61692377;2.54941363;0.68093590;-0.04913742;8.38918960;4.49508977
1137;113.65116552;0.00000000;28.07997774;24.33551210;0.60630813;2.54151038;0.67565726;-0.05649872;8.44257863;4.46398197
1138;113.75112257;0.00000000;28.15816396;24.39780493;0.59662401;2.53808296;0.66973701;-0.06179440;8.49526614;4.43326130
1139;113.85107962;0.00000000;28.23671630;24.45960017;0.59208600;2.53920713;0.66330486;-0.06691544;8.54726964;4.40291843
1140;113.95103667;0.00000000;28.31568582;24.52088264;0.59827562;2.54492006;0.65660522;-0.06677397;8.59860592;4.37294435
1141;114.05099372;0.00000000;28.39505881;24.58163380;0.62007507;2.53228417;0.64995789;-0.06623020;8.64929113;4.34333042
1142;114.15095077;0.00000000;28.47483312;24.64186049;0.64030757;2.51744333;0.64340759;-0.06477744;8.69934078;4.31406835
1143;114.25090781;0.00000000;28.55499697;24.70157032;0.66241450;2.50714842;0.63700796;-0.06327059;8.74876980;4.28515012
1144;114.35086486;0.00000000;28.63553554;24.76077127;0.68386904;2.50144107;0.63076549;-0.06162467;8.79759257;4.25656804
1145;114.45082191;0.00000000;28.71643854;24.81947595;0.69294539;2.50033651;0.62468843;-0.05996761;8.84582291;4.22831468
1146;114.55077896;0.00000000;28.79768974;24.87769294;0.69404050;2.48447374;0.61877489;-0.05835908;8.89347416;4.20038288
1147;114.65073601;0.00000000;28.87928242;24.93543728;0.68986702;2.47012545;0.61302160;-0.05675422;8.94055918;4.17276576
1148;114.75069306;0.00000000;28.96119775;24.99271533;0.69952930;2.44561602;0.60742985;-0.05513063;8.98709036;4.14545664
1149;114.85065011;0.00000000;29.04343150;25.04954387;0.71570094;2.41807221;0.60200018;-0.05350721;9.03307967;4.11844910
1150;114.95060716;0.00000000;29.12596329;25.10592855;0.73882322;2.39491108;0.59673256;-0.05189403;9.07853867;4.09173691
1151;115.05056421;0.00000000;29.20879188;25.16188802;0.77009590;2.37624275;0.59162587;-0.05028039;9.12347852;4.06531408
1152;115.15052126;0.00000000;29.29189467;25.21742653;0.78175033;2.36017127;0.58668159;-0.04865111;9.16791001;4.03917479
1153;115.25047831;0.00000000;29.37527316;25.27256463;0.80526795;2.34185141;0.58189978;-0.04702285;9.21184357;4.01331343
1154;115.35043536;0.00000000;29.45890326;25.32730600;0.83966354;2.30719205;0.57728470;-0.04531930;9.25528929;3.98772455
1155;115.45039241;0.00000000;29.54278708;25.38167226;0.87384986;2.26806613;0.57283976;-0.04361457;9.29825694;3.96240290
1156;115.55034946;0.00000000;29.62689971;25.43566696;0.89753059;2.23314769;0.56855023;-0.04222781;9.34075599;3.93734337
1157;115.65030651;0.00000000;29.71124817;25.48931166;0.92367764;2.20261692;0.56439792;-0.04084950;9.38279558;3.91254101
1158;115.75026356;0.00000000;29.79580563;25.54260490;0.95694616;2.17665290;0.56036504;-0.03986039;9.42438459;3.88799104
1159;115.85022061;0.00000000;29.88058548;25.59556751;0.99879808;2.15540455;0.55642920;-0.03888549;9.46553164;3.86368880
1160;115.95017766;0.00000000;29.96556024;25.64819403;1.04820402;2.13669357;0.55259689;-0.03779505;9.50624506;3.83962979
1161;116.05013471;0.00000000;30.05074298;25.70050515;1.06621159;2.11243292;0.54887335;-0.03670394;9.54653294;3.81580962
1162;116.15009176;0.00000000;30.13610750;25.75249766;1.08991745;2.08781626;0.54526177;-0.03556127;9.58640315;3.79222405
1163;116.25004881;0.00000000;30.22166556;25.80419200;1.12173015;2.05516462;0.54176414;-0.03441767;9.62586331;3.76886894
1164;116.35000586;0.00000000;30.30739182;25.85558619;1.16098688;2.02372223;0.53838053;-0.03328786;9.66492082;3.74574030
1165;116.44996291;0.00000000;30.39329765;25.90670023;1.18860739;1.99331266;0.53510937;-0.03216038;9.70358288;3.72283421
1166;116.54991996;0.00000000;30.47935884;25.95753289;1.21227466;1.94248005;0.53195288;-0.03099878;9.74185649;3.70014688
1167;116.64987701;0.00000000;30.56558506;26.00810330;1.24326141;1.89355856;0.52891223;-0.02983788;9.77974843;3.67767464
1168;116.74983406;0.00000000;30.65195425;26.05841197;1.27848882;1.84902549;0.52598837;-0.02866670;9.81726532;3.65541389
1169;116.84979111;0.00000000;30.73847424;26.10847700;1.31585635;1.80918675;0.52318131;-0.02749659;9.85441359;3.63336114
1170;116.94974816;0.00000000;30.82512507;26.15830034;1.35931461;1.77435426;0.52049134;-0.02632804;9.89119948;3.61151299
1171;117.04970521;0.00000000;30.91191261;26.20789884;1.40831537;1.74481175;0.51791792;-0.02516091;9.92762910;3.58986613
1172;117.14966226;0.00000000;30.99881939;26.25727597;1.45742986;1.72082442;0.51546220;-0.02397563;9.96370837;3.56841735
1173;117.24961931;0.00000000;31.08584879;26.30644725;1.50646948;1.69405109;0.51312482;-0.02279114;9.99944305;3.54716349
1174;117.34957636;0.00000000;31.17298594;26.35541810;1.55542419;1.64482447;0.51091236;-0.02147468;10.03483878;3.52610150
1175;117.44953341;0.00000000;31.26023136;26.40420368;1.60429596;1.59587191;0.50883170;-0.02015574;10.06990103;3.50522840
1176;117.54949046;0.00000000;31.34757200;26.45281189;1.65308141;1.54719129;0.50688624;-0.01876917;10.10463514;3.48454127
1177;117.64944750;0.00000000;31.43500601;26.50125745;1.70178539;1.49877472;0.50507946;-0.01738160;10.13904632;3.46403728
1178;117.74940455;0.00000000;31.52252230;26.54954999;1.75013084;1.45062048;0.50340986;-0.01602589;10.17313964;3.44371365
1179;117.84936160;0.00000000;31.61011709;26.59770297;1.77720623;1.40272422;0.50187564;-0.01467158;10.20692006;3.42356769
1180;117.94931865;0.00000000;31.69778164;26.64572703;1.79982202;1.35508592;0.50047707;-0.01331167;10.24039240;3.40359675
1181;118.04927570;0.00000000;31.78551027;26.69363454;1.82750552;1.30700348;0.49921444;-0.01195193;10.27356139;3.38379826
1182;118.14923275;0.00000000;31.87329630;26.74143732;1.86004317;1.25888850;0.49808738;-0.01059913;10.30643161;3.36416972
1183;118.24918980;0.00000000;31.96113223;26.78914669;1.89719724;1.21096581;0.49709551;-0.00924673;10.33900757;3.34470865
1184;118.34914685;0.00000000;32.04901338;26.83677548;1.93871525;1.16789562;0.49623864;-0.00789802;10.37129365;3.32541266
1185;118.44910390;0.00000000;32.13693049;26.88433400;1.98433381;1.13211129;0.49551659;-0.00654945;10.40329413;3.30627941
1186;118.54906095;0.00000000;32.22488074;26.93183604;2.03186425;1.10430678;0.49492909;-0.00520540;10.43501321;3.28730660
1187;118.64901800;0.00000000;32.31285327;26.97929100;2.07941546;1.08508380;0.49447595;-0.00386140;10.46645497;3.26849198
1188;118.74897505;0.00000000;32.40084691;27.02671350;2.12699716;1.07056612;0.49415690;-0.00252236;10.49762341;3.24983338
1189;118.84893210;0.00000000;32.48884933;27.07411211;2.17461370;1.02598846;0.49397170;-0.00118326;10.52852244;3.23132865
1190;118.94888915;0.00000000;32.57686085;27.12150218;2.21405736;0.97885175;0.49392010;0.00015068;10.55915588;3.21297568
1191;119.04884620;0.00000000;32.66486785;27.16889153;2.23709680;0.93189556;0.49400183;0.00148476;10.58952747;3.19477243
1192;119.14880325;0.00000000;32.75287189;27.21629612;2.26433358;0.88510239;0.49421664;0.00281302;10.61964086;3.17671688
1193;119.24876030;0.00000000;32.84085825;27.26372312;2.29562823;0.83938263;0.49456420;0.00414146;10.64949964;3.15880708
1194;119.34871735;0.00000000;32.92882951;27.31118896;2.33083273;0.80109579;0.49504431;0.00546441;10.67910730;3.14104110
1195;119.44867440;0.00000000;33.01677011;27.35870031;2.36978128;0.77385323;0.49565662;0.00678760;10.70846726;3.12341705
1196;119.54863145;0.00000000;33.10468331;27.40627393;2.39546130;0.75882914;0.49640090;0.00810373;10.73758288;3.10593310
1197;119.64858850;0.00000000;33.19255295;27.45391603;2.41954021;0.74672386;0.49727668;0.00942008;10.76645745;3.08858742
1198;119.74854555;0.00000000;33.28038263;27.50164353;2.44755887;0.69860833;0.49828398;0.01073386;10.79509417;3.07137826
1199;119.84850260;0.00000000;33.36815616;27.54946257;2.47939297;0.65919933;0.49942254;0.01204781;10.82349620;3.05430387
1200;119.94845965;0.00000000;33.45587688;27.59738990;2.51339174;0.63313867;0.50069196;0.01335058;10.85166662;3.03736256
1201;120.04841670;0.00000000;33.54352879;27.64543164;2.53479114;0.62209614;0.50209152;0.01465349;10.87960845;3.02055265
1202;120.14837375;0.00000000;33.63111505;27.69360439;2.55966433;0.62060534;0.50362245;0.01597825;10.90732465;3.00387253
1203;120.24833080;0.00000000;33.71861938;27.74191428;2.56099482;0.60774467;0.50528581;0.01730407;10.93481813;2.98732057
1204;120.34828785;0.00000000;33.80604340;27.79037797;2.55840104;0.59966407;0.50709936;0.01899173;10.96209173;2.97089521
1205;120.44824490;0.00000000;33.89337272;27.83900612;2.55990061;0.60065097;0.50908247;0.02068789;10.98914823;2.95459492
1206;120.54820195;0.00000000;33.98060271;27.88781421;2.55643685;0.59452116;0.51119915;0.02164443;11.01599038;2.93841817
1207;120.64815900;0.00000000;34.06772776;27.93681139;2.55525330;0.60485946;0.51340943;0.02257994;11.04262085;2.92236349
1208;120.74811605;0.00000000;34.15474117;27.98600319;2.55820222;0.61631535;0.51567488;0.02272918;11.06904228;2.90642941
1209;120.84807310;0.00000000;34.24164467;28.03539372;2.54149645;0.64249793;0.51795329;0.02285816;11.09525724;2.89061451
1210;120.94803015;0.00000000;34.32843301;28.08498185;2.51525552;0.66849879;0.52025359;0.02317255;11.12126826;2.87491740
1211;121.04798719;0.00000000;34.41510809;28.13477190;2.48194892;0.69432174;0.52258583;0.02349197;11.14707783;2.85933668
1212;121.14794424;0.00000000;34.50166448;28.18476440;2.43798657;0.71995644;0.52494807;0.02377252;11.17268840;2.84387101
1213;121.24790129;0.00000000;34.58810313;28.23496319;2.39760634;0.74539595;0.52733831;0.02405244;11.19810233;2.82851907
1214;121.34785834;0.00000000;34.67441922;28.28536870;2.36099627;0.77063211;0.52975645;0.02433163;11.22332200;2.81327954
1215;121.44781539;0.00000000;34.76061438;28.33598512;2.32762523;0.79565955;0.53220252;0.02461003;11.24834970;2.79815115
1216;121.54777244;0.00000000;34.84668262;28.38681213;2.29510178;0.82047089;0.53467589;0.02487926;11.27318770;2.78313265
1217;121.64772949;0.00000000;34.93262659;28.43785446;2.25391476;0.84506205;0.53717625;0.02514876;11.29783821;2.76822279
1218;121.74768654;0.00000000;35.01843967;28.48911125;2.21001864;0.86942639;0.53970282;0.02540486;11.32230343;2.75342036
1219;121.84764359;0.00000000;35.10412457;28.54058716;2.17007587;0.90065681;0.54225503;0.02566062;11.34658550;2.73872416
1220;121.94760064;0.00000000;35.18967477;28.59228121;2.13431329;0.94128291;0.54483225;0.02590647;11.37068653;2.72413304
1221;122.04755769;0.00000000;35.27509333;28.64419815;2.10294469;0.99014867;0.54743410;0.02615213;11.39460858;2.70964582
1222;122.14751474;0.00000000;35.36037334;28.69633663;2.07617371;1.03993321;0.55005992;0.02638729;11.41835370;2.69526138
1223;122.24747179;0.00000000;35.44551813;28.74870146;2.04043072;1.07081171;0.55270930;0.02662240;11.44192387;2.68097861
1224;122.34742884;0.00000000;35.53052065;28.80129105;1.98685376;1.10962210;0.55538170;0.02684917;11.46532108;2.66679640
1225;122.44738589;0.00000000;35.61538438;28.85411023;1.93719052;1.15556552;0.55807683;0.02707583;11.48854724;2.65271369
1226;122.54734294;0.00000000;35.70010215;28.90715718;1.89175491;1.20682507;0.56079420;0.02729566;11.51160425;2.63872941
1227;122.64729999;0.00000000;35.78467763;28.96043682;1.85085765;1.24467679;0.56353362;0.02751552;11.53449399;2.62484251
1228;122.74725704;0.00000000;35.86910348;29.01394710;1.81481074;1.28279373;0.56629468;0.02773027;11.55721829;2.61105198
1229;122.84721409;0.00000000;35.95338348;29.06769297;1.78390811;1.32648240;0.56907730;0.02794504;11.57977896;2.59735680
1230;122.94717114;0.00000000;36.03751020;29.12167224;1.75842544;1.37581785;0.57188112;0.02815636;11.60217777;2.58375599
1231;123.04712819;0.00000000;36.12148751;29.17588990;1.73576321;1.42470184;0.57470616;0.02836779;11.62441647;2.57024855
1232;123.14708524;0.00000000;36.20530789;29.23034361;1.71503883;1.47044971;0.57755214;0.02857722;11.64649678;2.55683354
1233;123.24704229;0.00000000;36.28897525;29.28503840;1.66311833;1.50046226;0.58041915;0.02878675;11.66842039;2.54351000
1234;123.34699934;0.00000000;36.37248202;29.33997182;1.61242948;1.53613672;0.58330697;0.02899548;11.69018895;2.53027701
1235;123.44695639;0.00000000;36.45583209;29.39514894;1.56674525;1.57708913;0.58621577;0.02920442;11.71180412;2.51713364
1236;123.54691344;0.00000000;36.53901788;29.45056724;1.52652064;1.62291511;0.58914541;0.02941471;11.73326751;2.50407900
1237;123.64687049;0.00000000;36.62204321;29.50623178;1.49219671;1.67321513;0.59209619;0.02962523;11.75458068;2.49111218
1238;123.74682754;0.00000000;36.70490046;29.56214000;1.45679059;1.72759298;0.59506793;0.02983614;11.77574522;2.47823233
1239;123.84678459;0.00000000;36.78759351;29.61829705;1.41102323;1.76276114;0.59806086;0.03004715;11.79676265;2.46543857
1240;123.94674164;0.00000000;36.87011466;29.67470026;1.37130843;1.79704667;0.60107491;0.03026105;11.81763449;2.45273005
1241;124.04669869;0.00000000;36.95246764;29.73135476;1.33818473;1.83586565;0.60411048;0.03047547;11.83836223;2.44010594
1242;124.14665574;0.00000000;37.03464494;29.78825798;1.31215611;1.87245336;0.60716739;0.03069002;11.85894734;2.42756542
1243;124.24661279;0.00000000;37.11664991;29.84541485;1.26720462;1.89601820;0.61024586;0.03090485;11.87939125;2.41510766
1244;124.34656984;0.00000000;37.19847526;29.90282284;1.22794085;1.92419782;0.61334412;0.03108735;11.89969540;2.40273188
1245;124.44652689;0.00000000;37.28012459;29.96048677;1.19606117;1.95679269;0.61646066;0.03126911;11.91986118;2.39043728
1246;124.54648393;0.00000000;37.36159055;30.01840363;1.17217250;1.99358217;0.61959407;0.03142656;11.93988998;2.37822308
1247;124.64644098;0.00000000;37.44287693;30.07657808;1.12801839;2.03433931;0.62274329;0.03158402;11.95978315;2.36608852
1248;124.74639803;0.00000000;37.52397659;30.13500699;1.08922485;2.07882634;0.62590880;0.03175477;11.97954204;2.35403284
1249;124.84635508;0.00000000;37.60489291;30.19369484;1.05878447;2.12137090;0.62909153;0.03192619;11.99916796;2.34205530
1250;124.94631213;0.00000000;37.68561899;30.25263877;1.03743679;2.14468462;0.63229147;0.03210128;12.01866222;2.33015517
1251;125.04626918;0.00000000;37.76615806;30.31184330;0.99357739;2.16265540;0.63550903;0.03227662;12.03802611;-6.30515007
1252;125.14622623;0.00000000;37.84650319;30.37130550;0.95527483;2.18474213;0.63874401;0.03245170;11.98555731;-7.89342140
1253;125.24618328;0.00000000;37.92665750;30.43102987;0.92653549;2.21082092;0.64199660;0.03262727;11.91954604;-7.91358471
1254;125.34614033;0.00000000;38.00661418;30.49101351;0.90827151;2.24074888;0.64526684;0.03280664;11.85299712;-7.93388230
1255;125.44609738;0.00000000;38.08637608;30.55126080;0.89446252;2.27437383;0.64855512;0.03298643;11.78590030;-7.95480607
1256;125.54605443;0.00000000;38.16593658;30.61176900;0.85144061;2.30133572;0.65186134;0.03316727;11.71824082;-7.97627907
1257;125.64601148;0.00000000;38.24529832;30.67254238;0.81349885;2.31446400;0.65518574;0.03334853;11.65000417;-7.99839740
1258;125.74596853;0.00000000;38.32445481;30.73357825;0.78683325;2.33090680;0.65852827;0.03353184;11.58117459;-8.02094984
1259;125.84592558;0.00000000;38.40340845;30.79488078;0.77261282;2.35116127;0.66188925;0.03371564;11.51173766;-8.04415746
1260;125.94588263;0.00000000;38.48215293;30.85644739;0.76044469;2.37512681;0.66526856;0.03390073;11.44167660;-8.06792541
1261;126.04583968;0.00000000;38.56069039;30.91828211;0.75977825;2.40269160;0.66866649;0.03408628;11.37097495;-8.09237225
1262;126.14579673;0.00000000;38.63901470;30.98038246;0.76509709;2.43372988;0.67208295;0.03427313;11.29961469;-8.11739915
1263;126.24575378;0.00000000;38.71712777;31.04275233;0.73328115;2.45707133;0.67551819;0.03446049;11.22757808;-8.14312114
1264;126.34571083;0.00000000;38.79502365;31.10538939;0.71449343;2.46786948;0.67897212;0.03464865;11.15484580;-8.16950816
1265;126.44566788;0.00000000;38.87270394;31.16829732;0.70405592;2.47832312;0.68244496;0.03483736;11.08139815;-8.19660469
1266;126.54562493;0.00000000;38.95016295;31.23147395;0.69396503;2.48878335;0.68593665;0.03502713;11.00721436;-8.22435723
1267;126.64558198;0.00000000;39.02740197;31.29492277;0.68422219;2.50284936;0.68944740;0.03521741;10.93227346;-8.25284360
1268;126.74553903;0.00000000;39.10441551;31.35864173;0.67482982;2.51395194;0.69297706;0.03540698;10.85655301;-8.28221963
1269;126.84549608;0.00000000;39.18120467;31.42263420;0.66578941;2.51769178;0.69652577;0.03559696;10.78002833;-8.31236125
1270;126.94545313;0.00000000;39.25776422;31.48689830;0.65710333;2.52503141;0.70009353;0.03578971;10.70267502;-8.34300673
1271;127.04541018;0.00000000;39.33409463;31.55143694;0.64877317;2.53336700;0.70368067;0.03598361;10.62447024;-8.37435263
1272;127.14536723;0.00000000;39.41019105;31.61624852;0.64080127;2.54134438;0.70728681;0.03617039;10.54538841;-8.40734414
1273;127.24532428;0.00000000;39.48605410;31.68133605;0.63318919;2.53984306;0.71091162;0.03635618;10.46539393;-8.44129593
1274;127.34528133;0.00000000;39.56167867;31.74669762;0.62593923;2.52702979;0.71455569;0.03655835;10.38445646;-8.47431810
1275;127.44523838;0.00000000;39.63706533;31.81233637;0.61905309;2.51775759;0.71822020;0.03676290;10.30256281;-8.50794881
1276;127.54519543;0.00000000;39.71220977;31.87825115;0.61845447;2.51206415;0.72190273;0.03691676;10.21968402;-8.54782636
1277;127.64515248;0.00000000;39.78711024;31.94444257;0.62574264;2.50997220;0.72560048;0.03707064;10.13573433;-8.58820659
1278;127.74510953;0.00000000;39.86176368;32.01090914;0.60297552;2.51148976;0.72929385;0.03680551;10.05068191;-8.67198366
1279;127.84506658;0.00000000;39.93617521;32.07765269;0.59667888;2.51661250;0.73295803;0.03650683;9.96406318;-8.66338945
1280;127.94502362;0.00000000;40.01033444;32.14466357;0.59162794;2.52166366;0.73667961;0.03806972;9.87677181;-8.56159049
1281;128.04498067;0.00000000;40.08424772;32.21196490;0.60279841;2.52997821;0.74056885;0.03974275;9.78974150;-8.33546706
1282;128.14493772;0.00000000;40.15788259;32.27955242;0.63020629;2.53221431;0.74468868;0.04277875;9.70425996;-8.10887995
1283;128.24489477;0.00000000;40.23123687;32.34746262;0.64841376;2.53411112;0.74912138;0.04590855;9.62037327;-7.89434046
1284;128.34485182;0.00000000;40.30427060;32.41570101;0.64502861;2.51914525;0.75386450;0.04899617;9.53799727;-7.68804108
1285;128.44480887;0.00000000;40.37697646;32.48430307;0.64574940;2.50516383;0.75891634;0.05207838;9.45708433;-7.48779960
1286;128.54476592;0.00000000;40.44931647;32.55327531;0.66091924;2.49459428;0.76427640;0.05517610;9.37760777;-7.29475220
1287;128.64472297;0.00000000;40.52128309;32.62265328;0.64099409;2.48744721;0.76994678;0.05827358;9.29952706;-7.10939911
1288;128.74468002;0.00000000;40.59283626;32.69244134;0.63691283;2.48102076;0.77592566;0.06136177;9.22279429;-6.93065868
1289;128.84463707;0.00000000;40.66396818;32.76267500;0.63627836;2.47679380;0.78221390;0.06444997;9.14737110;-6.75828683
1290;128.94459412;0.00000000;40.73463807;32.83335733;0.64901031;2.47464195;0.78881009;0.06753811;9.07322000;-6.59203024
1291;129.04455117;0.00000000;40.80483718;32.90452326;0.67706826;2.45236018;0.79571575;0.07062637;9.00030452;-6.43206785
1292;129.14450822;0.00000000;40.87452411;32.97617472;0.71090320;2.43328923;0.80292903;0.07370977;8.92858446;-6.27768020
1293;129.24446527;0.00000000;40.94368925;33.04834602;0.71594948;2.41747108;0.81045144;0.07679449;8.85802594;-6.12906869
1294;129.34442232;0.00000000;41.01229045;33.12103773;0.73425895;2.40494383;0.81828112;0.07987544;8.78859126;-5.98555393
1295;129.44437937;0.00000000;41.08031686;33.19428320;0.76603498;2.39572622;0.82641978;0.08295880;8.72024884;-5.84749648
1296;129.54433642;0.00000000;41.14772592;33.26808187;0.80650954;2.38982848;0.83486549;0.08603754;8.65296150;-5.71408979
1297;129.64429347;0.00000000;41.21450529;33.34246584;0.79924143;2.38445016;0.84362006;0.08912000;8.58669993;-5.58578183
1298;129.74425052;0.00000000;41.28061212;33.41743347;0.80530876;2.37303850;0.85268156;0.09219801;8.52142823;-5.46169247
1299;129.84420757;0.00000000;41.34603230;33.49301529;0.81246588;2.34470304;0.86205197;0.09528145;8.45711947;-5.34238521
1300;129.94416462;0.00000000;41.41072288;33.56920871;0.83238964;2.31940696;0.87172940;0.09836060;8.39373884;-5.22689481
1301;130.04412167;0.00000000;41.47466774;33.64604231;0.86441330;2.29286576;0.88171594;0.10144706;8.33126171;-5.11587612
1302;130.14407872;0.00000000;41.53782398;33.72351271;0.90727479;2.26186051;0.89200985;0.10452978;8.26965452;-5.00828879
1303;130.24403577;0.00000000;41.60017323;33.80164617;0.92060541;2.23225306;0.90261331;0.10762204;8.20889508;-4.90486880
1304;130.34399282;0.00000000;41.66167279;33.88043866;0.93284936;2.20331555;0.91352479;0.11071152;8.14895122;-4.80451248
1305;130.44394987;0.00000000;41.72230186;33.95991374;0.94871296;2.17750534;0.92474658;0.11381307;8.08980322;-4.70803781
1306;130.54390692;0.00000000;41.78201805;34.04006691;0.97289119;2.15491211;0.93627746;0.11691300;8.03142036;-4.61425881
1307;130.64386397;0.00000000;41.84079791;34.12091855;1.00096902;2.13560677;0.94811974;0.12002807;7.97378565;-4.52406597
1308;130.74382102;0.00000000;41.89859950;34.20246388;1.03903944;2.11965388;0.96027266;0.12314330;7.91687015;-4.43624301
1309;130.84377807;0.00000000;41.95539658;34.28471974;1.08139702;2.10215123;0.97273854;0.12627660;7.86065936;-4.35177322
1310;130.94373512;0.00000000;42.01114772;34.36768116;1.10064288;2.06002789;0.98551707;0.12941128;7.80512554;-4.26933040
1311;131.04369217;0.00000000;42.06582382;34.45136105;1.12116126;2.02076692;0.99861055;0.13256771;7.75025711;-4.18959362
1312;131.14364922;0.00000000;42.11938398;34.53575444;1.14659218;1.98451917;1.01201952;0.13573394;7.69603317;-4.11143505
1313;131.24360627;0.00000000;42.17179606;34.62086976;1.18122597;1.95142600;1.02574674;0.13892783;7.64244677;-4.03616030
1314;131.34356331;0.00000000;42.22301971;34.70670227;1.22430206;1.92162817;1.03979325;0.14212668;7.58947346;-3.96229664
1315;131.44352036;0.00000000;42.27301981;34.79325555;1.27498605;1.89525440;1.05416105;0.14535480;7.53710743;-3.89289427
1316;131.54347741;0.00000000;42.32175651;34.88052497;1.31437055;1.86794000;1.06885064;0.14855873;7.48530186;-3.82502085
1317;131.64343446;0.00000000;42.36919220;34.96850895;1.34302442;1.83919975;1.08386133;0.15178891;7.43404791;-3.76058002
1318;131.74339151;0.00000000;42.41528770;35.05720275;1.37314182;1.81315035;1.09919497;0.15501103;7.38331060;-3.69711930
1319;131.84334856;0.00000000;42.46000291;35.14659909;1.40785725;1.79078401;1.11485180;0.15826860;7.33308728;-3.63498285
1320;131.94330561;0.00000000;42.50329918;35.23669345;1.44597083;1.74878905;1.13083615;0.16155507;7.28337042;-3.57305568
1321;132.04326266;0.00000000;42.54513369;35.32747255;1.47363675;1.70987225;1.14715082;0.16489072;7.23416758;-3.51240321
1322;132.14321971;0.00000000;42.58546784;35.41893223;1.50896389;1.67387779;1.16380118;0.16825538;7.18547157;-3.45166600
1323;132.24317676;0.00000000;42.62425632;35.51105306;1.54652284;1.63637672;1.18078956;0.17167447;7.13729395;-3.39179254
1324;132.34313381;0.00000000;42.66146035;35.60383097;1.58570077;1.59699745;1.19812265;0.17512949;7.08963312;-3.33138959
1325;132.44309086;0.00000000;42.69703233;35.69724003;1.62652031;1.55589171;1.21580285;0.17864711;7.04250708;-3.27098496
1326;132.54304791;0.00000000;42.73093308;35.79127605;1.67200613;1.51318795;1.23383865;0.18221650;6.99592667;-3.20948417
1327;132.64300496;0.00000000;42.76311290;35.88590637;1.72363819;1.46888963;1.25223325;0.18585893;6.94991862;-3.14738073
1328;132.74296201;0.00000000;42.79353183;35.98112651;1.76650827;1.42299240;1.27099678;0.18956371;6.90450310;-3.08353037
1329;132.84291906;0.00000000;42.82213833;36.07689673;1.80803509;1.37551445;1.29013288;0.19335330;6.85971733;-3.01804253
1330;132.94287611;0.00000000;42.84889136;36.17321198;1.85571520;1.32646484;1.30965386;0.19722425;6.81559775;-2.94998334
1331;133.04283316;0.00000000;42.87373764;36.27002492;1.90656385;1.27588440;1.32956443;0.20119461;6.77219531;-2.87964078
1332;133.14279021;0.00000000;42.89663469;36.36732959;1.95924825;1.22384492;1.34987887;0.20525629;6.72955783;-2.80606281
1333;133.24274726;0.00000000;42.91752788;36.46507097;1.98969975;1.17616402;1.37060204;0.20942729;6.68774828;-2.72850278
1334;133.34270431;0.00000000;42.93637301;36.56324173;2.01677774;1.13336151;1.39175082;0.21372074;6.64684217;-2.64612466
1335;133.44266136;0.00000000;42.95311423;36.66177831;2.05037801;1.09600105;1.41333266;0.21815108;6.60692918;-2.55924955
1336;133.54261841;0.00000000;42.96770511;36.76067187;2.09022124;1.06461928;1.43536693;0.22270626;6.56809586;-2.46661920
1337;133.64257546;0.00000000;42.98008888;36.85984921;2.12526824;1.03973899;1.45786013;0.22740868;6.53044954;-2.36903818
1338;133.74253251;0.00000000;42.99021687;36.95929975;2.14871612;1.00924253;1.48083366;0.23223288;6.49408709;-2.26461001
1339;133.84248956;0.00000000;42.99803215;37.05894006;2.17870729;0.97085205;1.50429260;0.23721404;6.45913614;-2.15180396
1340;133.94244661;0.00000000;43.00348376;37.15875740;2.21501753;0.92242604;1.52826277;0.24237717;6.42575005;-2.02905896
1341;134.04240366;0.00000000;43.00651487;37.25865648;2.25735380;0.88045694;1.55275445;0.24774579;6.39410871;-1.89614329
1342;134.14236071;0.00000000;43.00707133;37.35862270;2.30542473;0.84069288;1.57779796;0.25330953;6.36439788;-1.75076358
1343;134.24231776;0.00000000;43.00509700;37.45854647;2.35887556;0.79363343;1.60340293;0.25910413;6.33684133;-1.58841298
1344;134.34227481;0.00000000;43.00053423;37.55841043;2.39958633;0.75445715;1.62960786;0.26521389;6.31173605;-1.40959209
1345;134.44223186;0.00000000;42.99332769;37.65809166;2.40678972;0.72443421;1.65643161;0.27159640;6.28937315;-1.21260999
1346;134.54218891;0.00000000;42.98341461;37.75757160;2.41669764;0.69266192;1.68391433;0.27825780;6.27007151;-0.99073060
1347;134.64214596;0.00000000;42.97074267;37.85670408;2.42936122;0.67088135;1.71207372;0.28531955;6.25425741;-0.73742471
1348;134.74210300;0.00000000;42.95524171;37.95547766;2.44485094;0.65541014;1.74097444;0.29288463;6.24246058;-0.44745298
1349;134.84206005;0.00000000;42.93686485;38.05370551;2.46321280;0.63708171;1.77064566;0.30100794;6.23529165;-0.27569777
1350;134.94201710;0.00000000;42.91553454;38.15137964;2.48452558;0.61582583;1.80103396;0.30585375;6.23087041;-0.14997021
1351;135.04197415;0.00000000;42.89124066;38.24830853;2.50879996;0.59635836;1.83177111;0.30932806;6.22846409;-0.14997021
1352;135.14193120;0.00000000;42.86396140;38.34448088;2.53606050;0.59023359;1.86243625;0.30090777;6.22605684;0.18582189
1353;135.24188825;0.00000000;42.83381267;38.43975823;2.55684214;0.59794637;1.89186809;0.28812779;6.22903943;0.67037514
1354;135.34184530;0.00000000;42.80091703;38.53416130;2.56639781;0.61909695;1.92019500;0.27962259;6.23978763;0.96239262
1355;135.44180235;0.00000000;42.76540861;38.62757441;2.55204874;0.63885281;1.94778918;0.27262763;6.25518549;1.18154482
1356;135.54175940;0.00000000;42.72735606;38.72001250;2.53423617;0.66990695;1.97472934;0.26654298;6.27403801;1.35574828
1357;135.64171645;0.00000000;42.68686498;38.81138059;2.51275374;0.70595980;2.00107557;0.26069186;6.29560054;1.51436529
1358;135.74167350;0.00000000;42.64399854;38.90168054;2.47831110;0.73961004;2.02684884;0.25501351;6.31959881;1.66105058
1359;135.84163055;0.00000000;42.59885005;38.99084767;2.43316762;0.77085699;2.05205736;0.24942875;6.34581725;1.79998006
1360;135.94158760;0.00000000;42.55148723;39.07887155;2.38837266;0.80264071;2.07671689;0.24398631;6.37410684;1.92995639
1361;136.04154465;0.00000000;42.50199550;39.16570796;2.32722935;0.84295557;2.10083665;0.23865793;6.40430039;2.05287246
1362;136.14150170;0.00000000;42.45044436;39.25134228;2.25820403;0.89067063;2.12443724;0.23359421;6.43626146;2.16310803
1363;136.24145875;0.00000000;42.39690788;39.33574976;2.19334833;0.94468066;2.14753646;0.22860157;6.46976796;2.26940344
1364;136.34141580;0.00000000;42.34145958;39.41890688;2.13304308;0.98425160;2.17015739;0.22410768;6.50473544;2.35407995
1365;136.44137285;0.00000000;42.28415548;39.50081119;2.07766828;1.02484543;2.19234033;0.21972748;6.54081011;2.43418699
1366;136.54132990;0.00000000;42.22507550;39.58142481;2.02763410;1.07134729;2.21408709;0.21545526;6.57790432;2.51023387
1367;136.64128695;0.00000000;42.16426095;39.66076339;1.98331313;1.12305419;2.23541558;0.21127087;6.61593957;2.58332515
1368;136.74124400;0.00000000;42.10179889;39.73878216;1.93913286;1.16629135;2.25632610;0.20718418;6.65485533;2.65320719
1369;136.84120105;0.00000000;42.03771762;39.81551099;1.89840633;1.21353642;2.27683653;0.20315729;6.69458834;2.72173828
1370;136.94115810;0.00000000;41.97211114;39.89089996;1.86408768;1.26521635;2.29694726;0.19931383;6.73510407;2.78344014
1371;137.04111515;0.00000000;41.90499276;39.96499238;1.83333958;1.31745992;2.31668424;0.19553824;6.77628776;2.84374859
1372;137.14107220;0.00000000;41.83646434;40.03773200;1.77373538;1.37086374;2.33604069;0.19184358;6.81810687;2.90213831
1373;137.24102925;0.00000000;41.76652577;40.10917272;1.71245512;1.42775924;2.35503879;0.18821668;6.86052182;2.95929850
1374;137.34098630;0.00000000;41.69528547;40.17925557;1.65654702;1.47293892;2.37367109;0.18467997;6.90350383;3.01421550
1375;137.44094335;0.00000000;41.62273197;40.24804142;1.60651163;1.51468889;2.39196082;0.18120305;6.94701010;3.06840023
1376;137.54090040;0.00000000;41.54897751;40.31547169;1.56294528;1.56012970;2.40989925;0.17781132;6.99102037;3.12064458
1377;137.64085745;0.00000000;41.47400244;40.38161032;1.52634424;1.59702383;2.42750953;0.17447824;7.03549761;3.17228482
1378;137.74081450;0.00000000;41.39791912;40.44640253;1.48007062;1.63372925;2.44478216;0.17120971;7.08042450;3.22304114
1379;137.84077155;0.00000000;41.32070414;40.50991119;1.42936588;1.67407843;2.46173854;0.16799762;7.12578013;3.27333389
1380;137.94072860;0.00000000;41.24246726;40.57208767;1.38557950;1.71779815;2.47836552;0.16476439;7.17154990;3.32715760
1381;138.04068565;0.00000000;41.16318363;40.63299288;1.34932867;1.76468978;2.49467890;0.16158082;7.21777485;3.38084564
1382;138.14064269;0.00000000;41.08295973;40.69258524;1.32124438;1.81179236;2.51066568;0.15836527;7.26444440;3.43871562
1383;138.24059974;0.00000000;41.00176976;40.75092381;1.30180756;1.85984270;2.52633984;0.15519866;7.31160722;3.49647574
1384;138.34055679;0.00000000;40.91971674;40.80797348;1.29139800;1.91058510;2.54169370;0.15207748;7.35925234;3.55432939
1385;138.44051384;0.00000000;40.83677419;40.86379067;1.25664988;1.95059996;2.55674378;0.14900528;7.40737170;3.61209128
1386;138.54047089;0.00000000;40.75304055;40.91834608;1.22150514;1.96918000;2.57148385;0.14598298;7.45595490;3.66971537
1387;138.64042794;0.00000000;40.66848928;40.97169309;1.19440071;1.98868694;2.58592916;0.14300257;7.50499110;3.72765339
1388;138.74038499;0.00000000;40.58321387;41.02380789;1.16971745;2.01158679;2.60007330;0.14005625;7.55447562;3.78635234
1389;138.84034204;0.00000000;40.49718799;41.07474109;1.12528126;2.03780426;2.61392963;0.13714868;7.60440971;3.84554736
1390;138.94029909;0.00000000;40.41050031;41.12447392;1.07554541;2.06721859;2.62749240;0.13427211;7.65479106;3.90569284
1391;139.04025614;0.00000000;40.32312530;41.17305418;1.03014102;2.09973544;2.64077372;0.13143212;7.70562322;3.96646378
1392;139.14021319;0.00000000;40.23514630;41.22046798;0.99401189;2.13521406;2.65376853;0.12861900;7.75690539;4.02844328
1393;139.24017024;0.00000000;40.14653912;41.26676030;0.96815326;2.15272097;2.66648756;0.12583843;7.80864418;4.09129269
1394;139.34012729;0.00000000;40.05738155;41.31192182;0.95339338;2.17335704;2.67892631;0.12308163;7.86084162;4.15555692
1395;139.44008434;0.00000000;39.96765108;41.35599484;0.94723189;2.19716888;2.69109433;0.12035484;7.91350652;4.22085599
1396;139.54004139;0.00000000;39.87741984;41.39897426;0.91661728;2.22406490;2.70298770;0.11764790;7.96664258;4.28784019
1397;139.63999844;0.00000000;39.78666742;41.44089978;0.89732019;2.25396954;2.71461474;0.11496813;8.02026145;4.35605332
1398;139.73995549;0.00000000;39.69546006;41.48177027;0.89006249;2.28677209;2.72597216;0.11230619;8.07436872;4.42611467
1399;139.83991254;0.00000000;39.60377979;41.52162294;0.88234271;2.30597643;2.73706718;0.10966875;8.12897736;4.49760367
1400;139.93986959;0.00000000;39.51168683;41.56046033;0.85217735;2.31929336;2.74789708;0.10704619;8.18409478;4.57117846
1401;140.03982664;0.00000000;39.41916599;41.59831729;0.82864190;2.32540722;2.75846800;0.10444570;8.23973606;4.58205360
1402;140.13978369;0.00000000;39.32627132;41.63519978;0.81778967;2.33474913;2.76877778;0.10185822;8.29513517;4.54983818
1403;140.23974074;0.00000000;39.23299075;41.67114041;0.82009577;2.34730818;2.77883159;0.09929041;8.34978109;4.51803750
1404;140.33969779;0.00000000;39.13937201;41.70614827;0.79392057;2.36232539;2.78862779;0.09673351;8.40369345;4.48664109
1405;140.43965484;0.00000000;39.04540640;41.74025390;0.75992367;2.37731702;2.79817061;0.09419406;8.45689107;4.45563889
1406;140.53961189;0.00000000;38.95113530;41.77346926;0.73069396;2.39546485;2.80745891;0.09166411;8.50939196;4.42502127
1407;140.63956894;0.00000000;38.85655360;41.80582296;0.71528074;2.41672481;2.81649611;0.08914937;8.56121345;4.39477897
1408;140.73952599;0.00000000;38.76169626;41.83732960;0.71455829;2.43788381;2.82528144;0.08664181;8.61237214;4.36490310
1409;140.83948304;0.00000000;38.66656198;41.86801601;0.72854546;2.44230887;2.83381751;0.08414764;8.66288402;4.33538510
1410;140.93944009;0.00000000;38.57117929;41.89789915;0.70910440;2.44996930;2.84210407;0.08166076;8.71276444;4.30621676
1411;141.03939714;0.00000000;38.47555080;41.92700428;0.70068844;2.46085982;2.85014305;0.07918507;8.76202817;4.27739016
1412;141.13935419;0.00000000;38.37969870;41.95535046;0.69469253;2.47496057;2.85793451;0.07671450;8.81068943;4.24889766
1413;141.23931124;0.00000000;38.28362956;41.98296152;0.70298012;2.49224123;2.86547971;0.07425319;8.85876192;4.22073193
1414;141.33926829;0.00000000;38.18735939;42.00985844;0.69058924;2.51096589;2.87277884;0.07179334;8.90625885;4.19288588
1415;141.43922534;0.00000000;38.09089865;42.03606381;0.66427980;2.51205401;2.87983249;0.06934135;8.95319293;4.16535268
1416;141.53918238;0.00000000;37.99425745;42.06160026;0.63865473;2.51642299;2.88664143;0.06689517;8.99957646;4.13812571
1417;141.63913943;0.00000000;37.89744998;42.08648934;0.62416418;2.52407969;2.89320600;0.06445291;9.04542128;4.11119862
1418;141.73909648;0.00000000;37.80048092;42.11075508;0.62615248;2.52435241;2.89952538;0.06198676;9.09073884;4.08456524
1419;141.83905353;0.00000000;37.70336754;42.13441851;0.64444291;2.52012166;2.90559816;0.05952263;9.13554020;4.05821963
1420;141.93901058;0.00000000;37.60610973;42.15750502;0.64426673;2.51925728;2.91142393;0.05703945;9.17983606;4.03215603
1421;142.03896763;0.00000000;37.50872837;42.18003514;0.62160796;2.52178754;2.91700132;0.05455421;9.22363675;4.00636886
1422;142.13892468;0.00000000;37.41121806;42.20203574;0.59948797;2.52772748;2.92232589;0.05197836;9.26695228;3.98085274
1423;142.23888173;0.00000000;37.31360365;42.22352745;0.59330486;2.53707736;2.92739248;0.04937311;9.30979233;3.95560245
1424;142.33883878;0.00000000;37.21587690;42.24453941;0.60431998;2.54911382;2.93217598;0.04633370;9.35216627;3.93061293
1425;142.43879583;0.00000000;37.11806035;42.26509719;0.61984119;2.54305087;2.93665508;0.04330802;9.39408318;3.90587927
1426;142.53875288;0.00000000;37.02015086;42.28523189;0.61836877;2.54047527;2.94084761;0.04057714;9.43555187;3.88139672
1427;142.63870993;0.00000000;36.92216322;42.30496877;0.60283562;2.54142569;2.94476704;0.03786004;9.47658088;3.85716068
1428;142.73866698;0.00000000;36.82409838;42.32433498;0.60405257;2.54592500;2.94842695;0.03536847;9.51717846;3.83316666
1429;142.83862403;0.00000000;36.72596914;42.34335371;0.62189675;2.55397917;2.95183778;0.03287862;9.55735267;3.80941033
1430;142.93858108;0.00000000;36.62777395;42.36205060;0.63801843;2.56557989;2.95499961;0.03038348;9.59711127;3.78588747
1431;143.03853813;0.00000000;36.52952703;42.38044832;0.61959928;2.57591561;2.95791187;0.02789598;9.63646186;3.76259398
1432;143.13849518;0.00000000;36.43122459;42.39857266;0.60145763;2.56878349;2.96058296;0.02554746;9.67541176;3.73952588
1433;143.23845223;0.00000000;36.33288067;42.41644510;0.59280297;2.56380060;2.96301925;0.02323019;9.71396812;3.71667930
1434;143.33840928;0.00000000;36.23449078;42.43408914;0.60111432;2.54946333;2.96525320;0.02146690;9.75213788;3.69405048
1435;143.43836633;0.00000000;36.13606795;42.45152119;0.62569768;2.53877014;2.96731080;0.01971046;9.78992778;3.67163577
1436;143.53832338;0.00000000;36.03760634;42.46875990;0.63258040;2.53178358;2.96919974;0.01808352;9.82734439;3.64943159
1437;143.63828043;0.00000000;35.93911827;42.48581982;0.61546082;2.52855150;2.97092593;0.01645568;9.86439408;3.62743448
1438;143.73823748;0.00000000;35.84059861;42.50271836;0.59850453;2.52910425;2.97248916;0.01482172;9.90108307;3.60564108
1439;143.83819453;0.00000000;35.74205685;42.51947044;0.59642380;2.53345565;2.97388911;0.01324423;9.93741739;3.58404808
1440;143.93815158;0.00000000;35.64349086;42.53609069;0.59591507;2.54160031;2.97519060;0.01279659;9.97340294;3.56265230
1441;144.03810863;0.00000000;35.54490449;42.55258471;0.61149266;2.54493081;2.97644736;0.01236760;10.00904544;3.54145062
1442;144.13806568;0.00000000;35.44629713;42.56895636;0.63538026;2.52960684;2.97768144;0.01232462;10.04435047;3.52043998
1443;144.23802273;0.00000000;35.34766998;42.58520647;0.63859777;2.51215204;2.97891123;0.01228181;10.07932349;3.49961744
1444;144.33797978;0.00000000;35.24902264;42.60133554;0.65730113;2.49845524;2.98013681;0.01224039;10.11396979;3.47898010
1445;144.43793683;0.00000000;35.15035599;42.61734385;0.68275577;2.48857901;2.98135825;0.01219892;10.14829454;3.45852514
1446;144.53789388;0.00000000;35.05166960;42.63323187;0.66684909;2.48256931;2.98257552;0.01215697;10.18230279;3.43824981
1447;144.63785093;0.00000000;34.95296420;42.64899994;0.65106423;2.48045470;2.98378860;0.01211505;10.21599944;3.41815142
1448;144.73780798;0.00000000;34.85423959;42.66464848;0.64443364;2.48224555;2.98499752;0.01207380;10.24938931;3.39822736
1449;144.83776503;0.00000000;34.75549632;42.68017785;0.65333230;2.48793383;2.98620232;0.01203251;10.28247708;3.37847506
1450;144.93772207;0.00000000;34.65673433;42.69558846;0.66730533;2.48431672;2.98740295;0.01199039;10.31526731;3.35889203
1451;145.03767912;0.00000000;34.55795401;42.71088068;0.69063140;2.47496561;2.98859937;0.01194830;10.34776447;3.33947582
1452;145.13763617;0.00000000;34.45915546;42.72605492;0.67541344;2.46950876;2.98979161;0.01190670;10.37997292;3.32022406
1453;145.23759322;0.00000000;34.36033893;42.74111156;0.66031404;2.46797241;2.99097969;0.01186531;10.41189692;3.30113441
1454;145.33755027;0.00000000;34.26150464;42.75605098;0.64533281;2.47036430;2.99216392;0.01182949;10.44354062;3.28220458
1455;145.43750732;0.00000000;34.16265268;42.77087353;0.64475121;2.47667341;2.99334457;0.01179378;10.47490810;3.26343236
1456;145.53746437;0.00000000;34.06378341;42.78557953;0.65961214;2.48687024;2.99452179;0.01176073;10.50600332;3.24481557
1457;145.63742142;0.00000000;33.96489680;42.80016930;0.68891668;2.47962933;2.99569571;0.01172764;10.53683018;3.22635207
1458;145.73737847;0.00000000;33.86599331;42.81464312;0.68993127;2.47080113;2.99686625;0.01169331;10.56739247;3.20803977
1459;145.83733552;0.00000000;33.76707279;42.82900136;0.69426664;2.45722631;2.99803337;0.01165901;10.59769390;3.18987665
1460;145.93729257;0.00000000;33.66813580;42.84324427;0.71284685;2.44116393;2.99919710;0.01162571;10.62773810;3.17186070
1461;146.03724962;0.00000000;33.56918211;42.85737223;0.74128503;2.42899624;3.00035751;0.01159242;10.65752865;3.15398997
1462;146.13720667;0.00000000;33.47021235;42.87138549;0.72880670;2.42078239;3.00151459;0.01155908;10.68706901;3.13626254
1463;146.23716372;0.00000000;33.37122621;42.88528443;0.71488934;2.41656299;3.00266833;0.01152574;10.71636259;3.11867655
1464;146.33712077;0.00000000;33.27222440;42.89906927;0.71025841;2.41635932;3.00381874;0.01149235;10.74541272;3.10123015
1465;146.43707782;0.00000000;33.17320652;42.91274043;0.70631949;2.42017274;3.00496581;0.01145896;10.77422267;3.08392156
1466;146.53703487;0.00000000;33.07417336;42.92629811;0.71643905;2.42798462;3.00610956;0.01142587;10.80279563;3.06674900
1467;146.63699192;0.00000000;32.97512445;42.93974272;0.74015314;2.42252027;3.00725001;0.01139278;10.83113475;3.04971076
1468;146.73694897;0.00000000;32.87606064;42.95307449;0.74843284;2.41475348;3.00838714;0.01135967;10.85924307;3.03280513
1469;146.83690602;0.00000000;32.77698139;42.96629381;0.73529814;2.40903813;3.00952097;0.01132658;10.88712361;3.01603048
1470;146.93686307;0.00000000;32.67788762;42.97940089;0.72238465;2.40539926;3.01065149;0.01129365;10.91477932;2.99938515
1471;147.03682012;0.00000000;32.57877872;42.99239615;0.72329891;2.40579852;3.01177873;0.01126074;10.94221307;2.98286758
1472;147.13677717;0.00000000;32.47965566;43.00527980;0.73798920;2.41023423;3.01290267;0.01122790;10.96942771;2.96647618
1473;147.23673422;0.00000000;32.38051780;43.01805225;0.76566280;2.39794872;3.01402334;0.01119507;10.99642599;2.95020944
1474;147.33669127;0.00000000;32.28136611;43.03071369;0.77440005;2.38686475;3.01514073;0.01116235;11.02321065;2.93406583
1475;147.43664832;0.00000000;32.18219994;43.04326455;0.77974130;2.37928166;3.01625486;0.01112965;11.04978435;2.91804390
1476;147.53660537;0.00000000;32.08302030;43.05570503;0.79002030;2.36070278;3.01736571;0.01109704;11.07614971;2.90214218
1477;147.63656242;0.00000000;31.98382649;43.06803555;0.80877783;2.34612879;3.01847331;0.01106445;11.10230929;2.88635926
1478;147.73651947;0.00000000;31.88461952;43.08025629;0.82019559;2.33563513;3.01957765;0.01103195;11.12826561;2.87069375
1479;147.83647652;0.00000000;31.78539872;43.09236769;0.80806634;2.32927718;3.02067875;0.01099948;11.15402114;2.85514427
1480;147.93643357;0.00000000;31.68616508;43.10436993;0.79604674;2.32708924;3.02177661;0.01096709;11.17957831;2.83970948
1481;148.03639062;0.00000000;31.58691793;43.11626344;0.79363901;2.32908336;3.02287123;0.01093472;11.20493950;2.82438805
1482;148.13634767;0.00000000;31.48765825;43.12804841;0.80386032;2.33495674;3.02396262;0.01090244;11.23010704;2.80917870
1483;148.23630472;0.00000000;31.38838537;43.13972525;0.82624187;2.32901899;3.02505078;0.01087017;11.25508323;2.79408014
1484;148.33626176;0.00000000;31.28910028;43.15129417;0.85114377;2.31501887;3.02613572;0.01083799;11.27987033;2.77909113
1485;148.43621881;0.00000000;31.18980230;43.16275557;0.85309136;2.30516379;3.02721745;0.01080583;11.30447053;2.76421043
1486;148.53617586;0.00000000;31.09049240;43.17410967;0.86674703;2.29950746;3.02829596;0.01077375;11.32888603;2.74943683
1487;148.63613291;0.00000000;30.99116994;43.18535685;0.89131650;2.29808116;3.02937128;0.01074169;11.35311895;2.73476916
1488;148.73608996;0.00000000;30.89183584;43.19649735;0.90350929;2.30089309;3.03044338;0.01070971;11.37717139;2.72020624
1489;148.83604701;0.00000000;30.79248951;43.20753154;0.89247315;2.28796530;3.03151230;0.01067775;11.40104541;2.70574692
1490;148.93600406;0.00000000;30.69313181;43.21845965;0.88497823;2.27453998;3.03257802;0.01064586;11.42474303;2.69139008
1491;149.03596111;0.00000000;30.59376219;43.22928206;0.88017396;2.26534343;3.03364056;0.01061398;11.44826625;2.67713460
1492;149.13591816;0.00000000;30.49438148;43.23999901;0.88678940;2.26042768;3.03469991;0.01058218;11.47161702;2.66297940
1493;149.23587521;0.00000000;30.39498916;43.25061086;0.90457375;2.24766488;3.03575608;0.01055040;11.49479727;2.64892340
1494;149.33583226;0.00000000;30.29558602;43.26111785;0.93288804;2.23323202;3.03680908;0.01051868;11.51780888;2.63496555
1495;149.43578931;0.00000000;30.19617160;43.27152036;0.92936717;2.22043929;3.03785892;0.01048697;11.54065371;2.62110480
1496;149.53574636;0.00000000;30.09674660;43.28181862;0.92879603;2.21198921;3.03890558;0.01045533;11.56333360;2.60734015
1497;149.63570341;0.00000000;29.99731063;43.29201300;0.93903006;2.20793193;3.03994909;0.01042371;11.58585034;2.59367058
1498;149.73566046;0.00000000;29.89786433;43.30210374;0.95972331;2.20829200;3.04098943;0.01039214;11.60820569;2.58009510
1499;149.83561751;0.00000000;29.79840739;43.31209119;0.99022003;2.20241384;3.04202662;0.01036058;11.63040140;2.56661275
1500;149.93557456;0.00000000;29.69894036;43.32197562;0.99434117;2.18034951;3.04306066;0.01032908;11.65243918;2.55322256
1501;150.03553161;0.00000000;29.59946299;43.33175737;1.00083182;2.15567412;3.04409155;0.01029759;11.67432071;2.53992359
1502;150.13548866;0.00000000;29.49997577;43.34143670;1.01463001;2.13529592;3.04511929;0.01026615;11.69604765;2.52671492
1503;150.23544571;0.00000000;29.40047852;43.35101395;1.03801307;2.11933913;3.04614390;0.01023473;11.71762162;2.51359563
1504;150.33540276;0.00000000;29.30097165;43.36048940;1.03968519;2.10790456;3.04716536;0.01020334;11.73904424;2.50056481
1505;150.43535981;0.00000000;29.20145507;43.36986336;1.03030469;2.10106632;3.04818369;0.01017197;11.76031708;2.48762159
1506;150.53531686;0.00000000;29.10192909;43.37913612;1.02767180;2.09875599;3.04919888;0.01014063;11.78144170;2.47476510
1507;150.63527391;0.00000000;29.00239371;43.38830801;1.03483424;2.09664291;3.05021095;0.01010931;11.80241962;2.46199447
1508;150.73523096;0.00000000;28.90284914;43.39737930;1.05159158;2.09916397;3.05121988;0.01007802;11.82325236;2.44930885
1509;150.83518801;0.00000000;28.80329547;43.40635032;1.07749593;2.07936241;3.05222569;0.01004674;11.84394139;2.43670742
1510;150.93514506;0.00000000;28.70373283;43.41522135;1.08559494;2.06411689;3.05322837;0.01001548;11.86448818;2.42418935
1511;151.03510211;0.00000000;28.60416139;43.42399271;1.07754351;2.05352922;3.05422792;0.00998425;11.88489417;2.41175384
1512;151.13505916;0.00000000;28.50458119;43.43266469;1.07883332;2.04767196;3.05522436;0.00995302;11.90516077;2.39940008
1513;151.23501621;0.00000000;28.40499250;43.44123759;1.08943088;2.04658605;3.05621767;0.00992181;11.92528939;2.38712729
1514;151.33497326;0.00000000;28.30539524;43.44971173;1.10906913;2.04194837;3.05720787;0.00989061;11.94528139;2.37493470
1515;151.43493031;0.00000000;28.20578979;43.45808738;1.13028068;2.02270309;3.05819495;0.00985943;11.96513812;2.36282154
1516;151.53488736;0.00000000;28.10617598;43.46636489;1.13778661;2.00815648;3.05917891;0.00982824;11.98486094;2.35078706
1517;151.63484441;0.00000000;28.00655425;43.47454451;1.14251929;1.99841150;3.06015975;0.00979707;12.00445114;2.33883052
1518;151.73480145;0.00000000;27.90692437;43.48262659;1.15600514;1.99353886;3.06113748;0.00976592;12.02391003;2.32695118
1519;151.83475850;0.00000000;27.80728687;43.49061139;1.17794320;1.97385588;3.06211210;0.00973479;12.04323888;2.31514834
1520;151.93471555;0.00000000;27.70764140;43.49849925;1.20207862;1.95522107;3.06308360;0.00970358;12.06243895;2.30342127
1521;152.03467260;0.00000000;27.60798860;43.50629044;1.19428159;1.94146355;3.06405198;0.00967238;12.08151149;2.29176927
1522;152.13462965;0.00000000;27.50832801;43.51398530;1.19385528;1.93268773;3.06501724;0.00964119;12.10045771;2.28019166
1523;152.23458670;0.00000000;27.40866037;43.52158409;1.20186728;1.92896196;3.06597939;0.00961000;12.11927883;2.26868775
1524;152.33454375;0.00000000;27.30898515;43.52908716;1.21815086;1.93031580;3.06693843;0.00957907;12.13797602;2.25725687
1525;152.43450080;0.00000000;27.20930314;43.53649476;1.24238038;1.91080618;3.06789438;0.00954817;12.15655048;2.24589836
1526;152.53445785;0.00000000;27.10961373;43.54380725;1.26829878;1.89283324;3.06884720;0.00951640;12.17500333;2.23461157
1527;152.63441490;0.00000000;27.00991780;43.55102488;1.27138720;1.87991555;3.06979684;0.00948464;12.19333574;2.22339584
1528;152.73437195;0.00000000;26.91021467;43.55814803;1.28237759;1.87121132;3.07074325;0.00945161;12.21154883;2.21225054
1529;152.83432900;0.00000000;26.81050528;43.56517694;1.30106929;1.84876542;3.07168635;0.00941856;12.22964369;2.20117504
1530;152.93428605;0.00000000;26.71078887;43.57211201;1.32713678;1.83141389;3.07262615;0.00938546;12.24762143;2.19016872
1531;153.03424310;0.00000000;26.61106646;43.57895350;1.32115817;1.81930302;3.07356264;0.00935238;12.26548313;2.17923098
1532;153.13420015;0.00000000;26.51133722;43.58570179;1.31948237;1.80881642;3.07449582;0.00931918;12.28322984;2.16836120
1533;153.23415720;0.00000000;26.41160223;43.59235715;1.32545728;1.80224296;3.07542568;0.00928599;12.30086262;2.15755879
1534;153.33411425;0.00000000;26.31186059;43.59891996;1.33898022;1.80110829;3.07635222;0.00925267;12.31838251;2.14682317
1535;153.43407130;0.00000000;26.21211346;43.60539049;1.35982553;1.79112876;3.07727542;0.00921935;12.33579053;2.13615374
1536;153.53402835;0.00000000;26.11235986;43.61176913;1.38766317;1.76936537;3.07819529;0.00918600;12.35308768;2.12554995
1537;153.63398540;0.00000000;26.01260101;43.61805614;1.38312899;1.75294889;3.07911183;0.00915267;12.37027496;2.11501121
1538;153.73394245;0.00000000;25.91283587;43.62425191;1.38467714;1.74203064;3.08002503;0.00911920;12.38735336;2.10453699
1539;153.83389950;0.00000000;25.81306572;43.63035671;1.39350295;1.73671480;3.08093489;0.00908574;12.40432383;2.09412671
1540;153.93385655;0.00000000;25.71328946;43.63637093;1.40946950;1.73705308;3.08184140;0.00905220;12.42118735;2.08377984
1541;154.03381360;0.00000000;25.61350841;43.64229483;1.42654978;1.72353304;3.08274455;0.00901867;12.43794486;2.07349584
1542;154.13377065;0.00000000;25.51372144;43.64812882;1.44976762;1.70239406;3.08364435;0.00898503;12.45459727;2.06327418
1543;154.23372770;0.00000000;25.41392991;43.65387314;1.45955252;1.68683364;3.08454078;0.00895139;12.47114553;2.05311433
1544;154.33368475;0.00000000;25.31413262;43.65952821;1.47083311;1.67700721;3.08543386;0.00891765;12.48759054;2.04301578
1545;154.43364180;0.00000000;25.21433100;43.66509429;1.48884127;1.66455333;3.08632355;0.00888392;12.50393318;2.03297801
1546;154.53359885;0.00000000;25.11452380;43.67057177;1.51333674;1.63851787;3.08720987;0.00885008;12.52017436;2.02300051
1547;154.63355590;0.00000000;25.01471248;43.67596093;1.53030502;1.61816109;3.08809280;0.00881625;12.53631494;2.01308280
1548;154.73351295;0.00000000;24.91489576;43.68126216;1.53729701;1.60369933;3.08897236;0.00878227;12.55235579;2.00322437
1549;154.83347000;0.00000000;24.81507512;43.68647573;1.55080033;1.59529348;3.08984850;0.00874830;12.56829777;1.99342474
1550;154.93342705;0.00000000;24.71524925;43.69160204;1.57064692;1.59303962;3.09072126;0.00871430;12.58414171;1.98368342
1551;155.03338410;0.00000000;24.61541967;43.69664136;1.59659961;1.58649950;3.09159062;0.00868030;12.59988844;1.97399995
1552;155.13334115;0.00000000;24.51558503;43.70159410;1.61233758;1.56099344;3.09245656;0.00864599;12.61553880;1.96437384
1553;155.23329819;0.00000000;24.41574688;43.70646052;1.62175785;1.54147364;3.09331907;0.00861168;12.63109359;1.95480464
1554;155.33325524;0.00000000;24.31590386;43.71124103;1.63732238;1.52816957;3.09417817;0.00857755;12.64655361;1.94529188
1555;155.43321229;0.00000000;24.21605749;43.71593591;1.65885768;1.52019201;3.09503384;0.00854342;12.66191966;1.93583512
1556;155.53316934;0.00000000;24.11620641;43.72054555;1.67957553;1.49515314;3.09588611;0.00850905;12.67719252;1.92643390
1557;155.63312639;0.00000000;24.01635220;43.72507022;1.67922021;1.47636874;3.09673492;0.00847468;12.69237297;1.91708778
1558;155.73308344;0.00000000;23.91649343;43.72951035;1.68488997;1.45782716;3.09758028;0.00843954;12.70746176;1.90779631
1559;155.83304049;0.00000000;23.81663172;43.73386619;1.69652398;1.44588921;3.09842211;0.00840435;12.72245966;1.89855908
1560;155.93299754;0.00000000;23.71676570;43.73813817;1.71400059;1.44071923;3.09926058;0.00837236;12.73736741;1.88937565
1561;156.03295459;0.00000000;23.61689675;43.74232655;1.73714294;1.41412099;3.10009586;0.00834050;12.75218575;1.88024559
1562;156.13291164;0.00000000;23.51702380;43.74643172;1.76572818;1.38992509;3.10092695;0.00828732;12.76691540;1.87116849
1563;156.23286869;0.00000000;23.41714796;43.75045414;1.78528001;1.37251716;3.10175261;0.00823299;12.78155710;1.86214393
1564;156.33282574;0.00000000;23.31726840;43.75439444;1.79907973;1.36210691;3.10257097;0.00813907;12.79611155;1.85317151
1565;156.43278279;0.00000000;23.21738609;43.75825346;1.81835699;1.33178762;3.10337972;0.00804289;12.81057945;1.84425081
1566;156.53273984;0.00000000;23.11750038;43.76203220;1.83796981;1.30834161;3.10417880;0.00794552;12.82496150;1.83538144
1567;156.63269689;0.00000000;23.01761194;43.76573160;1.83710013;1.29214420;3.10496814;0.00784804;12.83925840;1.82656301
1568;156.73265394;0.00000000;22.91772039;43.76935264;1.84174148;1.28347075;3.10574799;0.00775603;12.85347081;1.81779512
1569;156.83261099;0.00000000;22.81782628;43.77289622;1.85185147;1.27716166;3.10651868;0.00766438;12.86759942;1.80907738
1570;156.93256804;0.00000000;22.71792923;43.77636329;1.86734043;1.27637009;3.10727996;0.00756750;12.88164488;1.80040942
1571;157.03252509;0.00000000;22.61802988;43.77975479;1.88807495;1.26735803;3.10803153;0.00747032;12.89560786;1.79179084
1572;157.13248214;0.00000000;22.51812775;43.78307170;1.91388372;1.23753909;3.10877335;0.00737251;12.90948900;1.78322129
1573;157.23243919;0.00000000;22.41822347;43.78631498;1.91901999;1.21516117;3.10950540;0.00727467;12.92328896;1.77470038
1574;157.33239624;0.00000000;22.31831659;43.78948562;1.92589300;1.20064127;3.11022756;0.00717465;12.93700835;1.76622776
1575;157.43235329;0.00000000;22.21840772;43.79258461;1.93797512;1.19426712;3.11093971;0.00707450;12.95064782;1.75780305
1576;157.53231034;0.00000000;22.11849643;43.79561295;1.95516885;1.19616991;3.11164176;0.00697247;12.96420798;1.74942590
1577;157.63226739;0.00000000;22.01858331;43.79857166;1.97733978;1.17685836;3.11233360;0.00687031;12.97768945;1.74109595
1578;157.73222444;0.00000000;21.91866792;43.80146176;1.99860137;1.14760433;3.11301514;0.00676621;12.99109283;1.73281286
1579;157.83218149;0.00000000;21.81875086;43.80428428;1.99577930;1.12642295;3.11368626;0.00666199;13.00441874;1.72457627
1580;157.93213854;0.00000000;21.71883168;43.80704027;1.99473414;1.11377582;3.11434688;0.00655596;13.01766776;1.71638585
1581;158.03209559;0.00000000;21.61891098;43.80973077;1.99875903;1.10995583;3.11499689;0.00644982;13.03084048;1.70824125
1582;158.13205264;0.00000000;21.51898829;43.81235686;2.00782244;1.11258269;3.11563622;0.00634216;13.04393748;1.70014213
1583;158.23200969;0.00000000;21.41906424;43.81491960;2.02185551;1.11514618;3.11626478;0.00623440;13.05695935;1.69208816
1584;158.33196674;0.00000000;21.31913835;43.81742008;2.04075474;1.11554575;3.11688249;0.00612498;13.06990665;1.68407901
1585;158.43192379;0.00000000;21.21921120;43.81985937;2.06438531;1.08680096;3.11748925;0.00601543;13.08277994;1.67611436
1586;158.53188084;0.00000000;21.11928249;43.82223858;2.08153660;1.06021947;3.11808503;0.00590522;13.09557978;1.66819388
1587;158.63183788;0.00000000;21.01935237;43.82455881;2.08762677;1.04047678;3.11866978;0.00579492;13.10830673;1.66031725
1588;158.73179493;0.00000000;20.91942104;43.82682127;2.09852319;1.03004005;3.11923981;0.00560521;13.12096133;1.65248415
1589;158.83175198;0.00000000;20.81948825;43.82902774;2.11414984;1.02919420;3.11979032;0.00540974;13.13354411;1.64469428
1590;158.93170903;0.00000000;20.71955463;43.83118035;2.13440065;1.03134550;3.12031540;0.00508753;13.14605563;1.63694732
1591;159.03166608;0.00000000;20.61961946;43.83328214;2.15914274;1.03344603;3.12080736;0.00475591;13.15849640;1.62924296
1592;159.13162313;0.00000000;20.51968386;43.83533643;2.16492186;1.03549907;3.12126593;0.00441906;13.17086694;1.62158090
1593;159.23158018;0.00000000;20.41974670;43.83734659;2.16291233;1.03750803;3.12169079;0.00408184;13.18316779;1.61396085
1594;159.33153723;0.00000000;20.31980899;43.83931600;2.16094353;1.03947626;3.12208066;0.00371687;13.19539944;1.60638249
1595;159.43149428;0.00000000;20.21987061;43.84124829;2.15901185;1.04140739;3.12243384;0.00334989;13.20756242;1.59884554
1596;159.53145133;0.00000000;20.11993129;43.84314695;2.15711377;1.04330493;3.12275559;0.00309598;13.21965721;1.59134970
1597;159.63140838;0.00000000;20.01999197;43.84501467;2.15524663;1.04517154;3.12305280;0.00285085;13.23168432;1.58389469
1598;159.73136543;0.00000000;19.92005158;43.84685358;2.15340828;1.04700936;3.12333677;0.00284871;13.24364424;1.57648022
1599;159.83132248;0.00000000;19.82011119;43.84866402;2.15159841;1.04881872;3.12362237;0.00286583;13.25553746;1.56910600
1600;159.93127953;0.00000000;19.72016943;43.85044585;2.14981712;1.05059950;3.12390985;0.00288655;13.26736447;1.56177176
1601;160.03123658;0.00000000;19.62022828;43.85219881;2.14806470;1.05235142;3.12419944;0.00290762;13.27912573;1.55447721
1602;160.13119363;0.00000000;19.52028544;43.85392280;2.14634123;1.05407441;3.12448956;0.00289466;13.29082172;1.54722208
1603;160.23115068;0.00000000;19.42034343;43.85561785;2.14464671;1.05576844;3.12477811;0.00287887;13.30245291;1.54000609
1604;160.33110773;0.00000000;19.32039984;43.85728413;2.14298092;1.05743375;3.12506591;0.00288097;13.31401977;1.53282899
1605;160.43106478;0.00000000;19.22045666;43.85892161;2.14134394;1.05907026;3.12535406;0.00288455;13.32552275;1.52569049
1606;160.53102183;0.00000000;19.12051211;43.86053033;2.13973571;1.06067803;3.12564163;0.00286762;13.33696231;1.51859034
1607;160.63097888;0.00000000;19.02056799;43.86211038;2.11799385;1.06225715;3.12592733;0.00284896;13.34833889;1.51152827
1608;160.73093593;0.00000000;18.92062259;43.86366199;2.09495806;1.06380785;3.12621085;0.00282316;13.35965295;1.50450402
1609;160.83089298;0.00000000;18.82067756;43.86518538;2.07226162;1.06533033;3.12649172;0.00279674;13.37090493;1.49751733
1610;160.93085003;0.00000000;18.72073136;43.86668086;2.05421096;1.07313968;3.12676964;0.00276346;13.38209526;1.49056795
1611;161.03080708;0.00000000;18.62078543;43.86814872;2.04092929;1.09007003;3.12704417;0.00272959;13.39322437;1.48365562
1612;161.13076413;0.00000000;18.52083844;43.86958933;2.03250960;1.11570678;3.12731494;0.00268742;13.40429270;1.47678010
1613;161.23072118;0.00000000;18.42089172;43.87100308;2.02901209;1.14946761;3.12758142;0.00264452;13.41530066;1.46994114
1614;161.33067823;0.00000000;18.32094401;43.87239043;2.00474554;1.17311139;3.12784339;0.00259677;13.42624869;1.46313849
1615;161.43063528;0.00000000;18.22099652;43.87375182;1.97829621;1.17522301;3.12810055;0.00254859;13.43713719;1.45637190
1616;161.53059233;0.00000000;18.12104814;43.87508777;1.95662648;1.18576182;3.12835267;0.00249555;13.44796658;-11.11251441
1617;161.63054938;0.00000000;18.02109995;43.87639878;1.93989624;1.20200046;3.12859944;0.00244207;13.36511342;-12.25432321
1618;161.73050643;0.00000000;17.92115094;43.87768541;1.92823336;1.22097036;3.12884075;0.00238579;13.27314751;-12.26075091
1619;161.83046348;0.00000000;17.82120211;43.87894819;1.89992788;1.24766102;3.12907640;0.00232925;13.18049118;-12.26694558
1620;161.93042053;0.00000000;17.72125253;43.88018771;1.86600370;1.28159092;3.12930631;0.00227088;13.08713156;-12.27317422
1621;162.03037757;0.00000000;17.62130311;43.88140454;1.81737099;1.32220309;3.12953038;0.00221234;12.99305321;-12.27914318
1622;162.13033462;0.00000000;17.52135299;43.88259927;1.77306459;1.36890376;3.12974859;0.00215374;12.89824244;-12.28483360
1623;162.23029167;0.00000000;17.42140304;43.88377247;1.73341613;1.41700256;3.12996094;0.00209513;12.80268513;-12.29023561
1624;162.33024872;0.00000000;17.32145243;43.88492475;1.69058959;1.45352328;3.13016747;0.00203733;12.70636672;-12.29521646
1625;162.43020577;0.00000000;17.22150199;43.88605667;1.65091450;1.48301545;3.13036823;0.00197961;12.60927310;-12.29989946
1626;162.53016282;0.00000000;17.12155094;43.88716881;1.61647368;1.51378799;3.13056334;0.00192443;12.51138860;-12.30389880
1627;162.63011987;0.00000000;17.02160006;43.88826172;1.58760758;1.53665104;3.13075295;0.00186949;12.41270002;-12.30758844
1628;162.73007692;0.00000000;16.92164860;43.88933595;1.55059062;1.56555625;3.13093731;0.00181966;12.31319055;-12.31023139
1629;162.83003397;0.00000000;16.82169731;43.89039200;1.50082076;1.60017650;3.13111673;0.00177031;12.21284867;-12.31255588
1630;162.92999102;0.00000000;16.72174544;43.89143037;1.45539829;1.64015064;3.13129115;0.00171940;12.11165633;-12.31486611
1631;163.02994807;0.00000000;16.62179382;43.89245155;1.41560374;1.68509781;3.13146046;0.00166834;12.00959215;-12.31594934
1632;163.12990512;0.00000000;16.52184159;43.89345604;1.37567988;1.73463226;3.13162558;0.00163720;11.90664402;-12.31453331
1633;163.22986217;0.00000000;16.42188965;43.89444418;1.32088103;1.78837272;3.13178777;0.00160798;11.80280996;-12.30526295
1634;163.32981922;0.00000000;16.32193710;43.89541617;1.26830814;1.84595251;3.13194960;0.00163513;11.69813350;-12.29539374
1635;163.42977627;0.00000000;16.22198484;43.89637182;1.22168070;1.90702325;3.13211468;0.00166777;11.59259698;-12.28217173
1636;163.52973332;0.00000000;16.12203195;43.89731077;1.18170259;1.96229176;3.13228423;0.00172708;11.48620588;-12.26890753
1637;163.62969037;0.00000000;16.02207939;43.89823247;1.14362001;2.01429918;3.13245996;0.00178901;11.37893659;-12.25500935
1638;163.72964742;0.00000000;15.92212615;43.89913629;1.10310760;2.06981562;3.13264222;0.00185836;11.27076966;-12.24136474
1639;163.82960447;0.00000000;15.82217330;43.90002153;1.04784450;2.12856540;3.13283147;0.00192845;11.16167673;-12.22573836
1640;163.92956152;0.00000000;15.72221973;43.90088749;0.99956321;2.18957429;3.13302861;0.00201762;11.05164829;-12.21032616
1641;164.02951857;0.00000000;15.62226653;43.90173328;0.94172041;2.22510319;3.13323483;0.00210869;10.94065416;-12.19317334
1642;164.12947562;0.00000000;15.52231262;43.90255799;0.88367320;2.25682022;3.13345101;0.00221844;10.82868073;-12.17634594
1643;164.22943267;0.00000000;15.42235906;43.90336052;0.83144412;2.28067232;3.13367834;0.00233007;10.71569424;-12.15933589
1644;164.32938972;0.00000000;15.32240476;43.90413977;0.78068814;2.30858741;3.13391712;0.00244819;10.60166404;-12.14283145
1645;164.42934677;0.00000000;15.22245084;43.90489456;0.74004443;2.34041870;3.13416777;0.00256698;10.48655125;-12.12513374
1646;164.52930382;0.00000000;15.12249639;43.90562368;0.71124942;2.37600795;3.13443105;0.00270227;10.37033133;-12.10792536
1647;164.62926087;0.00000000;15.02254192;43.90632579;0.69577728;2.41518765;3.13470800;0.00283918;10.25296186;-12.09001676
1648;164.72921792;0.00000000;14.92258664;43.90699953;0.67798526;2.45778518;3.13499924;0.00298938;10.13440981;-12.07268442
1649;164.82917497;0.00000000;14.82263204;43.90764340;0.63703826;2.50362416;3.13530563;0.00314111;10.01462742;-11.91840113
1650;164.92913202;0.00000000;14.72267627;43.90825396;0.60991292;2.50825615;3.13569096;0.00469924;9.89495356;-11.75772228
1651;165.02908907;0.00000000;14.62272143;43.90881756;0.59850569;2.50881980;3.13624574;0.00640119;9.77545761;-11.19926311
1652;165.12904612;0.00000000;14.52276892;43.90931124;0.59082532;2.50931354;3.13716747;0.01244632;9.66026298;-10.62597549
1653;165.22900317;0.00000000;14.42281014;43.90968059;0.59673992;2.50968293;3.13873585;0.01893249;9.54968054;-10.19989917
1654;165.32896022;0.00000000;14.32285956;43.90986263;0.61913187;2.50986503;3.14089059;0.02405600;9.44231406;-9.80527236
1655;165.42891726;0.00000000;14.22289677;43.90980432;0.65636953;2.48807900;-3.13964108;0.02903557;9.33793781;-9.45559776
1656;165.52887431;0.00000000;14.12294475;43.90945637;0.70614196;2.45248614;-3.13650467;0.03369233;9.23616670;-9.12386035
1657;165.62883136;0.00000000;14.02298537;43.90877173;0.76498525;2.42017650;-3.13290556;0.03831772;9.13689154;-8.80535528
1658;165.72878841;0.00000000;13.92303631;43.90770430;0.80038056;2.39124442;-3.12884372;0.04295722;9.04004825;-8.50024110
1659;165.82874546;0.00000000;13.82308792;43.90620764;0.81694985;2.34824142;-3.12431770;0.04760016;8.94556618;-8.20690362
1660;165.92870251;0.00000000;13.72315085;43.90423547;0.84554355;2.30399351;-3.11932707;0.05225798;8.85338797;-7.92524684
1661;166.02865956;0.00000000;13.62322418;43.90174128;0.88503887;2.25630241;-3.11387033;0.05692382;8.76345308;-7.65468458
1662;166.12861661;0.00000000;13.52331233;43.89867850;0.93409275;2.21082682;-3.10794679;0.06159721;8.67570346;-7.39444785
1663;166.22857366;0.00000000;13.42342448;43.89500074;0.99132057;2.16844530;-3.10155582;0.06628050;8.59008592;-7.14311971
1664;166.32853071;0.00000000;13.32355765;43.89066101;1.05543125;2.11601595;-3.09469536;0.07098545;8.50656017;-6.90063007
1665;166.42848776;0.00000000;13.22373199;43.88561317;1.12527080;2.06066438;-3.08736432;0.07570612;8.42508354;-6.66644187
1666;166.52844481;0.00000000;13.12393723;43.87980945;1.17820884;2.00810580;-3.07955985;0.08044315;8.34561663;-6.43994005
1667;166.62840186;0.00000000;13.02420493;43.87320431;1.23426443;1.95853887;-3.07128197;0.08519858;8.26812446;-6.22540641
1668;166.72835891;0.00000000;12.92451769;43.86574903;1.29627916;1.91214309;-3.06252969;0.08990312;8.19251705;-6.01783295
1669;166.82831596;0.00000000;12.82491864;43.85739966;1.36345123;1.86803088;-3.05330833;0.09462259;8.11876135;-5.82077741
1670;166.92827301;0.00000000;12.72538363;43.84810689;1.43300491;1.80770677;-3.04361531;0.09929691;8.04677764;-5.62951628
1671;167.02823006;0.00000000;12.62596750;43.83782889;1.47843894;1.74939617;-3.03345659;0.10399098;7.97654128;-5.44268498
1672;167.12818711;0.00000000;12.52663991;43.82651533;1.52995521;1.69408261;-3.02282448;0.10872056;7.90804282;-5.26017301
1673;167.22814416;0.00000000;12.42746700;43.81412624;1.58696972;1.64206310;-3.01172079;0.11348226;7.84127276;-5.08186987
1674;167.32810121;0.00000000;12.32841355;43.80060923;1.64897163;1.58909478;-3.00013658;0.11827254;7.77622152;-4.90705272
1675;167.42805826;0.00000000;12.22955618;43.78592649;1.68912352;1.53429029;-2.98807530;0.12309781;7.71288740;-4.73541459
1676;167.52801531;0.00000000;12.13085635;43.77002354;1.73361759;1.47796823;-2.97552619;0.12795778;7.65127152;-4.56639017
1677;167.62797236;0.00000000;12.03240020;43.75286511;1.78369115;1.41490025;-2.96249351;0.13285646;7.59138131;-4.39957992
1678;167.72792941;0.00000000;11.93414759;43.73439449;1.83263701;1.35515968;-2.94896478;0.13779504;7.53322853;-4.23453554
1679;167.82788646;0.00000000;11.83619290;43.71457926;1.88008823;1.29921860;-2.93494505;0.14277548;7.47683013;-4.07100114
1680;167.92784351;0.00000000;11.73849662;43.69336065;1.93276859;1.24751436;-2.92042051;0.14779618;7.42220575;-3.90848343
1681;168.02780056;0.00000000;11.64115942;43.67070921;1.99025715;1.20059943;-2.90539723;0.15285953;7.36938106;-3.74385390
1682;168.12775761;0.00000000;11.54414515;43.64656453;2.05221629;1.14314804;-2.88985805;0.15801538;7.31842388;-3.57902635
1683;168.22771466;0.00000000;11.44755887;43.62089976;2.07946761;1.08577260;-2.87380635;0.16322169;7.26937619;-3.41607339
1684;168.32767171;0.00000000;11.35137054;43.59365316;2.10678279;1.03344083;-2.85722828;0.16843211;7.22225096;-3.25236052
1685;168.42762876;0.00000000;11.25568761;43.56480101;2.13571914;0.98696225;-2.84013300;0.17368757;7.17709665;-3.08281108
1686;168.52758581;0.00000000;11.16048968;43.53428225;2.16625278;0.94532763;-2.82250050;0.17907540;7.13403244;-2.91181027
1687;168.62754286;0.00000000;11.06588140;43.50207401;2.19834256;0.90342941;-2.80433244;0.18450135;7.09311687;-2.71854909
1688;168.72749991;0.00000000;10.97185792;43.46811680;2.23218760;0.86925782;-2.78559684;0.19035707;7.05470273;-2.52001093
1689;168.82745695;0.00000000;10.87852046;43.43238555;2.26781621;0.83324667;-2.76627545;0.19629414;7.01890625;-2.31149011
1690;168.92741400;0.00000000;10.78588436;43.39482259;2.30529161;0.79540825;-2.74634889;0.20238889;6.98591050;-2.09944271
1691;169.02737105;0.00000000;10.69404003;43.35539896;2.34464824;0.75573008;-2.72581502;0.20849367;6.95580601;-1.88127441
1692;169.12732810;0.00000000;10.60302972;43.31406660;2.38594128;0.71419187;-2.70466789;0.21464125;6.92871878;-1.65430080
1693;169.22728515;0.00000000;10.51292912;43.27079220;2.42921207;0.67080069;-2.68290274;0.22086405;6.90481180;-1.39017729
1694;169.32724220;0.00000000;10.42380523;43.22553804;2.47450774;0.63236228;-2.66048492;0.22770879;6.88465757;-1.10911090
1695;169.42719925;0.00000000;10.33573479;43.17826733;2.52187595;0.60585015;-2.63737654;0.23471856;6.86853572;-0.64378759
1696;169.52715630;0.00000000;10.24881272;43.12894577;2.55676154;0.59280584;-2.61339120;0.24524045;6.85916036;-0.18173956
1697;169.62711335;0.00000000;10.16310224;43.07749459;2.57430089;0.59402293;-2.58835599;0.25525534;6.85651139;-0.18173956
1698;169.72707040;0.00000000;10.07875617;43.02391117;2.58438559;0.60368707;-2.56294507;0.25335688;6.85386141;-0.08314380
1699;169.82702745;0.00000000;9.99574927;42.96817887;2.56509308;0.61703106;-2.53769940;0.25148924;6.85264873;0.00883359
1700;169.92698450;0.00000000;9.91420747;42.91041337;2.54827653;0.63381203;-2.51288879;0.24508429;6.85277758;0.30916248
1701;170.02694155;0.00000000;9.83406548;42.85063807;2.53606798;0.64866172;-2.48869841;0.23890831;6.85728565;0.58418516
1702;170.12689860;0.00000000;9.75541273;42.78899405;2.50298036;0.66962912;-2.46505926;0.23421445;6.86579590;0.77709701
1703;170.22685565;0.00000000;9.67818803;42.72549552;2.45010259;0.70215783;-2.44187052;0.22964421;6.87710011;0.95625801
1704;170.32681270;0.00000000;9.60247171;42.66026836;2.39368468;0.74473343;-2.41916903;0.22469534;6.89098508;1.14661827
1705;170.42676975;0.00000000;9.52821355;42.59333369;2.34208920;0.79579328;-2.39694321;0.21999401;6.90759731;1.31854985
1706;170.52672680;0.00000000;9.45546994;42.52480497;2.29566311;0.85379861;-2.37516914;0.21574992;6.92665123;1.46316639
1707;170.62668385;0.00000000;9.38419855;42.45470141;2.25467804;0.90532699;-2.35381055;0.21154418;6.94773379;1.60194205
1708;170.72664090;0.00000000;9.31444773;42.38312956;2.21891117;0.94910063;-2.33287812;0.20737652;6.97074284;1.73546876
1709;170.82659795;0.00000000;9.24617229;42.31010248;2.15588343;0.99111197;-2.31234849;0.20334412;6.99558435;1.85951795
1710;170.92655500;0.00000000;9.17941609;42.23572600;2.09740717;1.03902931;-2.29222341;0.19940282;7.02210397;1.97683403
1711;171.02651205;0.00000000;9.11413698;42.16001221;2.04382795;1.09238582;-2.27248184;0.19556101;7.05018732;2.08746049
1712;171.12646910;0.00000000;9.05036800;42.08305811;1.99555963;1.12354079;-2.25312383;0.19182992;7.07972132;2.19124854
1713;171.22642615;0.00000000;8.98806942;42.00487428;1.95295362;1.15777873;-2.23412974;0.18817561;7.11059178;2.29028564
1714;171.32638320;0.00000000;8.92726823;41.92555317;1.91639284;1.19769695;-2.21550321;0.18457462;7.14271488;2.38607401
1715;171.42634025;0.00000000;8.86792574;41.84510342;1.87801848;1.24278568;-2.19722792;0.18105854;7.17602855;2.47724819
1716;171.52629730;0.00000000;8.81006291;41.76361248;1.83097404;1.29249832;-2.17930272;0.17765119;7.21045231;2.56281705
1717;171.62625435;0.00000000;8.75364331;41.68108797;1.78990386;1.34635750;-2.16171064;0.17431660;7.24589303;2.64489392
1718;171.72621140;0.00000000;8.69868234;41.59761130;1.75522840;1.40140156;-2.14444987;0.17109314;7.28228792;2.72162519
1719;171.82616845;0.00000000;8.64514557;41.51318890;1.72729686;1.45518226;-2.12750466;0.16793159;7.31954976;2.79581397
1720;171.92612550;0.00000000;8.59304402;41.42789702;1.69368682;1.50764510;-2.11087528;0.16484010;7.35763082;2.86714982
1721;172.02608255;0.00000000;8.54234502;41.34174153;1.64281947;1.55818391;-2.09454885;0.16180745;7.39647990;2.93636007
1722;172.12603960;0.00000000;8.49305509;41.25479316;1.59327485;1.60718127;-2.07852526;0.15883719;7.43605640;3.00334697
1723;172.22599664;0.00000000;8.44514361;41.16705814;1.54520908;1.65492734;-2.06279332;0.15591792;7.47631902;3.06883198
1724;172.32595369;0.00000000;8.39861277;41.07860131;1.49861505;1.70139167;-2.04735377;0.15303596;7.51723679;3.13366046
1725;172.42591074;0.00000000;8.35343363;40.98942954;1.45345569;1.74658088;-2.03219773;0.15019909;7.55879037;3.19745286
1726;172.52586779;0.00000000;8.30960445;40.89960207;1.40972150;1.79047854;-2.01732564;0.14739629;7.60095571;3.26090232
1727;172.62582484;0.00000000;8.26709800;40.80912696;1.36737777;1.81771142;-2.00272967;0.14463592;7.64371821;3.32357279
1728;172.72578189;0.00000000;8.22590880;40.71805743;1.32641261;1.83536242;-1.98841035;0.14189412;7.68705777;3.38691925
1729;172.82573894;0.00000000;8.18601117;40.62640318;1.28679354;1.85685827;-1.97436180;0.13918750;7.73097342;3.44999534
1730;172.92569599;0.00000000;8.14739619;40.53421148;1.24829321;1.87841247;-1.96058495;0.13648459;7.77545193;3.51474259
1731;173.02565304;0.00000000;8.11003934;40.44149365;1.21811551;1.90244530;-1.94707546;0.13381616;7.82050506;3.57932800
1732;173.12561009;0.00000000;8.07392859;40.34829101;1.19503481;1.93008408;-1.93383105;0.13119857;7.86612087;3.64277417
1733;173.22556714;0.00000000;8.03904124;40.25461751;1.17527055;1.96119956;-1.92084590;0.12860993;7.91227524;3.70647403
1734;173.32552419;0.00000000;8.00536234;40.16050763;1.16506807;1.99497355;-1.90812497;0.12592600;7.95896198;3.77832632
1735;173.42548124;0.00000000;7.97286953;40.06597797;1.16465275;2.02756681;-1.89567076;0.12326038;8.00627357;3.85115682
1736;173.52543829;0.00000000;7.94154451;39.97105797;1.14254634;2.05899492;-1.88349080;0.12044953;8.05421114;3.93562313
1737;173.62539534;0.00000000;7.91136386;39.87576545;1.11237619;2.08919194;-1.87159047;0.11766058;8.10290711;4.02092796
1738;173.72535239;0.00000000;7.88230638;39.78012568;1.08316514;2.11814738;-1.85996734;0.11490526;8.15235818;4.10636091
1739;173.82530944;0.00000000;7.85434928;39.68415843;1.05507507;2.14602024;-1.84861853;0.11217235;8.20255224;4.19273465
1740;173.92526649;0.00000000;7.82746967;39.58788275;1.02808072;2.17283046;-1.83754214;0.10945062;8.25348714;4.28087770
1741;174.02522354;0.00000000;7.80164548;39.49132076;1.00215779;2.19859756;-1.82673730;0.10674381;8.30517055;4.37060466
1742;174.12518059;0.00000000;7.77685233;39.39448610;0.97728009;2.22334391;-1.81620347;0.10402188;8.35760751;4.46408618
1743;174.22513764;0.00000000;7.75306816;39.29740208;0.95342363;2.24708974;-1.80594140;0.10131346;8.41082856;4.48248421
1744;174.32509469;0.00000000;7.73026743;39.20007823;0.93056152;2.26985923;-1.79594957;0.09860609;8.46393224;4.45153384
1745;174.42505174;0.00000000;7.70842809;39.10253896;0.90867008;2.29167309;-1.78622824;0.09591062;8.51634154;4.42096680
1746;174.52500879;0.00000000;7.68752371;39.00478962;0.88772187;2.31255682;-1.77677626;0.09320587;8.56807370;4.39077387
1747;174.62496584;0.00000000;7.66753208;38.90685545;0.86769332;2.33253171;-1.76759477;0.09050971;8.61914523;4.36094621
1748;174.72492289;0.00000000;7.64842607;38.80873832;0.84855656;2.35162425;-1.75868250;0.08780716;8.66957203;4.33147531
1749;174.82487994;0.00000000;7.63018317;38.71046373;0.83028796;2.36985631;-1.75004061;0.08511175;8.71936936;4.30235299
1750;174.92483699;0.00000000;7.61277576;38.61203067;0.81285940;2.38725506;-1.74166797;0.08240739;8.76855194;4.27357138
1751;175.02479404;0.00000000;7.59618095;38.51346469;0.79624708;2.40384294;-1.73356601;0.07970823;8.81713390;4.24512288
1752;175.12475109;0.00000000;7.58037077;38.41476224;0.78042267;2.41964765;-1.72573366;0.07700029;8.86512889;4.21700018
1753;175.22470814;0.00000000;7.56532190;38.31594861;0.76536215;2.43469217;-1.71817241;0.07429606;8.91255003;4.18919624
1754;175.32466519;0.00000000;7.55100612;38.21701817;0.75103704;2.44900456;-1.71088132;0.07158247;8.95940999;4.16170425
1755;175.42462224;0.00000000;7.53739966;38.11799573;0.73742304;2.46260835;-1.70386195;0.06887135;9.00572100;4.13451764
1756;175.52457929;0.00000000;7.52447414;38.01887397;0.72449158;2.47553182;-1.69711346;0.06615076;9.05149486;4.10763007
1757;175.62453633;0.00000000;7.51220532;37.91967696;0.71221804;2.48779906;-1.69063740;0.06343154;9.09674295;4.08103540
1758;175.72449338;0.00000000;7.50056473;37.82039605;0.70057382;2.49943845;-1.68443306;0.06070312;9.14147629;4.05472773
1759;175.82445043;0.00000000;7.48952765;37.72105445;0.68953392;2.51047462;-1.67850194;0.05797528;9.18570553;4.02870131
1760;175.92440748;0.00000000;7.47906558;37.62164246;0.67906975;2.52093602;-1.67284347;0.05523767;9.22944095;4.00295059
1761;176.02436453;0.00000000;7.46915336;37.52218227;0.66915595;2.53084775;-1.66745913;0.05249975;9.27269252;3.97747022
1762;176.12432158;0.00000000;7.45976245;37.42266337;0.65976392;2.54023833;-1.66234836;0.04975501;9.31546987;3.95225499
1763;176.22427863;0.00000000;7.45086730;37.32310702;0.65086800;2.54913323;-1.65751238;0.04701002;9.35778234;3.92729987
1764;176.32423568;0.00000000;7.44243939;37.22350212;0.64243958;2.55756100;-1.65295112;0.04424975;9.39963898;3.90259997
1765;176.42419273;0.00000000;7.43445272;37.12386859;0.63445263;2.56554758;-1.64866626;0.04148738;9.44104855;3.87815056
1766;176.52414978;0.00000000;7.42687875;37.02419526;0.62687854;2.57312152;-1.64465646;0.03874110;9.48201955;3.85394705
1767;176.62410683;0.00000000;7.41969135;36.92450069;0.61969115;2.56627547;-1.64092137;0.03599554;9.52256022;3.82998498
1768;176.72406388;0.00000000;7.41286204;36.82477258;0.61286194;2.54916952;-1.63746331;0.03318835;9.56267855;3.80626002
1769;176.82402093;0.00000000;7.40636419;36.72503148;0.60636428;2.53556309;-1.63428649;0.03037827;9.60238232;3.78276798
1770;176.92397798;0.00000000;7.40017001;36.62526218;0.60017033;2.52553708;-1.63134788;0.02847749;9.64167904;3.75950478
1771;177.02393503;0.00000000;7.39426037;36.52548448;0.59426097;2.51915643;-1.62859332;0.02663941;9.68057606;3.73646644
1772;177.12389208;0.00000000;7.38861769;36.42568499;0.59685384;2.51646453;-1.62597008;0.02592539;9.71908047;3.71364912
1773;177.22384913;0.00000000;7.38323388;36.32587529;0.61612694;2.51748240;-1.62341028;0.02529326;9.75719919;3.69104906
1774;177.32380618;0.00000000;7.37810184;36.22604909;0.65059444;2.52221228;-1.62092718;0.02436854;9.79493893;3.66866262
1775;177.42376323;0.00000000;7.37321307;36.12621278;0.67439167;2.52709807;-1.61853872;0.02342178;9.83230624;3.64648626
1776;177.52372028;0.00000000;7.36855786;36.02636271;0.66973799;2.53175056;-1.61624697;0.02242892;9.86930748;3.62451651
1777;177.62367733;0.00000000;7.36412666;35.92650540;0.66530838;2.53617921;-1.61405488;0.02143236;9.90594882;3.60275002
1778;177.72363438;0.00000000;7.35990928;35.82663596;0.66109298;2.54039426;-1.61196189;0.02044536;9.94223630;3.58118351
1779;177.82359143;0.00000000;7.35589612;35.72676094;0.65708180;2.54440521;-1.60996756;0.01945893;9.97817577;3.55981379
1780;177.92354848;0.00000000;7.35207712;35.62687550;0.65326510;2.54822220;-1.60807186;0.01847067;10.01377295;3.53863775
1781;178.02350553;0.00000000;7.34844265;35.52698594;0.64963287;2.55185475;-1.60627501;0.01748225;10.04903340;3.51765237
1782;178.12346258;0.00000000;7.34498264;35.42708738;0.64617535;2.55531301;-1.60457687;0.01649484;10.08396254;3.49685469
1783;178.22341963;0.00000000;7.34168744;35.32718609;0.64288254;2.55860653;-1.60297747;0.01550738;10.11856566;3.47624184
1784;178.32337668;0.00000000;7.33854701;35.22727698;0.63974472;2.56174542;-1.60147671;0.01452013;10.15284792;3.45581099
1785;178.42333373;0.00000000;7.33555167;35.12736623;0.63675185;2.56473927;-1.60007469;0.01353277;10.18681433;3.43555940
1786;178.52329078;0.00000000;7.33269141;35.02744871;0.63389424;2.56759816;-1.59877130;0.01254582;10.22046980;3.41548441
1787;178.62324783;0.00000000;7.32995652;34.92753049;0.63116184;2.57033171;-1.59756661;0.01155877;10.25381911;3.39558340
1788;178.72320488;0.00000000;7.32733701;34.82760638;0.62854499;2.57294998;-1.59646053;0.01057203;10.28686694;3.37585382
1789;178.82316193;0.00000000;7.32482316;34.72768235;0.62603361;2.57546261;-1.59545311;0.00958517;10.31961783;3.35629318
1790;178.92311898;0.00000000;7.32240498;34.62775316;0.62361806;2.57787966;-1.59454430;0.00859864;10.35207624;3.33689904
1791;179.02307602;0.00000000;7.32007276;34.52782472;0.62128828;2.58021075;-1.59373413;0.00761200;10.38424651;3.31766903
1792;179.12303307;0.00000000;7.31781652;34.42789175;0.61903462;2.58246595;-1.59302254;0.00662563;10.41613290;3.29860082
1793;179.22299012;0.00000000;7.31562651;34.32796008;0.61684701;2.58465489;-1.59240957;0.00563913;10.44773953;3.27969214
1794;179.32294717;0.00000000;7.31349278;34.22802443;0.61471583;2.58678764;-1.59189518;0.00465304;10.47907047;3.26094077
1795;179.42290422;0.00000000;7.31140558;34.12809055;0.61263100;2.58887382;-1.59147937;0.00366685;10.51012969;3.24234454
1796;179.52286127;0.00000000;7.30935496;34.02815318;0.61058291;2.59092350;-1.59116213;0.00268048;10.54092104;3.22390132
1797;179.62281832;0.00000000;7.30733116;33.92821798;0.60856148;2.59294631;-1.59094351;0.00169393;10.57144833;3.20560904
1798;179.72277537;0.00000000;7.30532424;33.82827968;0.60655710;2.59495231;-1.59082340;0.00070947;10.60171525;3.18746566
1799;179.82273242;0.00000000;7.30332446;33.72834402;0.60455969;2.57847364;-1.59080168;-0.00027494;10.63172543;3.16946919
1800;179.92268947;0.00000000;7.30132219;33.62840586;0.60255998;2.55813029;-1.59086810;-0.00103393;10.66148241;3.15161768
1801;180.02264652;0.00000000;7.29930965;33.52847030;0.60054986;2.54156878;-1.59100828;-0.00177084;10.69098966;3.13390922
1802;180.12260357;0.00000000;7.29728024;33.42853348;0.59852301;2.52886916;-1.59119372;-0.00188354;10.72025058;3.11634195
1803;180.22256062;0.00000000;7.29523203;33.32859796;0.59647735;2.52009216;-1.59138454;-0.00193449;10.74926850;3.09891403
1804;180.32251767;0.00000000;7.29316456;33.22866244;0.60911061;2.51527916;-1.59157853;-0.00194312;10.77804666;3.08162368
1805;180.42247472;0.00000000;7.29107767;33.12872712;0.63188715;2.51184086;-1.59177298;-0.00194756;10.80658826;3.06446913
1806;180.52243177;0.00000000;7.28897135;33.02879234;0.66051217;2.51111765;-1.59196706;-0.00193414;10.83489642;3.04744867
1807;180.62238882;0.00000000;7.28684570;32.92885781;0.68714021;2.51324367;-1.59215964;-0.00191896;10.86297420;3.03056061
1808;180.72234587;0.00000000;7.28470089;32.82892378;0.68499715;2.51538885;-1.59235087;-0.00190761;10.89082459;3.01380329
1809;180.82230292;0.00000000;7.28253702;32.72899014;0.68283507;2.51755310;-1.59254100;-0.00189663;10.91845053;2.99717509
1810;180.92225997;0.00000000;7.28035420;32.62905695;0.68065407;2.51973629;-1.59272998;-0.00188463;10.94585490;2.98067443
1811;181.02221702;0.00000000;7.27815256;32.52912413;0.67845429;2.52193831;-1.59291776;-0.00187252;10.97304053;2.96429975
1812;181.12217407;0.00000000;7.27593222;32.42919176;0.67623583;2.52415904;-1.59310434;-0.00186069;11.00001017;2.94804951
1813;181.22213112;0.00000000;7.27369329;32.32925977;0.67399882;2.52639836;-1.59328974;-0.00184889;11.02676654;2.93192222
1814;181.32208817;0.00000000;7.27143589;32.22932823;0.67174338;2.52865615;-1.59347395;-0.00183702;11.05331231;2.91591640
1815;181.42204522;0.00000000;7.26916014;32.12939707;0.66946962;2.53093230;-1.59365698;-0.00182513;11.07965007;2.90003060
1816;181.52200227;0.00000000;7.26686616;32.02946637;0.66717767;2.53322668;-1.59383883;-0.00181327;11.10578240;2.88426342
1817;181.62195932;0.00000000;7.26455406;31.92953605;0.66486765;2.53553917;-1.59401948;-0.00180141;11.13171180;2.86861346
1818;181.72191637;0.00000000;7.26222398;31.82960617;0.66253967;2.53786966;-1.59419895;-0.00178955;11.15744074;2.85307935
1819;181.82187342;0.00000000;7.25987601;31.72967669;0.66019385;2.54021803;-1.59437724;-0.00177768;11.18297164;2.83765975
1820;181.92183047;0.00000000;7.25751030;31.62974766;0.65783031;2.54258416;-1.59455434;-0.00176581;11.20830687;2.82235335
1821;182.02178752;0.00000000;7.25512694;31.52981901;0.65544917;2.54496794;-1.59473025;-0.00175395;11.23344877;2.80715884
1822;182.12174457;0.00000000;7.25272606;31.42989081;0.65305056;2.54736923;-1.59490497;-0.00174208;11.25839961;2.79207496
1823;182.22170162;0.00000000;7.25030779;31.32996300;0.65063458;2.54978793;-1.59507852;-0.00173022;11.28316166;2.77710047
1824;182.32165867;0.00000000;7.24787223;31.23003565;0.64820137;2.55222392;-1.59525087;-0.00171835;11.30773711;2.76223412
1825;182.42161571;0.00000000;7.24541951;31.13010868;0.64575103;2.55467707;-1.59542204;-0.00170649;11.33212813;2.74747472
1826;182.52157276;0.00000000;7.24294974;31.03018216;0.64328369;2.55714727;-1.59559202;-0.00169462;11.35633686;2.73282108
1827;182.62152981;0.00000000;7.24046305;30.93025603;0.64079946;2.55201937;-1.59576082;-0.00168276;11.38036539;2.71827204
1828;182.72148686;0.00000000;7.23795954;30.83033035;0.63829847;2.52963470;-1.59592843;-0.00167089;11.40421577;2.70382645
1829;182.82144391;0.00000000;7.23543935;30.73040506;0.63578084;2.51104879;-1.59609485;-0.00165903;11.42789002;2.68948319
1830;182.92140096;0.00000000;7.23290259;30.63048022;0.63324668;2.49634638;-1.59626009;-0.00164716;11.45139013;2.67524115
1831;183.02135801;0.00000000;7.23034938;30.53055577;0.63069612;2.48559627;-1.59642414;-0.00163530;11.47471805;2.66109924
1832;183.12131506;0.00000000;7.22777983;30.43063177;0.63273163;2.47884975;-1.59658701;-0.00162343;11.49787570;2.64705639
1833;183.22127211;0.00000000;7.22519407;30.33070816;0.65029489;2.47613944;-1.59674869;-0.00161157;11.52086497;2.63311155
1834;183.32122916;0.00000000;7.22259221;30.23078499;0.68218773;2.47747846;-1.59690919;-0.00159970;11.54368770;2.61926368
1835;183.42118621;0.00000000;7.21997437;30.13086221;0.72026165;2.48009574;-1.59706849;-0.00158784;11.56634573;2.60551176
1836;183.52114326;0.00000000;7.21734067;30.03093988;0.71762787;2.48272888;-1.59722662;-0.00157597;11.58884084;2.59185480
1837;183.62110031;0.00000000;7.21469124;29.93101793;0.71497836;2.48537776;-1.59738355;-0.00156411;11.61117480;2.57829179
1838;183.72105736;0.00000000;7.21202618;29.83109644;0.71231321;2.48804225;-1.59753930;-0.00155224;11.63334935;2.56482179
1839;183.82101441;0.00000000;7.20934562;29.73117532;0.70963256;2.49072226;-1.59769387;-0.00154038;11.65536620;2.55144382
1840;183.92097146;0.00000000;7.20664967;29.63125465;0.70693652;2.49341764;-1.59784725;-0.00152851;11.67722702;2.53815694
1841;184.02092851;0.00000000;7.20393845;29.53133436;0.70422521;2.49612829;-1.59799944;-0.00151665;11.69893346;2.52496024
1842;184.12088556;0.00000000;7.20121209;29.43141451;0.70149875;2.49885409;-1.59815045;-0.00150478;11.72048716;2.51185280
1843;184.22084261;0.00000000;7.19847070;29.33149505;0.69875725;2.50159492;-1.59830027;-0.00149292;11.74188972;2.49883372
1844;184.32079966;0.00000000;7.19571440;29.23157602;0.69600084;2.50435066;-1.59844890;-0.00148105;11.76314270;2.48590211
1845;184.42075671;0.00000000;7.19294331;29.13165738;0.69322964;2.50712119;-1.59859635;-0.00146919;11.78424767;2.47305712
1846;184.52071376;0.00000000;7.19015754;29.03173917;0.69044375;2.50990639;-1.59874261;-0.00145732;11.80520614;2.46029787
1847;184.62067081;0.00000000;7.18735722;28.93182134;0.68764331;2.51270615;-1.59888769;-0.00144546;11.82601963;2.44762353
1848;184.72062786;0.00000000;7.18454246;28.83190394;0.68482843;2.51552035;-1.59903158;-0.00143359;11.84668961;2.43503327
1849;184.82058491;0.00000000;7.18171338;28.73198692;0.68199923;2.51834886;-1.59917428;-0.00142173;11.86721754;2.42252625
1850;184.92054196;0.00000000;7.17887011;28.63207033;0.67915582;2.52119157;-1.59931580;-0.00140986;11.88760486;2.41010169
1851;185.02049901;0.00000000;7.17601275;28.53215412;0.67629833;2.52404837;-1.59945614;-0.00139800;11.90785298;2.39775877
1852;185.12045606;0.00000000;7.17314143;28.43223833;0.67342687;2.52691912;-1.59959528;-0.00138613;11.92796330;2.38549672
1853;185.22041311;0.00000000;7.17025627;28.33232291;0.67054157;2.51290107;-1.59973324;-0.00137427;11.94793718;2.37331476
1854;185.32037016;0.00000000;7.16735738;28.23240792;0.66764253;2.49211522;-1.59987002;-0.00136240;11.96777598;2.36121214
1855;185.42032721;0.00000000;7.16444488;28.13249330;0.66472989;2.47520790;-1.60000561;-0.00135054;11.98748104;2.34918810
1856;185.52028426;0.00000000;7.16151890;28.03257910;0.66180375;2.46225891;-1.60014001;-0.00133867;12.00705365;2.33724189
1857;185.62024131;0.00000000;7.15857955;27.93266526;0.65886425;2.45333080;-1.60027323;-0.00132681;12.02649513;2.32537280
1858;185.72019836;0.00000000;7.15562695;27.83275184;0.65591148;2.44846744;-1.60040526;-0.00131495;12.04580673;2.31358010
1859;185.82015541;0.00000000;7.15266121;27.73283879;0.65294558;2.44769295;-1.60053610;-0.00130308;12.06498973;2.30186308
1860;185.92011245;0.00000000;7.14968246;27.63292615;0.66052475;2.45067253;-1.60066576;-0.00129122;12.08404535;2.29022105
1861;186.02006950;0.00000000;7.14669082;27.53301386;0.68279861;2.45366502;-1.60079424;-0.00127935;12.10297482;2.27865330
1862;186.12002655;0.00000000;7.14368639;27.43310199;0.71648621;2.45667028;-1.60092152;-0.00126749;12.12177934;2.26715917
1863;186.21998360;0.00000000;7.14066931;27.33319047;0.74171981;2.45968822;-1.60104762;-0.00125562;12.14046010;2.25573798
1864;186.31994065;0.00000000;7.13763970;27.23327936;0.73869724;2.46271869;-1.60117254;-0.00124376;12.15901827;2.24438907
1865;186.41989770;0.00000000;7.13459765;27.13336859;0.73566235;2.46576159;-1.60129627;-0.00123189;12.17745500;2.23311179
1866;186.51985475;0.00000000;7.13154331;27.03345823;0.73261525;2.46881680;-1.60141881;-0.00122003;12.19577143;2.22190549
1867;186.61981180;0.00000000;7.12847678;26.93354822;0.72955607;2.47188420;-1.60154017;-0.00120816;12.21396869;2.21076953
1868;186.71976885;0.00000000;7.12539819;26.83363860;0.72648494;2.47496367;-1.60166034;-0.00119630;12.23204787;2.19970330
1869;186.81972590;0.00000000;7.12230765;26.73372933;0.72340195;2.47805509;-1.60177933;-0.00118443;12.25001007;2.18870616
1870;186.91968295;0.00000000;7.11920528;26.63382045;0.72030725;2.48115834;-1.60189713;-0.00117257;12.26785637;2.17777752
1871;187.01964000;0.00000000;7.11609120;26.53391190;0.71720095;2.48427331;-1.60201374;-0.00116070;12.28558784;2.16691676
1872;187.11959705;0.00000000;7.11296554;26.43400375;0.71408317;2.48739987;-1.60212917;-0.00114884;12.30320550;2.15612329
1873;187.21955410;0.00000000;7.10982839;26.33409593;0.71095402;2.49053792;-1.60224341;-0.00113697;12.32071041;2.14539652
1874;187.31951115;0.00000000;7.10667990;26.23418849;0.70781364;2.49368732;-1.60235646;-0.00112511;12.33810359;2.13473589
1875;187.41946820;0.00000000;7.10352016;26.13428138;0.70466213;2.49684796;-1.60246833;-0.00111325;12.35538603;2.12414080
1876;187.51942525;0.00000000;7.10034931;26.03437465;0.70149962;2.50001972;-1.60257902;-0.00110138;12.37255873;2.11361070
1877;187.61938230;0.00000000;7.09716746;25.93446824;0.69832623;2.50320249;-1.60268852;-0.00108952;12.38962268;2.10314503
1878;187.71933935;0.00000000;7.09397474;25.83456221;0.69514209;2.50639614;-1.60279683;-0.00107765;12.40657884;2.09274324
1879;187.81929640;0.00000000;7.09077124;25.73465649;0.69194730;2.50960056;-1.60290395;-0.00106579;12.42342817;2.08240479
1880;187.91925345;0.00000000;7.08755711;25.63475115;0.68874199;2.51281562;-1.60300989;-0.00105392;12.44017160;2.07212913
1881;188.01921050;0.00000000;7.08433245;25.53484611;0.68552629;2.51604122;-1.60311465;-0.00104206;12.45681008;2.06191574
1882;188.11916755;0.00000000;7.08109739;25.43494144;0.68230030;2.51927723;-1.60321822;-0.00103019;12.47334451;2.05176410
1883;188.21912460;0.00000000;7.07785203;25.33503707;0.67906416;2.52083836;-1.60332060;-0.00101833;12.48977582;2.04167368
1884;188.31908165;0.00000000;7.07459651;25.23513307;0.67581798;2.49902045;-1.60342179;-0.00100647;12.50610488;2.03164398
1885;188.41903870;0.00000000;7.07133094;25.13522936;0.67256188;2.48004678;-1.60352181;-0.00099460;12.52233259;2.02167449
1886;188.51899575;0.00000000;7.06805543;25.03532601;0.66929599;2.46499335;-1.60362063;-0.00098274;12.53845983;2.01176471
1887;188.61895280;0.00000000;7.06477012;24.93542295;0.66602042;2.45393220;-1.60371827;-0.00097087;12.55448744;2.00191415
1888;188.71890985;0.00000000;7.06147510;24.83552024;0.66273530;2.44691734;-1.60381472;-0.00095901;12.57041629;1.99212232
1889;188.81886690;0.00000000;7.05817051;24.73561781;0.66081379;2.44398351;-1.60390999;-0.00094714;12.58624722;1.98238875
1890;188.91882395;0.00000000;7.05485646;24.63571573;0.66137809;2.44514526;-1.60400407;-0.00093528;12.60198106;1.97271295
1891;189.01878100;0.00000000;7.05153308;24.53581393;0.67463385;2.44846875;-1.60409696;-0.00092341;12.61761862;1.96309446
1892;189.11873805;0.00000000;7.04820047;24.43591247;0.70200522;2.45180145;-1.60418867;-0.00091155;12.63316073;1.95353281
1893;189.21869510;0.00000000;7.04485876;24.33601127;0.74193169;2.45514326;-1.60427919;-0.00089968;12.64860817;1.94402754
1894;189.31865214;0.00000000;7.04150806;24.23611042;0.74150788;2.45849406;-1.60436853;-0.00088782;12.66396175;1.93457821
1895;189.41860919;0.00000000;7.03814850;24.13620982;0.73814830;2.46185372;-1.60445668;-0.00087596;12.67922224;1.92518436
1896;189.51856624;0.00000000;7.03478019;24.03630956;0.73477998;2.46522214;-1.60454365;-0.00086409;12.69439042;1.91584556
1897;189.61852329;0.00000000;7.03140325;23.93640955;0.73140304;2.46859919;-1.60462943;-0.00085223;12.70946705;1.90656135
1898;189.71848034;0.00000000;7.02801781;23.83650987;0.72801760;2.47198475;-1.60471402;-0.00084036;12.72445289;1.89733132
1899;189.81843739;0.00000000;7.02462397;23.73661043;0.72462376;2.47537871;-1.60479743;-0.00082850;12.73934867;1.88815503
1900;189.91839444;0.00000000;7.02122186;23.63671131;0.72122166;2.47878094;-1.60487965;-0.00081663;12.75415514;1.87903205
1901;190.01835149;0.00000000;7.01781159;23.53681244;0.71781142;2.48219133;-1.60496068;-0.00080477;12.76887303;1.86996198
1902;190.11830854;0.00000000;7.01439329;23.43691387;0.71439314;2.48560976;-1.60504053;-0.00079291;12.78350305;1.86094440
1903;190.21826559;0.00000000;7.01096707;23.33701554;0.71096695;2.48903611;-1.60511920;-0.00078104;12.79804591;1.85197890
1904;190.31822264;0.00000000;7.00753305;23.23711751;0.70753297;2.49247026;-1.60519667;-0.00076918;12.81250233;1.84306507
1905;190.41817969;0.00000000;7.00409135;23.13721972;0.70409131;2.49591210;-1.60527296;-0.00075731;12.82687298;1.83420252
1906;190.51813674;0.00000000;7.00064209;23.03732221;0.70064210;2.49936150;-1.60534807;-0.00074545;12.84115857;1.82539085
1907;190.61809379;0.00000000;6.99718538;22.93742494;0.69718545;2.50281835;-1.60542199;-0.00073358;12.85535977;1.81662967
1908;190.71805084;0.00000000;6.99372135;22.83752794;0.69372148;2.50628253;-1.60549472;-0.00072172;12.86947725;1.80791859
1909;190.81800789;0.00000000;6.99025012;22.73763117;0.69025031;2.50975392;-1.60556627;-0.00070985;12.88351168;1.79925723
1910;190.91796494;0.00000000;6.98677179;22.63773467;0.68677207;2.51323239;-1.60563663;-0.00069799;12.89746371;1.79064522
1911;191.01792199;0.00000000;6.98328650;22.53783839;0.68328685;2.51671785;-1.60570581;-0.00068613;12.91133398;1.78208217
1912;191.11787904;0.00000000;6.97979435;22.43794238;0.67979480;2.52021015;-1.60577380;-0.00067426;12.92512316;1.77356773
1913;191.21783609;0.00000000;6.97629547;22.33804657;0.67629602;2.52370919;-1.60584060;-0.00066240;12.93883186;1.76510151
1914;191.31779314;0.00000000;6.97278998;22.23815102;0.67279064;2.52721485;-1.60590622;-0.00065053;12.95246071;1.75668317
1915;191.41775019;0.00000000;6.96927799;22.13825567;0.66927877;2.51962158;-1.60597066;-0.00063867;12.96601034;1.74831233
1916;191.51770724;0.00000000;6.96575962;22.03836058;0.66576052;2.49860971;-1.60603390;-0.00062680;12.97948136;1.73998866
1917;191.61766429;0.00000000;6.96223500;21.93846567;0.66223603;2.48145553;-1.60609596;-0.00061494;12.99287438;1.73171179
1918;191.71762134;0.00000000;6.95870423;21.83857102;0.65870541;2.46823937;-1.60615684;-0.00060308;13.00619000;1.72348137
1919;191.81757839;0.00000000;6.95516745;21.73867654;0.65516877;2.45902461;-1.60621653;-0.00059121;13.01942881;1.71529708
1920;191.91753544;0.00000000;6.95162476;21.63878231;0.65902315;2.45385620;-1.60627503;-0.00057935;13.03259140;1.70715856
1921;192.01749249;0.00000000;6.94807628;21.53888825;0.67775523;2.45275961;-1.60633235;-0.00056748;13.04567835;1.69906548
1922;192.11744954;0.00000000;6.94452214;21.43899442;0.71018884;2.45574017;-1.60638848;-0.00055562;13.05869024;1.69101751
1923;192.21740659;0.00000000;6.94096245;21.33910076;0.74202645;2.45929811;-1.60644342;-0.00054375;13.07162764;1.68301431
1924;192.31736364;0.00000000;6.93739733;21.23920732;0.73846277;2.46286150;-1.60649718;-0.00053189;13.08449110;1.67505557
1925;192.41732069;0.00000000;6.93382690;21.13931405;0.73489379;2.46643020;-1.60654975;-0.00052003;13.09728119;1.66714095
1926;192.51727774;0.00000000;6.93025128;21.03942099;0.73131964;2.47000409;-1.60660114;-0.00050816;13.10999846;1.65927015
1927;192.61723479;0.00000000;6.92667058;20.93952807;0.72774044;2.47358307;-1.60665134;-0.00049630;13.12264345;1.65144284
1928;192.71719183;0.00000000;6.92308493;20.83963537;0.72415629;2.47716700;-1.60670036;-0.00048443;13.13521670;1.64365870
1929;192.81714888;0.00000000;6.91949444;20.73974281;0.72056734;2.48075578;-1.60674819;-0.00047257;13.14771875;1.63591744
1930;192.91710593;0.00000000;6.91589924;20.63985046;0.71697368;2.48434929;-1.60679483;-0.00046070;13.16015013;1.62821874
1931;193.01706298;0.00000000;6.91229943;20.53995823;0.71337544;2.48794740;-1.60684029;-0.00044884;13.17251135;1.62056230
1932;193.11702003;0.00000000;6.90869514;20.44006620;0.70977274;2.49154999;-1.60688456;-0.00043698;13.18480294;1.61294783
1933;193.21697708;0.00000000;6.90508649;20.34017430;0.70616570;2.49515696;-1.60692765;-0.00042511;13.19702540;1.60537501
1934;193.31693413;0.00000000;6.90147359;20.24028258;0.70255443;2.49876818;-1.60696955;-0.00041325;13.20917925;1.59784356
1935;193.41689118;0.00000000;6.89785657;20.14039098;0.69893907;2.50238353;-1.60701026;-0.00040138;13.22126499;1.59035318
1936;193.51684823;0.00000000;6.89423554;20.04049955;0.69531971;2.50600289;-1.60704979;-0.00038952;13.23328312;1.58290359
1937;193.61680528;0.00000000;6.89061062;19.94060824;0.69169649;2.50962615;-1.60708813;-0.00037765;13.24523412;1.57549451
1938;193.71676233;0.00000000;6.88698193;19.84071709;0.68806953;2.51325318;-1.60712529;-0.00036579;13.25711848;1.56812563
1939;193.81671938;0.00000000;6.88334958;19.74082604;0.68443893;2.51688388;-1.60716126;-0.00035393;13.26893669;1.56079670
1940;193.91667643;0.00000000;6.87971370;19.64093516;0.68080483;2.52051811;-1.60719604;-0.00034206;13.28068922;1.55350742
1941;194.01663348;0.00000000;6.87607441;19.54104437;0.67716733;2.52415577;-1.60722964;-0.00033020;13.29237654;1.54625753
1942;194.11659053;0.00000000;6.87243182;19.44115373;0.67352656;2.52779672;-1.60726205;-0.00031833;13.30399913;1.53904675
1943;194.21654758;0.00000000;6.86878605;19.34126317;0.66988265;2.53144087;-1.60729328;-0.00030647;13.31555744;1.53187480
1944;194.31650463;0.00000000;6.86513723;19.24137276;0.66623569;2.53508808;-1.60732332;-0.00029460;13.32705194;1.52474144
1945;194.41646168;0.00000000;6.86148546;19.14148242;0.66258583;2.53873824;-1.60735217;-0.00028274;13.33848307;1.51764638
1946;194.51641873;0.00000000;6.85783086;19.04159222;0.65893316;2.54239123;-1.60737984;-0.00027088;13.34985129;1.51058936
1947;194.61637578;0.00000000;6.85417357;18.94170208;0.65527783;2.53707263;-1.60740633;-0.00025901;13.36115705;1.50357014
1948;194.71633283;0.00000000;6.85051368;18.84181207;0.65161993;2.51771290;-1.60743162;-0.00024715;13.37240078;1.49658844
1949;194.81628988;0.00000000;6.84685133;18.74192212;0.64795960;2.50220184;-1.60745573;-0.00023528;13.38358291;1.48964401
1950;194.91624693;0.00000000;6.84318663;18.64203229;0.64429694;2.49061124;-1.60747866;-0.00022342;13.39470390;1.48273661
1951;195.01620398;0.00000000;6.83951970;18.54214251;0.64063209;2.48190825;-1.60750040;-0.00021155;13.40576415;1.47586598
1952;195.11616103;0.00000000;6.83585066;18.44225283;0.65057488;2.47444968;-1.60752095;-0.00019968;13.41676410;1.46903187
1953;195.21611808;0.00000000;6.83217962;18.34236320;0.66210239;2.47101731;-1.60754032;-0.00018780;13.42770416;1.46223404
1954;195.31607513;0.00000000;6.82850671;18.24247367;0.68722541;2.47162779;-1.60755849;-0.00017591;13.43858476;1.45547225
1955;195.41603218;0.00000000;6.82483204;18.14258417;0.72513865;2.47530328;-1.60757548;-0.00016403;13.44940629;1.44874625
1956;195.51598923;0.00000000;6.82115573;18.04269477;0.72146604;2.47898041;-1.60759129;-0.00015215;13.46016918;1.44205580
1957;195.61594628;0.00000000;6.81747791;17.94280539;0.71779196;2.48265906;-1.60760590;-0.00014026;13.47087383;1.43540067
1958;195.71590333;0.00000000;6.81379868;17.84291609;0.71411653;2.48633911;-1.60761933;-0.00012838;13.48152063;1.42878062
1959;195.81586038;0.00000000;6.81011817;17.74302681;0.71043986;2.49002044;-1.60763157;-0.00011650;13.49210999;1.42219542
1960;195.91581743;0.00000000;6.80643650;17.64313760;0.70676208;2.49370294;-1.60764262;-0.00010462;13.50264229;1.41564484
1961;196.01577448;0.00000000;6.80275379;17.54324840;0.70308331;2.49738649;-1.60765248;-0.00009273;13.51311793;1.40912865
1962;196.11573152;0.00000000;6.79907014;17.44335926;0.69940366;2.50107096;-1.60766116;-0.00008085;13.52353729;1.40264663
1963;196.21568857;0.00000000;6.79538570;17.34347012;0.69572326;2.50475625;-1.60766864;-0.00006897;13.53390076;1.39619855
1964;196.31564562;0.00000000;6.79170056;17.24358104;0.69204222;2.50844222;-1.60767494;-0.00005708;13.54420871;1.38978418
1965;196.41560267;0.00000000;6.78801485;17.14369195;0.68836066;2.51212876;-1.60768005;-0.00004520;13.55446152;1.38340332
1966;196.51555972;0.00000000;6.78432869;17.04380291;0.68467870;2.51581576;-1.60768398;-0.00003332;13.56465955;1.37705573
1967;196.61551677;0.00000000;6.78064220;16.94391385;0.68099647;2.51950309;-1.60768672;-0.00002143;13.57480319;1.37074121
1968;196.71547382;0.00000000;6.77695550;16.84402482;0.67731407;2.52319064;-1.60768826;-0.00000955;13.58489279;1.36445954
1969;196.81543087;0.00000000;6.77326869;16.74413577;0.67363164;2.52687828;-1.60768863;0.00000233;13.59492872;1.35821050
1970;196.91538792;0.00000000;6.76958192;16.64424675;0.66994928;2.53056590;-1.60768780;0.00001421;13.60491133;1.35199389
1971;197.01534497;0.00000000;6.76589528;16.54435770;0.66626712;2.53425338;-1.60768578;0.00002610;13.61484098;1.34580949
1972;197.11530202;0.00000000;6.76220891;16.44446866;0.66258529;2.53794061;-1.60768258;0.00003798;13.62471802;1.33965711
1973;197.21525907;0.00000000;6.75852291;16.34457958;0.65890388;2.54162745;-1.60767819;0.00004986;13.63454281;1.33353652
1974;197.31521612;0.00000000;6.75483741;16.24469052;0.65522304;2.54531380;-1.60767261;0.00006175;13.64431568;1.32744754
1975;197.41517317;0.00000000;6.75115253;16.14480139;0.65154287;2.54899953;-1.60766585;0.00007363;13.65403698;1.32138996
1976;197.51513022;0.00000000;6.74746839;16.04491228;0.64786350;2.55268452;-1.60765789;0.00008551;13.66370705;1.31536357
1977;197.61508727;0.00000000;6.74378509;15.94502310;0.64418504;2.55034892;-1.60764875;0.00009739;13.67332622;1.30936818
1978;197.71504432;0.00000000;6.74010277;15.84513391;0.64050762;2.52887557;-1.60763842;0.00010928;13.68289484;1.30340360
1979;197.81500137;0.00000000;6.73642154;15.74524466;0.63683135;2.51119913;-1.60762691;0.00012116;13.69241323;1.29746963
1980;197.91495842;0.00000000;6.73274153;15.64535539;0.63315635;2.49740012;-1.60761420;0.00013304;13.70188171;1.29156607
1981;198.01491547;0.00000000;6.72906283;15.54546604;0.62948275;2.48754293;-1.60760031;0.00014493;13.71130062;1.28569273
1982;198.11487252;0.00000000;6.72538559;15.44557667;0.62581066;2.48167443;-1.60758523;0.00015681;13.72067027;1.27984942
1983;198.21482957;0.00000000;6.72170991;15.34568720;0.62214020;2.47982281;-1.60756896;0.00016869;13.72999100;1.27403596
1984;198.31478662;0.00000000;6.71803592;15.24579771;0.62278293;2.48199694;-1.60755150;0.00018057;13.73926310;1.26825216
1985;198.41474367;0.00000000;6.71436373;15.14590812;0.63925253;2.48566859;-1.60753286;0.00019246;13.74848690;1.26249782
1986;198.51470072;0.00000000;6.71069346;15.04601850;0.67038363;2.48933832;-1.60751303;0.00020434;13.75766270;1.25677278
1987;198.61465777;0.00000000;6.70702523;14.94612876;0.70725387;2.49300601;-1.60749201;0.00021622;13.76679083;1.25107684
1988;198.71461482;0.00000000;6.70335916;14.84623898;0.70358714;2.49667155;-1.60746980;0.00022811;13.77587157;1.24540983
1989;198.81457187;0.00000000;6.69969537;14.74634908;0.69992269;2.50033482;-1.60744641;0.00023999;13.78490524;1.23977156
1990;198.91452892;0.00000000;6.69603397;14.64645913;0.69626064;2.50399570;-1.60742183;0.00025187;13.79389214;1.23416185
1991;199.01448597;0.00000000;6.69237509;14.54656905;0.69260110;2.50765407;-1.60739606;0.00026375;13.80283256;1.22858054
1992;199.11444302;0.00000000;6.68871884;14.44667891;0.68894421;2.51130981;-1.60736910;0.00027564;13.81172680;1.22302745
1993;199.21440007;0.00000000;6.68506535;14.34678864;0.68529006;2.51496281;-1.60734095;0.00028752;13.82057516;1.21750239
1994;199.31435712;0.00000000;6.68141472;14.24689829;0.68163879;2.51861294;-1.60731162;0.00029940;13.82937792;1.21200521
1995;199.41431417;0.00000000;6.67776709;14.14700780;0.67799052;2.52226009;-1.60728110;0.00031129;13.83813537;1.20653572
1996;199.51427121;0.00000000;6.67412256;14.04711723;0.67434535;2.52590413;-1.60724939;0.00032317;13.84684780;1.20109377
1997;199.61422826;0.00000000;6.67048126;13.94722651;0.67070341;2.52954496;-1.60721649;0.00033505;13.85551550;1.19567918
1998;199.71418531;0.00000000;6.66684331;13.84733570;0.66706482;2.53318244;-1.60718241;0.00034693;13.86413873;1.19029178
1999;199.81414236;0.00000000;6.66320881;13.74744473;0.66342970;2.53681647;-1.60714713;0.00035882;13.87271779;1.18493141
2000;199.91409941;0.00000000;6.65957791;13.64755367;0.65979816;2.54044691;-1.60711067;0.00037070;13.88125295;1.17959791
2001;200.01405646;0.00000000;6.65595070;13.54766243;0.65617033;2.54407367;-1.60707303;0.00038258;13.88974448;1.17429111
2002;200.11401351;0.00000000;6.65232731;13.44777109;0.65254632;2.54769660;-1.60703419;0.00039447;13.89819265;1.16901085
2003;200.21397056;0.00000000;6.64870786;13.34787958;0.64892625;2.55131561;-1.60699417;0.00040635;13.90659774;1.16375698
2004;200.31392761;0.00000000;6.64509247;13.24798795;0.64531025;2.55493056;-1.60695296;0.00041823;13.91496001;1.15852932
2005;200.41388466;0.00000000;6.64148126;13.14809614;0.64169842;2.55854134;-1.60691056;0.00043011;13.92327973;1.15332773
2006;200.51384171;0.00000000;6.63787434;13.04820420;0.63809089;2.56214784;-1.60686697;0.00044200;13.93155716;1.14815205
2007;200.61379876;0.00000000;6.63427183;12.94831208;0.63448778;2.56574992;-1.60682220;0.00045388;13.93979257;1.14300213
2008;200.71375581;0.00000000;6.63067386;12.84841982;0.63088920;2.56934748;-1.60677623;0.00046576;13.94798620;1.13787780
2009;200.81371286;0.00000000;6.62708053;12.74852736;0.62729528;2.55672177;-1.60672908;0.00047764;13.95613832;1.13277892
2010;200.91366991;0.00000000;6.62349198;12.64863477;0.62370613;2.53674030;-1.60668075;0.00048953;13.96424918;1.12770533
2011;201.01362696;0.00000000;6.61990831;12.54874196;0.62012187;2.52056242;-1.60663122;0.00050141;13.97231904;1.12265689
2012;201.11358401;0.00000000;6.61632965;12.44884901;0.61654262;2.50826161;-1.60658051;0.00051329;13.98034815;1.11763345
2013;201.21354106;0.00000000;6.61275611;12.34895584;0.61296850;2.49989499;-1.60652861;0.00052518;13.98833675;1.11263485
2014;201.31349811;0.00000000;6.60918782;12.24906252;0.62014022;2.49550200;-1.60647552;0.00053706;13.99628510;1.10766095
2015;201.41345516;0.00000000;6.60562489;12.14916897;0.64278354;2.49510351;-1.60642124;0.00054894;14.00419343;1.10271161
2016;201.51341221;0.00000000;6.60206745;12.04927527;0.66624818;2.49841161;-1.60636578;0.00056082;14.01206199;1.09778667
2017;201.61336926;0.00000000;6.59851560;11.94938132;0.69981766;2.50196460;-1.60630912;0.00057271;14.01989102;1.09288601
2018;201.71332631;0.00000000;6.59496947;11.84948721;0.69628234;2.50551187;-1.60625128;0.00058459;14.02768076;1.08800946
2019;201.81328336;0.00000000;6.59142918;11.74959286;0.69275296;2.50905330;-1.60619226;0.00059647;14.03543145;1.08315690
2020;201.91324041;0.00000000;6.58789484;11.64969833;0.68922963;2.51258877;-1.60613204;0.00060836;14.04314332;1.07832818
2021;202.01319746;0.00000000;6.58436658;11.54980356;0.68571246;2.51611817;-1.60607064;0.00062024;14.05081661;1.07352317
2022;202.11315451;0.00000000;6.58084451;11.44990859;0.68220159;2.51964137;-1.60600805;0.00063212;14.05845154;1.06874171
2023;202.21311156;0.00000000;6.57732876;11.35001338;0.67869712;2.52315825;-1.60594427;0.00064400;14.06604835;1.06398369
2024;202.31306861;0.00000000;6.57381943;11.25011796;0.67519918;2.52666870;-1.60587930;0.00065589;14.07360727;1.05924896
2025;202.41302566;0.00000000;6.57031665;11.15022229;0.67170788;2.53017260;-1.60581315;0.00066777;14.08112852;1.05453738
2026;202.51298271;0.00000000;6.56682054;11.05032642;0.66822335;2.53366983;-1.60574580;0.00067965;14.08861233;1.04984882
2027;202.61293976;0.00000000;6.56333122;10.95043027;0.66474571;2.53716027;-1.60567727;0.00069154;14.09605891;1.04518315
2028;202.71289681;0.00000000;6.55984881;10.85053392;0.66127507;2.54064295;-1.60560756;0.00070342;14.10346850;1.04054024
2029;202.81285386;0.00000000;6.55637341;10.75063729;0.65781155;2.54411589;-1.60553665;0.00071530;14.11084131;1.03591995
2030;202.91281090;0.00000000;6.55290516;10.65074044;0.65435528;2.54758171;-1.60546456;0.00072718;14.11817755;1.03132216
2031;203.01276795;0.00000000;6.54944417;10.55084331;0.65090637;2.55104028;-1.60539128;0.00073907;14.12547745;1.02674674
2032;203.11272500;0.00000000;6.54599056;10.45094596;0.64746494;2.55449149;-1.60531681;0.00075095;14.13274122;1.02219355
2033;203.21268205;0.00000000;6.54254445;10.35104832;0.64403110;2.55793522;-1.60524115;0.00076283;14.13996907;1.01766247
2034;203.31263910;0.00000000;6.53910596;10.25115044;0.64060500;2.56137134;-1.60516431;0.00077472;14.14716121;1.01315338
2035;203.41259615;0.00000000;6.53567520;10.15125227;0.63718672;2.56479975;-1.60508627;0.00078660;14.15431786;1.00866614
2036;203.51255320;0.00000000;6.53225230;10.05135386;0.63377641;2.56822032;-1.60500705;0.00079848;14.16143921;1.00420064
2037;203.61251025;0.00000000;6.52883737;9.95145514;0.63037418;2.57163293;-1.60492664;0.00081037;14.16852549;0.99975674
2038;203.71246730;0.00000000;6.52543053;9.85155619;0.62698014;2.57503746;-1.60484505;0.00082225;14.17557688;0.99533434
2039;203.81242435;0.00000000;6.52203190;9.75165692;0.62359442;2.57843380;-1.60476227;0.00083413;14.18259360;0.99093329
2040;203.91238140;0.00000000;6.51864160;9.65175739;0.62021713;2.58182182;-1.60467829;0.00084601;14.18957585;0.98655350
2041;204.01233845;0.00000000;6.51525975;9.55185755;0.61684840;2.58409635;-1.60459314;0.00085790;14.19652383;0.98219482
2042;204.11229550;0.00000000;6.51188647;9.45195745;0.61348835;2.56174129;-1.60450679;0.00086978;14.20343773;0.97785715
2043;204.21225255;0.00000000;6.50852187;9.35205703;0.61013708;2.54311269;-1.60441925;0.00088167;14.21031776;0.97354037
2044;204.31220960;0.00000000;6.50516608;9.25215635;0.60679473;2.52829281;-1.60433054;0.00089326;14.21716411;0.96924436
2045;204.41216665;0.00000000;6.50181921;9.15225533;0.60346141;2.51734879;-1.60424068;0.00090481;14.22397697;0.96496899
2046;204.51212370;0.00000000;6.49848137;9.05235404;0.60104064;2.51033123;-1.60414968;0.00091599;14.23075654;0.96071417
2047;204.61208075;0.00000000;6.49515267;8.95245241;0.61508360;2.50727297;-1.60405756;0.00092712;14.23750301;0.95647976
2048;204.71203780;0.00000000;6.49183324;8.85255051;0.64451513;2.50818838;-1.60396433;0.00093819;14.24421658;0.95226566
2049;204.81199485;0.00000000;6.48852317;8.75264827;0.68736145;2.51149877;-1.60387000;0.00094925;14.25089742;0.94807175
2050;204.91195190;0.00000000;6.48522259;8.65274574;0.68523068;2.51479968;-1.60377457;0.00096032;14.25754572;0.94389792
2051;205.01190895;0.00000000;6.48193159;8.55284287;0.68194002;2.51809101;-1.60367802;0.00097139;14.26416169;0.93974407
2052;205.11186600;0.00000000;6.47865030;8.45293971;0.67865907;2.52137263;-1.60358037;0.00098246;14.27074548;0.93561006
2053;205.21182305;0.00000000;6.47537881;8.35303619;0.67538794;2.52464444;-1.60348161;0.00099353;14.27729730;0.93149581
2054;205.31178010;0.00000000;6.47211725;8.25313238;0.67212673;2.52790633;-1.60338175;0.00100460;14.28381733;0.92740119
2055;205.41173715;0.00000000;6.46886571;8.15322822;0.66887556;2.53115819;-1.60328078;0.00101568;14.29030574;0.92332610
2056;205.51169420;0.00000000;6.46562432;8.05332375;0.66563454;2.53439991;-1.60317870;0.00102675;14.29676271;0.91927043
2057;205.61165125;0.00000000;6.46239319;7.95341892;0.66240378;2.53763137;-1.60307552;0.00103782;14.30318842;0.91523408
2058;205.71160830;0.00000000;6.45917242;7.85351379;0.65918339;2.54085247;-1.60297123;0.00104889;14.30958306;0.91121693
2059;205.81156535;0.00000000;6.45596212;7.75360829;0.65597349;2.54406310;-1.60286583;0.00105996;14.31594679;0.90721888
2060;205.91152240;0.00000000;6.45276241;7.65370248;0.65277417;2.54726314;-1.60275933;0.00107103;14.32227978;0.90323983
2061;206.01147945;0.00000000;6.44957339;7.55379630;0.64958556;2.55045249;-1.60265172;0.00108210;14.32858223;0.89927967
2062;206.11143650;0.00000000;6.44639518;7.45388981;0.64640776;2.55363103;-1.60254300;0.00109317;14.33485428;0.89533830
2063;206.21139355;0.00000000;6.44322788;7.35398294;0.64324088;2.55679866;-1.60243318;0.00110424;14.34109612;0.89141561
2064;206.31135059;0.00000000;6.44007162;7.25407575;0.64008503;2.55995525;-1.60232225;0.00111531;14.34730792;0.88751150
2065;206.41130764;0.00000000;6.43692649;7.15416817;0.63694033;2.56310071;-1.60221021;0.00112638;14.35348984;0.88362588
2066;206.51126469;0.00000000;6.43379261;7.05426028;0.63380689;2.56623492;-1.60209707;0.00113745;14.35964205;0.87975863
2067;206.61122174;0.00000000;6.43067009;6.95435200;0.63068481;2.56935778;-1.60198282;0.00114853;14.36576472;0.87590967
2068;206.71117879;0.00000000;6.42755904;6.85444339;0.62757421;2.57246916;-1.60186746;0.00115959;14.37185801;0.87207888
2069;206.81113584;0.00000000;6.42445957;6.75453439;0.62447519;2.57556896;-1.60175100;0.00117065;14.37792209;0.86826618
2070;206.91109289;0.00000000;6.42137179;6.65462506;0.62138787;2.57865707;-1.60163343;0.00118175;14.38395711;0.86447146
2071;207.01104994;0.00000000;6.41829581;6.55471533;0.61831236;2.58173338;-1.60151475;0.00119286;14.38996325;0.86069463
2072;207.11100699;0.00000000;6.41523175;6.45480527;0.61524876;2.58479778;-1.60139497;0.00120382;14.39594065;0.85693559
2073;207.21096404;0.00000000;6.41217970;6.35489481;0.61219720;2.58785015;-1.60127409;0.00121474;14.40188949;0.85319424
2074;207.31092109;0.00000000;6.40913979;6.25498401;0.60915777;2.57964141;-1.60115210;0.00122624;14.40780991;0.84947048
2075;207.41087814;0.00000000;6.40611213;6.15507281;0.60613060;2.55842820;-1.60102895;0.00123784;14.41370207;0.84576423
2076;207.51083519;0.00000000;6.40309680;6.05516131;0.60311577;2.54096060;-1.60090536;0.00123255;14.41956614;0.84207539
2077;207.61079224;0.00000000;6.40009379;5.95524934;0.60011326;2.52731629;-1.60078256;0.00122439;14.42540226;0.83840387
2078;207.71074929;0.00000000;6.39710295;5.85533724;0.59712293;2.51755761;-1.60066267;0.00116744;14.43121059;0.83474956
2079;207.81070634;0.00000000;6.39412376;5.75542445;0.59414425;2.51173031;-1.60054924;0.00110216;14.43699129;0.83111238
2080;207.91066339;0.00000000;6.39115580;5.65551174;0.59873291;2.50986225;-1.60043485;0.00121225;14.44274449;0.82749225
2081;208.01062044;0.00000000;6.38819993;5.55559816;0.61963868;2.51196136;-1.60030667;0.00135238;14.44847036;0.82388906
2082;208.11057749;0.00000000;6.38525766;5.45568466;0.65462376;2.51490261;-1.60016210;0.00154856;14.45416905;0.82030272
2083;208.21053454;0.00000000;6.38233083;5.35577023;0.68329377;2.51782843;-1.59999702;0.00175438;14.45984070;0.81673315
2084;208.31049159;0.00000000;6.37942154;5.25585574;0.68038605;2.52073673;-1.59981142;0.00195919;14.46548545;0.81318026
2085;208.41044864;0.00000000;6.37653180;5.15594025;0.67749793;2.52362548;-1.59960535;0.00216383;14.47110347;0.80964395
2086;208.51040569;0.00000000;6.37366369;5.05602458;0.67463142;2.52649263;-1.59937882;0.00236875;14.47669489;0.80612415
2087;208.61036274;0.00000000;6.37081922;4.95610779;0.67178860;2.52933614;-1.59913181;0.00257370;14.48225985;0.80262076
2088;208.71031979;0.00000000;6.36800046;4.85619072;0.66897150;2.53215394;-1.59886431;0.00277860;14.48779851;0.79913369
2089;208.81027684;0.00000000;6.36520945;4.75627242;0.66618217;2.53494403;-1.59857633;0.00298349;14.49331100;0.79566286
2090;208.91023389;0.00000000;6.36244825;4.65635374;0.66342265;2.53770432;-1.59826786;0.00318840;14.49879747;0.79220818
2091;209.01019094;0.00000000;6.35971888;4.55643374;0.66069501;2.54043279;-1.59793892;0.00339331;14.50425805;0.78876957
2092;209.11014799;0.00000000;6.35702341;4.45651326;0.65800125;2.54312737;-1.59758949;0.00359823;14.50969289;0.78534694
2093;209.21010504;0.00000000;6.35436387;4.35659138;0.65534347;2.54578604;-1.59721958;0.00380315;14.51510212;0.78194021
2094;209.31006209;0.00000000;6.35174232;4.25666894;0.65272368;2.54840673;-1.59682919;0.00400808;14.52048589;0.77854929
2095;209.41001914;0.00000000;6.34916080;4.15674501;0.65014394;2.55098742;-1.59641831;0.00421300;14.52584433;0.77517411
2096;209.50997619;0.00000000;6.34662137;4.05682044;0.64760628;2.55352603;-1.59598695;0.00441787;14.53117758;-0.09688455
2097;209.60993324;0.00000000;6.34412606;3.95689432;0.64511277;2.55602055;-1.59553512;0.00462273;14.53051111;-11.79921152
2098;209.70989028;0.00000000;6.34167692;3.85696750;0.64266543;2.55846890;-1.59506281;0.00482757;14.44911500;-11.75918977
2099;209.80984733;0.00000000;6.33927600;3.75703907;0.64026633;2.56086906;-1.59457002;0.00503240;14.36753620;-11.72011609
2100;209.90980438;0.00000000;6.33692536;3.65710989;0.63791749;2.56321895;-1.59405676;0.00523725;14.28576495;-11.68199040
2101;210.00976143;0.00000000;6.33462702;3.55717905;0.63562097;2.56551657;-1.59352302;0.00544211;14.20379124;-11.64480638
2102;210.10971848;0.00000000;6.33238305;3.45724741;0.63337880;2.56775983;-1.59296880;0.00564697;14.12160489;-11.60856217
2103;210.20967553;0.00000000;6.33019547;3.35731408;0.63119305;2.56994672;-1.59239411;0.00585183;14.03919546;-11.57325117
2104;210.30963258;0.00000000;6.32806636;3.25737993;0.62906573;2.57207515;-1.59179894;0.00605670;13.95655234;-11.53887191
2105;210.40958963;0.00000000;6.32599774;3.15744407;0.62699891;2.57414312;-1.59118329;0.00626157;13.87366462;-11.50541820
2106;210.50954668;0.00000000;6.32399169;3.05750737;0.62499462;2.57614854;-1.59054716;0.00646645;13.79052119;-11.47288881
2107;210.60950373;0.00000000;6.32205021;2.95756896;0.62305491;2.57808940;-1.58989055;0.00667133;13.70711065;-11.44127808
2108;210.70946078;0.00000000;6.32017539;2.85762972;0.62118181;2.57996362;-1.58921347;0.00687623;13.62342136;-11.41058486
2109;210.80941783;0.00000000;6.31836926;2.75768877;0.61937739;2.58176918;-1.58851590;0.00708112;13.53944138;-11.38080392
2110;210.90937488;0.00000000;6.31663387;2.65774700;0.61764366;2.58350401;-1.58779785;0.00728603;13.45515848;-11.35193424
2111;211.00933193;0.00000000;6.31497126;2.55780357;0.61598270;2.58516608;-1.58705932;0.00749093;13.37056012;-11.32397121
2112;211.10928898;0.00000000;6.31338349;2.45785934;0.61439650;2.58675332;-1.58630031;0.00769585;13.28563346;-11.29691380
2113;211.20924603;0.00000000;6.31187260;2.35791350;0.61288716;2.58826371;-1.58552081;0.00790077;13.20036530;-11.27075740
2114;211.30920308;0.00000000;6.31044065;2.25796692;0.61145668;2.58969517;-1.58472083;0.00810570;13.11474212;-11.24550143
2115;211.40916013;0.00000000;6.30908967;2.15801880;0.61010713;2.59104568;-1.58390037;0.00831064;13.02875000;-11.22114345
2116;211.50911718;0.00000000;6.30782172;2.05806999;0.60884052;2.59231317;-1.58305942;0.00851558;12.94237466;-11.19768171
2117;211.60907423;0.00000000;6.30663885;1.95811974;0.60765893;2.59349561;-1.58219798;0.00872053;12.85560140;-11.17510845
2118;211.70903128;0.00000000;6.30554311;1.85816890;0.60656436;2.59459092;-1.58131606;0.00892551;12.76841515;-11.15342636
2119;211.80898833;0.00000000;6.30453653;1.75821672;0.60555889;2.59559709;-1.58041365;0.00913051;12.68080038;-11.13264926
2120;211.90894538;0.00000000;6.30362118;1.65826406;0.60464453;2.59651205;-1.57949075;0.00933542;12.59274096;-11.11276394
2121;212.00890243;0.00000000;6.30279910;1.55831020;0.60382335;2.59733375;-1.57854736;0.00954031;12.50422035;-11.09370783
2122;212.10885948;0.00000000;6.30207234;1.45835598;0.60309735;2.59806014;-1.57758349;0.00974559;12.41522203;-11.07552683
2123;212.20881653;0.00000000;6.30144294;1.35840073;0.60246861;2.59868918;-1.57659908;0.00995095;12.32572854;-11.05844122
2124;212.30877358;0.00000000;6.30091297;1.25844526;0.60193914;2.59921881;-1.57559421;0.01015493;12.23572007;-11.04227660
2125;212.40873063;0.00000000;6.30048446;1.15848896;0.60151101;2.59964699;-1.57456897;0.01035864;12.14517760;-10.96854814
2126;212.50868768;0.00000000;6.30015991;1.05853289;0.60118665;2.59997120;-1.57350662;0.01096399;12.05456642;-10.88597759
2127;212.60864473;0.00000000;6.29994491;0.95857574;0.60097172;2.60018589;-1.57237647;0.01164878;11.96395884;-10.64244631
2128;212.70860178;0.00000000;6.29984764;0.85862021;0.60087422;2.60028284;-1.57112958;0.01349328;11.87470994;-10.37407789
2129;212.80855883;0.00000000;6.29988520;0.75866214;0.60091146;2.60024500;-1.56967708;0.01556860;11.78706119;-10.17344232
2130;212.90851588;0.00000000;6.30007780;0.65870779;0.60110326;2.60005208;-1.56803534;0.01720801;11.70046995;-9.99092313
2131;213.00847293;0.00000000;6.30044233;0.55874935;0.60146695;2.59968727;-1.56623774;0.01875851;11.61480394;-9.79463517
2132;213.10842997;0.00000000;6.30099444;0.45879626;0.60201758;2.59913486;-1.56427922;0.02045431;11.53020316;-9.60038855
2133;213.20838702;0.00000000;6.30175094;0.35883971;0.60277246;2.59837809;-1.56214838;0.02217980;11.44667340;-9.38076292
2134;213.30834407;0.00000000;6.30272928;0.25888941;0.60374844;2.59739943;-1.55983518;0.02414626;11.36446150;-9.16121692
2135;213.40830112;0.00000000;6.30394891;0.15893776;0.60496540;2.59617951;-1.55732077;0.02616236;11.28359556;-8.95639659
2136;213.50825817;0.00000000;6.30542978;0.05899349;0.60644275;2.59469828;-1.55460769;0.02811205;11.20397335;-8.75925109
2137;213.60821522;0.00000000;6.30719155;-0.04094985;0.60820049;2.59293616;-1.55170089;0.03004780;11.12555262;-8.57232194
2138;213.70817227;0.00000000;6.30925339;-0.14088402;0.61025730;2.58979302;-1.54860223;0.03194678;11.04826651;-8.39172274
2139;213.80812932;0.00000000;6.31163441;-0.24081432;0.61263259;2.56457663;-1.54531433;0.03383826;10.97208136;-8.21673356
2140;213.90808637;0.00000000;6.31435333;-0.34073295;0.61534461;2.54214435;-1.54183761;0.03572655;10.89696877;-8.04684786
2141;214.00804342;0.00000000;6.31742914;-0.44064407;0.61841261;2.52005943;-1.53817208;0.03761445;10.82290396;-7.88198974
2142;214.10800047;0.00000000;6.32088048;-0.54054022;0.62185478;2.50140608;-1.53431800;0.03950123;10.74986182;-7.72183834
2143;214.20795752;0.00000000;6.32472633;-0.64042450;0.62569030;2.48624213;-1.53027520;0.04138836;10.67781929;-7.56635867
2144;214.30791457;0.00000000;6.32898527;-0.74028966;0.63402981;2.47461395;-1.52604390;0.04327486;10.60675271;-7.41525490
2145;214.40787162;0.00000000;6.33367624;-0.84013763;0.65205055;2.46655240;-1.52162391;0.04516211;10.53664031;-7.26855190
2146;214.50782867;0.00000000;6.33881781;-0.93996145;0.68476052;2.46141354;-1.51701539;0.04704870;10.46745924;-7.12593361
2147;214.60778572;0.00000000;6.34442888;-1.03976171;0.73020499;2.45580558;-1.51221816;0.04893635;10.39918883;-6.98742389
2148;214.70774277;0.00000000;6.35052796;-1.13953182;0.75092829;2.44971009;-1.50723233;0.05082370;10.33180739;-6.85271480
2149;214.80769982;0.00000000;6.35713390;-1.23927094;0.75753800;2.44310828;-1.50205772;0.05271254;10.26529540;-6.72184986
2150;214.90765687;0.00000000;6.36426519;-1.33897282;0.76467399;2.43598174;-1.49669435;0.05460142;10.19963220;-6.59452122
2151;215.00761392;0.00000000;6.37194059;-1.43863509;0.77235510;2.42831178;-1.49114204;0.05649226;10.13479942;-6.47077519
2152;215.10757097;0.00000000;6.38017859;-1.53825187;0.78060001;2.42008002;-1.48540072;0.05838362;10.07077753;-6.35031363
2153;215.20752802;0.00000000;6.38899783;-1.63781918;0.78942747;2.41126792;-1.47947023;0.06027749;10.00754929;-6.23321084
2154;215.30748507;0.00000000;6.39841681;-1.73733149;0.79885618;2.40185710;-1.47335037;0.06217222;9.94509608;-6.11915630
2155;215.40744212;0.00000000;6.40845401;-1.83678313;0.80890482;2.39182923;-1.46704100;0.06407003;9.88340176;-6.00818596
2156;215.50739917;0.00000000;6.41912797;-1.93616891;0.81959210;2.38116591;-1.46054179;0.06596971;9.82244925;-5.90002900
2157;215.60735622;0.00000000;6.43045697;-2.03548141;0.83093660;2.36984905;-1.45385257;0.06787324;9.76222364;-5.79482241
2158;215.70731327;0.00000000;6.44245960;-2.13471575;0.84295709;2.35786025;-1.44697291;0.06977841;9.70270806;-5.69223528
2159;215.80727032;0.00000000;6.45515392;-2.23386269;0.85567202;2.34518172;-1.43990271;0.07168792;9.64388851;-5.59223050
2160;215.90722737;0.00000000;6.46855858;-2.33291766;0.86910025;2.33179502;-1.43264133;0.07360144;9.58575088;-5.49458353
2161;216.00718442;0.00000000;6.48269137;-2.43186950;0.88326005;2.31768276;-1.42518853;0.07552072;9.52828291;-5.39946540
2162;216.10714147;0.00000000;6.49757103;-2.53071393;0.89817043;2.30282646;-1.41754355;0.07744321;9.47147010;-5.30657179
2163;216.20709852;0.00000000;6.51321502;-2.62943781;0.91384946;2.28720916;-1.40970631;0.07937162;9.41530070;-5.21622671
2164;216.30705557;0.00000000;6.52964220;-2.72803711;0.93031633;2.27081238;-1.40167598;0.08130167;9.35975908;-5.12794880
2165;216.40701262;0.00000000;6.54686961;-2.82649675;0.94758883;2.25361975;-1.39345270;0.08323816;9.30483427;-5.04051306
2166;216.50696967;0.00000000;6.56491623;-2.92481287;0.96568635;2.23561279;-1.38503472;0.08519460;9.25052816;-4.95451691
2167;216.60692671;0.00000000;6.58379876;-3.02296818;0.98462654;2.21675499;-1.37642073;0.08716370;9.19683605;-4.87205052
2168;216.70688376;0.00000000;6.60353651;-3.12095908;1.00442919;2.19697812;-1.36760996;0.08912043;9.14373019;-4.79168757
2169;216.80684081;0.00000000;6.62414552;-3.21876610;1.02511154;2.17632745;-1.35860402;0.09108088;9.09119772;-4.71809752
2170;216.90679786;0.00000000;6.64564503;-3.31638584;1.04669342;2.15478412;-1.34940368;0.09298834;9.03917373;-4.64735846
2171;217.00675491;0.00000000;6.66804989;-3.41379686;1.06919113;2.13233339;-1.34001414;0.09488912;8.98763535;-4.57847106
2172;217.10671196;0.00000000;6.69137886;-3.51099599;1.09242525;2.10895707;-1.33043382;0.09679491;8.93657028;-4.51090509
2173;217.20666901;0.00000000;6.71564584;-3.60795953;1.11654512;2.08464161;-1.32066304;0.09871193;8.88597180;-4.44381640
2174;217.30662606;0.00000000;6.74086984;-3.70468451;1.14162678;2.05936890;-1.31069909;0.10065050;8.83584253;-4.37759742
2175;217.40658311;0.00000000;6.76706407;-3.80114487;1.16768461;2.03312644;-1.30054107;0.10260549;8.78618061;-4.31302241
2176;217.50654016;0.00000000;6.79424796;-3.89733766;1.19474021;2.00589611;-1.29018659;0.10456675;8.73697521;-4.24953650
2177;217.60649721;0.00000000;6.82243388;-3.99323463;1.22280752;1.97766678;-1.27963619;0.10654111;8.68822154;-4.18717481
2178;217.70645426;0.00000000;6.85164150;-4.08883266;1.25190863;1.94842072;-1.26888706;0.10852788;8.63991425;-4.12563378
2179;217.80641131;0.00000000;6.88188225;-4.18410126;1.28205695;1.91814853;-1.25793936;0.11053082;8.59205132;-4.06510917
2180;217.90636836;0.00000000;6.91317606;-4.27903711;1.31327516;1.88683301;-1.24678992;0.11254708;8.54462833;-4.00527869
2181;218.00632541;0.00000000;6.94553335;-4.37360744;1.34557615;1.85446693;-1.23543898;0.11458077;8.49764447;-3.94633508
2182;218.10628246;0.00000000;6.97897435;-4.46780861;1.37898320;1.82103401;-1.22388309;0.11662904;8.45109659;-3.88793408
2183;218.20623951;0.00000000;7.01350834;-4.56160563;1.39158107;1.78652972;-1.21212251;0.11869641;8.40498547;-3.83021353
2184;218.30619656;0.00000000;7.04915583;-4.65499439;1.39796329;1.75093923;-1.20015340;0.12078072;8.35931020;-3.77286280
2185;218.40615361;0.00000000;7.08592489;-4.74793765;1.41260047;1.71426155;-1.18797600;0.12288613;8.31407352;-3.71600790
2186;218.50611066;0.00000000;7.12383628;-4.84043072;1.43526089;1.67648406;-1.17558607;0.12501059;8.26927664;-3.65935096
2187;218.60606771;0.00000000;7.16289678;-4.93243415;1.46558502;1.63817510;-1.16298382;0.12715815;8.22492433;-3.60295101
2188;218.70602476;0.00000000;7.20312737;-5.02394248;1.50312973;1.60397298;-1.15016460;0.12932769;8.18102069;-3.54655353
2189;218.80598181;0.00000000;7.24453344;-5.11491409;1.54454573;1.57413709;-1.13712853;0.13152265;8.13757295;-3.49016489
2190;218.90593886;0.00000000;7.28713616;-5.20534257;1.58721406;1.54889740;-1.12387050;0.13374264;8.09458834;-3.43357049
2191;219.00589591;0.00000000;7.33093943;-5.29518418;1.63114434;1.52846945;-1.11039055;0.13599054;8.05207683;-3.37666245
2192;219.10585296;0.00000000;7.37596458;-5.38443137;1.67636358;1.51302526;-1.09668307;0.13826759;8.01004986;-3.31930756
2193;219.20581001;0.00000000;7.42221393;-5.47303830;1.72288077;1.47836462;-1.08274789;0.14057542;7.96852072;-3.26131622
2194;219.30576706;0.00000000;7.46970888;-5.56099608;1.76406747;1.43059181;-1.06857892;0.14291646;7.92750524;-3.20262472
2195;219.40572411;0.00000000;7.51845012;-5.64825681;1.78734430;1.38164975;-1.05417578;0.14529116;7.88702032;-3.14287983
2196;219.50568116;0.00000000;7.56845901;-5.73481005;1.81721218;1.33553015;-1.03953184;0.14770446;7.84708758;-3.08211045
2197;219.60563821;0.00000000;7.61973454;-5.82060587;1.85336210;1.29413237;-1.02464638;0.15015517;7.80772862;-3.01972139
2198;219.70559526;0.00000000;7.67229790;-5.90563199;1.89219129;1.25789923;-1.00951210;0.15265201;7.76897299;-2.95599084
2199;219.80555231;0.00000000;7.72614636;-5.98983658;1.93544103;1.22577022;-0.99412782;0.15518949;7.73084711;-2.89038210
2200;219.90550936;0.00000000;7.78130080;-6.07320522;1.96416015;1.19379402;-0.97848588;0.15777527;7.69338475;-2.82301829
2201;220.00546640;0.00000000;7.83775665;-6.15568420;1.98427007;1.16408803;-0.96258490;0.16040602;7.65661856;-2.75254078
2202;220.10542345;0.00000000;7.89553433;-6.23725677;2.00972895;1.11421561;-0.94641610;0.16310289;7.62059945;-2.67970524
2203;220.20538050;0.00000000;7.95462731;-6.31786715;2.04130823;1.06988123;-0.92997678;0.16585136;7.58536915;-2.60339330
2204;220.30533755;0.00000000;8.01505538;-6.39749586;2.07875311;1.03177478;-0.91325768;0.16866836;7.55098471;-2.52442626
2205;220.40529460;0.00000000;8.07681033;-6.47608557;2.12175993;1.00060104;-0.89625604;0.17153741;7.51749305;-2.44092221
2206;220.50525165;0.00000000;8.13991079;-6.55361355;2.17002043;0.97699753;-0.87896202;0.17448831;7.48496673;-2.35373462
2207;220.60520870;0.00000000;8.20434663;-6.63002069;2.22319302;0.96150519;-0.86137146;0.17750290;7.45346780;-2.26367931
2208;220.70516575;0.00000000;8.27013530;-6.70528099;2.26040221;0.94050875;-0.84347528;0.18056331;7.42304795;-2.16979001
2209;220.80512280;0.00000000;8.33726394;-6.77933326;2.29410137;0.91016214;-0.82527232;0.18368279;7.39377232;-2.07165547
2210;220.90507985;0.00000000;8.40574822;-6.85214843;2.32600360;0.87146167;-0.80675254;0.18686426;7.36571219;-1.96909315
2211;221.00503690;0.00000000;8.47557320;-6.92366419;2.35200330;0.84109016;-0.78791360;0.19010598;7.33894179;-1.86283247
2212;221.10499395;0.00000000;8.54675219;-6.99384786;2.37861935;0.81994597;-0.76874659;0.19338931;7.31352583;-1.75032789
2213;221.20495100;0.00000000;8.61926659;-7.06263498;2.40112260;0.78794372;-0.74924952;0.19675456;7.28956411;-1.63043727
2214;221.30490805;0.00000000;8.69312720;-7.12998947;2.42167995;0.75471302;-0.72940931;0.20021519;7.26717259;-1.50455331
2215;221.40486510;0.00000000;8.76831351;-7.19584588;2.44807385;0.70620090;-0.70922183;0.20373716;7.24644851;-1.37201574
2216;221.50482215;0.00000000;8.84483221;-7.26016333;2.46486284;0.66726516;-0.68867762;0.20732390;7.22749824;-1.23048756
2217;221.60477920;0.00000000;8.92266100;-7.32287620;2.48010602;0.63964649;-0.66777161;0.21100873;7.21046038;-1.08043161
2218;221.70473625;0.00000000;9.00180211;-7.38393902;2.50131460;0.62481832;-0.64649157;0.21477114;7.19546701;-0.91981310
2219;221.80469330;0.00000000;9.08222816;-7.44328318;2.52836131;0.60986936;-0.62483235;0.21863617;7.18267790;-0.73623455
2220;221.90465035;0.00000000;9.16393833;-7.50085980;2.54816361;0.60668547;-0.60277016;0.22281918;7.17242485;-0.53994735
2221;222.00460740;0.00000000;9.24690501;-7.55659865;2.55447673;0.61763769;-0.58028506;0.22710317;7.16489603;-0.37348762
2222;222.10456445;0.00000000;9.33111788;-7.61044273;2.56692092;0.62317741;-0.55740364;0.23067562;7.15968363;-0.19801370
2223;222.20452150;0.00000000;9.41654926;-7.66233051;2.58184182;0.60067776;-0.53416687;0.23427670;7.15691860;-0.19801370
2224;222.30447855;0.00000000;9.50316224;-7.71220711;2.56309131;0.59202354;-0.51082291;0.23247662;7.15415251;-0.09645527
2225;222.40443560;0.00000000;9.59092296;-7.76006440;2.54055037;0.59783077;-0.48769252;0.23030363;7.15280472;0.01927764
2226;222.50439265;0.00000000;9.67974466;-7.80588370;2.52320131;0.61771014;-0.46488686;0.22596012;7.15307411;0.24061765
2227;222.60434970;0.00000000;9.76959919;-7.84969528;2.51195834;0.65040804;-0.44251550;0.22163340;7.15643571;0.45115341
2228;222.70430675;0.00000000;9.86038379;-7.89149733;2.50687101;0.69263277;-0.42058270;0.21726248;7.16273440;0.65506425
2229;222.80426380;0.00000000;9.95207141;-7.93132524;2.46913485;0.69586131;-0.39907733;0.21301280;7.17187009;0.84469146
2230;222.90422085;0.00000000;10.04457028;-7.96918526;2.43122814;0.70256510;-0.37798982;0.20896928;7.18363323;1.01673192
2231;223.00417790;0.00000000;10.13785522;-8.00511092;2.39519300;0.71536671;-0.35729842;0.20501823;7.19776670;1.17816684
2232;223.10413495;0.00000000;10.23184053;-8.03911146;2.36110782;0.73959409;-0.33699827;0.20120864;7.21410962;1.32723194
2233;223.20409200;0.00000000;10.32650790;-8.07122078;2.32893437;0.77188580;-0.31707138;0.19747796;7.23247606;1.46796614
2234;223.30404905;0.00000000;10.42177369;-8.10144991;2.29865715;0.80229229;-0.29751821;0.19380100;7.25273584;1.60229423
2235;223.40400609;0.00000000;10.51762399;-8.12983292;2.27023902;0.83083984;-0.27832481;0.19021406;7.27478510;1.72880741
