id; s_m; d_m; x_m; y_m; d_right; d_left; psi_rad; kappa_radpm; vx_mps; ax_mps2
0;0.00000000;0.00000000;4.91044147;-9.71096287;0.94414620;2.19555058;2.91905208;-0.13684347;8.30294428;2.29965795
1;0.09996497;0.00000000;4.81309610;-9.68823507;0.95301070;2.21292507;2.90541190;-0.13606215;8.33058546;2.28918659
2;0.19992994;0.00000000;4.71606722;-9.66418494;0.96129030;2.22767433;2.89184834;-0.13530600;8.35800999;2.27796659
3;0.29989491;0.00000000;4.61937390;-9.63882501;0.93902388;2.22675077;2.87835955;-0.13457047;8.38521107;2.26629907
4;0.39985988;0.00000000;4.52302928;-9.61216631;0.91541279;2.23165379;2.86494278;-0.13386172;8.41218555;2.25372842
5;0.49982485;0.00000000;4.42705083;-9.58422103;0.90098698;2.24233717;2.85159613;-0.13316956;8.43892491;2.24096258
6;0.59978982;0.00000000;4.33145242;-9.55500041;0.89619937;2.25871032;2.83831735;-0.13250254;8.46542906;2.22736685
7;0.69975479;0.00000000;4.23624960;-9.52451616;0.90121117;2.25058568;2.82510438;-0.13185335;8.49169043;2.21345182
8;0.79971976;0.00000000;4.14145696;-9.49277978;0.89837123;2.24540877;2.81195509;-0.13122859;8.51770754;2.19871828
9;0.89968473;0.00000000;4.04708839;-9.45980250;0.88151498;2.24598718;2.79886737;-0.13062047;8.54347302;2.18371929
10;0.99964970;0.00000000;3.95315912;-9.42559607;0.87450997;2.25231031;2.78583935;-0.13003596;8.56898607;2.16792287
11;1.09961467;0.00000000;3.85968151;-9.39017122;0.87759908;2.26432330;2.77286881;-0.12946794;8.59423963;2.15184046
12;1.19957964;0.00000000;3.76667134;-9.35353999;0.87401561;2.28192844;2.75995406;-0.12892277;8.61923269;2.13497901
13;1.29954461;0.00000000;3.67413962;-9.31571258;0.85490558;2.30498989;2.74709281;-0.12839384;8.64395849;2.11781934
14;1.39950958;0.00000000;3.58210258;-9.27670132;0.84595399;2.29908260;2.73428353;-0.12788710;8.66841588;2.09989568
15;1.49947455;0.00000000;3.49057004;-9.23651588;0.84748906;2.29314551;2.72152386;-0.12739649;8.69259834;2.08165271
16;1.59943952;0.00000000;3.39955859;-9.19516891;0.85898343;2.29283093;2.70881243;-0.12692745;8.71650450;2.06266010
17;1.69940449;0.00000000;3.30907701;-9.15266952;0.85968124;2.29290483;2.69614678;-0.12647459;8.74012804;2.04331654
18;1.79936946;0.00000000;3.21914219;-9.10903066;0.84583079;2.29577553;2.68352565;-0.12604272;8.76346725;2.02323674
19;1.89933443;0.00000000;3.12976199;-9.06426094;0.82588458;2.30423923;2.67094656;-0.12562720;8.78651603;2.00276727
20;1.99929940;0.00000000;3.04095354;-9.01837357;0.81452289;2.31822877;2.65840832;-0.12523222;8.80927222;1.98156841
21;2.09926437;0.00000000;2.95272391;-8.97137667;0.78673089;2.33719075;2.64590837;-0.12485374;8.83172984;1.95994368
22;2.19922934;0.00000000;2.86509039;-8.92328371;0.76279179;2.33845203;2.63344564;-0.12449521;8.85388634;1.93761069
23;2.29919431;0.00000000;2.77805940;-8.87410232;0.75025091;2.34521966;2.62101748;-0.12415419;8.87573601;1.91475024
24;2.39915928;0.00000000;2.69164834;-8.82384623;0.74968663;2.35744137;2.60862282;-0.12383295;8.89727518;1.89117229
25;2.49912424;0.00000000;2.60586309;-8.77252258;0.76112882;2.36022051;2.59625905;-0.12352798;8.91849806;1.86714599
26;2.59908921;0.00000000;2.52072115;-8.72014539;0.77637141;2.36374012;2.58392523;-0.12324252;8.93940188;1.84240239
27;2.69905418;0.00000000;2.43622799;-8.66672137;0.76229962;2.37269708;2.57161851;-0.12297676;8.95998088;1.81691751
28;2.79901915;0.00000000;2.35240085;-8.61226458;0.73449931;2.38702561;2.55933789;-0.12272892;8.98022904;1.79082738
29;2.89898412;0.00000000;2.26924514;-8.55678146;0.70730046;2.40662620;2.54708062;-0.12250114;9.00014186;1.76395267
30;2.99894909;0.00000000;2.18677814;-8.50028629;0.69235353;2.42156247;2.53484554;-0.12229379;9.01971288;1.73625641
31;3.09891406;0.00000000;2.10500483;-8.44278499;0.68523936;2.43272353;2.52262991;-0.12210255;9.03893523;1.70808680
32;3.19887903;0.00000000;2.02394271;-8.38429221;0.68309570;2.43898871;2.51043297;-0.12193261;9.05780591;1.67901209
33;3.29884400;0.00000000;1.94359660;-8.32481346;0.69426899;2.43368892;2.49824983;-0.12181395;9.07631713;1.64655849
34;3.39880897;0.00000000;1.86398345;-8.26436284;0.70777789;2.43370637;2.48607818;-0.12171365;9.09443396;1.61348066
35;3.49877394;0.00000000;1.78510894;-8.20294584;0.69462937;2.43903999;2.47391384;-0.12165752;9.11215189;1.57763144
36;3.59873891;0.00000000;1.70698992;-8.14057636;0.67658554;2.44965331;2.46175449;-0.12162100;9.12944291;1.54108320
37;3.69870388;0.00000000;1.62963211;-8.07725943;0.67184641;2.46547697;2.44959810;-0.12159003;9.14630179;1.50501034
38;3.79866885;0.00000000;1.55305259;-8.01300944;0.68057112;2.48640771;2.43744442;-0.12157637;9.16273612;1.46840811
39;3.89863382;0.00000000;1.47725672;-7.94783105;0.68808108;2.49936829;2.42529076;-0.12158046;9.17874239;1.43123619
40;3.99859879;0.00000000;1.40226128;-7.88173865;0.69437619;2.50049827;2.41313626;-0.12160184;9.19431666;1.39353278
41;4.09856376;0.00000000;1.32807211;-7.81473708;0.68133635;2.50307889;2.40097829;-0.12164143;9.20945535;1.35521816
42;4.19852873;0.00000000;1.25470581;-7.74684080;0.65866894;2.48898470;2.38881584;-0.12169988;9.22415397;1.31623927
43;4.29849370;0.00000000;1.18216828;-7.67805449;0.64488353;2.48005705;2.37664636;-0.12177336;9.23840744;1.27692426
44;4.39845867;0.00000000;1.11047612;-7.60839288;0.63526211;2.47635454;2.36446910;-0.12186452;9.25221419;1.23704577
45;4.49842364;0.00000000;1.03963528;-7.53786047;0.63548075;2.47790178;2.35228141;-0.12197330;9.26557014;1.19661103
46;4.59838861;0.00000000;0.96966226;-7.46647216;0.63448146;2.48468970;2.34008236;-0.12210040;9.27847123;1.15556362
47;4.69835358;0.00000000;0.90056324;-7.39423244;0.63226332;2.49667632;2.32786932;-0.12224464;9.29091277;1.11400997
48;4.79831855;0.00000000;0.83235470;-7.32115645;0.62882615;2.51378601;2.31564137;-0.12240733;9.30289117;1.07184281
49;4.89828352;0.00000000;0.76504295;-7.24724857;0.62416892;2.52746114;2.30339588;-0.12258671;9.31440162;1.02922013
50;4.99824849;0.00000000;0.69864438;-7.17252413;0.61829177;2.51752822;2.29113199;-0.12278438;9.32544098;0.98601033
51;5.09821346;0.00000000;0.63316554;-7.09698753;0.61583340;2.51276390;2.27884694;-0.12300127;9.33600463;0.94213840
52;5.19817843;0.00000000;0.56862287;-7.02065444;0.62824388;2.51320083;2.26653969;-0.12323753;9.34608710;0.89760502
53;5.29814340;0.00000000;0.50502313;-6.94352918;0.65467503;2.51883860;2.25420759;-0.12348920;9.35568288;0.85276691
54;5.39810837;0.00000000;0.44238251;-6.86562745;0.65286340;2.52963971;2.24184992;-0.12375768;9.36479022;0.80750797
55;5.49807334;0.00000000;0.38070810;-6.78695376;0.64083676;2.54164704;2.22946401;-0.12404626;9.37340604;0.76154866
56;5.59803831;0.00000000;0.32001641;-6.70752451;0.62758044;2.55487666;2.21704929;-0.12427772;9.38152425;0.72170186
57;5.69800328;0.00000000;0.26031358;-6.62734458;0.61309414;2.55401222;2.20463120;-0.12416876;9.38921120;0.71281741
58;5.79796825;0.00000000;0.20161313;-6.54643334;0.59738276;2.54017000;2.19222600;-0.12384695;9.39679736;0.72298687
59;5.89793322;0.00000000;0.14391639;-6.46479989;0.58914616;2.53143719;2.17990883;-0.12258220;9.40448549;0.81638589
60;5.99789819;0.00000000;0.08722512;-6.38246677;0.59654212;2.52785697;2.16771814;-0.12132429;9.41315926;0.90720797
61;6.09786316;0.00000000;0.03153627;-6.29945174;0.61902137;2.52943906;2.15565160;-0.12009484;9.42278862;0.99366244
62;6.19782813;0.00000000;-0.02315267;-6.21577303;0.64848182;2.52199123;2.14370705;-0.11888328;9.43332434;1.07684961
63;6.29779310;0.00000000;-0.07684275;-6.13145118;0.64430633;2.51171118;2.13188218;-0.11770152;9.44472883;1.15583917
64;6.39775807;0.00000000;-0.12953748;-6.04650265;0.63703470;2.49547227;2.12017421;-0.11654589;9.45695456;1.23109941
65;6.49772304;0.00000000;-0.18123842;-5.96094681;0.64420314;2.47341510;2.10858003;-0.11542212;9.46995898;1.30224183
66;6.59768801;0.00000000;-0.23194915;-5.87479953;0.66377883;2.45637191;2.09709745;-0.11431438;9.48369550;1.37081472
67;6.69765298;0.00000000;-0.28167165;-5.78807919;0.66748995;2.44443914;2.08572429;-0.11323236;9.49813388;1.43603933
68;6.79761795;0.00000000;-0.33041003;-5.70080041;0.66510731;2.43768235;2.07445848;-0.11216293;9.51323575;1.49920455
69;6.89758292;0.00000000;-0.37816611;-5.61298186;0.65805070;2.43613496;2.06329925;-0.11110385;9.52897635;1.56059294
70;6.99754789;0.00000000;-0.42494457;-5.52463704;0.66499494;2.43703746;2.05224502;-0.11006002;9.54533392;1.61982788
71;7.09751286;0.00000000;-0.47074753;-5.43578426;0.68552367;2.43828504;2.04129442;-0.10903266;9.56228276;1.67687239
72;7.19747783;0.00000000;-0.51558005;-5.34643613;0.71848111;2.43687437;2.03044573;-0.10801788;9.57979690;1.73215093
73;7.29744280;0.00000000;-0.55944446;-5.25661056;0.72625037;2.43369695;2.01969799;-0.10701609;9.59785484;1.78568840
74;7.39740776;0.00000000;-0.60234618;-5.16631932;0.73681685;2.42705330;2.00904961;-0.10602697;9.61643541;1.83757184
75;7.49737273;0.00000000;-0.64428776;-5.07558005;0.75340514;2.41862458;1.99849961;-0.10505067;9.63551844;1.88784159
76;7.59733770;0.00000000;-0.68527490;-4.98440367;0.74780577;2.41535848;1.98804646;-0.10408610;9.65508424;1.93665091
77;7.69730267;0.00000000;-0.72531041;-4.89280745;0.75447849;2.39867444;1.97768931;-0.10313333;9.67511479;1.98403895
78;7.79726764;0.00000000;-0.76440020;-4.80080160;0.77311438;2.37491945;1.96742666;-0.10219176;9.69559256;2.03010773
79;7.89723261;0.00000000;-0.80254734;-4.70840299;0.80288707;2.35617760;1.95725776;-0.10126125;9.71650114;2.07491101
80;7.99719758;0.00000000;-0.83975795;-4.61562117;0.84031375;2.34256123;1.94718116;-0.10034132;9.73782477;2.11853241
81;8.09716255;0.00000000;-0.87603533;-4.52247258;0.85085190;2.33415281;1.93719619;-0.09943179;9.75954862;2.16102688
82;8.19712752;0.00000000;-0.91138576;-4.42896616;0.85635193;2.33100012;1.92730145;-0.09853227;9.78165851;2.20246296
83;8.29709249;0.00000000;-0.94581279;-4.33511793;0.87114736;2.31676920;1.91749632;-0.09764247;9.80414104;2.24290172
84;8.39705746;0.00000000;-0.97932281;-4.24093626;0.88673091;2.30411923;1.90777949;-0.09676220;9.82698350;2.28239049
85;8.49702243;0.00000000;-1.01191963;-4.14643673;0.91213640;2.28830792;1.89815037;-0.09589109;9.85017375;2.32099207
86;8.59698740;0.00000000;-1.04360973;-4.05162720;0.92672134;2.25725673;1.88860769;-0.09502898;9.87370035;2.35874909
87;8.69695237;0.00000000;-1.07439716;-3.95652277;0.92075495;2.23117884;1.87915095;-0.09417543;9.89755239;2.39572672
88;8.79691734;0.00000000;-1.10428849;-3.86113083;0.92467278;2.21024327;1.86977893;-0.09333045;9.92171965;2.43194736
89;8.89688231;0.00000000;-1.13328797;-3.76546603;0.93835886;2.19459154;1.86049114;-0.09249360;9.94619223;2.46747520
90;8.99684728;0.00000000;-1.16140224;-3.66953532;0.96140347;2.18432965;1.85128642;-0.09166492;9.97096094;2.50232626
91;9.09681225;0.00000000;-1.18863577;-3.57335287;0.98865002;2.17952674;1.84216433;-0.09084393;9.99601680;2.53656691
92;9.19677722;0.00000000;-1.21499524;-3.47692522;1.01503392;2.18021090;1.83312375;-0.09003025;10.02135159;2.57025215
93;9.29674219;0.00000000;-1.24048534;-3.38026606;1.04055669;2.15965449;1.82416437;-0.08922319;10.04695765;2.60346782
94;9.39670716;0.00000000;-1.26511276;-3.28338158;1.06522244;2.13506665;1.81528512;-0.08842387;10.07282826;2.63611439
95;9.49667213;0.00000000;-1.28888240;-3.18628499;1.08903407;2.11133891;1.80648554;-0.08763203;10.09895575;2.66823281
96;9.59663710;0.00000000;-1.31180097;-3.08898213;1.11199660;2.08846378;1.79776458;-0.08684959;10.12533293;2.69964042
97;9.69660207;0.00000000;-1.33387351;-2.99148570;1.13411385;2.06643566;1.78912135;-0.08607811;10.15195084;2.73018777
98;9.79656704;0.00000000;-1.35510668;-2.89380120;1.15539141;2.04524724;1.78055475;-0.08531433;10.17879915;2.76022606
99;9.89653201;0.00000000;-1.37550562;-2.79594088;1.17583371;2.02489294;1.77206419;-0.08455889;10.20587106;2.78969828
100;9.99649698;0.00000000;-1.39507698;-2.69790992;1.19544672;2.00536562;1.76364869;-0.08380954;10.23315925;2.81885032
101;10.09646195;0.00000000;-1.41382604;-2.59972010;1.21423538;1.98665967;1.75530798;-0.08306554;10.26065889;2.84776736
102;10.19642692;0.00000000;-1.43175942;-2.50137633;1.23220591;1.96876808;1.74704120;-0.08232794;10.28836599;2.87634800
103;10.29639189;0.00000000;-1.44888255;-2.40288992;1.24936365;1.95168519;1.73884795;-0.08159661;10.31627563;2.90461344
104;10.39635686;0.00000000;-1.46520205;-2.30426551;1.26571498;1.93540410;1.73072740;-0.08087100;10.34438311;2.93262837
105;10.49632183;0.00000000;-1.48072347;-2.20551395;1.28126550;1.91991915;1.72267924;-0.08015075;10.37268443;2.96043904
106;10.59628680;0.00000000;-1.49545340;-2.10663966;1.29602172;1.90518203;1.71470268;-0.07943606;10.40117602;2.98802931
107;10.69625177;0.00000000;-1.50939752;-2.00765301;1.30998945;1.89121683;1.70679742;-0.07872659;10.42985422;3.01544315
108;10.79621674;0.00000000;-1.52256239;-1.90855822;1.32317526;1.87803358;1.69896270;-0.07802233;10.45871582;3.04268482
109;10.89618171;0.00000000;-1.53495379;-1.80936520;1.33558513;1.86562616;1.69119826;-0.07732295;10.48775764;3.06979774
110;10.99614668;0.00000000;-1.54657828;-1.71007794;1.34722565;1.85398788;1.68350336;-0.07662852;10.51697698;3.09677706
111;11.09611165;0.00000000;-1.55744171;-1.61070592;1.35810293;1.84311259;1.67587777;-0.07593868;10.54637109;3.12366780
112;11.19607662;0.00000000;-1.56755063;-1.51125295;1.36822358;1.83299364;1.66832079;-0.07525354;10.57593769;3.15046174
113;11.29604159;0.00000000;-1.57691098;-1.41172806;1.37759380;1.79820411;1.66083219;-0.07457274;10.60567440;3.17720301
114;11.39600656;0.00000000;-1.58552926;-1.31213486;1.38622019;1.76391321;1.65341131;-0.07389640;10.63557933;3.16715758
115;11.49597153;0.00000000;-1.59341150;-1.21248197;1.39453214;1.73542555;1.64605794;-0.07322415;10.66530624;3.14932322
116;11.59593650;0.00000000;-1.60056419;-1.11277281;1.40918146;1.71302494;1.63877147;-0.07255612;10.69478383;3.13163170
117;11.69590147;0.00000000;-1.60699341;-1.01301560;1.42997876;1.69694761;1.63155167;-0.07189195;10.72401549;3.11408114
118;11.79586644;0.00000000;-1.61270562;-0.91321358;1.45666649;1.68736817;1.62439798;-0.07123180;10.75300452;3.09666973
119;11.89583141;0.00000000;-1.61770697;-0.81337456;1.48541754;1.68153731;1.61731018;-0.07057533;10.78175418;3.07939568
120;11.99579638;0.00000000;-1.62200387;-0.71350161;1.51710118;1.64781048;1.61028772;-0.06992263;10.81026765;3.06225723
121;12.09576135;0.00000000;-1.62560254;-0.61360216;1.52560712;1.61836281;1.60333043;-0.06927334;10.83854803;3.04525266
122;12.19572632;0.00000000;-1.62850936;-0.51367911;1.52851409;1.59532558;1.59643778;-0.06862771;10.86659839;3.02838030
123;12.29569128;0.00000000;-1.63073059;-0.41373950;1.53374851;1.57897463;1.58960958;-0.06798543;10.89442172;3.01163849
124;12.39565625;0.00000000;-1.63227257;-0.31378609;1.54477271;1.56951298;1.58284534;-0.06734650;10.92202093;2.99502562
125;12.49562122;0.00000000;-1.63314160;-0.21382555;1.56146963;1.56705965;1.57614490;-0.06671057;10.94939891;2.97854010
126;12.59558619;0.00000000;-1.63334400;-0.11386046;1.58366557;1.56064228;1.56950779;-0.06607785;10.97655847;2.96218037
127;12.69555116;0.00000000;-1.63288609;-0.01389716;1.61113793;1.52980320;1.56293385;-0.06544806;11.00350237;2.94594491
128;12.79551613;0.00000000;-1.63177417;0.08606193;1.63755369;1.50562278;1.55642265;-0.06482169;11.03023332;2.92983223
129;12.89548110;0.00000000;-1.63001457;0.18601083;1.64721283;1.48842087;1.54997394;-0.06419862;11.05675396;2.91384084
130;12.99544607;0.00000000;-1.62761355;0.28594725;1.66220549;1.47471674;1.54358736;-0.06357623;11.08306691;2.89796932
131;13.09541104;0.00000000;-1.62457747;0.38586555;1.68239428;1.44692133;1.53726315;-0.06295344;11.10917472;2.88221625
132;13.19537601;0.00000000;-1.62091263;0.48576359;1.70760042;1.42622734;1.53100105;-0.06233076;11.13507990;2.86658023
133;13.29534098;0.00000000;-1.61662543;0.58563606;1.73110222;1.41294181;1.52480137;-0.06170703;11.16078490;2.85105991
134;13.39530595;0.00000000;-1.61172222;0.68548097;1.73950852;1.40120693;1.51866386;-0.06108620;11.18629214;2.83565394
135;13.49527092;0.00000000;-1.60620944;0.78529332;1.75298020;1.37024186;1.51258832;-0.06046810;11.21160399;2.82036102
136;13.59523589;0.00000000;-1.60009338;0.88507126;1.77140746;1.34659669;1.50657438;-0.05985284;11.23672277;2.80517984
137;13.69520086;0.00000000;-1.59338049;0.98481011;1.79464265;1.33065684;1.50062185;-0.05924028;11.26165077;2.79010914
138;13.79516583;0.00000000;-1.58607702;1.08450816;1.82250723;1.32269514;1.49473040;-0.05863010;11.28639023;2.77514768
139;13.89513080;0.00000000;-1.57818941;1.18416101;1.85224483;1.32284994;1.48889986;-0.05802212;11.31094335;2.76029423
140;13.99509577;0.00000000;-1.56972386;1.28376710;1.87456418;1.30095701;1.48312995;-0.05741651;11.33531230;2.74554759
141;14.09506074;0.00000000;-1.56068682;1.38332232;1.89503115;1.28163708;1.47742051;-0.05681310;11.35949920;2.73090657
142;14.19502571;0.00000000;-1.55108445;1.48282525;1.90363329;1.27048098;1.47177124;-0.05621188;11.38350614;2.71637002
143;14.29499068;0.00000000;-1.54092317;1.58227203;1.91535642;1.26769875;1.46618200;-0.05561270;11.40733517;2.70193678
144;14.39495565;0.00000000;-1.53020912;1.68166139;1.93164157;1.26140995;1.46065252;-0.05501558;11.43098831;2.68760574
145;14.49492062;0.00000000;-1.51894870;1.78098974;1.94199656;1.23844056;1.45518267;-0.05442037;11.45446754;2.67337580
146;14.59488559;0.00000000;-1.50714802;1.88025594;1.94814711;1.22377424;1.44977219;-0.05382710;11.47777481;2.65924585
147;14.69485056;0.00000000;-1.49481344;1.97945664;1.95885201;1.21770573;1.44442096;-0.05323562;11.50091202;2.64521485
148;14.79481553;0.00000000;-1.48195106;2.07859086;1.97404277;1.19916814;1.43912873;-0.05264596;11.52388108;2.63128173
149;14.89478050;0.00000000;-1.46856721;2.17765547;1.99362203;1.16561193;1.43389540;-0.05205797;11.54668381;2.61744546
150;14.99474547;0.00000000;-1.45466793;2.27664962;2.01746736;1.13955093;1.42872072;-0.05147169;11.56932205;2.60370503
151;15.09471044;0.00000000;-1.44025955;2.37557043;2.04132455;1.12233326;1.42360461;-0.05088696;11.59179759;2.59005944
152;15.19467541;0.00000000;-1.42534808;2.47441718;2.04389027;1.11436335;1.41854684;-0.05030384;11.61411218;2.57650769
153;15.29464038;0.00000000;-1.40993982;2.57318720;2.04434037;1.10780746;1.41354731;-0.04972217;11.63626756;2.56304883
154;15.39460535;0.00000000;-1.39404073;2.67187990;2.04917615;1.10465083;1.40860584;-0.04914199;11.65826544;2.54968189
155;15.49457032;0.00000000;-1.37765709;2.77049283;2.05837227;1.06678958;1.40372231;-0.04856317;11.68010748;2.53640594
156;15.59453529;0.00000000;-1.36079483;2.86902554;2.07187625;1.03768361;1.39889655;-0.04798575;11.70179534;2.52322005
157;15.69450026;0.00000000;-1.34346020;2.96747577;2.08960980;1.01807939;1.39412848;-0.04740959;11.72333065;2.51012332
158;15.79446523;0.00000000;-1.32565910;3.06584318;2.11147170;1.00852571;1.38941791;-0.04683473;11.74471499;2.49711485
159;15.89443020;0.00000000;-1.30739773;3.16412575;2.13734010;1.00930256;1.38476477;-0.04626105;11.76594995;2.48419375
160;15.99439517;0.00000000;-1.28868197;3.26232324;2.16707663;1.01906682;1.38016889;-0.04568858;11.78703707;2.47135916
161;16.09436014;0.00000000;-1.26951800;3.36043382;2.18010324;0.99301230;1.37563021;-0.04511719;11.80797788;2.45861022
162;16.19432511;0.00000000;-1.24991164;3.45845737;2.18378274;0.96015808;1.37114858;-0.04454694;11.82877388;2.44594609
163;16.29429008;0.00000000;-1.22986905;3.55639225;2.18352088;0.93730489;1.36672391;-0.04397769;11.84942654;2.43336593
164;16.39425505;0.00000000;-1.20939603;3.65423845;2.18739274;0.92518874;1.36235608;-0.04340950;11.86993732;2.42086893
165;16.49422002;0.00000000;-1.18849869;3.75199453;2.19538198;0.92422666;1.35804502;-0.04284223;11.89030766;2.40845429
166;16.59418499;0.00000000;-1.16718279;3.84966057;2.20744941;0.92978344;1.35379060;-0.04227593;11.91053896;2.39612121
167;16.69414996;0.00000000;-1.14545442;3.94723531;2.22353390;0.89143744;1.34959276;-0.04171049;11.93063262;2.38386890
168;16.79411493;0.00000000;-1.12331930;4.04471895;2.24355439;0.86342946;1.34545139;-0.04114596;11.95059000;2.37169659
169;16.89407990;0.00000000;-1.10078349;4.14211038;2.24626264;0.84678103;1.34136642;-0.04058221;11.97041247;2.35960353
170;16.99404487;0.00000000;-1.07785269;4.23940992;2.24550047;0.84216066;1.33733776;-0.04001929;11.99010133;2.34758896
171;17.09400984;0.00000000;-1.05453290;4.33661662;2.24878612;0.84975909;1.33336534;-0.03945710;12.00965792;2.33565215
172;17.19397481;0.00000000;-1.03082980;4.43373091;2.25610745;0.85866277;1.32944907;-0.03889567;12.02908351;2.32379236
173;17.29393977;0.00000000;-1.00674936;4.53075199;2.26743077;0.84653192;1.32558891;-0.03833491;12.04837938;2.31200888
174;17.39390474;0.00000000;-0.98229722;4.62768038;2.28270195;0.82720471;1.32178475;-0.03777485;12.06754679;2.30030101
175;17.49386971;0.00000000;-0.95747930;4.72451546;2.30184757;0.80636666;1.31803656;-0.03721539;12.08658697;2.28866803
176;17.59383468;0.00000000;-0.93230124;4.82125782;2.32180656;0.79797611;1.31434425;-0.03665658;12.10550114;2.27710927
177;17.69379965;0.00000000;-0.90676892;4.91790700;2.32491709;0.80241824;1.31070779;-0.03609832;12.12429050;2.26562404
178;17.79376462;0.00000000;-0.88088793;5.01446367;2.33195286;0.81666460;1.30712710;-0.03554065;12.14295624;2.25421167
179;17.89372959;0.00000000;-0.85466412;5.11092755;2.34288390;0.80043796;1.30360213;-0.03498348;12.16149952;2.24287151
180;17.99369456;0.00000000;-0.82810306;5.20729935;2.35766143;0.79053003;1.30013283;-0.03442685;12.17992150;2.23160290
181;18.09365953;0.00000000;-0.80121055;5.30357896;2.37008492;0.77659757;1.29671916;-0.03387067;12.19822332;2.22040519
182;18.19362450;0.00000000;-0.77399215;5.39976718;2.36522137;0.76991488;1.29336105;-0.03331497;12.21640608;2.20927776
183;18.29358947;0.00000000;-0.74645362;5.49586401;2.36424482;0.77038436;1.29005848;-0.03275968;12.23447090;2.19821997
184;18.39355444;0.00000000;-0.71860049;5.59187034;2.36716564;0.78403082;1.28681139;-0.03220483;12.25241888;2.18723121
185;18.49351941;0.00000000;-0.69043847;5.68778632;2.37397491;0.78119836;1.28361976;-0.03165034;12.27025107;2.17631088
186;18.59348438;0.00000000;-0.66197307;5.78361289;2.38464478;0.76785448;1.28048352;-0.03109625;12.28796855;2.16545835
187;18.69344935;0.00000000;-0.63320997;5.87935036;2.39912905;0.74919938;1.27740267;-0.03054249;12.30557235;2.15467305
188;18.79341432;0.00000000;-0.60415466;5.97499970;2.41624564;0.74393471;1.27437715;-0.02998907;12.32306352;2.14395439
189;18.89337929;0.00000000;-0.57481278;6.07056138;2.42045721;0.75233624;1.27140695;-0.02943594;12.34044308;2.13330179
190;18.99334426;0.00000000;-0.54518979;6.16603643;2.42442536;0.74997099;1.26849201;-0.02888314;12.35771201;2.12271467
191;19.09330923;0.00000000;-0.51529130;6.26142544;2.43126940;0.73235972;1.26563233;-0.02833060;12.37487133;2.11219247
192;19.19327420;0.00000000;-0.48512274;6.35672950;2.44133657;0.70694008;1.26282787;-0.02777830;12.39192200;2.10173464
193;19.29323917;0.00000000;-0.45468968;6.45194933;2.44822454;0.69537714;1.26007861;-0.02722618;12.40886500;2.09134062
194;19.39320414;0.00000000;-0.42399756;6.54708605;2.45889030;0.68928699;1.25738453;-0.02667439;12.42570128;2.08100988
195;19.49316911;0.00000000;-0.39305188;6.64214053;2.46399601;0.67999778;1.25474559;-0.02612288;12.44243177;2.07074187
196;19.59313408;0.00000000;-0.36185807;6.73711392;2.45591572;0.67232137;1.25216177;-0.02557146;12.45905742;2.06053607
197;19.69309905;0.00000000;-0.33042159;6.83200723;2.45163232;0.67967983;1.24963309;-0.02502001;12.47557913;2.05039195
198;19.79306402;0.00000000;-0.29874787;6.92682165;2.45117123;0.70159493;1.24715951;-0.02446885;12.49199781;2.04030900
199;19.89302899;0.00000000;-0.26684232;7.02155830;2.45454011;0.69464060;1.24474102;-0.02391799;12.50831436;2.03028670
200;19.99299396;0.00000000;-0.23471036;7.11621838;2.46172871;0.69049163;1.24237758;-0.02336732;12.52452966;2.02032456
201;20.09295893;0.00000000;-0.20235736;7.21080317;2.47270913;0.67593123;1.24006919;-0.02281673;12.54064458;2.01042207
202;20.19292390;0.00000000;-0.16978872;7.30531388;2.48743650;0.67622540;1.23781589;-0.02226318;12.55665999;2.00057875
203;20.29288887;0.00000000;-0.13700981;7.39975192;2.48624744;0.68347250;1.23561824;-0.02170534;12.57257673;1.99079410
204;20.39285384;0.00000000;-0.10402609;7.49411857;2.48629381;0.69965760;1.23347637;-0.02114638;12.58839565;1.98106764
205;20.49281881;0.00000000;-0.07084293;7.58841535;2.49014516;0.71322452;1.23139049;-0.02058574;12.60411757;1.97139891
206;20.59278378;0.00000000;-0.03746583;7.68264357;2.49778944;0.69316944;1.22936065;-0.02002556;12.61974332;1.96178743
207;20.69274875;0.00000000;-0.00390013;7.77680487;2.50443833;0.65929551;1.22738676;-0.01946591;12.63527370;1.95223274
208;20.79271372;0.00000000;0.02984870;7.87090057;2.51226866;0.63960161;1.22546883;-0.01890624;12.65070952;1.94273438
209;20.89267869;0.00000000;0.06377535;7.96493244;2.50718468;0.62793850;1.22360684;-0.01834650;12.66605156;1.93329190
210;20.99264366;0.00000000;0.09787435;8.05890180;2.49676582;0.62512317;1.22180081;-0.01778676;12.68130060;1.92390486
211;21.09260863;0.00000000;0.13214043;8.15281052;2.49014170;0.63832524;1.22005074;-0.01722698;12.69645743;1.91457280
212;21.19257360;0.00000000;0.16656813;8.24665994;2.48734827;0.66658839;1.21835662;-0.01666721;12.71152279;1.90529529
213;21.29253857;0.00000000;0.20115220;8.34045203;2.48840404;0.65479643;1.21671846;-0.01610741;12.72649744;1.89607190
214;21.39250354;0.00000000;0.23588719;8.43418815;2.49330967;0.65715956;1.21513626;-0.01554769;12.74138214;1.88690221
215;21.49246851;0.00000000;0.27076789;8.52787035;2.50204810;0.64735049;1.21361001;-0.01498808;12.75617760;1.87778579
216;21.59243348;0.00000000;0.30578884;8.62149999;2.51439705;0.64210724;1.21213972;-0.01442748;12.77088456;1.86872222
217;21.69239845;0.00000000;0.34094486;8.71507923;2.50870548;0.61953417;1.21072557;-0.01386538;12.78550375;1.85971109
218;21.79236342;0.00000000;0.37623048;8.80860943;2.50685164;0.61277997;1.20936751;-0.01330837;12.80003586;1.85075199
219;21.89232839;0.00000000;0.41164058;8.90209283;2.50884959;0.62235438;1.20806460;-0.01275884;12.81448160;1.84184452
220;21.99229336;0.00000000;0.44716981;8.99553076;2.51469563;0.64752823;1.20681656;-0.01221291;12.82884167;1.83298828
221;22.09225833;0.00000000;0.48281317;9.08892549;2.52431262;0.64273155;1.20562272;-0.01167229;12.84311675;1.82418288
222;22.19222329;0.00000000;0.51856540;9.18227831;2.53043512;0.62667968;1.20448292;-0.01113185;12.85730752;1.81542792
223;22.29218826;0.00000000;0.55442158;9.27559156;2.51481871;0.61175029;1.20339712;-0.01059166;12.87141465;1.80672302
224;22.39215323;0.00000000;0.59037643;9.36886650;2.50299487;0.61307800;1.20236533;-0.01005147;12.88543880;1.79806779
225;22.49211820;0.00000000;0.62642510;9.46210556;2.49502283;0.63055490;1.20138753;-0.00951128;12.89938063;1.78946186
226;22.59208317;0.00000000;0.66256229;9.55531000;2.49094505;0.66151035;1.20046373;-0.00897114;12.91324079;1.78090486
227;22.69204814;0.00000000;0.69878317;9.64848231;2.49078602;0.65226515;1.19959393;-0.00843106;12.92701991;1.77239641
228;22.79201311;0.00000000;0.73508244;9.74162374;2.49455189;0.65521843;1.19877811;-0.00789102;12.94071864;1.76393616
229;22.89197808;0.00000000;0.77145530;9.83473683;2.50223031;0.64839792;1.19801627;-0.00735105;12.95433760;1.75552373
230;22.99194305;0.00000000;0.80789644;9.92782284;2.51064549;0.63548958;1.19730842;-0.00681107;12.96787740;1.74715877
231;23.09190802;0.00000000;0.84440109;10.02088435;2.50403339;0.61630422;1.19665454;-0.00627110;12.98133867;1.73884093
232;23.19187299;0.00000000;0.88096392;10.11392260;2.50133929;0.61308856;1.19605463;-0.00573130;12.99472201;1.73056985
233;23.29183796;0.00000000;0.91758020;10.20694024;2.50258121;0.62608339;1.19550867;-0.00519178;13.00802801;1.72234519
234;23.39180293;0.00000000;0.95424462;10.29993856;2.50775869;0.65431850;1.19501665;-0.00465172;13.02125728;1.71416661
235;23.49176790;0.00000000;0.99095243;10.39292018;2.51685282;0.67620450;1.19457868;-0.00411088;13.03441040;1.70603376
236;23.59173287;0.00000000;1.02769826;10.48588625;2.52012248;0.66758434;1.19419498;-0.00355910;13.04748794;1.69794631
237;23.69169784;0.00000000;1.06447731;10.57883963;2.50399454;0.62787117;1.19386761;-0.00299068;13.06049049;1.68990394
238;23.79166281;0.00000000;1.10128387;10.67178135;2.49174604;0.60232646;1.19359823;-0.00236297;13.07341862;1.68190630
239;23.89162778;0.00000000;1.13811252;10.76471488;2.48344052;0.59277806;1.19339790;-0.00164517;13.08627287;1.67395307
240;23.99159275;0.00000000;1.17495640;10.85764206;2.47912476;0.59998331;1.19326518;-0.00113602;13.09905382;1.66604394
241;24.09155772;0.00000000;1.21181112;10.95056527;2.47882452;0.62335686;1.19316118;-0.00094470;13.11176201;1.65817857
242;24.19152269;0.00000000;1.24867466;11.04348503;2.48254335;0.65002716;1.19307496;-0.00082132;13.12439799;1.65035667
243;24.29148766;0.00000000;1.28554587;11.13640173;2.49026445;0.66138795;1.19299385;-0.00080153;13.13696230;1.64257791
244;24.39145263;0.00000000;1.32242453;11.22931547;2.50195101;0.64201022;1.19291470;-0.00078218;13.14945546;1.63484198
245;24.49141760;0.00000000;1.35931044;11.32222631;2.51754800;0.62559471;1.19283745;-0.00076346;13.16187801;1.62714858
246;24.59138257;0.00000000;1.39620344;11.41513432;2.51577993;0.62494470;1.19276207;-0.00074462;13.17423047;1.61949740
247;24.69134754;0.00000000;1.43310337;11.50803961;2.50991167;0.64010801;1.19268858;-0.00072559;13.18651336;1.61188815
248;24.79131251;0.00000000;1.47001003;11.60094221;2.50800999;0.67001170;1.19261700;-0.00070659;13.19872718;1.60432053
249;24.89127748;0.00000000;1.50692326;11.69384221;2.51008412;0.69296165;1.19254731;-0.00068765;13.21087245;1.59679424
250;24.99124245;0.00000000;1.54384286;11.78673966;2.50589233;0.67732064;1.19247952;-0.00066870;13.22294967;1.58930898
251;25.09120742;0.00000000;1.58076869;11.87963466;2.49005912;0.64046454;1.19241362;-0.00064973;13.23495932;1.58186449
252;25.19117239;0.00000000;1.61770054;11.97252724;2.47815383;0.61775427;1.19234962;-0.00063077;13.24690192;1.57446046
253;25.29113736;0.00000000;1.65463825;12.06541751;2.47023346;0.61076962;1.19228751;-0.00061181;13.25877793;1.56709661
254;25.39110233;0.00000000;1.69158164;12.15830550;2.46633657;0.62004208;1.19222730;-0.00059285;13.27058784;1.55977267
255;25.49106730;0.00000000;1.72853054;12.25119132;2.46648243;0.64121437;1.19216898;-0.00057389;13.28233213;1.55248835
256;25.59103227;0.00000000;1.76548476;12.34407501;2.47067052;0.66635382;1.19211256;-0.00055493;13.29401128;1.54524338
257;25.69099724;0.00000000;1.80244414;12.43695666;2.47888053;0.67285981;1.19205803;-0.00053596;13.30562574;1.53803750
258;25.79096221;0.00000000;1.83940849;12.52983632;2.49107288;0.65510321;1.19200540;-0.00051700;13.31717598;1.53087042
259;25.89092718;0.00000000;1.87637765;12.62271408;2.50718967;0.64121881;1.19195467;-0.00049804;13.32866245;1.52374188
260;25.99089215;0.00000000;1.91335142;12.71558998;2.50171838;0.64277154;1.19190583;-0.00047908;13.34008562;1.51665162
261;26.09085712;0.00000000;1.95032965;12.80846413;2.49627549;0.63791117;1.19185889;-0.00046012;13.35144593;1.50959938
262;26.19082209;0.00000000;1.98731214;12.90133656;2.49482481;0.63924355;1.19181384;-0.00044116;13.36274383;1.50258490
263;26.29078706;0.00000000;2.02429874;12.99420738;2.49737349;0.64435452;1.19177069;-0.00042219;13.37397975;1.49560791
264;26.39075203;0.00000000;2.06128925;13.08707662;2.50390950;0.66463866;1.19172943;-0.00040323;13.38515413;1.48866817
265;26.49071700;0.00000000;2.09828351;13.17994438;2.51075048;0.65483930;1.19169007;-0.00038427;13.39626741;1.48176542
266;26.59068197;0.00000000;2.13528133;13.27281071;2.51418394;0.63483915;1.19165260;-0.00036531;13.40732001;1.47489941
267;26.69064694;0.00000000;2.17228255;13.36567570;2.50674732;0.63025199;1.19161703;-0.00034634;13.41831235;1.46806989
268;26.79061191;0.00000000;2.20928697;13.45853940;2.49601376;0.64140841;1.19158336;-0.00032738;13.42924486;1.46127663
269;26.89057688;0.00000000;2.24629444;13.55140190;2.48924828;0.65723068;1.19155158;-0.00030842;13.44011794;1.45451937
270;26.99054185;0.00000000;2.28330477;13.64426324;2.48340831;0.68381975;1.19152170;-0.00028946;13.45093202;1.44779787
271;27.09050681;0.00000000;2.32031780;13.73712353;2.48093660;0.68569445;1.19149371;-0.00027052;13.46168750;1.44111190
272;27.19047178;0.00000000;2.35733332;13.82998280;2.48248838;0.67148422;1.19146761;-0.00025151;13.47238479;1.43446122
273;27.29043675;0.00000000;2.39435119;13.92284116;2.48805631;0.66004119;1.19144343;-0.00023241;13.48302428;1.42784560
274;27.39040172;0.00000000;2.43137121;14.01569864;2.48678372;0.66363147;1.19142115;-0.00021329;13.49360636;1.42126480
275;27.49036669;0.00000000;2.46839322;14.10855534;2.48180724;0.65716122;1.19140078;-0.00019412;13.50413145;1.41471859
276;27.59033166;0.00000000;2.50541702;14.20141132;2.48085015;0.65311486;1.19138234;-0.00017496;13.51459991;1.40820674
277;27.69029663;0.00000000;2.54244245;14.29426666;2.48391728;0.66021427;1.19136580;-0.00015581;13.52501214;1.40172904
278;27.79026160;0.00000000;2.57946932;14.38712141;2.49099396;0.68205188;1.19135119;-0.00013666;13.53536852;1.39528525
279;27.89022657;0.00000000;2.61649746;14.47997566;2.49118671;0.67044736;1.19133848;-0.00011750;13.54566943;1.38887515
280;27.99019154;0.00000000;2.65352669;14.57282947;2.49515376;0.65302669;1.19132769;-0.00009835;13.55591524;1.38249852
281;28.09015651;0.00000000;2.69055684;14.66568293;2.49089996;0.65067296;1.19131882;-0.00007919;13.56610633;1.37615515
282;28.19012148;0.00000000;2.72758772;14.75853608;2.47896325;0.64069794;1.19131186;-0.00006004;13.57624305;1.36984482
283;28.29008645;0.00000000;2.76461916;14.85138903;2.46893015;0.62614225;1.19130682;-0.00004088;13.58632579;1.36356731
284;28.39005142;0.00000000;2.80165098;14.94424180;2.46291642;0.62737619;1.19130369;-0.00002173;13.59635489;1.35732241
285;28.49001639;0.00000000;2.83868300;15.03709452;2.46095174;0.64430887;1.19130247;-0.00000257;13.60633072;1.35110991
286;28.58998136;0.00000000;2.87571504;15.12994720;2.46304598;0.67576104;1.19130317;0.00001658;13.61625364;1.34492960
287;28.68994633;0.00000000;2.91274693;15.22279997;2.46918900;0.67962561;1.19130579;0.00003574;13.62612398;1.33878128
288;28.78991130;0.00000000;2.94977849;15.31565285;2.47935090;0.68404968;1.19131032;0.00005489;13.63594211;1.33266473
289;28.88987627;0.00000000;2.98680954;15.40850595;2.49348274;0.67353693;1.19131676;0.00007405;13.64570837;1.32657977
290;28.98984124;0.00000000;3.02383990;15.50135931;2.48206187;0.66761289;1.19132512;0.00009321;13.65542309;1.32052617
291;29.08980621;0.00000000;3.06086940;15.59421302;2.47450011;0.67656980;1.19133540;0.00011236;13.66508663;1.31450376
292;29.18977118;0.00000000;3.09789785;15.68706714;2.47096377;0.69983635;1.19134759;0.00013152;13.67469931;1.30851232
293;29.28973615;0.00000000;3.13492508;15.77992176;2.47147035;0.68676020;1.19136169;0.00015067;13.68426147;1.30255166
294;29.38970112;0.00000000;3.17195091;15.87277693;2.47601753;0.67176947;1.19137771;0.00016983;13.69377344;1.29662158
295;29.48966609;0.00000000;3.20897517;15.96563274;2.47107486;0.67148534;1.19139565;0.00018898;13.70323555;1.29072190
296;29.58963106;0.00000000;3.24599767;16.05848923;2.45750427;0.65194994;1.19141549;0.00020814;13.71264812;1.28485241
297;29.68959603;0.00000000;3.28301825;16.15134650;2.44794601;0.63976109;1.19143726;0.00022730;13.72201148;1.27901294
298;29.78956100;0.00000000;3.32003671;16.24420461;2.44244738;0.64306520;1.19146094;0.00024645;13.73132594;1.27320329
299;29.88952597;0.00000000;3.35705288;16.33706364;2.44103600;0.66163004;1.19148653;0.00026561;13.74059181;1.26742327
300;29.98949094;0.00000000;3.39406659;16.42992364;2.44371914;0.69423220;1.19151404;0.00028476;13.74980943;1.26167270
301;30.08945591;0.00000000;3.43107766;16.52278470;2.45048354;0.69942255;1.19154346;0.00030392;13.75897908;1.25595140
302;30.18942088;0.00000000;3.46808589;16.61564688;2.46129575;0.70200237;1.19157480;0.00032308;13.76810109;1.25025918
303;30.28938585;0.00000000;3.50509114;16.70851027;2.47212486;0.68605115;1.19160806;0.00034223;13.77717576;1.24459587
304;30.38935082;0.00000000;3.54209321;16.80137490;2.46105215;0.67439802;1.19164323;0.00036139;13.78620339;1.23896128
305;30.48931579;0.00000000;3.57909192;16.89424089;2.45400851;0.65776081;1.19168031;0.00038055;13.79518428;1.23335524
306;30.58928076;0.00000000;3.61608710;16.98710827;2.45102887;0.65609975;1.19171931;0.00039970;13.80411873;1.22777756
307;30.68924573;0.00000000;3.65307857;17.07997715;2.45212822;0.66952613;1.19176022;0.00041886;13.81300704;1.22222808
308;30.78921070;0.00000000;3.69006615;17.17284755;2.45730128;0.69716863;1.19180305;0.00043802;13.82184950;1.21670663
309;30.88917567;0.00000000;3.72704966;17.26571960;2.46652262;0.68768645;1.19184779;0.00045717;13.83064639;1.21121302
310;30.98914064;0.00000000;3.76402893;17.35859331;2.47974725;0.66319980;1.19189445;0.00047633;13.83939801;1.20574709
311;31.08910561;0.00000000;3.80100378;17.45146881;2.46663349;0.65324962;1.19194303;0.00049549;13.84810465;1.20030867
312;31.18907058;0.00000000;3.83797402;17.54434612;2.45427232;0.65849501;1.19199352;0.00051464;13.85676658;1.19489760
313;31.28903555;0.00000000;3.87493949;17.63722535;2.44594268;0.67858350;1.19204592;0.00053380;13.86538408;1.18951369
314;31.38900052;0.00000000;3.91190000;17.73010653;2.44168601;0.71226011;1.19210024;0.00055296;13.87395744;1.18415680
315;31.48896549;0.00000000;3.94885538;17.82298977;2.44152381;0.71888349;1.19215647;0.00057212;13.88248694;1.17882676
316;31.58893046;0.00000000;3.98580545;17.91587511;2.44545709;0.71425620;1.19221462;0.00059127;13.89097283;1.17352340
317;31.68889543;0.00000000;4.02275003;18.00876265;2.45346634;0.69822831;1.19227469;0.00061043;13.89941541;1.16824656
318;31.78886040;0.00000000;4.05968893;18.10165243;2.44470709;0.68998591;1.19233667;0.00062959;13.90781493;1.16299609
319;31.88882537;0.00000000;4.09662199;18.19454455;2.43824207;0.67565963;1.19240056;0.00064875;13.91617167;1.15777181
320;31.98879033;0.00000000;4.13354903;18.28743904;2.43587224;0.67596491;1.19246637;0.00066791;13.92448589;1.15257359
321;32.08875530;0.00000000;4.17046987;18.38033602;2.43760974;0.69088218;1.19253410;0.00068706;13.93275784;1.14740125
322;32.18872027;0.00000000;4.20738432;18.47323552;2.44344600;0.71585947;1.19260373;0.00070622;13.94098781;1.14225465
323;32.28868524;0.00000000;4.24429221;18.56613764;2.45335196;0.69615179;1.19267529;0.00072538;13.94917603;1.13713363
324;32.38865021;0.00000000;4.28119337;18.65904242;2.46727879;0.67390299;1.19274876;0.00074454;13.95732277;1.13203804
325;32.48861518;0.00000000;4.31808762;18.75194996;2.45185803;0.66606249;1.19282415;0.00076370;13.96542829;1.12696773
326;32.58858015;0.00000000;4.35497476;18.84486031;2.44006657;0.66895075;1.19290145;0.00078286;13.97349283;1.12192254
327;32.68854512;0.00000000;4.39185465;18.93777355;2.43233755;0.66333053;1.19298066;0.00080201;13.98151665;1.11690233
328;32.78851009;0.00000000;4.42872707;19.03068974;2.42870994;0.66879394;1.19306179;0.00082117;13.98949999;1.11190695
329;32.88847506;0.00000000;4.46559188;19.12360897;2.42920230;0.67916229;1.19314484;0.00084033;13.99744311;1.10693625
330;32.98844003;0.00000000;4.50244887;19.21653127;2.43381233;0.70371320;1.19322980;0.00085949;14.00534624;1.10199009
331;33.08840500;0.00000000;4.53929789;19.30945677;2.44124351;0.70952321;1.19331668;0.00087865;14.01320962;1.09706833
332;33.18836997;0.00000000;4.57613874;19.40238548;2.43131781;0.70479465;1.19340547;0.00089781;14.02103351;1.09217081
333;33.28833494;0.00000000;4.61297125;19.49531751;2.42548391;0.69261281;1.19349618;0.00091697;14.02881814;1.08729740
334;33.38829991;0.00000000;4.64979524;19.58825290;2.42377154;0.69473940;1.19358880;0.00093613;14.03656374;1.08244795
335;33.48826488;0.00000000;4.68661054;19.68119176;2.42618963;0.71104585;1.19368334;0.00095529;14.04427056;1.07762233
336;33.58822985;0.00000000;4.72341696;19.77413411;2.43272605;0.73052097;1.19377979;0.00097445;14.05193882;1.07282040
337;33.68819482;0.00000000;4.76021433;19.86708007;2.44334794;0.70894055;1.19387816;0.00099361;14.05956875;1.06804201
338;33.78815979;0.00000000;4.79700246;19.96002966;2.45382652;0.68894042;1.19397844;0.00101277;14.06716059;1.06328704
339;33.88812476;0.00000000;4.83378118;20.05298299;2.43862013;0.68312024;1.19408064;0.00103193;14.07471456;1.05855534
340;33.98808973;0.00000000;4.87055031;20.14594010;2.42744878;0.68419524;1.19418476;0.00105109;14.08223089;1.05384678
341;34.08805470;0.00000000;4.90730968;20.23890109;2.42036851;0.68055000;1.19429079;0.00107025;14.08970980;1.04916122
342;34.18801967;0.00000000;4.94405910;20.33186600;2.41741548;0.68044604;1.19439873;0.00108941;14.09715152;1.04449854
343;34.28798464;0.00000000;4.98079840;20.42483492;2.41860500;0.69246286;1.19450859;0.00110857;14.10455627;1.03985860
344;34.38794961;0.00000000;5.01752739;20.51780790;2.42393114;0.71831312;1.19462037;0.00112773;14.11192426;1.03524127
345;34.48791458;0.00000000;5.05424591;20.61078504;2.43336695;0.71939092;1.19473406;0.00114689;14.11925572;1.03064641
346;34.58787955;0.00000000;5.09095375;20.70376636;2.44580818;0.71826269;1.19484967;0.00116606;14.12655086;1.02607391
347;34.68784452;0.00000000;5.12765077;20.79675199;2.45956537;0.70806742;1.19496719;0.00118522;14.13380989;1.02152363
348;34.78780949;0.00000000;5.16433676;20.88974194;2.45341372;0.71188965;1.19508663;0.00120438;14.14103303;1.01699545
349;34.88777446;0.00000000;5.20101157;20.98273632;2.44595472;0.69263701;1.19520798;0.00122354;14.14822049;1.01248923
350;34.98773943;0.00000000;5.23767499;21.07573518;2.44184049;0.68540011;1.19533125;0.00124270;14.15537248;1.00800485
351;35.08770440;0.00000000;5.27432687;21.16873860;2.44182762;0.69265399;1.19545643;0.00126186;14.16248920;1.00354220
352;35.18766937;0.00000000;5.31096700;21.26174663;2.44591635;0.71395693;1.19558353;0.00128103;14.16957087;0.99910114
353;35.28763434;0.00000000;5.34759524;21.35475937;2.44744495;0.71366181;1.19571255;0.00130019;14.17661768;0.99468155
354;35.38759931;0.00000000;5.38421137;21.44777685;2.45217152;0.69772713;1.19584348;0.00131935;14.18362984;0.99028331
355;35.48756428;0.00000000;5.42081525;21.54079918;2.46096608;0.69094366;1.19597633;0.00133851;14.19060755;0.98590630
356;35.58752925;0.00000000;5.45740667;21.63382639;2.46155210;0.69021633;1.19611109;0.00135768;14.19755102;0.98155040
357;35.68749422;0.00000000;5.49398547;21.72685857;2.45596225;0.70381910;1.19624777;0.00137684;14.20446043;0.97721550
358;35.78745919;0.00000000;5.53055147;21.81989578;2.45444820;0.73095219;1.19638636;0.00139600;14.21133600;0.97290146
359;35.88742416;0.00000000;5.56710448;21.91293811;2.45701768;0.72728843;1.19652687;0.00141517;14.21817790;0.96860818
360;35.98738913;0.00000000;5.60364432;22.00598558;2.46365808;0.72982841;1.19666929;0.00143433;14.22498635;0.96433553
361;36.08735410;0.00000000;5.64017083;22.09903832;2.45091824;0.72147485;1.19681363;0.00145349;14.23176153;0.96008341
362;36.18731907;0.00000000;5.67668381;22.19209634;2.43934171;0.71793260;1.19695989;0.00147266;14.23850363;0.95585169
363;36.28728404;0.00000000;5.71318310;22.28515975;2.43183742;0.69851615;1.19710806;0.00149182;14.24521285;0.95164027
364;36.38724901;0.00000000;5.74966851;22.37822859;2.42844331;0.69310009;1.19725815;0.00151099;14.25188936;0.94744903
365;36.48721398;0.00000000;5.78613986;22.47130296;2.42917679;0.70200835;1.19741015;0.00153015;14.25853337;0.94327785
366;36.58717895;0.00000000;5.82259696;22.56438288;2.43403432;0.72471270;1.19756407;0.00154932;14.26514505;0.93912663
367;36.68714392;0.00000000;5.85903966;22.65746847;2.44087155;0.72302367;1.19771991;0.00156848;14.27172459;0.93499525
368;36.78710889;0.00000000;5.89546776;22.75055975;2.44636475;0.70899054;1.19787766;0.00158765;14.27827218;0.93088360
369;36.88707385;0.00000000;5.93188109;22.84365684;2.45593372;0.69656840;1.19803733;0.00160681;14.28478799;0.92679158
370;36.98703882;0.00000000;5.96827945;22.93675975;2.44863141;0.67546573;1.19819891;0.00162598;14.29127221;0.92271908
371;37.08700379;0.00000000;6.00466269;23.02986859;2.44377075;0.66393337;1.19836241;0.00164514;14.29772501;0.91866598
372;37.18696876;0.00000000;6.04103061;23.12298340;2.44301073;0.66732695;1.19852782;0.00166431;14.30414658;0.91463218
373;37.28693373;0.00000000;6.07738305;23.21610428;2.44635539;0.68542464;1.19869515;0.00168348;14.31053708;0.91061758
374;37.38689870;0.00000000;6.11371980;23.30923125;2.45378811;0.71711385;1.19886440;0.00170264;14.31689671;0.90662206
375;37.48686367;0.00000000;6.15004071;23.40236443;2.46527212;0.73229165;1.19903556;0.00172181;14.32322562;0.90264553
376;37.58682864;0.00000000;6.18634559;23.49550384;2.46752621;0.71945971;1.19920864;0.00174098;14.32952400;0.89868787
377;37.68679361;0.00000000;6.22263426;23.58864958;2.45337135;0.70178504;1.19938364;0.00176014;14.33579202;0.89474900
378;37.78675858;0.00000000;6.25890653;23.68180169;2.44324539;0.69810003;1.19956055;0.00177931;14.34202984;0.89082879
379;37.88672355;0.00000000;6.29516224;23.77496026;2.43719874;0.68687653;1.19973938;0.00179848;14.34823763;0.88692715
380;37.98668852;0.00000000;6.33140120;23.86812534;2.43526197;0.68532864;1.19992012;0.00181765;14.35441557;0.88304399
381;38.08665349;0.00000000;6.36762323;23.96129702;2.43744507;0.69822093;1.20010278;0.00183682;14.36056383;0.87917919
382;38.18661846;0.00000000;6.40382815;24.05447532;2.44373720;0.71081231;1.20028735;0.00185598;14.36668256;0.87533265
383;38.28658343;0.00000000;6.44001579;24.14766037;2.45410693;0.69932495;1.20047384;0.00187515;14.37277193;0.87150429
384;38.38654840;0.00000000;6.47618595;24.24085217;2.46850307;0.68175253;1.20066225;0.00189432;14.37883210;0.86769400
385;38.48651337;0.00000000;6.51233847;24.33405084;2.47691239;0.67207240;1.20085258;0.00191349;14.38486325;0.86390168
386;38.58647834;0.00000000;6.54847316;24.42725641;2.47404877;0.67518902;1.20104482;0.00193266;14.39086552;0.86012723
387;38.68644331;0.00000000;6.58458984;24.52046897;2.47070791;0.66765830;1.20123897;0.00195183;14.39683909;0.85637056
388;38.78640828;0.00000000;6.62068833;24.61368857;2.47142878;0.66294789;1.20143505;0.00197100;14.40278410;0.85263157
389;38.88637325;0.00000000;6.65676846;24.70691528;2.47620802;0.67145770;1.20163303;0.00199017;14.40870072;0.84891017
390;38.98633822;0.00000000;6.69283003;24.80014916;2.48337700;0.69438504;1.20183294;0.00200934;14.41458910;0.84520626
391;39.08630319;0.00000000;6.72887289;24.89339030;2.48507888;0.70189656;1.20203476;0.00202851;14.42044940;0.84151975
392;39.18626816;0.00000000;6.76489683;24.98663873;2.49081501;0.69987383;1.20223850;0.00204768;14.42628178;0.83785054
393;39.28623313;0.00000000;6.80090168;25.07989454;2.48453613;0.69231078;1.20244416;0.00206686;14.43208638;0.83419854
394;39.38619810;0.00000000;6.83688726;25.17315778;2.47380206;0.69243480;1.20265173;0.00208603;14.43786337;0.83056365
395;39.48616307;0.00000000;6.87285340;25.26642854;2.46557805;0.67434892;1.20286121;0.00210520;14.44361288;0.82694580
396;39.58612804;0.00000000;6.90879991;25.35970684;2.46141081;0.66298481;1.20307262;0.00212437;14.44933508;0.82334488
397;39.68609301;0.00000000;6.94472661;25.45299279;2.46132113;0.66656516;1.20328594;0.00214354;14.45503012;0.81976081
398;39.78605798;0.00000000;6.98063331;25.54628643;2.46530964;0.68468549;1.20350118;0.00216272;14.46069813;0.81619349
399;39.88602295;0.00000000;7.01651985;25.63958784;2.47335682;0.67673678;1.20371833;0.00218189;14.46633927;0.81264283
400;39.98598792;0.00000000;7.05238603;25.73289706;2.48542341;0.67785027;1.20393740;0.00220106;14.47195369;0.80910876
401;40.08595289;0.00000000;7.08823169;25.82621418;2.49659840;0.66636152;1.20415839;0.00222025;14.47754153;-4.34626773
402;40.18591786;0.00000000;7.12405663;25.91953924;2.48703243;0.64794076;1.20438130;0.00223942;14.44750011;-12.33152283
403;40.28588283;0.00000000;7.15986068;26.01287234;2.48148223;0.62985732;1.20460612;0.00225856;14.36192254;-12.32365315
404;40.38584780;0.00000000;7.19564365;26.10621350;2.47997495;0.62735235;1.20483285;0.00227775;14.27588707;-12.31586906
405;40.48581277;0.00000000;7.23140537;26.19956282;2.48251814;0.64060844;1.20506151;0.00229699;14.18938479;-12.30819660
406;40.58577774;0.00000000;7.26714565;26.29292034;2.48909957;0.66868873;1.20529209;0.00231616;14.10240631;-12.30064425
407;40.68574271;0.00000000;7.30286433;26.38628614;2.48170815;0.69397615;1.20552457;0.00233520;14.01494191;-12.29317044
408;40.78570768;0.00000000;7.33856119;26.47966027;2.47029479;0.67876822;1.20575897;0.00235434;13.92698187;-12.28576497
409;40.88567265;0.00000000;7.37423609;26.57304280;2.46291271;0.64005369;1.20599528;0.00237362;13.83851624;-12.27840813
410;40.98563762;0.00000000;7.40988883;26.66643379;2.45959842;0.61527912;1.20623353;0.00239316;13.74953491;-12.27107018
411;41.08560259;0.00000000;7.44551922;26.75983331;2.46036854;0.60615597;1.20647376;0.00241312;13.66002767;-12.26441996
412;41.18556756;0.00000000;7.48112709;26.85324143;2.46521945;0.61338282;1.20671592;0.00242989;13.56997904;-12.25881290
413;41.28553253;0.00000000;7.51671227;26.94665820;2.47412731;0.62961532;1.20695940;0.00244138;13.47937044;-12.25371832
414;41.38549750;0.00000000;7.55227464;27.04008363;2.48704863;0.65312842;1.20720398;0.00245034;13.38818667;-12.24941205
415;41.48546247;0.00000000;7.58781414;27.13351779;2.49512399;0.65925439;1.20744917;0.00245509;13.29640997;-12.24502511
416;41.58542744;0.00000000;7.62333069;27.22696063;2.48641853;0.64430674;1.20769484;0.00246044;13.20402859;-12.24049359
417;41.68539241;0.00000000;7.65882427;27.32041224;2.48173697;0.62791284;1.20794111;0.00246679;13.11103084;-12.23601837
418;41.78535738;0.00000000;7.69429480;27.41387258;2.48110218;0.62719458;1.20818802;0.00247301;13.01740310;-12.23161376
419;41.88532234;0.00000000;7.72974223;27.50734171;2.48451731;0.64220450;1.20843554;0.00247898;12.92313111;-12.22724111
420;41.98528731;0.00000000;7.76516649;27.60081959;2.49196577;0.67118988;1.20868365;0.00248495;12.82820042;-12.22290166
421;42.08525228;0.00000000;7.80056753;27.69430629;2.50341162;0.64915820;1.20893235;0.00249091;12.73259604;-12.21859227
422;42.18521725;0.00000000;7.83594529;27.78780178;2.51626850;0.62412255;1.20918165;0.00249686;12.63630245;-12.21431261
423;42.28518222;0.00000000;7.87129971;27.88130613;2.50254533;0.61449724;1.20943155;0.00250282;12.53930352;-12.21006617
424;42.38514719;0.00000000;7.90663074;27.97481929;2.49278348;0.61011317;1.20968204;0.00250875;12.44158250;-12.20585475
425;42.48511216;0.00000000;7.94193831;28.06834133;2.48702963;0.60278060;1.20993312;0.00251466;12.34312194;-12.20167485
426;42.58507713;0.00000000;7.97722237;28.16187222;2.48531169;0.61188767;1.21018480;0.00252056;12.24390375;-12.19752740
427;42.68504210;0.00000000;8.01248287;28.25541202;2.48763807;0.62241708;1.21043706;0.00252643;12.14390910;-12.19340837
428;42.78500707;0.00000000;8.04771974;28.34896070;2.49399752;0.64794821;1.21068991;0.00253232;12.04311840;-12.18931698
429;42.88497204;0.00000000;8.08293293;28.44251832;2.50435938;0.64763980;1.21094334;0.00253822;11.94151127;-12.18526560
430;42.98493701;0.00000000;8.11812238;28.53608486;2.51867429;0.63625313;1.21119737;0.00254405;11.83906635;-12.18125996
431;43.08490198;0.00000000;8.15328803;28.62966036;2.53687541;0.62144443;1.21145197;0.00254976;11.73576131;-12.17725523
432;43.18486695;0.00000000;8.18842983;28.72324479;2.53144230;0.62251321;1.21170715;0.00255568;11.63157322;-12.17323577
433;43.28483192;0.00000000;8.22354772;28.81683821;2.52841912;0.63937982;1.21196294;0.00256193;11.52647827;-12.16933021
434;43.38479689;0.00000000;8.25864163;28.91044062;2.52937183;0.66265255;1.21221934;0.00256755;11.42045042;-12.16558531
435;43.48476186;0.00000000;8.29371154;29.00405206;2.53429599;0.63307997;1.21247624;0.00257214;11.31346203;-12.15007451
436;43.58472683;0.00000000;8.32875721;29.09767216;2.52683651;0.60925214;1.21273535;0.00267064;11.20559054;-12.11585886
437;43.68469180;0.00000000;8.36377780;29.19130165;2.51406360;0.60128172;1.21301504;0.00292498;11.09697871;-12.04251066
438;43.78465677;0.00000000;8.39877079;29.28494103;2.50524675;0.60033876;1.21332642;0.00351373;10.98796059;-11.90624664
439;43.88462174;0.00000000;8.43373051;29.37859269;2.50043393;0.59475995;1.21373486;0.00465797;10.87910212;-11.89787959
440;43.98458671;0.00000000;8.46864717;29.47226141;2.49965908;0.59848453;1.21423786;0.00474636;10.76922098;-11.89784590
441;44.08455168;0.00000000;8.50352010;29.56594533;2.50292595;0.61063251;1.21462904;0.00308036;10.65820739;-12.08926252
442;44.18451665;0.00000000;8.53836496;29.65964183;2.51020340;0.63836522;1.21484695;0.00105339;10.54421070;-12.24906305
443;44.28448162;0.00000000;8.57319965;29.75334009;2.52143604;0.63109917;1.21482086;-0.00157521;10.42743616;-11.96395187
444;44.38444659;0.00000000;8.60804976;29.84703463;2.53009241;0.62333891;1.21453202;-0.00420482;10.31210322;-11.69101711
445;44.48441156;0.00000000;8.64293857;29.94071270;2.52797261;0.61011179;1.21398012;-0.00683676;10.19814142;-11.43112419
446;44.58437653;0.00000000;8.67789208;30.03436873;2.51798330;0.61318068;1.21316534;-0.00945858;10.08546798;-11.18440628
447;44.68434150;0.00000000;8.71293349;30.12799001;2.51184128;0.63053708;1.21208958;-0.01206436;9.97399452;-10.93228201
448;44.78430647;0.00000000;8.74808829;30.22157019;2.50954850;0.63112162;1.21075017;-0.01483987;9.86381652;-10.66434066
449;44.88427144;0.00000000;8.78338142;30.31509638;2.50952470;0.61873041;1.20911368;-0.01790136;9.75513994;-10.36912763
450;44.98423641;0.00000000;8.81884226;30.40856006;2.51118529;0.59701197;1.20716340;-0.02138521;9.64829810;-10.02148161
451;45.08420138;0.00000000;8.85450261;30.50194585;2.51660469;0.59182632;1.20481560;-0.02558725;9.54390182;-9.69192649
452;45.18416635;0.00000000;8.89040275;30.59524287;2.51833210;0.60364045;1.20204849;-0.02975609;9.44184070;-9.38102522
453;45.28413132;0.00000000;8.92657911;30.68842984;2.51278242;0.63153919;1.19886810;-0.03387489;9.34199165;-9.08483141
454;45.38409629;0.00000000;8.96307248;30.78149800;2.51086431;0.66150889;1.19527620;-0.03797874;9.24426731;-8.80328616
455;45.48406126;0.00000000;8.99991723;30.87442275;2.51254531;0.66083275;1.19127573;-0.04205998;9.14857572;-8.53385199
456;45.58402623;0.00000000;9.03715403;30.96719593;2.51051461;0.63727506;1.18686718;-0.04614095;9.05484760;-8.27584432
457;45.68399120;0.00000000;9.07481662;31.05979209;2.49345785;0.62695252;1.18205075;-0.05022327;8.96301713;-8.02917557
458;45.78395617;0.00000000;9.11294534;31.15220221;2.47981651;0.63295687;1.17682616;-0.05430155;8.87301547;-7.79332192
459;45.88392114;0.00000000;9.15157333;31.24439972;2.46960815;0.65487744;1.17119437;-0.05837605;8.78477576;-7.56774977
460;45.98388611;0.00000000;9.19074055;31.33637464;2.46283414;0.69123978;1.16515511;-0.06244756;8.69823346;-7.35198221
461;46.08385108;0.00000000;9.23047925;31.42809883;2.45948306;0.69880367;1.15870931;-0.06651655;8.61332596;-7.14555821
462;46.18381605;0.00000000;9.27082891;31.51956118;2.45952804;0.71085120;1.15185649;-0.07058368;8.52999255;-6.94809710
463;46.28378102;0.00000000;9.31182089;31.61073205;2.44273517;0.72912041;1.14459758;-0.07464889;8.44817379;-6.75928539
464;46.38374599;0.00000000;9.35349416;31.70159907;2.42305591;0.73009789;1.13693196;-0.07871153;8.36781076;-6.57873737
465;46.48371096;0.00000000;9.39587900;31.79213085;2.40659223;0.72486758;1.12886082;-0.08277224;8.28884614;-6.40593095
466;46.58367593;0.00000000;9.43901362;31.88231333;2.39336955;0.71830441;1.12038319;-0.08683406;8.21122603;-6.24064569
467;46.68364090;0.00000000;9.48292723;31.97211349;2.38340358;0.72644470;1.11150005;-0.09089598;8.13489649;-6.08254503
468;46.78360586;0.00000000;9.52765714;32.06151527;2.37669450;0.73104429;1.10221023;-0.09495902;8.05980509;-5.93140050
469;46.88357083;0.00000000;9.57323149;32.15048413;2.37323054;0.73453352;1.09251482;-0.09902284;7.98589967;-5.78686984
470;46.98353580;0.00000000;9.61968652;32.23900175;2.37298529;0.74838208;1.08241238;-0.10308918;7.91312991;-5.64885591
471;47.08350077;0.00000000;9.66704905;32.32703183;2.35490684;0.77595381;1.07190411;-0.10715620;7.84144436;-5.51676479
472;47.18346574;0.00000000;9.71535399;32.41455346;2.33759372;0.81391025;1.06098826;-0.11123032;7.77079682;-5.39054395
473;47.28343071;0.00000000;9.76462697;32.50152880;2.32335110;0.82183064;1.04966558;-0.11530958;7.70113966;-5.26977772
474;47.38339568;0.00000000;9.81490126;32.58793390;2.31219568;0.83602556;1.03793394;-0.11939826;7.63242856;-5.15447480
475;47.48336065;0.00000000;9.86620130;32.67372954;2.30413389;0.84798018;1.02579395;-0.12349384;7.56461710;-5.04408144
476;47.58332562;0.00000000;9.91855840;32.75888830;2.29382909;0.87249431;1.01324315;-0.12760367;7.49766423;-4.93866284
477;47.68329059;0.00000000;9.97199581;32.84336962;2.26796951;0.89882048;1.00028164;-0.13172472;7.43152625;-4.83773803
478;47.78325556;0.00000000;10.02654248;32.92714221;2.24497501;0.93620723;0.98690660;-0.13586385;7.36616411;-4.74150786
479;47.88322053;0.00000000;10.08222062;33.01016438;2.22489895;0.97270357;0.97311780;-0.14001599;7.30153438;-4.64924031
480;47.98318550;0.00000000;10.13905628;33.09240051;2.20778282;0.98603513;0.95891215;-0.14419335;7.23760195;-4.56105135
481;48.08315047;0.00000000;10.19707073;33.17380792;2.18923318;1.00061341;0.94428830;-0.14839285;7.17432863;-4.47647605
482;48.18311544;0.00000000;10.25628665;33.25434616;2.16214025;1.02619761;0.92924269;-0.15262260;7.11168121;-4.39586075
483;48.28308041;0.00000000;10.31672455;33.33397175;2.13311971;1.04563872;0.91377350;-0.15687541;7.04962024;-4.31868311
484;48.38304538;0.00000000;10.37840304;33.41263894;2.10510458;1.05757326;0.89787712;-0.16116121;6.98811215;-4.24575737
485;48.48301035;0.00000000;10.44134200;33.49030368;2.07753185;1.07176845;0.88155181;-0.16546353;6.92711032;-4.17576412
486;48.58297532;0.00000000;10.50555515;33.56691464;2.04658287;1.09652827;0.86479420;-0.16980934;6.86658555;-4.10937696
487;48.68294029;0.00000000;10.57106190;33.64242734;2.01610966;1.13119443;0.84760061;-0.17418515;6.80649761;-4.04541833
488;48.78290526;0.00000000;10.63787036;33.71678443;1.98850961;1.16139196;0.82996721;-0.17861649;6.74682217;-3.98434318
489;48.88287023;0.00000000;10.70599977;33.78994104;1.96386632;1.18309848;0.81188796;-0.18309471;6.68752719;-3.92535099
490;48.98283520;0.00000000;10.77545182;33.86183336;1.94225954;1.20827346;0.79335856;-0.18763860;6.62859146;-3.86906995
491;49.08280017;0.00000000;10.84624593;33.93241612;1.90988380;1.24275600;0.77437129;-0.19223581;6.56998340;-3.81453790
492;49.18276514;0.00000000;10.91837637;34.00161876;1.87114377;1.27706051;0.75492195;-0.19690989;6.51168500;-3.76237883
493;49.28273011;0.00000000;10.99186296;34.06939557;1.83516840;1.31525733;0.73500061;-0.20164866;6.45366790;-3.71153569
494;49.38269508;0.00000000;11.06669157;34.13566912;1.79848594;1.35750470;0.71460297;-0.20647922;6.39591919;-3.66248018
495;49.48266005;0.00000000;11.14288255;34.20039294;1.75872678;1.39311090;0.69371604;-0.21139308;6.33841800;-3.61449915
496;49.58262502;0.00000000;11.22041234;34.26348261;1.72186874;1.42830551;0.67233531;-0.21641045;6.28115405;-3.56844179
497;49.68258999;0.00000000;11.29930194;34.32489057;1.68805912;1.46781660;0.65044587;-0.22151364;6.22410298;-3.52287534
498;49.78255496;0.00000000;11.37951723;34.38452569;1.65746381;1.51483699;0.62804365;-0.22674202;6.16726273;-3.47788869
499;49.88251993;0.00000000;11.46107974;34.44233880;1.61918069;1.56873012;0.60510854;-0.23209717;6.11062972;-3.43319476
500;49.98248490;0.00000000;11.54394370;34.49823195;1.57361516;1.60143902;0.58163539;-0.23759056;6.05420491;-3.38985693
501;50.08244987;0.00000000;11.62813110;34.55215374;1.53102311;1.63800765;0.55760285;-0.24319827;5.99797159;-3.34697386
502;50.18241484;0.00000000;11.71358323;34.60400008;1.49165317;1.68189443;0.53300722;-0.24894890;5.94192754;-3.30701002
503;50.28237981;0.00000000;11.80032172;34.65371692;1.45571599;1.73023679;0.50782778;-0.25477957;5.88602859;-3.26676680
504;50.38234478;0.00000000;11.88827385;34.70119541;1.42345871;1.75879029;0.48206272;-0.26078451;5.83028371;-3.22756760
505;50.48230975;0.00000000;11.97745968;34.74637818;1.39228955;1.78984339;0.45568401;-0.26693157;5.77467928;-3.18721346
506;50.58227472;0.00000000;12.06779149;34.78915195;1.35872803;1.82686331;0.42868753;-0.27329008;5.71923958;-3.14654231
507;50.68223969;0.00000000;12.15928720;34.82945491;1.32264328;1.87095404;0.40103818;-0.27984116;5.66397505;-3.10410338
508;50.78220466;0.00000000;12.25184345;34.86717005;1.28404894;1.92162506;0.37273056;-0.28663423;5.60892237;-3.05965413
509;50.88216963;0.00000000;12.34547408;34.90222969;1.24291686;1.97842071;0.34372224;-0.29368238;5.55412402;-3.01290489
510;50.98213460;0.00000000;12.44006064;34.93451435;1.19911653;2.04080194;0.31400532;-0.30099993;5.49962942;-2.96303533
511;51.08209957;0.00000000;12.53560950;34.96394888;1.15198129;2.06317783;0.28353245;-0.30861763;5.44550496;-2.90906915
512;51.18206454;0.00000000;12.63198552;34.99041210;1.10221714;2.08529770;0.25229212;-0.31657076;5.39183775;-2.85039410
513;51.28202951;0.00000000;12.72918536;35.01382070;1.04982949;2.11494573;0.22022798;-0.32488171;5.33872973;-2.78692884
514;51.38199448;0.00000000;12.82705901;35.03405325;0.99913736;2.15183755;0.18732721;-0.33355352;5.28628836;-2.71361943
515;51.48195945;0.00000000;12.92558745;35.05101716;0.95316996;2.19567289;0.15352153;-0.34275625;5.23472166;-2.63323079
516;51.58192442;0.00000000;13.02460503;35.06459076;0.91264476;2.24238102;0.11878527;-0.35238577;5.18419224;-2.54409856
517;51.68188938;0.00000000;13.12407261;35.07467158;0.87824446;2.27693171;0.08305228;-0.36248938;5.13490095;-2.44351140
518;51.78185435;0.00000000;13.22380532;35.08113959;0.84698252;2.31856275;0.04629598;-0.37314625;5.08710887;-2.32584629
519;51.88181932;0.00000000;13.32374126;35.08388402;0.81622322;2.36457294;0.00842429;-0.38453315;5.04119731;-2.18795185
520;51.98178429;0.00000000;13.42367894;35.08278576;0.78438084;2.40220774;-0.03060358;-0.39672123;4.99762276;-2.00931538
521;52.08174926;0.00000000;13.52352174;35.07772337;0.73569002;2.42228427;-0.07094502;-0.41041246;4.95726850;-1.80547017
522;52.18171423;0.00000000;13.62304756;35.06857191;0.69415316;2.43143466;-0.11268112;-0.42489177;4.92072590;-1.56437363
523;52.28167920;0.00000000;13.72211712;35.05519873;0.66103366;2.44480600;-0.15593237;-0.44048870;4.88884222;-1.27154027
524;52.38164417;0.00000000;13.82048338;35.03748006;0.63756949;2.46252229;-0.20078602;-0.45756650;4.86277280;-0.88748710
525;52.48160914;0.00000000;13.91795524;35.01527543;0.62226390;2.48472540;-0.24751028;-0.47736083;4.84449420;-0.49677553
526;52.58157411;0.00000000;14.01422681;34.98845449;0.60494307;2.51154874;-0.29622299;-0.49609181;4.83423249;-0.15484444
527;52.68153908;0.00000000;14.10906785;34.95689124;0.59893641;2.54312419;-0.34657581;-0.51139546;4.83102947;-0.09015440
528;52.78150405;0.00000000;14.20215983;34.92053106;0.60444741;2.57704799;-0.39823120;-0.51456164;4.82916361;-0.09015440
529;52.88146902;0.00000000;14.29328064;34.87943576;0.62113580;2.57322464;-0.44887550;-0.49894481;4.82729703;0.28310576
530;52.98143399;0.00000000;14.38222950;34.83385253;0.61931541;2.57826181;-0.49800147;-0.48281669;4.83315610;0.63138931
531;53.08139896;0.00000000;14.46887678;34.78403288;0.62140132;2.57927052;-0.54530319;-0.46362143;4.84619764;1.02076650
532;53.18136393;0.00000000;14.55312481;34.73025078;0.62680979;2.55769054;-0.59072487;-0.44599003;4.86720796;1.34304353
533;53.28132890;0.00000000;14.63489749;34.67276141;0.64348359;2.54049725;-0.63455133;-0.43105360;4.89471429;1.58010118
534;53.38129387;0.00000000;14.71412134;34.61179843;0.65630293;2.51321559;-0.67695536;-0.41743083;4.92687908;1.77338695
535;53.48125884;0.00000000;14.79072683;34.54758811;0.66501860;2.48545741;-0.71802881;-0.40442817;4.96273016;1.94425333
536;53.58122381;0.00000000;14.86467281;34.48033500;0.68375792;2.46149475;-0.75783099;-0.39199645;5.00174020;2.09655304
537;53.68118878;0.00000000;14.93592984;34.41023372;0.71244847;2.42708467;-0.79641418;-0.38002718;5.04346793;2.23507900
538;53.78115375;0.00000000;15.00447228;34.33747647;0.75001497;2.40000959;-0.83383839;-0.36897879;5.08757585;2.34950311
539;53.88111872;0.00000000;15.07028629;34.26223888;0.77977684;2.36227176;-0.87020808;-0.35874914;5.13353329;2.44394817
540;53.98108369;0.00000000;15.13335870;34.18469149;0.80362873;2.32702531;-0.90557198;-0.34869681;5.18090556;2.53659038
541;54.08104866;0.00000000;15.19369187;34.10499063;0.83181565;2.28811801;-0.93992865;-0.33873362;5.22961976;2.63027410
542;54.18101363;0.00000000;15.25128987;34.02329545;0.86756248;2.25618996;-0.97331162;-0.32927207;5.27965845;2.71384986
543;54.28097860;0.00000000;15.30617060;33.93974462;0.91002706;2.23148321;-1.00577280;-0.32022495;5.33079480;2.79019116
544;54.38094357;0.00000000;15.35834616;33.85448433;0.92961063;2.21417981;-1.03734589;-0.31150926;5.38286317;2.86193868
545;54.48090854;0.00000000;15.40784464;33.76763555;0.94717465;2.19231826;-1.06806112;-0.30304134;5.43575231;2.93168995
546;54.58087351;0.00000000;15.45468653;33.67933306;0.97184316;2.14536634;-1.09794383;-0.29489691;5.48940213;2.99722229
547;54.68083848;0.00000000;15.49890869;33.58968103;1.00315018;2.10109686;-1.12702819;-0.28701563;5.54371448;3.06040676
548;54.78080345;0.00000000;15.54053715;33.49880455;1.04053765;2.05946795;-1.15533597;-0.27939873;5.59862815;3.12117512
549;54.88076842;0.00000000;15.57961494;33.40679251;1.07965429;2.02042350;-1.18289513;-0.27198960;5.65408291;3.18127312
550;54.98073339;0.00000000;15.61617306;33.31376119;1.11629042;1.98392178;-1.20972277;-0.26481353;5.71005125;3.23979394
551;55.08069836;0.00000000;15.65025953;33.21978443;1.15217974;1.94990591;-1.23584503;-0.25781812;5.76649088;3.29837597
552;55.18066333;0.00000000;15.68190911;33.12497133;1.18589672;1.91833448;-1.26127540;-0.25103104;5.82338915;3.35597277
553;55.28062830;0.00000000;15.71117329;33.02938176;1.22459622;1.88915030;-1.28603881;-0.24440722;5.88071599;3.41401767
554;55.38059327;0.00000000;15.73808981;32.93311845;1.26784791;1.86231205;-1.31014630;-0.23797491;5.93846655;3.47139315
555;55.48055824;0.00000000;15.76271230;32.83622830;1.31524521;1.83522691;-1.33362158;-0.23168553;5.99661741;3.52970950
556;55.58052321;0.00000000;15.78508092;32.73880832;1.36637128;1.78712217;-1.35647274;-0.22555797;6.05517258;3.58815004
557;55.68048818;0.00000000;15.80525054;32.64089322;1.41915199;1.74245468;-1.37872119;-0.21955225;6.11412247;3.64807507
558;55.78045315;0.00000000;15.82326340;32.54257521;1.45381297;1.70454101;-1.40037271;-0.21368847;6.17347981;3.70860248
559;55.88041812;0.00000000;15.83917479;32.44387765;1.49244109;1.67378956;-1.42144720;-0.20792996;6.23324263;3.77103181
560;55.98038309;0.00000000;15.85302880;32.34488841;1.53475813;1.64776008;-1.44194859;-0.20229886;6.29342958;3.83438233
561;56.08034806;0.00000000;15.86488044;32.24562058;1.58051456;1.60492422;-1.46189572;-0.19676157;6.35404310;3.89989676
562;56.18031303;0.00000000;15.87477537;32.14615804;1.62454152;1.56915924;-1.48129114;-0.19133805;6.41510482;3.96666336
563;56.28027800;0.00000000;15.88276773;32.04650441;1.65598928;1.52671210;-1.50015236;-0.18599392;6.47662139;4.03602420
564;56.38024297;0.00000000;15.88890461;31.94673991;1.69104229;1.47805827;-1.51848057;-0.18075295;6.53861963;4.10689225
565;56.48020794;0.00000000;15.89323881;31.84685951;1.72953169;1.41959578;-1.53629246;-0.17558342;6.60110880;4.18056378
566;56.58017290;0.00000000;15.89581868;31.74693983;1.76109819;1.36748442;-1.55358819;-0.17050313;6.66411714;4.25619468
567;56.68013787;0.00000000;15.89669534;31.64696877;1.79148442;1.32242226;-1.57038312;-0.16548654;6.72765918;4.33487473
568;56.78010284;0.00000000;15.89591823;31.54701876;1.82529875;1.28513828;-1.58667689;-0.16055021;6.79176481;4.41580549
569;56.88006781;0.00000000;15.89353659;31.44707199;1.86240532;1.24885591;-1.60248361;-0.15566884;6.85645105;4.50012790
570;56.98003278;0.00000000;15.88960078;31.34719633;1.90263054;1.20821565;-1.61780251;-0.15086053;6.92175059;4.58696221
571;57.07999775;0.00000000;15.88415803;31.24736934;1.93891540;1.16125464;-1.63264666;-0.14610139;6.98768219;4.67744511
572;57.17996272;0.00000000;15.87725936;31.14765414;1.95822231;1.12263491;-1.64701520;-0.14141062;7.05427981;4.77062751
573;57.27992769;0.00000000;15.86895002;31.04802492;1.98102746;1.09318654;-1.66092021;-0.13676397;7.12156267;4.86772704
574;57.37989266;0.00000000;15.85928137;30.94853955;2.00724212;1.07363767;-1.67436060;-0.13217312;7.18956600;4.96816575
575;57.47985763;0.00000000;15.84829684;30.84917003;2.03678407;1.06448333;-1.68734674;-0.12761985;7.25831553;5.07292067
576;57.57982260;0.00000000;15.83604790;30.74996853;2.06953670;1.06595142;-1.69987836;-0.12313441;7.32784914;5.10891971
577;57.67978757;0.00000000;15.82257619;30.65090609;2.10539903;1.04994441;-1.71196607;-0.11868627;7.39721563;5.06906737
578;57.77975254;0.00000000;15.80793278;30.55202867;2.14423715;1.01508971;-1.72360897;-0.11427910;7.46540404;5.02985560
579;57.87971751;0.00000000;15.79215798;30.45330757;2.16920750;0.98087454;-1.73481481;-0.10990082;7.53245486;4.99126294
580;57.97968248;0.00000000;15.77530236;30.35478203;2.19388896;0.94434855;-1.74558159;-0.10552617;7.59840635;4.95326911
581;58.07964745;0.00000000;15.75740555;30.25642443;2.22179576;0.91833585;-1.75591339;-0.10116971;7.66329471;4.91585492
582;58.17961242;0.00000000;15.73851760;30.15826695;2.25283794;0.90227053;-1.76581016;-0.09685379;7.72715423;4.87900218
583;58.27957739;0.00000000;15.71867754;30.06028393;2.28693331;0.87915835;-1.77527807;-0.09256144;7.79001740;4.84269362
584;58.37954236;0.00000000;15.69793412;29.96250032;2.32397553;0.84514142;-1.78431803;-0.08831757;7.85191508;4.80691285
585;58.47950733;0.00000000;15.67632590;29.86489324;2.35123053;0.81409537;-1.79293604;-0.08409645;7.91287661;4.77164428
586;58.57947230;0.00000000;15.65389993;29.76748026;2.35603128;0.79533209;-1.80113284;-0.07990799;7.97292988;4.73687308
587;58.67943727;0.00000000;15.63069469;29.67024181;2.36425791;0.78968347;-1.80891256;-0.07573686;8.03210144;4.70258513
588;58.77940224;0.00000000;15.60675542;29.57318806;2.37591451;0.79738847;-1.81627628;-0.07159709;8.09041662;4.66876693
589;58.87936721;0.00000000;15.58212089;29.47630327;2.38736087;0.78339690;-1.82322742;-0.06747249;8.14789957;4.63540563
590;58.97933218;0.00000000;15.55683429;29.37959020;2.40204065;0.75988021;-1.82976730;-0.06337631;8.20457335;4.60248894
591;59.07929715;0.00000000;15.53093495;29.28303730;2.41392027;0.73660218;-1.83589861;-0.05929267;8.26045998;4.57000510
592;59.17926212;0.00000000;15.50446389;29.18664013;2.42792681;0.71362287;-1.84162275;-0.05523334;8.31558056;4.53794288
593;59.27922709;0.00000000;15.47746121;29.09039143;2.44540075;0.69270404;-1.84694169;-0.05118384;8.36995523;4.50629152
594;59.37919206;0.00000000;15.44996576;28.99427993;2.46630786;0.68637307;-1.85185687;-0.04715560;8.42360334;4.47504069
595;59.47915703;0.00000000;15.42201859;28.89830265;2.49059872;0.69498920;-1.85636971;-0.04313486;8.47654339;4.44418049
596;59.57912200;0.00000000;15.39365639;28.80244202;2.50933448;0.69742503;-1.86048160;-0.03913195;8.52879315;4.41370144
597;59.67908697;0.00000000;15.36492121;28.70669904;2.52231705;0.67252665;-1.86419349;-0.03513404;8.58036967;4.38359441
598;59.77905194;0.00000000;15.33584775;28.61105045;2.52105388;0.64456414;-1.86750663;-0.03115175;8.63128932;4.35385064
599;59.87901691;0.00000000;15.30647912;28.51550112;2.51929025;0.63167620;-1.87042173;-0.02717290;8.68156786;4.32446170
600;59.97898188;0.00000000;15.27684827;28.42002299;2.51941873;0.63474012;-1.87293962;-0.02320099;8.73122041;4.29541948
601;60.07894685;0.00000000;15.24699912;28.32462363;2.52140275;0.65269569;-1.87506027;-0.01922858;8.78026155;4.26671617
602;60.17891182;0.00000000;15.21696318;28.22927091;2.52715118;0.64385110;-1.87678520;-0.01528556;8.82870529;4.23834424
603;60.27887679;0.00000000;15.18678531;28.13397599;2.53667615;0.62219738;-1.87811635;-0.01134780;8.87656516;4.21029646
604;60.37884176;0.00000000;15.15649537;28.03870488;2.52994207;0.60098894;-1.87907712;-0.00798181;8.92385418;4.18256583
605;60.47880673;0.00000000;15.12613284;27.94346872;2.52521233;0.59609440;-1.87971330;-0.00474633;8.97058490;4.15514560
606;60.57877170;0.00000000;15.09572189;27.84824252;2.52438575;0.60787566;-1.88009043;-0.00310043;9.01676946;4.12802925
607;60.67873667;0.00000000;15.06528179;27.75302699;2.52748460;0.59994596;-1.88033664;-0.00182548;9.06241955;4.10121050
608;60.77870164;0.00000000;15.03482362;27.65781916;2.53450566;0.59877089;-1.88050443;-0.00176012;9.10754648;4.07468327
609;60.87866661;0.00000000;15.00434683;27.56261092;2.54541923;0.61164076;-1.88069119;-0.00197619;9.15216117;4.04844166
610;60.97863158;0.00000000;14.97385235;27.46741334;2.53631236;0.62767327;-1.88091242;-0.00250983;9.19627418;4.02248001
611;61.07859655;0.00000000;14.94333243;27.37221857;2.52950106;0.63574183;-1.88119367;-0.00311697;9.23989572;3.99679280
612;61.17856152;0.00000000;14.91278414;27.27703727;2.52659865;0.62427340;-1.88153486;-0.00370603;9.28303568;3.97137471
613;61.27852649;0.00000000;14.88219952;27.18186396;2.52761244;0.62872807;-1.88193458;-0.00429087;9.32570363;3.94622058
614;61.37849146;0.00000000;14.85157522;27.08670711;2.53253188;0.62085597;-1.88239033;-0.00481631;9.36790883;3.92132540
615;61.47845642;0.00000000;14.82090410;26.99156191;2.54090821;0.61295701;-1.88289737;-0.00532787;9.40966026;3.89668434
616;61.57842139;0.00000000;14.79018320;26.89643644;2.52425400;0.62130662;-1.88346299;-0.00602335;9.45096662;3.87229268
617;61.67838636;0.00000000;14.75940392;26.80132605;2.51141090;0.64528136;-1.88410201;-0.00676119;9.49183635;3.84814587
618;61.77835133;0.00000000;14.72856111;26.70623958;2.50243091;0.66383118;-1.88482317;-0.00770631;9.53227763;3.82423949
619;61.87831630;0.00000000;14.69764415;26.61117406;2.49734594;0.65729849;-1.88564319;-0.00869960;9.57229841;3.80056924
620;61.97828127;0.00000000;14.66664529;26.51613791;2.49617015;0.65526756;-1.88656338;-0.00971494;9.61190639;3.77713094
621;62.07824624;0.00000000;14.63555349;26.42112989;2.49257823;0.65462927;-1.88758555;-0.01073533;9.65110905;3.75392054
622;62.17821121;0.00000000;14.60436042;26.32615732;2.48428821;0.64091001;-1.88870944;-0.01174952;9.68991368;3.73093411
623;62.27817618;0.00000000;14.57305520;26.23121953;2.47988563;0.64275025;-1.88993461;-0.01276217;9.72832732;3.70816782
624;62.37814115;0.00000000;14.54162947;26.13632355;2.47289410;0.66002960;-1.89126096;-0.01377415;9.76635686;3.68561793
625;62.47810612;0.00000000;14.51007255;26.04146924;2.45739544;0.69160171;-1.89268848;-0.01478603;9.80400896;3.66328083
626;62.57807109;0.00000000;14.47837597;25.94666321;2.44574062;0.72085153;-1.89421708;-0.01579676;9.84129012;3.64115299
627;62.67803606;0.00000000;14.44652926;25.85190598;2.43797432;0.71349429;-1.89584672;-0.01680726;9.87820665;3.61923098
628;62.77800103;0.00000000;14.41452380;25.75720361;2.43036362;0.72024092;-1.89757732;-0.01781667;9.91476471;3.59751146
629;62.87796600;0.00000000;14.38234936;25.66255732;2.41116725;0.72959933;-1.89940881;-0.01882595;9.95097028;3.57599117
630;62.97793097;0.00000000;14.34999716;25.56797264;2.39580487;0.75091109;-1.90134116;-0.01983442;9.98682919;3.55466695
631;63.07789594;0.00000000;14.31745725;25.47345157;2.38434034;0.78368989;-1.90337432;-0.02084289;10.02234711;3.53353569
632;63.17786091;0.00000000;14.28472065;25.37899906;2.37682020;0.81668653;-1.90550825;-0.02185057;10.05752958;3.51259441
633;63.27782588;0.00000000;14.25177769;25.28461790;2.35953009;0.81069118;-1.90774291;-0.02285832;10.09238198;3.49184014
634;63.37779085;0.00000000;14.21861922;25.19031246;2.33612050;0.81115634;-1.91007830;-0.02386566;10.12690957;3.47127004
635;63.47775582;0.00000000;14.18523585;25.09608638;2.31655640;0.82407588;-1.91251439;-0.02487326;10.16111747;3.45088130
636;63.57772079;0.00000000;14.15161823;25.00194342;2.30052121;0.84889092;-1.91505118;-0.02588017;10.19501067;3.43067121
637;63.67768576;0.00000000;14.11775730;24.90788812;2.28481910;0.88294972;-1.91768863;-0.02688735;10.22859406;3.41063710
638;63.77765073;0.00000000;14.08364350;24.81392362;2.27314063;0.91728895;-1.92042677;-0.02789441;10.26187239;3.39077637
639;63.87761570;0.00000000;14.04926808;24.72005535;2.24926956;0.95191616;-1.92326557;-0.02890191;10.29485030;3.37108648
640;63.97758067;0.00000000;14.01462124;24.62628583;2.21463931;0.98646657;-1.92620515;-0.02990996;10.32753232;3.35156496
641;64.07754564;0.00000000;13.97969463;24.53262148;2.17974828;1.02108886;-1.92924550;-0.03091887;10.35992288;3.33220940
642;64.17751061;0.00000000;13.94447818;24.43906419;2.14458831;1.02003425;-1.93238667;-0.03192537;10.39202629;3.31301741
643;64.27747558;0.00000000;13.90896392;24.34562132;2.10915357;1.02836555;-1.93562836;-0.03293186;10.42384679;3.29398669
644;64.37744055;0.00000000;13.87314159;24.25229417;2.07416087;1.04654617;-1.93897091;-0.03394256;10.45538848;3.27511499
645;64.47740552;0.00000000;13.83700351;24.15909096;2.04313940;1.07283887;-1.94241454;-0.03495517;10.48665542;3.25640009
646;64.57737049;0.00000000;13.80053913;24.06601248;2.01626167;1.10068583;-1.94595973;-0.03597363;10.51765153;3.23783983
647;64.67733546;0.00000000;13.76374120;23.97306808;1.99368696;1.13699987;-1.94960682;-0.03699474;10.54838068;3.21943210
648;64.77730043;0.00000000;13.72659883;23.88025788;1.97555184;1.17388989;-1.95335497;-0.03798758;10.57884662;3.20117482
649;64.87726540;0.00000000;13.68910538;23.78759212;1.96197081;1.21118568;-1.95720163;-0.03897390;10.60905304;3.18306598
650;64.97723037;0.00000000;13.65125005;23.69507029;1.95158618;1.24889589;-1.96114602;-0.03993498;10.63900356;3.16510360
651;65.07719534;0.00000000;13.61302690;23.60270329;1.91352920;1.28702435;-1.96518581;-0.04089071;10.66870168;3.14728573
652;65.17716031;0.00000000;13.57442516;23.51049008;1.87504867;1.32558024;-1.96932124;-0.04184475;10.69815088;3.12961047
653;65.27712528;0.00000000;13.53543949;23.41844259;1.83588429;1.36456746;-1.97355189;-0.04279978;10.72735452;3.11207598
654;65.37709025;0.00000000;13.49605879;23.32655913;1.79634931;1.40399595;-1.97787831;-0.04375764;10.75631592;3.09468042
655;65.47705522;0.00000000;13.45627822;23.23485264;1.75644249;1.44386969;-1.98230041;-0.04471744;10.78503832;3.07742202
656;65.57702019;0.00000000;13.41608637;23.14332095;1.71615688;1.48419926;-1.98681872;-0.04567863;10.81352488;3.06029902
657;65.67698516;0.00000000;13.37547879;23.05197783;1.67549292;1.52498870;-1.99143300;-0.04664162;10.84177872;3.04330971
658;65.77695013;0.00000000;13.33444387;22.96082080;1.63444471;1.56624909;-1.99614382;-0.04760555;10.86980287;3.02645241
659;65.87691510;0.00000000;13.29297759;22.86986447;1.59301476;1.60763541;-2.00095085;-0.04857126;10.89760033;3.00972548
660;65.97688007;0.00000000;13.25106811;22.77910607;1.55119868;1.64930683;-2.00585470;-0.04953772;10.92517401;2.99312730
661;66.07684504;0.00000000;13.20871187;22.68856093;1.50900169;1.69148383;-2.01085499;-0.05050595;10.95252678;-5.35364791
662;66.17681001;0.00000000;13.16589679;22.59822610;1.46642158;1.73417785;-2.01595237;-0.05147467;10.90355393;-6.28557075
663;66.27677498;0.00000000;13.12261975;22.50811758;1.42346710;1.77739128;-2.02114639;-0.05244519;10.84577404;-6.23310764
664;66.37673995;0.00000000;13.07886854;22.41823233;1.37947089;1.82113599;-2.02643774;-0.05341612;10.78817083;-6.18234118
665;66.47670491;0.00000000;13.03464042;22.32858693;1.33498701;1.85595185;-2.03182594;-0.05438889;10.73073132;-6.13347099
666;66.57666988;0.00000000;12.98992308;22.23917834;1.29007557;1.87350332;-2.03731170;-0.05536170;10.67344041;-6.08628783
667;66.67663485;0.00000000;12.94471416;22.15002364;1.24474660;1.89670320;-2.04289447;-0.05633632;10.61628462;-6.04095810
668;66.77659982;0.00000000;12.89900130;22.06111993;1.20299315;1.92535844;-2.04857502;-0.05731124;10.55924858;-5.99730732
669;66.87656479;0.00000000;12.85278248;21.97248462;1.16778039;1.95923473;-2.05435277;-0.05828799;10.50231828;-5.95547748
670;66.97652976;0.00000000;12.80604533;21.88411508;1.13970228;1.99807808;-2.06022854;-0.05926527;10.44547802;-5.91528586
671;67.07649473;0.00000000;12.75878816;21.79602903;1.11929052;2.04160812;-2.06620176;-0.06024474;10.38871351;-5.87715606
672;67.17645970;0.00000000;12.71099870;21.70822427;1.10142526;2.08954374;-2.07227318;-0.06122250;10.33200604;-5.84079611
673;67.27642467;0.00000000;12.66267544;21.62071848;1.06286662;2.13761328;-2.07844201;-0.06220124;10.27533936;-5.80522187
674;67.37638964;0.00000000;12.61380634;21.53351009;1.01434138;2.18630805;-2.08470946;-0.06319031;10.21870644;-5.77101937
675;67.47635461;0.00000000;12.56438999;21.44661680;0.96548819;2.23211862;-2.09107576;-0.06418433;10.16209435;-5.74091607
676;67.57631958;0.00000000;12.51441452;21.36003779;0.91531235;2.25685198;-2.09754094;-0.06515706;10.10546291;-5.71303011
677;67.67628455;0.00000000;12.46387883;21.27379063;0.86429412;2.28631064;-2.10410262;-0.06612651;10.04878972;-5.68202495
678;67.77624952;0.00000000;12.41277176;21.18787554;0.82054965;2.32032528;-2.11076357;-0.06714546;9.99210528;-5.65187465
679;67.87621449;0.00000000;12.36109129;21.10230895;0.78649497;2.35870376;-2.11752709;-0.06817527;9.93540080;-5.62645417
680;67.97617946;0.00000000;12.30882662;21.01709279;0.76341641;2.40124757;-2.12439266;-0.06917706;9.87862806;-5.60291793
681;68.07614443;0.00000000;12.25597615;20.93224369;0.75231791;2.43757855;-2.13135784;-0.07017945;9.82176671;-5.58133390
682;68.17610940;0.00000000;12.20252993;20.84776462;0.72889997;2.45577229;-2.13842358;-0.07118186;9.76479522;-5.56225827
683;68.27607437;0.00000000;12.14848562;20.76367059;0.70571167;2.47855763;-2.14558901;-0.07217864;9.70768580;-5.51328709
684;68.37603934;0.00000000;12.09383420;20.67996671;0.69343378;2.50581933;-2.15286815;-0.07351292;9.65074570;-5.45931076
685;68.47600431;0.00000000;12.03857012;20.59666817;0.65665032;2.52168375;-2.16028732;-0.07492520;9.59403006;-5.45807830
686;68.57596928;0.00000000;11.98268530;20.51378517;0.61943992;2.52911872;-2.16778531;-0.07483751;9.53699007;-5.54317937
687;68.67593425;0.00000000;11.92618123;20.43132138;0.59609162;2.54120934;-2.17524654;-0.07443682;9.47870941;-5.65087374
688;68.77589922;0.00000000;11.86907576;20.34928434;0.58827072;2.54590649;-2.18243724;-0.06855411;9.41892527;-6.25207034
689;68.87586419;0.00000000;11.81140054;20.26762786;0.59663988;2.54143719;-2.18894298;-0.06159528;9.35233539;-6.94163494
690;68.97582916;0.00000000;11.75323524;20.18634209;0.61299370;2.54151023;-2.19470722;-0.05358086;9.27784116;-7.71289018
691;69.07579413;0.00000000;11.69462191;20.10535040;0.62882480;2.54604691;-2.19965427;-0.04538734;9.19436234;-8.48363720
692;69.17575910;0.00000000;11.63565372;20.02464187;0.64420648;2.55306605;-2.20378050;-0.03716994;9.10165731;-9.23621286
693;69.27572407;0.00000000;11.57637462;19.94413749;0.65922504;2.53503969;-2.20708604;-0.02896024;8.99964279;-9.96399021
694;69.37568904;0.00000000;11.51687361;19.86381977;0.67395593;2.51255420;-2.20957035;-0.02074661;8.88827713;-10.66413567
695;69.47565401;0.00000000;11.45719585;19.78361179;0.68848499;2.49407679;-2.21123418;-0.01254096;8.76751905;-11.33205047
696;69.57561898;0.00000000;11.39742737;19.70349181;0.70288880;2.47962209;-2.21207758;-0.00433383;8.63734763;-11.96508223
697;69.67558395;0.00000000;11.33761489;19.62338529;0.71725272;2.46525459;-2.21210088;0.00386581;8.49774064;-11.42708334
698;69.77554892;0.00000000;11.27784179;19.54326695;0.73165412;2.45085079;-2.21130493;0.01205890;8.36223534;-10.89028195
699;69.87551389;0.00000000;11.21815770;19.46306638;0.74617761;2.43632610;-2.20969011;0.02024551;8.23101977;-10.38723631
700;69.97547886;0.00000000;11.15864267;19.38275415;0.76090123;2.42160247;-2.20725757;0.02842333;8.10388592;-9.91530228
701;70.07544383;0.00000000;11.09935040;19.30226544;0.77590866;2.41042875;-2.20400748;0.03659747;7.98063915;-9.47290409
702;70.17540880;0.00000000;11.04035755;19.22156660;0.79127858;2.38937779;-2.19994109;0.04475955;7.86108670;-9.05735161
703;70.27537377;0.00000000;10.98172291;19.14059982;0.80854176;2.35225997;-2.19505859;0.05292154;7.74505315;-8.66766459
704;70.37533874;0.00000000;10.92351969;19.05932718;0.82867586;2.31836049;-2.18936096;0.06107044;7.63236023;-8.30114779
705;70.47530371;0.00000000;10.86581264;18.97769918;0.86059897;2.28774318;-2.18284848;0.06922434;7.52285017;-7.95732343
706;70.57526868;0.00000000;10.80867169;18.89567362;0.90313234;2.25041115;-2.17552137;0.07736588;7.41635810;-7.63349484
707;70.67523365;0.00000000;10.75216821;18.81321059;0.95262368;2.21057500;-2.16738016;0.08551907;7.31274253;-7.32968618
708;70.77519862;0.00000000;10.69636916;18.73026371;0.98558731;2.17380369;-2.15842392;0.09366095;7.21184994;-7.04313468
709;70.87516359;0.00000000;10.64135303;18.64680384;0.99598808;2.14018494;-2.14865366;0.10182248;7.11355369;-6.77418562
710;70.97512856;0.00000000;10.58718423;18.56278054;1.00809410;2.10978879;-2.13806674;0.10997744;7.01771213;-6.52008475
711;71.07509353;0.00000000;10.53394870;18.47817671;1.03086301;2.08268695;-2.12666464;0.11816236;6.92421284;-6.28180636
712;71.17505850;0.00000000;10.48170889;18.39293803;1.06368954;2.05892602;-2.11444276;0.12634046;6.83292048;-6.05633889
713;71.27502347;0.00000000;10.43055827;18.30706062;1.10573672;2.03855298;-2.10140375;0.13455906;6.74373478;-5.84393826
714;71.37498843;0.00000000;10.38055798;18.22048660;1.15607621;2.00830183;-2.08753945;0.14279881;6.65654419;-5.64232193
715;71.47495340;0.00000000;10.33180914;18.13322645;1.20859713;1.96061484;-2.07285180;0.15109732;6.57126407;-5.45405381
716;71.57491837;0.00000000;10.28437249;18.04521896;1.23200735;1.91557911;-2.05733108;0.15938443;6.48776408;-5.27524432
717;71.67488334;0.00000000;10.23835634;17.95649047;1.26014503;1.87334389;-2.04098338;0.16773876;6.40596625;-5.10851188
718;71.77484831;0.00000000;10.19382149;17.86697699;1.29695515;1.83014808;-2.02379541;0.17608820;6.32574573;-4.94978652
719;71.87481328;0.00000000;10.15088288;17.77672217;1.33846504;1.78900503;-2.00577476;0.18452265;6.24703518;-4.80028297
720;71.97477825;0.00000000;10.10960233;17.68565978;1.38441950;1.75086213;-1.98690208;0.19300492;6.16974297;-4.65726178
721;72.07474322;0.00000000;10.07010094;17.59385170;1.43746882;1.71393033;-1.96718330;0.20159888;6.09381672;-4.52100282
722;72.17470819;0.00000000;10.03244308;17.50123020;1.49694601;1.67516319;-1.94659270;0.21029280;6.01919582;-4.38970688
723;72.27467316;0.00000000;9.99675551;17.40787654;1.54779850;1.63454550;-1.92513460;0.21913115;5.94584599;-4.26444277
724;72.37463813;0.00000000;9.96310666;17.31372233;1.59366622;1.59200015;-1.90277783;0.22808167;5.87371218;-4.14308851
725;72.47460310;0.00000000;9.93162795;17.21886977;1.64246280;1.54731389;-1.87952858;0.23720132;5.80277238;-4.02946581
726;72.57456807;0.00000000;9.90239286;17.12325114;1.68353282;1.50572290;-1.85535295;0.24637783;5.73293611;-3.91905665
727;72.67453304;0.00000000;9.87553535;17.02699099;1.73153314;1.46710496;-1.83026379;0.25574185;5.66418747;-3.81572715
728;72.77449801;0.00000000;9.85113434;16.93002431;1.78271531;1.40565348;-1.80422117;0.26517605;5.59644008;-3.71446545
729;72.87446298;0.00000000;9.82932440;16.83249942;1.83624587;1.34664893;-1.77723956;0.27483410;5.52969337;-3.61404887
730;72.97442795;0.00000000;9.81019117;16.73435681;1.89225297;1.29031908;-1.74926441;0.28475562;5.46396854;-3.51454402
731;73.07439292;0.00000000;9.79386873;16.63576701;1.95035549;1.23179849;-1.72030035;0.29493923;5.39928603;-3.41436126
732;73.17435789;0.00000000;9.78045215;16.53668080;1.98998122;1.17114323;-1.69028645;0.30543739;5.33569645;-3.31305583
733;73.27432286;0.00000000;9.77007322;16.43729081;2.03150487;1.11053430;-1.65922417;0.31626406;5.27326062;-3.21009028
734;73.37428783;0.00000000;9.76283722;16.33756373;2.07242435;1.05320473;-1.62704460;0.32743487;5.21205184;-3.10552616
735;73.47425280;0.00000000;9.75887136;16.23771235;2.12011788;0.99975729;-1.59374988;0.33894246;5.15214486;-2.98063799
736;73.57421777;0.00000000;9.75829121;16.13772888;2.17423887;0.95073866;-1.55923871;0.35145048;5.09398448;-2.85119003
737;73.67418274;0.00000000;9.76122211;16.03783901;2.23430282;0.90687077;-1.52347293;0.36435836;5.03772168;-2.72322608
738;73.77414771;0.00000000;9.76779154;15.93807410;2.29162107;0.86882298;-1.48639393;0.37741438;4.98339094;-2.58610064
739;73.87411268;0.00000000;9.77811519;15.83867192;2.34338637;0.83735375;-1.44800011;0.39099594;4.93124186;-2.38672444
740;73.97407765;0.00000000;9.79232328;15.73971767;2.39278281;0.80221147;-1.40810853;0.40710779;4.88261903;-2.17944088
741;74.07404262;0.00000000;9.81054193;15.64144465;2.41103193;0.75260862;-1.36659618;0.42347194;4.83779218;-1.99443248
742;74.17400759;0.00000000;9.83290534;15.54401161;2.43339489;0.70966926;-1.32350500;0.43878676;4.79640348;-1.76267178
743;74.27397256;0.00000000;9.85951505;15.44767292;2.45992962;0.67461874;-1.27882966;0.45578364;4.75952472;-1.34499174
744;74.37393753;0.00000000;9.89049130;15.35265694;2.49081554;0.64630320;-1.23206957;0.47987221;4.73119133;-0.91899726
745;74.47390250;0.00000000;9.92599855;15.25920657;2.52622268;0.61951506;-1.18291189;0.50300029;4.71173390;-0.49792616
746;74.57386747;0.00000000;9.96614639;15.16767801;2.56627000;0.60316241;-1.13159663;0.52430080;4.70115794;-0.08537235
747;74.67383244;0.00000000;10.01104199;15.07836815;2.61108223;0.59791828;-1.07801769;0.54338431;4.69934224;-0.08537235
748;74.77379741;0.00000000;10.06065555;14.99164708;2.61419996;0.60394221;-1.02454022;0.52675965;4.69752584;0.29082060
749;74.87376238;0.00000000;10.11480395;14.90759424;2.58113250;0.62101868;-0.97275352;0.50825264;4.70371053;0.66943382
750;74.97372735;0.00000000;10.17311603;14.82644388;2.55114583;0.64462446;-0.92302488;0.48755479;4.71791613;1.06159980
751;75.07369232;0.00000000;10.23535860;14.74817833;2.49732001;0.66724934;-0.87515196;0.46962890;4.74035634;1.36011028
752;75.17365729;0.00000000;10.30116365;14.67296196;2.45055785;0.69917967;-0.82927523;0.44833688;4.76895219;1.71559662
753;75.27362226;0.00000000;10.37028948;14.60075143;2.40096394;0.73935066;-0.78550738;0.42851580;4.80477930;2.01807914
754;75.37358723;0.00000000;10.44242903;14.53159148;2.33193693;0.78657015;-0.74333707;0.41554082;4.84658421;2.14839833
755;75.47355220;0.00000000;10.51741397;14.46545684;2.26550714;0.83971654;-0.70239638;0.40310682;4.89069603;2.26565879
756;75.57351717;0.00000000;10.59496912;14.40242190;2.20243346;0.89771254;-0.66279751;0.38938305;4.93678850;2.41578515
757;75.67348214;0.00000000;10.67494688;14.34243218;2.14260539;0.95822677;-0.62452250;0.37656591;4.98546572;2.54441897
758;75.77344711;0.00000000;10.75709962;14.28551453;2.08600194;1.01555727;-0.58745868;0.36517642;5.03622617;2.63976961
759;75.87341208;0.00000000;10.84130231;14.23161616;2.03199178;1.06882965;-0.55149387;0.35431863;5.08835366;2.72612332
760;75.97337705;0.00000000;10.92733468;14.18074913;1.98090820;1.11937887;-0.51661042;0.34376816;5.14163171;2.80981673
761;76.07334202;0.00000000;11.01509047;14.13285400;1.93289665;1.16715581;-0.48274846;0.33371630;5.19597375;2.88590923
762;76.17330699;0.00000000;11.10436993;14.08792557;1.88792642;1.21208998;-0.44987268;0.32418300;5.25120204;2.95401315
763;76.27327195;0.00000000;11.19508394;14.04590200;1.84591511;1.25695351;-0.41792085;0.31503584;5.30713845;3.01790535
764;76.37323692;0.00000000;11.28705204;14.00676612;1.80682870;1.30302802;-0.38687872;0.30615449;5.36368233;3.08099809
765;76.47320189;0.00000000;11.38019854;13.97045380;1.77058918;1.34802773;-0.35669952;0.29761618;5.42079993;3.14092924
766;76.57316686;0.00000000;11.47436156;13.93693660;1.73715788;1.39618703;-0.32736693;0.28935249;5.47841562;3.19962753
767;76.67313183;0.00000000;11.56947675;13.90614982;1.67956205;1.44724130;-0.29883921;0.28137057;5.53649158;3.25672307
768;76.77309680;0.00000000;11.66539939;13.87805645;1.62679224;1.50089919;-0.27110553;0.27359225;5.59498485;3.31449229
769;76.87306177;0.00000000;11.76207475;13.85259159;1.58103231;1.55693611;-0.24413125;0.26605043;5.65389438;3.37171583
770;76.97302674;0.00000000;11.85937413;13.82971119;1.54289056;1.61510363;-0.21790871;0.25866425;5.71319776;3.43085319
771;77.07299171;0.00000000;11.95725091;13.80935045;1.51144437;1.66391536;-0.19240918;0.25147259;5.77291598;3.49044890
772;77.17295668;0.00000000;12.05559142;13.79145958;1.45053778;1.71218073;-0.16762801;0.24439201;5.83304416;3.55317487
773;77.27292165;0.00000000;12.15435621;13.77597390;1.39620764;1.76274125;-0.14354149;0.23748806;5.89362284;3.61662317
774;77.37288662;0.00000000;12.25344550;13.76283924;1.34923950;1.80940955;-0.12014242;0.23071417;5.95465041;3.68229462
775;77.47285159;0.00000000;12.35282599;13.75199175;1.31037477;1.84616707;-0.09740911;0.22410031;6.01615013;3.74897917
776;77.57281656;0.00000000;12.45241116;13.74337442;1.28032087;1.88547698;-0.07533349;0.21761309;6.07812435;3.81777219
777;77.67278153;0.00000000;12.55217270;13.73692462;1.25730871;1.92051055;-0.05389715;0.21124382;6.14059301;3.88888543
778;77.77274650;0.00000000;12.65203682;13.73258332;1.23896784;1.95131622;-0.03309751;0.20493214;6.20357858;3.96453795
779;77.87271147;0.00000000;12.75197951;13.73028846;1.21832142;1.98477719;-0.01292151;0.19869872;6.26713786;4.04386844
780;77.97267644;0.00000000;12.85193858;13.72997910;1.16826994;2.02079908;0.00662782;0.19245477;6.33131166;4.13038887
781;78.07264141;0.00000000;12.95189388;13.73159300;1.12666237;2.05929699;0.02555926;0.18629686;6.39619385;4.22019767
782;78.17260638;0.00000000;13.05179418;13.73506778;1.09442655;2.09646552;0.04387587;0.18018663;6.46181396;4.31488217
783;78.27257135;0.00000000;13.15162242;13.74034177;1.05829108;2.11025142;0.06158685;0.17415767;6.52822440;4.41304548
784;78.37253632;0.00000000;13.25133802;13.74735252;1.02908438;2.12694081;0.07869760;0.16819390;6.59545402;4.51539943
785;78.47250129;0.00000000;13.35092650;13.75603925;1.00270324;2.14652084;0.09521605;0.16228677;6.66354089;4.62236299
786;78.57246626;0.00000000;13.45035711;13.76634001;0.98156428;2.16896339;0.11114455;0.15640657;6.73252746;4.73534477
787;78.67243123;0.00000000;13.54961763;13.77819449;0.94994560;2.19423282;0.12648826;0.15057614;6.80247478;4.85340437
788;78.77239620;0.00000000;13.64868637;13.79154143;0.91943970;2.22228095;0.14125041;0.14477750;6.87342738;4.97749367
789;78.87236117;0.00000000;13.74755286;13.80632094;0.89122727;2.25305342;0.15543511;0.13901875;6.94544124;5.10736875
790;78.97232614;0.00000000;13.84620408;13.82247289;0.86887580;2.28106625;0.16904530;0.13328371;7.01856609;5.24397668
791;79.07229111;0.00000000;13.94463090;13.83993773;0.83376057;2.29370874;0.18208367;0.12757906;7.09286246;5.24364747
792;79.17225608;0.00000000;14.04282833;13.85865667;0.81079369;2.30935784;0.19455282;0.12189166;7.16638403;5.20154035
793;79.27222105;0.00000000;14.14078830;13.87857032;0.80096852;2.32800541;0.20645436;0.11622754;7.23857746;5.16015321
794;79.37218602;0.00000000;14.23851328;13.89962141;0.80471134;2.34963334;0.21779065;0.11057544;7.30949196;5.11946003
795;79.47215099;0.00000000;14.33599586;13.92175060;0.81237473;2.37421025;0.22856237;0.10494092;7.37917381;5.07943631
796;79.57211596;0.00000000;14.43324551;13.94490227;0.79668780;2.39538429;0.23877188;0.09931644;7.44766658;5.04005899
797;79.67208093;0.00000000;14.53025523;13.96901700;0.78108122;2.39147454;0.24841918;0.09370426;7.51501139;5.00130628
798;79.77204590;0.00000000;14.62704088;13.99404095;0.76213289;2.39080382;0.25750646;0.08809935;7.58124706;4.96315760
799;79.87201087;0.00000000;14.72359566;14.01991449;0.72758348;2.39343091;0.26603319;0.08250248;7.64641032;4.92559348
800;79.97197584;0.00000000;14.81994123;14.04658553;0.70642983;2.39940094;0.27400139;0.07691065;7.71053594;4.88859548
801;80.07194081;0.00000000;14.91607080;14.07399422;0.69983661;2.40874318;0.28141013;0.07132340;7.77365687;4.85214609
802;80.17190578;0.00000000;15.01201128;14.10209017;0.70815479;2.42147495;0.28826122;0.06573951;7.83580438;4.81622870
803;80.27187075;0.00000000;15.10775570;14.13081319;0.70880093;2.43759494;0.29455351;0.06015734;7.89700821;4.78082752
804;80.37183572;0.00000000;15.20333560;14.16011451;0.69903334;2.45709353;0.30028859;0.05457749;7.95729660;4.74592753
805;80.47180069;0.00000000;15.29874374;14.18993359;0.67248626;2.47994020;0.30546519;0.04899708;8.01669646;4.71151441
806;80.57176566;0.00000000;15.39401568;14.22022311;0.66064894;2.48706611;0.31008462;0.04341744;8.07523343;4.67757451
807;80.67173063;0.00000000;15.48914379;14.25092215;0.63819337;2.48733912;0.31414558;0.03783571;8.13293195;4.64409482
808;80.77169560;0.00000000;15.58416698;14.28198465;0.62926834;2.49124886;0.31764918;0.03225532;8.18981537;4.61106291
809;80.87166057;0.00000000;15.67907730;14.31334933;0.63644190;2.49883269;0.32059428;0.02667011;8.24590597;4.57846687
810;80.97162554;0.00000000;15.77391627;14.34497115;0.65365412;2.51011456;0.32298109;0.02107849;8.30122509;4.54629535
811;81.07159051;0.00000000;15.86867527;14.37678831;0.64308330;2.52509683;0.32480863;0.01551273;8.35579311;4.51453746
812;81.17155547;0.00000000;15.96339758;14.40875687;0.61059410;2.53643771;0.32608866;0.01009399;8.40962958;4.48318276
813;81.27152044;0.00000000;16.05807465;14.44081663;0.59346734;2.53396106;0.32682848;0.00489727;8.46275322;4.45222124
814;81.37148541;0.00000000;16.15274729;14.47292792;0.59298019;2.52759088;0.32711442;0.00082250;8.51518200;4.42164332
815;81.47145038;0.00000000;16.24740685;14.50504344;0.60913223;2.52515732;0.32699275;-0.00326550;8.56693313;4.39143977
816;81.57141535;0.00000000;16.34208655;14.53713128;0.63950856;2.52671207;0.32645940;-0.00740518;8.61802319;4.36160174
817;81.67138032;0.00000000;16.43678156;14.56914617;0.64368447;2.53087931;0.32551179;-0.01159179;8.66846805;4.33212071
818;81.77134529;0.00000000;16.53152200;14.60105387;0.63050812;2.53686425;0.32413267;-0.01599958;8.71828303;4.30298850
819;81.87131026;0.00000000;16.62630518;14.63280727;0.60563954;2.54421488;0.32231346;-0.02034620;8.76748283;4.27419721
820;81.97127523;0.00000000;16.72116067;14.66437083;0.59648977;2.55114154;0.32007776;-0.02438208;8.81608163;4.24573926
821;82.07124020;0.00000000;16.81608485;14.69570048;0.60373525;2.56219381;0.31744078;-0.02817771;8.86409305;4.21760732
822;82.17120517;0.00000000;16.91110431;14.72676646;0.60896272;2.55938807;0.31449268;-0.03080280;8.91153026;4.18979433
823;82.27117014;0.00000000;17.00621134;14.75753725;0.60260839;2.55351975;0.31128286;-0.03336817;8.95840594;4.16229349
824;82.37113511;0.00000000;17.10142802;14.78799337;0.61239111;2.55189017;0.30783344;-0.03564191;9.00473231;4.13509821
825;82.47110008;0.00000000;17.19674431;14.81810744;0.61674496;2.55453071;0.30415677;-0.03793667;9.05052120;4.10820216
826;82.57106505;0.00000000;17.29218028;14.84786163;0.59777812;2.56145132;0.30024530;-0.04031774;9.09578400;4.08159919
827;82.67103002;0.00000000;17.38773042;14.87722945;0.59481986;2.56224479;0.29609914;-0.04238331;9.14053174;4.05528338
828;82.77099499;0.00000000;17.48340570;14.90619432;0.60808434;2.55238654;0.29182994;-0.04303065;9.18477507;4.02924899
829;82.87095996;0.00000000;17.57920654;14.93474794;0.62613138;2.54684692;0.28749843;-0.04343369;9.22852429;4.00349046
830;82.97092493;0.00000000;17.67512803;14.96288587;0.61021868;2.54565730;0.28319002;-0.04276676;9.27178937;3.97800243
831;83.07088990;0.00000000;17.77117223;14.99061441;0.61004837;2.53694902;0.27894788;-0.04210730;9.31457996;3.95277969
832;83.17085487;0.00000000;17.86732940;15.01793759;0.62563982;2.52600433;0.27477083;-0.04146400;9.35690541;3.92781721
833;83.27081984;0.00000000;17.96360108;15.04486256;0.64539519;2.51939589;0.27065799;-0.04081929;9.39877477;3.90311009
834;83.37078481;0.00000000;18.05997964;15.07139387;0.67205595;2.51715179;0.26661018;-0.04016642;9.44019681;3.87865359
835;83.47074978;0.00000000;18.15646628;15.09753862;0.66501188;2.51927712;0.26262750;-0.03951500;9.48118003;3.85444312
836;83.57071475;0.00000000;18.25305312;15.12330140;0.65317696;2.50820754;0.25870976;-0.03886833;9.52173268;3.83047423
837;83.67067972;0.00000000;18.34974170;15.14868933;0.65613903;2.50039602;0.25485653;-0.03822237;9.56186278;3.80674257
838;83.77064469;0.00000000;18.44652420;15.17370702;0.67370899;2.49694797;0.25106798;-0.03757624;9.60157808;3.78324396
839;83.87060966;0.00000000;18.54340236;15.19836160;0.69837847;2.49787489;0.24734390;-0.03693061;9.64088613;3.75997429
840;83.97057463;0.00000000;18.64036854;15.22265776;0.72249498;2.47747047;0.24368442;-0.03628566;9.67979425;3.73692961
841;84.07053960;0.00000000;18.73742454;15.24660262;0.70048253;2.45349855;0.24008928;-0.03564213;9.71830957;3.71410606
842;84.17050457;0.00000000;18.83456288;15.27020095;0.69198699;2.42987682;0.23655837;-0.03500170;9.75643900;3.69149988
843;84.27046954;0.00000000;18.93178556;15.29345981;0.69750851;2.40659803;0.23309139;-0.03436084;9.79418926;3.66910742
844;84.37043451;0.00000000;19.02908515;15.31638403;0.71672904;2.38365715;0.22968872;-0.03371733;9.83156690;3.64692514
845;84.47039948;0.00000000;19.12646397;15.33898074;0.73924131;2.36104689;0.22635029;-0.03307196;9.86857828;3.62494958
846;84.57036445;0.00000000;19.22391456;15.36125486;0.76144660;2.33876213;0.22307699;-0.03241791;9.90522958;3.60317737
847;84.67032942;0.00000000;19.32143911;15.38321357;0.78335003;2.31679556;0.21986886;-0.03177395;9.94152685;3.58160524
848;84.77029439;0.00000000;19.41903056;15.40486184;0.80495461;2.29514202;0.21672296;-0.03116680;9.97747595;3.56023000
849;84.87025936;0.00000000;19.51669131;15.42620646;0.82626561;2.27379462;0.21363757;-0.03057062;10.01308258;3.53904853
850;84.97022433;0.00000000;19.61441443;15.44725196;0.84728615;2.25274865;0.21060926;-0.03001784;10.04835233;3.51805780
851;85.07018930;0.00000000;19.71220290;15.46800469;0.86802143;2.23199767;0.20763610;-0.02946509;10.08329062;3.49725486
852;85.17015427;0.00000000;19.81004955;15.48846877;0.88847453;2.21153742;0.20471832;-0.02891180;10.11790273;3.47663683
853;85.27011924;0.00000000;19.90795737;15.50865048;0.90865086;2.19136151;0.20185574;-0.02835903;10.15219382;3.45620088
854;85.37008421;0.00000000;20.00591961;15.52855405;0.93328922;2.17146559;0.19904852;-0.02780579;10.18616893;3.43594429
855;85.47004918;0.00000000;20.10393910;15.54818572;0.95807002;2.15184334;0.19629653;-0.02725303;10.21983295;3.41586436
856;85.57001415;0.00000000;20.20200941;15.56754981;0.99209561;2.13249032;0.19359977;-0.02670164;10.25319068;3.39595850
857;85.66997912;0.00000000;20.30013340;15.58665253;1.03446030;2.11340025;0.19095806;-0.02615022;10.28624679;3.37622413
858;85.76994409;0.00000000;20.39830473;15.60549823;1.08418953;2.09456869;0.18837161;-0.02559759;10.31900583;3.35665878
859;85.86990906;0.00000000;20.49652616;15.62409309;1.12452885;2.07598936;0.18584032;-0.02504534;10.35147225;3.33726000
860;85.96987403;0.00000000;20.59479170;15.64244157;1.14282447;2.05765776;0.18336429;-0.02449321;10.38365042;3.31802542
861;86.06983899;0.00000000;20.69310394;15.66054978;1.16088523;2.01813985;0.18094338;-0.02394112;10.41554457;3.29895271
862;86.16980396;0.00000000;20.79145723;15.67842229;1.17871509;1.97910751;0.17857777;-0.02338830;10.44715885;3.28003960
863;86.26976893;0.00000000;20.88985400;15.69606515;1.19631974;1.94219283;0.17626735;-0.02283565;10.47849732;3.26128387
864;86.36973390;0.00000000;20.98828890;15.71348301;1.21971419;1.90794735;0.17401225;-0.02228263;10.50956395;3.24268333
865;86.46969887;0.00000000;21.08676417;15.73068188;1.25047549;1.87861715;0.17181238;-0.02172969;10.54036261;3.22423588
866;86.56966384;0.00000000;21.18527482;15.74766651;1.28807978;1.85443131;0.16966786;-0.02117619;10.57089709;3.20593942
867;86.66962881;0.00000000;21.28382289;15.76444285;1.33195357;1.83558700;0.16757862;-0.02062279;10.60117109;3.18779191
868;86.76959378;0.00000000;21.38240373;15.78101572;1.38150280;1.81900691;0.16554476;-0.02006896;10.63118825;3.16979138
869;86.86955875;0.00000000;21.48101915;15.79739104;1.39804021;1.80262549;0.16356622;-0.01951522;10.66095210;3.15193587
870;86.96952372;0.00000000;21.57966488;15.81357371;1.41425647;1.77454498;0.16164310;-0.01896104;10.69046613;3.13422347
871;87.06948869;0.00000000;21.67834247;15.82956959;1.43061610;1.73091388;0.15977534;-0.01840698;10.71973373;3.11665231
872;87.16945366;0.00000000;21.77704805;15.84538367;1.45350361;1.69224224;0.15796300;-0.01785262;10.74875822;3.09922055
873;87.26941863;0.00000000;21.87578290;15.86102176;1.48262244;1.65887081;0.15620606;-0.01729829;10.77754287;3.08192642
874;87.36938360;0.00000000;21.97454352;15.87648892;1.51528049;1.63112049;0.15450457;-0.01674349;10.80609086;3.06476814
875;87.46934857;0.00000000;22.07333093;15.89179092;1.55006782;1.60927611;0.15285852;-0.01618896;10.83440532;3.04774400
876;87.56931354;0.00000000;22.17214202;15.90693288;1.59024074;1.58778652;0.15126790;-0.01563485;10.86248930;3.03085231
877;87.66927851;0.00000000;22.27097752;15.92192052;1.62195820;1.54372883;0.14973265;-0.01508049;10.89034581;3.01409141
878;87.76924348;0.00000000;22.36983472;15.93675902;1.63910814;1.50517174;0.14825292;-0.01452464;10.91797779;2.99745969
879;87.86920845;0.00000000;22.46871407;15.95145408;1.66196357;1.47254155;0.14682873;-0.01396935;10.94538811;2.98095554
880;87.96917342;0.00000000;22.56761323;15.96601096;1.69029799;1.44623464;0.14545995;-0.01341584;10.97257961;2.96457742
881;88.06913839;0.00000000;22.66653236;15.98043526;1.72384668;1.42495910;0.14414651;-0.01286111;10.99955504;2.94832379
882;88.16910336;0.00000000;22.76546950;15.99473232;1.76231655;1.40548930;0.14288884;-0.01230118;11.02631712;2.93219315
883;88.26906833;0.00000000;22.86442448;16.00890775;1.80539827;1.39133500;0.14168720;-0.01173449;11.05286852;2.91618403
884;88.36903330;0.00000000;22.96339574;16.02296708;1.82310932;1.36620539;0.14054381;-0.01114135;11.07921184;2.90029497
885;88.46899827;0.00000000;23.06238283;16.03691621;1.83704523;1.32089676;0.13945973;-0.01054584;11.10534964;2.88452458
886;88.56896324;0.00000000;23.16138441;16.05076096;1.85469950;1.28189617;0.13843575;-0.00994095;11.13128445;2.86887144
887;88.66892821;0.00000000;23.26039980;16.06450734;1.87742123;1.24978846;0.13747222;-0.00933751;11.15701873;2.85333419
888;88.76889318;0.00000000;23.35942795;16.07816128;1.90503481;1.22510988;0.13656869;-0.00873943;11.18255489;2.83791150
889;88.86885815;0.00000000;23.45846792;16.09172869;1.93733665;1.20830980;0.13572495;-0.00814114;11.20789531;2.82260204
890;88.96882312;0.00000000;23.55751904;16.10521551;1.97410217;1.19481627;0.13494107;-0.00754196;11.23304233;2.80740451
891;89.06878809;0.00000000;23.65658010;16.11862762;2.01509233;1.18139809;0.13421709;-0.00694279;11.25799823;2.79231766
892;89.16875306;0.00000000;23.75565071;16.13197102;2.03243375;1.16804929;0.13355300;-0.00634361;11.28276526;2.77734022
893;89.26871803;0.00000000;23.85472944;16.14525154;2.04573072;1.15476400;0.13294881;-0.00574455;11.30734564;2.76247096
894;89.36868300;0.00000000;23.95381616;16.15847522;2.05897087;1.13598312;0.13240447;-0.00514589;11.33174153;2.74770870
895;89.46864797;0.00000000;24.05290922;16.17164787;2.07216003;1.08771754;0.13191999;-0.00454720;11.35595506;2.73305223
896;89.56861294;0.00000000;24.15200876;16.18477553;2.08530426;1.04684056;0.13149536;-0.00394841;11.37998833;2.71850039
897;89.66857791;0.00000000;24.25111292;16.19786401;2.09851109;1.01424064;0.13113058;-0.00334963;11.40384339;2.70405203
898;89.76854288;0.00000000;24.35022207;16.21091938;2.11632969;0.99072892;0.13082566;-0.00275098;11.42752226;2.68970604
899;89.86850785;0.00000000;24.44933413;16.22394741;2.13865035;0.97695612;0.13058058;-0.00215231;11.45102693;2.67546130
900;89.96847282;0.00000000;24.54844972;16.23695421;2.16533991;0.96392393;0.13039535;-0.00155359;11.47435935;2.66131673
901;90.06843779;0.00000000;24.64756655;16.24994551;2.19624433;0.95090738;0.13026997;-0.00095484;11.49752145;2.64727124
902;90.16840276;0.00000000;24.74668544;16.26292746;2.23119453;0.93790036;0.13020445;-0.00035607;11.52051510;2.63332380
903;90.26836773;0.00000000;24.84580392;16.27590577;2.27000852;0.92489708;0.13019879;0.00024275;11.54334217;2.61947336
904;90.36833270;0.00000000;24.94492301;16.28888660;2.28892044;0.91189141;0.13025299;0.00084165;11.56600448;2.60571890
905;90.46829767;0.00000000;25.04404003;16.30187565;2.30191419;0.89887758;0.13036706;0.00144061;11.58850382;2.59205943
906;90.56826264;0.00000000;25.14315621;16.31487910;2.31492262;0.88584944;0.13054101;0.00203967;11.61084196;2.57849395
907;90.66822761;0.00000000;25.24226866;16.32790262;2.32795142;0.87280123;0.13077485;0.00263881;11.63302064;2.56502149
908;90.76819258;0.00000000;25.34137878;16.34095244;2.34100679;0.85972680;0.13106859;0.00323808;11.65504156;2.55164110
909;90.86815755;0.00000000;25.44048351;16.35403418;2.35409439;0.84662041;0.13142224;0.00383744;11.67690641;2.53835183
910;90.96812252;0.00000000;25.53958442;16.36715409;2.36722045;0.83347588;0.13183582;0.00443696;11.69861683;2.52515277
911;91.06808748;0.00000000;25.63867826;16.38031780;2.38039063;0.82028749;0.13230933;0.00503658;11.72017446;2.51204299
912;91.16805245;0.00000000;25.73776673;16.39353156;2.39361116;0.80704905;0.13284279;0.00563640;11.74158090;2.49902159
913;91.26801742;0.00000000;25.83684643;16.40680098;2.40688768;0.79375487;0.13343621;0.00623633;11.76283772;2.48608771
914;91.36798239;0.00000000;25.93591917;16.42013235;2.42022647;0.78039874;0.13408963;0.00683647;11.78394648;2.47324045
915;91.46794736;0.00000000;26.03498143;16.43353123;2.43363313;0.76697499;0.13480303;0.00743675;11.80490870;2.46047897
916;91.56791233;0.00000000;26.13403507;16.44700394;2.44711397;0.75347739;0.13557647;0.00803727;11.82572589;2.44780243
917;91.66787730;0.00000000;26.23307645;16.46055604;2.46067457;0.73990030;0.13640993;0.00863792;11.84639953;2.43520998
918;91.76784227;0.00000000;26.33210752;16.47419386;2.47432125;0.72623749;0.13730346;0.00923885;11.86693108;2.42270081
919;91.86780724;0.00000000;26.43112449;16.48792293;2.48412122;0.71248332;0.13825705;0.00983993;11.88732197;2.41027411
920;91.96777221;0.00000000;26.53012939;16.50174959;2.47210979;0.69863158;0.13927077;0.01044132;11.90757362;2.39792908
921;92.06773718;0.00000000;26.62911831;16.51567937;2.46420280;0.68467664;0.14034459;0.01104286;11.92768743;2.38566495
922;92.16770215;0.00000000;26.72809329;16.52971864;2.46044560;0.67061229;0.14147858;0.01164473;11.94766476;2.37348093
923;92.26766712;0.00000000;26.82705035;16.54387289;2.46086333;0.65643294;0.14267272;0.01224677;11.96750698;2.36137627
924;92.36763209;0.00000000;26.92599152;16.55814850;2.46545988;0.64213236;0.14392709;0.01284919;11.98721540;2.34935021
925;92.46759706;0.00000000;27.02491275;16.57255096;2.47421779;0.63271813;0.14524166;0.01345177;12.00679135;2.33740201
926;92.56756203;0.00000000;27.12381607;16.58708665;2.48709933;0.62919669;0.14661652;0.01405472;12.02623612;2.32553095
927;92.66752700;0.00000000;27.22269729;16.60176105;2.50177033;0.64129093;0.14805163;0.01465793;12.04555098;2.31373630
928;92.76749197;0.00000000;27.32155847;16.61658057;2.51658692;0.66814806;0.14954710;0.01526169;12.06473719;2.30201735
929;92.86745694;0.00000000;27.42039537;16.63155065;2.53155456;0.66997128;0.15110290;0.01586533;12.08379600;2.29037341
930;92.96742191;0.00000000;27.51920997;16.64667771;2.54667970;0.65496121;0.15271903;0.01646840;12.10272861;2.27880378
931;93.06738688;0.00000000;27.61799801;16.66196719;2.54349824;0.63979880;0.15439545;0.01707349;12.12153625;2.26730778
932;93.16735185;0.00000000;27.71676146;16.67742551;2.53864248;0.62447847;0.15613282;0.01768594;12.14022009;2.25588474
933;93.26731682;0.00000000;27.81549553;16.69305813;2.53489538;0.60899627;0.15793142;0.01830032;12.15878130;2.24453401
934;93.36728179;0.00000000;27.91420244;16.70887160;2.53455954;0.59313428;0.15979184;0.01892064;12.17722104;2.23325492
935;93.46724676;0.00000000;28.01287772;16.72487149;2.53835253;0.59371926;0.16171358;0.01948024;12.19554044;2.22204683
936;93.56721173;0.00000000;28.11152285;16.74106345;2.54626130;0.61069866;0.16367742;0.01981015;12.21374064;2.21090911
937;93.66717670;0.00000000;28.21013518;16.75745064;2.55825105;0.64269938;0.16567398;0.02011776;12.23182273;2.19984112
938;93.76714167;0.00000000;28.30871498;16.77403612;2.55149318;0.62615060;0.16769628;0.02034239;12.24978781;2.18884226
939;93.86710664;0.00000000;28.40726033;16.79082195;2.54562386;0.61484423;0.16974108;0.02057026;12.26763696;2.17791190
940;93.96707161;0.00000000;28.50577152;16.80781050;2.54387813;0.61558164;0.17180931;0.02080865;12.28537123;2.16704944
941;94.06703658;0.00000000;28.60424640;16.82500378;2.54626686;0.62087092;0.17390134;0.02104651;12.30299168;2.15625430
942;94.16700155;0.00000000;28.70268560;16.84240434;2.55278085;0.64167583;0.17601705;0.02128230;12.32049935;2.14552588
943;94.26696652;0.00000000;28.80108691;16.86001417;2.56170617;0.64025622;0.17815632;0.02151840;12.33789524;2.13486360
944;94.36693149;0.00000000;28.89945076;16.87783575;2.55420777;0.62239601;0.18031927;0.02175562;12.35518038;2.12426689
945;94.46689646;0.00000000;28.99777498;16.89587109;2.55082560;0.60432318;0.18250592;0.02199314;12.37235575;2.11373518
946;94.56686143;0.00000000;29.09605991;16.91412266;2.55157839;0.59678704;0.18471637;0.02223125;12.38942233;2.10326792
947;94.66682640;0.00000000;29.19430346;16.93259251;2.54716028;0.60565984;0.18695062;0.02246945;12.40638110;2.09286456
948;94.76679137;0.00000000;29.29250583;16.95128309;2.53783401;0.63024675;0.18920870;0.02270807;12.42323300;2.08252455
949;94.86675634;0.00000000;29.39066501;16.97019644;2.53264928;0.63175922;0.19149064;0.02294629;12.43997899;2.07224735
950;94.96672131;0.00000000;29.48878105;16.98933500;2.53163388;0.61253290;0.19379628;0.02318274;12.45661999;2.06203244
951;95.06668628;0.00000000;29.58685195;17.00870078;2.53479520;0.60902518;0.19612562;0.02342487;12.47315692;2.05187929
952;95.16665125;0.00000000;29.68487769;17.02829627;2.54212009;0.62058013;0.19848039;0.02368684;12.48959069;2.04178738
953;95.26661622;0.00000000;29.78285634;17.04812373;2.55329727;0.63391110;0.20086136;0.02395176;12.50592220;2.03175620
954;95.36658119;0.00000000;29.88078760;17.06818581;2.54666356;0.63209182;0.20326947;0.02422725;12.52215233;2.02178524
955;95.46654616;0.00000000;29.97866971;17.08848496;2.54418582;0.61661876;0.20570511;0.02450199;12.53828195;2.01187402
956;95.56651113;0.00000000;30.07650213;17.10902386;2.54587893;0.61691347;0.20816805;0.02477395;12.55431194;2.00202202
957;95.66647610;0.00000000;30.17428303;17.12980490;2.55173727;0.63295125;0.21065819;0.02504720;12.57024313;1.99222878
958;95.76644107;0.00000000;30.27201191;17.15083078;2.54715916;0.64932030;0.21317587;0.02532407;12.58607637;1.98249380
959;95.86640604;0.00000000;30.36968670;17.17210387;2.54315677;0.62800508;0.21572121;0.02560047;12.60181250;1.97281661
960;95.96637100;0.00000000;30.46730677;17.19362686;2.54270775;0.60644501;0.21829406;0.02587444;12.61745234;1.96319675
961;96.06633597;0.00000000;30.56487111;17.21540232;2.53223383;0.59428572;0.22089233;0.02597976;12.63299669;1.95363374
962;96.16630094;0.00000000;30.66237795;17.23743037;2.52593489;0.59854295;0.22346618;0.02551565;12.64844635;1.94412713
963;96.26626591;0.00000000;30.75982985;17.25970740;2.52383805;0.61888219;0.22599295;0.02498897;12.66380213;1.93467646
964;96.36623088;0.00000000;30.85722429;17.28222724;2.52594840;0.63110758;0.22845416;0.02425314;12.67906480;1.92528129
965;96.46619585;0.00000000;30.95456558;17.30498355;2.53224838;0.62330264;0.23084190;0.02351788;12.69423513;1.91594118
966;96.56616082;0.00000000;31.05185141;17.32796824;2.52987006;0.63119618;0.23315610;0.02278284;12.70931389;1.90665568
967;96.66612579;0.00000000;31.14908620;17.35117481;2.51509235;0.64934537;0.23539687;0.02204791;12.72430183;1.89742436
968;96.76609076;0.00000000;31.24626807;17.37459527;2.50444061;0.62944610;0.23756414;0.02131299;12.73919970;1.88824680
969;96.86605573;0.00000000;31.34340138;17.39822310;2.49796000;0.62488004;0.23965798;0.02057826;12.75400824;1.87912258
970;96.96602070;0.00000000;31.44048435;17.42205031;2.49567591;0.63598491;0.24167835;0.01984352;12.76872816;1.87005126
971;97.06598567;0.00000000;31.53752135;17.44607043;2.49759246;0.66197972;0.24362530;0.01910892;12.78336021;1.86103245
972;97.16595064;0.00000000;31.63451081;17.47027550;2.49104395;0.66099838;0.24549879;0.01837425;12.79790507;1.85206573
973;97.26591561;0.00000000;31.73145712;17.49465905;2.48642710;0.66249333;0.24729887;0.01763968;12.81236347;1.84315070
974;97.36588058;0.00000000;31.82835883;17.51921314;2.48600120;0.67694251;0.24902549;0.01690508;12.82673609;1.83428695
975;97.46584555;0.00000000;31.92522036;17.54393131;2.48976106;0.69624224;0.25067871;0.01617058;12.84102362;1.82547410
976;97.56581052;0.00000000;32.02204037;17.56880567;2.47770100;0.71220868;0.25225847;0.01543599;12.85522674;1.81671175
977;97.66577549;0.00000000;32.11882329;17.59382976;2.46369662;0.70945216;0.25376483;0.01470148;12.86934612;1.80799951
978;97.76574046;0.00000000;32.21556794;17.61899570;2.45383484;0.70068520;0.25519773;0.01396689;12.88338243;1.79933701
979;97.86570543;0.00000000;32.31227874;17.64429704;2.44815811;0.70596567;0.25655723;0.01323238;12.89733632;1.79072386
980;97.96567040;0.00000000;32.40895463;17.66972593;2.44668839;0.71991843;0.25784328;0.01249777;12.91120844;1.78215969
981;98.06563537;0.00000000;32.50560002;17.69527595;2.44942589;0.71809667;0.25905591;0.01176322;12.92499944;1.77364413
982;98.16560034;0.00000000;32.60221396;17.72093923;2.43756571;0.71295119;0.26019509;0.01102857;12.93870995;1.76517681
983;98.26556531;0.00000000;32.69880087;17.74670937;2.41470362;0.72164041;0.26126085;0.01029397;12.95234059;1.75675737
984;98.36553028;0.00000000;32.79535990;17.77257853;2.39589936;0.74368635;0.26225316;0.00955928;12.96589199;1.74838545
985;98.46549525;0.00000000;32.89189548;17.79854030;2.38124129;0.77273414;0.26317204;0.00882463;12.97936477;1.74006071
986;98.56546022;0.00000000;32.98840682;17.82458687;2.37079942;0.79217976;0.26401747;0.00808988;12.99275952;1.73178278
987;98.66542519;0.00000000;33.08489834;17.85071183;2.36462198;0.78567354;0.26478946;0.00735518;13.00607686;1.72355132
988;98.76539016;0.00000000;33.18136936;17.87690739;2.36273527;0.78685207;0.26548798;0.00662038;13.01931737;1.71536598
989;98.86535513;0.00000000;33.27782429;17.90316713;2.36514215;0.80054468;0.26611307;0.00588563;13.03248164;1.70722643
990;98.96532010;0.00000000;33.37426249;17.92948327;2.36820972;0.82308498;0.26666469;0.00515078;13.04557026;1.69913233
991;99.06528507;0.00000000;33.47068838;17.95584940;2.35177995;0.83824146;0.26714287;0.00441598;13.05858380;1.69108335
992;99.16525004;0.00000000;33.56710138;17.98225776;2.33444084;0.82705270;0.26754758;0.00368109;13.07152283;1.68307916
993;99.26521501;0.00000000;33.66350589;18.00870193;2.31861266;0.82135222;0.26787883;0.00294625;13.08438791;1.67511942
994;99.36517998;0.00000000;33.75990138;18.03517416;2.30704082;0.82774415;0.26813662;0.00221133;13.09717960;1.66720383
995;99.46514495;0.00000000;33.85629223;18.06166803;2.29978195;0.83508962;0.26832094;0.00147646;13.10989845;1.65933205
996;99.56510992;0.00000000;33.95267797;18.08817580;2.29686976;0.85403424;0.26843180;0.00074152;13.12254501;1.65150377
997;99.66507489;0.00000000;34.04906294;18.11469104;2.29831338;0.88393921;0.26846920;0.00000662;13.13511982;1.64371869
998;99.76503986;0.00000000;34.14544670;18.14120601;2.27286632;0.92374656;0.26843312;-0.00072832;13.14762341;1.63597648
999;99.86500483;0.00000000;34.24183357;18.16771430;2.25075180;0.94034477;0.26832359;-0.00146322;13.16005630;1.62827685
1000;99.96496980;0.00000000;34.33822315;18.19420816;2.23288349;0.92764442;0.26814058;-0.00219817;13.17241903;1.62061949
1001;100.06493477;0.00000000;34.43461971;18.22068116;2.21613860;0.91973376;0.26788411;-0.00293306;13.18471211;1.61300409
1002;100.16489974;0.00000000;34.53102286;18.24712558;2.20287965;0.92267880;0.26755417;-0.00366798;13.19693606;1.60543037
1003;100.26486471;0.00000000;34.62743687;18.27353496;2.19406293;0.93638438;0.26715077;-0.00440286;13.20909138;1.59789802
1004;100.36482968;0.00000000;34.72386133;18.29990159;2.18973496;0.96039665;0.26667391;-0.00513775;13.22117856;1.59040675
1005;100.46479465;0.00000000;34.82030047;18.32621901;2.18991491;0.97956114;0.26612358;-0.00587259;13.23319812;1.58295628
1006;100.56475962;0.00000000;34.91675390;18.35247950;2.19459436;1.00451707;0.26549980;-0.00660744;13.24515054;1.57554632
1007;100.66472459;0.00000000;35.01322580;18.37867658;2.18057577;1.02313831;0.26480256;-0.00734224;13.25703631;1.56817659
1008;100.76468956;0.00000000;35.10971576;18.40480254;2.15625507;1.01817946;0.26403187;-0.00807703;13.26885591;1.56084679
1009;100.86465452;0.00000000;35.20622791;18.43085089;2.13625996;1.01801599;0.26318772;-0.00881178;13.28060982;1.55355667
1010;100.96461949;0.00000000;35.30276185;18.45681392;2.11387562;1.02771041;0.26227013;-0.00954651;13.29229851;1.54630594
1011;101.06458446;0.00000000;35.39932163;18.48268510;2.09418829;1.04699624;0.26127909;-0.01028119;13.30392245;1.53909432
1012;101.16454943;0.00000000;35.49590684;18.50845674;2.07902435;1.07536406;0.26021462;-0.01101582;13.31548210;1.53192155
1013;101.26451440;0.00000000;35.59252149;18.53412229;2.06847560;1.10177251;0.25907670;-0.01175044;13.32697792;1.52478737
1014;101.36447937;0.00000000;35.68916510;18.55967405;2.06260579;1.11563538;0.25786535;-0.01248516;13.33841037;1.51769150
1015;101.46444434;0.00000000;35.78584163;18.58510546;2.05417624;1.12087326;0.25658054;-0.01321970;13.34977989;1.51063369
1016;101.56440931;0.00000000;35.88255058;18.61040880;2.03089329;1.11008547;0.25522235;-0.01395382;13.36108694;1.50361367
1017;101.66437428;0.00000000;35.97929584;18.63557750;2.01217455;1.10838506;0.25379075;-0.01468820;13.37233194;1.49663118
1018;101.76433925;0.00000000;36.07607684;18.66060384;1.99814147;1.11582090;0.25228570;-0.01542359;13.38351534;1.48968598
1019;101.86430422;0.00000000;36.17289742;18.68548121;1.98888560;1.13222034;0.25070712;-0.01615844;13.39463757;1.48277781
1020;101.96426919;0.00000000;36.26975695;18.71020188;1.98446670;1.15720899;0.24905521;-0.01689157;13.40569906;1.47590642
1021;102.06423416;0.00000000;36.36665918;18.73475924;1.97606736;1.17375132;0.24733002;-0.01762228;13.41670024;1.46907155
1022;102.16419913;0.00000000;36.46360342;18.75914558;1.95345087;1.19217170;0.24553230;-0.01834492;13.42764151;1.46227297
1023;102.26416410;0.00000000;36.56059332;18.78335438;1.93555731;1.21279929;0.24366232;-0.01906735;13.43852331;1.45551044
1024;102.36412907;0.00000000;36.65762808;18.80737800;1.92251188;1.23250570;0.24172019;-0.01978917;13.44934604;1.44878370
1025;102.46409404;0.00000000;36.75471127;18.83120988;1.91440622;1.26004711;0.23970588;-0.02051105;13.46011011;1.44209252
1026;102.56405901;0.00000000;36.85184203;18.85484238;1.91129619;1.25709350;0.23761941;-0.02123315;13.47081592;1.43543667
1027;102.66402398;0.00000000;36.94902383;18.87826893;1.89545153;1.24928021;0.23546073;-0.02195518;13.48146388;1.42881591
1028;102.76398895;0.00000000;37.04625570;18.90148187;1.87331870;1.24966072;0.23322992;-0.02267689;13.49205438;1.42223000
1029;102.86395392;0.00000000;37.14354105;18.92447460;1.85608787;1.25823476;0.23092694;-0.02339861;13.50258782;1.41567872
1030;102.96391889;0.00000000;37.24087881;18.94723945;1.84388977;1.27484383;0.22855184;-0.02412031;13.51306458;1.40916184
1031;103.06388386;0.00000000;37.33827228;18.96976979;1.83681726;1.29918702;0.22610457;-0.02484202;13.52348505;1.40267913
1032;103.16384883;0.00000000;37.43572028;18.99205795;1.83492260;1.32537388;0.22358518;-0.02556365;13.53384962;-4.04662293
1033;103.26381380;0.00000000;37.53322604;19.01409726;1.83821456;1.31922269;0.22099363;-0.02628531;13.50392700;-7.81625152
1034;103.36377877;0.00000000;37.63078825;19.03588003;1.83202546;1.31765184;0.21832997;-0.02700689;13.44594146;-7.72262545
1035;103.46374374;0.00000000;37.72841004;19.05739959;1.82532646;1.32391893;0.21559414;-0.02772854;13.38840385;-7.63077648
1036;103.56370871;0.00000000;37.82608997;19.07864822;1.82381236;1.33792071;0.21278620;-0.02845019;13.33130665;-7.54065600
1037;103.66367368;0.00000000;37.92383107;19.09961920;1.81028319;1.35942541;0.20990609;-0.02917194;13.27464253;-7.45224340
1038;103.76363865;0.00000000;38.02163176;19.12030482;1.79875731;1.38219631;0.20695386;-0.02989373;13.21840413;-7.36549333
1039;103.86360362;0.00000000;38.11949499;19.14069833;1.79244127;1.37129565;0.20392943;-0.03061567;13.16258428;-7.28038334
1040;103.96356859;0.00000000;38.21741900;19.16079199;1.79138317;1.36794006;0.20083287;-0.03133772;13.10717584;-7.19687065
1041;104.06353356;0.00000000;38.31540665;19.18057903;1.78119621;1.37219204;0.19766407;-0.03205996;13.05217179;-7.11492203
1042;104.16349853;0.00000000;38.41345602;19.20005169;1.76985010;1.38223753;0.19442311;-0.03278245;12.99756525;-7.03451628
1043;104.26346350;0.00000000;38.51156988;19.21920317;1.76377698;1.38553889;0.19110987;-0.03350515;12.94334934;-6.95563055
1044;104.36342847;0.00000000;38.60974611;19.23802569;1.75669307;1.37848412;0.18772442;-0.03422806;12.88951719;-6.87821257
1045;104.46339344;0.00000000;38.70798740;19.25651241;1.74541522;1.37900228;0.18426665;-0.03495134;12.83606220;-6.80218362
1046;104.56335841;0.00000000;38.80629144;19.27465554;1.73610777;1.38709203;0.18073658;-0.03567533;12.78297823;-6.72760521
1047;104.66332338;0.00000000;38.90466081;19.29244820;1.73019801;1.40262959;0.17713407;-0.03639953;12.73025855;-6.65450252
1048;104.76328835;0.00000000;39.00309298;19.30988258;1.72969021;1.39792520;0.17345923;-0.03712365;12.67789606;-6.58272212
1049;104.86325332;0.00000000;39.10159049;19.32695179;1.73458188;1.39491772;0.16971193;-0.03784850;12.62588473;-6.51205223
1050;104.96321829;0.00000000;39.20015053;19.34364797;1.74482024;1.39944171;0.16589211;-0.03857529;12.57422010;-6.44273895
1051;105.06318326;0.00000000;39.29877559;19.35996419;1.74065539;1.41143198;0.16199956;-0.03930237;12.52289562;-6.37481884
1052;105.16314823;0.00000000;39.39746259;19.37589258;1.72897772;1.42420468;0.15803439;-0.04002938;12.47190433;-6.30833043
1053;105.26311320;0.00000000;39.49621395;19.39142616;1.72263016;1.40868727;0.15399648;-0.04075593;12.42123880;-6.24369281
1054;105.36307817;0.00000000;39.59502634;19.40655707;1.72166469;1.39579460;0.14988620;-0.04147920;12.37088810;-6.17891085
1055;105.46304314;0.00000000;39.69390209;19.42127835;1.72608312;1.39040395;0.14570344;-0.04221204;12.32085724;-6.10960309
1056;105.56300811;0.00000000;39.79283759;19.43558201;1.73583682;1.38645990;0.14144520;-0.04298336;12.27118700;-6.04028480
1057;105.66297308;0.00000000;39.89183516;19.44946064;1.74973053;1.38936403;0.13710968;-0.04376367;12.22188188;-5.96693029
1058;105.76293804;0.00000000;39.99089098;19.46290580;1.76319011;1.39985428;0.13269409;-0.04457991;12.17297945;-5.89500061
1059;105.86290301;0.00000000;40.09000723;19.47590959;1.77620754;1.41777033;0.12819680;-0.04539564;12.12447284;-5.82509269
1060;105.96286798;0.00000000;40.18917994;19.48846327;1.78877412;1.41163543;0.12361834;-0.04620663;12.07635007;-5.75641736
1061;106.06283295;0.00000000;40.28841113;19.50055892;1.80088183;1.39953184;0.11895869;-0.04701807;12.02860553;-5.68907960
1062;106.16279792;0.00000000;40.38769649;19.51218785;1.81252202;1.38789581;0.11421804;-0.04782907;11.98123256;-5.62287337
1063;106.26276289;0.00000000;40.48703792;19.52334213;1.82368668;1.37673523;0.10939620;-0.04864093;11.93422611;-5.55780522
1064;106.36272786;0.00000000;40.58643079;19.53401306;1.83436718;1.36605870;0.10449325;-0.04945345;11.88758097;-5.49385828
1065;106.46269283;0.00000000;40.68587684;19.54419267;1.84455548;1.35587417;0.09950894;-0.05026662;11.84129193;-5.43120109
1066;106.56265780;0.00000000;40.78537113;19.55387229;1.85424298;1.34619021;0.09444348;-0.05107911;11.79535225;-5.36959760
1067;106.66262277;0.00000000;40.88491520;19.56304391;1.86342162;1.33701481;0.08929666;-0.05189246;11.74975708;-5.30917441
1068;106.76258774;0.00000000;40.98450385;19.57169888;1.87208287;1.32835653;0.08406864;-0.05270564;11.70450035;-5.24975714
1069;106.86255271;0.00000000;41.08413838;19.57982917;1.88021862;1.32022340;0.07875918;-0.05351978;11.65957739;-5.19151857
1070;106.96251768;0.00000000;41.18381331;19.58742616;1.88782038;1.31262396;0.07336846;-0.05433349;11.61498191;-5.13423272
1071;107.06248265;0.00000000;41.28352970;19.59448178;1.89488005;1.30556627;0.06789624;-0.05514832;11.57070949;-5.07808250
1072;107.16244762;0.00000000;41.38328182;19.60098746;1.90138917;1.29905883;0.06234269;-0.05596279;11.52675398;-5.02283273
1073;107.26241259;0.00000000;41.48307040;19.60693509;1.90733961;1.29310975;0.05670754;-0.05677854;11.48311119;-4.96867935
1074;107.36237756;0.00000000;41.58288953;19.61231616;1.91272298;1.28772748;0.05099098;-0.05759399;11.43977513;-4.91537318
1075;107.46234253;0.00000000;41.68273955;19.61712252;1.91753113;1.28292017;0.04519272;-0.05841091;11.39674184;-4.86312667
1076;107.56230750;0.00000000;41.78261440;19.62134571;1.92175572;1.27869621;0.03931292;-0.05922758;11.35400546;-4.81167537
1077;107.66227247;0.00000000;41.88251399;19.62497755;1.92538857;1.27506378;0.03335128;-0.06004593;11.31156232;-4.76122545
1078;107.76223744;0.00000000;41.98243214;19.62800964;1.92842142;1.27203124;0.02730795;-0.06086427;11.26940684;-4.71151578
1079;107.86220241;0.00000000;42.08236827;19.63043378;1.93084608;1.26960677;0.02118261;-0.06168453;11.22753568;-4.66277721
1080;107.96216738;0.00000000;42.18231613;19.63224162;1.93317315;1.25091696;0.01497538;-0.06250482;11.18594335;-4.61472748
1081;108.06213235;0.00000000;42.28227458;19.63342493;1.94003196;1.21752388;0.00868594;-0.06332728;11.14462680;-4.56757622
1082;108.16209732;0.00000000;42.38223734;19.63397543;1.95136617;1.19222270;0.00231436;-0.06415015;11.10358101;-4.52105662
1083;108.26206229;0.00000000;42.48220267;19.63388489;1.96709013;1.17554461;-0.00413969;-0.06497549;11.06280329;-4.47534587
1084;108.36202726;0.00000000;42.58216433;19.63314505;1.98304307;1.16786841;-0.01067621;-0.06580180;11.02228928;-4.43021958
1085;108.46199223;0.00000000;42.68211980;19.63174769;2.00256226;1.16926588;-0.01729555;-0.06663083;10.98203658;-4.38604384
1086;108.56195720;0.00000000;42.78206298;19.62968459;2.02618679;1.17132902;-0.02399767;-0.06745949;10.94203939;-4.34237791
1087;108.66192217;0.00000000;42.88199064;19.62694756;2.02694742;1.17406617;-0.03078283;-0.06829136;10.90229585;-4.29908560
1088;108.76188714;0.00000000;42.98189675;19.62352843;2.02352824;1.17748572;-0.03765132;-0.06912752;10.86280529;-4.25623602
1089;108.86185211;0.00000000;43.08177727;19.61941898;2.01941873;1.18159606;-0.04460363;-0.06996734;10.82356641;-4.21404588
1090;108.96181708;0.00000000;43.18162638;19.61461105;2.01461074;1.18640558;-0.05163994;-0.07080891;10.78457583;-4.17298883
1091;109.06178205;0.00000000;43.28143893;19.60909647;2.00909609;1.19192266;-0.05876055;-0.07164814;10.74582572;-4.13760911
1092;109.16174702;0.00000000;43.38120952;19.60286720;2.00286675;1.19815556;-0.06596271;-0.07244583;10.70726569;-4.10296193
1093;109.26171199;0.00000000;43.48093218;19.59591557;1.99591507;1.20511219;-0.07324475;-0.07324446;10.66889092;-4.07081773
1094;109.36167696;0.00000000;43.58060161;19.58823397;1.98823345;1.21279453;-0.08060580;-0.07402854;10.63067990;-4.03888809
1095;109.46164193;0.00000000;43.68021103;19.57981503;1.97981457;1.20078038;-0.08804545;-0.07481804;10.59263237;-4.00691910
1096;109.56160690;0.00000000;43.77975538;19.57065127;1.97065096;1.17918822;-0.09556447;-0.07561523;10.55475047;-3.97523797
1097;109.66157187;0.00000000;43.87922665;19.56073543;1.96073542;1.16654962;-0.10316338;-0.07641721;10.51703325;-3.94424565
1098;109.76153684;0.00000000;43.97862042;19.55005990;1.95252012;1.16316498;-0.11084258;-0.07722039;10.47947592;-3.91352663
1099;109.86150181;0.00000000;44.07792745;19.53861759;1.94863148;1.16669826;-0.11860222;-0.07802850;10.44207759;-3.88318461
1100;109.96146678;0.00000000;44.17714377;19.52640084;1.94908745;1.17366132;-0.12644295;-0.07884061;10.40483636;-3.85303442
1101;110.06143175;0.00000000;44.27625896;19.51340274;1.95387685;1.18666790;-0.13436502;-0.07965841;10.36775205;-3.82324672
1102;110.16139672;0.00000000;44.37526951;19.49961553;1.96295973;1.20046520;-0.14236919;-0.08048035;10.33082287;-3.79363059
1103;110.26136169;0.00000000;44.47416367;19.48503253;1.97626782;1.21506020;-0.15045566;-0.08130820;10.29404881;-3.76437271
1104;110.36132666;0.00000000;44.57293851;19.46964583;1.96993585;1.23046109;-0.15862527;-0.08214023;10.25742804;-3.73524715
1105;110.46129163;0.00000000;44.67158096;19.45344904;1.95371866;1.24667467;-0.16687817;-0.08297857;10.22096093;-3.70641305
1106;110.56125660;0.00000000;44.77008862;19.43643407;1.93668183;1.26370937;-0.17521534;-0.08382173;10.18464626;-3.67766852
1107;110.66122156;0.00000000;44.86844704;19.41859487;1.91881931;1.28157177;-0.18363687;-0.08467165;10.14848478;-3.64918983
1108;110.76118653;0.00000000;44.96665438;19.39992313;1.90012311;1.30027059;-0.19214391;-0.08552664;10.11247551;-3.62076167
1109;110.86115150;0.00000000;45.06469480;19.38041317;1.88058768;1.31981218;-0.20073646;-0.08638880;10.07661959;-3.59254726
1110;110.96111647;0.00000000;45.16256702;19.36005646;1.86020493;1.34020558;-0.20941580;-0.08725655;10.04091652;-3.56433968
1111;111.06108144;0.00000000;45.26025375;19.33884775;1.83896993;1.36145690;-0.21818192;-0.08813195;10.00536788;-3.53629744
1112;111.16104641;0.00000000;45.35775427;19.31677822;1.81687454;1.38357552;-0.22703623;-0.08901342;9.96997365;-3.50821767
1113;111.26101138;0.00000000;45.45504987;19.29384311;1.79391454;1.40656728;-0.23597864;-0.08990302;9.93473587;-3.48024832
1114;111.36097635;0.00000000;45.55214034;19.27003330;1.77008179;1.43044195;-0.24501076;-0.09079926;9.89965510;-3.45219371
1115;111.46094132;0.00000000;45.64900551;19.24534454;1.74537296;1.45520506;-0.25413243;-0.09170413;9.86473386;-3.42418908
1116;111.56090629;0.00000000;45.74564571;19.21976740;1.71977995;1.48086684;-0.26334541;-0.09261627;9.82997336;-3.39605271
1117;111.66087126;0.00000000;45.84203927;19.19329820;1.69330054;1.49474636;-0.27264950;-0.09353754;9.79537665;-3.36790331
1118;111.76083623;0.00000000;45.93818706;19.16592714;1.66592678;1.49133329;-0.28204664;-0.09446673;9.76094560;-3.33955999
1119;111.86080120;0.00000000;46.03406589;19.13765118;1.64041260;1.49555498;-0.29153656;-0.09540571;9.72668396;-3.31110487
1120;111.96076617;0.00000000;46.12967711;19.10846013;1.61973230;1.50735677;-0.30112142;-0.09635363;9.69259469;-3.28242137
1121;112.06073114;0.00000000;46.22499604;19.07835162;1.60406823;1.52656940;-0.31080088;-0.09731171;9.65868198;-3.25365527
1122;112.16069611;0.00000000;46.32002449;19.04731505;1.59355801;1.55292796;-0.32057724;-0.09827839;9.62494855;-3.22456497
1123;112.26066108;0.00000000;46.41473629;19.01534881;1.58829684;1.58498944;-0.33045004;-0.09925624;9.59139966;-3.19500738
1124;112.36062605;0.00000000;46.50913364;18.98244181;1.58248472;1.61801225;-0.34042201;-0.10024676;9.55804215;-3.16507547
1125;112.46059102;0.00000000;46.60318883;18.94859326;1.54860358;1.65199971;-0.35049277;-0.10124894;9.52488196;-3.13496173
1126;112.56055599;0.00000000;46.69690446;18.91379158;1.51379114;1.66588246;-0.36066502;-0.10226064;9.49192308;-3.10465609
1127;112.66052096;0.00000000;46.79025137;18.87803680;1.47805343;1.67438164;-0.37093812;-0.10328193;9.45916963;-3.07667788
1128;112.76048593;0.00000000;46.88323242;18.84131695;1.44138563;1.68978225;-0.38131319;-0.10428497;9.42659907;-3.04834544
1129;112.86045090;0.00000000;46.97581717;18.80363323;1.40582397;1.71190342;-0.39178825;-0.10529950;9.39421708;-3.02142544
1130;112.96041587;0.00000000;47.06800881;18.76497342;1.37559934;1.74050021;-0.40236520;-0.10630573;9.36201053;-2.99394902
1131;113.06038084;0.00000000;47.15977549;18.72533996;1.35106951;1.77526064;-0.41304241;-0.10732579;9.32998719;-2.96598040
1132;113.16034581;0.00000000;47.25112076;18.68472019;1.33253683;1.81584282;-0.42382330;-0.10835891;9.29815427;-2.93743621
1133;113.26031078;0.00000000;47.34201139;18.64311760;1.32024953;1.85723375;-0.43470707;-0.10940599;9.26651991;-2.90852609
1134;113.36027575;0.00000000;47.43245100;18.60051904;1.30072904;1.87646171;-0.44569720;-0.11046456;9.23509014;-2.87896444
1135;113.46024072;0.00000000;47.52240516;18.55692901;1.25868924;1.89533015;-0.45679275;-0.11153784;9.20387411;-2.84904748
1136;113.56020569;0.00000000;47.61187737;18.51233391;1.22233230;1.92030230;-0.46799731;-0.11262230;9.17287789;-2.81837727
1137;113.66017066;0.00000000;47.70083204;18.46673938;1.19218073;1.95114565;-0.47930985;-0.11372249;9.14211194;-2.78740348
1138;113.76013563;0.00000000;47.78927249;18.42013136;1.16870118;1.98378846;-0.49073413;-0.11483300;9.11158194;-2.75560548
1139;113.86010060;0.00000000;47.87716215;18.37251657;1.15229904;2.00325873;-0.50226894;-0.11595986;9.08129932;-2.72262225
1140;113.96006557;0.00000000;47.96450387;18.32388065;1.14326613;2.02859427;-0.51391873;-0.11710724;9.05127967;-2.68883618
1141;114.06003054;0.00000000;48.05126037;18.27423127;1.11087346;2.05958046;-0.52568276;-0.11827034;9.02153450;-2.65540327
1142;114.15999551;0.00000000;48.13743375;18.22355382;1.08428645;2.09288226;-0.53756439;-0.11943498;8.99206262;-2.62065523
1143;114.25996048;0.00000000;48.22298592;18.17185720;1.06526356;2.11771865;-0.54956204;-0.12062129;8.96288139;-2.58267514
1144;114.35992545;0.00000000;48.30791839;18.11912661;1.04587073;2.12691524;-0.56168204;-0.12185245;8.93402981;-2.54306375
1145;114.45989042;0.00000000;48.39219244;18.06537164;1.01679931;2.13753288;-0.57392460;-0.12310831;8.90552941;-2.49589342
1146;114.55985539;0.00000000;48.47580814;18.01057724;0.99572815;2.15395655;-0.58629930;-0.12446186;8.87746868;-2.44720296
1147;114.65982036;0.00000000;48.55872620;17.95475311;0.98143103;2.17549243;-0.59880893;-0.12583691;8.84986899;-2.39609953
1148;114.75978533;0.00000000;48.64094474;17.89788394;0.94574962;2.19491970;-0.61145908;-0.12724406;8.82276199;-2.34347732
1149;114.85975030;0.00000000;48.72242412;17.83998007;0.91297296;2.21990867;-0.62424952;-0.12867129;8.79616950;-2.28962773
1150;114.95971527;0.00000000;48.80316104;17.78102635;0.88826677;2.24909468;-0.63718479;-0.13011420;8.77011019;-2.23381272
1151;115.05968024;0.00000000;48.88311533;17.72103426;0.84344532;2.27851779;-0.65026406;-0.13158146;8.74461129;-2.17588558
1152;115.15964521;0.00000000;48.96228238;17.65998892;0.80730060;2.29691130;-0.66349273;-0.13307405;8.71970194;-2.11588208
1153;115.25961018;0.00000000;49.04062171;17.59790272;0.78103862;2.31983828;-0.67687029;-0.13459054;8.69541108;-2.05265424
1154;115.35957515;0.00000000;49.11812692;17.53476138;0.76566070;2.34680395;-0.69040280;-0.13614474;8.67178106;-1.98715887
1155;115.45954012;0.00000000;49.19475771;17.47057771;0.76181688;2.36891714;-0.70409052;-0.13772288;8.64884352;-1.91933456
1156;115.55950509;0.00000000;49.27050549;17.40533834;0.75833724;2.39632278;-0.71793851;-0.13932449;8.62663096;-1.84835150
1157;115.65947005;0.00000000;49.34532945;17.33905731;0.72844674;2.41571515;-0.73194673;-0.14095908;8.60518570;-1.77340068
1158;115.75943502;0.00000000;49.41921968;17.27172152;0.71006016;2.41107886;-0.74612200;-0.14263571;8.58455969;-1.69529253
1159;115.85939999;0.00000000;49.49213470;17.20334616;0.70407022;2.41199478;-0.76046478;-0.14434168;8.56479570;-1.61252271
1160;115.95936496;0.00000000;49.56406286;17.13391876;0.70583882;2.41848656;-0.77498198;-0.14609510;8.54595423;-1.52568572
1161;116.05932993;0.00000000;49.63496238;17.06345530;0.70614768;2.43052423;-0.78967469;-0.14788561;8.52808909;-1.43256937
1162;116.15929490;0.00000000;49.70481932;16.99194438;0.70497892;2.44804339;-0.80455121;-0.14974042;8.51128016;-1.33516960
1163;116.25925987;0.00000000;49.77359125;16.91940295;0.70231544;2.47093816;-0.81961343;-0.15162943;8.49558412;-1.23319334
1164;116.35922484;0.00000000;49.84126226;16.84582037;0.68946253;2.49907814;-0.83486766;-0.15355368;8.48106110;-1.12623294
1165;116.45918981;0.00000000;49.90778955;16.77121476;0.64892729;2.50357894;-0.85031463;-0.15551545;8.46777596;-1.01297061
1166;116.55915478;0.00000000;49.97315522;16.69557673;0.62043974;2.50232189;-0.86596176;-0.15752906;8.45580904;-0.89722564
1167;116.65911975;0.00000000;50.03731549;16.61892618;0.60569500;2.50662810;-0.88181053;-0.15953841;8.44519533;-0.79380146
1168;116.75908472;0.00000000;50.10025141;16.54125494;0.59516693;2.51648840;-0.89784921;-0.16133894;8.43579395;-0.69561265
1169;116.85904969;0.00000000;50.16192045;16.46258646;0.59363923;2.52849710;-0.91406703;-0.16302977;8.42754684;-0.64392147
1170;116.95901466;0.00000000;50.22230541;16.38291665;0.60716370;2.52879136;-0.93041554;-0.16404793;8.41990538;-0.58804988
1171;117.05897963;0.00000000;50.28137070;16.30227424;0.63476315;2.52470712;-0.94686639;-0.16510341;8.41292088;-0.52815261
1172;117.15894460;0.00000000;50.33910164;16.22066147;0.63609616;2.52622670;-0.96342560;-0.16619186;8.40664287;-0.46399050
1173;117.25890957;0.00000000;50.39546470;16.13810687;0.64779366;2.53335027;-0.98009446;-0.16731430;8.40112366;-0.39656661
1174;117.35887454;0.00000000;50.45044319;16.05461502;0.64104135;2.54604097;-0.99687719;-0.16845449;8.39640358;-0.33151058
1175;117.45883951;0.00000000;50.50400386;15.97021569;0.61942301;2.54600969;-1.01377417;-0.16953303;8.39245579;-0.29391137
1176;117.55880448;0.00000000;50.55613036;15.88491543;0.59750351;2.55122969;-1.03075537;-0.17020563;8.38895420;-0.27184615
1177;117.65876945;0.00000000;50.60679430;15.79874703;0.59017998;2.56203297;-1.04780117;-0.17064797;8.38571418;-0.27184615
1178;117.75873442;0.00000000;50.65598358;15.71172439;0.59798593;2.55188733;-1.06483612;-0.17017241;8.38247292;-0.22894518
1179;117.85869939;0.00000000;50.70368553;15.62387759;0.62035249;2.54474671;-1.08181960;-0.16939280;8.37974219;-0.16623522
1180;117.95866436;0.00000000;50.74989325;15.53523759;0.63276154;2.54321246;-1.09866572;-0.16766480;8.37775888;-0.03919376
1181;118.05862933;0.00000000;50.79461150;15.44583031;0.60914131;2.54727910;-1.11534053;-0.16582514;8.37729120;0.09125598
1182;118.15859430;0.00000000;50.83783988;15.35569862;0.59976324;2.54519817;-1.13180248;-0.16354552;8.37838007;0.24818304
1183;118.25855927;0.00000000;50.87959071;15.26486842;0.60531336;2.54223351;-1.14804053;-0.16133985;8.38134069;0.39481733
1184;118.35852424;0.00000000;50.91986962;15.17338017;0.62541374;2.53467658;-1.16406191;-0.15921084;8.38604839;0.53150120
1185;118.45848921;0.00000000;50.95868847;15.08125988;0.63616175;2.53186913;-1.17987268;-0.15710944;8.39238170;0.66217826
1186;118.55845418;0.00000000;50.99605478;14.98854385;0.64041552;2.52683136;-1.19547285;-0.15501406;8.40026547;0.78872635
1187;118.65841915;0.00000000;51.03198095;14.89525720;0.62186653;2.50564591;-1.21086568;-0.15293859;8.40964624;0.91045410
1188;118.75838412;0.00000000;51.06647584;14.80143481;0.61072172;2.48981128;-1.22604923;-0.15084874;8.42046180;1.03009020
1189;118.85834909;0.00000000;51.09955283;14.70710059;0.61432044;2.47941209;-1.24102667;-0.14883723;8.43268183;1.14126672
1190;118.95831406;0.00000000;51.13122170;14.61228725;0.63242937;2.47449976;-1.25581069;-0.14695574;8.44620010;1.24064587
1191;119.05827903;0.00000000;51.16149520;14.51701620;0.66294245;2.47508890;-1.27040888;-0.14513680;8.46087102;1.33344736
1192;119.15824400;0.00000000;51.19038240;14.42131869;0.69205392;2.48115737;-1.28483170;-0.14343067;8.47661103;1.41631417
1193;119.25820897;0.00000000;51.21789546;14.32521361;0.70275416;2.48214706;-1.29908591;-0.14175066;8.49329725;1.49579424
1194;119.35817394;0.00000000;51.24404312;14.22873143;0.68990278;2.45602285;-1.31317251;-0.14008946;8.51088434;1.57257674
1195;119.45813891;0.00000000;51.26883787;14.13188957;0.69001886;2.43125394;-1.32709501;-0.13846111;8.52933511;1.64577759
1196;119.55810388;0.00000000;51.29228911;14.03471684;0.70260997;2.40782981;-1.34085604;-0.13686429;8.54860208;1.71563982
1197;119.65806885;0.00000000;51.31440940;13.93722928;0.71476289;2.38573690;-1.35445909;-0.13529434;8.56864081;1.78263681
1198;119.75803382;0.00000000;51.33520856;13.83945445;0.73562300;2.36496470;-1.36790642;-0.13375507;8.58941254;1.84660428
1199;119.85799879;0.00000000;51.35469918;13.74140712;0.75516885;2.34549993;-1.38120151;-0.13223681;8.61087680;1.90837044
1200;119.95796376;0.00000000;51.37289145;13.64311377;0.77341025;2.32733201;-1.39434497;-0.13073220;8.63300293;1.96857811
1201;120.05792873;0.00000000;51.38979814;13.54458814;0.79035956;2.31044778;-1.40733964;-0.12925550;8.65576787;2.02624093
1202;120.15789370;0.00000000;51.40542992;13.44585519;0.80602775;2.29483641;-1.42018795;-0.12780817;8.67913726;2.08133634
1203;120.25785867;0.00000000;51.41979942;13.34692764;0.82042753;2.28048505;-1.43289293;-0.12637809;8.70307676;2.13486346
1204;120.35782364;0.00000000;51.43291763;13.24782929;0.83560557;2.26738275;-1.44545517;-0.12496184;8.72756370;2.18714902
1205;120.45778861;0.00000000;51.44479726;13.14857192;0.86099694;2.25551674;-1.45787725;-0.12356683;8.75257932;2.23768420
1206;120.55775357;0.00000000;51.45544963;13.04917818;0.89574122;2.24487586;-1.47016051;-0.12219118;8.77809916;2.28667349
1207;120.65771854;0.00000000;51.46488741;12.94965900;0.93880948;2.23544750;-1.48230755;-0.12083419;8.80410128;2.33422664
1208;120.75768351;0.00000000;51.47312219;12.85003573;0.97314152;2.22722030;-1.49431944;-0.11949397;8.83056516;2.38054089
1209;120.85764848;0.00000000;51.48016655;12.75031858;0.98018406;2.19385822;-1.50619856;-0.11817149;8.85747269;2.42558314
1210;120.95761345;0.00000000;51.48603233;12.65052771;0.99168977;2.15137280;-1.51794599;-0.11686514;8.88480552;2.46952520
1211;121.05757842;0.00000000;51.49073205;12.55067261;1.01184792;2.11385464;-1.52956396;-0.11557548;8.91254740;2.51235817
1212;121.15754339;0.00000000;51.49427770;12.45077230;1.04016414;2.08156719;-1.54105349;-0.11430094;8.94068212;2.55424453
1213;121.25750836;0.00000000;51.49668171;12.35083561;1.07572751;2.05474751;-1.55241667;-0.11304205;8.96919544;2.59517373
1214;121.35747333;0.00000000;51.49795625;12.25088043;1.10053779;2.03360444;-1.56365445;-0.11179732;8.99807311;2.63529586
1215;121.45743830;0.00000000;51.49811364;12.15091499;1.10951907;2.01830580;-1.57476880;-0.11056736;9.02730271;2.67458818
1216;121.55740327;0.00000000;51.49716615;12.05095609;1.12624845;1.99835072;-1.58576062;-0.10935078;9.05687167;2.71318983
1217;121.65736824;0.00000000;51.49512601;11.95101137;1.15039832;1.96386187;-1.59663176;-0.10814812;9.08676908;2.75107794
1218;121.75733321;0.00000000;51.49200556;11.85109662;1.18152127;1.92959289;-1.60738309;-0.10695813;9.11698389;2.78837947
1219;121.85729818;0.00000000;51.48781691;11.75121891;1.21909192;1.90100034;-1.61801632;-0.10578051;9.14750653;2.82513691
1220;121.95726315;0.00000000;51.48257247;11.65139302;1.24455642;1.87833644;-1.62853214;-0.10461378;9.17832802;2.86149252
1221;122.05722812;0.00000000;51.47628425;11.55162552;1.27335594;1.86180785;-1.63893219;-0.10346048;9.20944098;2.89724725
1222;122.15719309;0.00000000;51.46896468;11.45193024;1.30821981;1.85156985;-1.64921741;-0.10231985;9.24083598;2.93248066
1223;122.25715806;0.00000000;51.46062562;11.35231322;1.34615268;1.81043528;-1.65938949;-0.10119608;9.27250454;2.96684561
1224;122.35712303;0.00000000;51.45127942;11.25278741;1.37284420;1.76835729;-1.66945010;-0.10009019;9.30443451;3.00026702
1225;122.45708800;0.00000000;51.44093771;11.15335835;1.39073683;1.73197437;-1.67940093;-0.09899741;9.33661314;3.03316955
1226;122.55705297;0.00000000;51.42961272;11.05403818;1.40962210;1.70164638;-1.68924307;-0.09791767;9.36903230;3.06556936
1227;122.65701794;0.00000000;51.41731590;10.95483196;1.43429942;1.67749198;-1.69897799;-0.09684974;9.40168418;3.09758256
1228;122.75698291;0.00000000;51.40405940;10.85575104;1.46448299;1.64939338;-1.70860661;-0.09579319;9.43456225;3.12925409
1229;122.85694788;0.00000000;51.38985450;10.75680003;1.49984839;1.62790078;-1.71813028;-0.09474774;9.46766056;3.16061478
1230;122.95691285;0.00000000;51.37471326;10.65798951;1.54004392;1.60995031;-1.72754987;-0.09371303;9.50097353;3.19170224
1231;123.05687782;0.00000000;51.35864678;10.55932366;1.55740876;1.59161421;-1.73686667;-0.09268865;9.53449604;3.22255870
1232;123.15684279;0.00000000;51.34166705;10.46081237;1.57908539;1.56405678;-1.74608144;-0.09167415;9.56822349;3.25322808
1233;123.25680776;0.00000000;51.32378499;10.36245938;1.60582672;1.53603805;-1.75519540;-0.09066936;9.60215176;3.28373069
1234;123.35677273;0.00000000;51.30501250;10.26427389;1.63739114;1.51500399;-1.76420927;-0.08967383;9.63627700;3.31410984
1235;123.45673770;0.00000000;51.28536032;10.16625925;1.67351327;1.48897086;-1.77312418;-0.08868732;9.67059586;3.34438984
1236;123.55670267;0.00000000;51.26484024;10.06842402;1.69221029;1.45665522;-1.78194081;-0.08770938;9.70510525;3.37461565
1237;123.65666764;0.00000000;51.24346286;9.97077115;1.71113912;1.42689031;-1.79066020;-0.08673990;9.73980260;3.40479954
1238;123.75663261;0.00000000;51.22123984;9.87330858;1.73479258;1.40447920;-1.79928298;-0.08577842;9.77468547;3.43498711
1239;123.85659758;0.00000000;51.19818160;9.77603889;1.76298851;1.38976926;-1.80781015;-0.08482483;9.80975192;3.46518842
1240;123.95656255;0.00000000;51.17429970;9.67896944;1.79551915;1.35372413;-1.81624226;-0.08387867;9.84500014;3.49544957
1241;124.05652752;0.00000000;51.14960442;9.58210242;1.83216083;1.31476165;-1.82458026;-0.08293990;9.88042877;3.52577505
1242;124.15649249;0.00000000;51.12410716;9.48544468;1.87194274;1.28321977;-1.83282467;-0.08200805;9.91603654;3.55621127
1243;124.25645746;0.00000000;51.09781805;9.38899802;1.89740154;1.25964837;-1.84097637;-0.08108312;9.95182264;3.57548441
1244;124.35642243;0.00000000;51.07074838;9.29276876;1.92694690;1.24449344;-1.84903584;-0.08016464;9.98767341;3.55416479
1245;124.45638740;0.00000000;51.04290810;9.19675837;1.94126794;1.22669425;-1.85700391;-0.07925264;10.02318333;3.53303807
1246;124.55635237;0.00000000;51.01430839;9.10097267;1.94623557;1.20665242;-1.86488102;-0.07834666;10.05835793;3.51210124
1247;124.65631734;0.00000000;50.98495904;9.00541279;1.95552834;1.18585974;-1.87266797;-0.07744673;10.09320259;3.49135136
1248;124.75628231;0.00000000;50.95487108;8.91008406;1.96909313;1.16821272;-1.88036514;-0.07655241;10.12772255;3.47078558
1249;124.85624728;0.00000000;50.92405415;8.81498731;1.98685067;1.15971378;-1.88797329;-0.07566378;10.16192295;3.45040111
1250;124.95621225;0.00000000;50.89251916;8.72012741;2.00869700;1.15252750;-1.89549278;-0.07478041;10.19580877;3.43019521
1251;125.05617722;0.00000000;50.86027559;8.62550486;2.03005515;1.11331757;-1.90292432;-0.07390240;10.22938489;3.41016523
1252;125.15614219;0.00000000;50.82733420;8.53112409;2.04672750;1.06377489;-1.91026826;-0.07302931;10.26265606;3.39030857
1253;125.25610716;0.00000000;50.79370433;8.43698534;2.06705591;1.02231307;-1.91752525;-0.07216102;10.29562691;3.37062269
1254;125.35607213;0.00000000;50.75939661;8.34309258;2.09127373;0.98994290;-1.92469557;-0.07129708;10.32830199;3.35110513
1255;125.45603709;0.00000000;50.72442021;8.24944577;2.11925509;0.96120188;-1.93177985;-0.07043818;10.36068570;3.33175346
1256;125.55600206;0.00000000;50.68878563;8.15604848;2.15085925;0.93974311;-1.93877844;-0.06958402;10.39278237;3.31256531
1257;125.65596703;0.00000000;50.65250190;8.06290042;2.18593608;0.92930123;-1.94569192;-0.06873325;10.42459623;3.29353839
1258;125.75593200;0.00000000;50.61557935;7.97000474;2.22432679;0.92034134;-1.95252039;-0.06788515;10.45613138;3.27467042
1259;125.85589697;0.00000000;50.57802691;7.87736088;2.26323321;0.91274483;-1.95926427;-0.06703787;10.48739186;3.25595920
1260;125.95586194;0.00000000;50.53985480;7.78497159;2.28312554;0.91672611;-1.96592328;-0.06619005;10.51838161;3.23740257
1261;126.05582691;0.00000000;50.50107188;7.69283609;2.29101929;0.90647916;-1.97249780;-0.06534652;10.54910449;3.21899842
1262;126.15579188;0.00000000;50.46168826;7.60095667;2.30258209;0.87940260;-1.97898815;-0.06450688;10.57956425;3.20074468
1263;126.25575685;0.00000000;50.42171266;7.50933238;2.31776698;0.85620173;-1.98539480;-0.06367123;10.60976457;3.18263933
1264;126.35572182;0.00000000;50.38115500;7.41796508;2.33651065;0.84491010;-1.99171807;-0.06283954;10.63970908;3.16468039
1265;126.45568679;0.00000000;50.34002387;7.32685367;2.35494722;0.84599667;-1.99795842;-0.06201096;10.66940128;3.14686591
1266;126.55565176;0.00000000;50.29832905;7.23599963;2.35709844;0.82112310;-2.00411602;-0.06118502;10.69884462;3.12919401
1267;126.65561673;0.00000000;50.25607902;7.14540169;2.36287022;0.77350280;-2.01019127;-0.06036256;10.72804250;3.11166283
1268;126.75558170;0.00000000;50.21328336;7.05506092;2.37224402;0.73702218;-2.01618443;-0.05954335;10.75699821;3.09427053
1269;126.85554667;0.00000000;50.16995046;6.96497593;2.38518523;0.71338508;-2.02209588;-0.05872710;10.78571498;3.07701535
1270;126.95551164;0.00000000;50.12608970;6.87514739;2.40164361;0.70146548;-2.02792584;-0.05791360;10.81419600;3.05989553
1271;127.05547661;0.00000000;50.08170938;6.78557380;2.41193276;0.69334774;-2.03367464;-0.05710295;10.84244437;3.04290937
1272;127.15544158;0.00000000;50.03681870;6.69625545;2.41992951;0.69101219;-2.03934252;-0.05629496;10.87046313;3.02605517
1273;127.25540655;0.00000000;49.99142588;6.60719073;2.42473654;0.68597090;-2.04492979;-0.05548963;10.89825526;3.00933131
1274;127.35537152;0.00000000;49.94553990;6.51837953;2.42946751;0.68978551;-2.05043666;-0.05468678;10.92582368;2.99273616
1275;127.45533649;0.00000000;49.89916893;6.42982018;2.43660075;0.66249557;-2.05586341;-0.05388641;10.95317126;2.97626814
1276;127.55530146;0.00000000;49.85232173;6.34151218;2.44726504;0.64747649;-2.06121025;-0.05308834;10.98030081;2.95992571
1277;127.65526643;0.00000000;49.80500641;6.25345381;2.46142211;0.64824563;-2.06647744;-0.05229262;11.00721507;2.94370733
1278;127.75523140;0.00000000;49.75723152;6.16564416;2.47901946;0.66266574;-2.07166519;-0.05149913;11.03391675;2.92761152
1279;127.85519637;0.00000000;49.70900515;6.07808150;2.49999174;0.66682628;-2.07677374;-0.05070773;11.06040849;2.91163682
1280;127.95516134;0.00000000;49.66033558;5.99076450;2.52426187;0.65809881;-2.08180326;-0.04991816;11.08669289;2.89578177
1281;128.05512631;0.00000000;49.61123086;5.90369139;2.53982064;0.63619824;-2.08675395;-0.04913075;11.11277251;2.88004498
1282;128.15509128;0.00000000;49.56169908;5.81686048;2.54676498;0.63008471;-2.09162606;-0.04834579;11.13864983;2.86442506
1283;128.25505625;0.00000000;49.51174832;5.73027013;2.55323004;0.64020304;-2.09641977;-0.04756203;11.16432731;2.84892065
1284;128.35502122;0.00000000;49.46138635;5.64391811;2.54510355;0.62404464;-2.10113513;-0.04677819;11.18980737;2.83353041
1285;128.45498619;0.00000000;49.41062113;5.55780253;2.54041963;0.60675906;-2.10577223;-0.04599840;11.21509235;2.81825303
1286;128.55495116;0.00000000;49.35946033;5.47192105;2.53634527;0.60615423;-2.11033186;-0.04522619;11.24018459;2.80308722
1287;128.65491613;0.00000000;49.30791204;5.38627227;2.53130222;0.62140623;-2.11481731;-0.04460886;11.26508636;2.78803172
1288;128.75488110;0.00000000;49.25598201;5.30085400;2.52975573;0.60747304;-2.11925810;-0.04423783;11.28979990;2.77308528
1289;128.85484607;0.00000000;49.20367543;5.21566751;2.53171597;0.59567976;-2.12367049;-0.04433060;11.31432740;2.75824668
1290;128.95481104;0.00000000;49.15099109;5.13071333;2.53641377;0.60096494;-2.12814462;-0.04518321;11.33867102;2.74351473
1291;129.05477601;0.00000000;49.09792350;5.04599787;2.54163192;0.61537392;-2.13270444;-0.04606847;11.36283289;2.72888824
1292;129.15474098;0.00000000;49.04446636;4.96152779;2.55030232;0.62394935;-2.13735701;-0.04701615;11.38681508;2.71436606
1293;129.25470595;0.00000000;48.99061201;4.87730865;2.55418439;0.64772275;-2.14210398;-0.04794032;11.41061965;2.69994703
1294;129.35467092;0.00000000;48.93635541;4.79334966;2.54398621;0.65021315;-2.14694048;-0.04882447;11.43424860;2.68563005
1295;129.45463589;0.00000000;48.88168908;4.70965556;2.53720040;0.66342612;-2.15186521;-0.04969280;11.45770391;2.67141401
1296;129.55460086;0.00000000;48.82660830;4.62623496;2.53188865;0.69146318;-2.15687464;-0.05053165;11.48098752;2.65729783
1297;129.65456583;0.00000000;48.77110630;4.54309287;2.51438284;0.69648584;-2.16196806;-0.05137305;11.50410135;2.64328043
1298;129.75453080;0.00000000;48.71517855;4.46023764;2.49958267;0.70074392;-2.16714581;-0.05221883;11.52704727;2.62936078
1299;129.85449577;0.00000000;48.65881855;4.37767474;2.48537599;0.71910868;-2.17240823;-0.05306572;11.54982713;-4.59414546
1300;129.95446074;0.00000000;48.60202184;4.29541268;2.47003425;0.70339652;-2.17775526;-0.05391302;11.50999564;-5.31131238
1301;130.05442571;0.00000000;48.54478220;4.21345730;2.45812803;0.69817583;-2.18318713;-0.05476207;11.46377378;-5.25382026
1302;130.15439068;0.00000000;48.48709516;4.13181705;2.44033952;0.70773035;-2.18870392;-0.05561315;11.41786816;-5.19727245
1303;130.25435565;0.00000000;48.42895477;4.05049825;2.40210996;0.73148925;-2.19430594;-0.05646616;11.37227430;-5.14164988
1304;130.35432061;0.00000000;48.37035662;3.96950937;2.36695439;0.76640773;-2.19999328;-0.05732113;11.32698782;-5.08690242
1305;130.45428558;0.00000000;48.31129509;3.88885723;2.33500429;0.80357475;-2.20576624;-0.05817838;11.28200465;-5.03301386
1306;130.55425055;0.00000000;48.25176571;3.80855023;2.30638597;0.82624873;-2.21162498;-0.05903792;11.23732080;-4.97993842
1307;130.65421552;0.00000000;48.19176327;3.72859575;2.28121727;0.83228092;-2.21756979;-0.05990003;11.19293259;-4.92764003
1308;130.75418049;0.00000000;48.13128324;3.64900213;2.25960600;0.85068845;-2.22360090;-0.06076491;11.14883659;-4.87609747
1309;130.85414546;0.00000000;48.07032082;3.56977730;2.23841246;0.88070317;-2.22971862;-0.06163266;11.10502946;-4.82527917
1310;130.95411043;0.00000000;48.00887141;3.49092953;2.21202415;0.90118954;-2.23592324;-0.06250345;11.06150811;-4.77515711
1311;131.05407540;0.00000000;47.94693065;3.41246739;2.18927366;0.92326447;-2.24221505;-0.06337743;11.01826959;-4.72569079
1312;131.15404037;0.00000000;47.88449386;3.33439902;2.17026758;0.95593011;-2.24859442;-0.06425486;10.97531128;-4.67686492
1313;131.25400534;0.00000000;47.82155717;3.25673363;2.15509718;0.99815350;-2.25506165;-0.06513581;10.93263062;-4.62863489
1314;131.35397031;0.00000000;47.75811576;3.17947927;2.12406060;1.04878709;-2.26161717;-0.06602056;10.89022542;-4.58098815
1315;131.45393528;0.00000000;47.69416632;3.10264582;2.08304966;1.07810138;-2.26826128;-0.06690917;10.84809352;-4.53387444
1316;131.55390025;0.00000000;47.62970387;3.02624119;2.04547842;1.08178039;-2.27499448;-0.06780200;10.80623319;-4.48728697
1317;131.65386522;0.00000000;47.56472568;2.95027596;2.01153359;1.09349164;-2.28181708;-0.06869905;10.76464271;-4.44116721
1318;131.75383019;0.00000000;47.49922661;2.87475793;1.98139382;1.11474937;-2.28872966;-0.06960075;10.72332087;-4.39551972
1319;131.85379516;0.00000000;47.43320453;2.79969839;1.95522850;1.14369236;-2.29573252;-0.07050702;10.68226635;-4.35028107
1320;131.95376013;0.00000000;47.36665411;2.72510501;1.93319073;1.16716039;-2.30282632;-0.07141835;10.64147842;-4.30544771
1321;132.05372510;0.00000000;47.29957391;2.65098982;1.91541575;1.19919951;-2.31001136;-0.07233472;10.60095633;-4.26094293
1322;132.15369007;0.00000000;47.23195837;2.57736035;1.88143746;1.23915276;-2.31728842;-0.07325675;10.56070003;-4.21680027
1323;132.25365504;0.00000000;47.16380673;2.50422940;1.84022083;1.28628751;-2.32465777;-0.07418410;10.52070912;-4.17293734
1324;132.35362001;0.00000000;47.09511324;2.43160437;1.79730554;1.33985309;-2.33212027;-0.07511745;10.48098399;-4.12930969
1325;132.45358498;0.00000000;47.02587788;2.35949881;1.75833157;1.39395793;-2.33967621;-0.07605714;10.44152540;-4.08575890
1326;132.55354995;0.00000000;46.95609463;2.28792004;1.72355784;1.42371720;-2.34732667;-0.07700459;10.40233566;-4.04247826
1327;132.65351492;0.00000000;46.88576426;2.21688238;1.69323788;1.45458417;-2.35507194;-0.07795796;10.36341521;-3.99942129
1328;132.75347989;0.00000000;46.81488051;2.14639306;1.66099143;1.49223881;-2.36291304;-0.07891762;10.32476492;-3.95699652
1329;132.85344486;0.00000000;46.74344493;2.07646715;1.62417947;1.53230544;-2.37085010;-0.07987973;10.28638171;-3.91565164
1330;132.95340983;0.00000000;46.67145107;2.00711177;1.59203472;1.55918933;-2.37888335;-0.08083999;10.24825803;-3.87454216
1331;133.05337480;0.00000000;46.59890144;1.93834267;1.56483966;1.58795152;-2.38701266;-0.08180626;10.21039449;-3.83372661
1332;133.15333977;0.00000000;46.52578937;1.87016685;1.54284658;1.62313198;-2.39523908;-0.08277794;10.17279111;-3.79301759
1333;133.25330474;0.00000000;46.45211831;1.80260078;1.50807723;1.66432783;-2.40356271;-0.08375676;10.13544972;-3.75236880
1334;133.35326971;0.00000000;46.37788133;1.73565140;1.45632050;1.70152271;-2.41198486;-0.08474310;10.09837265;-3.71185207
1335;133.45323468;0.00000000;46.30308282;1.66933592;1.40900396;1.74407086;-2.42050564;-0.08573620;10.06156150;-3.67152188
1336;133.55319965;0.00000000;46.22771560;1.60366124;1.36657935;1.77779688;-2.42912633;-0.08673546;10.02501734;-3.63136795
1337;133.65316462;0.00000000;46.15178503;1.53864529;1.32951262;1.81425027;-2.43784692;-0.08774091;9.98874134;-3.59158656
1338;133.75312959;0.00000000;46.07528373;1.47429497;1.29825266;1.83932257;-2.44666853;-0.08875053;9.95273268;-3.55174573
1339;133.85309456;0.00000000;45.99821811;1.41062883;1.27322277;1.85551083;-2.45559111;-0.08976853;9.91699489;-3.51185117
1340;133.95305953;0.00000000;45.92058057;1.34765383;1.25478539;1.87776181;-2.46461626;-0.09079479;9.88153143;-3.47206201
1341;134.05302450;0.00000000;45.84237851;1.28538915;1.21583812;1.90586905;-2.47374398;-0.09182761;9.84634421;-3.43261618
1342;134.15298947;0.00000000;45.76360419;1.22384182;1.18121457;1.93958809;-2.48297552;-0.09286447;9.81143269;-3.39319686
1343;134.25295444;0.00000000;45.68426606;1.16303160;1.15333488;1.97863534;-2.49231068;-0.09390852;9.77679957;-3.35410970
1344;134.35291941;0.00000000;45.60435630;1.10296563;1.13268631;2.02271227;-2.50175080;-0.09495649;9.74244440;-3.31495412
1345;134.45288438;0.00000000;45.52388441;1.04366416;1.08480507;2.06479208;-2.51129565;-0.09601245;9.70837084;-3.27592233
1346;134.55284935;0.00000000;45.44284250;0.98513448;1.03092041;2.08439463;-2.52094679;-0.09707427;9.67458058;-3.23679666
1347;134.65281432;0.00000000;45.36124115;0.92739731;0.98339301;2.10949222;-2.53070404;-0.09814413;9.64107757;-3.19791342
1348;134.75277929;0.00000000;45.27907247;0.87046018;0.94317330;2.13990218;-2.54056891;-0.09921834;9.60786231;-3.15882896
1349;134.85274426;0.00000000;45.19634804;0.81434417;0.91122819;2.17540530;-2.55054111;-0.10030150;9.57493988;-3.11970577
1350;134.95270923;0.00000000;45.11306009;0.75905707;0.88843934;2.21576736;-2.56062245;-0.10139173;9.54231372;-3.08065202
1351;135.05267420;0.00000000;45.02922123;0.70462035;0.86614480;2.25017284;-2.57081268;-0.10248773;9.50998615;-3.04244706
1352;135.15263917;0.00000000;44.94482385;0.65104210;0.84430537;2.28032366;-2.58111273;-0.10358082;9.47795127;-3.00384586
1353;135.25260413;0.00000000;44.85988149;0.59834388;0.82145890;2.31536452;-2.59152199;-0.10468454;9.44621625;-2.96478198
1354;135.35256910;0.00000000;44.77438691;0.54653417;0.79759649;2.35508781;-2.60204272;-0.10579945;9.41478905;-2.92616734
1355;135.45253407;0.00000000;44.68835475;0.49563486;0.77271550;2.39926168;-2.61267476;-0.10691524;9.38366796;-2.88967383
1356;135.55249904;0.00000000;44.60177803;0.44565475;0.74680849;2.43548480;-2.62341765;-0.10801302;9.35283337;-2.85170055
1357;135.65246401;0.00000000;44.51467221;0.39661546;0.71987569;2.46245880;-2.63427036;-0.10913322;9.32230399;-2.81075821
1358;135.75242898;0.00000000;44.42703097;0.34852631;0.69191224;2.49049274;-2.64523802;-0.11029252;9.29211478;-2.77067496
1359;135.85239395;0.00000000;44.33887044;0.30140933;0.66936986;2.50523341;-2.65632138;-0.11144694;9.26225978;-2.73368436
1360;135.95235892;0.00000000;44.25018499;0.25527456;0.66021382;2.50634118;-2.66751857;-0.11257066;9.23270875;-2.69445029
1361;136.05232389;0.00000000;44.16099192;0.21014369;0.66498834;2.51188345;-2.67882833;-0.11372519;9.20348899;-2.65163920
1362;136.15228886;0.00000000;44.07128608;0.16602704;0.65486294;2.52250859;-2.69025709;-0.11492570;9.17464263;-2.59848284
1363;136.25225383;0.00000000;43.98108415;0.12294620;0.64533281;2.53816205;-2.70180764;-0.11625084;9.14628629;-2.52424548
1364;136.35221880;0.00000000;43.89038254;0.08091432;0.64356322;2.55235493;-2.71350750;-0.11782576;9.11865564;-2.45283148
1365;136.45218377;0.00000000;43.79919712;0.03995589;0.61894545;2.54895844;-2.72536438;-0.11936581;9.09172625;-2.38940262
1366;136.55214874;0.00000000;43.70752489;0.00008634;0.60036000;2.54415041;-2.73736910;-0.12080901;9.06541632;-2.35224922
1367;136.65211371;0.00000000;43.61538353;-0.03867092;0.58984015;2.54011443;-2.74951226;-0.12193676;9.03944070;-2.35193845
1368;136.75207868;0.00000000;43.52277208;-0.07630448;0.59492813;2.53953230;-2.76172807;-0.12246193;9.01339365;-2.36473996
1369;136.85204365;0.00000000;43.42971048;-0.11280011;0.61523049;2.54216590;-2.77399569;-0.12297093;8.98712873;-2.37964281
1370;136.95200862;0.00000000;43.33620371;-0.14815039;0.64710026;2.54440139;-2.78631305;-0.12346275;8.96062057;-2.39683370
1371;137.05197359;0.00000000;43.24227019;-0.18234305;0.63722493;2.51788186;-2.79868032;-0.12397411;8.93384140;-2.41333943
1372;137.15193856;0.00000000;43.14791778;-0.21536980;0.64170078;2.48792599;-2.81109977;-0.12450198;8.90679647;-2.42941783
1373;137.25190353;0.00000000;43.05316419;-0.24721886;0.66022997;2.46287701;-2.82357254;-0.12504341;8.87948816;-2.44531750
1374;137.35186850;0.00000000;42.95801749;-0.27788182;0.67914786;2.44289376;-2.83610003;-0.12559433;8.85191605;-2.46139044
1375;137.45183347;0.00000000;42.86249562;-0.30734709;0.70883564;2.42811097;-2.84868311;-0.12615732;8.82407571;-2.47744989
1376;137.55179844;0.00000000;42.76660752;-0.33560604;0.73730216;2.41752726;-2.86132302;-0.12673010;8.79596475;-2.49371062
1377;137.65176341;0.00000000;42.67037122;-0.36264739;0.76404745;2.40951897;-2.87402085;-0.12731806;8.76757825;-2.50976774
1378;137.75172838;0.00000000;42.57379655;-0.38846227;0.78962424;2.40691358;-2.88677818;-0.12791875;8.73891587;-2.52583948
1379;137.85169335;0.00000000;42.47690159;-0.41303963;0.81400982;2.38730476;-2.89959623;-0.12853385;8.70997473;-2.54181772
1380;137.95165832;0.00000000;42.37969702;-0.43637043;0.83718623;2.36393126;-2.91247642;-0.12916155;8.68075309;-2.55787392
1381;138.05162329;0.00000000;42.28220102;-0.45844385;0.85913523;2.34182182;-2.92542014;-0.12980564;8.65124723;-2.57374301
1382;138.15158826;0.00000000;42.18442520;-0.47925066;0.87984192;2.32098482;-2.93842902;-0.13046472;8.62145640;-2.58955957
1383;138.25155323;0.00000000;42.08638785;-0.49878024;0.89929091;2.30143005;-2.95150460;-0.13114017;8.59137823;-2.60524571
1384;138.35151820;0.00000000;41.98810150;-0.51702321;0.91746917;2.27180707;-2.96464845;-0.13183098;8.56101123;-2.62091232
1385;138.45148317;0.00000000;41.88958454;-0.53396912;0.93436320;2.23006014;-2.97786229;-0.13254044;8.53035254;-2.63634395
1386;138.55144814;0.00000000;41.79085056;-0.54960846;0.94996112;2.19331821;-2.99114796;-0.13326851;8.49940177;-2.65157111
1387;138.65141311;0.00000000;41.69191807;-0.56393093;0.96425065;2.16185087;-3.00450737;-0.13401452;8.46815812;-2.66667285
1388;138.75137808;0.00000000;41.59280170;-0.57692687;0.97722064;2.13590356;-3.01794211;-0.13477720;8.43661983;-2.68178162
1389;138.85134305;0.00000000;41.49351997;-0.58858616;0.99623741;2.11569205;-3.03145415;-0.13556097;8.40478350;-2.69661398
1390;138.95130802;0.00000000;41.39408876;-0.59889907;1.02341501;2.10139305;-3.04504564;-0.13636782;8.37264904;-2.71105977
1391;139.05127299;0.00000000;41.29452650;-0.60785557;1.05811243;2.09244497;-3.05871901;-0.13719671;8.34021761;-2.72522872
1392;139.15123796;0.00000000;41.19485066;-0.61544576;1.09960466;2.08486119;-3.07247628;-0.13804940;8.30748909;-2.73902187
1393;139.25120293;0.00000000;41.09507949;-0.62165972;1.12226431;2.06617314;-3.08631998;-0.13891955;8.27446449;-2.75292077
1394;139.35116790;0.00000000;40.99523198;-0.62648756;1.12709410;2.03499508;-3.10025121;-0.13980781;8.24113896;-2.76692380
1395;139.45113287;0.00000000;40.89532626;-0.62991950;1.13167150;2.00967096;-3.11427257;-0.14071688;8.20750756;-2.78088908
1396;139.55109784;0.00000000;40.79538292;-0.63194576;1.14360548;1.99043852;-3.12838561;-0.14164874;8.17356699;-2.79473217
1397;139.65106281;0.00000000;40.69541987;-0.63255666;1.16265840;1.97748830;3.14059186;-0.14260958;8.13931488;-2.80807898
1398;139.75102778;0.00000000;40.59545964;-0.63174245;1.18847457;1.94849598;3.12628668;-0.14360148;8.10475340;-2.82082230
1399;139.85099275;0.00000000;40.49551971;-0.62949337;1.21814452;1.92468696;3.11188062;-0.14462027;8.06988605;-2.83329181
1400;139.95095772;0.00000000;40.39562479;-0.62579980;1.22596881;1.90725814;3.09737167;-0.14566889;8.03471225;-2.84533434
1401;140.05092269;0.00000000;40.29579184;-0.62065186;1.22523948;1.89639881;3.08275598;-0.14674631;7.99923331;-2.85707084
1402;140.15088766;0.00000000;40.19604799;-0.61404019;1.23118531;1.88807074;3.06803153;-0.14785577;7.96344897;-2.86833427
1403;140.25085262;0.00000000;40.09640951;-0.60595475;1.24369877;1.86591190;3.05319408;-0.14899510;7.92736107;-2.87931989
1404;140.35081759;0.00000000;39.99690623;-0.59638654;1.26256993;1.85037507;3.03824174;-0.15016826;7.89096897;-2.88982064
1405;140.45078256;0.00000000;39.89755362;-0.58532527;1.28750546;1.84164186;3.02316981;-0.15137241;7.85427461;-2.90007703
1406;140.55074753;0.00000000;39.79838447;-0.57276249;1.31813179;1.83901501;3.00797658;-0.15261217;7.81727686;-2.90984651
1407;140.65071250;0.00000000;39.69941330;-0.55868755;1.33397949;1.82377225;2.99265687;-0.15388445;7.77997764;-2.91938608
1408;140.75067747;0.00000000;39.60067616;-0.54309273;1.34559682;1.81545372;2.97720913;-0.15519454;7.74237556;-2.92842010
1409;140.85064244;0.00000000;39.50218648;-0.52596690;1.33820143;1.81368110;2.96162759;-0.15653879;7.70447276;-2.93724001
1410;140.95060741;0.00000000;39.40398387;-0.50730333;1.33225077;1.80875727;2.94591092;-0.15792324;7.66626756;-2.94553393
1411;141.05057238;0.00000000;39.30608049;-0.48709022;1.32948651;1.79588495;2.93005270;-0.15934363;7.62776231;-2.95363095
1412;141.15053735;0.00000000;39.20851987;-0.46532210;1.33263957;1.78456239;2.91405185;-0.16080685;7.58895504;-2.96117881
1413;141.25050232;0.00000000;39.11131273;-0.44198636;1.34165356;1.77046905;2.89790120;-0.16230872;7.54984836;-2.96850196
1414;141.35046729;0.00000000;39.01450684;-0.41707904;1.35639278;1.76356431;2.88159990;-0.16385641;7.51044059;-2.97524157
1415;141.45043226;0.00000000;38.91811135;-0.39058653;1.37665766;1.76394847;2.86513994;-0.16544509;7.47073477;-2.98176166
1416;141.55039723;0.00000000;38.82217861;-0.36250676;1.39869179;1.77163232;2.84852079;-0.16708285;7.43072907;-2.98766129
1417;141.65036220;0.00000000;38.72671605;-0.33282484;1.40126302;1.77612885;2.83173354;-0.16876393;7.39042703;-2.99335571
1418;141.75032717;0.00000000;38.63178094;-0.30154100;1.39817171;1.76181215;2.81477806;-0.17049721;7.34982654;-2.99841911
1419;141.85029214;0.00000000;38.53737884;-0.26863883;1.39496837;1.75472387;2.79764433;-0.17227909;7.30893128;-3.00314403
1420;141.95025711;0.00000000;38.44357231;-0.23412129;1.38276967;1.74457181;2.78033244;-0.17411780;7.26774092;-3.00714888
1421;142.05022208;0.00000000;38.35036498;-0.19797013;1.37599353;1.73909627;2.76283124;-0.17600610;7.22626037;-3.01092582
1422;142.15018705;0.00000000;38.25782495;-0.16019154;1.37470562;1.72791825;2.74514158;-0.17795417;7.18448778;-3.01400950
1423;142.25015202;0.00000000;38.16595389;-0.12076516;1.37890191;1.71798358;2.72725093;-0.17995827;7.14242774;-3.01670269
1424;142.35011699;0.00000000;38.07482572;-0.07970094;1.38850975;1.71113137;2.70916044;-0.18202734;7.10008062;-3.01863361
1425;142.45008196;0.00000000;37.98444008;-0.03697603;1.37896861;1.71192264;2.69085583;-0.18416403;7.05745206;-3.01976721
1426;142.55004693;0.00000000;37.89487721;0.00739524;1.35924193;1.72036729;2.67233829;-0.18637255;7.01454829;-3.01989497
1427;142.65001190;0.00000000;37.80613460;0.05343871;1.34480810;1.71374133;2.65359393;-0.18860467;6.97137865;-3.02162564
1428;142.74997687;0.00000000;37.71829895;0.10113453;1.33582874;1.71056697;2.63462825;-0.19090561;6.92791504;-3.02272789
1429;142.84994184;0.00000000;37.63136536;0.15051150;1.33238965;1.71513317;2.61542584;-0.19323115;6.88416103;-3.02557333
1430;142.94990681;0.00000000;37.54542704;0.20154341;1.33451348;1.72739716;2.59599310;-0.19563186;6.84008555;-3.02782187
1431;143.04987178;0.00000000;37.46047694;0.25426241;1.34215057;1.74358248;2.57631053;-0.19811016;6.79569114;-3.02948759
1432;143.14983675;0.00000000;37.37661481;0.30863566;1.35293019;1.75442163;2.55638238;-0.20067325;6.75098014;-3.03035539
1433;143.24980172;0.00000000;37.29383225;0.36469920;1.34340282;1.76320105;2.53618695;-0.20332354;6.70595810;-3.02967114
1434;143.34976669;0.00000000;37.21223509;0.42241327;1.33924889;1.77956112;2.51572921;-0.20606352;6.66064202;-3.02815878
1435;143.44973166;0.00000000;37.13181478;0.48181750;1.34048982;1.79400149;2.49498558;-0.20889557;6.61503836;-3.02585345
1436;143.54969663;0.00000000;37.05268030;0.54286661;1.30555972;1.81504260;2.47396132;-0.21182323;6.56915320;-3.02249420
1437;143.64966160;0.00000000;36.97483016;0.60559865;1.26897592;1.84330650;2.45263219;-0.21485559;6.52299676;-3.01834692
1438;143.74962657;0.00000000;36.89836982;0.66996759;1.23733831;1.86170496;2.43100165;-0.21798987;6.47657539;-3.01297433
1439;143.84959154;0.00000000;36.82330766;0.73600725;1.21099863;1.88002720;2.40904556;-0.22123964;6.42990241;-3.00678806
1440;143.94955651;0.00000000;36.74974535;0.80367149;1.19030554;1.90555263;2.38676542;-0.22459879;6.38298504;-2.99903046
1441;144.04952148;0.00000000;36.67770172;0.87298852;1.17552236;1.93802942;2.36413707;-0.22808902;6.33584265;-2.99040040
1442;144.14948645;0.00000000;36.60727465;0.94391261;1.16685430;1.97711494;2.34115958;-0.23169723;6.28848404;-2.98005309
1443;144.24945142;0.00000000;36.53849374;1.01646503;1.13790895;2.01224026;2.31780909;-0.23544800;6.24093180;-2.96864507
1444;144.34941639;0.00000000;36.47145325;1.09060087;1.10920354;2.04274241;2.29408225;-0.23932896;6.19319858;-2.95470306
1445;144.44938136;0.00000000;36.40619367;1.16633312;1.08658905;2.06953406;2.26995433;-0.24338133;6.14532139;-2.93968887
1446;144.54934633;0.00000000;36.34280630;1.24361787;1.07043293;2.10042298;2.24541860;-0.24757167;6.09731443;-2.92260789
1447;144.64931130;0.00000000;36.28134234;1.32245863;1.05816206;2.12407380;2.22045197;-0.25192995;6.04920874;-2.90348262
1448;144.74927627;0.00000000;36.22189065;1.40281225;1.04340708;2.13886241;2.19504536;-0.25645963;6.00103602;-2.87985672
1449;144.84924124;0.00000000;36.16451271;1.48467174;1.02613227;2.15618615;2.16917024;-0.26123045;5.95287021;-2.85493774
1450;144.94920621;0.00000000;36.10929658;1.56799444;1.00631048;2.17607874;2.14281283;-0.26615846;5.90473337;-2.82761310
1451;145.04917118;0.00000000;36.05631334;1.65276213;0.96021176;2.19857941;2.11595131;-0.27127806;5.85666728;-2.79650570
1452;145.14913614;0.00000000;36.00565101;1.73893052;0.91022567;2.22372183;2.08857007;-0.27663109;5.80873880;-2.75936296
1453;145.24910111;0.00000000;35.95738894;1.82647016;0.86634690;2.25154471;2.06063547;-0.28228409;5.76105608;-2.71847378
1454;145.34906608;0.00000000;35.91161797;1.91533308;0.82953118;2.28269422;2.03212714;-0.28817177;5.71369083;-2.67261111
1455;145.44903105;0.00000000;35.86842453;2.00547983;0.79642428;2.32040071;2.00301384;-0.29433076;5.66673874;-2.62258648
1456;145.54899602;0.00000000;35.82790276;2.09685626;0.76063984;2.35467999;1.97327574;-0.30073597;5.62028419;-2.56546325
1457;145.64896099;0.00000000;35.79014518;2.18941184;0.72492859;2.39168138;1.94287790;-0.30747431;5.57446692;-2.50014812
1458;145.74892596;0.00000000;35.75525128;2.28308070;0.69872925;2.43127679;1.91179288;-0.31457411;5.52945088;-2.42641908
1459;145.84889093;0.00000000;35.72331861;2.37780416;0.67556483;2.47572704;1.87997522;-0.32203374;5.48540912;-2.34276163
1460;145.94885590;0.00000000;35.69445353;2.47349951;0.65751223;2.52309152;1.84739892;-0.32988901;5.44254765;-2.24805852
1461;146.04882087;0.00000000;35.66875716;2.57010367;0.65110447;2.52678254;1.81400926;-0.33815847;5.40109903;-2.14123585
1462;146.14878584;0.00000000;35.64634352;2.66750859;0.64877331;2.52417101;1.77978006;-0.34685365;5.36132200;-2.02141999
1463;146.24875081;0.00000000;35.62731718;2.76564789;0.62342402;2.52737380;1.74465090;-0.35597274;5.32349803;-1.88731626
1464;146.34871578;0.00000000;35.61179785;2.86438127;0.60995648;2.51186362;1.70859963;-0.36552005;5.28793913;-1.73680972
1465;146.44868075;0.00000000;35.59989298;2.96364108;0.60907588;2.49996449;1.67155896;-0.37551776;5.25500332;-1.56089075
1466;146.54864572;0.00000000;35.59172497;3.06324184;0.60878814;2.49179969;1.63350365;-0.38620890;5.22522642;-1.36462063
1467;146.64861069;0.00000000;35.58740573;3.16312651;0.61310791;2.48748138;1.59433427;-0.39732922;5.19905401;-1.11902483
1468;146.74857566;0.00000000;35.58705733;3.26306201;0.61345810;2.48713340;1.55402179;-0.40977489;5.17749322;-0.82036442
1469;146.84854063;0.00000000;35.59080450;3.36297595;0.60971708;2.49088102;1.51236959;-0.42348369;5.16162965;-0.48037743
1470;146.94850560;0.00000000;35.59877249;3.46258343;0.60177197;2.49885177;1.46933666;-0.43780911;5.15231781;-0.10254461
1471;147.04847057;0.00000000;35.61109849;3.56180697;0.59348913;2.51118357;1.42483005;-0.45238843;5.15032786;-0.10254461
1472;147.14843554;0.00000000;35.62785673;3.66027320;0.59747052;2.52795418;1.37975387;-0.44608069;5.14833714;0.07399857
1473;147.24840051;0.00000000;35.64901604;3.75802823;0.61352423;2.53102332;1.33569861;-0.43481548;5.14977377;0.36609716
1474;147.34836548;0.00000000;35.67436836;3.85465950;0.64078855;2.52055448;1.29300524;-0.41927993;5.15687538;0.74713085
1475;147.44833045;0.00000000;35.70378534;3.95026064;0.66568100;2.51820205;1.25180803;-0.40475987;5.17133808;1.07223004
1476;147.54829542;0.00000000;35.73701497;4.04450350;0.67249168;2.52385559;1.21204386;-0.39102071;5.19202353;1.35500068
1477;147.64826039;0.00000000;35.77392745;4.13743777;0.69002823;2.51702265;1.17360730;-0.37781525;5.21804691;1.60758228
1478;147.74822536;0.00000000;35.81429426;4.22884409;0.71757808;2.49552818;1.13645757;-0.36587574;5.24875389;1.81383504
1479;147.84819033;0.00000000;35.85800924;4.31877959;0.73358894;2.48004209;1.10043955;-0.35456747;5.28318629;1.99538918
1480;147.94815530;0.00000000;35.90485312;4.40705229;0.73548213;2.47204983;1.06557942;-0.34307239;5.32080778;2.17783364
1481;148.04812027;0.00000000;35.95472648;4.49371827;0.74148749;2.44731445;1.03182567;-0.33215211;5.36156782;2.34069064
1482;148.14808524;0.00000000;36.00742295;4.57863673;0.75746848;2.42080176;0.99914787;-0.32182167;5.40503318;2.48524024
1483;148.24805021;0.00000000;36.06284767;4.66185182;0.77712896;2.38052091;0.96747112;-0.31186247;5.45080339;2.61931511
1484;148.34801518;0.00000000;36.12081663;4.74326682;0.79371759;2.34676637;0.93679276;-0.30205168;5.49863048;2.75060309
1485;148.44798015;0.00000000;36.18123914;4.82292314;0.80732540;2.31973555;0.90706867;-0.29259910;5.54841104;2.87336700
1486;148.54794512;0.00000000;36.24394629;4.90075402;0.82315670;2.29961653;0.87828093;-0.28346336;5.59994081;2.98954685
1487;148.64791009;0.00000000;36.30885067;4.97679684;0.84783702;2.28650620;0.85038676;-0.27458874;5.65305555;3.10141691
1488;148.74787506;0.00000000;36.37580231;5.05101231;0.88067482;2.27879314;0.82337441;-0.26592858;5.70763551;3.21087973
1489;148.84784003;0.00000000;36.44471732;5.12343674;0.91223429;2.24651697;0.79721149;-0.25750170;5.76359732;3.31761764
1490;148.94780500;0.00000000;36.51546182;5.19405144;0.93067709;2.20922220;0.77188640;-0.24922645;5.82085434;3.42463990
1491;149.04776997;0.00000000;36.58795356;5.26289123;0.95688110;2.17825446;0.74737708;-0.24113154;5.87937354;3.53116772
1492;149.14773494;0.00000000;36.66207523;5.32995615;0.99028383;2.15383546;0.72367131;-0.23318547;5.93910931;3.63848481
1493;149.24769991;0.00000000;36.73774686;5.39528100;1.02160582;2.13363101;0.70075131;-0.22538045;6.00003845;3.74702807
1494;149.34766488;0.00000000;36.81486565;5.45888004;1.05113825;2.08534136;0.67860744;-0.21767257;6.06214521;3.85855133
1495;149.44762985;0.00000000;36.89335424;5.52078931;1.08348358;2.04278478;0.65722786;-0.21007902;6.12544239;3.97256567
1496;149.54759482;0.00000000;36.97312306;5.58103473;1.11757693;2.00627950;0.63660265;-0.20258180;6.18993371;4.08990129
1497;149.64755979;0.00000000;37.05409684;5.63965337;1.13728196;1.97610348;0.61672231;-0.19517813;6.25563530;4.21081799
1498;149.74752476;0.00000000;37.13619866;5.69668086;1.16029346;1.95249120;0.59757772;-0.18785244;6.32256606;4.33609227
1499;149.84748973;0.00000000;37.21935619;5.75215610;1.18950931;1.93561958;0.57916257;-0.18059357;6.39075553;4.46635420
1500;149.94745470;0.00000000;37.30350331;5.80612216;1.22454345;1.90776292;0.56146951;-0.17339165;6.46024103;4.60220949
1501;150.04741966;0.00000000;37.38857088;5.85862019;1.26496473;1.86665516;0.54449437;-0.16624496;6.53106681;4.74395227
1502;150.14738463;0.00000000;37.47450240;5.90969924;1.29397017;1.83165433;0.52823061;-0.15913871;6.60327886;4.89246545
1503;150.24734960;0.00000000;37.56123166;5.95940256;1.31752975;1.80306038;0.51267633;-0.15207038;6.67693358;5.04813873
1504;150.34731457;0.00000000;37.64871105;6.00778425;1.34667658;1.78111715;0.49782570;-0.14504078;6.75208976;5.21124086
1505;150.44727954;0.00000000;37.73687770;6.05488982;1.37541694;1.75372546;0.48367730;-0.13803963;6.82880657;5.38257954
1506;150.54724451;0.00000000;37.82569155;6.10077719;1.40856601;1.71936859;0.47022641;-0.13106535;6.90715122;5.34982151
1507;150.64720948;0.00000000;37.91509308;6.14549405;1.44141558;1.69150105;0.45747267;-0.12411083;6.98414830;5.30583342
1508;150.74717445;0.00000000;38.00504888;6.18910137;1.45327170;1.67038039;0.44541200;-0.11718025;7.05968289;5.26263632
1509;150.84713942;0.00000000;38.09550270;6.23164887;1.47069182;1.65620225;0.43404436;-0.11026282;7.13381252;5.22019979
1510;150.94710439;0.00000000;38.18642695;6.27319994;1.49354823;1.64818454;0.42336641;-0.10336458;7.20659110;5.17849536
1511;151.04706936;0.00000000;38.27776857;6.31380614;1.52165535;1.62294080;0.41337839;-0.09647478;7.27806922;5.13749628
1512;151.14703433;0.00000000;38.36950496;6.35353274;1.55479409;1.60150448;0.40407757;-0.08960139;7.34829442;5.09717739
1513;151.24699930;0.00000000;38.46158597;6.39243290;1.59270501;1.58698075;0.39546425;-0.08273282;7.41731145;5.05751499
1514;151.34696427;0.00000000;38.55399329;6.43057336;1.63071981;1.56964712;0.38753622;-0.07587883;7.48516251;5.01848676
1515;151.44692924;0.00000000;38.64667944;6.46800865;1.66685239;1.53235985;0.38029375;-0.06902735;7.55188742;4.98007158
1516;151.54689421;0.00000000;38.73962971;6.50480664;1.67411249;1.49574549;0.37373499;-0.06219103;7.61752381;4.94224950
1517;151.64685918;0.00000000;38.83279888;6.54102293;1.68665968;1.45992335;0.36785991;-0.05535629;7.68210731;4.90500162
1518;151.74682415;0.00000000;38.92617526;6.57672623;1.70444573;1.43073492;0.36266745;-0.04852561;7.74567165;4.86831004
1519;151.84678912;0.00000000;39.01971545;6.61197305;1.72737117;1.40853180;0.35815828;-0.04169255;7.80824886;4.83215776
1520;151.94675409;0.00000000;39.11341015;6.64683282;1.75530314;1.39357659;0.35433165;-0.03486471;7.86986933;4.79652861
1521;152.04671906;0.00000000;39.20721729;6.68136272;1.78331205;1.38603869;0.35118788;-0.02803451;7.93056196;4.76140726
1522;152.14668403;0.00000000;39.30112947;6.71563273;1.80101188;1.38487887;0.34872621;-0.02121734;7.99035424;4.72677906
1523;152.24664900;0.00000000;39.39510541;6.74970032;1.80763451;1.35147533;0.34694599;-0.01440002;8.04927236;4.69263008
1524;152.34661397;0.00000000;39.48913915;6.78363578;1.81959130;1.32492679;0.34584682;-0.00759296;8.10734129;4.65894704
1525;152.44657894;0.00000000;39.58318965;6.81749663;1.83684246;1.30558949;0.34542804;-0.00078479;8.16458485;4.62571723
1526;152.54654391;0.00000000;39.67725193;6.85135337;1.85930977;1.29371526;0.34568957;0.00601408;8.22102579;4.59292854
1527;152.64650888;0.00000000;39.77128456;6.88526333;1.88686741;1.28885653;0.34663056;0.01281455;8.27668587;4.56056936
1528;152.74647385;0.00000000;39.86528312;6.91929711;1.89839986;1.28110234;0.34825125;0.01960633;8.33158589;4.52862859
1529;152.84643882;0.00000000;39.95920517;6.95351157;1.90697143;1.24802719;0.35055059;0.02640030;8.38574575;-1.72173050
1530;152.94640379;0.00000000;40.05304640;6.98797737;1.92097587;1.22199427;0.35352920;0.03318715;8.36519613;-9.54193212
1531;153.04636876;0.00000000;40.14676275;7.02275058;1.94035871;1.20339936;0.35718587;0.03997736;8.25038111;-9.15864635
1532;153.14633373;0.00000000;40.24034958;7.05790187;1.96503003;1.19251888;0.36152167;0.04676215;8.13865473;-8.79628906
1533;153.24629870;0.00000000;40.33376061;7.09348627;1.99266805;1.18949929;0.36653525;0.05355190;8.02988538;-8.45413607
1534;153.34626367;0.00000000;40.42699047;7.12957434;2.00346315;1.17259080;0.37222818;0.06033868;7.92393995;-8.13038698
1535;153.44622864;0.00000000;40.51998999;7.16621977;2.01618648;1.14561162;0.37859905;0.06713273;7.82069796;-7.82441954
1536;153.54619361;0.00000000;40.61275265;7.20349297;2.03224126;1.12621824;0.38565003;0.07392711;7.72003762;-7.53465500
1537;153.64615858;0.00000000;40.70522583;7.24144597;2.03784936;1.11474454;0.39337968;0.08073185;7.62184871;-7.26055903
1538;153.74612355;0.00000000;40.79740138;7.28014893;2.04912716;1.11136559;0.40179089;0.08754096;7.52601984;-7.00073483
1539;153.84608852;0.00000000;40.88922267;7.31965185;2.05411515;1.10507120;0.41088225;0.09436449;7.43245035;-6.75468974
1540;153.94605349;0.00000000;40.98067946;7.36002457;2.06337593;1.08438412;0.42065753;0.10119794;7.34103899;-6.52122094
1541;154.04601846;0.00000000;41.07171054;7.40131470;2.07840627;1.07164556;0.43111541;0.10805075;7.25169402;-6.29985330
1542;154.14598343;0.00000000;41.16230311;7.44359164;2.09915151;1.06706949;0.44226069;0.11492019;7.16432389;-6.08952620
1543;154.24594840;0.00000000;41.25239083;7.48690016;2.11156857;1.05096187;0.45409226;0.12181568;7.07884583;-5.88986261
1544;154.34591337;0.00000000;41.34195786;7.53130912;2.11341499;1.03663442;0.46661610;0.12873453;6.99517679;-5.69991201
1545;154.44587834;0.00000000;41.43093218;7.57685996;2.12125853;1.03055174;0.47983123;0.13568637;6.91324202;-5.51905205
1546;154.54584331;0.00000000;41.51929433;7.62362078;2.13510283;1.01782820;0.49374517;0.14267540;6.83297092;-5.34664935
1547;154.64580828;0.00000000;41.60696632;7.67162929;2.15489341;0.99229509;0.50835766;0.14970696;6.75429761;-5.18236451
1548;154.74577325;0.00000000;41.69392448;7.72095265;2.17653198;0.97488683;0.52367753;0.15678101;6.67715706;-5.02533933
1549;154.84573822;0.00000000;41.78008405;7.77162404;2.18302894;0.96598197;0.53970465;0.16390959;6.60149306;-4.87512625
1550;154.94570318;0.00000000;41.86541678;7.82370950;2.19134906;0.96574373;0.55645000;0.17109666;6.52725263;-4.73120520
1551;155.04566815;0.00000000;41.94983074;7.87723701;2.20181626;0.97072578;0.57391406;0.17834852;6.45438745;-4.59238123
1552;155.14563312;0.00000000;42.03329233;7.93227111;2.21850197;0.94923114;0.59211032;0.18568821;6.38286479;-4.45866413
1553;155.24559809;0.00000000;42.11570232;7.98883417;2.23100260;0.92749611;0.61104126;0.19311106;6.31264940;-4.33003381
1554;155.34556306;0.00000000;42.19702093;8.04698886;2.23960806;0.90631840;0.63072166;0.20061316;6.24370395;-4.20545833
1555;155.44552803;0.00000000;42.27714065;8.10675042;2.25459689;0.88071340;0.65115313;0.20821612;6.17600534;-4.08595241
1556;155.54549300;0.00000000;42.35601556;8.16817935;2.27591699;0.86388433;0.67235243;0.21589012;6.10951207;-3.96978921
1557;155.64545797;0.00000000;42.43352952;8.23128239;2.28964885;0.85628658;0.69431977;0.22367614;6.04420864;-3.85695510
1558;155.74542294;0.00000000;42.50963005;8.29611714;2.29961646;0.85808806;0.71707550;0.23157110;5.98007837;-3.74605531
1559;155.84538791;0.00000000;42.58419216;8.36268070;2.31613897;0.83896968;0.74062246;0.23960938;5.91712672;-3.63770471
1560;155.94535288;0.00000000;42.65715585;8.43102719;2.33915419;0.81505993;0.76498445;0.24777046;5.85534820;-3.53008154
1561;156.04531785;0.00000000;42.72838670;8.50114237;2.36852628;0.80050495;0.79016481;0.25610188;5.79476778;-3.42344304
1562;156.14528282;0.00000000;42.79781688;8.57307630;2.38673763;0.79573665;0.81619197;0.26459199;5.73540625;-3.31605631
1563;156.24524779;0.00000000;42.86530225;8.64680175;2.39398832;0.79132216;0.84307135;0.27328657;5.67731502;-3.20692570
1564;156.34521276;0.00000000;42.93076617;8.72236371;2.40807877;0.78417686;0.87083793;0.28220920;5.62056451;-3.09515018
1565;156.44517773;0.00000000;42.99405450;8.79972028;2.42895848;0.77421693;0.89950140;0.29137937;5.56524323;-2.98204893
1566;156.54514270;0.00000000;43.05508073;8.87891034;2.45653739;0.76135284;0.92909914;0.30074596;5.51141827;-2.86409407
1567;156.64510767;0.00000000;43.11368078;8.95987431;2.48856074;0.74550621;0.95963919;0.31040783;5.45922277;-2.73922273
1568;156.74507264;0.00000000;43.16975836;9.04264397;2.48082544;0.72658643;0.99117108;0.32041451;5.40883172;-2.60609142
1569;156.84503761;0.00000000;43.22313797;9.12713826;2.48030633;0.70452422;1.02371147;0.33078759;5.36045006;-2.46137074
1570;156.94500258;0.00000000;43.27371036;9.21337827;2.48400149;0.67923128;1.05732119;0.34160821;5.31435068;-2.30817839
1571;157.04496755;0.00000000;43.32129486;9.30126936;2.49360006;0.65998745;1.09201901;0.35273284;5.27075414;-2.13612320
1572;157.14493252;0.00000000;43.36576322;9.39080878;2.50029702;0.65205935;1.12786611;0.36446970;5.23008358;-1.94369956
1573;157.24489749;0.00000000;43.40692871;9.48188374;2.49645839;0.65575547;1.16490746;0.37680249;5.19279987;-1.72817724
1574;157.34486246;0.00000000;43.44464520;9.57447015;2.50003005;0.65262569;1.20322159;0.38973944;5.15942401;-1.48642868
1575;157.44482743;0.00000000;43.47871633;9.66842789;2.51145120;0.63675411;1.24284656;0.40328008;5.13054330;-1.18401847
1576;157.54479240;0.00000000;43.50897997;9.76371125;2.52024966;0.63234794;1.28391970;0.41849757;5.10742144;-0.84849877
1577;157.64475737;0.00000000;43.53522373;9.86014909;2.51091956;0.63566577;1.32654433;0.43415802;5.09078712;-0.57133654
1578;157.74472234;0.00000000;43.55727268;9.95767692;2.50987761;0.61044060;1.37057758;0.44680490;5.07955571;-0.25689187
1579;157.84468731;0.00000000;43.57493222;10.05602768;2.51726641;0.59653881;1.41591865;0.45989955;5.07449759;-0.14637563
1580;157.94465228;0.00000000;43.58806916;10.15511750;2.51198039;0.59464488;1.46213936;0.46471510;5.07161325;-0.09935730
1581;158.04461725;0.00000000;43.59658990;10.25469259;2.50345728;0.59778954;1.50878256;0.46690070;5.06965447;-0.09935730
1582;158.14458222;0.00000000;43.60046926;10.35454064;2.49957715;0.60365925;1.55499836;0.45817220;5.06769493;0.13415554
1583;158.24454719;0.00000000;43.59977194;10.45452677;2.50027446;0.62125667;1.60039945;0.44878130;5.07034059;0.36318752
1584;158.34451216;0.00000000;43.59460075;10.55432896;2.49160615;0.64967219;1.64447371;0.43343417;5.07749601;0.72598356
1585;158.44447713;0.00000000;43.58510573;10.65385993;2.47700897;0.68766849;1.68710874;0.41967583;5.09176900;1.01921151
1586;158.54444210;0.00000000;43.57144914;10.75286407;2.46869760;0.73378216;1.72842373;0.40712321;5.11173967;1.26090463
1587;158.64440707;0.00000000;43.55376985;10.85126091;2.44212901;0.75846460;1.76852134;0.39506131;5.13633868;1.47551401
1588;158.74437204;0.00000000;43.53222484;10.94885657;2.41799614;0.78551923;1.80742514;0.38351678;5.16497575;1.66580396
1589;158.84433701;0.00000000;43.50694701;11.04558222;2.38356072;0.82041968;1.84522507;0.37273489;5.19711637;1.82800745
1590;158.94430198;0.00000000;43.47809079;11.14127384;2.32771293;0.86224409;1.88195905;0.36235705;5.23215940;1.97446840
1591;159.04426695;0.00000000;43.44578039;11.23587881;2.27801886;0.90642230;1.91768602;0.35241195;5.26974832;2.10607796
1592;159.14423192;0.00000000;43.41016485;11.32926804;2.23488777;0.94746264;1.95242828;0.34282392;5.30954945;2.22635974
1593;159.24419689;0.00000000;43.37136190;11.42140107;2.19722868;0.98537847;1.98624529;0.33383491;5.35130184;2.32945597
1594;159.34416186;0.00000000;43.32951402;11.51217047;2.16269980;1.02017153;2.01919350;0.32547588;5.39464172;2.41544491
1595;159.44412683;0.00000000;43.28472726;11.60154628;2.13123864;1.05188087;2.05133010;0.31748419;5.43921677;2.49283418
1596;159.54409180;0.00000000;43.23713440;11.68944164;2.10280719;1.08053364;2.08267902;0.30981746;5.48484013;2.56331779
1597;159.64405677;0.00000000;43.18683429;11.77583476;2.07734648;1.10602863;2.11328342;0.30245951;5.53136107;2.62768347
1598;159.74402174;0.00000000;43.13395297;11.86065537;2.03592165;1.12848299;2.14315605;0.29528795;5.57864749;2.68994292
1599;159.84398670;0.00000000;43.07858371;11.94388919;1.98631120;1.14986336;2.17233091;0.28843995;5.62664269;2.74585951
1600;159.94395167;0.00000000;43.02084479;12.02548188;1.94320227;1.17460349;2.20083357;0.28188545;5.67521695;2.79649775
1601;160.04391664;0.00000000;42.96082248;12.10542496;1.90700019;1.20450369;2.22869633;0.27555641;5.72426337;2.84411810
1602;160.14388161;0.00000000;42.89862780;12.18367587;1.87808154;1.23921965;2.25593157;0.26940387;5.77371765;2.89033169
1603;160.24384658;0.00000000;42.83434150;12.26023172;1.85674225;1.27839672;2.28256627;0.26348176;5.82354525;2.93325932
1604;160.34381155;0.00000000;42.76806781;12.33506043;1.83146078;1.32165601;2.30861559;0.25774128;5.87368076;2.97452183
1605;160.44377652;0.00000000;42.69988186;12.40816367;1.79579331;1.36863958;2.33410302;0.25218985;5.92408825;3.01377146
1606;160.54374149;0.00000000;42.62988076;12.47951864;1.76284635;1.41898710;2.35904122;0.24679647;5.97472717;3.05201616
1607;160.64370646;0.00000000;42.55813452;12.54913089;1.71266159;1.47143249;2.38345096;0.24157194;6.02557501;3.08875490
1608;160.74367143;0.00000000;42.48473400;12.61698502;1.66915866;1.49347194;2.40734338;0.23648545;6.07660175;3.12500760
1609;160.84363640;0.00000000;42.40974426;12.68309007;1.63284313;1.51952062;2.43073647;0.23153417;6.12779498;3.16076020
1610;160.94360137;0.00000000;42.33325004;12.74743731;1.60418176;1.54940529;2.45363739;0.22668078;6.17914249;3.19731504
1611;161.04356634;0.00000000;42.25531213;12.81003895;1.58355412;1.58294232;2.47606119;0.22194977;6.23065333;3.23360310
1612;161.14353131;0.00000000;42.17600953;12.87089218;1.56471871;1.61992744;2.49801490;0.21730991;6.28231924;3.27073871
1613;161.24349628;0.00000000;42.09539875;12.93001204;1.52616146;1.65072054;2.51951206;0.21279011;6.33414979;3.30744881
1614;161.34346125;0.00000000;42.01355340;12.98740056;1.49534933;1.67849169;2.54056152;0.20837466;6.38613433;3.34425732
1615;161.44342622;0.00000000;41.93052570;13.04307499;1.47168478;1.70970844;2.56117619;0.20407140;6.43827064;3.38072554
1616;161.54339119;0.00000000;41.84638406;13.09704122;1.43303368;1.74420929;2.58136481;0.19986737;6.49054983;3.41728325
1617;161.64335616;0.00000000;41.76117653;13.14931835;1.40237742;1.78183159;2.60113896;0.19576120;6.54296984;3.45387604
1618;161.74332113;0.00000000;41.67496661;13.19991554;1.38022433;1.80657853;2.62050623;0.19174191;6.59552784;3.49087022
1619;161.84328610;0.00000000;41.58779840;13.24885349;1.35428379;1.82578242;2.63947683;0.18780828;6.64822661;3.52821160
1620;161.94325107;0.00000000;41.49973093;13.29614411;1.31624830;1.84838238;2.65805727;0.18395058;6.70106799;3.56623324
1621;162.04321604;0.00000000;41.41080460;13.34180946;1.28435943;1.87428679;2.67625668;0.18016979;6.75405870;3.60479023
1622;162.14318101;0.00000000;41.32107424;13.38586386;1.25653110;1.90338574;2.69408087;0.17645664;6.80720313;3.64421470
1623;162.24314598;0.00000000;41.23057674;13.42833053;1.23792322;1.93556330;2.71153797;0.17281163;6.86051034;3.68439210
1624;162.34311095;0.00000000;41.13936298;13.46922581;1.22892584;1.97069001;2.72863314;0.16922746;6.91398744;3.72558280
1625;162.44307592;0.00000000;41.04746658;13.50857389;1.19171087;2.00863666;2.74537368;0.16570334;6.96764508;3.76774259
1626;162.54304089;0.00000000;40.95493474;13.54639285;1.15409344;2.04640999;2.76176398;0.16223177;7.02149289;3.81116165
1627;162.64300586;0.00000000;40.86179802;13.58270768;1.11802053;2.06316742;2.77781052;0.15881402;7.07554434;3.85570525
1628;162.74297083;0.00000000;40.76810010;13.61753800;1.08346598;2.07373700;2.79351725;0.15544325;7.12981056;3.90165023
1629;162.84293580;0.00000000;40.67386866;13.65090946;1.05017079;2.08751135;2.80888992;0.15211949;7.18430619;3.94893349
1630;162.94290077;0.00000000;40.57914409;13.68284298;1.01803869;2.10445582;2.82393192;0.14883746;7.23904451;3.99777247
1631;163.04286574;0.00000000;40.48395142;13.71336472;0.99617655;2.12452391;2.83864847;0.14559800;7.29404139;4.04806997
1632;163.14283071;0.00000000;40.38832790;13.74249675;0.98548425;2.14765359;2.85304260;0.14239550;7.34931087;4.10007874
1633;163.24279568;0.00000000;40.29229611;13.77026562;0.98629473;2.17202276;2.86711892;0.13923063;7.40486993;4.15372044
1634;163.34276065;0.00000000;40.19589025;13.79669438;0.99854862;2.19671258;2.88088013;0.13609887;7.46073400;4.20920736
1635;163.44272562;0.00000000;40.09913065;13.82180990;0.97885774;2.22181709;2.89433034;0.13300058;7.51692080;4.26648693
1636;163.54269059;0.00000000;40.00204859;13.84563603;0.95516254;2.24563750;2.90747195;0.12993150;7.57344683;4.32577323
1637;163.64265556;0.00000000;39.90466238;13.86819987;0.93273046;2.26819947;2.92030859;0.12689178;7.63033082;4.38703711
1638;163.74262053;0.00000000;39.80700046;13.88952600;0.91153523;2.28952646;2.93284233;0.12387766;7.68759055;4.45048095
1639;163.84258550;0.00000000;39.70907934;13.90964165;0.89154775;2.30964483;2.94507638;0.12088995;7.74524582;4.51604607
1640;163.94255047;0.00000000;39.61092467;13.92857203;0.87274169;2.32857911;2.95701268;0.11792526;7.80331504;4.58392997
1641;164.04251544;0.00000000;39.51255138;13.94634441;0.85508841;2.34635606;2.96865399;0.11498305;7.86181852;4.65416545
1642;164.14248041;0.00000000;39.41398236;13.96298456;0.83845460;2.36300106;2.98000193;0.11205987;7.92077632;4.72697261
1643;164.24244538;0.00000000;39.31523116;13.97851979;0.82287377;2.37854115;2.99105884;0.10915646;7.98021058;4.73265562
1644;164.34241035;0.00000000;39.21631802;13.99297631;0.80837935;2.39300235;3.00182622;0.10627049;8.03927611;4.69842580
1645;164.44237532;0.00000000;39.11725534;14.00638143;0.79494326;2.40641182;3.01230616;0.10340347;8.09748828;4.66466414
1646;164.54234029;0.00000000;39.01806067;14.01876169;0.78253795;2.41879605;3.02250029;0.10055329;8.15487109;4.63135784
1647;164.64230526;0.00000000;38.91874553;14.03014436;0.77113552;2.43018224;3.03241009;0.09770494;8.21144747;4.59849469
1648;164.74227023;0.00000000;38.81932474;14.04055642;0.76070818;2.44059736;3.04203412;0.09484507;8.26723934;4.56606299
1649;164.84223519;0.00000000;38.71980907;14.05002543;0.75122778;2.45006900;3.05137284;0.09199286;8.32226766;4.53405157
1650;164.94220016;0.00000000;38.62021085;14.05857888;0.74266621;2.45862464;3.06042637;0.08914254;8.37655249;4.50244972
1651;165.04216513;0.00000000;38.52054025;14.06624446;0.73499522;2.46629203;3.06919558;0.08630681;8.43011306;4.47124716
1652;165.14213010;0.00000000;38.42080704;14.07304984;0.72818664;2.47309888;3.07768226;0.08348693;8.48296778;4.44043407
1653;165.24209507;0.00000000;38.32102098;14.07902261;0.70048981;2.47907280;3.08588743;0.08067509;8.53513433;4.41000098
1654;165.34206004;0.00000000;38.22118924;14.08419048;0.65634956;2.48424156;3.09381186;0.07786890;8.58662968;4.37993882
1655;165.44202501;0.00000000;38.12132128;14.08858104;0.62596824;2.48999352;3.10145604;0.07507057;8.63747013;4.35023887
1656;165.54198998;0.00000000;38.02142188;14.09222208;0.61137377;2.49898781;3.10882100;0.07227982;8.68767133;4.32089275
1657;165.64195495;0.00000000;37.92150036;14.09514115;0.60509203;2.51121644;3.11590712;0.06949238;8.73724836;4.29189237
1658;165.74191992;0.00000000;37.82155912;14.09736607;0.60286923;2.52665967;3.12271461;0.06670410;8.78621573;4.26322997
1659;165.84188489;0.00000000;37.72160799;14.09892447;0.60131242;2.54528477;3.12924429;0.06397582;8.83458737;4.23489807
1660;165.94184986;0.00000000;37.62164676;14.09984355;0.60039440;2.56704896;3.13550916;0.06136410;8.88237677;4.20688943
1661;166.04181483;0.00000000;37.52168413;14.10014936;0.60008938;2.59189647;3.14151968;0.05919321;8.92959686;4.17919710
1662;166.14177980;0.00000000;37.42171971;14.09986293;0.60037631;2.59998266;-3.13580928;0.05797433;8.97626018;4.15181436
1663;166.24174477;0.00000000;37.32175908;14.09899714;0.60124248;2.59911666;-3.13007176;0.05695448;9.02237878;4.12473473
1664;166.34170974;0.00000000;37.22180450;14.09756190;0.60267805;2.59768117;-3.12440722;0.05637647;9.06796431;4.09795194
1665;166.44167471;0.00000000;37.12185950;14.09556337;0.60467695;2.59568232;-3.11880066;0.05577844;9.11302804;4.07145994
1666;166.54163968;0.00000000;37.02192725;14.09300763;0.60723319;2.59312617;-3.11325715;0.05513090;9.15758084;4.04525286
1667;166.64160465;0.00000000;36.92201073;14.08990119;0.61034036;2.59001920;-3.10777828;0.05448536;9.20163322;4.01932505
1668;166.74156962;0.00000000;36.82211241;14.08625059;0.61399200;2.58636791;-3.10236380;0.05384231;9.24519536;3.99367102
1669;166.84153459;0.00000000;36.72223540;14.08206235;0.61818165;2.58217882;-3.09701352;0.05320114;9.28827711;3.96828548
1670;166.94149956;0.00000000;36.62238180;14.07734300;0.62290286;2.57745841;-3.09172725;0.05256143;9.33088800;3.94316327
1671;167.04146453;0.00000000;36.52255473;14.07209907;0.62814920;2.57221320;-3.08650486;0.05192336;9.37303725;3.91829941
1672;167.14142950;0.00000000;36.42275582;14.06633703;0.63391422;2.56644965;-3.08134617;0.05128664;9.41473380;3.89368909
1673;167.24139447;0.00000000;36.32298821;14.06006344;0.64019148;2.56017428;-3.07625107;0.05065128;9.45598634;3.86932761
1674;167.34135944;0.00000000;36.22325315;14.05328474;0.64697457;2.55339353;-3.07121943;0.05001681;9.49680325;3.84521043
1675;167.44132441;0.00000000;36.12355378;14.04600750;0.65425702;2.54611395;-3.06625116;0.04938372;9.53719271;3.82133314
1676;167.54128938;0.00000000;36.02389095;14.03823812;0.66201399;2.53834194;-3.06134610;0.04875181;9.57716261;3.79769147
1677;167.64125435;0.00000000;35.92426781;14.02998319;0.63252008;2.53295284;-3.05650404;0.04813035;9.61672064;3.77428125
1678;167.74121932;0.00000000;35.82468487;14.02124895;0.60557265;2.53102178;-3.05172254;0.04753306;9.65587426;3.75109844
1679;167.84118429;0.00000000;35.72514526;14.01204168;0.59320086;2.53256271;-3.04700020;0.04697408;9.69463071;3.72813913
1680;167.94114926;0.00000000;35.62564927;14.00236695;0.59799567;2.53757479;-3.04232755;0.04651150;9.73299703;3.70539948
1681;168.04111423;0.00000000;35.52620007;13.99222979;0.60810865;2.54604201;-3.03770099;0.04605976;9.77098007;3.68287580
1682;168.14107920;0.00000000;35.42679783;13.98163474;0.61867905;2.55793447;-3.03311786;0.04563462;9.80858647;3.66056447
1683;168.24104417;0.00000000;35.32744577;13.97058643;0.62970236;2.57088225;-3.02857725;0.04520838;9.84582272;3.63846198
1684;168.34100914;0.00000000;35.22814382;13.95908914;0.64117451;2.55939684;-3.02407953;0.04477740;9.88269510;3.61656490
1685;168.44097411;0.00000000;35.12889518;13.94714758;0.65309093;2.54746834;-3.01962492;0.04434431;9.91920975;3.59486991
1686;168.54093908;0.00000000;35.02969959;13.93476608;0.66544752;2.53510116;-3.01521404;0.04390389;9.95537263;3.57337376
1687;168.64090405;0.00000000;34.93056015;13.92194945;0.67823962;2.52230025;-3.01084719;0.04346414;9.99118955;3.55207329
1688;168.74086902;0.00000000;34.83147645;13.90870208;0.69146310;2.50907005;-3.00652425;0.04302468;10.02666617;3.53096542
1689;168.84083399;0.00000000;34.73245155;13.89502880;0.70511326;2.49565744;-3.00224524;0.04258615;10.06180800;3.51004715
1690;168.94079896;0.00000000;34.63348482;13.88093395;0.70891021;2.48577058;-2.99800997;0.04214858;10.09662041;3.48931556
1691;169.04076393;0.00000000;34.53457931;13.86642239;0.67984356;2.47945639;-2.99381845;0.04171154;10.13110864;3.46876778
1692;169.14072890;0.00000000;34.43573420;13.85149839;0.66510090;2.47293361;-2.98967059;0.04127452;10.16527781;3.44840102
1693;169.24069387;0.00000000;34.33695249;13.83616685;0.66563085;2.46993433;-2.98556642;0.04083806;10.19913288;3.42821259
1694;169.34065884;0.00000000;34.23823319;13.82043200;0.68139354;2.47057092;-2.98150583;0.04040179;10.23267872;3.40819981
1695;169.44062381;0.00000000;34.13957926;13.80429875;0.69739064;2.47484491;-2.97748887;0.03996603;10.26592007;3.38836010
1696;169.54058878;0.00000000;34.04098953;13.78777132;0.71378545;2.48274185;-2.97351542;0.03953041;10.29886157;3.36869093
1697;169.64055375;0.00000000;33.94246695;13.77085460;0.73057323;2.47088553;-2.96958554;0.03909523;10.33150772;3.34918983
1698;169.74051871;0.00000000;33.84401015;13.75355278;0.74775023;2.45359218;-2.96569912;0.03866010;10.36386294;3.32985438
1699;169.84048368;0.00000000;33.74562205;13.73587078;0.76531169;2.43592017;-2.96185621;0.03822537;10.39593155;3.31068224
1700;169.94044865;0.00000000;33.64730112;13.71781275;0.77518281;2.41787382;-2.95805672;0.03779068;10.42771774;3.29167108
1701;170.04041362;0.00000000;33.54905023;13.69938363;0.75676254;2.39945828;-2.95430071;0.03735634;10.45922563;3.27281867
1702;170.14037859;0.00000000;33.45086771;13.68058752;0.75167645;2.38190427;-2.95058807;0.03692198;10.49045925;3.25412278
1703;170.24034356;0.00000000;33.35275638;13.66142938;0.74876157;2.36807661;-2.94691888;0.03648794;10.52142252;3.23558128
1704;170.34030853;0.00000000;33.25471443;13.64191328;0.75850162;2.35804505;-2.94329305;0.03605384;10.55211928;3.21719205
1705;170.44027350;0.00000000;33.15674462;13.62204418;0.77842769;2.35186288;-2.93971063;0.03562003;10.58255330;3.19895303
1706;170.54023847;0.00000000;33.05884499;13.60182612;0.79870731;2.34956474;-2.93617154;0.03518613;10.61272825;3.18086220
1707;170.64020344;0.00000000;32.96101828;13.58126409;0.81933571;2.35116645;-2.93267585;0.03475249;10.64264772;3.16291759
1708;170.74016841;0.00000000;32.86326239;13.56036207;0.84030895;2.35666439;-2.92922349;0.03431872;10.67231523;3.14511726
1709;170.84013338;0.00000000;32.76557999;13.53912507;0.86162225;2.33913238;-2.92581450;0.03388518;10.70173423;3.12745931
1710;170.94009835;0.00000000;32.66796887;13.51755704;0.87729183;2.31987214;-2.92244883;0.03345149;10.73090808;3.10994190
1711;171.04006332;0.00000000;32.57043164;13.49566299;0.85819381;2.30445933;-2.91912654;0.03301800;10.75984009;3.09256320
1712;171.14002829;0.00000000;32.47296598;13.47344686;0.85082267;2.29297561;-2.91584755;0.03258435;10.78853348;3.07532145
1713;171.23999326;0.00000000;32.37557442;13.45091364;0.85547756;2.28548497;-2.91261194;0.03215088;10.81699143;3.05821488
1714;171.33995823;0.00000000;32.27825457;13.42806725;0.87196173;2.28203094;-2.90941964;0.03171722;10.84521702;3.04124180
1715;171.43992320;0.00000000;32.18100886;13.40491270;0.89514133;2.28024025;-2.90627071;0.03128371;10.87321330;3.02440053
1716;171.53988817;0.00000000;32.08383482;13.38145385;0.91863309;2.28080255;-2.90316510;0.03085001;10.90098325;3.00768943
1717;171.63985314;0.00000000;31.98673480;13.35769573;0.94243205;2.25784946;-2.90010287;0.03041644;10.92852977;2.99110688
1718;171.73981811;0.00000000;31.88970625;13.33364219;0.95456428;2.23376459;-2.89708395;0.02998268;10.95585573;2.97465131
1719;171.83978308;0.00000000;31.79275145;13.30929824;0.94338946;2.20939192;-2.89410842;0.02954902;10.98296393;2.95832118
1720;171.93974805;0.00000000;31.69586776;13.28466770;0.94303574;2.18781274;-2.89117623;0.02911516;11.00985711;2.94211495
1721;172.03971302;0.00000000;31.59905739;13.25975559;0.95351090;2.17033984;-2.88828743;0.02868139;11.03653797;2.92603115
1722;172.13967799;0.00000000;31.50231762;13.23456571;0.96958084;2.15707703;-2.88544197;0.02824742;11.06300916;2.91006830
1723;172.23964296;0.00000000;31.40565058;13.20910307;0.99092281;2.14810707;-2.88263992;0.02781353;11.08927326;2.89422498
1724;172.33960793;0.00000000;31.30905351;13.18337144;1.01663578;2.14348803;-2.87988122;0.02737944;11.11533282;2.87849977
1725;172.43957290;0.00000000;31.21252841;13.15737585;1.00841624;2.14325253;-2.87716594;0.02694541;11.14119033;2.86289130
1726;172.53953787;0.00000000;31.11607251;13.13112002;1.00363310;2.13561982;-2.87449404;0.02651119;11.16684824;2.84739820
1727;172.63950284;0.00000000;31.01968770;13.10460899;1.00904570;2.11768277;-2.87186556;0.02607702;11.19230896;2.83201915
1728;172.73946781;0.00000000;30.92337115;13.07784647;1.02448830;2.10408744;-2.86928047;0.02564267;11.21757484;2.81675282
1729;172.83943278;0.00000000;30.82712469;13.05083747;1.04951364;2.09492310;-2.86673882;0.02520836;11.24264819;2.80159795
1730;172.93939775;0.00000000;30.73094544;13.02358569;1.07666736;2.09025223;-2.86424057;0.02477388;11.26753131;2.78655325
1731;173.03936272;0.00000000;30.63483512;12.99609612;1.10407557;2.09010943;-2.86178578;0.02433943;11.29222640;2.77161750
1732;173.13932769;0.00000000;30.53879083;12.96837248;1.13173417;2.06881124;-2.85937440;0.02390483;11.31673568;2.75678948
1733;173.23929266;0.00000000;30.44281419;12.94041972;1.15001560;2.04111666;-2.85700649;0.02347025;11.34106129;2.74206797
1734;173.33925763;0.00000000;30.34690228;12.91224153;1.14301992;2.01557449;-2.85468200;0.02303554;11.36520535;2.72745182
1735;173.43922260;0.00000000;30.25105661;12.88384288;1.14497393;1.99192126;-2.85240099;0.02260084;11.38916994;2.71293985
1736;173.53918757;0.00000000;30.15527427;12.85522744;1.15582798;1.97283202;-2.85016342;0.02216603;11.41295711;2.69853094
1737;173.63915254;0.00000000;30.05955663;12.82640016;1.17533101;1.95844508;-2.84796934;0.02173123;11.43656885;2.68422396
1738;173.73911751;0.00000000;29.96390079;12.79736469;1.20305867;1.94886868;-2.84581870;0.02129633;11.46000714;2.67001781
1739;173.83908248;0.00000000;29.86830801;12.76812596;1.23218147;1.94417850;-2.84371156;0.02086145;11.48327393;2.65591142
1740;173.93904745;0.00000000;29.77277540;12.73868763;1.23717241;1.94441417;-2.84164788;0.02042650;11.50637113;2.64190371
1741;174.03901242;0.00000000;29.67730410;12.70905460;1.23852535;1.92672639;-2.83962769;0.01999155;11.52930059;2.62799364
1742;174.13897739;0.00000000;29.58189123;12.67923053;1.24502894;1.91261059;-2.83765097;0.01955657;11.55206418;2.61418017
1743;174.23894236;0.00000000;29.48653780;12.64922029;1.25965022;1.90345159;-2.83571775;0.01912159;11.57466369;2.60046231
1744;174.33890733;0.00000000;29.39124097;12.61902753;1.28210753;1.89932528;-2.83382799;0.01868659;11.59710093;2.58683905
1745;174.43887230;0.00000000;29.29600164;12.58865711;1.31199395;1.89048661;-2.83198174;0.01825160;11.61937763;2.57330940
1746;174.53883727;0.00000000;29.20081696;12.55811269;1.31162806;1.86665150;-2.83017895;0.01781661;11.64149552;2.55987241
1747;174.63880223;0.00000000;29.10568772;12.52739907;1.31390942;1.84774822;-2.82841966;0.01738164;11.66345631;2.54652712
1748;174.73876720;0.00000000;29.01061112;12.49651992;1.32392955;1.83195319;-2.82670384;0.01694673;11.68526167;2.53327260
1749;174.83873217;0.00000000;28.91558783;12.46548003;1.34151061;1.81818655;-2.82503150;0.01651184;11.70691322;2.52010793
1750;174.93869714;0.00000000;28.82061506;12.43428306;1.34299053;1.80967995;-2.82340263;0.01607702;11.72841261;2.50703220
1751;175.03866211;0.00000000;28.72569337;12.40293376;1.34786804;1.80294034;-2.82181723;0.01564214;11.74976140;2.49404451
1752;175.13862708;0.00000000;28.63082001;12.37143581;1.36024959;1.77371270;-2.82027530;0.01520709;11.77096119;2.48114400
1753;175.23859205;0.00000000;28.53599543;12.33979394;1.37720104;1.74956764;-2.81877687;0.01477231;11.79201349;2.46832978
1754;175.33855702;0.00000000;28.44121691;12.30801181;1.39722986;1.73072183;-2.81732183;0.01433864;11.81291984;2.45560102
1755;175.43852199;0.00000000;28.34648479;12.27609412;1.42414693;1.71735439;-2.81591014;0.01390556;11.83368173;2.44295686
1756;175.53848696;0.00000000;28.25179641;12.24404452;1.44177012;1.70959798;-2.81454159;0.01347504;11.85430064;2.43039649
1757;175.63845193;0.00000000;28.15715199;12.21186765;1.44333167;1.70753351;-2.81321608;0.01304462;11.87477800;2.41791909
1758;175.73841690;0.00000000;28.06254891;12.17956715;1.45192059;1.71118583;-2.81193356;0.01261473;11.89511526;2.40552384
1759;175.83838187;0.00000000;27.96798732;12.14714760;1.46740915;1.71967220;-2.81069402;0.01218479;11.91531381;2.39320997
1760;175.93834684;0.00000000;27.87346463;12.11461268;1.46550973;1.71487760;-2.80949746;0.01175472;11.93537505;2.38097670
1761;176.03831181;0.00000000;27.77898087;12.08196693;1.46945144;1.68214731;-2.80834390;0.01132472;11.95530034;2.36882324
1762;176.13827678;0.00000000;27.68453351;12.04921402;1.48026150;1.65350914;-2.80723330;0.01089501;11.97509102;2.35674885
1763;176.23824175;0.00000000;27.59012248;12.01635847;1.49778685;1.63040002;-2.80616566;0.01046534;11.99474841;2.34475278
1764;176.33820672;0.00000000;27.49574529;11.98340397;1.51997038;1.61306155;-2.80514095;0.01003586;12.01427383;2.33283429
1765;176.43817169;0.00000000;27.40140177;11.95035500;1.51986075;1.60168568;-2.80415919;0.00960643;12.03366857;2.32099265
1766;176.53813666;0.00000000;27.30708948;11.91721526;1.52640793;1.59640404;-2.80322033;0.00917724;12.05293388;2.30922715
1767;176.63810163;0.00000000;27.21280818;11.88398919;1.53952266;1.59728143;-2.80232438;0.00874810;12.07207102;2.29753709
1768;176.73806660;0.00000000;27.11855544;11.85068050;1.54397934;1.58469239;-2.80147131;0.00831922;12.09108123;2.28592177
1769;176.83803157;0.00000000;27.02433094;11.81729362;1.54606926;1.57455963;-2.80066112;0.00789040;12.10996571;2.27438049
1770;176.93799654;0.00000000;26.93013231;11.78383226;1.55467607;1.57065726;-2.79989378;0.00746186;12.12872566;2.26291259
1771;177.03796151;0.00000000;26.83595914;11.75030081;1.56968825;1.57303599;-2.79916927;0.00703337;12.14736227;2.25151740
1772;177.13792648;0.00000000;26.74180911;11.71670299;1.59092048;1.56551687;-2.79848758;0.00660519;12.16587670;2.24019425
1773;177.23789145;0.00000000;26.64768174;11.68304317;1.59508022;1.55683635;-2.79784870;0.00617706;12.18427010;2.22894251
1774;177.33785642;0.00000000;26.55357472;11.64932507;1.60540488;1.55448698;-2.79725259;0.00574926;12.20254359;2.21776151
1775;177.43782139;0.00000000;26.45948753;11.61555306;1.61880409;1.53916571;-2.79669925;0.00532152;12.22069830;2.20665064
1776;177.53778636;0.00000000;26.36541790;11.58173084;1.63562984;1.52546206;-2.79618864;0.00489412;12.23873533;2.19560927
1777;177.63775133;0.00000000;26.27136524;11.54786275;1.64745477;1.51818168;-2.79572077;0.00446679;12.25665577;2.18463679
1778;177.73771630;0.00000000;26.17732730;11.51395252;1.63690040;1.51742126;-2.79529558;0.00403981;12.27446068;2.17373258
1779;177.83768127;0.00000000;26.08330347;11.48000446;1.63245107;1.50742801;-2.79491309;0.00361289;12.29215112;2.16289604
1780;177.93764624;0.00000000;25.98929151;11.44602231;1.63415235;1.49517983;-2.79457324;0.00318634;12.30972814;2.15212659
1781;178.03761121;0.00000000;25.89529076;11.41201035;1.64198087;1.48387122;-2.79427604;0.00275986;12.32719276;2.14142363
1782;178.13757618;0.00000000;25.80129902;11.37797232;1.65584560;1.47861668;-2.79402145;0.00233376;12.34454600;2.13078660
1783;178.23754115;0.00000000;25.70731560;11.34391250;1.67559243;1.47550315;-2.79380945;0.00190772;12.36178887;2.12021492
1784;178.33750612;0.00000000;25.61333830;11.30983462;1.68627778;1.46484522;-2.79364002;0.00148207;12.37892235;2.10970803
1785;178.43747109;0.00000000;25.51936642;11.27574295;1.69011278;1.46095047;-2.79351314;0.00105649;12.39594741;2.09926537
1786;178.53743606;0.00000000;25.42539778;11.24164123;1.69983861;1.45941550;-2.79342878;0.00063130;12.41286503;2.08888640
1787;178.63740103;0.00000000;25.33143165;11.20753370;1.71535085;1.44368300;-2.79338693;0.00020618;12.42967615;2.07857057
1788;178.73736600;0.00000000;25.23746586;11.17342411;1.70724679;1.43475697;-2.79338755;-0.00021856;12.44638171;2.06831736
1789;178.83733097;0.00000000;25.14349969;11.13931670;1.70193516;1.43276894;-2.79343062;-0.00064322;12.46298264;2.05812622
1790;178.93729594;0.00000000;25.04953096;11.10521520;1.70248026;1.43512028;-2.79351613;-0.00106749;12.47947985;2.04799665
1791;179.03726091;0.00000000;24.95555896;11.07112386;1.70887227;1.44063289;-2.79364405;-0.00149170;12.49587425;2.03792812
1792;179.13722588;0.00000000;24.86158150;11.03704640;1.71676778;1.44376986;-2.79381435;-0.00191552;12.51216672;2.02792013
1793;179.23719085;0.00000000;24.76759790;11.00298708;1.72927749;1.45034266;-2.79402702;-0.00233927;12.52835815;2.01797217
1794;179.33715582;0.00000000;24.67360596;10.96894959;1.72111281;1.44473980;-2.79428202;-0.00276265;12.54444941;2.00808374
1795;179.43712079;0.00000000;24.57960499;10.93493820;1.71294914;1.44601658;-2.79457935;-0.00318597;12.56044136;1.99825437
1796;179.53708575;0.00000000;24.48559282;10.90095661;1.71056634;1.45421211;-2.79491898;-0.00360892;12.57633484;1.98848356
1797;179.63705072;0.00000000;24.39156879;10.86700908;1.71398432;1.46828204;-2.79530089;-0.00403182;12.59213069;1.97877083
1798;179.73701569;0.00000000;24.29753067;10.83309930;1.72316440;1.46856262;-2.79572505;-0.00445435;12.60782975;1.96911571
1799;179.83698066;0.00000000;24.20347789;10.79923154;1.73801104;1.45943108;-2.79619144;-0.00487684;12.62343282;1.95951773
1800;179.93694563;0.00000000;24.10940817;10.76540949;1.73525582;1.45716503;-2.79670006;-0.00529904;12.63894071;1.94997643
1801;180.03691060;0.00000000;24.01532099;10.73163744;1.72413024;1.46180062;-2.79725088;-0.00572115;12.65435423;1.94049136
1802;180.13687557;0.00000000;23.92121406;10.69791903;1.71869917;1.47327693;-2.79784387;-0.00614285;12.66967416;1.93106206
1803;180.23684054;0.00000000;23.82708691;10.66425859;1.71390662;1.47457943;-2.79847902;-0.00656457;12.68490128;1.92168808
1804;180.33680551;0.00000000;23.73293720;10.63065974;1.69701086;1.45560208;-2.79915633;-0.00698631;12.70003636;1.91236899
1805;180.43677048;0.00000000;23.63876455;10.59712684;1.68180468;1.44338397;-2.79987579;-0.00740720;12.71508015;1.90310435
1806;180.53673545;0.00000000;23.54456658;10.56366349;1.67237161;1.43810149;-2.80063709;-0.00782413;12.73003342;1.89389373
1807;180.63670042;0.00000000;23.45034301;10.53027402;1.66880550;1.43983518;-2.80144004;-0.00823857;12.74489689;1.88473670
1808;180.73666539;0.00000000;23.35609141;10.49696195;1.67113974;1.44856398;-2.80228376;-0.00864165;12.75967132;1.87563284
1809;180.83663036;0.00000000;23.26181166;10.46373152;1.67934569;1.46416664;-2.80316776;-0.00904384;12.77435741;1.86658174
1810;180.93659533;0.00000000;23.16750129;10.43058611;1.67340348;1.47714851;-2.80409173;-0.00944194;12.78895589;1.85758298
1811;181.03656030;0.00000000;23.07316031;10.39752996;1.65396026;1.46876327;-2.80505549;-0.00984013;12.80346747;1.84863615
1812;181.13652527;0.00000000;22.97878620;10.36456639;1.63545679;1.46725517;-2.80605907;-0.01023855;12.81789285;1.83974086
1813;181.23649024;0.00000000;22.88437910;10.33169968;1.62280902;1.47264934;-2.80710248;-0.01063702;12.83223271;1.83089671
1814;181.33645521;0.00000000;22.78993636;10.29893312;1.61615028;1.48487457;-2.80818573;-0.01103552;12.84648775;1.82210329
1815;181.43642018;0.00000000;22.69545831;10.26627102;1.61047034;1.50376792;-2.80930882;-0.01143404;12.86065863;1.81336023
1816;181.53638515;0.00000000;22.60094219;10.23371667;1.60439142;1.51787694;-2.81047174;-0.01183249;12.87474603;1.80466714
1817;181.63635012;0.00000000;22.50638846;10.20127441;1.59876634;1.53137722;-2.81167449;-0.01223118;12.88875061;1.79602363
1818;181.73631509;0.00000000;22.41179427;10.16894750;1.59925953;1.52158101;-2.81291715;-0.01263068;12.90267303;1.78742933
1819;181.83628006;0.00000000;22.31716023;10.13674036;1.60586135;1.51844355;-2.81419974;-0.01302994;12.91651392;1.77888387
1820;181.93624503;0.00000000;22.22248340;10.10465619;1.61849324;1.52200995;-2.81552217;-0.01342782;12.93027394;1.77038688
1821;182.03621000;0.00000000;22.12776454;10.07269945;1.61251202;1.53223726;-2.81688437;-0.01382645;12.94395370;1.76193799
1822;182.13617497;0.00000000;22.03300059;10.04087333;1.60279524;1.54899766;-2.81828662;-0.01422817;12.95755384;1.75353684
1823;182.23613994;0.00000000;21.93819253;10.00918238;1.58688141;1.57208567;-2.81972901;-0.01463015;12.97107498;1.74518308
1824;182.33610491;0.00000000;21.84333713;9.97762976;1.57183500;1.58255591;-2.82121165;-0.01503281;12.98451772;1.73687636
1825;182.43606988;0.00000000;21.74843555;9.94622010;1.55127056;1.58927027;-2.82273447;-0.01542917;12.99788267;1.72861631
1826;182.53603485;0.00000000;21.65348448;9.91495642;1.53679208;1.60235785;-2.82429524;-0.01579708;13.01117044;1.72040260
1827;182.63599982;0.00000000;21.55848537;9.88384313;1.52856922;1.62166763;-2.82589276;-0.01616282;13.02438160;1.71223489
1828;182.73596479;0.00000000;21.46343485;9.85288295;1.52093476;1.62578234;-2.82752626;-0.01651852;13.03751676;1.70411284
1829;182.83592976;0.00000000;21.36833465;9.82208019;1.50743643;1.62356543;-2.82919532;-0.01687513;13.05057648;1.69603610
1830;182.93589473;0.00000000;21.27318127;9.79143746;1.50015588;1.62766544;-2.83090026;-0.01723538;13.06356133;1.68800436
1831;183.03585970;0.00000000;21.17797664;9.76095918;1.49934673;1.63803837;-2.83264119;-0.01759575;13.07647190;1.68001727
1832;183.13582467;0.00000000;21.08271710;9.73064794;1.48877507;1.65457006;-2.83441818;-0.01795618;13.08930873;1.67207453
1833;183.23578964;0.00000000;20.98740479;9.70050821;1.48235238;1.66796134;-2.83623117;-0.01831671;13.10207239;1.66417580
1834;183.33575461;0.00000000;20.89203593;9.67054257;1.47010426;1.68555475;-2.83808023;-0.01867713;13.11476342;1.65632076
1835;183.43571958;0.00000000;20.79661286;9.64075554;1.44818147;1.70900414;-2.83996530;-0.01903776;13.12738236;1.64850911
1836;183.53568455;0.00000000;20.70113168;9.61114966;1.43010690;1.73807663;-2.84188647;-0.01939879;13.13992975;1.64074053
1837;183.63564952;0.00000000;20.60559489;9.58172950;1.41390746;1.77042215;-2.84384370;-0.01975997;13.15240613;1.63301471
1838;183.73561449;0.00000000;20.50999852;9.55249760;1.39623812;1.78985173;-2.84583708;-0.02012121;13.16481202;1.62533134
1839;183.83557946;0.00000000;20.41434523;9.52345856;1.38537304;1.81478104;-2.84786654;-0.02048263;13.17714794;1.61769013
1840;183.93554443;0.00000000;20.31863097;9.49461492;1.37152853;1.83375992;-2.84993218;-0.02084421;13.18941442;1.61009077
1841;184.03550940;0.00000000;20.22285856;9.46597130;1.34607855;1.83544630;-2.85203393;-0.02120595;13.20161195;-6.89716876
1842;184.13547437;0.00000000;20.12702389;9.43753024;1.32245562;1.83692108;-2.85417189;-0.02156779;13.14928163;-8.90885809
1843;184.23543934;0.00000000;20.03112990;9.40929640;1.30586328;1.84403680;-2.85634598;-0.02192975;13.08137837;-8.87963817
1844;184.33540431;0.00000000;19.93517246;9.38127232;1.29656732;1.85673243;-2.85855630;-0.02229166;13.01334525;-8.85156927
1845;184.43536927;0.00000000;19.83915461;9.35346267;1.29472168;1.87489761;-2.86080276;-0.02265375;12.94517133;-8.82465476
1846;184.53533424;0.00000000;19.74307222;9.32587001;1.30035442;1.89774389;-2.86308546;-0.02301597;12.87684542;-8.79888906
1847;184.63529921;0.00000000;19.64692842;9.29849900;1.28319578;1.91214509;-2.86540435;-0.02337838;12.80835613;-8.77427459
1848;184.73526418;0.00000000;19.55071909;9.27135224;1.26084512;1.92564249;-2.86775951;-0.02374094;12.73969178;-8.75082238
1849;184.83522915;0.00000000;19.45444744;9.24443441;1.24590072;1.94117216;-2.87015088;-0.02410360;12.67084035;-8.72857929
1850;184.93519412;0.00000000;19.35810939;9.21774811;1.22719160;1.96191400;-2.87257853;-0.02446606;12.60178919;-8.70747492
1851;185.03515909;0.00000000;19.26170818;9.19129801;1.18693611;1.98770746;-2.87504238;-0.02482876;12.53252592;-8.68748116
1852;185.13512406;0.00000000;19.16523982;9.16508677;1.14967219;2.00905885;-2.87754256;-0.02519189;12.46303808;-8.66866780
1853;185.23508903;0.00000000;19.06870753;9.13911903;1.11987378;2.02222059;-2.88007900;-0.02555501;12.39331239;-8.65111893
1854;185.33505400;0.00000000;18.97210747;9.11339751;1.09814427;2.04045140;-2.88265175;-0.02591759;12.32333455;-8.63471652
1855;185.43501897;0.00000000;18.87544284;9.08792681;1.08496593;2.06361966;-2.88526070;-0.02628040;12.25309088;-8.61944896
1856;185.53498394;0.00000000;18.77870992;9.06270971;1.07050261;2.07183984;-2.88790600;-0.02664353;12.18256747;-8.60530593
1857;185.63494891;0.00000000;18.68191185;9.03775076;1.05290614;2.07845198;-2.89058755;-0.02700708;12.11175016;-8.59217403
1858;185.73491388;0.00000000;18.58504513;9.01305283;1.04083154;2.09009778;-2.89330557;-0.02737186;12.04062536;-8.58065033
1859;185.83487885;0.00000000;18.48811276;8.98862043;1.03801141;2.10669688;-2.89605998;-0.02773378;11.96917416;-8.57196255
1860;185.93484382;0.00000000;18.39111150;8.96445647;1.04451706;2.12813727;-2.89884992;-0.02808414;11.89736686;-8.56460424
1861;186.03480879;0.00000000;18.29404430;8.94056530;1.03534947;2.14726058;-2.90167483;-0.02843333;11.82518572;-8.55911661
1862;186.13477376;0.00000000;18.19690813;8.91694977;0.99756867;2.16971013;-2.90453439;-0.02877742;11.75260795;-8.55474593
1863;186.23473873;0.00000000;18.09970583;8.89361410;0.95996461;2.19675885;-2.90742831;-0.02912180;11.67961660;-8.55143489
1864;186.33470370;0.00000000;18.00243470;8.87056120;0.93133188;2.22042137;-2.91035673;-0.02946694;11.60619472;-8.54935357
1865;186.43466867;0.00000000;17.90509732;8.84779521;0.91019109;2.23620211;-2.91331963;-0.02981162;11.53232345;-8.54871667
1866;186.53463364;0.00000000;17.80769138;8.82531913;0.88164592;2.25659610;-2.91631688;-0.03015425;11.45798149;-8.54871372
1867;186.63459861;0.00000000;17.71021920;8.80313701;0.86349359;2.28148229;-2.91934836;-0.03049668;11.38315404;-8.54926586
1868;186.73456358;0.00000000;17.61267889;8.78125194;0.84702557;2.31071907;-2.92241404;-0.03083823;11.30782657;-8.55110570
1869;186.83452855;0.00000000;17.51507245;8.75966785;0.82031031;2.34414605;-2.92551384;-0.03117934;11.23197755;-8.55417609
1870;186.93449352;0.00000000;17.41739846;8.73838792;0.80336492;2.38027521;-2.92864765;-0.03151867;11.15558532;-8.55865391
1871;187.03445849;0.00000000;17.31965855;8.71741599;0.79835112;2.38002707;-2.93181536;-0.03185768;11.07862594;-8.56435398
1872;187.13442346;0.00000000;17.22185186;8.69675532;0.77453239;2.38429208;-2.93501690;-0.03219555;11.00107640;-8.57138642
1873;187.23438843;0.00000000;17.12397954;8.67640962;0.75897989;2.39301227;-2.93825221;-0.03253388;10.92291193;-8.57956262
1874;187.33435340;0.00000000;17.02604136;8.65638229;0.73662417;2.40237295;-2.94152146;-0.03287388;10.84410871;-8.58874641
1875;187.43431837;0.00000000;16.92803796;8.63667693;0.72130190;2.41616174;-2.94482467;-0.03321305;10.76464334;-8.59924486
1876;187.53428334;0.00000000;16.82996979;8.61729708;0.70739480;2.43430654;-2.94816162;-0.03354941;10.68448874;-8.61129461
1877;187.63424831;0.00000000;16.73183692;8.59824618;0.69397149;2.45671398;-2.95153221;-0.03388683;10.60361467;-8.62445591
1878;187.73421328;0.00000000;16.63364054;8.57952791;0.66800426;2.47724814;-2.95493675;-0.03422806;10.52199397;-8.63843311
1879;187.83417825;0.00000000;16.53538004;8.56114562;0.65604894;2.50070621;-2.95837541;-0.03456870;10.43960132;-8.65373564
1880;187.93414322;0.00000000;16.43705746;8.54310315;0.65809959;2.52823260;-2.96184800;-0.03490784;10.35640550;-8.67047408
1881;188.03410819;0.00000000;16.33867147;8.52540370;0.63325669;2.54190553;-2.96535455;-0.03524930;10.27237302;-8.68824914
1882;188.13407316;0.00000000;16.24022500;8.50805127;0.62328166;2.53782764;-2.96889568;-0.03559875;10.18747301;-8.70648631
1883;188.23403813;0.00000000;16.14171598;8.49104904;0.61954380;2.53803970;-2.97247178;-0.03594776;10.10167902;-8.72609841
1884;188.33400310;0.00000000;16.04314830;8.47440121;0.62579131;2.54254410;-2.97608265;-0.03629566;10.01495435;-8.74708523
1885;188.43396807;0.00000000;15.94451976;8.45811093;0.64211094;2.55132157;-2.97972682;-0.03652026;9.92726078;-8.78140533
1886;188.53393304;0.00000000;15.84583613;8.44218104;0.62267754;2.54228962;-2.98336906;-0.03635126;9.83843690;-8.85444905
1887;188.63389801;0.00000000;15.74708997;8.42660890;0.60037210;2.52670689;-2.98698160;-0.03513867;9.74805474;-9.02534881
1888;188.73386298;0.00000000;15.64829741;8.41138176;0.59391832;2.51147004;-2.99027172;-0.03069094;9.65505742;-9.49658763
1889;188.83382795;0.00000000;15.54944732;8.39645603;0.60386530;2.49653549;-2.99311006;-0.02561838;9.55622737;-10.01059935
1890;188.93379292;0.00000000;15.45057014;8.38178324;0.61849617;2.48185449;-2.99532036;-0.01860739;9.45092922;-10.68139934
1891;189.03375789;0.00000000;15.35165487;8.36729280;0.63294970;2.46735651;-2.99683116;-0.01165755;9.33726574;-11.31975620
1892;189.13372286;0.00000000;15.25273277;8.35291925;0.65747190;2.45297585;-2.99765739;-0.00487475;9.21527934;-11.91427042
1893;189.23368783;0.00000000;15.15379494;8.33859265;0.69443998;2.43864262;-2.99780640;0.00186383;9.08511717;-11.63000112
1894;189.33365280;0.00000000;15.05486753;8.32424886;0.73242982;2.42429251;-2.99728944;0.00847847;8.95623629;-11.12307707
1895;189.43361776;0.00000000;14.95594526;8.30982020;0.78151281;2.40985790;-2.99611113;0.01510983;8.83121353;-10.63934025
1896;189.53358273;0.00000000;14.85705087;8.29524297;0.80609321;2.37431266;-2.99426623;0.02180153;8.70994890;-10.18125843
1897;189.63354770;0.00000000;14.75818369;8.28044951;0.82122945;2.32455084;-2.99175224;0.02850079;8.59230303;-9.74578540
1898;189.73351267;0.00000000;14.65936283;8.26537499;0.84822848;2.27783842;-2.98856701;0.03522699;8.47816001;-9.33307804
1899;189.83347764;0.00000000;14.56059305;8.24995215;0.88606851;2.22562608;-2.98470919;0.04195752;8.36739119;-8.94118139
1900;189.93344261;0.00000000;14.46189053;8.23411544;0.93348785;2.17425649;-2.98017795;0.04869970;8.25988048;-8.56873203
1901;190.03340758;0.00000000;14.36326565;8.21779830;0.98916413;2.12591675;-2.97497238;0.05545417;8.15551834;-8.21317524
1902;190.13337255;0.00000000;14.26473248;8.20093461;1.05183665;2.08075855;-2.96908969;0.06224105;8.05421752;-7.87492443
1903;190.23333752;0.00000000;14.16630744;8.18345840;1.12037689;2.03893320;-2.96252822;0.06903704;7.95587749;-7.55245976
1904;190.33330249;0.00000000;14.06800322;8.16530294;1.16171715;2.00058664;-2.95528643;0.07584878;7.86040863;-7.24486244
1905;190.43326746;0.00000000;13.96984266;8.14640325;1.20303681;1.96586200;-2.94736334;0.08267475;7.76772547;-6.95047899
1906;190.53323243;0.00000000;13.87183772;8.12669213;1.25170792;1.93077078;-2.93875619;0.08952650;7.67775684;-6.66902137
1907;190.63319740;0.00000000;13.77401802;8.10610574;1.29533464;1.88314534;-2.92946376;0.09639407;7.59042904;-6.39924254
1908;190.73316237;0.00000000;13.67639562;8.08457646;1.32496059;1.82404196;-2.91948317;0.10328425;7.50567871;-6.14046717
1909;190.83312734;0.00000000;13.57900728;8.06204191;1.36224289;1.76775232;-2.90881344;0.11019487;7.42344594;-5.89152070
1910;190.93309231;0.00000000;13.48186588;8.03843417;1.40663504;1.71449222;-2.89745076;0.11713337;7.34368152;-5.65182005
1911;191.03305728;0.00000000;13.38501565;8.01369267;1.45753429;1.66450702;-2.88539408;0.12409722;7.26633953;-5.42033494
1912;191.13302225;0.00000000;13.28847117;7.98774929;1.51434257;1.61803594;-2.87263871;0.13109270;7.19138394;-5.19640286
1913;191.23298722;0.00000000;13.19228442;7.96054563;1.57645648;1.57534244;-2.85918359;0.13811975;7.11878406;-4.97907324
1914;191.33295219;0.00000000;13.09647248;7.93201353;1.64332747;1.52373039;-2.84502293;0.14518423;7.04851904;-4.76757225
1915;191.43291716;0.00000000;13.00109548;7.90209727;1.70192512;1.46733068;-2.83015549;0.15228897;6.98057592;-4.56094554
1916;191.53288213;0.00000000;12.90617382;7.87072883;1.74220089;1.41442348;-2.81457396;0.15944065;6.91495269;-4.35837232
1917;191.63284710;0.00000000;12.81177603;7.83785561;1.78855999;1.35533892;-2.79827676;0.16664344;6.85165685;-4.15867752
1918;191.73281207;0.00000000;12.71792677;7.80340996;1.84060349;1.28765623;-2.78125452;0.17390885;6.79071111;-3.96148460
1919;191.83277704;0.00000000;12.62470332;7.76734295;1.89789522;1.22304139;-2.76350503;0.18123139;6.73214216;-3.76621510
1920;191.93274201;0.00000000;12.53213551;7.72958765;1.96003017;1.16194856;-2.74501882;0.18860925;6.67598374;-3.57045376
1921;192.03270698;0.00000000;12.44030973;7.69009971;2.00999277;1.10494071;-2.72579348;0.19608022;6.62230460;-3.37159409
1922;192.13267195;0.00000000;12.34926186;7.64881323;2.05121304;1.05261992;-2.70581146;0.20368610;6.57121265;-3.17150092
1923;192.23263692;0.00000000;12.25908748;7.60568817;2.09431229;1.00568808;-2.68506753;0.21136693;6.52278757;-2.96952751
1924;192.33260189;0.00000000;12.16983004;7.56066024;2.13936466;0.96071193;-2.66355015;0.21911765;6.47711820;-2.76185722
1925;192.43256686;0.00000000;12.08159565;7.51369625;2.18641475;0.91395479;-2.64125483;0.22700462;6.43435174;-2.54707636
1926;192.53253183;0.00000000;11.99443525;7.46473403;2.23553751;0.86542478;-2.61816006;0.23503588;6.39465757;-2.32068616
1927;192.63249680;0.00000000;11.90846385;7.41374624;2.28677560;0.81519558;-2.59425902;0.24328882;6.35827577;-2.07101119
1928;192.73246177;0.00000000;11.82374398;7.36067372;2.33960194;0.76153069;-2.56950254;0.25200610;6.32563148;-1.80489506
1929;192.83242674;0.00000000;11.74040073;7.30549235;2.39458538;0.71553589;-2.54386833;0.26097542;6.29704384;-1.51250660
1930;192.93239171;0.00000000;11.65851243;7.24814622;2.45185445;0.67870280;-2.51730953;0.27038161;6.27298699;-1.20544825
1931;193.03235668;0.00000000;11.57821689;7.18861737;2.51145149;0.64659114;-2.48980463;0.27987525;6.25374772;-0.88684692
1932;193.13232165;0.00000000;11.49960432;7.12685479;2.53209510;0.61828085;-2.46135478;0.28931579;6.23955554;-0.56273991
1933;193.23228662;0.00000000;11.42282733;7.06285845;2.55684079;0.60246824;-2.43195990;0.29849217;6.23053326;-0.26392394
1934;193.33225159;0.00000000;11.34797933;6.99658835;2.58185778;0.60005783;-2.40171507;0.30660123;6.22629733;-0.14975014
1935;193.43221656;0.00000000;11.27521319;6.92807175;2.61336235;0.60306284;-2.37073850;0.30978263;6.22389258;-0.14975014
1936;193.53218153;0.00000000;11.20458507;6.85732855;2.61629446;0.60298151;-2.34014823;0.30223921;6.22148691;0.15162297
1937;193.63214650;0.00000000;11.13613309;6.78449137;2.60442478;0.59988085;-2.31031811;0.29419654;6.22392266;0.45389442
1938;193.73211147;0.00000000;11.06984575;6.70966658;2.59054759;0.60198460;-2.28136885;0.28501251;6.23120858;0.78344330
1939;193.83207644;0.00000000;11.00572082;6.63298807;2.57758151;0.60495234;-2.25331930;0.27654917;6.24376442;1.06813510
1940;193.93204141;0.00000000;10.94373774;6.55456252;2.55661977;0.61848643;-2.22604647;0.26911551;6.26084231;1.29963732
1941;194.03200638;0.00000000;10.88389003;6.47450225;2.52469611;0.64483165;-2.19949972;0.26245202;6.28155895;1.49163487
1942;194.13197135;0.00000000;10.82616196;6.39289674;2.48870785;0.68254939;-2.17354097;0.25692582;6.30525220;1.63191337
1943;194.23193632;0.00000000;10.77054756;6.30983418;2.45477226;0.72990306;-2.14813667;0.25117481;6.33107207;1.77734006
1944;194.33190128;0.00000000;10.71703596;6.22540165;2.41731182;0.78404709;-2.12333228;0.24512528;6.35907360;1.93134303
1945;194.43186625;0.00000000;10.66560888;6.13968246;2.36612000;0.83557862;-2.09911719;0.23950346;6.38936228;2.06470425
1946;194.53183122;0.00000000;10.61625017;6.05275903;2.31653166;0.88430999;-2.07543808;0.23426328;6.42158443;2.18033013
1947;194.63179619;0.00000000;10.56893970;5.96470237;2.26906850;0.93126542;-2.05227979;0.22909879;6.45543646;2.29174454
1948;194.73176116;0.00000000;10.52365833;5.87558565;2.22369806;0.97638034;-2.02963054;0.22407435;6.49082801;2.39668690
1949;194.83172613;0.00000000;10.48038321;5.78547449;2.18038574;1.01961776;-2.00747549;0.21922137;6.52763492;2.49425055
1950;194.93169110;0.00000000;10.43909428;5.69443920;2.13910116;1.06095466;-1.98579773;0.21450785;6.56572106;2.58619600
1951;195.03165607;0.00000000;10.39976612;5.60253778;2.09980987;1.10038549;-1.96458489;0.20995081;6.60497926;2.67208844
1952;195.13162104;0.00000000;10.36237585;5.50983245;2.06248121;1.13791089;-1.94381794;0.20555363;6.64529770;2.75204019
1953;195.23158601;0.00000000;10.32689767;5.41637669;2.02708262;1.17354070;-1.92348545;0.20126471;6.68656838;2.82857311
1954;195.33155098;0.00000000;10.29330726;5.32222714;1.99358409;1.20728809;-1.90357604;0.19708057;6.72872300;2.90200851
1955;195.43151595;0.00000000;10.26157775;5.22743286;1.96195387;1.23917209;-1.88408083;0.19296491;6.77169931;2.97414669
1956;195.53148092;0.00000000;10.23168283;5.13204487;1.93216170;1.26921386;-1.86499476;0.18890482;6.81546275;3.04570074
1957;195.63144589;0.00000000;10.20359439;5.03610906;1.89631532;1.29730312;-1.84631061;0.18492339;6.85998975;3.11568137
1958;195.73141086;0.00000000;10.17728412;4.93967028;1.84681411;1.32347098;-1.82802111;0.18100604;6.90524274;3.18486941
1959;195.83137583;0.00000000;10.15272313;4.84277136;1.80054807;1.34791935;-1.81011932;0.17718066;6.95119616;3.25199152
1960;195.93134080;0.00000000;10.12988205;4.74545188;1.75831211;1.37714335;-1.79259472;0.17344387;6.99780669;3.31726845
1961;196.03130577;0.00000000;10.10873185;4.64775153;1.72248229;1.40939916;-1.77544001;0.16979030;7.04503512;3.38100849
1962;196.13127074;0.00000000;10.08924277;4.54970538;1.69344062;1.44178652;-1.75864628;0.16620969;7.09284743;3.44375812
1963;196.23123571;0.00000000;10.07138559;4.45134992;1.67151495;1.47871021;-1.74220727;0.16270418;7.14121803;3.50543009
1964;196.33120068;0.00000000;10.05513026;4.35271577;1.65527845;1.51986215;-1.72611476;0.15926529;7.19012068;3.56647389
1965;196.43116565;0.00000000;10.04044749;4.25383639;1.64061233;1.55980318;-1.71036325;0.15588875;7.23953592;3.62712152
1966;196.53113062;0.00000000;10.02730719;4.15473891;1.62748631;1.57295745;-1.69494606;0.15256892;7.28944789;3.68767507
1967;196.63109559;0.00000000;10.01567993;4.05545357;1.59089010;1.58459570;-1.67985818;0.14930486;7.33984517;3.74818500
1968;196.73106056;0.00000000;10.00553569;3.95600463;1.55371563;1.59599636;-1.66509386;0.14609013;7.39071726;3.80900037
1969;196.83102553;0.00000000;9.99684494;3.85641898;1.52361105;1.61209028;-1.65064864;0.14292292;7.44205850;3.87021744
1970;196.93099050;0.00000000;9.98957782;3.75671847;1.50097682;1.63276634;-1.63651777;0.13979832;7.49386463;3.93210753
1971;197.03095547;0.00000000;9.98370474;3.65692663;1.48612834;1.65787873;-1.62269718;0.13671479;7.54613498;3.99475531
1972;197.13092044;0.00000000;9.97919601;3.55706341;1.47927207;1.68725398;-1.60918302;0.13366773;7.59886994;4.05842371
1973;197.23088541;0.00000000;9.97602207;3.45714890;1.45611202;1.72069676;-1.59597157;0.13065580;7.65207323;4.12318988
1974;197.33085038;0.00000000;9.97415339;3.35720152;1.42674998;1.73860000;-1.58305979;0.12767488;7.70574940;4.18930027
1975;197.43081535;0.00000000;9.97356048;3.25723799;1.40515990;1.75407910;-1.57044427;0.12472353;7.75990595;4.25684495
1976;197.53078032;0.00000000;9.97421397;3.15727539;1.39167797;1.77384860;-1.55812275;0.12179793;7.81455124;4.32606423
1977;197.63074529;0.00000000;9.97608452;3.05732724;1.38356972;1.79665176;-1.54609209;0.11889744;7.86969637;4.39701044
1978;197.73071026;0.00000000;9.97914286;2.95740942;1.37983825;1.81964878;-1.53435065;0.11601823;7.92535267;4.46993662
1979;197.83067523;0.00000000;9.98335987;2.85753246;1.37820359;1.81736672;-1.52289558;0.11315951;7.98153426;4.54491361
1980;197.93064020;0.00000000;9.98870635;2.75771101;1.35013145;1.81759358;-1.51172587;0.11031736;8.03825562;4.62221810
1981;198.03060517;0.00000000;9.99515343;2.65795293;1.33008970;1.82221046;-1.50083898;0.10749160;8.09553415;4.66579791
1982;198.13057014;0.00000000;10.00267196;2.55827156;1.31841961;1.83121149;-1.49023440;0.10467852;8.15294461;4.63247642
1983;198.23053511;0.00000000;10.01123332;2.45867254;1.29638486;1.84455955;-1.47990985;0.10187946;8.20954789;4.59959848
1984;198.33050008;0.00000000;10.02080843;2.35916766;1.27351536;1.86218662;-1.46986508;0.09908973;8.26536594;4.56715239
1985;198.43046505;0.00000000;10.03136890;2.25976072;1.25917915;1.87833018;-1.46009826;0.09630810;8.32041973;4.53512694
1986;198.53043002;0.00000000;10.04288573;2.16046174;1.25364314;1.87961039;-1.45060983;0.09353000;8.37472938;4.50351141
1987;198.63039499;0.00000000;10.05533068;2.06127310;1.25699626;1.88526419;-1.44139827;0.09076022;8.42831412;4.47229552
1988;198.73035996;0.00000000;10.06867486;1.96220292;1.24171060;1.89527926;-1.43246377;0.08799464;8.48119241;4.44146942
1989;198.83032493;0.00000000;10.08289015;1.86325277;1.22677274;1.90961364;-1.42380522;0.08522731;8.53338195;4.41102363
1990;198.93028990;0.00000000;10.09794780;1.76442831;1.21914551;1.92158846;-1.41542435;0.08245021;8.58489972;4.38094908
1991;199.03025487;0.00000000;10.11381955;1.66573072;1.21530538;1.92023501;-1.40732110;0.07965513;8.63576204;4.35123703
1992;199.13021984;0.00000000;10.13047664;1.56716294;1.19508255;1.92328681;-1.39949955;0.07683137;8.68598461;4.32187907
1993;199.23018480;0.00000000;10.14789029;1.46872594;1.18375484;1.93075081;-1.39196008;0.07400326;8.73558250;4.29286714
1994;199.33014977;0.00000000;10.16603174;1.37042011;1.18155055;1.94260375;-1.38470424;0.07116444;8.78457024;4.26419344
1995;199.43011474;0.00000000;10.18487193;1.27224658;1.18849233;1.94887499;-1.37773199;0.06832588;8.83296180;4.23585048
1996;199.53007971;0.00000000;10.20438244;1.17420290;1.17551683;1.95043198;-1.37104389;0.06548203;8.88077066;4.20783103
1997;199.63004468;0.00000000;10.22453398;1.07629069;1.16900600;1.95644861;-1.36464018;0.06263116;8.92800980;4.18012812
1998;199.73000965;0.00000000;10.24529858;0.97850449;1.17164813;1.96691223;-1.35852238;0.05976607;8.97469173;4.15273502
1999;199.82997462;0.00000000;10.26664647;0.88084664;1.17754077;1.97308782;-1.35269118;0.05689470;9.02082855;4.12564525
2000;199.92993959;0.00000000;10.28855011;0.78330882;1.19018003;1.97005039;-1.34714774;0.05401068;9.06643192;4.09885252
2001;200.02990456;0.00000000;10.31097925;0.68589415;1.21148889;1.97034663;-1.34189293;0.05111800;9.11151311;4.07235079
2002;200.12986953;0.00000000;10.33390678;0.58859151;1.21130606;1.96628922;-1.33692816;0.04820956;9.15608300;4.04613417
2003;200.22983450;0.00000000;10.35730193;0.49140483;1.20312015;1.94671120;-1.33225454;0.04529169;9.20015214;4.02019701
2004;200.32979947;0.00000000;10.38113800;0.39432038;1.20366430;1.93166330;-1.32787347;0.04235756;9.24373069;3.99453382
2005;200.42976444;0.00000000;10.40538366;0.29734284;1.21289758;1.92128301;-1.32378619;0.03941275;9.28682852;3.96913928
2006;200.52972941;0.00000000;10.43001257;0.20045615;1.20060592;1.91567472;-1.31999422;0.03645029;9.32945517;3.94400825
2007;200.62969438;0.00000000;10.45499286;0.10366563;1.19627519;1.91491064;-1.31649891;0.03347645;9.37161987;3.91913574
2008;200.72965935;0.00000000;10.48029850;0.00695317;1.20061673;1.91902616;-1.31330185;0.03048449;9.41333159;3.89451693
2009;200.82962432;0.00000000;10.50589701;-0.08967524;1.21350735;1.92571332;-1.31040440;0.02748105;9.45459900;3.87014711
2010;200.92958929;0.00000000;10.53176263;-0.18623955;1.22480456;1.92028387;-1.30780816;0.02445922;9.49543050;3.84602174
2011;201.02955426;0.00000000;10.55786242;-0.28273350;1.21607937;1.91980651;-1.30551454;0.02142512;9.53583428;3.82213642
2012;201.12951923;0.00000000;10.58417071;-0.37917828;1.21575377;1.92431510;-1.30352524;0.01837261;9.57581823;3.79848685
2013;201.22948420;0.00000000;10.61065414;-0.47556754;1.22380422;1.92671249;-1.30184158;0.01530803;9.61539006;3.77506887
2014;201.32944917;0.00000000;10.63728698;-0.57192323;1.21982927;1.92193352;-1.30046531;0.01222514;9.65455723;3.75187844
2015;201.42941414;0.00000000;10.66403556;-0.66823912;1.21402180;1.92222607;-1.29939769;0.00913025;9.69332699;3.72891163
2016;201.52937911;0.00000000;10.69087401;-0.76453769;1.21652026;1.92761870;-1.29864050;0.00601752;9.73170639;3.70616463
2017;201.62934408;0.00000000;10.71776838;-0.86081297;1.22724279;1.92459144;-1.29819488;0.00289299;9.76970228;3.68363370
2018;201.72930905;0.00000000;10.74469254;-0.95708748;1.23917238;1.92094040;-1.29806268;-0.00024892;9.80732131;3.66131525
2019;201.82927402;0.00000000;10.77161236;-1.05335570;1.23565843;1.92248996;-1.29824490;-0.00340165;9.84456996;3.63920576
2020;201.92923899;0.00000000;10.79850133;-1.14963986;1.24018438;1.92868524;-1.29874329;-0.00657001;9.88145455;3.61730179
2021;202.02920396;0.00000000;10.82532518;-1.24593498;1.24591824;1.91645339;-1.29955870;-0.00974991;9.91798119;3.59560002
2022;202.12916893;0.00000000;10.85205695;-1.34226263;1.25106761;1.90948045;-1.30069314;-0.01294669;9.95415586;3.57409720
2023;202.22913390;0.00000000;10.87866229;-1.43861857;1.24195894;1.90785697;-1.30214737;-0.01615399;9.98998439;3.55279017
2024;202.32909887;0.00000000;10.90511363;-1.53502332;1.24070079;1.91162834;-1.30392329;-0.01937661;10.02547241;3.53167584
2025;202.42906384;0.00000000;10.93137663;-1.63147339;1.24728510;1.90208051;-1.30602134;-0.02259760;10.06062547;3.51075121
2026;202.52902881;0.00000000;10.95742316;-1.72798800;1.26155811;1.89713532;-1.30844108;-0.02581367;10.09544893;-8.23490982
2027;202.62899378;0.00000000;10.98321915;-1.82456430;1.27969868;1.89770900;-1.31118223;-0.02902678;10.01357499;-9.20776100
2028;202.72895875;0.00000000;11.00873611;-1.92121996;1.27203621;1.90382857;-1.31424421;-0.03223337;9.92122860;-8.94761909
2029;202.82892372;0.00000000;11.03394025;-2.01795256;1.27188485;1.90498642;-1.31762686;-0.03545029;9.83066021;-8.69585926
2030;202.92888869;0.00000000;11.05880255;-2.11477827;1.27921525;1.90272762;-1.32133221;-0.03868169;9.74183337;-8.45302952
2031;203.02885366;0.00000000;11.08328920;-2.21169521;1.29386782;1.90465631;-1.32536058;-0.04191802;9.65470371;-8.21853976
2032;203.12881863;0.00000000;11.10737047;-2.30871776;1.28448220;1.89269255;-1.32971308;-0.04516160;9.56923046;-7.99210605
2033;203.22878360;0.00000000;11.13101263;-2.40584452;1.27742927;1.86902979;-1.33438985;-0.04841169;9.48537350;-7.77315053
2034;203.32874857;0.00000000;11.15418522;-2.50308774;1.27769588;1.84907764;-1.33939228;-0.05167102;9.40309656;-7.56174707
2035;203.42871354;0.00000000;11.17685454;-2.60044642;1.28524513;1.83487684;-1.34472051;-0.05493517;9.32236050;-7.35739059
2036;203.52867851;0.00000000;11.19898945;-2.69793075;1.29991829;1.82659363;-1.35037564;-0.05820639;9.24312948;-7.15998881
2037;203.62864348;0.00000000;11.22055624;-2.79553984;1.32144529;1.82434201;-1.35635778;-0.06148231;9.16536668;-6.96907291
2038;203.72860845;0.00000000;11.24152317;-2.89328173;1.30818832;1.82817689;-1.36266796;-0.06476511;9.08903846;-6.78460964
2039;203.82857342;0.00000000;11.26185646;-2.99115544;1.30043627;1.83809241;-1.36930632;-0.06805196;9.01410969;-6.60616792
2040;203.92853839;0.00000000;11.28152380;-3.08916683;1.29966566;1.84950248;-1.37627373;-0.07134491;8.94054823;-6.43367578
2041;204.02850336;0.00000000;11.30049135;-3.18731456;1.30585616;1.85145556;-1.38357035;-0.07464178;8.86832105;-6.26672749
2042;204.12846832;0.00000000;11.31872626;-3.28560230;1.31887713;1.85953231;-1.39119699;-0.07794466;8.79739802;-6.10527702
2043;204.22843329;0.00000000;11.33619462;-3.38402807;1.32067085;1.86526247;-1.39915387;-0.08125123;8.72774795;-5.94893908
2044;204.32839826;0.00000000;11.35286310;-3.48259336;1.30964997;1.85515312;-1.40744168;-0.08456363;8.65934254;-5.79765756
2045;204.42836323;0.00000000;11.36869767;-3.58129527;1.29982681;1.84680814;-1.41606072;-0.08787985;8.59215269;-5.65105792
2046;204.52832820;0.00000000;11.38366465;-3.68013310;1.29677441;1.84392342;-1.42501165;-0.09120222;8.52615225;-5.50910030
2047;204.62829317;0.00000000;11.39772983;-3.77910273;1.30050762;1.84736395;-1.43429485;-0.09452866;8.46131421;-5.37141441
2048;204.72825814;0.00000000;11.41085923;-3.87820128;1.31093527;1.85712731;-1.44391094;-0.09786175;8.39761463;-5.23797898
2049;204.82822311;0.00000000;11.42301852;-3.97742316;1.30150611;1.87314642;-1.45386044;-0.10119933;8.33502866;-5.10841606
2050;204.92818808;0.00000000;11.43417346;-4.07676327;1.28170086;1.86894712;-1.46414394;-0.10454436;8.27353476;-4.98267979
2051;205.02815305;0.00000000;11.44428960;-4.17621425;1.26844036;1.86726488;-1.47476213;-0.10789519;8.21311089;-4.86038528
2052;205.12811802;0.00000000;11.45333254;-4.27576878;1.26189887;1.87200553;-1.48571571;-0.11125518;8.15373865;-4.74162165
2053;205.22808299;0.00000000;11.46126771;-4.37541751;1.26214810;1.88315325;-1.49700553;-0.11462081;8.09539757;-4.62597175
2054;205.32804796;0.00000000;11.46806060;-4.47515081;1.26894570;1.90062695;-1.50863219;-0.11799616;8.03807139;-4.51339097
2055;205.42801293;0.00000000;11.47367664;-4.57495711;1.27456454;1.92428453;-1.52059676;-0.12137983;7.98174352;-4.40342908
2056;205.52797790;0.00000000;11.47808126;-4.67482438;1.26063344;1.92250650;-1.53290013;-0.12477671;7.92640223;-4.29606671
2057;205.62794287;0.00000000;11.48123988;-4.77473859;1.23467945;1.91934705;-1.54554373;-0.12818510;7.87203531;-4.19085765
2058;205.72790784;0.00000000;11.48311796;-4.87468528;1.21514438;1.91746854;-1.55852878;-0.13161009;7.81863556;-4.08844237
2059;205.82787281;0.00000000;11.48368096;-4.97464782;1.20153736;1.92197777;-1.57185673;-0.13503939;7.76618697;-3.98820374
2060;205.92783778;0.00000000;11.48289453;-5.07460905;1.18767146;1.93299476;-1.58552777;-0.13848100;7.71468072;-3.89049313
2061;206.02780275;0.00000000;11.48072441;-5.17454966;1.18074195;1.95044092;-1.59954350;-0.14192708;7.66410286;-3.79463869
2062;206.12776772;0.00000000;11.47713661;-5.27444955;1.17715468;1.97417580;-1.61390394;-0.14538684;7.61444750;-3.70053616
2063;206.22773269;0.00000000;11.47209732;-5.37428656;1.17211631;1.99963600;-1.62861122;-0.14886005;7.56570967;-3.60754688
2064;206.32769766;0.00000000;11.46557296;-5.47403764;1.16559344;2.03094081;-1.64366648;-0.15235566;7.51789240;-3.51590215
2065;206.42766263;0.00000000;11.45753017;-5.57367768;1.15755292;2.04250579;-1.65907233;-0.15586763;7.47099538;-3.42478704
2066;206.52762760;0.00000000;11.44793586;-5.67318035;1.14796197;2.05210284;-1.67483029;-0.15940817;7.42502893;-3.33458301
2067;206.62759257;0.00000000;11.43675721;-5.77251753;1.13678821;2.06328534;-1.69094360;-0.16296832;7.37999808;-3.24442680
2068;206.72755754;0.00000000;11.42396178;-5.87165925;1.12399978;2.07608606;-1.70741394;-0.16656131;7.33591941;-3.15478548
2069;206.82752251;0.00000000;11.40951739;-5.97057443;1.10956536;2.09053760;-1.72424510;-0.17017623;7.29280313;-3.06462103
2070;206.92748748;0.00000000;11.39339248;-6.06922917;1.09345457;2.10667208;-1.74143891;-0.17382957;7.25067362;-2.97426987
2071;207.02745245;0.00000000;11.37555566;-6.16758933;1.07563765;2.12452159;-1.75900000;-0.17751229;7.20955077;-2.88265116
2072;207.12741742;0.00000000;11.35597643;-6.26561675;1.05608643;2.14411754;-1.77693088;-0.18124169;7.16946958;-2.79051826
2073;207.22738239;0.00000000;11.33462424;-6.36327423;1.03477347;2.16549163;-1.79523684;-0.18500015;7.13045482;-2.69652089
2074;207.32734736;0.00000000;11.31146998;-6.46051899;1.01167400;2.18867442;-1.81392015;-0.18880995;7.09255037;-2.60111668
2075;207.42731233;0.00000000;11.28648411;-6.55731082;0.98676429;2.21369723;-1.83298714;-0.19265822;7.05579404;-2.50281401
2076;207.52727730;0.00000000;11.25963928;-6.65360176;0.96002497;2.24058964;-1.85244093;-0.19656968;7.02024516;-2.40232675
2077;207.62724227;0.00000000;11.23090701;-6.74934854;0.93143814;2.26938279;-1.87228905;-0.20052518;6.98595341;-2.29806627
2078;207.72720724;0.00000000;11.20026202;-6.84449778;0.90099312;2.30010525;-1.89253482;-0.20455082;6.95299165;-2.19084123
2079;207.82717221;0.00000000;11.16767701;-6.93900319;0.86868186;2.31287213;-1.91318676;-0.20862396;6.92142168;-2.07858964
2080;207.92713718;0.00000000;11.13312936;-7.03280538;0.83450839;2.32381132;-1.93424840;-0.21277939;6.89133556;-1.96193498
2081;208.02710215;0.00000000;11.09659306;-7.12585494;0.79786794;2.34106637;-1.95573008;-0.21699612;6.86281693;-1.83885411
2082;208.12706712;0.00000000;11.05804865;-7.21808608;0.77038596;2.36453068;-1.97763620;-0.22130671;6.83597939;-1.71005408
2083;208.22703209;0.00000000;11.01747142;-7.30944631;0.75303395;2.38545255;-1.99997848;-0.22568582;6.81092675;-1.57292765
2084;208.32699706;0.00000000;10.97484575;-7.39986297;0.74648516;2.40200363;-2.02276196;-0.23017603;6.78780141;-1.42895664
2085;208.42696203;0.00000000;10.93014847;-7.48928006;0.73185764;2.42480576;-2.04600006;-0.23473232;6.76672422;-1.27526127
2086;208.52692700;0.00000000;10.88336849;-7.57761793;0.69722823;2.44494764;-2.06969651;-0.23940048;6.74785846;-1.10926851
2087;208.62689197;0.00000000;10.83448437;-7.66481733;0.67337462;2.45159639;-2.09386851;-0.24421663;6.73140534;-0.92843678
2088;208.72685694;0.00000000;10.78349020;-7.75079044;0.65067514;2.45971636;-2.11852902;-0.24921253;6.71760340;-0.73861022
2089;208.82682191;0.00000000;10.73036628;-7.83547289;0.63733648;2.47431703;-2.14369463;-0.25423842;6.70660310;-0.53577886
2090;208.92678688;0.00000000;10.67511212;-7.91877090;0.61609283;2.49532226;-2.16936303;-0.25935640;6.69861232;-0.35362558
2091;209.02675184;0.00000000;10.61771443;-8.00061330;0.59975678;2.52260964;-2.19552473;-0.26382545;6.69333300;-0.17305829
2092;209.12671681;0.00000000;10.55818140;-8.08090970;0.59722959;2.55234673;-2.22210768;-0.26805994;6.69074787;-0.17305829
2093;209.22668178;0.00000000;10.49652105;-8.15958540;0.60769342;2.55641991;-2.24894121;-0.26725076;6.68816175;-0.12745381
2094;209.32664675;0.00000000;10.43278019;-8.23658748;0.61647694;2.56703940;-2.27550702;-0.26427703;6.68625648;0.01239841
2095;209.42661172;0.00000000;10.36702944;-8.31187864;0.62318532;2.56191188;-2.30172667;-0.25988480;6.68644184;0.20810378
2096;209.52657669;0.00000000;10.29934242;-8.38543926;0.62731931;2.56302777;-2.32746158;-0.25501724;6.68955236;0.41495382
2097;209.62654166;0.00000000;10.22980382;-8.45724877;0.62891800;2.55376447;-2.35272182;-0.25042280;6.69575032;0.59945910
2098;209.72650663;0.00000000;10.15848756;-8.52729693;0.62802178;2.53568187;-2.37753413;-0.24601735;6.70469404;0.76702064
2099;209.82647160;0.00000000;10.08547222;-8.59556824;0.62467028;2.52387925;-2.40191341;-0.24176813;6.71612035;0.92036755
2100;209.92643657;0.00000000;10.01082604;-8.66205706;0.61890387;2.51545072;-2.42587521;-0.23765243;6.72980547;1.06157007
2101;210.02640154;0.00000000;9.93462383;-8.72675169;0.62615987;2.51253429;-2.44943447;-0.23374305;6.74555567;1.18819659
2102;210.12636651;0.00000000;9.85692800;-8.78965050;0.64668379;2.51434055;-2.47261166;-0.22997619;6.76314109;1.30404801
2103;210.22633148;0.00000000;9.77780970;-8.85074427;0.67902354;2.50308583;-2.49541840;-0.22634976;6.78238864;1.40989967
2104;210.32629645;0.00000000;9.69732597;-8.91003475;0.69685400;2.47443887;-2.51786950;-0.22283987;6.80313727;1.50745336
2105;210.42626142;0.00000000;9.61554503;-8.96751520;0.71808467;2.45171306;-2.53997582;-0.21947483;6.82525178;1.59588478
2106;210.52622639;0.00000000;9.53251879;-9.02319026;0.74566186;2.43505024;-2.56175248;-0.21621849;6.84858576;1.67735724
2107;210.62619136;0.00000000;9.44831273;-9.07705519;0.73570217;2.42177544;-2.58320848;-0.21308156;6.87302560;1.75173490
2108;210.72615633;0.00000000;9.36297391;-9.12911709;0.73578171;2.40988558;-2.60435701;-0.21004255;6.89845672;1.82037682
2109;210.82612130;0.00000000;9.27656550;-9.17937297;0.74725698;2.40419748;-2.62520612;-0.20711440;6.92478541;1.88293796
2110;210.92608627;0.00000000;9.18913008;-9.22783194;0.76964291;2.38438778;-2.64576826;-0.20427562;6.95191403;1.94070913
2111;211.02605124;0.00000000;9.10072861;-9.27449262;0.79228812;2.36547013;-2.66605030;-0.20153455;6.97976465;1.99348616
2112;211.12601621;0.00000000;9.01139945;-9.31936574;0.82303686;2.33967749;-2.68606373;-0.19887565;7.00825742;2.04221561
2113;211.22598118;0.00000000;8.92120164;-9.36245136;0.86254279;2.31986605;-2.70581456;-0.19630559;7.03732706;2.08671609
2114;211.32594615;0.00000000;8.83016963;-9.40376150;0.87863923;2.30616977;-2.72531357;-0.19381124;7.06690662;2.12777580
2115;211.42591112;0.00000000;8.73836060;-9.44329757;0.88339277;2.28170042;-2.74456595;-0.19139639;7.09694126;2.16531056
2116;211.52587609;0.00000000;8.64580542;-9.48107254;0.89743032;2.26008989;-2.76358177;-0.18905179;7.12737579;2.19988410
2117;211.62584106;0.00000000;8.55255958;-9.51708907;0.89620604;2.24205017;-2.78236559;-0.18678069;7.15816375;2.23140389
2118;211.72580603;0.00000000;8.45865057;-9.55136087;0.89777275;2.22860929;-2.80092698;-0.18457451;7.18925815;2.26037954
2119;211.82577100;0.00000000;8.36413227;-9.58389174;0.90856246;2.22135263;-2.81926972;-0.18243233;7.22061980;2.28690745
2120;211.92573597;0.00000000;8.26902915;-9.61469590;0.92729048;2.19929230;-2.83740271;-0.18035111;7.25221150;2.31118875
2121;212.02570094;0.00000000;8.17339349;-9.64377826;0.94547861;2.18337818;-2.85532952;-0.17833400;7.28399941;2.33308768
2122;212.12566591;0.00000000;8.07724706;-9.67115327;0.97195517;2.17372788;-2.87305893;-0.17637431;7.31594843;2.35298856
2123;212.22563088;0.00000000;7.98064055;-9.69682685;0.99748011;2.17041001;-2.89059446;-0.17448293;7.34802928;2.37032004
2124;212.32559585;0.00000000;7.88359312;-9.72081347;1.01431112;2.17343517;-2.90794508;-0.17264609;7.38020544;2.38584891
2125;212.42556082;0.00000000;7.78615403;-9.74311985;0.99850190;2.16372950;-2.92511363;-0.17086775;7.41245134;2.39936186
2126;212.52552579;0.00000000;7.68834016;-9.76376036;0.99084942;2.15321485;-2.94210838;-0.16914117;7.44473903;2.41123602
2127;212.62549076;0.00000000;7.59019925;-9.78274256;0.99156326;2.14899748;-2.95893186;-0.16746761;7.47704604;2.42139524
2128;212.72545573;0.00000000;7.49174630;-9.80008058;1.00064200;2.15109824;-2.97559179;-0.16584225;7.50934930;2.43010560
2129;212.82542070;0.00000000;7.39302743;-9.81578279;1.01637811;2.15948164;-2.99209042;-0.16426659;7.54162965;2.43727048
2130;212.92538567;0.00000000;7.29405601;-9.82986300;1.03048494;2.17014425;-3.00843513;-0.16273659;7.57386698;2.44310842
2131;213.02535064;0.00000000;7.19487658;-9.84233032;1.04297283;2.15767501;-3.02462788;-0.16125157;7.60604441;2.44764238
2132;213.12531561;0.00000000;7.09550112;-9.85319820;1.05385547;2.14680587;-3.04067561;-0.15981002;7.63814562;2.45094310
2133;213.22528058;0.00000000;6.99597256;-9.86247643;1.06314409;2.13752680;-3.05658011;-0.15841019;7.67015551;2.45309318
2134;213.32524555;0.00000000;6.89630178;-9.87017804;1.07085205;2.12982466;-3.07234794;-0.15705160;7.70206026;2.45409899
2135;213.42521052;0.00000000;6.79653000;-9.87631348;1.07699122;2.12368890;-3.08798072;-0.15573146;7.73384640;2.45410582
2136;213.52517549;0.00000000;6.69666725;-9.88089532;1.08157457;2.11910687;-3.10348465;-0.15445070;7.76550252;2.45303343
2137;213.62514046;0.00000000;6.59675303;-9.88393459;1.08461448;2.11606751;-3.11886123;-0.15320547;7.79701636;2.45109112
2138;213.72510543;0.00000000;6.49679675;-9.88544343;1.08612343;2.11455863;-3.13411628;-0.15199788;7.82837855;2.44812457
2139;213.82507040;0.00000000;6.39683610;-9.88543334;1.08611426;2.11456867;3.13393406;-0.15082323;7.85957786;2.44439824
2140;213.92503537;0.00000000;6.29688011;-9.88391607;1.08459901;2.11608590;3.11891372;-0.14968463;7.89060660;2.43969154
2141;214.02500033;0.00000000;6.19696461;-9.88090353;1.08159090;2.11909834;3.10400662;-0.14857664;7.92145440;2.43432019
2142;214.12496530;0.00000000;6.09709848;-9.87640707;1.07710161;2.12359463;3.08920763;-0.14750326;7.95211502;2.42800363
2143;214.22493027;0.00000000;5.99731563;-9.87043896;1.07114473;2.12956249;3.07451539;-0.14645840;7.98257878;2.42110509
2144;214.32489524;0.00000000;5.89762496;-9.86301018;1.06373172;2.13699093;3.05992509;-0.14544682;8.01284065;2.41328941
2145;214.42486021;0.00000000;5.79805843;-9.85413325;1.05487653;2.14586745;3.04543536;-0.14446207;8.04289153;2.40494907
2146;214.52482518;0.00000000;5.69862513;-9.84381886;1.04459059;2.15618144;3.03104171;-0.14350942;8.07272726;2.39571327
2147;214.62479015;0.00000000;5.59935506;-9.83207970;1.03288828;2.16792030;3.01674276;-0.14258137;8.10233919;2.38604858
2148;214.72475512;0.00000000;5.50025764;-9.81892621;1.01978122;2.18107374;3.00253438;-0.14168426;8.13172447;2.37550828
2149;214.82472009;0.00000000;5.40136086;-9.80437115;1.00528437;2.19562924;2.98841504;-0.14081212;8.16087483;2.36446589
2150;214.92468506;0.00000000;5.30267467;-9.78842480;0.98940988;2.18488579;2.97438081;-0.13997011;8.18978666;2.35254877
2151;215.02465003;0.00000000;5.20422503;-9.77109988;0.97217349;2.17861856;2.96043028;-0.13914757;8.21845183;2.34045257
2152;215.12461500;0.00000000;5.10602241;-9.75240657;0.95385417;2.17831871;2.94656009;-0.13835340;8.24687074;2.32754540
2153;215.22457997;0.00000000;5.00809066;-9.73235748;0.94441998;2.18398090;2.93276852;-0.13758307;8.27503614;2.31411346
2154;215.32454494;0.00000000;4.91044147;-9.71096287;0.94414620;2.19555058;2.91905208;-0.13684347;8.30294428;2.29965795
