id; s_m; d_m; x_m; y_m; d_right; d_left; psi_rad; kappa_radpm; vx_mps; ax_mps2
0;0.00000000;0.00000000;30.39317741;-22.40433408;1.71645889;1.48411528;-0.04668020;-0.06238838;0.00000000;0.00000000
1;0.10000000;0.00000000;30.49303617;-22.40899890;1.71179408;1.48877534;-0.05291904;-0.00190175;0.00000000;0.00000000
2;0.20000000;0.00000000;30.59282900;-22.41490933;1.70588368;1.49467877;-0.04706055;0.05885882;0.00000000;0.00000000
3;0.30000000;0.00000000;30.69273545;-22.41840380;1.70238922;1.49817033;-0.04114727;0.05867157;0.00000000;0.00000000
4;0.40000000;0.00000000;30.79259118;-22.42313364;1.69765942;1.50289542;-0.03532624;0.10656717;0.00000000;0.00000000
5;0.50000000;0.00000000;30.89253148;-22.42546478;1.69532829;1.50522502;-0.01983384;0.11720355;0.00000000;0.00000000
6;0.60000000;0.00000000;30.99248583;-22.42709884;1.69369423;1.50685818;-0.01188553;0.04078299;0.00000000;0.00000000
7;0.70000000;0.00000000;31.09245078;-22.42784104;1.69295203;1.50760010;-0.01167724;0.00594850;0.00000000;0.00000000
8;0.80000000;0.00000000;31.19240579;-22.42943346;1.69135962;1.50919165;-0.01069582;0.06242255;0.00000000;0.00000000
9;0.90000000;0.00000000;31.29237198;-22.42997944;1.69081363;1.50973746;0.00080727;0.07611946;0.00000000;0.00000000
10;1.00000000;0.00000000;31.39233713;-22.42927206;1.69152101;1.50903033;0.00452807;0.08287183;0.00000000;0.00000000
11;1.10000000;0.00000000;31.49230466;-22.42907413;1.69171894;1.50883253;0.01738163;0.17488510;0.00000000;0.00000000
12;1.20000000;0.00000000;31.59221812;-22.42579745;1.69499564;1.50555565;0.03950509;0.18134996;0.00000000;0.00000000
13;1.30000000;0.00000000;31.69207896;-22.42117792;1.69961522;1.50093498;0.05365163;0.09821906;0.00000000;0.00000000
14;1.40000000;0.00000000;31.79186015;-22.41507604;1.70571718;1.49483035;0.05914890;0.05524703;0.00000000;0.00000000
15;1.50000000;0.00000000;31.89166425;-22.40935888;1.71143444;1.48911092;0.06470103;0.10679945;0.00000000;0.00000000
16;1.60000000;0.00000000;31.99137127;-22.40214942;1.71268956;1.48189711;0.08050879;0.16565670;0.00000000;0.00000000
17;1.70000000;0.00000000;32.09094406;-22.39328035;1.69131391;1.47302068;0.09783237;0.17482477;0.00000000;0.00000000
18;1.80000000;0.00000000;32.19034081;-22.38262142;1.67742503;1.46842485;0.11547374;0.13956749;0.00000000;0.00000000
19;1.90000000;0.00000000;32.28953827;-22.37024546;1.66991080;1.46889902;0.12574587;0.09688761;0.00000000;0.00000000
20;2.00000000;0.00000000;32.38869616;-22.35754675;1.64773148;1.47583520;0.13485126;0.13143598;0.00000000;0.00000000
21;2.10000000;0.00000000;32.48765109;-22.34336657;1.63287045;1.48798771;0.15203307;0.18064629;0.00000000;0.00000000
22;2.20000000;0.00000000;32.58631072;-22.32726917;1.62597555;1.50479197;0.17098052;0.19262579;0.00000000;0.00000000
23;2.30000000;0.00000000;32.68465607;-22.30935043;1.62705891;1.51077829;0.19055823;0.17053752;0.00000000;0.00000000
24;2.40000000;0.00000000;32.78260789;-22.28940368;1.63632003;1.50592331;0.20508803;0.12854095;0.00000000;0.00000000
25;2.50000000;0.00000000;32.88039426;-22.26863441;1.64638286;1.50685705;0.21626641;0.14548414;0.00000000;0.00000000
26;2.60000000;0.00000000;32.97787492;-22.24650305;1.64120664;1.51301426;0.23418485;0.19569799;0.00000000;0.00000000
27;2.70000000;0.00000000;33.07484764;-22.22224522;1.64429388;1.50524055;0.25540601;0.19168863;0.00000000;0.00000000
28;2.80000000;0.00000000;33.17130291;-22.19599737;1.65164701;1.48913068;0.27252258;0.14660575;0.00000000;0.00000000
29;2.90000000;0.00000000;33.26739464;-22.16843299;1.66448215;1.47825070;0.28472716;0.13513860;0.00000000;0.00000000
30;3.00000000;0.00000000;33.36318148;-22.13983847;1.65401767;1.47301097;0.29955030;0.17616715;0.00000000;0.00000000
31;3.10000000;0.00000000;33.45840916;-22.10943938;1.64263648;1.47265721;0.31996059;0.20305619;0.00000000;0.00000000
32;3.20000000;0.00000000;33.55295035;-22.07695938;1.63948133;1.47689208;0.34016154;0.20620102;0.00000000;0.00000000
33;3.30000000;0.00000000;33.64687500;-22.04273780;1.64425881;1.48601555;0.36120080;0.21268872;0.00000000;0.00000000
34;3.40000000;0.00000000;33.73996844;-22.00630873;1.65634457;1.49943186;0.38269928;0.21812575;0.00000000;0.00000000
35;3.50000000;0.00000000;33.83233804;-21.96808040;1.64390026;1.51481229;0.40482595;0.21962493;0.00000000;0.00000000
36;3.60000000;0.00000000;33.92372706;-21.92756936;1.63995934;1.50636353;0.42662427;0.21480115;0.00000000;0.00000000
37;3.70000000;0.00000000;34.01434045;-21.88535274;1.64298831;1.50265023;0.44778618;0.21463763;0.00000000;0.00000000
38;3.80000000;0.00000000;34.10392923;-21.84101329;1.64419546;1.50322541;0.46955180;0.19265282;0.00000000;0.00000000
39;3.90000000;0.00000000;34.19261797;-21.79489434;1.65344508;1.50844546;0.48631674;0.15227194;0.00000000;0.00000000
40;4.00000000;0.00000000;34.28067457;-21.74757399;1.66997639;1.51011831;0.50000618;0.14391534;0.00000000;0.00000000
41;4.10000000;0.00000000;34.36806786;-21.69904421;1.66163766;1.49654062;0.51509981;0.15743037;0.00000000;0.00000000
42;4.20000000;0.00000000;34.45465434;-21.64908867;1.64257969;1.48652744;0.53149226;0.16635112;0.00000000;0.00000000
43;4.30000000;0.00000000;34.54041073;-21.59771982;1.63107407;1.48156002;0.54837003;0.18848025;0.00000000;0.00000000
44;4.40000000;0.00000000;34.62526203;-21.54487044;1.62738050;1.48159438;0.56918831;0.21006402;0.00000000;0.00000000
45;4.50000000;0.00000000;34.70880856;-21.48997485;1.63224292;1.48594110;0.59038284;0.21093578;0.00000000;0.00000000
46;4.60000000;0.00000000;34.79134708;-21.43357515;1.64497460;1.49445823;0.61137546;0.20636821;0.00000000;0.00000000
47;4.70000000;0.00000000;34.87251238;-21.37522368;1.66594962;1.48270699;0.63165648;0.19618740;0.00000000;0.00000000
48;4.80000000;0.00000000;34.95269374;-21.31552508;1.69120834;1.47597232;0.65061294;0.19430487;0.00000000;0.00000000
49;4.90000000;0.00000000;35.03158542;-21.25414174;1.71643831;1.47387147;0.67051746;0.18215647;0.00000000;0.00000000
50;5.00000000;0.00000000;35.10932695;-21.19129979;1.70713071;1.47668860;0.68704424;0.16047740;0.00000000;0.00000000
51;5.10000000;0.00000000;35.18615112;-21.12733928;1.69802765;1.48480339;0.70261294;0.17533811;0.00000000;0.00000000
52;5.20000000;0.00000000;35.26189639;-21.06210934;1.69058776;1.49223015;0.72211186;0.18901709;0.00000000;0.00000000
53;5.30000000;0.00000000;35.33617018;-20.99520080;1.68537803;1.49743361;0.74041635;0.16442844;0.00000000;0.00000000
54;5.40000000;0.00000000;35.40948181;-20.92723791;1.68159530;1.50121312;0.75499755;0.16502532;0.00000000;0.00000000
55;5.50000000;0.00000000;35.48177335;-20.85819186;1.68451649;1.50350684;0.77342142;0.20226738;0.00000000;0.00000000
56;5.60000000;0.00000000;35.55252749;-20.78757828;1.69552132;1.50360613;0.79545102;0.20434448;0.00000000;0.00000000
57;5.70000000;0.00000000;35.62170314;-20.71542002;1.70807160;1.50149704;0.81429031;0.17218130;0.00000000;0.00000000
58;5.80000000;0.00000000;35.68974947;-20.64218877;1.69681511;1.49783018;0.82988728;0.16896265;0.00000000;0.00000000
59;5.90000000;0.00000000;35.75664102;-20.56790789;1.68713224;1.49260326;0.84808285;0.18866453;0.00000000;0.00000000
60;6.00000000;0.00000000;35.82197625;-20.49225143;1.66896722;1.49095886;0.86762019;0.17239063;0.00000000;0.00000000
61;6.10000000;0.00000000;35.88591910;-20.41540920;1.65846714;1.49418369;0.88256097;0.13307758;0.00000000;0.00000000
62;6.20000000;0.00000000;35.94896775;-20.33783075;1.65511160;1.50291165;0.89423571;0.13665392;0.00000000;0.00000000
63;6.30000000;0.00000000;36.01109919;-20.25951648;1.65896203;1.51702916;0.90989176;0.15835820;0.00000000;0.00000000
64;6.40000000;0.00000000;36.07168485;-20.18000649;1.65291515;1.51262863;0.92590735;0.14765171;0.00000000;0.00000000
65;6.50000000;0.00000000;36.13127585;-20.09974337;1.63227768;1.50529897;0.93942210;0.14305951;0.00000000;0.00000000
66;6.60000000;0.00000000;36.18968981;-20.01862593;1.61901191;1.50313579;0.95451925;0.13806839;0.00000000;0.00000000
67;6.70000000;0.00000000;36.24683093;-19.93659993;1.61341054;1.50605239;0.96703578;0.13365469;0.00000000;0.00000000
68;6.80000000;0.00000000;36.30319839;-19.85404243;1.61493103;1.51463988;0.98125019;0.15925403;0.00000000;0.00000000
69;6.90000000;0.00000000;36.35798534;-19.77042462;1.62451087;1.52785163;0.99888658;0.14658171;0.00000000;0.00000000
70;7.00000000;0.00000000;36.41140751;-19.68592872;1.64173101;1.52944034;1.01056653;0.11385492;0.00000000;0.00000000
71;7.10000000;0.00000000;36.46422610;-19.60105448;1.66127387;1.53514739;1.02165757;0.11955963;0.00000000;0.00000000
72;7.20000000;0.00000000;36.51575851;-19.51539849;1.64753713;1.54581581;1.03447845;0.11457847;0.00000000;0.00000000
73;7.30000000;0.00000000;36.56638372;-19.42919793;1.64031681;1.56178150;1.04457326;0.10894323;0.00000000;0.00000000
74;7.40000000;0.00000000;36.61617682;-19.34251821;1.63055532;1.57206360;1.05626710;0.10419740;0.00000000;0.00000000
75;7.50000000;0.00000000;36.66477256;-19.25515704;1.62656507;1.56891413;1.06541274;0.11854006;0.00000000;0.00000000
76;7.60000000;0.00000000;36.71297330;-19.16757854;1.62916256;1.57081298;1.07997511;0.14115282;0.00000000;0.00000000
77;7.70000000;0.00000000;36.75900450;-19.07883916;1.62954885;1.56564194;1.09364331;0.12099947;0.00000000;0.00000000
78;7.80000000;0.00000000;36.80479397;-18.98997486;1.61099632;1.56657309;1.10417501;0.11624193;0.00000000;0.00000000
79;7.90000000;0.00000000;36.84894348;-18.90029055;1.58523448;1.57204054;1.11689169;0.08457947;0.00000000;0.00000000
80;8.00000000;0.00000000;36.89245834;-18.81029056;1.56614156;1.58311029;1.12109090;0.04373287;0.00000000;0.00000000
81;8.10000000;0.00000000;36.93585544;-18.72023371;1.55339045;1.60023190;1.12563827;0.08012089;0.00000000;0.00000000
82;8.20000000;0.00000000;36.97854770;-18.62984648;1.54778551;1.60574763;1.13711508;0.09626185;0.00000000;0.00000000
83;8.30000000;0.00000000;37.01986649;-18.53881733;1.55014075;1.59843014;1.14489064;0.07234971;0.00000000;0.00000000
84;8.40000000;0.00000000;37.06115004;-18.44777258;1.55147704;1.59730911;1.15158502;0.07569929;0.00000000;0.00000000
85;8.50000000;0.00000000;37.10124639;-18.35619840;1.55018237;1.60013419;1.16003049;0.08981145;0.00000000;0.00000000
86;8.60000000;0.00000000;37.14098642;-18.26446909;1.55571254;1.59827822;1.16954731;0.08883461;0.00000000;0.00000000
87;8.70000000;0.00000000;37.17933150;-18.17215100;1.56402273;1.60115699;1.17779742;0.03554892;0.00000000;0.00000000
88;8.80000000;0.00000000;37.21755261;-18.07977858;1.57209926;1.61011446;1.17665709;-0.01772873;0.00000000;0.00000000
89;8.90000000;0.00000000;37.25610916;-17.98754575;1.55533412;1.61596645;1.17425167;-0.00456085;0.00000000;0.00000000
90;9.00000000;0.00000000;37.29477426;-17.89535818;1.53416252;1.60713594;1.17574492;0.03439405;0.00000000;0.00000000
91;9.10000000;0.00000000;37.33305487;-17.80301135;1.51970027;1.60032108;1.18113048;0.04463666;0.00000000;0.00000000
92;9.20000000;0.00000000;37.37072480;-17.71041262;1.51238404;1.59907578;1.18467226;0.03551033;0.00000000;0.00000000
93;9.30000000;0.00000000;37.40835059;-17.61779627;1.51170527;1.59406858;1.18823255;0.02694973;0.00000000;0.00000000
94;9.40000000;0.00000000;37.44536022;-17.52493167;1.51828677;1.58726284;1.19006220;0.02982452;0.00000000;0.00000000
95;9.50000000;0.00000000;37.48264695;-17.43217798;1.53108514;1.58703687;1.19419745;0.03958418;0.00000000;0.00000000
96;9.60000000;0.00000000;37.51888716;-17.33901078;1.55133285;1.59197521;1.19797904;0.02734416;0.00000000;0.00000000
97;9.70000000;0.00000000;37.55547127;-17.24597787;1.56734721;1.60350948;1.19966628;0.01954966;0.00000000;0.00000000
98;9.80000000;0.00000000;37.59139670;-17.15268939;1.55319000;1.59219679;1.20188897;-0.01126043;0.00000000;0.00000000
99;9.90000000;0.00000000;37.62756675;-17.05949511;1.54512089;1.58264186;1.19741420;-0.04368541;0.00000000;0.00000000
100;10.00000000;0.00000000;37.66432572;-16.96653162;1.54286512;1.56669315;1.19315189;-0.03620780;0.00000000;0.00000000
101;10.10000000;0.00000000;37.70128907;-16.87364860;1.54686012;1.55723120;1.19017264;-0.04733382;0.00000000;0.00000000
102;10.20000000;0.00000000;37.73860108;-16.78090638;1.55690266;1.55453098;1.18368512;-0.05762219;0.00000000;0.00000000
103;10.30000000;0.00000000;37.77676601;-16.68851182;1.56287146;1.55917100;1.17864820;0.01418822;0.00000000;0.00000000
104;10.40000000;0.00000000;37.81500913;-16.59615319;1.56690924;1.57025932;1.18652277;0.08624594;0.00000000;0.00000000
105;10.50000000;0.00000000;37.85171465;-16.50316812;1.57248769;1.58594935;1.19589739;0.02291383;0.00000000;0.00000000
106;10.60000000;0.00000000;37.88822080;-16.41010533;1.57464775;1.60750615;1.19110553;-0.08416125;0.00000000;0.00000000
107;10.70000000;0.00000000;37.92581571;-16.31747642;1.56907118;1.60598144;1.17906514;-0.08223542;0.00000000;0.00000000
108;10.80000000;0.00000000;37.96455240;-16.22531885;1.56704593;1.59273227;1.17465845;-0.00518842;0.00000000;0.00000000
109;10.90000000;0.00000000;38.00296232;-16.13302465;1.56743333;1.58297262;1.17802745;0.03229835;0.00000000;0.00000000
110;11.00000000;0.00000000;38.04107715;-16.04060823;1.56667812;1.57917282;1.18111812;0.02985622;0.00000000;0.00000000
111;11.10000000;0.00000000;38.07891581;-15.94807842;1.56865366;1.58139668;1.18399870;0.02773989;0.00000000;0.00000000
112;11.20000000;0.00000000;38.11649759;-15.85544397;1.57725216;1.57770727;1.18666610;0.00514238;0.00000000;0.00000000
113;11.30000000;0.00000000;38.15384208;-15.76271361;1.59234515;1.57451277;1.18502717;-0.01480081;0.00000000;0.00000000
114;11.40000000;0.00000000;38.19172660;-15.67020455;1.60670598;1.57824116;1.18370594;0.01405565;0.00000000;0.00000000
115;11.50000000;0.00000000;38.22931434;-15.57757728;1.60525264;1.58106160;1.18783830;0.00301366;0.00000000;0.00000000
116;11.60000000;0.00000000;38.26643298;-15.48475840;1.59302117;1.57907363;1.18430867;-0.06925884;0.00000000;0.00000000
117;11.70000000;0.00000000;38.30467464;-15.39239636;1.58579277;1.57542784;1.17398653;-0.06595516;0.00000000;0.00000000
118;11.80000000;0.00000000;38.34370217;-15.30036167;1.58399817;1.57028226;1.17111764;-0.00117767;0.00000000;0.00000000
119;11.90000000;0.00000000;38.38247389;-15.20821888;1.58878207;1.55972776;1.17375100;0.02503408;0.00000000;0.00000000
120;12.00000000;0.00000000;38.42101618;-15.11597986;1.60005681;1.55529039;1.17612445;0.02241914;0.00000000;0.00000000
121;12.10000000;0.00000000;38.45935008;-15.02365402;1.60835351;1.55704548;1.17823483;0.01930868;0.00000000;0.00000000
122;12.20000000;0.00000000;38.49750272;-14.93125314;1.60820661;1.56500158;1.17998619;-0.01411734;0.00000000;0.00000000
123;12.30000000;0.00000000;38.53551299;-14.83879361;1.59134400;1.57910651;1.17541136;-0.05110894;0.00000000;0.00000000
124;12.40000000;0.00000000;38.57450891;-14.74674698;1.57498075;1.57876153;1.16976440;-0.02393043;0.00000000;0.00000000
125;12.50000000;0.00000000;38.61356093;-14.65472268;1.56478457;1.56198736;1.17062527;0.01510449;0.00000000;0.00000000
126;12.60000000;0.00000000;38.65239884;-14.56260780;1.56116945;1.54892212;1.17278530;0.01993625;0.00000000;0.00000000
127;12.70000000;0.00000000;38.69105296;-14.47041562;1.56414799;1.54204004;1.17461252;0.01659310;0.00000000;0.00000000
128;12.80000000;0.00000000;38.72955399;-14.37815939;1.56805610;1.54145738;1.17610392;0.00231861;0.00000000;0.00000000
129;12.90000000;0.00000000;38.76793296;-14.28585229;1.56640249;1.54191738;1.17507624;-0.03702566;0.00000000;0.00000000
130;13.00000000;0.00000000;38.80662277;-14.19367723;1.57078399;1.54252701;1.16869878;-0.04973071;0.00000000;0.00000000
131;13.10000000;0.00000000;38.84617593;-14.10186717;1.58055614;1.54881914;1.16513010;-0.00240761;0.00000000;0.00000000
132;13.20000000;0.00000000;38.88552341;-14.00996881;1.58877320;1.55706176;1.16821726;0.07410780;0.00000000;0.00000000
133;13.30000000;0.00000000;38.92450874;-13.91791681;1.59952717;1.57124517;1.17995166;0.07892253;0.00000000;0.00000000
134;13.40000000;0.00000000;38.96168886;-13.82512033;1.58416504;1.57039912;1.18400177;-0.00011639;0.00000000;0.00000000
135;13.50000000;0.00000000;38.99992739;-13.73275529;1.57386992;1.55506628;1.17992839;-0.03221053;0.00000000;0.00000000
136;13.60000000;0.00000000;39.03786222;-13.64026489;1.57021425;1.53991145;1.17755966;-0.02816662;0.00000000;0.00000000
137;13.70000000;0.00000000;39.07653763;-13.54808265;1.57211546;1.53194792;1.17429506;-0.02396265;0.00000000;0.00000000
138;13.80000000;0.00000000;39.11507547;-13.45584208;1.58049910;1.53033688;1.17276713;-0.02010594;0.00000000;0.00000000
139;13.90000000;0.00000000;39.15403233;-13.36377862;1.59466784;1.53570062;1.17027387;0.01908515;0.00000000;0.00000000
140;14.00000000;0.00000000;39.19302957;-13.27173153;1.60138064;1.54756003;1.17658416;0.08645657;0.00000000;0.00000000
141;14.10000000;0.00000000;39.23081947;-13.17918855;1.58657752;1.56444662;1.18756519;0.06680468;0.00000000;0.00000000
142;14.20000000;0.00000000;39.26778575;-13.08630786;1.56929703;1.58319713;1.18994510;0.01777454;0.00000000;0.00000000
143;14.30000000;0.00000000;39.30513691;-12.99358059;1.55783753;1.58178190;1.19112010;0.03538222;0.00000000;0.00000000
144;14.40000000;0.00000000;39.34188502;-12.90061279;1.55339167;1.57878832;1.19702154;0.02537220;0.00000000;0.00000000
145;14.50000000;0.00000000;39.37813920;-12.80745103;1.55590135;1.57814442;1.19619454;-0.04032368;0.00000000;0.00000000
146;14.60000000;0.00000000;39.41504116;-12.71454380;1.56411531;1.58451567;1.18895681;-0.03460394;0.00000000;0.00000000
147;14.70000000;0.00000000;39.45264018;-12.62191625;1.57024191;1.58077401;1.18927375;0.03961478;0.00000000;0.00000000
148;14.80000000;0.00000000;39.48948330;-12.52898550;1.57356547;1.57648453;1.19687976;0.07209457;0.00000000;0.00000000
149;14.90000000;0.00000000;39.52566889;-12.43579696;1.58390700;1.57183787;1.20369266;0.06943289;0.00000000;0.00000000
150;15.00000000;0.00000000;39.56124227;-12.34237310;1.56861525;1.55771674;1.21076634;0.07639016;0.00000000;0.00000000
151;15.10000000;0.00000000;39.59610577;-12.24868233;1.55777419;1.54666341;1.21897069;0.06037358;0.00000000;0.00000000
152;15.20000000;0.00000000;39.63014124;-12.15468800;1.55418609;1.54114314;1.22284106;0.02603580;0.00000000;0.00000000
153;15.30000000;0.00000000;39.66427853;-12.06073001;1.55248026;1.54220510;1.22417785;0.01988263;0.00000000;0.00000000
154;15.40000000;0.00000000;39.69806246;-11.96664533;1.55606358;1.54935494;1.22681758;0.02248257;0.00000000;0.00000000
155;15.50000000;0.00000000;39.73170325;-11.87250838;1.56618416;1.55195155;1.22867437;0.02478536;0.00000000;0.00000000
156;15.60000000;0.00000000;39.76513750;-11.77829904;1.58278153;1.53919381;1.23177466;0.02703068;0.00000000;0.00000000
157;15.70000000;0.00000000;39.79819397;-11.68395524;1.60583109;1.52906391;1.23408050;0.04101910;0.00000000;0.00000000
158;15.80000000;0.00000000;39.83119341;-11.58959267;1.60681387;1.52537180;1.23997847;0.07871877;0.00000000;0.00000000
159;15.90000000;0.00000000;39.86313432;-11.49486674;1.59736788;1.52710648;1.24982426;0.06876697;0.00000000;0.00000000
160;16.00000000;0.00000000;39.89426976;-11.39987143;1.59499610;1.53451782;1.25373187;0.03974029;0.00000000;0.00000000
161;16.10000000;0.00000000;39.92546952;-11.30489838;1.59881540;1.54685158;1.25777232;0.00225085;0.00000000;0.00000000
162;16.20000000;0.00000000;39.95583576;-11.20965627;1.60971680;1.54033603;1.25418204;-0.02168110;0.00000000;0.00000000
163;16.30000000;0.00000000;39.98771683;-11.11490919;1.62513595;1.53183826;1.25343610;0.02921900;0.00000000;0.00000000
164;16.40000000;0.00000000;40.01822572;-11.01971068;1.61724913;1.52839491;1.26002584;0.06719516;0.00000000;0.00000000
165;16.50000000;0.00000000;40.04885555;-10.92455102;1.61204586;1.52680193;1.26687513;0.07018363;0.00000000;0.00000000
166;16.60000000;0.00000000;40.07805740;-10.82894396;1.60933651;1.51884807;1.27406257;0.06813885;0.00000000;0.00000000
167;16.70000000;0.00000000;40.10731620;-10.73335385;1.61219268;1.50948871;1.28050290;0.10574543;0.00000000;0.00000000
168;16.80000000;0.00000000;40.13528390;-10.63737950;1.62255566;1.50537123;1.29521165;0.11970108;0.00000000;0.00000000
169;16.90000000;0.00000000;40.16171790;-10.54097208;1.63676307;1.50629274;1.30444312;0.08379415;0.00000000;0.00000000
170;17.00000000;0.00000000;40.18790935;-10.44449640;1.62118096;1.51357907;1.31197048;0.04856945;0.00000000;0.00000000
171;17.10000000;0.00000000;40.21288885;-10.34770253;1.61291141;1.52482350;1.31415701;0.01053052;0.00000000;0.00000000
172;17.20000000;0.00000000;40.23865743;-10.25111604;1.60999909;1.52014458;1.31407659;0.03577780;0.00000000;0.00000000
173;17.30000000;0.00000000;40.26365222;-10.15432727;1.61408548;1.52123208;1.32131257;0.08157816;0.00000000;0.00000000
174;17.40000000;0.00000000;40.28802107;-10.05737519;1.62496660;1.50641736;1.33039222;0.09568057;0.00000000;0.00000000
175;17.50000000;0.00000000;40.31125414;-9.96014869;1.64198549;1.49442858;1.34044868;0.10553404;0.00000000;0.00000000
176;17.60000000;0.00000000;40.33366822;-9.86272620;1.66100709;1.48822684;1.35149903;0.11897520;0.00000000;0.00000000
177;17.70000000;0.00000000;40.35474652;-9.76501207;1.66368104;1.48736042;1.36424372;0.12652919;0.00000000;0.00000000
178;17.80000000;0.00000000;40.37467039;-9.66705011;1.66396720;1.49202461;1.37680486;0.10445755;0.00000000;0.00000000
179;17.90000000;0.00000000;40.39328746;-9.56883716;1.67157089;1.50201811;1.38513523;0.06202838;0.00000000;0.00000000
180;18.00000000;0.00000000;40.41157620;-9.47055889;1.68541122;1.49167645;1.38921054;0.06711741;0.00000000;0.00000000
181;18.10000000;0.00000000;40.42939200;-9.37219823;1.67875233;1.48274875;1.39855871;0.09349105;0.00000000;0.00000000
182;18.20000000;0.00000000;40.44584058;-9.27359327;1.67843724;1.47914269;1.40790875;0.07209317;0.00000000;0.00000000
183;18.30000000;0.00000000;40.46181499;-9.17491044;1.68277903;1.48180559;1.41297735;0.05318087;0.00000000;0.00000000
184;18.40000000;0.00000000;40.47726315;-9.07614393;1.68975955;1.49065183;1.41854492;0.06032868;0.00000000;0.00000000
185;18.50000000;0.00000000;40.49213772;-8.97728947;1.70183839;1.48750548;1.42504308;0.07254901;0.00000000;0.00000000
186;18.60000000;0.00000000;40.50630093;-8.87833108;1.68770479;1.47039899;1.43305473;0.08505889;0.00000000;0.00000000
187;18.70000000;0.00000000;40.51958962;-8.77925153;1.67481423;1.45907187;1.44205486;0.09383130;0.00000000;0.00000000
188;18.80000000;0.00000000;40.53196933;-8.68005437;1.66874229;1.45362642;1.45182099;0.10458001;0.00000000;0.00000000
189;18.90000000;0.00000000;40.54332028;-8.58073488;1.66968324;1.45400977;1.46297086;0.09676030;0.00000000;0.00000000
190;19.00000000;0.00000000;40.55348496;-8.48128702;1.67778134;1.46006077;1.47117304;0.06970639;0.00000000;0.00000000
191;19.10000000;0.00000000;40.56320529;-8.38179361;1.69219817;1.46978425;1.47691214;0.10333180;0.00000000;0.00000000
192;19.20000000;0.00000000;40.57222704;-8.28224419;1.71301855;1.47880885;1.49183941;0.16459283;0.00000000;0.00000000
193;19.30000000;0.00000000;40.57897320;-8.18250613;1.71449609;1.48555655;1.50983071;0.14254253;0.00000000;0.00000000
194;19.40000000;0.00000000;40.58440815;-8.08268875;1.70906164;1.49099249;1.52034791;0.08344284;0.00000000;0.00000000
195;19.50000000;0.00000000;40.58905514;-7.98282917;1.70441502;1.49564016;1.52651928;0.06655931;0.00000000;0.00000000
196;19.60000000;0.00000000;40.59325764;-7.88295302;1.70021284;1.49984324;1.53365977;0.07560848;0.00000000;0.00000000
197;19.70000000;0.00000000;40.59647814;-7.78303719;1.69699253;1.50306402;1.54164097;0.10231030;0.00000000;0.00000000
198;19.80000000;0.00000000;40.59908587;-7.68310733;1.69438494;1.50567195;1.55412183;0.15895421;0.00000000;0.00000000
199;19.90000000;0.00000000;40.59981152;-7.58314692;1.69365931;1.50639761;1.57343181;0.19413743;0.00000000;0.00000000
200;20.00000000;0.00000000;40.59855899;-7.48319148;1.69491186;1.50514521;1.59294932;0.19440063;0.00000000;0.00000000
201;20.10000000;0.00000000;40.59538311;-7.38327839;1.69808791;1.50196984;1.61231194;0.19676925;0.00000000;0.00000000
202;20.20000000;0.00000000;40.59026170;-7.28344686;1.70320975;1.49684967;1.63230317;0.18719521;0.00000000;0.00000000
203;20.30000000;0.00000000;40.58309471;-7.18374133;1.71037763;1.48968504;1.64975098;0.14863448;0.00000000;0.00000000
204;20.40000000;0.00000000;40.57449308;-7.08414454;1.71898059;1.48108682;1.66203006;0.12822541;0.00000000;0.00000000
205;20.50000000;0.00000000;40.56487991;-6.98464576;1.72396417;1.47147811;1.67539606;0.13316920;0.00000000;0.00000000
206;20.60000000;0.00000000;40.55361932;-6.88531449;1.70481150;1.46022384;1.68866390;0.14638279;0.00000000;0.00000000
207;20.70000000;0.00000000;40.54136949;-6.78610561;1.69235235;1.45042522;1.70467262;0.18861980;0.00000000;0.00000000
208;20.80000000;0.00000000;40.52693554;-6.68718996;1.68794187;1.44527616;1.72638786;0.21350004;0.00000000;0.00000000
209;20.90000000;0.00000000;40.51038993;-6.58860669;1.69157929;1.44489501;1.74737263;0.17990256;0.00000000;0.00000000
210;21.00000000;0.00000000;40.49181777;-6.49037973;1.70313287;1.44936583;1.76236838;0.14502119;0.00000000;0.00000000
211;21.10000000;0.00000000;40.47232283;-6.39233444;1.71405803;1.45974935;1.77637687;0.13681053;0.00000000;0.00000000
212;21.20000000;0.00000000;40.45100629;-6.29466612;1.69071554;1.46795285;1.78973048;0.14490835;0.00000000;0.00000000
213;21.30000000;0.00000000;40.42889975;-6.19717502;1.67383164;1.45730161;1.80535854;0.18717905;0.00000000;0.00000000
214;21.40000000;0.00000000;40.40454140;-6.10022052;1.66510569;1.45114913;1.82716629;0.21006181;0.00000000;0.00000000
215;21.50000000;0.00000000;40.37820465;-6.00378440;1.66440136;1.44982588;1.84737090;0.21090121;0.00000000;0.00000000
216;21.60000000;0.00000000;40.34994966;-5.90789402;1.67167842;1.45339623;1.86934653;0.18826412;0.00000000;0.00000000
217;21.70000000;0.00000000;40.31940249;-5.81271225;1.68722824;1.46142033;1.88502372;0.14355450;0.00000000;0.00000000
218;21.80000000;0.00000000;40.28815504;-5.71775380;1.70920870;1.47546282;1.89805744;0.17117963;0.00000000;0.00000000
219;21.90000000;0.00000000;40.25513828;-5.62340335;1.72463862;1.49424507;1.91925965;0.21737747;0.00000000;0.00000000
220;22.00000000;0.00000000;40.21989634;-5.52986240;1.69595692;1.49138688;1.94153293;0.21559935;0.00000000;0.00000000
221;22.10000000;0.00000000;40.18271002;-5.43707394;1.66527554;1.48194404;1.96237952;0.21175845;0.00000000;0.00000000
222;22.20000000;0.00000000;40.14359995;-5.34508368;1.64215789;1.47712872;1.98388462;0.21092240;0.00000000;0.00000000
223;22.30000000;0.00000000;40.10245814;-5.25397915;1.62706752;1.47685436;2.00456400;0.20961253;0.00000000;0.00000000
224;22.40000000;0.00000000;40.05957659;-5.16368182;1.61993909;1.48142156;2.02580713;0.19223172;0.00000000;0.00000000
225;22.50000000;0.00000000;40.01460068;-5.07440340;1.62129106;1.49037681;2.04301034;0.15705777;0.00000000;0.00000000
226;22.60000000;0.00000000;39.96863570;-4.98562970;1.62989261;1.50483767;2.05721868;0.17033284;0.00000000;0.00000000
227;22.70000000;0.00000000;39.92114146;-4.89766556;1.64623752;1.52057514;2.07707691;0.19794876;0.00000000;0.00000000
228;22.80000000;0.00000000;39.87169028;-4.81079124;1.67058343;1.50724935;2.09680843;0.19126172;0.00000000;0.00000000
229;22.90000000;0.00000000;39.82076394;-4.72477154;1.68221167;1.49877582;2.11532925;0.19838250;0.00000000;0.00000000
230;23.00000000;0.00000000;39.76813124;-4.63979116;1.66168822;1.49494660;2.13648493;0.21044487;0.00000000;0.00000000
231;23.10000000;0.00000000;39.71361458;-4.55600650;1.64824818;1.49556505;2.15741823;0.18411056;0.00000000;0.00000000
232;23.20000000;0.00000000;39.65746806;-4.47329878;1.64275086;1.50090276;2.17330704;0.11635241;0.00000000;0.00000000
233;23.30000000;0.00000000;39.60031228;-4.39128198;1.64454943;1.51163189;2.18068871;0.10207335;0.00000000;0.00000000
234;23.40000000;0.00000000;39.54294928;-4.30940991;1.65265626;1.52858863;2.19372171;0.15567996;0.00000000;0.00000000
235;23.50000000;0.00000000;39.48367585;-4.22891137;1.63902049;1.54355946;2.21182470;0.16757812;0.00000000;0.00000000
236;23.60000000;0.00000000;39.42338783;-4.14917069;1.62526991;1.55728378;2.22723734;0.16034408;0.00000000;0.00000000
237;23.70000000;0.00000000;39.36166502;-4.07054169;1.61331931;1.56921512;2.24389352;0.15669436;0.00000000;0.00000000
238;23.80000000;0.00000000;39.29875511;-3.99285374;1.60541080;1.57964722;2.25857621;0.15411907;0.00000000;0.00000000
239;23.90000000;0.00000000;39.23474967;-3.91607026;1.60512679;1.58866934;2.27471733;0.15407333;0.00000000;0.00000000
240;24.00000000;0.00000000;39.16936411;-3.84045214;1.61285499;1.58443168;2.28939087;0.15502387;0.00000000;0.00000000
241;24.10000000;0.00000000;39.10312934;-3.76557555;1.60033928;1.56622072;2.30572210;0.18014723;0.00000000;0.00000000
242;24.20000000;0.00000000;39.03530967;-3.69213354;1.58375597;1.55211161;2.32542032;0.17229261;0.00000000;0.00000000
243;24.30000000;0.00000000;38.96618027;-3.61992702;1.57515861;1.54255982;2.34018063;0.13418881;0.00000000;0.00000000
244;24.40000000;0.00000000;38.89622232;-3.54851864;1.57403042;1.53830284;2.35225808;0.12925337;0.00000000;0.00000000
245;24.50000000;0.00000000;38.82536966;-3.47800345;1.58050077;1.53806433;2.36603130;0.12524011;0.00000000;0.00000000
246;24.60000000;0.00000000;38.75347101;-3.40854850;1.59469858;1.53633700;2.37730610;0.12597846;0.00000000;0.00000000
247;24.70000000;0.00000000;38.68104259;-3.33964521;1.60471701;1.53505345;2.39122699;0.15885086;0.00000000;0.00000000
248;24.80000000;0.00000000;38.60723778;-3.27221823;1.59399662;1.53825792;2.40907628;0.16742818;0.00000000;0.00000000
249;24.90000000;0.00000000;38.53239832;-3.20594571;1.59105357;1.54638616;2.42471263;0.14581445;0.00000000;0.00000000
250;25.00000000;0.00000000;38.45652507;-3.14086262;1.59595664;1.55892302;2.43823916;0.11648055;0.00000000;0.00000000
251;25.10000000;0.00000000;38.37991882;-3.07663742;1.59097652;1.57107915;2.44800874;0.10920773;0.00000000;0.00000000
252;25.20000000;0.00000000;38.30278668;-3.01304772;1.58024477;1.56770994;2.46008071;0.14346725;0.00000000;0.00000000
253;25.30000000;0.00000000;38.22465167;-2.95069012;1.57726485;1.55655520;2.47670219;0.13814811;0.00000000;0.00000000
254;25.40000000;0.00000000;38.14544697;-2.88969795;1.57642546;1.54658816;2.48771033;0.07712281;0.00000000;0.00000000
255;25.50000000;0.00000000;38.06595834;-2.82907572;1.58238013;1.54258021;2.49212675;0.05235508;0.00000000;0.00000000
256;25.60000000;0.00000000;37.98621780;-2.76878537;1.59500354;1.54462749;2.49818135;0.07958782;0.00000000;0.00000000
257;25.70000000;0.00000000;37.90600323;-2.70913183;1.60022932;1.55233079;2.50804431;0.08707519;0.00000000;0.00000000
258;25.80000000;0.00000000;37.82508880;-2.65042588;1.58946216;1.56166946;2.51559639;0.07584448;0.00000000;0.00000000
259;25.90000000;0.00000000;37.74397984;-2.59198886;1.57543047;1.55646407;2.52321321;0.09901218;0.00000000;0.00000000
260;26.00000000;0.00000000;37.66218103;-2.53452265;1.56885054;1.55648007;2.53539882;0.12277165;0.00000000;0.00000000
261;26.10000000;0.00000000;37.57967452;-2.47808117;1.56748388;1.56166284;2.54776754;0.11345091;0.00000000;0.00000000
262;26.20000000;0.00000000;37.49648110;-2.42265701;1.57010417;1.56300146;2.55808901;0.07881017;0.00000000;0.00000000
263;26.30000000;0.00000000;37.41282472;-2.36792901;1.57989109;1.55475521;2.56352957;0.08572306;0.00000000;0.00000000
264;26.40000000;0.00000000;37.32903205;-2.31341263;1.59613889;1.55266202;2.57523362;0.11221708;0.00000000;0.00000000
265;26.50000000;0.00000000;37.24411761;-2.26065766;1.58227434;1.55491382;2.58597299;0.07654318;0.00000000;0.00000000
266;26.60000000;0.00000000;37.15917213;-2.20795270;1.57181957;1.56350852;2.59054225;0.05402945;0.00000000;0.00000000
267;26.70000000;0.00000000;37.07378076;-2.15597691;1.56853721;1.57755872;2.59677888;0.05279143;0.00000000;0.00000000
268;26.80000000;0.00000000;36.98818451;-2.10433557;1.56854208;1.59737044;2.60110054;0.06855265;0.00000000;0.00000000
269;26.90000000;0.00000000;36.90234876;-2.05310078;1.55915577;1.62265470;2.61048941;0.07688582;0.00000000;0.00000000
270;27.00000000;0.00000000;36.81579797;-2.00307573;1.54764373;1.61382508;2.61647770;0.04807429;0.00000000;0.00000000
271;27.10000000;0.00000000;36.72935144;-1.95287070;1.54232977;1.61026914;2.62010427;0.07500932;0.00000000;0.00000000
272;27.20000000;0.00000000;36.64244048;-1.90347494;1.54441769;1.61198145;2.63147957;0.09358154;0.00000000;0.00000000
273;27.30000000;0.00000000;36.55487660;-1.85525077;1.55428192;1.61853868;2.63882058;0.05029322;0.00000000;0.00000000
274;27.40000000;0.00000000;36.46724972;-1.80713626;1.57058451;1.62467370;2.64153821;0.04754036;0.00000000;0.00000000
275;27.50000000;0.00000000;36.37942523;-1.75938884;1.56426144;1.60847378;2.64832865;0.06140865;0.00000000;0.00000000
276;27.60000000;0.00000000;36.29115271;-1.71246860;1.55892979;1.59743498;2.65381994;0.04755248;0.00000000;0.00000000
277;27.70000000;0.00000000;36.20280671;-1.66568732;1.56015621;1.59244957;2.65783915;0.03536785;0.00000000;0.00000000
278;27.80000000;0.00000000;36.11415988;-1.61947815;1.56841143;1.59308557;2.66089351;0.04134028;0.00000000;0.00000000
279;27.90000000;0.00000000;36.02552956;-1.57323732;1.56653181;1.58612920;2.66610720;0.04544624;0.00000000;0.00000000
280;28.00000000;0.00000000;35.93640703;-1.52795568;1.55898312;1.58073345;2.66998276;0.00187249;0.00000000;0.00000000
281;28.10000000;0.00000000;35.84742178;-1.48240363;1.55752264;1.57522689;2.66648170;-0.02536920;0.00000000;0.00000000
282;28.20000000;0.00000000;35.75861721;-1.43649838;1.56160487;1.56066045;2.66490892;-0.00055702;0.00000000;0.00000000
283;28.30000000;0.00000000;35.66977507;-1.39066633;1.56075049;1.55107200;2.66637030;0.00836277;0.00000000;0.00000000
284;28.40000000;0.00000000;35.58083679;-1.34502088;1.56649816;1.54768370;2.66658147;0.02070639;0.00000000;0.00000000
285;28.50000000;0.00000000;35.49197553;-1.29922647;1.57840250;1.55091308;2.67051157;0.03228511;0.00000000;0.00000000
286;28.60000000;0.00000000;35.40268111;-1.25428144;1.59212655;1.55960664;2.67303849;0.02082636;0.00000000;0.00000000
287;28.70000000;0.00000000;35.31358914;-1.20893650;1.59576130;1.57505215;2.67467684;0.02113421;0.00000000;0.00000000
288;28.80000000;0.00000000;35.22414848;-1.16428458;1.60414359;1.59586627;2.67726534;0.01397380;0.00000000;0.00000000
289;28.90000000;0.00000000;35.13482324;-1.11940161;1.60342802;1.60664672;2.67747160;0.02460546;0.00000000;0.00000000
290;29.00000000;0.00000000;35.04536435;-1.07478668;1.59541615;1.59360301;2.68218643;0.03628707;0.00000000;0.00000000
291;29.10000000;0.00000000;34.95562004;-1.03074810;1.59429006;1.58611954;2.68472902;-0.01703292;0.00000000;0.00000000
292;29.20000000;0.00000000;34.86593729;-0.98658957;1.59928904;1.58505324;2.67877984;-0.04894055;0.00000000;0.00000000
293;29.30000000;0.00000000;34.77672295;-0.94148615;1.60579181;1.59133314;2.67494091;-0.03764550;0.00000000;0.00000000
294;29.40000000;0.00000000;34.68737965;-0.89663922;1.60817975;1.59926581;2.67125074;0.00004200;0.00000000;0.00000000
295;29.50000000;0.00000000;34.59850047;-0.85087854;1.58399720;1.59608281;2.67494931;0.04303777;0.00000000;0.00000000
296;29.60000000;0.00000000;34.50882838;-0.80669397;1.56758157;1.59111374;2.67985830;0.00631890;0.00000000;0.00000000
297;29.70000000;0.00000000;34.41950495;-0.76180845;1.55664134;1.59319909;2.67621309;-0.01192458;0.00000000;0.00000000
298;29.80000000;0.00000000;34.33015662;-0.71697094;1.55212987;1.58950040;2.67747338;-0.00330936;0.00000000;0.00000000
299;29.90000000;0.00000000;34.24071964;-0.67231036;1.55424688;1.56862392;2.67555122;-0.02873535;0.00000000;0.00000000
300;30.00000000;0.00000000;34.15154636;-0.62713072;1.56172681;1.55448917;2.67172631;-0.00563711;0.00000000;0.00000000
301;30.10000000;0.00000000;34.06245612;-0.58178855;1.55804995;1.54688151;2.67442379;0.00188793;0.00000000;0.00000000
302;30.20000000;0.00000000;33.97303974;-0.53709031;1.56150060;1.54499309;2.67210390;-0.07095985;0.00000000;0.00000000
303;30.30000000;0.00000000;33.88415906;-0.49133436;1.57013994;1.55074642;2.66023183;-0.08359111;0.00000000;0.00000000
304;30.40000000;0.00000000;33.79582766;-0.44452504;1.58387969;1.56194141;2.65538567;-0.01370743;0.00000000;0.00000000
305;30.50000000;0.00000000;33.70739390;-0.39790941;1.59685474;1.55664397;2.65749034;-0.00662980;0.00000000;0.00000000
306;30.60000000;0.00000000;33.61886628;-0.35147234;1.58834796;1.55265341;2.65405972;-0.02564015;0.00000000;0.00000000
307;30.70000000;0.00000000;33.53075595;-0.30425184;1.58522098;1.55597809;2.65236231;0.04046303;0.00000000;0.00000000
308;30.80000000;0.00000000;33.44238920;-0.25751596;1.58668084;1.56514731;2.66215232;0.09595324;0.00000000;0.00000000
309;30.90000000;0.00000000;33.35337265;-0.21203032;1.58641880;1.56791867;2.67155296;0.04540892;0.00000000;0.00000000
310;31.00000000;0.00000000;33.26414177;-0.16696344;1.59078373;1.57613915;2.67123411;0.01514415;0.00000000;0.00000000
311;31.10000000;0.00000000;33.17515329;-0.12142056;1.58555214;1.59113758;2.67458179;0.01744000;0.00000000;0.00000000
312;31.20000000;0.00000000;33.08562160;-0.07695157;1.58781631;1.61010052;2.67472211;-0.02615464;0.00000000;0.00000000
313;31.30000000;0.00000000;32.99661835;-0.03143267;1.59518164;1.60955274;2.66935086;-0.02186546;0.00000000;0.00000000
314;31.40000000;0.00000000;32.90756893;0.01399583;1.60883728;1.59794755;2.67034901;0.01002666;0.00000000;0.00000000
315;31.50000000;0.00000000;32.81847500;0.05933697;1.62862166;1.57952358;2.67135619;0.01033530;0.00000000;0.00000000
316;31.60000000;0.00000000;32.72933426;0.10458600;1.62146948;1.56716871;2.67241607;0.01086405;0.00000000;0.00000000
317;31.70000000;0.00000000;32.64014443;0.14973816;1.61932975;1.56102178;2.67352900;0.00976935;0.00000000;0.00000000
318;31.80000000;0.00000000;32.55090320;0.19478866;1.62346864;1.56115079;2.67436994;0.00465974;0.00000000;0.00000000
319;31.90000000;0.00000000;32.46163754;0.23979076;1.61308123;1.56761363;2.67446095;-0.00121803;0.00000000;0.00000000
320;32.00000000;0.00000000;32.37238809;0.28482503;1.59530683;1.57549816;2.67412634;-0.00309210;0.00000000;0.00000000
321;32.10000000;0.00000000;32.28315256;0.32988686;1.58362443;1.57271190;2.67384253;-0.00262527;0.00000000;0.00000000
322;32.20000000;0.00000000;32.19392870;0.37497178;1.57817436;1.56889727;2.67360128;-0.03217420;0.00000000;0.00000000
323;32.30000000;0.00000000;32.10471492;0.42007666;1.57826657;1.57146806;2.66740769;-0.09127195;0.00000000;0.00000000
324;32.40000000;0.00000000;32.01605731;0.46626284;1.57251372;1.56743573;2.65534689;-0.07583434;0.00000000;0.00000000
325;32.50000000;0.00000000;31.92795895;0.51350553;1.57191042;1.54934077;2.65224082;0.01574717;0.00000000;0.00000000
326;32.60000000;0.00000000;31.83959145;0.56024076;1.57822575;1.53697317;2.65849633;0.05184958;0.00000000;0.00000000
327;32.70000000;0.00000000;31.75090740;0.60637840;1.57133859;1.53037008;2.66261074;0.03578546;0.00000000;0.00000000
328;32.80000000;0.00000000;31.66215590;0.65238615;1.56175663;1.53013660;2.66565342;0.05309435;0.00000000;0.00000000
329;32.90000000;0.00000000;31.57319459;0.69798231;1.55900286;1.53596117;2.67322961;0.03330447;0.00000000;0.00000000
330;33.00000000;0.00000000;31.48375699;0.74263963;1.56370228;1.54452217;2.67231431;0.00311797;0.00000000;0.00000000
331;33.10000000;0.00000000;31.39487740;0.78839953;1.57352232;1.55149484;2.67385320;0.01695144;0.00000000;0.00000000
332;33.20000000;0.00000000;31.30530212;0.83278171;1.59109341;1.55836817;2.67570460;0.00475000;0.00000000;0.00000000
333;33.30000000;0.00000000;31.21625468;0.87821169;1.60810057;1.57178895;2.67480321;0.00884425;0.00000000;0.00000000
334;33.40000000;0.00000000;31.12676150;0.92275430;1.61034598;1.58885047;2.67747345;-0.01067058;0.00000000;0.00000000
335;33.50000000;0.00000000;31.03747371;0.96770759;1.61088256;1.58514949;2.67266909;-0.03614525;0.00000000;0.00000000
336;33.60000000;0.00000000;30.94841054;1.01310912;1.61595962;1.58824686;2.67024440;-0.01125139;0.00000000;0.00000000
337;33.70000000;0.00000000;30.85933983;1.05849588;1.61117536;1.59015929;2.67041881;0.00662870;0.00000000;0.00000000
338;33.80000000;0.00000000;30.77026082;1.10386634;1.61260429;1.58832617;2.67157014;0.04069127;0.00000000;0.00000000
339;33.90000000;0.00000000;30.68108690;1.14904733;1.62042234;1.58439221;2.67855707;0.02691163;0.00000000;0.00000000
340;34.00000000;0.00000000;30.59138286;1.19316851;1.62225866;1.58205664;2.67695247;-0.01363492;0.00000000;0.00000000
341;34.10000000;0.00000000;30.50235333;1.23863599;1.59645973;1.58753228;2.67583008;-0.00006206;0.00000000;0.00000000
342;34.20000000;0.00000000;30.41274913;1.28295814;1.57785314;1.58119624;2.67694006;-0.02848013;0.00000000;0.00000000
343;34.30000000;0.00000000;30.32362065;1.32822697;1.56436713;1.56370333;2.67013406;-0.05901240;0.00000000;0.00000000
344;34.40000000;0.00000000;30.23462723;1.37376508;1.55689347;1.55276301;2.66513758;-0.05733343;0.00000000;0.00000000
345;34.50000000;0.00000000;30.14595575;1.41992221;1.55512274;1.54891119;2.65866737;-0.04635589;0.00000000;0.00000000
346;34.60000000;0.00000000;30.05755904;1.46660807;1.55917599;1.55209899;2.65586640;-0.00665524;0.00000000;0.00000000
347;34.70000000;0.00000000;29.96914559;1.51326223;1.55934614;1.55227131;2.65733632;0.04787696;0.00000000;0.00000000
348;34.80000000;0.00000000;29.88061339;1.55968729;1.56457895;1.55012371;2.66544179;0.07558919;0.00000000;0.00000000
349;34.90000000;0.00000000;29.79145529;1.60490213;1.57500381;1.55305621;2.67245416;0.03701237;0.00000000;0.00000000
350;35.00000000;0.00000000;29.70227932;1.65008172;1.58828762;1.55058798;2.67284426;0.03471705;0.00000000;0.00000000
351;35.10000000;0.00000000;29.61308598;1.69522698;1.59418038;1.55438850;2.67939757;0.05103309;0.00000000;0.00000000
352;35.20000000;0.00000000;29.52332756;1.73923292;1.60363103;1.56031346;2.68305088;-0.00571102;0.00000000;0.00000000
353;35.30000000;0.00000000;29.43380854;1.78372440;1.59933062;1.55841691;2.67825537;-0.03320011;0.00000000;0.00000000
354;35.40000000;0.00000000;29.34447429;1.82859019;1.59137825;1.56334132;2.67641086;-0.00674583;0.00000000;0.00000000
355;35.50000000;0.00000000;29.25511822;1.87341251;1.58973356;1.57456167;2.67690620;0.00504159;0.00000000;0.00000000
356;35.60000000;0.00000000;29.16573956;1.91818977;1.59441780;1.59054329;2.67741918;0.00521823;0.00000000;0.00000000
357;35.70000000;0.00000000;29.07633755;1.96292039;1.60376725;1.59674676;2.67794985;0.00546875;0.00000000;0.00000000
358;35.80000000;0.00000000;28.98691142;2.00760277;1.60861440;1.60420783;2.67851293;0.03937981;0.00000000;0.00000000
359;35.90000000;0.00000000;28.89745909;2.05223268;1.61469678;1.59637690;2.68582581;0.04128873;0.00000000;0.00000000
360;36.00000000;0.00000000;28.80738944;2.09560220;1.62095308;1.59085042;2.68677067;-0.03014757;0.00000000;0.00000000
361;36.10000000;0.00000000;28.71785428;2.14006233;1.59956787;1.57608716;2.67979629;-0.05879512;0.00000000;0.00000000
362;36.20000000;0.00000000;28.62839791;2.18468415;1.58403484;1.56457728;2.67501165;-0.05522925;0.00000000;0.00000000
363;36.30000000;0.00000000;28.53929278;2.22999878;1.56832764;1.55644838;2.66875044;-0.04159318;0.00000000;0.00000000
364;36.40000000;0.00000000;28.45040218;2.27573727;1.55819281;1.55519277;2.66669301;-0.00714169;0.00000000;0.00000000
365;36.50000000;0.00000000;28.36148246;2.32141911;1.55230364;1.55016999;2.66732211;0.00621034;0.00000000;0.00000000
366;36.60000000;0.00000000;28.27253439;2.36704572;1.54321076;1.54969496;2.66793508;0.00606882;0.00000000;0.00000000
367;36.70000000;0.00000000;28.18355873;2.41261851;1.54062510;1.55559689;2.66853587;0.00609922;0.00000000;0.00000000
368;36.80000000;0.00000000;28.09455589;2.45813821;1.54457853;1.56503999;2.66915493;0.03613745;0.00000000;0.00000000
369;36.90000000;0.00000000;28.00552387;2.50360081;1.55502561;1.55504954;2.67576336;0.04115989;0.00000000;0.00000000
370;37.00000000;0.00000000;27.91592830;2.54793968;1.57300431;1.54905868;2.67738690;-0.00190715;0.00000000;0.00000000
371;37.10000000;0.00000000;27.82675103;2.59311199;1.58840254;1.55043908;2.67538193;0.01769867;0.00000000;0.00000000
372;37.20000000;0.00000000;27.73733508;2.63780921;1.59460326;1.55771593;2.68092664;0.04363124;0.00000000;0.00000000
373;37.30000000;0.00000000;27.64766047;2.68199079;1.59615276;1.57076286;2.68410818;0.01891524;0.00000000;0.00000000
374;37.40000000;0.00000000;27.55795970;2.72611924;1.59814803;1.58994230;2.68470969;0.00028957;0.00000000;0.00000000
375;37.50000000;0.00000000;27.46823201;2.77019291;1.59494862;1.60195482;2.68416609;-0.03261097;0.00000000;0.00000000
376;37.60000000;0.00000000;27.37858035;2.81441831;1.59207524;1.59900238;2.67818749;-0.01617224;0.00000000;0.00000000
377;37.70000000;0.00000000;27.28938657;2.85956143;1.58862222;1.59913487;2.68093164;0.02217634;0.00000000;0.00000000
378;37.80000000;0.00000000;27.19949246;2.90329467;1.59302423;1.58490925;2.68262276;-0.01954278;0.00000000;0.00000000
379;37.90000000;0.00000000;27.11014647;2.94813587;1.60243246;1.56614739;2.67702309;-0.01954012;0.00000000;0.00000000
380;38.00000000;0.00000000;27.02074781;2.99287309;1.61560659;1.55348773;2.67871474;0.01686689;0.00000000;0.00000000
381;38.10000000;0.00000000;26.93125019;3.03741196;1.59175078;1.54697518;2.68039646;0.01269979;0.00000000;0.00000000
382;38.20000000;0.00000000;26.84170153;3.08184825;1.57400768;1.54679445;2.68125470;0.00710051;0.00000000;0.00000000
383;38.30000000;0.00000000;26.75212754;3.12623347;1.56252823;1.55300506;2.68181657;0.00553421;0.00000000;0.00000000
384;38.40000000;0.00000000;26.66252899;3.17056910;1.55744925;1.55973467;2.68236154;0.00536496;0.00000000;0.00000000
385;38.50000000;0.00000000;26.57290667;3.21485666;1.55883160;1.55271213;2.68288956;0.00519718;0.00000000;0.00000000
386;38.60000000;0.00000000;26.48326136;3.25909766;1.55510740;1.54826551;2.68340097;0.00517701;0.00000000;0.00000000
387;38.70000000;0.00000000;26.39359378;3.30329352;1.55161752;1.55021563;2.68392496;0.00513899;0.00000000;0.00000000
388;38.80000000;0.00000000;26.30390215;3.34744055;1.55461601;1.55853439;2.68442877;-0.02547160;0.00000000;0.00000000
389;38.90000000;0.00000000;26.21419009;3.39154604;1.56405742;1.57312879;2.67883064;-0.06525649;0.00000000;0.00000000
390;39.00000000;0.00000000;26.12500020;3.43669357;1.57863447;1.59500147;2.67137747;-0.06246568;0.00000000;0.00000000
391;39.10000000;0.00000000;26.03595553;3.48213138;1.59774826;1.60121110;2.66633751;-0.04275129;0.00000000;0.00000000
392;39.20000000;0.00000000;25.94722539;3.52817556;1.58863359;1.59915880;2.66282722;0.01676651;0.00000000;0.00000000
393;39.30000000;0.00000000;25.85850454;3.57423601;1.58576185;1.59449003;2.66969081;0.09902393;0.00000000;0.00000000
394;39.40000000;0.00000000;25.76915099;3.61905775;1.59057281;1.59469100;2.68263200;0.09908853;0.00000000;0.00000000
395;39.50000000;0.00000000;25.67926519;3.66280803;1.60280450;1.59995403;2.68950851;0.04359516;0.00000000;0.00000000
396;39.60000000;0.00000000;25.58930141;3.70639776;1.59876274;1.58462323;2.69135103;0.01857579;0.00000000;0.00000000
397;39.70000000;0.00000000;25.49925498;3.74981652;1.59487718;1.56689659;2.69322367;0.01832885;0.00000000;0.00000000
398;39.80000000;0.00000000;25.40912858;3.79306901;1.59743536;1.55522162;2.69501680;-0.01097008;0.00000000;0.00000000
399;39.90000000;0.00000000;25.31892704;3.83616455;1.60455058;1.54974563;2.69102965;-0.03012777;0.00000000;0.00000000
400;40.00000000;0.00000000;25.22915018;3.88013349;1.58571118;1.55167820;2.68899125;0.00232402;0.00000000;0.00000000
401;40.10000000;0.00000000;25.13912780;3.92359508;1.57202194;1.54803647;2.69149446;0.00813099;0.00000000;0.00000000
402;40.20000000;0.00000000;25.04913240;3.96711379;1.56454924;1.54443554;2.69061745;0.00774212;0.00000000;0.00000000
403;40.30000000;0.00000000;24.95918632;4.01073325;1.56333333;1.54741003;2.69304288;0.00182632;0.00000000;0.00000000
404;40.40000000;0.00000000;24.86898044;4.05381511;1.55900672;1.55621854;2.69098271;-0.03185321;0.00000000;0.00000000
405;40.50000000;0.00000000;24.77921219;4.09780609;1.55835143;1.57234145;2.68667224;-0.01405958;0.00000000;0.00000000
406;40.60000000;0.00000000;24.68937927;4.14166489;1.56424487;1.59443785;2.68817080;0.01487758;0.00000000;0.00000000
407;40.70000000;0.00000000;24.59947957;4.18538664;1.57415015;1.59013242;2.68964776;0.01422217;0.00000000;0.00000000
408;40.80000000;0.00000000;24.50951749;4.22897988;1.57529688;1.57794005;2.69101523;-0.01495698;0.00000000;0.00000000
409;40.90000000;0.00000000;24.41949855;4.27245559;1.58289921;1.57189226;2.68665636;-0.03467512;0.00000000;0.00000000
410;41.00000000;0.00000000;24.32992185;4.31683049;1.59574744;1.57319163;2.68408020;-0.00276715;0.00000000;0.00000000
411;41.10000000;0.00000000;24.24013063;4.36076818;1.61516855;1.58033972;2.68610293;0.00279517;0.00000000;0.00000000
412;41.20000000;0.00000000;24.15037561;4.40478010;1.59536766;1.58549931;2.68463924;0.01214481;0.00000000;0.00000000
413;41.30000000;0.00000000;24.06071324;4.44898054;1.56914332;1.57703756;2.68853190;0.05226288;0.00000000;0.00000000
414;41.40000000;0.00000000;23.97061590;4.49229354;1.54991233;1.57317314;2.69509181;0.07605212;0.00000000;0.00000000
415;41.50000000;0.00000000;23.88038059;4.53531419;1.53727762;1.57509546;2.70374232;0.04652482;0.00000000;0.00000000
416;41.60000000;0.00000000;23.78954774;4.57706188;1.53248493;1.57044460;2.70439678;-0.02220005;0.00000000;0.00000000
417;41.70000000;0.00000000;23.69925457;4.61996515;1.53293069;1.57342287;2.69930231;-0.01304314;0.00000000;0.00000000
418;41.80000000;0.00000000;23.60885148;4.66263629;1.54013535;1.58246743;2.70178815;-0.00479194;0.00000000;0.00000000
419;41.90000000;0.00000000;23.51834617;4.70509010;1.54574486;1.59749156;2.69834392;-0.02409621;0.00000000;0.00000000
420;42.00000000;0.00000000;23.42824077;4.74838219;1.54716520;1.60604162;2.69696891;0.00817443;0.00000000;0.00000000
421;42.10000000;0.00000000;23.33785548;4.79108334;1.55567343;1.59916344;2.69997881;0.01357327;0.00000000;0.00000000
422;42.20000000;0.00000000;23.24749159;4.83383201;1.57046005;1.59857129;2.69968356;0.01280273;0.00000000;0.00000000
423;42.30000000;0.00000000;23.15713151;4.87658653;1.59139367;1.60402331;2.70253935;0.01216762;0.00000000;0.00000000
424;42.40000000;0.00000000;23.06652465;4.91881852;1.59658677;1.58044154;2.70211709;0.01139261;0.00000000;0.00000000
425;42.50000000;0.00000000;22.97619962;4.96164985;1.59485887;1.56356529;2.70481787;0.01146754;0.00000000;0.00000000
426;42.60000000;0.00000000;22.88536487;5.00339233;1.59906597;1.55175472;2.70441059;-0.02938277;0.00000000;0.00000000
427;42.70000000;0.00000000;22.79507287;5.04629809;1.57507025;1.54761330;2.69894132;-0.01850828;0.00000000;0.00000000
428;42.80000000;0.00000000;22.70469942;5.08903200;1.55732257;1.54973209;2.70070894;-0.01406576;0.00000000;0.00000000
429;42.90000000;0.00000000;22.61425633;5.13161829;1.54151741;1.55811235;2.69612817;-0.03233134;0.00000000;0.00000000
430;43.00000000;0.00000000;22.52427980;5.17517757;1.52955025;1.57387503;2.69424267;0.00143834;0.00000000;0.00000000
431;43.10000000;0.00000000;22.43400043;5.21810342;1.52476184;1.59148970;2.69641584;0.00478399;0.00000000;0.00000000
432;43.20000000;0.00000000;22.34383618;5.26127087;1.52625140;1.61323383;2.69519947;0.01713218;0.00000000;0.00000000
433;43.30000000;0.00000000;22.25366165;5.30441615;1.53429086;1.62029430;2.69984227;0.05777898;0.00000000;0.00000000
434;43.40000000;0.00000000;22.16309808;5.34674564;1.54964362;1.59599311;2.70675526;0.07529428;0.00000000;0.00000000
435;43.50000000;0.00000000;22.07233542;5.38864018;1.57168176;1.57719115;2.71490113;0.04193577;0.00000000;0.00000000
436;43.60000000;0.00000000;21.98109524;5.42948827;1.57825920;1.56341795;2.71514242;0.01522934;0.00000000;0.00000000
437;43.70000000;0.00000000;21.89031038;5.47133990;1.57749975;1.55705949;2.71794700;0.02341267;0.00000000;0.00000000
438;43.80000000;0.00000000;21.79884155;5.51167601;1.58472048;1.55544398;2.71982495;-0.05347333;0.00000000;0.00000000
439;43.90000000;0.00000000;21.70790016;5.55318636;1.59530170;1.56152752;2.70725233;-0.06826659;0.00000000;0.00000000
440;44.00000000;0.00000000;21.61747552;5.59580894;1.60086078;1.56376588;2.70617163;0.00881266;0.00000000;0.00000000
441;44.10000000;0.00000000;21.52662607;5.63751483;1.58771025;1.57100787;2.70901486;0.01230130;0.00000000;0.00000000
442;44.20000000;0.00000000;21.43596144;5.67962211;1.57155826;1.58158313;2.70863189;0.01114906;0.00000000;0.00000000
443;44.30000000;0.00000000;21.34514456;5.72139729;1.56201539;1.59559146;2.71124467;0.01010976;0.00000000;0.00000000
444;44.40000000;0.00000000;21.25426135;5.76303013;1.55899458;1.61441763;2.71065384;0.00895387;0.00000000;0.00000000
445;44.50000000;0.00000000;21.16349346;5.80491280;1.56210251;1.60062409;2.71303545;0.00789333;0.00000000;0.00000000
446;44.60000000;0.00000000;21.07241243;5.84611252;1.57232081;1.58993356;2.71223251;0.00673689;0.00000000;0.00000000
447;44.70000000;0.00000000;20.98171058;5.88814151;1.57726890;1.58286719;2.71438283;0.00839802;0.00000000;0.00000000
448;44.80000000;0.00000000;20.89045181;5.92894978;1.57228489;1.56959031;2.71391211;-0.07271314;0.00000000;0.00000000
449;44.90000000;0.00000000;20.79978826;5.97106474;1.57112892;1.56344230;2.69984020;-0.10523613;0.00000000;0.00000000
450;45.00000000;0.00000000;20.70971431;6.01442473;1.57495109;1.56505060;2.69286489;-0.00473354;0.00000000;0.00000000
451;45.10000000;0.00000000;20.61964710;6.05780035;1.58506450;1.57304009;2.69889349;0.09899697;0.00000000;0.00000000
452;45.20000000;0.00000000;20.52905894;6.10007021;1.59198907;1.57502258;2.71266428;0.10597557;0.00000000;0.00000000
453;45.30000000;0.00000000;20.43783457;6.14094770;1.58350671;1.57800119;2.72008861;0.03658655;0.00000000;0.00000000
454;45.40000000;0.00000000;20.34662827;6.18186807;1.56848681;1.58469889;2.71998159;0.01319849;0.00000000;0.00000000
455;45.50000000;0.00000000;20.25541263;6.22276509;1.55976691;1.59761064;2.72272830;0.01214999;0.00000000;0.00000000
456;45.60000000;0.00000000;20.16398273;6.26318389;1.55795152;1.59333992;2.72241159;0.01095922;0.00000000;0.00000000
457;45.70000000;0.00000000;20.07279206;6.30413911;1.56195687;1.58987709;2.72492015;0.00698887;0.00000000;0.00000000
458;45.80000000;0.00000000;19.98115963;6.34409909;1.57339872;1.58881184;2.72380936;-0.07323651;0.00000000;0.00000000
459;45.90000000;0.00000000;19.89005832;6.38525761;1.57375566;1.58066190;2.71027284;-0.09901379;0.00000000;0.00000000
460;46.00000000;0.00000000;19.79954006;6.42768394;1.56955442;1.57500000;2.70400661;-0.02476719;0.00000000;0.00000000
461;46.10000000;0.00000000;19.70896137;6.46998108;1.56808194;1.56896714;2.70531941;0.01214982;0.00000000;0.00000000
462;46.20000000;0.00000000;19.61833204;6.51216959;1.57309370;1.56917237;2.70643657;0.01035122;0.00000000;0.00000000
463;46.30000000;0.00000000;19.52765908;6.55426425;1.57542108;1.57562953;2.70738965;0.00870587;0.00000000;0.00000000
464;46.40000000;0.00000000;19.43694949;6.59627993;1.55807223;1.58827860;2.70817774;0.02417516;0.00000000;0.00000000
465;46.50000000;0.00000000;19.34621029;6.63823162;1.54707180;1.60698952;2.71222468;0.06345406;0.00000000;0.00000000
466;46.60000000;0.00000000;19.25516674;6.67951031;1.54322373;1.62378662;2.72086855;0.06862018;0.00000000;0.00000000
467;46.70000000;0.00000000;19.16371589;6.71988716;1.54683171;1.60727344;2.72594872;0.02703666;0.00000000;0.00000000
468;46.80000000;0.00000000;19.07225447;6.76024008;1.55688954;1.59683331;2.72627589;0.00527156;0.00000000;0.00000000
469;46.90000000;0.00000000;18.98077724;6.80055707;1.56490907;1.59257258;2.72700303;-0.02415727;0.00000000;0.00000000
470;47.00000000;0.00000000;18.88925756;6.84077679;1.57204253;1.58623619;2.72144443;-0.05463207;0.00000000;0.00000000
471;47.10000000;0.00000000;18.79823417;6.88210825;1.57055768;1.57814448;2.71607662;-0.02024073;0.00000000;0.00000000
472;47.20000000;0.00000000;18.70715122;6.92330830;1.57358172;1.57621922;2.71739629;0.01215916;0.00000000;0.00000000
473;47.30000000;0.00000000;18.61601906;6.96439937;1.57331889;1.56952457;2.71850845;0.01027875;0.00000000;0.00000000
474;47.40000000;0.00000000;18.52484471;7.00539672;1.57949852;1.56831487;2.71945204;0.00858860;0.00000000;0.00000000
475;47.50000000;0.00000000;18.43363516;7.04631574;1.57781554;1.57338282;2.72022617;0.00689049;0.00000000;0.00000000
476;47.60000000;0.00000000;18.34239743;7.08717188;1.56164861;1.58468497;2.72083013;0.00518605;0.00000000;0.00000000
477;47.70000000;0.00000000;18.25113852;7.12798069;1.55181783;1.59980712;2.72126338;0.00347689;0.00000000;0.00000000
478;47.80000000;0.00000000;18.15986542;7.16875776;1.54842679;1.58871932;2.72152551;0.00260924;0.00000000;0.00000000
479;47.90000000;0.00000000;18.06858513;7.20951873;1.55150064;1.58385813;2.72178523;0.00947359;0.00000000;0.00000000
480;48.00000000;0.00000000;17.97729088;7.25024838;1.56101767;1.58526419;2.72342023;0.05706024;0.00000000;0.00000000
481;48.10000000;0.00000000;17.88587892;7.29071013;1.57474822;1.58837324;2.73319727;0.05733362;0.00000000;0.00000000
482;48.20000000;0.00000000;17.79380572;7.32964695;1.57771187;1.57514224;2.73488696;-0.02217083;0.00000000;0.00000000
483;48.30000000;0.00000000;17.70225644;7.36980004;1.57741669;1.56558618;2.72876311;-0.02591470;0.00000000;0.00000000
484;48.40000000;0.00000000;17.61066703;7.40986159;1.58354487;1.56228099;2.72970402;0.00868133;0.00000000;0.00000000
485;48.50000000;0.00000000;17.51904233;7.44984234;1.56547949;1.56527802;2.73049937;0.00708465;0.00000000;0.00000000
486;48.60000000;0.00000000;17.42738931;7.48975815;1.54916438;1.57455848;2.73112094;0.00534391;0.00000000;0.00000000
487;48.70000000;0.00000000;17.33571497;7.52962496;1.53903383;1.59002946;2.73156816;0.00359827;0.00000000;0.00000000
488;48.80000000;0.00000000;17.24402628;7.56945878;1.52958220;1.60477177;2.73184060;-0.01117079;0.00000000;0.00000000
489;48.90000000;0.00000000;17.15233023;7.60927564;1.52665053;1.58629388;2.72933400;-0.03859350;0.00000000;0.00000000
490;49.00000000;0.00000000;17.06084465;7.64956762;1.52973917;1.57447815;2.72412190;-0.01582665;0.00000000;0.00000000
491;49.10000000;0.00000000;16.96957090;7.69033713;1.53880889;1.56947759;2.72616867;0.00497039;0.00000000;0.00000000
492;49.20000000;0.00000000;16.87792038;7.73025462;1.55518296;1.56990478;2.72511598;0.00238625;0.00000000;0.00000000
493;49.30000000;0.00000000;16.78673115;7.77121688;1.57662753;1.57363576;2.72664592;0.04596873;0.00000000;0.00000000
494;49.40000000;0.00000000;16.69495743;7.81085440;1.58433524;1.57059627;2.73430972;0.04190056;0.00000000;0.00000000
495;49.50000000;0.00000000;16.60315032;7.85041451;1.56116592;1.57208328;2.73502603;0.00608885;0.00000000;0.00000000
496;49.60000000;0.00000000;16.51131991;7.88992051;1.54419145;1.57984843;2.73552749;0.00413430;0.00000000;0.00000000
497;49.70000000;0.00000000;16.41947317;7.92938853;1.53360001;1.59381729;2.73585289;0.00237209;0.00000000;0.00000000
498;49.80000000;0.00000000;16.32761707;7.96883475;1.52950658;1.60413528;2.73600191;-0.01908251;0.00000000;0.00000000
499;49.90000000;0.00000000;16.23575857;8.00827539;1.53194564;1.58420497;2.73203639;-0.05526586;0.00000000;0.00000000
500;50.00000000;0.00000000;16.14422070;8.04844780;1.54008645;1.57119234;2.72494874;-0.04787005;0.00000000;0.00000000
501;50.10000000;0.00000000;16.05293050;8.08918653;1.54206038;1.56508928;2.72246238;0.00241014;0.00000000;0.00000000
502;50.20000000;0.00000000;15.96159106;8.12981474;1.54464881;1.55963686;2.72543077;0.04904464;0.00000000;0.00000000
503;50.30000000;0.00000000;15.87006270;8.17000987;1.54458513;1.55385244;2.73227131;0.02633933;0.00000000;0.00000000
504;50.40000000;0.00000000;15.77817758;8.20938402;1.54950870;1.55359369;2.73069863;-0.00314841;0.00000000;0.00000000
505;50.50000000;0.00000000;15.68677470;8.24986745;1.55963465;1.56095867;2.73164163;0.04026778;0.00000000;0.00000000
506;50.60000000;0.00000000;15.59481388;8.28906893;1.54654203;1.57326866;2.73875219;0.03620403;0.00000000;0.00000000
507;50.70000000;0.00000000;15.50284383;8.32824876;1.53520963;1.59175075;2.73888243;0.00033222;0.00000000;0.00000000
508;50.80000000;0.00000000;15.41087280;8.36742628;1.53033974;1.61219071;2.73881863;-0.02797902;0.00000000;0.00000000
509;50.90000000;0.00000000;15.31890775;8.40661784;1.53197626;1.60265306;2.73328663;-0.06337428;0.00000000;0.00000000
510;51.00000000;0.00000000;15.22737788;8.44680962;1.53902897;1.60040996;2.72614378;-0.04166124;0.00000000;0.00000000
511;51.10000000;0.00000000;15.13598208;8.48731090;1.55216739;1.60474094;2.72495438;-0.00149631;0.00000000;0.00000000
512;51.20000000;0.00000000;15.04454602;8.52772120;1.56164210;1.60510780;2.72584452;0.00784912;0.00000000;0.00000000
513;51.30000000;0.00000000;14.95307826;8.56805971;1.55860390;1.61019756;2.72652420;0.01511418;0.00000000;0.00000000
514;51.40000000;0.00000000;14.86158734;8.60834569;1.56143182;1.61573785;2.72886735;0.04971055;0.00000000;0.00000000
515;51.50000000;0.00000000;14.76993347;8.64825427;1.56758223;1.62246401;2.73646631;0.06566353;0.00000000;0.00000000
516;51.60000000;0.00000000;14.67784088;8.68714519;1.56544829;1.61994290;2.74200006;0.02712950;0.00000000;0.00000000
517;51.70000000;0.00000000;14.58574900;8.72603778;1.55796374;1.61390152;2.74189221;-0.00210907;0.00000000;0.00000000
518;51.80000000;0.00000000;14.49366480;8.76494857;1.55238495;1.61406074;2.74157824;-0.03753281;0.00000000;0.00000000
519;51.90000000;0.00000000;14.40159736;8.80389897;1.55319046;1.60418520;2.73438565;-0.07215210;0.00000000;0.00000000
520;52.00000000;0.00000000;14.31008328;8.84412996;1.54927995;1.59360234;2.72714782;-0.03565513;0.00000000;0.00000000
521;52.10000000;0.00000000;14.21858929;8.88440897;1.54962248;1.58504758;2.72725462;0.00367646;0.00000000;0.00000000
522;52.20000000;0.00000000;14.12706576;8.92462079;1.55647221;1.58269960;2.72788311;0.00522594;0.00000000;0.00000000
523;52.30000000;0.00000000;14.03552122;8.96478476;1.56972309;1.58660704;2.72829981;0.00310564;0.00000000;0.00000000
524;52.40000000;0.00000000;13.94396420;9.00492029;1.58066996;1.59674499;2.72850424;-0.01193284;0.00000000;0.00000000
525;52.50000000;0.00000000;13.85240324;9.04504683;1.57702676;1.61301681;2.72591324;-0.03978927;0.00000000;0.00000000
526;52.60000000;0.00000000;13.76105773;9.08565525;1.56176944;1.60451660;2.72054639;-0.01061783;0.00000000;0.00000000
527;52.70000000;0.00000000;13.66993491;9.12676126;1.55226630;1.59979791;2.72378968;0.04575361;0.00000000;0.00000000
528;52.80000000;0.00000000;13.57832563;9.16677733;1.55036225;1.60012550;2.72969711;-0.00257276;0.00000000;0.00000000
529;52.90000000;0.00000000;13.48672192;9.20680458;1.55488387;1.59945384;2.72327512;-0.02250059;0.00000000;0.00000000
530;53.00000000;0.00000000;13.39563414;9.24799394;1.56442377;1.59757595;2.72519699;0.02025127;0.00000000;0.00000000
531;53.10000000;0.00000000;13.30387697;9.28766892;1.56434495;1.58734795;2.72732538;0.00826506;0.00000000;0.00000000
532;53.20000000;0.00000000;13.21261562;9.32846975;1.56536827;1.58460794;2.72685001;0.00846654;0.00000000;0.00000000
533;53.30000000;0.00000000;13.12089796;9.36823118;1.56616189;1.58703498;2.72901869;0.00619329;0.00000000;0.00000000
534;53.40000000;0.00000000;13.02946170;9.40863528;1.57262150;1.59642940;2.72808866;0.00385677;0.00000000;0.00000000
535;53.50000000;0.00000000;12.93781886;9.44856693;1.55753498;1.61147306;2.72979004;-0.01385133;0.00000000;0.00000000
536;53.60000000;0.00000000;12.84624625;9.48865940;1.53563511;1.61642601;2.72531840;-0.03741987;0.00000000;0.00000000
537;53.70000000;0.00000000;12.75496144;9.52941024;1.51929392;1.60226198;2.72230607;0.00254526;0.00000000;0.00000000
538;53.80000000;0.00000000;12.66362935;9.57005487;1.50952646;1.59065071;2.72582745;0.06868952;0.00000000;0.00000000
539;53.90000000;0.00000000;12.57206263;9.61016057;1.50693214;1.58468310;2.73604397;0.08889562;0.00000000;0.00000000
540;54.00000000;0.00000000;12.47991915;9.64893070;1.51241181;1.58355603;2.74360657;0.00375481;0.00000000;0.00000000
541;54.10000000;0.00000000;12.38775408;9.68764781;1.52449786;1.58510244;2.73679493;-0.03094452;0.00000000;0.00000000
542;54.20000000;0.00000000;12.29614729;9.72766961;1.54159166;1.58629727;2.73741767;0.00805033;0.00000000;0.00000000
543;54.30000000;0.00000000;12.20393379;9.76627202;1.56638306;1.59115449;2.73840500;-0.03196655;0.00000000;0.00000000
544;54.40000000;0.00000000;12.11224929;9.80611236;1.58707818;1.59889347;2.73102436;-0.06484853;0.00000000;0.00000000
545;54.50000000;0.00000000;12.02061530;9.84607185;1.56806268;1.61293108;2.72543530;-0.06038872;0.00000000;0.00000000
546;54.60000000;0.00000000;11.92938266;9.88693419;1.55034524;1.62083173;2.71894662;-0.01546350;0.00000000;0.00000000
547;54.70000000;0.00000000;11.83827497;9.92807942;1.53862195;1.60828094;2.72234260;0.06714358;0.00000000;0.00000000
548;54.80000000;0.00000000;11.74676867;9.96832038;1.53127032;1.59525190;2.73237533;0.08255398;0.00000000;0.00000000
549;54.90000000;0.00000000;11.65485387;10.00762933;1.52847969;1.58547106;2.73885339;0.04565540;0.00000000;0.00000000
550;55.00000000;0.00000000;11.56283024;10.04668291;1.52856611;1.57190088;2.74150641;0.02528435;0.00000000;0.00000000
551;55.10000000;0.00000000;11.47070810;10.08550363;1.52729879;1.56436021;2.74391026;0.02277754;0.00000000;0.00000000
552;55.20000000;0.00000000;11.37849773;10.12411436;1.53279205;1.56296147;2.74606192;0.02025947;0.00000000;0.00000000
553;55.30000000;0.00000000;11.28620934;10.16253831;1.54494873;1.56774636;2.74796216;-0.01883432;0.00000000;0.00000000
554;55.40000000;0.00000000;11.19385286;10.20079834;1.56358904;1.57868332;2.74229506;-0.05843768;0.00000000;0.00000000
555;55.50000000;0.00000000;11.10200592;10.24026580;1.57060681;1.59710152;2.73627462;-0.02533332;0.00000000;0.00000000
556;55.60000000;0.00000000;11.01011682;10.27963508;1.55347770;1.62138188;2.73722840;0.01176549;0.00000000;0.00000000
557;55.70000000;0.00000000;10.91819473;10.31892728;1.54273303;1.61475598;2.73862772;0.04406025;0.00000000;0.00000000
558;55.80000000;0.00000000;10.82619586;10.35803921;1.53861867;1.61105956;2.74604044;0.06755202;0.00000000;0.00000000
559;55.90000000;0.00000000;10.73370515;10.39596278;1.54227545;1.60931686;2.75213812;0.03673019;0.00000000;0.00000000
560;56.00000000;0.00000000;10.64123805;10.43394912;1.55230788;1.60533327;2.75338648;0.02388601;0.00000000;0.00000000
561;56.10000000;0.00000000;10.54865303;10.47164161;1.56118800;1.60725184;2.75691532;0.02122585;0.00000000;0.00000000
562;56.20000000;0.00000000;10.45592032;10.50897434;1.56689071;1.61497972;2.75763165;0.01830846;0.00000000;0.00000000
563;56.30000000;0.00000000;10.36328070;10.54653442;1.55751938;1.62284154;2.76057701;0.01556977;0.00000000;0.00000000
564;56.40000000;0.00000000;10.27032938;10.58332037;1.54097700;1.60979039;2.76074561;0.01624851;0.00000000;0.00000000
565;56.50000000;0.00000000;10.17767581;10.62084974;1.52999850;1.60192971;2.76382672;0.05117818;0.00000000;0.00000000
566;56.60000000;0.00000000;10.08449774;10.65706293;1.52692229;1.59887031;2.77098124;0.07192188;0.00000000;0.00000000
567;56.70000000;0.00000000;9.99131497;10.69326336;1.53039750;1.59516870;2.77821109;0.07000309;0.00000000;0.00000000
568;56.80000000;0.00000000;9.89762302;10.72812549;1.53674638;1.58581684;2.78498186;0.02938731;0.00000000;0.00000000
569;56.90000000;0.00000000;9.80395837;10.76306088;1.54851019;1.58281442;2.78408856;0.02135722;0.00000000;0.00000000
570;57.00000000;0.00000000;9.71032887;10.79809034;1.56647940;1.58621970;2.78925330;0.05359290;0.00000000;0.00000000
571;57.10000000;0.00000000;9.61630971;10.83205588;1.59162913;1.58115155;2.79480714;0.04507930;0.00000000;0.00000000
572;57.20000000;0.00000000;9.52229700;10.86604317;1.62253740;1.57857023;2.79826917;0.03444756;0.00000000;0.00000000
573;57.30000000;0.00000000;9.42804490;10.89935691;1.60419188;1.57120683;2.80169665;0.02402288;0.00000000;0.00000000
574;57.40000000;0.00000000;9.33380172;10.93269885;1.59076963;1.56890582;2.80307374;0.01359017;0.00000000;0.00000000
575;57.50000000;0.00000000;9.23945786;10.96575300;1.58386125;1.56944846;2.80441468;0.00336625;0.00000000;0.00000000
576;57.60000000;0.00000000;9.14512603;10.99884192;1.58321037;1.57371416;2.80374699;0.01053429;0.00000000;0.00000000
577;57.70000000;0.00000000;9.05082598;11.03202217;1.58876507;1.55755859;2.80652154;0.03163997;0.00000000;0.00000000
578;57.80000000;0.00000000;8.95631169;11.06458724;1.60120023;1.54451980;2.81007499;0.00474435;0.00000000;0.00000000
579;57.90000000;0.00000000;8.86177886;11.09709625;1.61977869;1.53782298;2.80747041;-0.02276995;0.00000000;0.00000000
580;58.00000000;0.00000000;8.76743516;11.13015332;1.63568353;1.53818940;2.80552100;-0.01844708;0.00000000;0.00000000
581;58.10000000;0.00000000;8.67302900;11.16303093;1.63663806;1.54484836;2.80378099;-0.01998405;0.00000000;0.00000000
582;58.20000000;0.00000000;8.57880073;11.19641619;1.62150672;1.55843729;2.80152419;-0.04447279;0.00000000;0.00000000
583;58.30000000;0.00000000;8.48454411;11.22971951;1.61252914;1.56738708;2.79488644;-0.05453518;0.00000000;0.00000000
584;58.40000000;0.00000000;8.39076731;11.26435272;1.60830770;1.55353173;2.79061715;-0.03282024;0.00000000;0.00000000
585;58.50000000;0.00000000;8.29679792;11.29845985;1.61085261;1.54546965;2.78832239;-0.04582198;0.00000000;0.00000000
586;58.60000000;0.00000000;8.20318169;11.33352284;1.61856319;1.54487081;2.78145275;-0.04004019;0.00000000;0.00000000
587;58.70000000;0.00000000;8.10968980;11.36891776;1.62321208;1.55108250;2.78031435;0.00318060;0.00000000;0.00000000
588;58.80000000;0.00000000;8.01615309;11.40419402;1.60294758;1.56354831;2.78208887;0.00236386;0.00000000;0.00000000
589;58.90000000;0.00000000;7.92253617;11.43925691;1.58895294;1.54702835;2.78078712;-0.05052174;0.00000000;0.00000000
590;59.00000000;0.00000000;7.82909383;11.47477574;1.58067946;1.53691920;2.77198453;-0.10728894;0.00000000;0.00000000
591;59.10000000;0.00000000;7.73611103;11.51148033;1.57743343;1.53454616;2.75932933;-0.11235923;0.00000000;0.00000000
592;59.20000000;0.00000000;7.64359558;11.54935337;1.57925970;1.52806794;2.74951268;-0.10997018;0.00000000;0.00000000
593;59.30000000;0.00000000;7.55134888;11.58787733;1.57386263;1.52864803;2.73733530;-0.11291407;0.00000000;0.00000000
594;59.40000000;0.00000000;7.45978304;11.62799217;1.56247039;1.53746855;2.72692987;-0.09528241;0.00000000;0.00000000
595;59.50000000;0.00000000;7.36835808;11.66842734;1.55707455;1.55303231;2.71827882;-0.10153113;0.00000000;0.00000000
596;59.60000000;0.00000000;7.27750361;11.71011874;1.55670820;1.57056867;2.70662364;-0.09502058;0.00000000;0.00000000
597;59.70000000;0.00000000;7.18704627;11.75267369;1.55152456;1.59484378;2.69927470;-0.06577141;0.00000000;0.00000000
598;59.80000000;0.00000000;7.09681099;11.79569754;1.54791745;1.62540625;2.69346936;-0.07331202;0.00000000;0.00000000
599;59.90000000;0.00000000;7.00685448;11.83929955;1.53498251;1.63046257;2.68461230;-0.12480506;0.00000000;0.00000000
600;60.00000000;0.00000000;6.91739523;11.88391510;1.52736154;1.63528627;2.66850835;-0.14955913;0.00000000;0.00000000
601;60.10000000;0.00000000;6.82888840;11.93039187;1.52214799;1.64370980;2.65470047;-0.12827439;0.00000000;0.00000000
602;60.20000000;0.00000000;6.74069536;11.97746050;1.51878331;1.63519908;2.64285347;-0.14165626;0.00000000;0.00000000
603;60.30000000;0.00000000;6.65331940;12.02601843;1.52029515;1.63447433;2.62636922;-0.15305896;0.00000000;0.00000000
604;60.40000000;0.00000000;6.56672850;12.07596691;1.50899679;1.64144435;2.61224168;-0.13267693;0.00000000;0.00000000
605;60.50000000;0.00000000;6.48075595;12.12697590;1.49643989;1.65564696;2.59983383;-0.14982320;0.00000000;0.00000000
606;60.60000000;0.00000000;6.39543215;12.17905697;1.48924414;1.67692019;2.58227704;-0.17956582;0.00000000;0.00000000
607;60.70000000;0.00000000;6.31130182;12.23305360;1.48648427;1.68480119;2.56392067;-0.15730617;0.00000000;0.00000000
608;60.80000000;0.00000000;6.22794338;12.28823390;1.48515950;1.67731142;2.55081580;-0.12644398;0.00000000;0.00000000
609;60.90000000;0.00000000;6.14525846;12.34441578;1.48691389;1.67696895;2.53863187;-0.12856256;0.00000000;0.00000000
610;61.00000000;0.00000000;6.06327116;12.40160943;1.49414261;1.68379986;2.52510329;-0.14372272;0.00000000;0.00000000
611;61.10000000;0.00000000;5.98213900;12.46000588;1.50652169;1.67759082;2.50988733;-0.15603659;0.00000000;0.00000000
612;61.20000000;0.00000000;5.90193036;12.51966732;1.49883295;1.67033170;2.49389597;-0.18884294;0.00000000;0.00000000
613;61.30000000;0.00000000;5.82270727;12.58062815;1.48961955;1.66553337;2.47211874;-0.22344325;0.00000000;0.00000000
614;61.40000000;0.00000000;5.74516988;12.64372729;1.48436075;1.66944623;2.44920733;-0.18249799;0.00000000;0.00000000
615;61.50000000;0.00000000;5.66881910;12.70825595;1.48396803;1.68115165;2.43561914;-0.14815253;0.00000000;0.00000000
616;61.60000000;0.00000000;5.59302549;12.77343822;1.48944080;1.69270210;2.41957682;-0.19597351;0.00000000;0.00000000
617;61.70000000;0.00000000;5.51879301;12.84037503;1.49459729;1.68754249;2.39642444;-0.22087734;0.00000000;0.00000000
618;61.80000000;0.00000000;5.44610166;12.90899187;1.49747758;1.68466115;2.37540135;-0.20284914;0.00000000;0.00000000
619;61.90000000;0.00000000;5.37474344;12.97899474;1.49843577;1.68370274;2.35585461;-0.19821993;0.00000000;0.00000000
620;62.00000000;0.00000000;5.30478839;13.05040122;1.49740943;1.68472900;2.33575737;-0.20875991;0.00000000;0.00000000
621;62.10000000;0.00000000;5.23629853;13.12321736;1.49434994;1.68778780;2.31410263;-0.22564672;0.00000000;0.00000000
622;62.20000000;0.00000000;5.16949750;13.19758920;1.48899519;1.69314021;2.29062802;-0.21220868;0.00000000;0.00000000
623;62.30000000;0.00000000;5.10449965;13.27354055;1.48124670;1.70088361;2.27166089;-0.18467474;0.00000000;0.00000000
624;62.40000000;0.00000000;5.04056835;13.35039097;1.47210693;1.70289833;2.25369307;-0.19208515;0.00000000;0.00000000
625;62.50000000;0.00000000;4.97834558;13.42862316;1.46077938;1.68978603;2.23324386;-0.19178701;0.00000000;0.00000000
626;62.60000000;0.00000000;4.91761146;13.50802111;1.45219146;1.68440997;2.21533567;-0.18642099;0.00000000;0.00000000
627;62.70000000;0.00000000;4.85822818;13.58843375;1.44876877;1.68664555;2.19595967;-0.22611368;0.00000000;0.00000000
628;62.80000000;0.00000000;4.80062035;13.67011864;1.45005424;1.69695166;2.17011294;-0.27194879;0.00000000;0.00000000
629;62.90000000;0.00000000;4.74547264;13.75349000;1.45523939;1.71595895;2.14156991;-0.28312041;0.00000000;0.00000000
630;63.00000000;0.00000000;4.69261497;13.83833546;1.45039473;1.73388720;2.11348886;-0.27318608;0.00000000;0.00000000
631;63.10000000;0.00000000;4.64223028;13.92467741;1.43774619;1.71035022;2.08693269;-0.28388040;0.00000000;0.00000000
632;63.20000000;0.00000000;4.59394967;14.01221253;1.42956395;1.68911985;2.05671277;-0.30391247;0.00000000;0.00000000
633;63.30000000;0.00000000;4.54887668;14.10143186;1.42472543;1.67720375;2.02615020;-0.27510159;0.00000000;0.00000000
634;63.40000000;0.00000000;4.50603589;14.19174732;1.42440583;1.67367826;2.00169246;-0.24566779;0.00000000;0.00000000
635;63.50000000;0.00000000;4.46537912;14.28306433;1.42869233;1.67851479;1.97701664;-0.25339610;0.00000000;0.00000000
636;63.60000000;0.00000000;4.42704730;14.37537986;1.43741430;1.69176445;1.95101324;-0.27226238;0.00000000;0.00000000
637;63.70000000;0.00000000;4.39119322;14.46868488;1.45035022;1.68140050;1.92256416;-0.30003150;0.00000000;0.00000000
638;63.80000000;0.00000000;4.35817500;14.56302584;1.44361616;1.67928687;1.89100694;-0.31959206;0.00000000;0.00000000
639;63.90000000;0.00000000;4.32827705;14.65840679;1.43847069;1.68276684;1.85864575;-0.32965335;0.00000000;0.00000000
640;64.00000000;0.00000000;4.30142886;14.75468901;1.43708270;1.68247293;1.82507627;-0.34049788;0.00000000;0.00000000
641;64.10000000;0.00000000;4.27799638;14.85186395;1.43911487;1.68487789;1.79054618;-0.35379666;0.00000000;0.00000000
642;64.20000000;0.00000000;4.25785518;14.94977458;1.44470795;1.66470021;1.75431693;-0.37288284;0.00000000;0.00000000
643;64.30000000;0.00000000;4.24151792;15.04839779;1.45332152;1.64834057;1.71596961;-0.37117657;0.00000000;0.00000000
644;64.40000000;0.00000000;4.22893702;15.14757072;1.46496251;1.63574724;1.68008162;-0.35402516;0.00000000;0.00000000
645;64.50000000;0.00000000;4.21971500;15.24710752;1.47417142;1.62651897;1.64516458;-0.35420478;0.00000000;0.00000000
646;64.60000000;0.00000000;4.21408531;15.34690748;1.47979555;1.62088722;1.60924067;-0.36118326;0.00000000;0.00000000
647;64.70000000;0.00000000;4.21203256;15.44684188;1.48184697;1.61883424;1.57292792;-0.36539765;0.00000000;0.00000000
648;64.80000000;0.00000000;4.21365926;15.54678150;1.48022013;1.62046021;1.53616114;-0.36674180;0.00000000;0.00000000
649;64.90000000;0.00000000;4.21895373;15.64659239;1.47492349;1.62575107;1.49957956;-0.36442048;0.00000000;0.00000000
650;65.00000000;0.00000000;4.22788119;15.74614297;1.46598870;1.63466984;1.46327704;-0.36529184;0.00000000;0.00000000
651;65.10000000;0.00000000;4.24040189;15.84530513;1.45920705;1.64717494;1.42652120;-0.37173185;0.00000000;0.00000000
652;65.20000000;0.00000000;4.25661625;15.94392767;1.45552333;1.66336519;1.38893067;-0.37241713;0.00000000;0.00000000
653;65.30000000;0.00000000;4.27654964;16.04186964;1.45491811;1.68326561;1.35203777;-0.36303356;0.00000000;0.00000000
654;65.40000000;0.00000000;4.29999127;16.13903268;1.45581884;1.69640858;1.31632396;-0.35059241;0.00000000;0.00000000
655;65.50000000;0.00000000;4.32686428;16.23530463;1.45539401;1.69431817;1.28191929;-0.32583515;0.00000000;0.00000000
656;65.60000000;0.00000000;4.35693301;16.33063299;1.45849889;1.69855470;1.25115693;-0.29381043;0.00000000;0.00000000
657;65.70000000;0.00000000;4.38967739;16.42507849;1.46562019;1.68168524;1.22315720;-0.30332559;0.00000000;0.00000000
658;65.80000000;0.00000000;4.42503518;16.51857604;1.47430062;1.67341046;1.19049181;-0.34043872;0.00000000;0.00000000
659;65.90000000;0.00000000;4.46387758;16.61068762;1.47591219;1.67483369;1.15506946;-0.32081153;0.00000000;0.00000000
660;66.00000000;0.00000000;4.50576835;16.70145496;1.48095557;1.68551460;1.12632950;-0.27453879;0.00000000;0.00000000
661;66.10000000;0.00000000;4.54983809;16.79118256;1.49030061;1.67980892;1.10016170;-0.25547723;0.00000000;0.00000000
662;66.20000000;0.00000000;4.59641659;16.87962823;1.48728825;1.66895683;1.07523406;-0.23871998;0.00000000;0.00000000
663;66.30000000;0.00000000;4.64490155;16.96704550;1.47395756;1.66621539;1.05241770;-0.22597825;0.00000000;0.00000000
664;66.40000000;0.00000000;4.69546457;17.05327144;1.46493837;1.66142349;1.03003841;-0.20465229;0.00000000;0.00000000
665;66.50000000;0.00000000;4.74781236;17.13843202;1.46063164;1.65253017;1.01148725;-0.17623446;0.00000000;0.00000000
666;66.60000000;0.00000000;4.80154243;17.22272828;1.46152959;1.65128747;0.99479151;-0.17927934;0.00000000;0.00000000
667;66.70000000;0.00000000;4.85670370;17.30609304;1.46754531;1.65778992;0.97563138;-0.18430202;0.00000000;0.00000000
668;66.80000000;0.00000000;4.91362554;17.38827160;1.47820421;1.65052146;0.95793111;-0.17608958;0.00000000;0.00000000
669;66.90000000;0.00000000;4.97170602;17.46963625;1.49409654;1.62318671;0.94041346;-0.16777814;0.00000000;0.00000000
670;67.00000000;0.00000000;5.03147056;17.54976923;1.50846601;1.60368990;0.92437548;-0.16495001;0.00000000;0.00000000
671;67.10000000;0.00000000;5.09212973;17.62922830;1.52173205;1.59041861;0.90742346;-0.18663337;0.00000000;0.00000000
672;67.20000000;0.00000000;5.15456931;17.70728046;1.53275256;1.58030815;0.88704881;-0.17338841;0.00000000;0.00000000
673;67.30000000;0.00000000;5.21841499;17.78420265;1.54198565;1.57828665;0.87274578;-0.13743198;0.00000000;0.00000000
674;67.40000000;0.00000000;5.28306818;17.86044470;1.55016954;1.58364199;0.85956241;-0.15011020;0.00000000;0.00000000
675;67.50000000;0.00000000;5.34891951;17.93565686;1.55678148;1.59681692;0.84272374;-0.19503681;0.00000000;0.00000000
676;67.60000000;0.00000000;5.41610543;18.00968119;1.56189156;1.61781818;0.82055505;-0.19586569;0.00000000;0.00000000
677;67.70000000;0.00000000;5.48522393;18.08189883;1.56964773;1.61863560;0.80355060;-0.14433899;0.00000000;0.00000000
678;67.80000000;0.00000000;5.55488766;18.15359562;1.58294544;1.61719806;0.79168725;-0.14552742;0.00000000;0.00000000
679;67.90000000;0.00000000;5.62569627;18.22414926;1.60079980;1.61737838;0.77444512;-0.16316004;0.00000000;0.00000000
680;68.00000000;0.00000000;5.69778873;18.29340009;1.59193941;1.61921642;0.75905525;-0.14231975;0.00000000;0.00000000
681;68.10000000;0.00000000;5.77074096;18.36174661;1.57267427;1.59730072;0.74598117;-0.13508913;0.00000000;0.00000000
682;68.20000000;0.00000000;5.84462138;18.42909074;1.55823248;1.58120311;0.73203742;-0.13581911;0.00000000;0.00000000
683;68.30000000;0.00000000;5.91945129;18.49537673;1.54869664;1.57273201;0.71881735;-0.13749579;0.00000000;0.00000000
684;68.40000000;0.00000000;5.99508419;18.56074234;1.54143741;1.57181201;0.70453826;-0.15204502;0.00000000;0.00000000
685;68.50000000;0.00000000;6.07177153;18.62486053;1.53546411;1.57363527;0.68840834;-0.14401355;0.00000000;0.00000000
686;68.60000000;0.00000000;6.14947447;18.68775363;1.53439622;1.55836276;0.67573555;-0.14286908;0.00000000;0.00000000
687;68.70000000;0.00000000;6.22776732;18.74991182;1.53889202;1.55034335;0.65983453;-0.15606565;0.00000000;0.00000000
688;68.80000000;0.00000000;6.30743180;18.81030321;1.54761869;1.55098423;0.64452242;-0.11685154;0.00000000;0.00000000
689;68.90000000;0.00000000;6.38759108;18.87003488;1.56189299;1.55887208;0.63646422;-0.08129590;0.00000000;0.00000000
690;69.00000000;0.00000000;6.46821744;18.92913383;1.56108145;1.57385977;0.62826324;-0.08524288;0.00000000;0.00000000
691;69.10000000;0.00000000;6.54934488;18.98754223;1.56244515;1.58988093;0.61941564;-0.08400988;0.00000000;0.00000000
692;69.20000000;0.00000000;6.63100510;19.04520586;1.56927440;1.58221477;0.61146127;-0.07371607;0.00000000;0.00000000
693;69.30000000;0.00000000;6.71305286;19.10231727;1.58173611;1.56439858;0.60467243;-0.08573348;0.00000000;0.00000000
694;69.40000000;0.00000000;6.79548852;19.15886689;1.59969014;1.55350675;0.59431457;-0.11905118;0.00000000;0.00000000
695;69.50000000;0.00000000;6.87869829;19.21426420;1.62227091;1.55039125;0.58086219;-0.13032627;0.00000000;0.00000000
696;69.60000000;0.00000000;6.96262337;19.26857444;1.63284372;1.55501239;0.56824932;-0.12961697;0.00000000;0.00000000
697;69.70000000;0.00000000;7.04720477;19.32185581;1.63018533;1.56722102;0.55493880;-0.11488011;0.00000000;0.00000000
698;69.80000000;0.00000000;7.13254795;19.37391430;1.62147261;1.58705554;0.54527330;-0.07021717;0.00000000;0.00000000
699;69.90000000;0.00000000;7.21814618;19.42555238;1.61840599;1.58759528;0.54089537;-0.05854932;0.00000000;0.00000000
700;70.00000000;0.00000000;7.30394176;19.47686153;1.62112550;1.58630001;0.53356343;-0.08444599;0.00000000;0.00000000
701;70.10000000;0.00000000;7.39028491;19.52723710;1.60590940;1.58063869;0.52400617;-0.07749933;0.00000000;0.00000000
702;70.20000000;0.00000000;7.47704557;19.57689712;1.59572430;1.56922297;0.51806357;-0.06071055;0.00000000;0.00000000
703;70.30000000;0.00000000;7.56398375;19.62624430;1.59140481;1.56448556;0.51186406;-0.09127358;0.00000000;0.00000000
704;70.40000000;0.00000000;7.65135354;19.67482482;1.59247904;1.55683438;0.49980885;-0.12753885;0.00000000;0.00000000
705;70.50000000;0.00000000;7.73945636;19.72206188;1.59828821;1.55545508;0.48635629;-0.10395764;0.00000000;0.00000000
706;70.60000000;0.00000000;7.82809979;19.76827354;1.59547507;1.56164632;0.47901732;-0.05060319;0.00000000;0.00000000
707;70.70000000;0.00000000;7.91688688;19.81421263;1.59492465;1.55697370;0.47623565;-0.03733533;0.00000000;0.00000000
708;70.80000000;0.00000000;8.00578721;19.85993103;1.59553625;1.54683669;0.47155026;-0.06522923;0.00000000;0.00000000
709;70.90000000;0.00000000;8.09499959;19.90503545;1.59496575;1.54381131;0.46318980;-0.06044872;0.00000000;0.00000000
710;71.00000000;0.00000000;8.18465237;19.94926128;1.59967125;1.54823260;0.45946051;-0.00570745;0.00000000;0.00000000
711;71.10000000;0.00000000;8.27419999;19.99369969;1.60491165;1.55882962;0.46204831;-0.01373624;0.00000000;0.00000000
712;71.20000000;0.00000000;8.36362266;20.03838893;1.59366332;1.55757124;0.45671326;-0.06253179;0.00000000;0.00000000
713;71.30000000;0.00000000;8.45363682;20.08186811;1.58729179;1.55229047;0.44954195;-0.05437576;0.00000000;0.00000000
714;71.40000000;0.00000000;8.54369100;20.12527015;1.58711635;1.55352477;0.44583811;-0.05457066;0.00000000;0.00000000
715;71.50000000;0.00000000;8.63402439;20.16808116;1.59257445;1.55872959;0.43862782;-0.06716013;0.00000000;0.00000000
716;71.60000000;0.00000000;8.72469531;20.21018023;1.59599167;1.56233204;0.43240609;-0.06831059;0.00000000;0.00000000
717;71.70000000;0.00000000;8.81555528;20.25186427;1.58370772;1.57090958;0.42496570;-0.06067157;0.00000000;0.00000000
718;71.80000000;0.00000000;8.90684259;20.29260950;1.57663127;1.57102346;0.42027177;-0.01910790;0.00000000;0.00000000
719;71.90000000;0.00000000;8.99809195;20.33343965;1.57597030;1.56597088;0.42114412;0.02565758;0.00000000;0.00000000
720;72.00000000;0.00000000;9.08930805;20.37434408;1.58172126;1.54322460;0.42540329;0.01384875;0.00000000;0.00000000
721;72.10000000;0.00000000;9.18020617;20.41594998;1.59449515;1.52593510;0.42391387;-0.03245378;0.00000000;0.00000000
722;72.20000000;0.00000000;9.27154276;20.45658209;1.61233013;1.51612332;0.41891253;-0.03991871;0.00000000;0.00000000
723;72.30000000;0.00000000;9.36285254;20.49727672;1.60867666;1.51279966;0.41593013;-0.05722905;0.00000000;0.00000000
724;72.40000000;0.00000000;9.45442953;20.53736315;1.59935196;1.51400027;0.40746672;-0.07598021;0.00000000;0.00000000
725;72.50000000;0.00000000;9.54641367;20.57650587;1.58814833;1.51945763;0.40073409;-0.04884970;0.00000000;0.00000000
726;72.60000000;0.00000000;9.63852328;20.61535609;1.58287159;1.53174954;0.39769678;-0.03513363;0.00000000;0.00000000
727;72.70000000;0.00000000;9.73074350;20.65393931;1.58361044;1.55068447;0.39370736;-0.02914989;0.00000000;0.00000000
728;72.80000000;0.00000000;9.82315999;20.69205332;1.59013792;1.57623389;0.39186680;-0.02065568;0.00000000;0.00000000
729;72.90000000;0.00000000;9.91552233;20.73029710;1.60302434;1.56652053;0.38957623;-0.00921226;0.00000000;0.00000000
730;73.00000000;0.00000000;10.00811240;20.76798731;1.59762829;1.54615548;0.39002435;0.03694800;0.00000000;0.00000000
731;73.10000000;0.00000000;10.10044098;20.80631408;1.58840527;1.53137162;0.39696583;0.07123236;0.00000000;0.00000000
732;73.20000000;0.00000000;10.19249924;20.84528619;1.58614390;1.52232085;0.40427082;0.04045664;0.00000000;0.00000000
733;73.30000000;0.00000000;10.28425819;20.88495782;1.59093501;1.51904491;0.40505716;-0.02633289;0.00000000;0.00000000
734;73.40000000;0.00000000;10.37625486;20.92407457;1.60136436;1.52294290;0.39900425;-0.06385306;0.00000000;0.00000000
735;73.50000000;0.00000000;10.46848705;20.96263238;1.61731964;1.53396283;0.39228654;-0.07107715;0.00000000;0.00000000
736;73.60000000;0.00000000;10.56100049;21.00050944;1.63851262;1.54762340;0.38478882;-0.05099172;0.00000000;0.00000000
737;73.70000000;0.00000000;10.65380007;21.03767974;1.64506182;1.54855158;0.38208820;0.01283240;0.00000000;0.00000000
738;73.80000000;0.00000000;10.74651649;21.07505646;1.63761237;1.53181378;0.38735529;0.03582190;0.00000000;0.00000000
739;73.90000000;0.00000000;10.83891913;21.11320215;1.62648811;1.51500794;0.38925258;-0.02668251;0.00000000;0.00000000
740;74.00000000;0.00000000;10.93148836;21.15092849;1.62101117;1.50512033;0.38201879;-0.04911196;0.00000000;0.00000000
741;74.10000000;0.00000000;11.02443314;21.18773342;1.62069480;1.50283058;0.37943019;-0.00999210;0.00000000;0.00000000
742;74.20000000;0.00000000;11.11720165;21.22498207;1.62700947;1.50670636;0.38002037;0.00974436;0.00000000;0.00000000
743;74.30000000;0.00000000;11.21010343;21.26189688;1.63905160;1.51752940;0.38137906;0.00933703;0.00000000;0.00000000
744;74.40000000;0.00000000;11.30277064;21.29939758;1.62634869;1.52936693;0.38188778;0.01644922;0.00000000;0.00000000
745;74.50000000;0.00000000;11.39563516;21.33640704;1.61674444;1.54690873;0.38466890;0.02839314;0.00000000;0.00000000
746;74.60000000;0.00000000;11.48809251;21.37442266;1.61437466;1.54630303;0.38756641;-0.00969984;0.00000000;0.00000000
747;74.70000000;0.00000000;11.58074107;21.41196967;1.61502564;1.53427381;0.38272894;-0.04644049;0.00000000;0.00000000
748;74.80000000;0.00000000;11.67356174;21.44908895;1.61262961;1.52617351;0.37827831;-0.04640680;0.00000000;0.00000000
749;74.90000000;0.00000000;11.76654075;21.48580976;1.61516931;1.52195668;0.37344758;-0.02716748;0.00000000;0.00000000
750;75.00000000;0.00000000;11.85971549;21.52203045;1.61846180;1.52483455;0.37284481;0.00843365;0.00000000;0.00000000
751;75.10000000;0.00000000;11.95273792;21.55863884;1.62831120;1.52772884;0.37513431;0.00080185;0.00000000;0.00000000
752;75.20000000;0.00000000;12.04574587;21.59528581;1.63434991;1.53113896;0.37300518;-0.01737862;0.00000000;0.00000000
753;75.30000000;0.00000000;12.13892402;21.63149802;1.61627601;1.54150281;0.37165858;0.00896969;0.00000000;0.00000000
754;75.40000000;0.00000000;12.23202935;21.66789399;1.59872923;1.55639112;0.37479912;0.01332692;0.00000000;0.00000000
755;75.50000000;0.00000000;12.32497812;21.70469070;1.58772477;1.54320065;0.37432397;-0.02762692;0.00000000;0.00000000
756;75.60000000;0.00000000;12.41811904;21.74099858;1.58244411;1.53693965;0.36927374;-0.04905390;0.00000000;0.00000000
757;75.70000000;0.00000000;12.51143492;21.77685468;1.58298544;1.53765223;0.36451319;-0.04809658;0.00000000;0.00000000
758;75.80000000;0.00000000;12.60491736;21.81227414;1.58935988;1.54531168;0.35965442;-0.01464070;0.00000000;0.00000000
759;75.90000000;0.00000000;12.69857721;21.84722174;1.60146126;1.55985170;0.36158505;-0.02360283;0.00000000;0.00000000
760;76.00000000;0.00000000;12.79192239;21.88300198;1.62052296;1.57359183;0.35493386;-0.06527747;0.00000000;0.00000000
761;76.10000000;0.00000000;12.88603866;21.91670056;1.61975707;1.57564033;0.34852955;-0.01968603;0.00000000;0.00000000
762;76.20000000;0.00000000;12.97983408;21.95128214;1.61377011;1.55648680;0.35099665;0.01810578;0.00000000;0.00000000
763;76.30000000;0.00000000;13.07378309;21.98544475;1.60952783;1.54402664;0.35215071;0.01511916;0.00000000;0.00000000
764;76.40000000;0.00000000;13.16749810;22.02024260;1.61216367;1.53730010;0.35402048;0.01157526;0.00000000;0.00000000
765;76.50000000;0.00000000;13.26131846;22.05475622;1.60766699;1.53736244;0.35446576;0.00830074;0.00000000;0.00000000
766;76.60000000;0.00000000;13.35500234;22.08963747;1.60297211;1.54352081;0.35568063;0.00519836;0.00000000;0.00000000
767;76.70000000;0.00000000;13.44873835;22.12437886;1.59546359;1.55623754;0.35550543;-0.01520341;0.00000000;0.00000000
768;76.80000000;0.00000000;13.54243448;22.15922730;1.59431476;1.54402752;0.35263995;-0.05429761;0.00000000;0.00000000
769;76.90000000;0.00000000;13.63636217;22.19342876;1.59873997;1.52827966;0.34464591;-0.05384236;0.00000000;0.00000000
770;77.00000000;0.00000000;13.73060317;22.22677474;1.60550914;1.51986968;0.34187147;-0.02235000;0.00000000;0.00000000
771;77.10000000;0.00000000;13.82472528;22.26045662;1.61599563;1.51765412;0.34017591;-0.04630374;0.00000000;0.00000000
772;77.20000000;0.00000000;13.91907924;22.29348298;1.61768493;1.52270857;0.33261073;-0.07476837;0.00000000;0.00000000
773;77.30000000;0.00000000;14.01369993;22.32573688;1.60464961;1.53508135;0.32522224;-0.03761961;0.00000000;0.00000000
774;77.40000000;0.00000000;14.10853198;22.35736554;1.59711492;1.55444386;0.32508680;0.03068015;0.00000000;0.00000000
775;77.50000000;0.00000000;14.20316192;22.38959399;1.59645192;1.57658504;0.33135827;0.02440672;0.00000000;0.00000000
776;77.60000000;0.00000000;14.29758991;22.42240964;1.60265726;1.57257870;0.32996815;-0.01211432;0.00000000;0.00000000
777;77.70000000;0.00000000;14.39230932;22.45437494;1.59190834;1.55742353;0.32893540;-0.01028678;0.00000000;0.00000000
778;77.80000000;0.00000000;14.48680503;22.48699553;1.57567369;1.54789510;0.32791079;-0.05330842;0.00000000;0.00000000
779;77.90000000;0.00000000;14.58158946;22.51876657;1.56477115;1.54568769;0.31827372;-0.09830544;0.00000000;0.00000000
780;78.00000000;0.00000000;14.67669572;22.54955970;1.55918122;1.55096446;0.30824970;-0.09706183;0.00000000;0.00000000
781;78.10000000;0.00000000;14.77209758;22.57942411;1.55901644;1.56359486;0.29886135;-0.09406431;0.00000000;0.00000000
782;78.20000000;0.00000000;14.86776514;22.60842610;1.56435047;1.58055359;0.28943684;-0.06781171;0.00000000;0.00000000
783;78.30000000;0.00000000;14.96371260;22.63648698;1.57504831;1.56641707;0.28529901;-0.02942744;0.00000000;0.00000000
784;78.40000000;0.00000000;15.05961721;22.66469637;1.59211532;1.55842245;0.28355135;0.00270378;0.00000000;0.00000000
785;78.50000000;0.00000000;15.15566193;22.69242165;1.59201714;1.55732293;0.28583977;0.03913879;0.00000000;0.00000000
786;78.60000000;0.00000000;15.25143122;22.72106815;1.58464781;1.56167217;0.29137911;-0.00111141;0.00000000;0.00000000
787;78.70000000;0.00000000;15.34716222;22.74985552;1.57424695;1.55781755;0.28561749;-0.07460302;0.00000000;0.00000000
788;78.80000000;0.00000000;15.44325848;22.77739750;1.56885661;1.55226271;0.27645851;-0.07061100;0.00000000;0.00000000
789;78.90000000;0.00000000;15.53950258;22.80442707;1.56929354;1.55366832;0.27149528;-0.07142129;0.00000000;0.00000000
790;79.00000000;0.00000000;15.63586754;22.83101381;1.57562682;1.56194170;0.26217425;-0.08718290;0.00000000;0.00000000
791;79.10000000;0.00000000;15.73259619;22.85624394;1.58685054;1.57790350;0.25405870;-0.01585806;0.00000000;0.00000000
792;79.20000000;0.00000000;15.82937846;22.88126275;1.58451980;1.59771037;0.25900264;0.04527657;0.00000000;0.00000000
793;79.30000000;0.00000000;15.92585559;22.90744876;1.58567411;1.59282880;0.26311402;-0.02790399;0.00000000;0.00000000
794;79.40000000;0.00000000;16.02243020;22.93326291;1.57422956;1.58613500;0.25342184;-0.11749820;0.00000000;0.00000000
795;79.50000000;0.00000000;16.11939413;22.95757332;1.56265806;1.58727962;0.23961438;-0.09736269;0.00000000;0.00000000
796;79.60000000;0.00000000;16.21664721;22.98071169;1.55622301;1.59590212;0.23394930;-0.03495866;0.00000000;0.00000000
797;79.70000000;0.00000000;16.31388303;23.00392257;1.55627082;1.58644502;0.23262265;-0.05520860;0.00000000;0.00000000
798;79.80000000;0.00000000;16.41119447;23.02680217;1.56238819;1.57837740;0.22290758;-0.09782472;0.00000000;0.00000000
799;79.90000000;0.00000000;16.50886288;23.04811951;1.57325546;1.57822156;0.21305770;-0.09921715;0.00000000;0.00000000
800;80.00000000;0.00000000;16.60660686;23.06907791;1.57165902;1.58200295;0.20306415;-0.09236932;0.00000000;0.00000000
801;80.10000000;0.00000000;16.70468180;23.08843903;1.56328368;1.59056109;0.19458384;-0.04401631;0.00000000;0.00000000
802;80.20000000;0.00000000;16.80276918;23.10773708;1.56121301;1.58656376;0.19426089;0.02991914;0.00000000;0.00000000
803;80.30000000;0.00000000;16.90085585;23.12703470;1.56553577;1.58409457;0.20056767;0.01081798;0.00000000;0.00000000
804;80.40000000;0.00000000;16.99869090;23.14756818;1.56582593;1.58666871;0.19642449;-0.12616050;0.00000000;0.00000000
805;80.50000000;0.00000000;17.09693407;23.16605236;1.55217139;1.59758631;0.17533557;-0.17206397;0.00000000;0.00000000
806;80.60000000;0.00000000;17.19554900;23.18244252;1.54275400;1.59763569;0.16201169;-0.05296624;0.00000000;0.00000000
807;80.70000000;0.00000000;17.29425056;23.19830260;1.53924562;1.58814134;0.16474232;-0.02272571;0.00000000;0.00000000
808;80.80000000;0.00000000;17.39277454;23.21523108;1.54330343;1.58382488;0.15746655;-0.07497048;0.00000000;0.00000000
809;80.90000000;0.00000000;17.49169625;23.22965324;1.55127765;1.58834352;0.14974823;-0.03546734;0.00000000;0.00000000
810;81.00000000;0.00000000;17.59046971;23.24505887;1.56658575;1.59812538;0.15037308;-0.05254891;0.00000000;0.00000000
811;81.10000000;0.00000000;17.68937342;23.25960466;1.56625949;1.61490440;0.13923844;-0.07805256;0.00000000;0.00000000
812;81.20000000;0.00000000;17.78846515;23.27280700;1.54948001;1.60645088;0.13476257;-0.04052864;0.00000000;0.00000000
813;81.30000000;0.00000000;17.88749513;23.28646687;1.53948448;1.59507940;0.13113272;-0.04345623;0.00000000;0.00000000
814;81.40000000;0.00000000;17.98667970;23.29894943;1.53475655;1.58810343;0.12607133;-0.05792831;0.00000000;0.00000000
815;81.50000000;0.00000000;18.08584292;23.31160616;1.53670698;1.58408991;0.11954705;-0.11158821;0.00000000;0.00000000
816;81.60000000;0.00000000;18.18518092;23.32279337;1.54366503;1.58785530;0.10375368;-0.16744385;0.00000000;0.00000000
817;81.70000000;0.00000000;18.28469238;23.33231188;1.55318770;1.59953935;0.08605828;-0.15122530;0.00000000;0.00000000
818;81.80000000;0.00000000;18.38436285;23.33997706;1.56085554;1.61914499;0.07350862;-0.12150298;0.00000000;0.00000000
819;81.90000000;0.00000000;18.48408382;23.34699533;1.56787599;1.63239771;0.06175769;-0.15441202;0.00000000;0.00000000
820;82.00000000;0.00000000;18.58390548;23.35231605;1.57319794;1.62707543;0.04262622;-0.17412785;0.00000000;0.00000000
821;82.10000000;0.00000000;18.68381684;23.35551435;1.57639664;1.62387667;0.02693212;-0.14691892;0.00000000;0.00000000
822;82.20000000;0.00000000;18.78376037;23.35769986;1.57858226;1.62169108;0.01324244;-0.17179903;0.00000000;0.00000000
823;82.30000000;0.00000000;18.88372045;23.35816172;1.57904414;1.62122920;-0.00742769;-0.19955020;0.00000000;0.00000000
824;82.40000000;0.00000000;18.98366144;23.35621503;1.57709783;1.62317530;-0.02666760;-0.17636334;0.00000000;0.00000000
825;82.50000000;0.00000000;19.08357119;23.35283091;1.57371450;1.62655820;-0.04270036;-0.18942645;0.00000000;0.00000000
826;82.60000000;0.00000000;19.18339744;23.34768105;1.56856644;1.63170543;-0.06455289;-0.24268792;0.00000000;0.00000000
827;82.70000000;0.00000000;19.28305569;23.33993570;1.56082495;1.63944544;-0.09123794;-0.25150053;0.00000000;0.00000000
828;82.80000000;0.00000000;19.38246276;23.32946817;1.55036444;1.64990389;-0.11485300;-0.21131498;0.00000000;0.00000000
829;82.90000000;0.00000000;19.48165188;23.31702550;1.53793187;1.66233464;-0.13350094;-0.20456119;0.00000000;0.00000000
830;83.00000000;0.00000000;19.58060106;23.30285825;1.52377851;1.67648727;-0.15576524;-0.23515507;0.00000000;0.00000000
831;83.10000000;0.00000000;19.67912952;23.28601414;1.50695534;1.68168094;-0.18053195;-0.22646232;0.00000000;0.00000000
832;83.20000000;0.00000000;19.77726284;23.26696371;1.48974456;1.67125470;-0.20105770;-0.21848020;0.00000000;0.00000000
833;83.30000000;0.00000000;19.87501791;23.24608984;1.47370366;1.66863156;-0.22422799;-0.25579223;0.00000000;0.00000000
834;83.40000000;0.00000000;19.97215718;23.22251551;1.45853123;1.67475249;-0.25221615;-0.27611587;0.00000000;0.00000000
835;83.50000000;0.00000000;20.06859173;23.19620511;1.44728657;1.68957260;-0.27945116;-0.25026595;0.00000000;0.00000000
836;83.60000000;0.00000000;20.16430944;23.16737546;1.44027671;1.71265681;-0.30226934;-0.23608221;0.00000000;0.00000000
837;83.70000000;0.00000000;20.25944537;23.13669227;1.43824584;1.72619266;-0.32666760;-0.28197108;0.00000000;0.00000000
838;83.80000000;0.00000000;20.35363798;23.10322987;1.44022468;1.71668169;-0.35866355;-0.31636146;0.00000000;0.00000000
839;83.90000000;0.00000000;20.44661852;23.06652521;1.44051658;1.71642214;-0.38993990;-0.26087431;0.00000000;0.00000000
840;84.00000000;0.00000000;20.53854168;23.02723728;1.43086654;1.72475352;-0.41083842;-0.21036824;0.00000000;0.00000000
841;84.10000000;0.00000000;20.62990957;22.98667843;1.42677865;1.72550327;-0.43201354;-0.25082990;0.00000000;0.00000000
842;84.20000000;0.00000000;20.72008694;22.94353396;1.42684299;1.73310628;-0.46100440;-0.29278638;0.00000000;0.00000000
843;84.30000000;0.00000000;20.80895287;22.89774756;1.43089287;1.73382849;-0.49057082;-0.27706529;0.00000000;0.00000000
844;84.40000000;0.00000000;20.89642247;22.84934935;1.43252423;1.73261933;-0.51641746;-0.25333075;0.00000000;0.00000000
845;84.50000000;0.00000000;20.98280235;22.79903330;1.43891235;1.73936925;-0.54123697;-0.26313434;0.00000000;0.00000000
846;84.60000000;0.00000000;21.06776052;22.74635594;1.44378352;1.73904799;-0.56904432;-0.27929371;0.00000000;0.00000000
847;84.70000000;0.00000000;21.15120737;22.69131790;1.43892634;1.71902180;-0.59709571;-0.28050642;0.00000000;0.00000000
848;84.80000000;0.00000000;21.23307611;22.63396090;1.43820129;1.70173889;-0.62514561;-0.28027087;0.00000000;0.00000000
849;84.90000000;0.00000000;21.31330368;22.57433204;1.43964371;1.68721557;-0.65314989;-0.29764488;0.00000000;0.00000000
850;85.00000000;0.00000000;21.39183134;22.51248353;1.44056742;1.68132284;-0.68467458;-0.32260382;0.00000000;0.00000000
851;85.10000000;0.00000000;21.46813435;22.44792485;1.44491436;1.68486449;-0.71767065;-0.29007868;0.00000000;0.00000000
852;85.20000000;0.00000000;21.54241206;22.38103333;1.45013785;1.69736576;-0.74269032;-0.22387990;0.00000000;0.00000000
853;85.30000000;0.00000000;21.61540146;22.31272848;1.45345057;1.71747657;-0.76244663;-0.21337182;0.00000000;0.00000000
854;85.40000000;0.00000000;21.68697898;22.24295469;1.45763771;1.70241921;-0.78536468;-0.24115899;0.00000000;0.00000000
855;85.50000000;0.00000000;21.75675767;22.17138174;1.46610993;1.68344058;-0.81067843;-0.25167767;0.00000000;0.00000000
856;85.60000000;0.00000000;21.82471291;22.09807469;1.47881568;1.67274460;-0.83570022;-0.24862791;0.00000000;0.00000000
857;85.70000000;0.00000000;21.89082477;22.02309991;1.49566919;1.67046676;-0.86040401;-0.25111053;0.00000000;0.00000000
858;85.80000000;0.00000000;21.95507791;21.94652467;1.50553099;1.67152584;-0.88592232;-0.28012446;0.00000000;0.00000000
859;85.90000000;0.00000000;22.01727674;21.86827743;1.49887563;1.65780357;-0.91642890;-0.29444652;0.00000000;0.00000000
860;86.00000000;0.00000000;22.07674354;21.78792391;1.49542225;1.65348099;-0.94481163;-0.25521498;0.00000000;0.00000000
861;86.10000000;0.00000000;22.13440868;21.70626537;1.49642258;1.65741644;-0.96747190;-0.22624754;0.00000000;0.00000000
862;86.20000000;0.00000000;22.19017554;21.62329787;1.50178657;1.64421785;-0.99006114;-0.22054331;0.00000000;0.00000000
863;86.30000000;0.00000000;22.24409356;21.53911879;1.49920737;1.63082994;-1.01158056;-0.19368224;0.00000000;0.00000000
864;86.40000000;0.00000000;22.29623737;21.45383148;1.48843580;1.62558916;-1.02879758;-0.16416810;0.00000000;0.00000000
865;86.50000000;0.00000000;22.34722528;21.36784626;1.48298316;1.62538023;-1.04441418;-0.17067731;0.00000000;0.00000000
866;86.60000000;0.00000000;22.39667941;21.28097367;1.48248769;1.62316138;-1.06293305;-0.18815393;0.00000000;0.00000000
867;86.70000000;0.00000000;22.44444667;21.19316258;1.48679624;1.61286650;-1.08204497;-0.20476649;0.00000000;0.00000000
868;86.80000000;0.00000000;22.49054476;21.10446381;1.49590523;1.61061947;-1.10388635;-0.24246898;0.00000000;0.00000000
869;86.90000000;0.00000000;22.53442763;21.01465890;1.50914565;1.60887004;-1.13053876;-0.25653102;0.00000000;0.00000000
870;87.00000000;0.00000000;22.57573382;20.92363188;1.52603602;1.60129926;-1.15519255;-0.21515365;0.00000000;0.00000000
871;87.10000000;0.00000000;22.61514160;20.83176256;1.52533543;1.59573529;-1.17356949;-0.17065276;0.00000000;0.00000000
872;87.20000000;0.00000000;22.65307696;20.73927444;1.51527817;1.59284954;-1.18932310;-0.15643179;0.00000000;0.00000000
873;87.30000000;0.00000000;22.68957189;20.64620729;1.51022603;1.59705488;-1.20485585;-0.15558405;0.00000000;0.00000000
874;87.40000000;0.00000000;22.72461693;20.55258361;1.50226368;1.59822925;-1.22043991;-0.15216300;0.00000000;0.00000000
875;87.50000000;0.00000000;22.75819405;20.45842387;1.49507887;1.60719163;-1.23528845;-0.15424830;0.00000000;0.00000000
876;87.60000000;0.00000000;22.79044328;20.36380209;1.49315527;1.62365699;-1.25128957;-0.16066870;0.00000000;0.00000000
877;87.70000000;0.00000000;22.82098944;20.26861915;1.49612694;1.63562317;-1.26742219;-0.14845335;0.00000000;0.00000000
878;87.80000000;0.00000000;22.85016915;20.17300727;1.49151522;1.63352183;-1.28098024;-0.13054363;0.00000000;0.00000000
879;87.90000000;0.00000000;22.87812369;20.07703010;1.48037820;1.63069677;-1.29353092;-0.13869169;0.00000000;0.00000000
880;88.00000000;0.00000000;22.90489450;19.98071588;1.47471238;1.62039794;-1.30871858;-0.17483170;0.00000000;0.00000000
881;88.10000000;0.00000000;22.92991939;19.88394092;1.47400681;1.61803377;-1.32849726;-0.18209282;0.00000000;0.00000000
882;88.20000000;0.00000000;22.95286047;19.78664331;1.47792696;1.62398070;-1.34513714;-0.13447067;0.00000000;0.00000000
883;88.30000000;0.00000000;22.97465329;19.68908073;1.48739754;1.63718970;-1.35539139;-0.09344183;0.00000000;0.00000000
884;88.40000000;0.00000000;22.99559459;19.59133151;1.49944086;1.65718691;-1.36382551;-0.08137635;0.00000000;0.00000000
885;88.50000000;0.00000000;23.01573880;19.49341464;1.48900796;1.66860270;-1.37166666;-0.07566686;0.00000000;0.00000000
886;88.60000000;0.00000000;23.03514475;19.39534860;1.48449211;1.65835805;-1.37895888;-0.07750104;0.00000000;0.00000000
887;88.70000000;0.00000000;23.05385884;19.29714814;1.48599589;1.64187457;-1.38716687;-0.08544780;0.00000000;0.00000000
888;88.80000000;0.00000000;23.07165238;19.19877684;1.49217270;1.63229532;-1.39604844;-0.07779829;0.00000000;0.00000000
889;88.90000000;0.00000000;23.08861922;19.10025975;1.49885984;1.62964608;-1.40272653;-0.08965143;0.00000000;0.00000000
890;89.00000000;0.00000000;23.10509734;19.00165960;1.51165155;1.63361786;-1.41397873;-0.11640305;0.00000000;0.00000000
891;89.10000000;0.00000000;23.11984255;18.90278848;1.52640179;1.64540775;-1.42600714;-0.08307651;0.00000000;0.00000000
892;89.20000000;0.00000000;23.13394418;18.80382044;1.51434315;1.65965329;-1.43059403;-0.02895238;0.00000000;0.00000000
893;89.30000000;0.00000000;23.14778218;18.70481516;1.50019738;1.64580429;-1.43179761;-0.00493762;0.00000000;0.00000000
894;89.40000000;0.00000000;23.16164554;18.60581337;1.49265288;1.63617453;-1.43158155;0.00316981;0.00000000;0.00000000
895;89.50000000;0.00000000;23.17552633;18.50681402;1.49180181;1.63260285;-1.43116365;-0.05663871;0.00000000;0.00000000
896;89.60000000;0.00000000;23.18947243;18.40782385;1.49770373;1.63508066;-1.44290929;-0.13807834;0.00000000;0.00000000
897;89.70000000;0.00000000;23.20102243;18.30853779;1.50782415;1.64603905;-1.45877932;-0.08795633;0.00000000;0.00000000
898;89.80000000;0.00000000;23.21182027;18.20915503;1.51860945;1.66368902;-1.46050056;-0.01458648;0.00000000;0.00000000
899;89.90000000;0.00000000;23.22302970;18.10981796;1.52980587;1.67098370;-1.46169661;-0.04858371;0.00000000;0.00000000
900;90.00000000;0.00000000;23.23358963;18.01041093;1.54035453;1.66044183;-1.47021730;-0.06268653;0.00000000;0.00000000
901;90.10000000;0.00000000;23.24310460;17.91089816;1.54986049;1.65094215;-1.47423392;0.00897195;0.00000000;0.00000000
902;90.20000000;0.00000000;23.25286570;17.81140887;1.55961240;1.64119737;-1.46842291;0.04549069;0.00000000;0.00000000
903;90.30000000;0.00000000;23.26353655;17.71201330;1.57027272;1.63054610;-1.46513578;-0.04132116;0.00000000;0.00000000
904;90.40000000;0.00000000;23.27395150;17.61259037;1.57387256;1.62015033;-1.47668714;-0.14113245;0.00000000;0.00000000
905;90.50000000;0.00000000;23.28232274;17.51298172;1.55095445;1.61179254;-1.49336227;-0.09559120;0.00000000;0.00000000
906;90.60000000;0.00000000;23.28941688;17.41326640;1.53294959;1.60494492;-1.49580538;0.01533005;0.00000000;0.00000000
907;90.70000000;0.00000000;23.29730171;17.31361265;1.52210465;1.60351631;-1.49029626;0.02966735;0.00000000;0.00000000
908;90.80000000;0.00000000;23.30549409;17.21398128;1.51808855;1.60420897;-1.48987191;-0.00564674;0.00000000;0.00000000
909;90.90000000;0.00000000;23.31346369;17.11433176;1.52042478;1.60911550;-1.49142561;-0.00871151;0.00000000;0.00000000
910;91.00000000;0.00000000;23.32134645;17.01467530;1.52831264;1.62027327;-1.49161422;-0.02277840;0.00000000;0.00000000
911;91.10000000;0.00000000;23.32927846;16.91502275;1.53624983;1.63742081;-1.49598129;-0.05075848;0.00000000;0.00000000
912;91.20000000;0.00000000;23.33629033;16.81530381;1.54326557;1.65718334;-1.50176591;-0.04552746;0.00000000;0.00000000
913;91.30000000;0.00000000;23.34306893;16.71556642;1.55004767;1.65040572;-1.50508678;-0.05079877;0.00000000;0.00000000
914;91.40000000;0.00000000;23.34941843;16.61580165;1.55640014;1.64405712;-1.51192567;-0.07826499;0.00000000;0.00000000
915;91.50000000;0.00000000;23.35483221;16.51598168;1.56181585;1.63864402;-1.52073978;-0.05738339;0.00000000;0.00000000
916;91.60000000;0.00000000;23.35942215;16.41612013;1.56640696;1.63405458;-1.52340234;0.00557472;0.00000000;0.00000000
917;91.70000000;0.00000000;23.36430427;16.31627351;1.57129052;1.62917305;-1.51962484;0.02488821;0.00000000;0.00000000
918;91.80000000;0.00000000;23.36964856;16.21644880;1.57663664;1.62382946;-1.51842470;-0.00385385;0.00000000;0.00000000
919;91.90000000;0.00000000;23.37477041;16.11661242;1.58176011;1.61870826;-1.52039561;-0.00225049;0.00000000;0.00000000
920;92.00000000;0.00000000;23.37972118;16.01676736;1.58671234;1.61375813;-1.51887480;0.05320437;0.00000000;0.00000000
921;92.10000000;0.00000000;23.38514649;15.91695046;1.59213965;1.60833360;-1.50975473;0.09428455;0.00000000;0.00000000
922;92.20000000;0.00000000;23.39191748;15.81721237;1.59891413;1.60156384;-1.50001789;0.11492656;0.00000000;0.00000000
923;92.30000000;0.00000000;23.39928547;15.71752024;1.58569496;1.59419737;-1.48676942;0.12983808;0.00000000;0.00000000
924;92.40000000;0.00000000;23.40869648;15.61799659;1.56647888;1.58478890;-1.47405027;0.09554735;0.00000000;0.00000000
925;92.50000000;0.00000000;23.41859820;15.51852049;1.55396126;1.57489017;-1.46765995;0.07256965;0.00000000;0.00000000
926;92.60000000;0.00000000;23.42928039;15.41912512;1.54859645;1.56676917;-1.45953634;0.08431035;0.00000000;0.00000000
927;92.70000000;0.00000000;23.44079693;15.31982320;1.55051387;1.56416505;-1.45079788;0.09117442;0.00000000;0.00000000
928;92.80000000;0.00000000;23.45321446;15.22063026;1.55975396;1.56703758;-1.44130146;0.12767627;0.00000000;0.00000000
929;92.90000000;0.00000000;23.46661474;15.12156569;1.57315451;1.57527351;-1.42526263;0.17869824;0.00000000;0.00000000
930;93.00000000;0.00000000;23.48220620;15.02282884;1.58874716;1.58757885;-1.40556181;0.17815283;0.00000000;0.00000000
931;93.10000000;0.00000000;23.49949798;14.92437060;1.60604165;1.59418146;-1.38963206;0.15551212;0.00000000;0.00000000
932;93.20000000;0.00000000;23.51822756;14.82617631;1.59375504;1.57542578;-1.37445939;0.15291817;0.00000000;0.00000000
933;93.30000000;0.00000000;23.53849845;14.72828912;1.58778405;1.55512587;-1.35904843;0.15441892;0.00000000;0.00000000
934;93.40000000;0.00000000;23.56024529;14.63071812;1.58960351;1.53791496;-1.34357560;0.18270528;0.00000000;0.00000000
935;93.50000000;0.00000000;23.58353497;14.53350593;1.59926023;1.52548905;-1.32250737;0.25324985;0.00000000;0.00000000
936;93.60000000;0.00000000;23.60936874;14.43695261;1.61762972;1.51692603;-1.29292563;0.28635070;0.00000000;0.00000000
937;93.70000000;0.00000000;23.63836478;14.34128950;1.62441755;1.50898343;-1.26523723;0.25790915;0.00000000;0.00000000
938;93.80000000;0.00000000;23.66950744;14.24630113;1.63143388;1.50184495;-1.24134380;0.26095972;0.00000000;0.00000000
939;93.90000000;0.00000000;23.70303739;14.15214034;1.64680233;1.49701319;-1.21304529;0.28221303;0.00000000;0.00000000
940;94.00000000;0.00000000;23.73950311;14.05906552;1.66569152;1.47256963;-1.18490120;0.29472187;0.00000000;0.00000000
941;94.10000000;0.00000000;23.77827786;13.96693963;1.68315366;1.45213641;-1.15410092;0.32575037;0.00000000;0.00000000
942;94.20000000;0.00000000;23.82040035;13.87629430;1.68129454;1.43474084;-1.11975112;0.32515204;0.00000000;0.00000000
943;94.30000000;0.00000000;23.86541218;13.78703821;1.68856659;1.42096983;-1.08907051;0.34426141;0.00000000;0.00000000
944;94.40000000;0.00000000;23.91300739;13.69915982;1.70456848;1.41122484;-1.05089884;0.38032127;0.00000000;0.00000000
945;94.50000000;0.00000000;23.96469414;13.61359744;1.73075465;1.40381979;-1.01300625;0.35661236;0.00000000;0.00000000
946;94.60000000;0.00000000;24.01881363;13.52956463;1.76491437;1.40063988;-0.97957637;0.34263419;0.00000000;0.00000000
947;94.70000000;0.00000000;24.07610035;13.44764745;1.79289505;1.40078123;-0.94447942;0.36779917;0.00000000;0.00000000
948;94.80000000;0.00000000;24.13597879;13.36761994;1.82397688;1.40484214;-0.90601653;0.41778384;0.00000000;0.00000000
949;94.90000000;0.00000000;24.19938297;13.29035754;1.85114124;1.40505387;-0.86092265;0.44183660;0.00000000;0.00000000
950;95.00000000;0.00000000;24.26622386;13.21605041;1.84586753;1.40745233;-0.81764921;0.42066205;0.00000000;0.00000000
951;95.10000000;0.00000000;24.33607481;13.14455169;1.84470317;1.40861735;-0.77679024;0.43503852;0.00000000;0.00000000
952;95.20000000;0.00000000;24.40875422;13.07595295;1.84758940;1.40843286;-0.73064151;0.49660446;0.00000000;0.00000000
953;95.30000000;0.00000000;24.48488337;13.01120829;1.83262791;1.40466070;-0.67746935;0.54282431;0.00000000;0.00000000
954;95.40000000;0.00000000;24.56443040;12.95071390;1.82587338;1.40254043;-0.62207665;0.56034571;0.00000000;0.00000000
955;95.50000000;0.00000000;24.64725261;12.89478163;1.83018688;1.40192396;-0.56540021;0.55530433;0.00000000;0.00000000
956;95.60000000;0.00000000;24.73313958;12.84366826;1.82548206;1.40272112;-0.51101578;0.56860126;0.00000000;0.00000000
957;95.70000000;0.00000000;24.82155692;12.79705041;1.80631425;1.40547944;-0.45167995;0.62341536;0.00000000;0.00000000
958;95.80000000;0.00000000;24.91289229;12.75646506;1.77727841;1.40864101;-0.38633271;0.64707883;0.00000000;0.00000000
959;95.90000000;0.00000000;25.00661248;12.72177455;1.74263040;1.41252883;-0.32226419;0.63877425;0.00000000;0.00000000
960;96.00000000;0.00000000;25.10236751;12.69319850;1.71409710;1.41703516;-0.25857786;0.64207238;0.00000000;0.00000000
961;96.10000000;0.00000000;25.19973435;12.67069394;1.69162525;1.42229780;-0.19384971;0.67935607;0.00000000;0.00000000
962;96.20000000;0.00000000;25.29838459;12.65471742;1.67566758;1.42791827;-0.12270665;0.72309191;0.00000000;0.00000000
963;96.30000000;0.00000000;25.39796587;12.64624679;1.66720310;1.43296098;-0.04923133;0.71538440;0.00000000;0.00000000
964;96.40000000;0.00000000;25.49789446;12.64488734;1.66584429;1.43699046;0.02037024;0.68596246;0.00000000;0.00000000
965;96.50000000;0.00000000;25.59767414;12.65031546;1.67127449;1.43515815;0.08796116;0.67095296;0.00000000;0.00000000
966;96.60000000;0.00000000;25.69686320;12.66243414;1.68340303;1.43356590;0.15456083;0.65964963;0.00000000;0.00000000
967;96.70000000;0.00000000;25.79504479;12.68106649;1.70205993;1.43234756;0.21989109;0.66397679;0.00000000;0.00000000
968;96.80000000;0.00000000;25.89182980;12.70601017;1.70892177;1.43163800;0.28735618;0.66255040;0.00000000;0.00000000
969;96.90000000;0.00000000;25.98662728;12.73768598;1.71488823;1.43088667;0.35240117;0.60466401;0.00000000;0.00000000
970;97.00000000;0.00000000;26.07935957;12.77497461;1.73251749;1.43113600;0.40828899;0.54888833;0.00000000;0.00000000
971;97.10000000;0.00000000;26.17002125;12.81702193;1.74582843;1.43317393;0.46217884;0.54546286;0.00000000;0.00000000
972;97.20000000;0.00000000;26.25819334;12.86406341;1.74112237;1.43659678;0.51738156;0.56264557;0.00000000;0.00000000
973;97.30000000;0.00000000;26.34366950;12.91584345;1.73335004;1.44151218;0.57470795;0.57878050;0.00000000;0.00000000
974;97.40000000;0.00000000;26.42587131;12.97265684;1.73732070;1.44733834;0.63313766;0.53532024;0.00000000;0.00000000
975;97.50000000;0.00000000;26.50473301;13.03405302;1.74601378;1.45437795;0.68177200;0.45519578;0.00000000;0.00000000
976;97.60000000;0.00000000;26.58105393;13.09860248;1.75493901;1.46270689;0.72417681;0.43796557;0.00000000;0.00000000
977;97.70000000;0.00000000;26.65443808;13.16646489;1.77381636;1.46661234;0.76936511;0.42165584;0.00000000;0.00000000
978;97.80000000;0.00000000;26.72462042;13.23763761;1.76021463;1.46739781;0.80850798;0.37757876;0.00000000;0.00000000
979;97.90000000;0.00000000;26.79247992;13.31103910;1.74464243;1.47176797;0.84488086;0.38710045;0.00000000;0.00000000
980;98.00000000;0.00000000;26.85730619;13.38712780;1.73874739;1.47885799;0.88592807;0.44420466;0.00000000;0.00000000
981;98.10000000;0.00000000;26.91891595;13.46584388;1.71964527;1.48243615;0.93372179;0.47869261;0.00000000;0.00000000
982;98.20000000;0.00000000;26.97618035;13.54776715;1.70244675;1.48703668;0.98166660;0.40771940;0.00000000;0.00000000
983;98.30000000;0.00000000;27.02997106;13.63202042;1.69516480;1.49415688;1.01526568;0.28566406;0.00000000;0.00000000
984;98.40000000;0.00000000;27.08161133;13.71761417;1.68150392;1.50172252;1.03879941;0.25685509;0.00000000;0.00000000
985;98.50000000;0.00000000;27.13138071;13.80430924;1.65793651;1.50509779;1.06663669;0.31494283;0.00000000;0.00000000
986;98.60000000;0.00000000;27.17817504;13.89263851;1.64349901;1.51170340;1.10178797;0.32529605;0.00000000;0.00000000
987;98.70000000;0.00000000;27.22172816;13.98260817;1.62760807;1.51777977;1.13169590;0.28916125;0.00000000;0.00000000
988;98.80000000;0.00000000;27.26316070;14.07358149;1.61424511;1.51330482;1.15962022;0.28062606;0.00000000;0.00000000
989;98.90000000;0.00000000;27.30162275;14.16583995;1.61023672;1.51219050;1.18782112;0.24849794;0.00000000;0.00000000
990;99.00000000;0.00000000;27.33786113;14.25900369;1.61482290;1.51527947;1.20931981;0.20970395;0.00000000;0.00000000
991;99.10000000;0.00000000;27.37232499;14.35283862;1.62743163;1.52304563;1.22976191;0.20430028;0.00000000;0.00000000
992;99.20000000;0.00000000;27.40472444;14.44740348;1.63139999;1.53512590;1.25017987;0.19724547;0.00000000;0.00000000
993;99.30000000;0.00000000;27.43532897;14.54256754;1.62627160;1.54005802;1.26921100;0.19282030;0.00000000;0.00000000
994;99.40000000;0.00000000;27.46410668;14.63829766;1.62918943;1.53709892;1.28874393;0.19430020;0.00000000;0.00000000
995;99.50000000;0.00000000;27.49097072;14.73458281;1.63021761;1.53864457;1.30807104;0.18320961;0.00000000;0.00000000
996;99.60000000;0.00000000;27.51602774;14.83135451;1.62641944;1.54480155;1.32538585;0.16198161;0.00000000;0.00000000
997;99.70000000;0.00000000;27.53954270;14.92851479;1.63034643;1.55579167;1.34046736;0.15011181;0.00000000;0.00000000
998;99.80000000;0.00000000;27.56167012;15.02599954;1.63211287;1.55356598;1.35540821;0.15037514;0.00000000;0.00000000
999;99.90000000;0.00000000;27.58227169;15.12381884;1.61147366;1.54424639;1.37054239;0.14649538;0.00000000;0.00000000
1000;100.00000000;0.00000000;27.60143900;15.22193000;1.59719138;1.53990349;1.38470729;0.13655022;0.00000000;0.00000000
1001;100.10000000;0.00000000;27.61926172;15.32029502;1.58970492;1.54067568;1.39785243;0.12075941;0.00000000;0.00000000
1002;100.20000000;0.00000000;27.63584359;15.41887767;1.58443682;1.54666338;1.40885917;0.11427320;0.00000000;0.00000000
1003;100.30000000;0.00000000;27.65149698;15.51761226;1.58640674;1.55812119;1.42070707;0.11974287;0.00000000;0.00000000
1004;100.40000000;0.00000000;27.66573845;15.61656035;1.59607102;1.57237274;1.43280775;0.10779259;0.00000000;0.00000000
1005;100.50000000;0.00000000;27.67899792;15.71564441;1.61286160;1.56010521;1.44226559;0.08997517;0.00000000;0.00000000
1006;100.60000000;0.00000000;27.69136522;15.81484360;1.60252221;1.54470632;1.45080278;0.08069691;0.00000000;0.00000000
1007;100.70000000;0.00000000;27.70293102;15.91413940;1.59174972;1.53486800;1.45840497;0.07419222;0.00000000;0.00000000
1008;100.80000000;0.00000000;27.71378868;16.01351520;1.58792517;1.53079278;1.46564122;0.06885605;0.00000000;0.00000000
1009;100.90000000;0.00000000;27.72391625;16.11296787;1.59112031;1.53250535;1.47217618;0.05714769;0.00000000;0.00000000
1010;101.00000000;0.00000000;27.73347422;16.21247733;1.60113270;1.54014712;1.47707076;0.04193495;0.00000000;0.00000000
1011;101.10000000;0.00000000;27.74262781;16.31202493;1.61767245;1.54929451;1.48056317;0.03064494;0.00000000;0.00000000
1012;101.20000000;0.00000000;27.75149051;16.41159896;1.64043165;1.55815155;1.48319975;0.02239221;0.00000000;0.00000000
1013;101.30000000;0.00000000;27.76011906;16.51119354;1.63334188;1.56677487;1.48504162;0.01016758;0.00000000;0.00000000
1014;101.40000000;0.00000000;27.76861491;16.61079961;1.62484584;1.56116279;1.48523327;0.00548194;0.00000000;0.00000000
1015;101.50000000;0.00000000;27.77720528;16.71039752;1.61936259;1.54391035;1.48613801;0.02985888;0.00000000;0.00000000
1016;101.60000000;0.00000000;27.78552071;16.81001689;1.62031668;1.53040109;1.49120504;0.04196594;0.00000000;0.00000000
1017;101.70000000;0.00000000;27.79310131;16.90969638;1.62815567;1.51884071;1.49453119;0.03006412;0.00000000;0.00000000
1018;101.80000000;0.00000000;27.80075390;17.00936931;1.64198295;1.51387996;1.49721787;0.02424269;0.00000000;0.00000000
1019;101.90000000;0.00000000;27.80779877;17.10908798;1.65848074;1.51490254;1.49937973;0.03382853;0.00000000;0.00000000
1020;102.00000000;0.00000000;27.81502034;17.20879331;1.67889902;1.52212853;1.50398357;0.06516407;0.00000000;0.00000000
1021;102.10000000;0.00000000;27.82114670;17.30857179;1.67279481;1.52825770;1.51241254;0.05100075;0.00000000;0.00000000
1022;102.20000000;0.00000000;27.82668654;17.40838532;1.66725292;1.53379962;1.51418372;0.01512019;0.00000000;0.00000000
1023;102.30000000;0.00000000;27.83245942;17.50818512;1.66147773;1.53957487;1.51543658;0.00943939;0.00000000;0.00000000
1024;102.40000000;0.00000000;27.83774913;17.60801203;1.65618623;1.54486639;1.51607160;0.00346463;0.00000000;0.00000000
1025;102.50000000;0.00000000;27.84339526;17.70781934;1.65053793;1.55051473;1.51612951;-0.00278623;0.00000000;0.00000000
1026;102.60000000;0.00000000;27.84867340;17.80764663;1.64525800;1.55579467;1.51551435;0.00448720;0.00000000;0.00000000
1027;102.70000000;0.00000000;27.85444234;17.90744714;1.63948677;1.56156596;1.51702695;0.04842200;0.00000000;0.00000000
1028;102.80000000;0.00000000;27.85941847;18.00729026;1.63450914;1.56654358;1.52519875;0.07030014;0.00000000;0.00000000
1029;102.90000000;0.00000000;27.86355561;18.10717158;1.63037118;1.57068146;1.53108698;0.01202864;0.00000000;0.00000000
1030;103.00000000;0.00000000;27.86735561;18.20706597;1.62657057;1.57448199;1.52760448;-0.06813064;0.00000000;0.00000000
1031;103.10000000;0.00000000;27.87218830;18.30691581;1.62173650;1.57931603;1.51746085;-0.08777337;0.00000000;0.00000000
1032;103.20000000;0.00000000;27.87801397;18.40671271;1.61590847;1.58514413;1.51004981;-0.02931980;0.00000000;0.00000000
1033;103.30000000;0.00000000;27.88432608;18.50648035;1.60959343;1.59145929;1.51159689;0.04830874;0.00000000;0.00000000
1034;103.40000000;0.00000000;27.88984295;18.60629508;1.60407454;1.59697822;1.51971155;0.06940380;0.00000000;0.00000000
1035;103.50000000;0.00000000;27.89453514;18.70615193;1.59938110;1.58283396;1.52547765;0.02158413;0.00000000;0.00000000
1036;103.60000000;0.00000000;27.89890057;18.80602314;1.59501467;1.55825700;1.52402838;-0.00577707;0.00000000;0.00000000
1037;103.70000000;0.00000000;27.90388218;18.90586624;1.59003156;1.54039965;1.52432224;0.03583713;0.00000000;0.00000000
1038;103.80000000;0.00000000;27.90818895;19.00574069;1.58572385;1.52821026;1.53119581;0.06988983;0.00000000;0.00000000
1039;103.90000000;0.00000000;27.91179758;19.10564278;1.58211474;1.52180251;1.53830020;0.05924985;0.00000000;0.00000000
1040;104.00000000;0.00000000;27.91468485;19.20556828;1.57922734;1.52122672;1.54304578;0.01080716;0.00000000;0.00000000
1041;104.10000000;0.00000000;27.91734513;19.30549920;1.58211878;1.52388705;1.54046164;-0.01766521;0.00000000;0.00000000
1042;104.20000000;0.00000000;27.92074881;19.40540869;1.59055906;1.52729083;1.53951273;0.02339408;0.00000000;0.00000000
1043;104.30000000;0.00000000;27.92359876;19.50533548;1.60573763;1.53014085;1.54514045;0.04432704;0.00000000;0.00000000
1044;104.40000000;0.00000000;27.92587773;19.60527691;1.62748215;1.53241985;1.54837814;-0.00468881;0.00000000;0.00000000
1045;104.50000000;0.00000000;27.92808053;19.70521858;1.65506151;1.53462269;1.54420269;-0.03399837;0.00000000;0.00000000
1046;104.60000000;0.00000000;27.93119401;19.80513768;1.66239928;1.53773625;1.54157847;-0.00473700;0.00000000;0.00000000
1047;104.70000000;0.00000000;27.93392137;19.90506805;1.65967258;1.54046367;1.54325529;-0.01348574;0.00000000;0.00000000
1048;104.80000000;0.00000000;27.93669969;20.00499547;1.65689496;1.54324207;1.53888132;-0.02643002;0.00000000;0.00000000
1049;104.90000000;0.00000000;27.94030111;20.10489793;1.65329464;1.54684360;1.53796929;0.02765630;0.00000000;0.00000000
1050;105.00000000;0.00000000;27.94326174;20.20482142;1.65033478;1.54980432;1.54441258;0.06473103;0.00000000;0.00000000
1051;105.10000000;0.00000000;27.94557549;20.30476197;1.64802155;1.55211811;1.55091549;0.06532354;0.00000000;0.00000000
1052;105.20000000;0.00000000;27.94723633;20.40471550;1.64636100;1.55377897;1.55747729;0.06590837;0.00000000;0.00000000
1053;105.30000000;0.00000000;27.94823834;20.50467779;1.64535911;1.55478098;1.56409717;0.06648507;0.00000000;0.00000000
1054;105.40000000;0.00000000;27.94857571;20.60464454;1.64502175;1.55511834;1.57077430;0.04352452;0.00000000;0.00000000
1055;105.50000000;0.00000000;27.94824274;20.70461129;1.64535467;1.55478538;1.57280207;-0.04871466;0.00000000;0.00000000
1056;105.60000000;0.00000000;27.94817471;20.80457032;1.64542278;1.55471735;1.56103137;-0.09425044;0.00000000;0.00000000
1057;105.70000000;0.00000000;27.95019488;20.90451722;1.64340302;1.55673756;1.55395198;-0.00188014;0.00000000;0.00000000
1058;105.80000000;0.00000000;27.95154229;21.00447545;1.64205580;1.55808499;1.56065534;0.05579076;0.00000000;0.00000000
1059;105.90000000;0.00000000;27.95222236;21.10444046;1.64137579;1.55876506;1.56511014;0.01313176;0.00000000;0.00000000
1060;106.00000000;0.00000000;27.95267915;21.20440605;1.64091904;1.55922184;1.56328169;-0.00206003;0.00000000;0.00000000
1061;106.10000000;0.00000000;27.95372477;21.30436759;1.63987356;1.56026747;1.56469813;0.05041728;0.00000000;0.00000000
1062;106.20000000;0.00000000;27.95389837;21.40433448;1.63969995;1.56044106;1.57336515;0.07376793;0.00000000;0.00000000
1063;106.30000000;0.00000000;27.95321118;21.50429917;1.64038709;1.55975388;1.57945172;0.02194658;0.00000000;0.00000000
1064;106.40000000;0.00000000;27.95216789;21.60426027;1.64143035;1.55871060;1.57775446;-0.02196570;0.00000000;0.00000000
1065;106.50000000;0.00000000;27.95182003;21.70422707;1.64177816;1.55836274;1.57505858;-0.02644410;0.00000000;0.00000000
1066;106.60000000;0.00000000;27.95131572;21.80419227;1.64228243;1.55785843;1.57246564;-0.02120589;0.00000000;0.00000000
1067;106.70000000;0.00000000;27.95148628;21.90415929;1.64211186;1.55802899;1.57081740;-0.01196234;0.00000000;0.00000000
1068;106.80000000;0.00000000;27.95131151;22.00412598;1.64228660;1.55785421;1.57007318;0.00781402;0.00000000;0.00000000
1069;106.90000000;0.00000000;27.95163087;22.10409234;1.64196726;1.55817356;1.57238020;0.05861002;0.00000000;0.00000000
1070;107.00000000;0.00000000;27.95099484;22.20405723;1.64260323;1.55753754;1.58179518;0.09272437;0.00000000;0.00000000
1071;107.10000000;0.00000000;27.94943189;22.30401199;1.64416619;1.55597462;1.59092508;0.07913740;0.00000000;0.00000000
1072;107.20000000;0.00000000;27.94697073;22.40394871;1.64662751;1.55351352;1.59762266;0.03418587;0.00000000;0.00000000
1073;107.30000000;0.00000000;27.94406905;22.50387359;1.64952947;1.55061193;1.59776225;0.01624490;0.00000000;0.00000000
1074;107.40000000;0.00000000;27.94158000;22.60380932;1.65201870;1.54812295;1.60087164;0.05581393;0.00000000;0.00000000
1075;107.50000000;0.00000000;27.93805697;22.70371402;1.65554221;1.54460006;1.60892504;0.04734495;0.00000000;0.00000000
1076;107.60000000;0.00000000;27.93395865;22.80359717;1.65964125;1.54050193;1.61034063;0.01809008;0.00000000;0.00000000
1077;107.70000000;0.00000000;27.93015280;22.90349119;1.66344771;1.53669625;1.61254305;0.02560218;0.00000000;0.00000000
1078;107.80000000;0.00000000;27.92561455;23.00335552;1.66798689;1.53215825;1.61546106;0.03284304;0.00000000;0.00000000
1079;107.90000000;0.00000000;27.92122580;23.10322531;1.67237651;1.52776973;1.61911166;0.02947265;0.00000000;0.00000000
1080;108.00000000;0.00000000;27.91595853;23.20305398;1.67764511;1.52250283;1.62135559;-0.00594162;0.00000000;0.00000000
1081;108.10000000;0.00000000;27.91112155;23.30290455;1.68248318;1.51766615;1.61792334;-0.01550778;0.00000000;0.00000000
1082;108.20000000;0.00000000;27.90653967;23.40276722;1.68706601;1.51308457;1.61825404;0.05363350;0.00000000;0.00000000
1083;108.30000000;0.00000000;27.90163678;23.50261181;1.66280693;1.50818202;1.62865004;0.12829404;0.00000000;0.00000000
1084;108.40000000;0.00000000;27.89497988;23.60235505;1.64323769;1.50152578;1.64391285;0.10754751;0.00000000;0.00000000
1085;108.50000000;0.00000000;27.88703171;23.70200631;1.63086421;1.49660487;1.65015954;0.04246274;0.00000000;0.00000000
1086;108.60000000;0.00000000;27.87912901;23.80166119;1.62451379;1.49839789;1.65240539;0.07186547;0.00000000;0.00000000
1087;108.70000000;0.00000000;27.87073359;23.90127245;1.62479695;1.50634382;1.66453263;0.14614058;0.00000000;0.00000000
1088;108.80000000;0.00000000;27.86041669;24.00070339;1.63313707;1.51679187;1.68163351;0.12561408;0.00000000;0.00000000
1089;108.90000000;0.00000000;27.84861959;24.09997260;1.64492626;1.52824936;1.68965545;0.04945596;0.00000000;0.00000000
1090;109.00000000;0.00000000;27.83670846;24.19922815;1.65682976;1.54362447;1.69152470;0.02574800;0.00000000;0.00000000
1091;109.10000000;0.00000000;27.82454034;24.29845246;1.66899036;1.53144303;1.69480505;0.04709476;0.00000000;0.00000000
1092;109.20000000;0.00000000;27.81197830;24.39762758;1.67123825;1.51886685;1.70094365;0.10192729;0.00000000;0.00000000
1093;109.30000000;0.00000000;27.79859344;24.49669116;1.65573237;1.50546585;1.71519051;0.13449141;0.00000000;0.00000000
1094;109.40000000;0.00000000;27.78321107;24.59546814;1.64700837;1.49006214;1.72784193;0.08667136;0.00000000;0.00000000
1095;109.50000000;0.00000000;27.76732351;24.69416522;1.64483821;1.47415227;1.73252478;0.04957684;0.00000000;0.00000000
1096;109.60000000;0.00000000;27.75101673;24.79279366;1.64916139;1.46315117;1.73775730;0.02041954;0.00000000;0.00000000
1097;109.70000000;0.00000000;27.73409724;24.89131880;1.66012175;1.45831143;1.73660869;-0.01443078;0.00000000;0.00000000
1098;109.80000000;0.00000000;27.71801704;24.98998470;1.67614517;1.46116461;1.73487115;0.02636756;0.00000000;0.00000000
1099;109.90000000;0.00000000;27.70143998;25.08856833;1.67209942;1.47032304;1.74188220;0.07474140;0.00000000;0.00000000
1100;110.00000000;0.00000000;27.68397789;25.18699914;1.66158436;1.48528213;1.74981943;0.08305553;0.00000000;0.00000000
1101;110.10000000;0.00000000;27.66583802;25.28530725;1.65773304;1.48125636;1.75849330;0.09777515;0.00000000;0.00000000
1102;110.20000000;0.00000000;27.64667116;25.38341991;1.66094795;1.47629577;1.76937446;0.10542019;0.00000000;0.00000000
1103;110.30000000;0.00000000;27.62639650;25.48130927;1.65399293;1.47696612;1.77957734;0.09691481;0.00000000;0.00000000
1104;110.40000000;0.00000000;27.60523175;25.57901025;1.64871123;1.48347893;1.78875742;0.10022883;0.00000000;0.00000000
1105;110.50000000;0.00000000;27.58316336;25.67651079;1.64038112;1.49539851;1.79962311;0.12065331;0.00000000;0.00000000
1106;110.60000000;0.00000000;27.55988098;25.77372717;1.62686651;1.49714504;1.81288808;0.13203080;0.00000000;0.00000000
1107;110.70000000;0.00000000;27.53523443;25.87060622;1.62082559;1.49524943;1.82602927;0.12937149;0.00000000;0.00000000
1108;110.80000000;0.00000000;27.50940515;25.96717780;1.62215999;1.49880963;1.83876238;0.13117389;0.00000000;0.00000000
1109;110.90000000;0.00000000;27.48229990;26.06339713;1.63095224;1.50768539;1.85226405;0.13546801;0.00000000;0.00000000
1110;111.00000000;0.00000000;27.45387269;26.15923588;1.62456284;1.51931795;1.86585598;0.13988611;0.00000000;0.00000000
1111;111.10000000;0.00000000;27.42416221;26.25468272;1.61411378;1.52036726;1.88024127;0.14957775;0.00000000;0.00000000
1112;111.20000000;0.00000000;27.39298979;26.34966419;1.61009929;1.52644367;1.89577153;0.18222229;0.00000000;0.00000000
1113;111.30000000;0.00000000;27.36033074;26.44413849;1.60937303;1.52173325;1.91668573;0.20594745;0.00000000;0.00000000
1114;111.40000000;0.00000000;27.32521379;26.53773385;1.60746371;1.51241565;1.93696102;0.19304941;0.00000000;0.00000000
1115;111.50000000;0.00000000;27.28874889;26.63081334;1.60021083;1.50823107;1.95529561;0.18501922;0.00000000;0.00000000
1116;111.60000000;0.00000000;27.25022375;26.72305954;1.59565603;1.50844472;1.97396486;0.18262161;0.00000000;0.00000000
1117;111.70000000;0.00000000;27.21030986;26.81471235;1.59503191;1.51376432;1.99181993;0.18163317;0.00000000;0.00000000
1118;111.80000000;0.00000000;27.16851752;26.90552064;1.58916939;1.52359028;2.01029150;0.17133828;0.00000000;0.00000000
1119;111.90000000;0.00000000;27.12524648;26.99563515;1.59121587;1.53794875;2.02608759;0.16563549;0.00000000;0.00000000
1120;112.00000000;0.00000000;27.08060633;27.08507862;1.60103282;1.52738677;2.04341859;0.18288545;0.00000000;0.00000000
1121;112.10000000;0.00000000;27.03424064;27.17363501;1.61888224;1.52138552;2.06266468;0.18244526;0.00000000;0.00000000
1122;112.20000000;0.00000000;26.98619169;27.26129422;1.63354481;1.52003352;2.07990765;0.16364825;0.00000000;0.00000000
1123;112.30000000;0.00000000;26.93679805;27.34820306;1.64729952;1.52371080;2.09539433;0.15568903;0.00000000;0.00000000
1124;112.40000000;0.00000000;26.88605709;27.43433291;1.64427331;1.51698997;2.11104545;0.15733787;0.00000000;0.00000000
1125;112.50000000;0.00000000;26.83396680;27.51965469;1.63992463;1.50430644;2.12686190;0.16391195;0.00000000;0.00000000
1126;112.60000000;0.00000000;26.78052574;27.60413885;1.62205875;1.49246059;2.14382784;0.17110033;0.00000000;0.00000000
1127;112.70000000;0.00000000;26.72556990;27.68764576;1.61200925;1.48545269;2.16108197;0.16862859;0.00000000;0.00000000
1128;112.80000000;0.00000000;26.66924666;27.77023461;1.60977019;1.48350920;2.17755356;0.18058081;0.00000000;0.00000000
1129;112.90000000;0.00000000;26.61157190;27.85188365;1.61537349;1.48665109;2.19719813;0.20449346;0.00000000;0.00000000
1130;113.00000000;0.00000000;26.55205245;27.93219049;1.62936197;1.49421346;2.21845225;0.21162927;0.00000000;0.00000000
1131;113.10000000;0.00000000;26.49096078;28.01131415;1.65121303;1.50643650;2.23952398;0.22173740;0.00000000;0.00000000
1132;113.20000000;0.00000000;26.42811294;28.08903916;1.67399755;1.51693681;2.26279973;0.22019444;0.00000000;0.00000000
1133;113.30000000;0.00000000;26.36340582;28.16523410;1.67885902;1.50008809;2.28356287;0.19117616;0.00000000;0.00000000
1134;113.40000000;0.00000000;26.29737928;28.24028989;1.69135567;1.48741782;2.30103496;0.17567039;0.00000000;0.00000000
1135;113.50000000;0.00000000;26.23004795;28.31417949;1.71132349;1.47965073;2.31869695;0.18206467;0.00000000;0.00000000
1136;113.60000000;0.00000000;26.16140958;28.38685907;1.68571277;1.47343405;2.33744790;0.18713430;0.00000000;0.00000000
1137;113.70000000;0.00000000;26.09135411;28.45817339;1.66548280;1.46887223;2.35612381;0.18183197;0.00000000;0.00000000
1138;113.80000000;0.00000000;26.02005108;28.52823755;1.65282439;1.46934091;2.37381429;0.17713381;0.00000000;0.00000000
1139;113.90000000;0.00000000;25.94751926;28.59702680;1.64792017;1.47483030;2.39155057;0.20984740;0.00000000;0.00000000
1140;114.00000000;0.00000000;25.87377796;28.66451657;1.65084506;1.48527834;2.41578377;0.26885917;0.00000000;0.00000000
1141;114.10000000;0.00000000;25.79801347;28.72969794;1.65832302;1.49930131;2.44532241;0.26241034;0.00000000;0.00000000
1142;114.20000000;0.00000000;25.72041655;28.79271636;1.66862249;1.51670967;2.46826584;0.20220749;0.00000000;0.00000000
1143;114.30000000;0.00000000;25.64172665;28.85436536;1.65831699;1.51439280;2.48576390;0.17831294;0.00000000;0.00000000
1144;114.40000000;0.00000000;25.56197122;28.91463096;1.63711863;1.51692440;2.50392843;0.20150146;0.00000000;0.00000000
1145;114.50000000;0.00000000;25.48109489;28.97338056;1.62368886;1.52414097;2.52606420;0.19077678;0.00000000;0.00000000
1146;114.60000000;0.00000000;25.39874775;29.03005932;1.61887981;1.53532717;2.54208378;0.14507313;0.00000000;0.00000000
1147;114.70000000;0.00000000;25.31602656;29.08619090;1.62089823;1.55223241;2.55507882;0.15980540;0.00000000;0.00000000
1148;114.80000000;0.00000000;25.23223566;29.14070966;1.63098103;1.55945405;2.57404486;0.18747802;0.00000000;0.00000000
1149;114.90000000;0.00000000;25.14744819;29.19366203;1.62752032;1.55284885;2.59257443;0.18486415;0.00000000;0.00000000
1150;115.00000000;0.00000000;25.06169722;29.24503744;1.62129521;1.54738467;2.61101769;0.19486783;0.00000000;0.00000000
1151;115.10000000;0.00000000;24.97501597;29.29482622;1.62076108;1.54653005;2.63154799;0.21507049;0.00000000;0.00000000
1152;115.20000000;0.00000000;24.88723334;29.34263556;1.62863626;1.54769846;2.65403179;0.22032943;0.00000000;0.00000000
1153;115.30000000;0.00000000;24.79840173;29.38847753;1.64117189;1.54927205;2.67561388;0.21815666;0.00000000;0.00000000
1154;115.40000000;0.00000000;24.70863623;29.43245515;1.64944006;1.55519927;2.69766312;0.21396555;0.00000000;0.00000000
1155;115.50000000;0.00000000;24.61786872;29.47433721;1.65929773;1.56519322;2.71840699;0.19304863;0.00000000;0.00000000
1156;115.60000000;0.00000000;24.52635073;29.51455635;1.66759770;1.56973016;2.73627285;0.14362633;0.00000000;0.00000000
1157;115.70000000;0.00000000;24.43414176;29.55317043;1.63725084;1.57121363;2.74713225;0.11377554;0.00000000;0.00000000
1158;115.80000000;0.00000000;24.34176993;29.59139339;1.61295379;1.56986479;2.75902796;0.16863337;0.00000000;0.00000000
1159;115.90000000;0.00000000;24.24866931;29.62780262;1.59649917;1.56994038;2.78085893;0.21731496;0.00000000;0.00000000
1160;116.00000000;0.00000000;24.15472062;29.66195601;1.58859182;1.57024856;2.80249095;0.20155897;0.00000000;0.00000000
1161;116.10000000;0.00000000;24.06013455;29.69430383;1.58886849;1.57032090;2.82117072;0.19261600;0.00000000;0.00000000
1162;116.20000000;0.00000000;23.96497579;29.72492430;1.59723051;1.55980929;2.84101415;0.17680387;0.00000000;0.00000000
1163;116.30000000;0.00000000;23.86918381;29.75349287;1.59679171;1.55351629;2.85653150;0.13814945;0.00000000;0.00000000
1164;116.40000000;0.00000000;23.77311724;29.78114691;1.59757307;1.55268830;2.86864404;0.14861198;0.00000000;0.00000000
1165;116.50000000;0.00000000;23.67666234;29.80738641;1.58883494;1.55682360;2.88625389;0.18944758;0.00000000;0.00000000
1166;116.60000000;0.00000000;23.57968608;29.83163953;1.58212576;1.56529936;2.90653356;0.20448621;0.00000000;0.00000000
1167;116.70000000;0.00000000;23.48224550;29.85394656;1.58371748;1.57809411;2.92715113;0.20667772;0.00000000;0.00000000
1168;116.80000000;0.00000000;23.38435285;29.87418118;1.59370393;1.58611605;2.94786910;0.19999270;0.00000000;0.00000000
1169;116.90000000;0.00000000;23.28607035;29.89243296;1.59523553;1.57745765;2.96714967;0.18168186;0.00000000;0.00000000
1170;117.00000000;0.00000000;23.18746760;29.90887911;1.59214758;1.57295188;2.98420547;0.15556275;0.00000000;0.00000000
1171;117.10000000;0.00000000;23.08861724;29.92376871;1.59690204;1.56757019;2.99826222;0.10983327;0.00000000;0.00000000
1172;117.20000000;0.00000000;22.98958833;29.93743706;1.60909084;1.56732046;3.00617213;0.08623257;0.00000000;0.00000000
1173;117.30000000;0.00000000;22.89051474;29.95076106;1.62767936;1.57308901;3.01550874;0.08394584;0.00000000;0.00000000
1174;117.40000000;0.00000000;22.79124790;29.96257796;1.61663001;1.57473902;3.02296130;0.07565490;0.00000000;0.00000000
1175;117.50000000;0.00000000;22.69198544;29.97442397;1.60478390;1.55563507;3.03063972;0.11791536;0.00000000;0.00000000
1176;117.60000000;0.00000000;22.59254966;29.98471503;1.59449298;1.54122870;3.04654437;0.15519483;0.00000000;0.00000000
1177;117.70000000;0.00000000;22.49296028;29.99339815;1.58581006;1.53160546;3.06167868;0.10278583;0.00000000;0.00000000
1178;117.80000000;0.00000000;22.39325778;30.00067522;1.57853318;1.52706303;3.06710153;0.05345591;0.00000000;0.00000000
1179;117.90000000;0.00000000;22.29357971;30.00827776;1.57093091;1.52938273;3.07236987;0.08906409;0.00000000;0.00000000
1180;118.00000000;0.00000000;22.19380605;30.01450392;1.56470496;1.53561150;3.08491435;0.07434180;0.00000000;0.00000000
1181;118.10000000;0.00000000;22.09396849;30.01960352;1.55960552;1.54071264;3.08723823;0.07113733;0.00000000;0.00000000
1182;118.20000000;0.00000000;21.99416698;30.02536589;1.55384336;1.54647715;3.09914181;0.16459478;0.00000000;0.00000000
1183;118.30000000;0.00000000;21.89423663;30.02808740;1.55112190;1.54919881;3.12015718;0.11470079;0.00000000;0.00000000
1184;118.40000000;0.00000000;21.79428117;30.02965119;1.54955813;1.55076248;3.12208197;0.06303917;0.00000000;0.00000000
1185;118.50000000;0.00000000;21.69434077;30.03198800;1.54722136;1.55309931;3.13276502;0.15149263;0.00000000;0.00000000
1186;118.60000000;0.00000000;21.59437505;30.03141594;1.54779342;1.55252736;3.15238050;0.14871073;0.00000000;0.00000000
1187;118.70000000;0.00000000;21.49441992;30.02983120;1.54937817;1.55094316;3.16250716;0.10151127;0.00000000;0.00000000
1188;118.80000000;0.00000000;21.39448596;30.02723474;1.55197466;1.54834788;3.17268275;0.09649207;0.00000000;0.00000000
1189;118.90000000;0.00000000;21.29458378;30.02361627;1.55559322;1.54473145;3.18180557;0.12842296;0.00000000;0.00000000
1190;119.00000000;0.00000000;21.19471381;30.01919699;1.56001264;1.54031506;3.19836734;0.16599418;0.00000000;0.00000000
1191;119.10000000;0.00000000;21.09498661;30.01227201;1.56693798;1.53457349;3.21500441;0.12330546;0.00000000;0.00000000
1192;119.20000000;0.00000000;20.99531896;30.00453271;1.57467779;1.53451726;3.22302844;0.07366473;0.00000000;0.00000000
1193;119.30000000;0.00000000;20.89571539;29.99600824;1.58320295;1.54017562;3.22973736;0.06069179;0.00000000;0.00000000
1194;119.40000000;0.00000000;20.79616053;29.98693234;1.59227971;1.55171740;3.23516679;0.05318338;0.00000000;0.00000000
1195;119.50000000;0.00000000;20.69665538;29.97732681;1.60188634;1.56527285;3.24037403;0.05079472;0.00000000;0.00000000
1196;119.60000000;0.00000000;20.59720045;29.96721462;1.61199988;1.58240095;3.24532574;0.04796916;0.00000000;0.00000000
1197;119.70000000;0.00000000;20.49779531;29.95662413;1.62259202;1.57743140;3.24996786;0.04460537;0.00000000;0.00000000
1198;119.80000000;0.00000000;20.39843854;29.94558902;1.63362911;1.56639384;3.25424681;0.08636420;0.00000000;0.00000000
1199;119.90000000;0.00000000;20.29912768;29.93414823;1.64455770;1.55495063;3.26724070;0.13565779;0.00000000;0.00000000
1200;120.00000000;0.00000000;20.20009258;29.92053526;1.62677999;1.54133462;3.28137837;0.09885838;0.00000000;0.00000000
1201;120.10000000;0.00000000;20.10114490;29.90629139;1.61512650;1.53059735;3.28701238;0.08989866;0.00000000;0.00000000
1202;120.20000000;0.00000000;20.00226816;29.89156317;1.61009842;1.52585619;3.29935810;0.11945220;0.00000000;0.00000000
1203;120.30000000;0.00000000;19.90370404;29.87488101;1.59424189;1.52567886;3.31090282;0.06846590;0.00000000;0.00000000
1204;120.40000000;0.00000000;19.80519361;29.85787392;1.58075142;1.53171056;3.31305128;0.05538667;0.00000000;0.00000000
1205;120.50000000;0.00000000;19.70670027;29.84076807;1.57360895;1.54410489;3.32198015;0.05690332;0.00000000;0.00000000
1206;120.60000000;0.00000000;19.60851137;29.82200500;1.57448480;1.54894622;3.32443195;0.01299857;0.00000000;0.00000000
1207;120.70000000;0.00000000;19.51010497;29.80441675;1.58050178;1.54340343;3.32457987;0.03958116;0.00000000;0.00000000
1208;120.80000000;0.00000000;19.41192170;29.78562464;1.59162595;1.54310157;3.33234818;0.08369252;0.00000000;0.00000000
1209;120.90000000;0.00000000;19.31379855;29.76650930;1.58196124;1.54893621;3.34131837;0.09272342;0.00000000;0.00000000
1210;121.00000000;0.00000000;19.21596872;29.74595895;1.58004524;1.55971422;3.35089286;0.09464553;0.00000000;0.00000000
1211;121.10000000;0.00000000;19.11822958;29.72496831;1.58306621;1.57323062;3.36024748;0.09658973;0.00000000;0.00000000
1212;121.20000000;0.00000000;19.02080187;29.70259143;1.57985737;1.57116705;3.37021081;0.09784544;0.00000000;0.00000000
1213;121.30000000;0.00000000;18.92350038;29.67965751;1.56982660;1.57488699;3.37981657;0.09563598;0.00000000;0.00000000
1214;121.40000000;0.00000000;18.82652103;29.65541323;1.56747479;1.58357689;3.38933800;0.05880601;0.00000000;0.00000000
1215;121.50000000;0.00000000;18.72967386;29.63063071;1.57204412;1.58013167;3.39157777;0.03092682;0.00000000;0.00000000
1216;121.60000000;0.00000000;18.63280038;29.60595130;1.57190357;1.57744289;3.39552337;0.05653821;0.00000000;0.00000000
1217;121.70000000;0.00000000;18.53615477;29.58040609;1.56624734;1.58018922;3.40288541;0.07056782;0.00000000;0.00000000
1218;121.80000000;0.00000000;18.43965515;29.55430306;1.56753713;1.58865902;3.40963693;0.07065247;0.00000000;0.00000000
1219;121.90000000;0.00000000;18.34336336;29.52745521;1.57595112;1.59939825;3.41701590;0.07018324;0.00000000;0.00000000
1220;122.00000000;0.00000000;18.24725946;29.49993095;1.59130630;1.59568691;3.42367358;0.06978832;0.00000000;0.00000000
1221;122.10000000;0.00000000;18.15133360;29.47180331;1.60311748;1.59760371;3.43097357;0.06884869;0.00000000;0.00000000
1222;122.20000000;0.00000000;18.05564177;29.44287895;1.58571470;1.58464868;3.43744332;0.07982672;0.00000000;0.00000000
1223;122.30000000;0.00000000;17.96008758;29.41351236;1.57494078;1.57428652;3.44693891;0.09571244;0.00000000;0.00000000
1224;122.40000000;0.00000000;17.86496429;29.38277668;1.57190392;1.56879755;3.45658580;0.02794554;0.00000000;0.00000000
1225;122.50000000;0.00000000;17.76999552;29.35157240;1.57571015;1.56917555;3.45252802;-0.03081330;0.00000000;0.00000000
1226;122.60000000;0.00000000;17.67462498;29.32160940;1.58452717;1.57720492;3.45042314;0.00351584;0.00000000;0.00000000
1227;122.70000000;0.00000000;17.57952215;29.29080407;1.60042393;1.58436162;3.45323119;0.03129488;0.00000000;0.00000000
1228;122.80000000;0.00000000;17.48432085;29.26030575;1.58999396;1.58379074;3.45668212;0.02931873;0.00000000;0.00000000
1229;122.90000000;0.00000000;17.38943280;29.22884475;1.57128028;1.58581173;3.45909493;0.06926492;0.00000000;0.00000000
1230;123.00000000;0.00000000;17.29437924;29.19788721;1.55365723;1.59463790;3.47053510;0.11919679;0.00000000;0.00000000
1231;123.10000000;0.00000000;17.20023612;29.16426366;1.54513598;1.59998352;3.48293429;0.07928091;0.00000000;0.00000000
1232;123.20000000;0.00000000;17.10597945;29.13095872;1.54271933;1.60725573;3.48639128;0.03807434;0.00000000;0.00000000
1233;123.30000000;0.00000000;17.01207149;29.09668524;1.54779953;1.60577266;3.49054916;0.03485058;0.00000000;0.00000000
1234;123.40000000;0.00000000;16.91809513;29.06259769;1.55908940;1.60740347;3.49336140;0.05751258;0.00000000;0.00000000
1235;123.50000000;0.00000000;16.82438182;29.02779671;1.57739251;1.61447532;3.50205167;0.06661075;0.00000000;0.00000000
1236;123.60000000;0.00000000;16.73101299;28.99208138;1.57198674;1.62023016;3.50668355;0.02773736;0.00000000;0.00000000
1237;123.70000000;0.00000000;16.63762536;28.95641349;1.56267294;1.60233538;3.50759915;0.01332351;0.00000000;0.00000000
1238;123.80000000;0.00000000;16.54432205;28.92052723;1.55995778;1.58651176;3.50934825;0.01000099;0.00000000;0.00000000
1239;123.90000000;0.00000000;16.45105989;28.88453292;1.55570408;1.57676353;3.50959934;0.01974564;0.00000000;0.00000000
1240;124.00000000;0.00000000;16.35777440;28.84859973;1.55401290;1.57338474;3.51329738;0.05971358;0.00000000;0.00000000
1241;124.10000000;0.00000000;16.26478122;28.81191672;1.55954624;1.57554760;3.52154206;0.07808621;0.00000000;0.00000000
1242;124.20000000;0.00000000;16.17210086;28.77445024;1.56753550;1.58319064;3.52891462;0.03965197;0.00000000;0.00000000
1243;124.30000000;0.00000000;16.07965813;28.73639986;1.58128989;1.59047765;3.52947245;0.00983209;0.00000000;0.00000000
1244;124.40000000;0.00000000;15.98701910;28.69882979;1.57381874;1.57561949;3.53088104;0.04460337;0.00000000;0.00000000
1245;124.50000000;0.00000000;15.89468365;28.66051902;1.55942599;1.56621119;3.53839313;0.03475792;0.00000000;0.00000000
1246;124.60000000;0.00000000;15.80261933;28.62156133;1.54869324;1.56245094;3.53783262;0.02115048;0.00000000;0.00000000
1247;124.70000000;0.00000000;15.71024134;28.58335425;1.53301169;1.56589191;3.54262323;0.06392081;0.00000000;0.00000000
1248;124.80000000;0.00000000;15.61855801;28.54351776;1.52138584;1.57392170;3.55061679;0.04126112;0.00000000;0.00000000
1249;124.90000000;0.00000000;15.52680287;28.50383890;1.51610199;1.58838615;3.55087545;0.00086440;0.00000000;0.00000000
1250;125.00000000;0.00000000;15.43513714;28.46395368;1.51762455;1.58919777;3.55078967;-0.01005067;0.00000000;0.00000000
1251;125.10000000;0.00000000;15.34337554;28.42429071;1.52546915;1.58710725;3.54886532;-0.01451024;0.00000000;0.00000000
1252;125.20000000;0.00000000;15.25155688;28.38475853;1.53963707;1.59144873;3.54788762;-0.01909858;0.00000000;0.00000000
1253;125.30000000;0.00000000;15.15971807;28.34527515;1.56004319;1.60208076;3.54504560;-0.02400732;0.00000000;0.00000000
1254;125.40000000;0.00000000;15.06767600;28.30626542;1.58182926;1.59725813;3.54308616;-0.02446721;0.00000000;0.00000000
1255;125.50000000;0.00000000;14.97568300;28.26714217;1.57323246;1.58607019;3.54015216;0.01269635;0.00000000;0.00000000
1256;125.60000000;0.00000000;14.88341522;28.22867390;1.57025236;1.58184603;3.54562542;0.08196416;0.00000000;0.00000000
1257;125.70000000;0.00000000;14.79185504;28.18854561;1.56590146;1.58212951;3.55654499;0.07375346;0.00000000;0.00000000
1258;125.80000000;0.00000000;14.70044750;28.14807080;1.56606103;1.58833884;3.56037612;0.03901738;0.00000000;0.00000000
1259;125.90000000;0.00000000;14.60919753;28.10724215;1.56077726;1.59112182;3.56434847;0.01098802;0.00000000;0.00000000
1260;126.00000000;0.00000000;14.51811456;28.06604249;1.55360068;1.59744151;3.56257372;-0.03045554;0.00000000;0.00000000
1261;126.10000000;0.00000000;14.42672138;28.02553850;1.54329260;1.61070742;3.55825736;-0.01621966;0.00000000;0.00000000
1262;126.20000000;0.00000000;14.33528613;27.98512664;1.53931926;1.63010633;3.55932979;0.02173185;0.00000000;0.00000000
1263;126.30000000;0.00000000;14.24397899;27.94442625;1.54214605;1.61342848;3.56260373;0.03224005;0.00000000;0.00000000
1264;126.40000000;0.00000000;14.15281036;27.90341658;1.55175879;1.59879483;3.56577780;0.02862107;0.00000000;0.00000000
1265;126.50000000;0.00000000;14.06176334;27.86213734;1.56799023;1.59002714;3.56832794;0.02405001;0.00000000;0.00000000
1266;126.60000000;0.00000000;13.97080495;27.82066317;1.56713655;1.58730429;3.57058780;0.02184928;0.00000000;0.00000000
1267;126.70000000;0.00000000;13.87994541;27.77897285;1.56116236;1.58999446;3.57269780;-0.01609640;0.00000000;0.00000000
1268;126.80000000;0.00000000;13.78916315;27.73711533;1.56176207;1.58456713;3.56736852;-0.01541061;0.00000000;0.00000000
1269;126.90000000;0.00000000;13.69786437;27.69639577;1.56393048;1.58410212;3.56961568;0.02939636;0.00000000;0.00000000
1270;127.00000000;0.00000000;13.60727146;27.65413082;1.56595152;1.58824157;3.57324780;-0.00693895;0.00000000;0.00000000
1271;127.10000000;0.00000000;13.51627181;27.61274954;1.55570704;1.59627880;3.56822789;-0.02065951;0.00000000;0.00000000
1272;127.20000000;0.00000000;13.42525851;27.57139596;1.55173118;1.60229577;3.56911589;0.01535994;0.00000000;0.00000000
1273;127.30000000;0.00000000;13.33433163;27.52985274;1.55439658;1.59352372;3.57129987;0.02071350;0.00000000;0.00000000
1274;127.40000000;0.00000000;13.24349987;27.48810203;1.56368897;1.57687437;3.57325859;0.01471364;0.00000000;0.00000000
1275;127.50000000;0.00000000;13.15273639;27.44620291;1.57942762;1.56627723;3.57424260;0.00450012;0.00000000;0.00000000
1276;127.60000000;0.00000000;13.06198689;27.40427348;1.58921320;1.56198552;3.57415862;-0.00760216;0.00000000;0.00000000
1277;127.70000000;0.00000000;12.97121636;27.36238960;1.58328097;1.56413458;3.57272217;-0.04428501;0.00000000;0.00000000
1278;127.80000000;0.00000000;12.88034796;27.32072160;1.57088628;1.57288340;3.56530161;-0.06805301;0.00000000;0.00000000
1279;127.90000000;0.00000000;12.78896585;27.28018941;1.56354659;1.58470041;3.55911157;-0.02999368;0.00000000;0.00000000
1280;128.00000000;0.00000000;12.69758738;27.23964902;1.56258994;1.58081004;3.55930288;0.00283943;0.00000000;0.00000000
1281;128.10000000;0.00000000;12.60622079;27.19908186;1.56763228;1.58040510;3.55967945;0.03222490;0.00000000;0.00000000
1282;128.20000000;0.00000000;12.51487288;27.15847266;1.56238754;1.58626666;3.56574786;0.06691183;0.00000000;0.00000000
1283;128.30000000;0.00000000;12.42400723;27.11680047;1.55223512;1.59721622;3.57306182;0.04226849;0.00000000;0.00000000
1284;128.40000000;0.00000000;12.33326310;27.07485945;1.54877786;1.60508484;3.57420156;0.00284950;0.00000000;0.00000000
1285;128.50000000;0.00000000;12.24249082;27.03297938;1.55169940;1.59642799;3.57363172;-0.00467944;0.00000000;0.00000000
1286;128.60000000;0.00000000;12.15169895;26.99114180;1.56098408;1.57959728;3.57326567;-0.00263954;0.00000000;0.00000000
1287;128.70000000;0.00000000;12.06089602;26.94932819;1.57653955;1.56899411;3.57310381;-0.00698015;0.00000000;0.00000000
1288;128.80000000;0.00000000;11.97009061;26.90752000;1.59139912;1.56472464;3.57186964;-0.04843212;0.00000000;0.00000000
1289;128.90000000;0.00000000;11.87918628;26.86593136;1.58428010;1.56707506;3.56341739;-0.11599588;0.00000000;0.00000000
1290;129.00000000;0.00000000;11.78768781;26.82566438;1.57223122;1.57721424;3.54867046;-0.07354023;0.00000000;0.00000000
1291;129.10000000;0.00000000;11.69559504;26.78677390;1.56300516;1.58528370;3.54870934;0.03668751;0.00000000;0.00000000
1292;129.20000000;0.00000000;11.60409926;26.74649962;1.56165005;1.58177351;3.55600796;0.06224778;0.00000000;0.00000000
1293;129.30000000;0.00000000;11.51258398;26.70626904;1.56641572;1.58163045;3.56115890;0.03068352;0.00000000;0.00000000
1294;129.40000000;0.00000000;11.42150914;26.66505486;1.56706776;1.58672021;3.56214467;-0.00869176;0.00000000;0.00000000
1295;129.50000000;0.00000000;11.33007612;26.62464517;1.56735751;1.59731094;3.55942055;-0.01163226;0.00000000;0.00000000
1296;129.60000000;0.00000000;11.23877889;26.58392815;1.57430920;1.58065618;3.55981822;-0.00968144;0.00000000;0.00000000
1297;129.70000000;0.00000000;11.14737835;26.54344589;1.58002940;1.57045708;3.55748426;-0.00782434;0.00000000;0.00000000
1298;129.80000000;0.00000000;11.05589223;26.50315556;1.58161022;1.56679325;3.55825335;-0.00587295;0.00000000;0.00000000
1299;129.90000000;0.00000000;10.96455350;26.46253250;1.57998965;1.56913748;3.55630967;0.00069892;0.00000000;0.00000000
1300;130.00000000;0.00000000;10.87291090;26.42259787;1.57600486;1.57857136;3.55839313;0.03617267;0.00000000;0.00000000
1301;130.10000000;0.00000000;10.78173971;26.38159345;1.56804908;1.58326763;3.56354420;-0.01940833;0.00000000;0.00000000
1302;130.20000000;0.00000000;10.69051194;26.34071619;1.56256677;1.59253309;3.55451147;-0.05353037;0.00000000;0.00000000
1303;130.30000000;0.00000000;10.59861491;26.30136541;1.55368899;1.59465126;3.55283813;-0.00871713;0.00000000;0.00000000
1304;130.40000000;0.00000000;10.50725091;26.26079371;1.55254807;1.59562471;3.55276804;-0.01249636;0.00000000;0.00000000
1305;130.50000000;0.00000000;10.41535002;26.22145654;1.55643290;1.59634903;3.55033885;-0.00923539;0.00000000;0.00000000
1306;130.60000000;0.00000000;10.32379128;26.18132976;1.55014366;1.60246144;3.55092096;-0.00725878;0.00000000;0.00000000
1307;130.70000000;0.00000000;10.23193731;26.14188608;1.54923572;1.60968265;3.54888710;-0.00534527;0.00000000;0.00000000
1308;130.80000000;0.00000000;10.14021688;26.10213240;1.55510411;1.59409594;3.54985191;-0.00337345;0.00000000;0.00000000
1309;130.90000000;0.00000000;10.04843936;26.06251162;1.56142344;1.58481833;3.54821241;-0.00143353;0.00000000;0.00000000
1310;131.00000000;0.00000000;9.95658920;26.02305896;1.56200138;1.58199925;3.54956520;-0.00877243;0.00000000;0.00000000
1311;131.10000000;0.00000000;9.86491866;25.98318978;1.56397999;1.58503784;3.54645792;-0.03846471;0.00000000;0.00000000
1312;131.20000000;0.00000000;9.77282241;25.94430753;1.55343206;1.59541687;3.54187226;0.01175962;0.00000000;0.00000000
1313;131.30000000;0.00000000;9.68078886;25.90528025;1.54308217;1.60820094;3.54880985;0.06073224;0.00000000;0.00000000
1314;131.40000000;0.00000000;9.58924096;25.86512395;1.54039785;1.61505693;3.55401871;0.01727265;0.00000000;0.00000000
1315;131.50000000;0.00000000;9.49761785;25.82513953;1.54400699;1.61404157;3.55226438;-0.01617774;0.00000000;0.00000000
1316;131.60000000;0.00000000;9.40592962;25.78530468;1.55388999;1.61937181;3.55078316;-0.01352866;0.00000000;0.00000000
1317;131.70000000;0.00000000;9.31418847;25.74559187;1.56995791;1.62189361;3.54955864;-0.01118126;0.00000000;0.00000000
1318;131.80000000;0.00000000;9.22240296;25.70598169;1.56999355;1.61494500;3.54854691;-0.00904786;0.00000000;0.00000000
1319;131.90000000;0.00000000;9.13058164;25.66645459;1.55901362;1.60909201;3.54774907;-0.02565803;0.00000000;0.00000000
1320;132.00000000;0.00000000;9.03873303;25.62699092;1.54664250;1.60526735;3.54341530;-0.04275240;0.00000000;0.00000000
1321;132.10000000;0.00000000;8.94657521;25.58826229;1.53987489;1.60646048;3.53919859;-0.01083250;0.00000000;0.00000000
1322;132.20000000;0.00000000;8.85440014;25.54957589;1.53953623;1.60442250;3.54124880;-0.00256405;0.00000000;0.00000000
1323;132.30000000;0.00000000;8.76240145;25.51046951;1.54075031;1.60815180;3.53868578;-0.03626484;0.00000000;0.00000000
1324;132.40000000;0.00000000;8.67002621;25.47225482;1.53977531;1.61901972;3.53399583;-0.02148492;0.00000000;0.00000000
1325;132.50000000;0.00000000;8.57766253;25.43401218;1.54043661;1.63590574;3.53438880;0.00501741;0.00000000;0.00000000
1326;132.60000000;0.00000000;8.48531735;25.39572490;1.54761680;1.63272753;3.53499932;0.04389363;0.00000000;0.00000000
1327;132.70000000;0.00000000;8.39300050;25.35736954;1.55330810;1.61064038;3.54316753;0.07815271;0.00000000;0.00000000
1328;132.80000000;0.00000000;8.30129309;25.31757884;1.54519350;1.59298152;3.55062986;0.03448839;0.00000000;0.00000000
1329;132.90000000;0.00000000;8.20955887;25.27784998;1.54345683;1.58152374;3.55006520;-0.00456338;0.00000000;0.00000000
1330;133.00000000;0.00000000;8.11780659;25.23816287;1.53596221;1.57638037;3.54971718;-0.00240748;0.00000000;0.00000000
1331;133.10000000;0.00000000;8.02604475;25.19849787;1.52909339;1.57759177;3.54958371;-0.00026118;0.00000000;0.00000000
1332;133.20000000;0.00000000;7.93428187;25.15883526;1.52874210;1.58512203;3.54966495;-0.01753289;0.00000000;0.00000000
1333;133.30000000;0.00000000;7.84252647;25.11915534;1.53493417;1.59372385;3.54607713;-0.04302749;0.00000000;0.00000000
1334;133.40000000;0.00000000;7.75048433;25.08015348;1.54684463;1.59705219;3.54105945;-0.01922784;0.00000000;0.00000000
1335;133.50000000;0.00000000;7.65833799;25.04139744;1.56480129;1.60687044;3.54223156;-0.00082245;0.00000000;0.00000000
1336;133.60000000;0.00000000;7.56638689;25.00217965;1.58933855;1.59472505;3.54089496;0.00115761;0.00000000;0.00000000
1337;133.70000000;0.00000000;7.47413661;24.96366980;1.56677258;1.58842886;3.54246308;0.00313326;0.00000000;0.00000000
1338;133.80000000;0.00000000;7.38230774;24.92416330;1.54545051;1.58732971;3.54152161;0.00320014;0.00000000;0.00000000
1339;133.90000000;0.00000000;7.28998361;24.88582658;1.52911370;1.59064152;3.54310311;0.01284637;0.00000000;0.00000000
1340;134.00000000;0.00000000;7.19827904;24.84602934;1.52077661;1.58791191;3.54409089;0.00486636;0.00000000;0.00000000
1341;134.10000000;0.00000000;7.10603086;24.80751032;1.51759800;1.58932062;3.54407638;0.01303256;0.00000000;0.00000000
1342;134.20000000;0.00000000;7.01432669;24.76771641;1.52237954;1.59561891;3.54669740;-0.01185906;0.00000000;0.00000000
1343;134.30000000;0.00000000;6.92228282;24.72871484;1.53014787;1.60896970;3.54170457;-0.02186385;0.00000000;0.00000000
1344;134.40000000;0.00000000;6.83018437;24.68983799;1.54090083;1.61785249;3.54232463;-0.00495455;0.00000000;0.00000000
1345;134.50000000;0.00000000;6.73818742;24.65072166;1.55826149;1.61385289;3.54071366;-0.01961367;0.00000000;0.00000000
1346;134.60000000;0.00000000;6.64596625;24.61214262;1.56752350;1.60031054;3.53840189;0.00584058;0.00000000;0.00000000
1347;134.70000000;0.00000000;6.55379303;24.57345356;1.56164556;1.59281857;3.54188178;0.02206485;0.00000000;0.00000000
1348;134.80000000;0.00000000;6.46184226;24.53423349;1.56273069;1.59100650;3.54281486;0.02981797;0.00000000;0.00000000
1349;134.90000000;0.00000000;6.36974069;24.49537218;1.55541068;1.59585606;3.54784537;0.06447714;0.00000000;0.00000000
1350;135.00000000;0.00000000;6.27818739;24.45522824;1.55253648;1.60553989;3.55571029;0.04874396;0.00000000;0.00000000
1351;135.10000000;0.00000000;6.18670553;24.41492173;1.55626960;1.61582329;3.55759416;-0.01561566;0.00000000;0.00000000
1352;135.20000000;0.00000000;6.09530411;24.37443311;1.56658414;1.61239808;3.55258716;-0.08289124;0.00000000;0.00000000
1353;135.30000000;0.00000000;6.00342333;24.33504477;1.57059291;1.58974311;3.54101592;-0.04987647;0.00000000;0.00000000
1354;135.40000000;0.00000000;5.91111012;24.29668234;1.57322385;1.57423010;3.54261186;0.03179281;0.00000000;0.00000000
1355;135.50000000;0.00000000;5.81935806;24.25700199;1.56391060;1.56353258;3.54737448;0.01116160;0.00000000;0.00000000
1356;135.60000000;0.00000000;5.72741509;24.21776229;1.55112565;1.55966388;3.54484418;-0.00198898;0.00000000;0.00000000
1357;135.70000000;0.00000000;5.63546100;24.17854575;1.54469167;1.56222133;3.54697668;0.03344167;0.00000000;0.00000000
1358;135.80000000;0.00000000;5.54368520;24.13891384;1.54502640;1.57069933;3.55153252;0.04589345;0.00000000;0.00000000
1359;135.90000000;0.00000000;5.45209228;24.09886110;1.54046221;1.57997039;3.55615537;0.04655182;0.00000000;0.00000000
1360;136.00000000;0.00000000;5.36068682;24.05838235;1.54086651;1.59419141;3.56084288;0.04718636;0.00000000;0.00000000
1361;136.10000000;0.00000000;5.26947337;24.01747268;1.53217850;1.61402941;3.56559264;0.04517991;0.00000000;0.00000000
1362;136.20000000;0.00000000;5.17845646;23.97612742;1.53046453;1.62721271;3.56987886;0.00557633;0.00000000;0.00000000
1363;136.30000000;0.00000000;5.08759713;23.93443738;1.53564956;1.60796781;3.56670791;-0.06749938;0.00000000;0.00000000
1364;136.40000000;0.00000000;4.99631966;23.89367008;1.54628683;1.59477625;3.55637899;-0.06636018;0.00000000;0.00000000
1365;136.50000000;0.00000000;4.90461839;23.85386569;1.56222558;1.58883268;3.55343587;0.04169697;0.00000000;0.00000000
1366;136.60000000;0.00000000;4.81310270;23.81363645;1.56545722;1.58870444;3.56471838;0.09821506;0.00000000;0.00000000
1367;136.70000000;0.00000000;4.72232642;23.77177471;1.54897507;1.59306850;3.57307889;0.04287324;0.00000000;0.00000000
1368;136.80000000;0.00000000;4.63149674;23.73002123;1.53870257;1.60378394;3.57329303;0.02209229;0.00000000;0.00000000
1369;136.90000000;0.00000000;4.54073535;23.68811922;1.53504920;1.61307532;3.57749734;0.03984133;0.00000000;0.00000000
1370;137.00000000;0.00000000;4.45025986;23.64560342;1.53857470;1.60655103;3.58126130;0.00143061;0.00000000;0.00000000
1371;137.10000000;0.00000000;4.35981661;23.60301943;1.54252580;1.60615845;3.57778346;-0.04327093;0.00000000;0.00000000
1372;137.20000000;0.00000000;4.26904762;23.56113398;1.53892269;1.61274465;3.57260711;0.01141830;0.00000000;0.00000000
1373;137.30000000;0.00000000;4.17817062;23.51948962;1.53090935;1.61115152;3.58006712;0.06088636;0.00000000;0.00000000
1374;137.40000000;0.00000000;4.08803615;23.47625441;1.53115680;1.59422800;3.58478438;0.02082401;0.00000000;0.00000000
1375;137.50000000;0.00000000;3.99755308;23.43375309;1.52549762;1.58425708;3.58423192;0.03092357;0.00000000;0.00000000
1376;137.60000000;0.00000000;3.90737081;23.39061745;1.52659937;1.57985651;3.59096909;0.06564374;0.00000000;0.00000000
1377;137.70000000;0.00000000;3.81746892;23.34690097;1.53486882;1.58039970;3.59736067;0.06612227;0.00000000;0.00000000
1378;137.80000000;0.00000000;3.72784575;23.30261625;1.55017907;1.57566627;3.60419355;0.05462027;0.00000000;0.00000000
1379;137.90000000;0.00000000;3.63855017;23.25767557;1.57242077;1.57653478;3.60828473;0.01112599;0.00000000;0.00000000
1380;138.00000000;0.00000000;3.54929220;23.21265894;1.60068867;1.58364121;3.60641875;-0.03256657;0.00000000;0.00000000
1381;138.10000000;0.00000000;3.45982900;23.16805156;1.60749312;1.58563384;3.60177141;-0.04142131;0.00000000;0.00000000
1382;138.20000000;0.00000000;3.37015644;23.12386646;1.60698199;1.58868416;3.59813448;-0.00315830;0.00000000;0.00000000
1383;138.30000000;0.00000000;3.28037142;23.07991114;1.61242458;1.59824844;3.60113975;0.02670323;0.00000000;0.00000000
1384;138.40000000;0.00000000;3.19096582;23.03518774;1.59815082;1.61311756;3.60347513;0.02808303;0.00000000;0.00000000
1385;138.50000000;0.00000000;3.10138651;22.99081325;1.58161754;1.63313058;3.60675636;0.06698593;0.00000000;0.00000000
1386;138.60000000;0.00000000;3.01227678;22.94550433;1.57232613;1.61627845;3.61687232;0.09856279;0.00000000;0.00000000
1387;138.70000000;0.00000000;2.92361443;22.89932715;1.57033701;1.59637675;3.62646892;0.07664595;0.00000000;0.00000000
1388;138.80000000;0.00000000;2.83539135;22.85231674;1.57564328;1.58161516;3.63220151;0.01989652;0.00000000;0.00000000
1389;138.90000000;0.00000000;2.74726345;22.80512566;1.58100774;1.57287611;3.63044822;-0.03108502;0.00000000;0.00000000
1390;139.00000000;0.00000000;2.65887608;22.75842491;1.58103978;1.57101930;3.62598450;-0.00758618;0.00000000;0.00000000
1391;139.10000000;0.00000000;2.57033155;22.71202306;1.57607746;1.57585263;3.62893098;0.03490816;0.00000000;0.00000000
1392;139.20000000;0.00000000;2.48221977;22.66480164;1.57758699;1.57045543;3.63296613;0.04856669;0.00000000;0.00000000
1393;139.30000000;0.00000000;2.39405135;22.61768606;1.58529179;1.56951127;3.63864432;0.06110021;0.00000000;0.00000000
1394;139.40000000;0.00000000;2.30648193;22.56946731;1.59774138;1.57367344;3.64518618;0.05627140;0.00000000;0.00000000
1395;139.50000000;0.00000000;2.21893749;22.52120223;1.59111733;1.58409357;3.64989860;0.05940843;0.00000000;0.00000000
1396;139.60000000;0.00000000;2.13182800;22.47216119;1.59072037;1.59982765;3.65706786;0.06195793;0.00000000;0.00000000
1397;139.70000000;0.00000000;2.04498458;22.42264587;1.59713631;1.60267572;3.66229019;0.06148725;0.00000000;0.00000000
1398;139.80000000;0.00000000;1.95839210;22.37269772;1.60628868;1.60627908;3.66936531;0.04518880;0.00000000;0.00000000
1399;139.90000000;0.00000000;1.87225820;22.32195867;1.58122394;1.61516292;3.67132795;0.03606524;0.00000000;0.00000000
1400;140.00000000;0.00000000;1.78586041;22.27166980;1.55565839;1.62245204;3.67657836;0.07245051;0.00000000;0.00000000
1401;140.10000000;0.00000000;1.70026413;22.22002914;1.53563424;1.61024250;3.68581805;0.05832408;0.00000000;0.00000000
1402;140.20000000;0.00000000;1.61481040;22.16815241;1.52220033;1.60167912;3.68824318;0.01356865;0.00000000;0.00000000
1403;140.30000000;0.00000000;1.52946537;22.11609705;1.51546546;1.59912145;3.68853178;-0.00127745;0.00000000;0.00000000
1404;140.40000000;0.00000000;1.44404190;22.06417119;1.51515864;1.60295789;3.68798769;0.02969567;0.00000000;0.00000000
1405;140.50000000;0.00000000;1.35864221;22.01220991;1.52147669;1.61295023;3.69447091;0.07138161;0.00000000;0.00000000
1406;140.60000000;0.00000000;1.27389885;21.95918060;1.53553212;1.61817139;3.70226401;0.08101684;0.00000000;0.00000000
1407;140.70000000;0.00000000;1.18931741;21.90589338;1.55422183;1.61561675;3.71067428;0.07576620;0.00000000;0.00000000
1408;140.80000000;0.00000000;1.10547945;21.85144716;1.56332410;1.61786703;3.71741725;0.04767881;0.00000000;0.00000000
1409;140.90000000;0.00000000;1.02162450;21.79702429;1.56846886;1.62629953;3.72021004;0.05849204;0.00000000;0.00000000
1410;141.00000000;0.00000000;0.93809354;21.74211166;1.58051496;1.62544900;3.72911566;0.09365410;0.00000000;0.00000000
1411;141.10000000;0.00000000;0.85522165;21.68620430;1.59436479;1.62118090;3.73894086;0.08404518;0.00000000;0.00000000
1412;141.20000000;0.00000000;0.77278280;21.62965888;1.57605196;1.62230006;3.74592469;0.08593064;0.00000000;0.00000000
1413;141.30000000;0.00000000;0.69069922;21.57259903;1.56161113;1.61590755;3.75612699;0.09559435;0.00000000;0.00000000
1414;141.40000000;0.00000000;0.60943389;21.51438524;1.54946838;1.60994412;3.76504356;0.05904617;0.00000000;0.00000000
1415;141.50000000;0.00000000;0.52838085;21.45587076;1.54321953;1.60980883;3.76793622;0.04004432;0.00000000;0.00000000
1416;141.60000000;0.00000000;0.44745202;21.39718660;1.54364389;1.60268496;3.77305243;0.06641235;0.00000000;0.00000000
1417;141.70000000;0.00000000;0.36700194;21.33784582;1.55133494;1.59061162;3.78121869;0.07538643;0.00000000;0.00000000
1418;141.80000000;0.00000000;0.28704135;21.27784704;1.56619253;1.58394484;3.78812971;0.05090000;0.00000000;0.00000000
1419;141.90000000;0.00000000;0.20741954;21.21740028;1.58776396;1.58301178;3.79139869;0.02301275;0.00000000;0.00000000
1420;142.00000000;0.00000000;0.12785296;21.15688004;1.59647552;1.58129323;3.79273226;0.03099521;0.00000000;0.00000000
1421;142.10000000;0.00000000;0.04839308;21.09622146;1.58321449;1.56886939;3.79759774;0.06459290;0.00000000;0.00000000
1422;142.20000000;0.00000000;-0.03058086;21.03492982;1.57073798;1.56195655;3.80565084;0.08067500;0.00000000;0.00000000
1423;142.30000000;0.00000000;-0.10905428;20.97299874;1.56537387;1.56061460;3.81373274;0.07805585;0.00000000;0.00000000
1424;142.40000000;0.00000000;-0.18702631;20.91043937;1.56718727;1.56486604;3.82126201;0.07265534;0.00000000;0.00000000
1425;142.50000000;0.00000000;-0.26455757;20.84733424;1.57605170;1.57476671;3.82826380;0.07476800;0.00000000;0.00000000
1426;142.60000000;0.00000000;-0.34164611;20.78368901;1.59184582;1.58425591;3.83621561;0.08364709;0.00000000;0.00000000
1427;142.70000000;0.00000000;-0.41816476;20.71935826;1.59157860;1.59286034;3.84499322;0.08566615;0.00000000;0.00000000
1428;142.80000000;0.00000000;-0.49412464;20.65436920;1.59056178;1.60060665;3.85334884;0.07214845;0.00000000;0.00000000
1429;142.90000000;0.00000000;-0.56955656;20.58876968;1.57637801;1.60755003;3.85942291;0.04767535;0.00000000;0.00000000
1430;143.00000000;0.00000000;-0.64472161;20.52286245;1.56885671;1.61408815;3.86288391;0.07188418;0.00000000;0.00000000
1431;143.10000000;0.00000000;-0.71969697;20.45674295;1.56259187;1.62034267;3.87379975;0.10379534;0.00000000;0.00000000
1432;143.20000000;0.00000000;-0.79340538;20.38921059;1.56361241;1.62122066;3.88364298;0.08218275;0.00000000;0.00000000
1433;143.30000000;0.00000000;-0.86706629;20.32162645;1.57107633;1.60176235;3.89023630;0.08779425;0.00000000;0.00000000
1434;143.40000000;0.00000000;-0.93987364;20.25313188;1.58605115;1.58712908;3.90120183;0.08235592;0.00000000;0.00000000
1435;143.50000000;0.00000000;-1.01203481;20.18394870;1.60803250;1.57775882;3.90670748;0.08303249;0.00000000;0.00000000
1436;143.60000000;0.00000000;-1.08408689;20.11465336;1.61757463;1.57001731;3.91780833;0.13012214;0.00000000;0.00000000
1437;143.70000000;0.00000000;-1.15469443;20.04388526;1.59928581;1.56495290;3.93273191;0.10649458;0.00000000;0.00000000
1438;143.80000000;0.00000000;-1.22464634;19.97247064;1.57781067;1.56391884;3.93910725;0.05102369;0.00000000;0.00000000
1439;143.90000000;0.00000000;-1.29434580;19.90080807;1.56279940;1.56395853;3.94293665;0.05311388;0.00000000;0.00000000
1440;144.00000000;0.00000000;-1.36374847;19.82886004;1.55449765;1.56486982;3.94973002;0.08964024;0.00000000;0.00000000
1441;144.10000000;0.00000000;-1.43246790;19.75625709;1.55354749;1.56999818;3.96086470;0.11039846;0.00000000;0.00000000
1442;144.20000000;0.00000000;-1.50025213;19.68278052;1.55797542;1.58017448;3.97180972;0.08908827;0.00000000;0.00000000
1443;144.30000000;0.00000000;-1.56736494;19.60869192;1.56562366;1.57200869;3.97868235;0.05099905;0.00000000;0.00000000
1444;144.40000000;0.00000000;-1.63413293;19.53429053;1.57496398;1.55265439;3.98200953;0.02671007;0.00000000;0.00000000
1445;144.50000000;0.00000000;-1.70075220;19.45975591;1.57425556;1.53936200;3.98402436;0.07088998;0.00000000;0.00000000
1446;144.60000000;0.00000000;-1.76721989;19.38508601;1.56596899;1.53228585;3.99618752;0.14118588;0.00000000;0.00000000
1447;144.70000000;0.00000000;-1.83200574;19.30895385;1.55007766;1.52948686;4.01226154;0.12917724;0.00000000;0.00000000
1448;144.80000000;0.00000000;-1.89603803;19.23218727;1.54150577;1.53223155;4.02202297;0.09251613;0.00000000;0.00000000
1449;144.90000000;0.00000000;-1.95932471;19.15480563;1.54035781;1.54050827;4.03076476;0.07109137;0.00000000;0.00000000
1450;145.00000000;0.00000000;-2.02200601;19.07693025;1.54646597;1.55441094;4.03624124;0.06883336;0.00000000;0.00000000
1451;145.10000000;0.00000000;-2.08444267;18.99885842;1.55752935;1.55495309;4.04453144;0.12323252;0.00000000;0.00000000
1452;145.20000000;0.00000000;-2.14582422;18.91995451;1.57162091;1.54941627;4.06088775;0.15179183;0.00000000;0.00000000
1453;145.30000000;0.00000000;-2.20567022;18.83988730;1.59270577;1.54488677;4.07488980;0.10674442;0.00000000;0.00000000
1454;145.40000000;0.00000000;-2.26481837;18.75929574;1.60061832;1.54321803;4.08223663;0.07627177;0.00000000;0.00000000
1455;145.50000000;0.00000000;-2.32348402;18.67835428;1.60538890;1.54742233;4.09014416;0.07545929;0.00000000;0.00000000
1456;145.60000000;0.00000000;-2.38135037;18.59683729;1.58638434;1.55706648;4.09732849;0.07654497;0.00000000;0.00000000
1457;145.70000000;0.00000000;-2.43884804;18.51505974;1.57374536;1.55833785;4.10545315;0.08346743;0.00000000;0.00000000
1458;145.80000000;0.00000000;-2.49538157;18.43261419;1.56856556;1.56112334;4.11402198;0.07661461;0.00000000;0.00000000
1459;145.90000000;0.00000000;-2.55146922;18.34986360;1.57028744;1.56540680;4.12077607;0.09016634;0.00000000;0.00000000
1460;146.00000000;0.00000000;-2.60688324;18.26666294;1.57915620;1.57361160;4.13205524;0.14532093;0.00000000;0.00000000
1461;146.10000000;0.00000000;-2.66108656;18.18267365;1.58987356;1.57769909;4.14984026;0.17350155;0.00000000;0.00000000
1462;146.20000000;0.00000000;-2.71350779;18.09755338;1.60860958;1.58319928;4.16675555;0.12846572;0.00000000;0.00000000
1463;146.30000000;0.00000000;-2.76484264;18.01177295;1.59558113;1.59370021;4.17553340;0.08159991;0.00000000;0.00000000
1464;146.40000000;0.00000000;-2.81576170;17.92574526;1.58747604;1.60215795;4.18307554;0.09202992;0.00000000;0.00000000
1465;146.50000000;0.00000000;-2.86579584;17.83920194;1.58548562;1.58859639;4.19393939;0.10505486;0.00000000;0.00000000
1466;146.60000000;0.00000000;-2.91483274;17.75209026;1.58043191;1.58010402;4.20408651;0.08997416;0.00000000;0.00000000
1467;146.70000000;0.00000000;-2.96310110;17.66454813;1.58257254;1.57703076;4.21193422;0.08595435;0.00000000;0.00000000
1468;146.80000000;0.00000000;-3.01076515;17.57667681;1.57448718;1.57960107;4.22127738;0.10951819;0.00000000;0.00000000
1469;146.90000000;0.00000000;-3.05738930;17.48824815;1.56684945;1.58647772;4.23383786;0.11123537;0.00000000;0.00000000
1470;147.00000000;0.00000000;-3.10283185;17.39920590;1.56186031;1.58162015;4.24352445;0.09206996;0.00000000;0.00000000
1471;147.10000000;0.00000000;-3.14773438;17.30989030;1.56386558;1.58246830;4.25225185;0.10261858;0.00000000;0.00000000
1472;147.20000000;0.00000000;-3.19161514;17.22006993;1.57336853;1.58848083;4.26404817;0.11049749;0.00000000;0.00000000
1473;147.30000000;0.00000000;-3.23439731;17.12972176;1.57642905;1.59083370;4.27435135;0.09490032;0.00000000;0.00000000
1474;147.40000000;0.00000000;-3.27641848;17.03901533;1.57124297;1.58408515;4.28302823;0.09613264;0.00000000;0.00000000
1475;147.50000000;0.00000000;-3.31762639;16.94793837;1.57330070;1.57901670;4.29357788;0.11368610;0.00000000;0.00000000
1476;147.60000000;0.00000000;-3.35772394;16.85636691;1.58289297;1.57691856;4.30576545;0.12204354;0.00000000;0.00000000
1477;147.70000000;0.00000000;-3.39670004;16.76431212;1.59422358;1.57993215;4.31798658;0.12214191;0.00000000;0.00000000
1478;147.80000000;0.00000000;-3.43454795;16.67178722;1.60380150;1.58763594;4.33019383;0.12231385;0.00000000;0.00000000
1479;147.90000000;0.00000000;-3.47126559;16.57880734;1.58980236;1.58333743;4.34244935;0.12390654;0.00000000;0.00000000
1480;148.00000000;0.00000000;-3.50683488;16.48538157;1.58283931;1.58231243;4.35497514;0.12362940;0.00000000;0.00000000
1481;148.10000000;0.00000000;-3.54121209;16.39151077;1.58344631;1.57646059;4.36717523;0.11870837;0.00000000;0.00000000
1482;148.20000000;0.00000000;-3.57449118;16.29724566;1.59150951;1.57577080;4.37871682;0.07374374;0.00000000;0.00000000
1483;148.30000000;0.00000000;-3.60669228;16.20260729;1.60688997;1.57514347;4.38192398;0.01997015;0.00000000;0.00000000
1484;148.40000000;0.00000000;-3.63936599;16.10813078;1.59305089;1.57099306;4.38271085;0.04987368;0.00000000;0.00000000
1485;148.50000000;0.00000000;-3.67141790;16.01344249;1.58046481;1.56456400;4.39189872;0.13041430;0.00000000;0.00000000
1486;148.60000000;0.00000000;-3.70234985;15.91838243;1.57531858;1.56332926;4.40879371;0.18837456;0.00000000;0.00000000
1487;148.70000000;0.00000000;-3.73118186;15.82267395;1.57870107;1.56628519;4.42957363;0.18410117;0.00000000;0.00000000
1488;148.80000000;0.00000000;-3.75813760;15.72641131;1.59031809;1.56230366;4.44561394;0.14122071;0.00000000;0.00000000
1489;148.90000000;0.00000000;-3.78388710;15.62981881;1.60929891;1.55703786;4.45781777;0.11878812;0.00000000;0.00000000
1490;149.00000000;0.00000000;-3.80848560;15.53292657;1.61379562;1.55699226;4.46937156;0.09462943;0.00000000;0.00000000
1491;149.10000000;0.00000000;-3.83199651;15.43576444;1.60598314;1.56080641;4.47674366;0.04763737;0.00000000;0.00000000
1492;149.20000000;0.00000000;-3.85516410;15.33851879;1.59997594;1.56472967;4.47889904;0.03936092;0.00000000;0.00000000
1493;149.30000000;0.00000000;-3.87825595;15.24125621;1.60028097;1.55248648;4.48461584;0.08124723;0.00000000;0.00000000
1494;149.40000000;0.00000000;-3.90031002;15.14375276;1.60787719;1.54555602;4.49514848;0.10730579;0.00000000;0.00000000
1495;149.50000000;0.00000000;-3.92134805;15.04602528;1.60530960;1.54403560;4.50607700;0.11276113;0.00000000;0.00000000
1496;149.60000000;0.00000000;-3.94126579;14.94806356;1.60421390;1.54712774;4.51770071;0.11416706;0.00000000;0.00000000
1497;149.70000000;0.00000000;-3.96002646;14.84987331;1.61051386;1.53207990;4.52891041;0.10749267;0.00000000;0.00000000
1498;149.80000000;0.00000000;-3.97774325;14.75148903;1.62400657;1.52239667;4.53919924;0.10333250;0.00000000;0.00000000
1499;149.90000000;0.00000000;-3.99447959;14.65293337;1.61210420;1.51824829;4.54957691;0.10652647;0.00000000;0.00000000
1500;150.00000000;0.00000000;-4.01015068;14.55420286;1.59874920;1.51959637;4.56050453;0.09641199;0.00000000;0.00000000
1501;150.10000000;0.00000000;-4.02472927;14.45530479;1.59267759;1.52640059;4.56885931;0.05509043;0.00000000;0.00000000
1502;150.20000000;0.00000000;-4.03874858;14.35632562;1.59343374;1.53370398;4.57152262;0.06390621;0.00000000;0.00000000
1503;150.30000000;0.00000000;-4.05279933;14.25735724;1.60041279;1.54657543;4.58164055;0.09355140;0.00000000;0.00000000
1504;150.40000000;0.00000000;-4.06481307;14.15811448;1.61559192;1.55857241;4.59023290;0.06540344;0.00000000;0.00000000
1505;150.50000000;0.00000000;-4.07716173;14.05891362;1.62955133;1.57090404;4.59472124;0.08418765;0.00000000;0.00000000
1506;150.60000000;0.00000000;-4.08828403;13.95956784;1.61842124;1.58201282;4.60707043;0.11983075;0.00000000;0.00000000
1507;150.70000000;0.00000000;-4.09817910;13.86009195;1.60852022;1.58290130;4.61868739;0.12230809;0.00000000;0.00000000
1508;150.80000000;0.00000000;-4.10699045;13.76051425;1.59970432;1.56088523;4.63153205;0.16990465;0.00000000;0.00000000
1509;150.90000000;0.00000000;-4.11432656;13.66082331;1.59236511;1.54357049;4.65266832;0.19471094;0.00000000;0.00000000
1510;151.00000000;0.00000000;-4.11892201;13.56096228;1.58776866;1.52985797;4.67047424;0.09881709;0.00000000;0.00000000
1511;151.10000000;0.00000000;-4.12270422;13.46106657;1.58398585;1.52178576;4.67243174;0.03783821;0.00000000;0.00000000
1512;151.20000000;0.00000000;-4.12690868;13.36118834;1.57978059;1.52068081;4.67804188;0.12909049;0.00000000;0.00000000
1513;151.30000000;0.00000000;-4.12956958;13.26126338;1.57711939;1.52334199;4.69824984;0.15855548;0.00000000;0.00000000
1514;151.40000000;0.00000000;-4.12973517;13.16129600;1.57695384;1.52350751;4.70975298;0.08005333;0.00000000;0.00000000
1515;151.50000000;0.00000000;-4.13009660;13.06133038;1.57659244;1.52386886;-1.56892480;0.05771834;0.00000000;0.00000000
1516;151.60000000;0.00000000;-4.12936100;12.96136544;1.57732798;1.52313341;-1.56188866;0.10964629;0.00000000;0.00000000
1517;151.70000000;0.00000000;-4.12831575;12.86141130;1.57837298;1.52208860;-1.54699554;0.13963314;0.00000000;0.00000000
1518;151.80000000;0.00000000;-4.12460345;12.76151263;1.58208402;1.51963298;-1.53396204;0.10246842;0.00000000;0.00000000
1519;151.90000000;0.00000000;-4.12095300;12.66161325;1.58573323;1.52380762;-1.52650186;0.11098851;0.00000000;0.00000000
1520;152.00000000;0.00000000;-4.11575074;12.56178306;1.59093318;1.53295719;-1.51176433;0.11458113;0.00000000;0.00000000
1521;152.10000000;0.00000000;-4.10915767;12.46203298;1.59752279;1.54714944;-1.50358563;0.08473212;0.00000000;0.00000000
1522;152.20000000;0.00000000;-4.10232322;12.36230147;1.60435357;1.56736486;-1.49481791;0.08967306;0.00000000;0.00000000
1523;152.30000000;0.00000000;-4.09398211;12.26268233;1.61268951;1.58747070;-1.48565102;0.09384569;0.00000000;0.00000000
1524;152.40000000;0.00000000;-4.08532044;12.16309298;1.62134574;1.57880697;-1.47604877;0.09699394;0.00000000;0.00000000
1525;152.50000000;0.00000000;-4.07506788;12.06365238;1.63159109;1.56855161;-1.46625223;0.10632753;0.00000000;0.00000000
1526;152.60000000;0.00000000;-4.06445671;11.96425181;1.63364146;1.56165617;-1.45478327;0.15573158;0.00000000;0.00000000
1527;152.70000000;0.00000000;-4.05192640;11.86507506;1.61569360;1.55412106;-1.43510592;0.19010073;0.00000000;0.00000000
1528;152.80000000;0.00000000;-4.03741253;11.76616857;1.60578285;1.54980448;-1.41676312;0.14554119;0.00000000;0.00000000
1529;152.90000000;0.00000000;-4.02125272;11.66751567;1.60224640;1.55026485;-1.40599768;0.11782946;0.00000000;0.00000000
1530;153.00000000;0.00000000;-4.00461273;11.56894408;1.58371338;1.55667139;-1.39319723;0.16942387;0.00000000;0.00000000
1531;153.10000000;0.00000000;-3.98593306;11.47073803;1.57339868;1.56738306;-1.37211291;0.20660520;0.00000000;0.00000000
1532;153.20000000;0.00000000;-3.96515218;11.37295418;1.57153972;1.56497097;-1.35187619;0.16213818;0.00000000;0.00000000
1533;153.30000000;0.00000000;-3.94251393;11.27558345;1.57792803;1.55435017;-1.33968527;0.12545090;0.00000000;0.00000000
1534;153.40000000;0.00000000;-3.91935530;11.17833526;1.59111366;1.54958217;-1.32678601;0.16979006;0.00000000;0.00000000
1535;153.50000000;0.00000000;-3.89421339;11.08158306;1.60677800;1.54921218;-1.30572726;0.20490101;0.00000000;0.00000000
1536;153.60000000;0.00000000;-3.86698156;10.98539937;1.60701948;1.55312205;-1.28580581;0.19773428;0.00000000;0.00000000
1537;153.70000000;0.00000000;-3.83800592;10.88972598;1.60192750;1.56162442;-1.26618040;0.17074459;0.00000000;0.00000000
1538;153.80000000;0.00000000;-3.80702148;10.79468731;1.59546891;1.57435560;-1.25165689;0.12605831;0.00000000;0.00000000
1539;153.90000000;0.00000000;-3.77527859;10.69989317;1.59605683;1.58848882;-1.24096874;0.13309601;0.00000000;0.00000000
1540;154.00000000;0.00000000;-3.74226999;10.60553923;1.60422321;1.58482139;-1.22503769;0.17053691;0.00000000;0.00000000
1541;154.10000000;0.00000000;-3.70752477;10.51180797;1.62034812;1.57743633;-1.20686136;0.18500425;0.00000000;0.00000000
1542;154.20000000;0.00000000;-3.67110864;10.41871598;1.63272758;1.57457952;-1.18803684;0.18235943;0.00000000;0.00000000
1543;154.30000000;0.00000000;-3.63285968;10.32635807;1.64189762;1.57609125;-1.17038947;0.16674160;0.00000000;0.00000000
1544;154.40000000;0.00000000;-3.59317934;10.23460474;1.65457579;1.56970341;-1.15468852;0.17920711;0.00000000;0.00000000
1545;154.50000000;0.00000000;-3.55204831;10.14349060;1.64533229;1.55901424;-1.13454805;0.16847659;0.00000000;0.00000000
1546;154.60000000;0.00000000;-3.50870473;10.05340860;1.64457491;1.55049890;-1.12099320;0.11668635;0.00000000;0.00000000
1547;154.70000000;0.00000000;-3.46511907;9.96344289;1.65015303;1.54813551;-1.11121078;0.13163205;0.00000000;0.00000000
1548;154.80000000;0.00000000;-3.42002382;9.87423087;1.65382532;1.55053602;-1.09466679;0.15788686;0.00000000;0.00000000
1549;154.90000000;0.00000000;-3.37348734;9.78575914;1.65525507;1.55774432;-1.07963341;0.14868088;0.00000000;0.00000000
1550;155.00000000;0.00000000;-3.32572928;9.69794080;1.64459006;1.55012796;-1.06493061;0.16184026;0.00000000;0.00000000
1551;155.10000000;0.00000000;-3.27661267;9.61087723;1.63550201;1.54338987;-1.04726536;0.17561564;0.00000000;0.00000000
1552;155.20000000;0.00000000;-3.22578118;9.52479850;1.63447317;1.53588611;-1.02980749;0.17931432;0.00000000;0.00000000
1553;155.30000000;0.00000000;-3.17365248;9.43949817;1.64067144;1.53260836;-1.01140249;0.18111147;0.00000000;0.00000000
1554;155.40000000;0.00000000;-3.11968869;9.35535022;1.64100326;1.53368040;-0.99358519;0.16754677;0.00000000;0.00000000
1555;155.50000000;0.00000000;-3.06455549;9.27196329;1.64627038;1.53986101;-0.97789314;0.16364883;0.00000000;0.00000000
1556;155.60000000;0.00000000;-3.00798026;9.18955377;1.63509148;1.53551856;-0.96085543;0.15741057;0.00000000;0.00000000
1557;155.70000000;0.00000000;-2.95003830;9.10809361;1.62691427;1.53289230;-0.94641102;0.13438691;0.00000000;0.00000000
1558;155.80000000;0.00000000;-2.89110291;9.02734807;1.62608113;1.52950848;-0.93397804;0.13099139;0.00000000;0.00000000
1559;155.90000000;0.00000000;-2.83115193;8.94735164;1.63264175;1.53129419;-0.92021275;0.15411884;0.00000000;0.00000000
1560;156.00000000;0.00000000;-2.77001537;8.86825799;1.64449261;1.53810114;-0.90315428;0.16820794;0.00000000;0.00000000
1561;156.10000000;0.00000000;-2.70737391;8.79035729;1.63759508;1.54890292;-0.88657116;0.15518867;0.00000000;0.00000000
1562;156.20000000;0.00000000;-2.64364971;8.71333612;1.63817917;1.55831384;-0.87211654;0.15359287;0.00000000;0.00000000
1563;156.30000000;0.00000000;-2.57878349;8.63727966;1.64633601;1.56623225;-0.85585258;0.15363532;0.00000000;0.00000000
1564;156.40000000;0.00000000;-2.51258727;8.56237063;1.66221021;1.57239599;-0.84138948;0.15677667;0.00000000;0.00000000
1565;156.50000000;0.00000000;-2.44554396;8.48821712;1.67637312;1.57742517;-0.82449725;0.16674382;0.00000000;0.00000000
1566;156.60000000;0.00000000;-2.37685519;8.41558680;1.67358594;1.57636301;-0.80804071;0.13333847;0.00000000;0.00000000
1567;156.70000000;0.00000000;-2.30740900;8.34368068;1.67184670;1.55455656;-0.79782956;0.10066325;0.00000000;0.00000000
1568;156.80000000;0.00000000;-2.23725191;8.27246871;1.67110098;1.53796198;-0.78790806;0.10614310;0.00000000;0.00000000
1569;156.90000000;0.00000000;-2.16639290;8.20195491;1.67134501;1.52616951;-0.77660094;0.16230721;0.00000000;0.00000000
1570;157.00000000;0.00000000;-2.09464682;8.13235087;1.67285878;1.51391181;-0.75544662;0.20813646;0.00000000;0.00000000
1571;157.10000000;0.00000000;-2.02086755;8.06489594;1.67732693;1.50523749;-0.73497364;0.17380090;0.00000000;0.00000000
1572;157.20000000;0.00000000;-1.94632783;7.99828317;1.66778295;1.49963395;-0.72068644;0.14552701;0.00000000;0.00000000
1573;157.30000000;0.00000000;-1.87065575;7.93296744;1.65214641;1.49335046;-0.70586824;0.12680120;0.00000000;0.00000000
1574;157.40000000;0.00000000;-1.79417564;7.86859324;1.64369378;1.48721151;-0.69532620;0.09599044;0.00000000;0.00000000
1575;157.50000000;0.00000000;-1.71713987;7.80488454;1.64216434;1.48691278;-0.68667015;0.09055027;0.00000000;0.00000000
1576;157.60000000;0.00000000;-1.63955591;7.74184320;1.64757428;1.49246125;-0.67721615;0.12016553;0.00000000;0.00000000
1577;157.70000000;0.00000000;-1.56132844;7.67960164;1.63793584;1.50363072;-0.66263705;0.14378147;0.00000000;0.00000000
1578;157.80000000;0.00000000;-1.48194181;7.61885076;1.62942943;1.51945014;-0.64845985;0.12398445;0.00000000;0.00000000
1579;157.90000000;0.00000000;-1.40198202;7.55885259;1.62797786;1.52464403;-0.63784016;0.11456930;0.00000000;0.00000000
1580;158.00000000;0.00000000;-1.32132402;7.49980213;1.63383019;1.52683500;-0.62554599;0.11458448;0.00000000;0.00000000
1581;158.10000000;0.00000000;-1.23991327;7.44178791;1.64701046;1.53427209;-0.61492326;0.12751933;0.00000000;0.00000000
1582;158.20000000;0.00000000;-1.15801602;7.38446219;1.64946638;1.51804768;-0.60004213;0.18997566;0.00000000;0.00000000
1583;158.30000000;0.00000000;-1.07491417;7.32889574;1.63789586;1.50417135;-0.57692813;0.20211797;0.00000000;0.00000000
1584;158.40000000;0.00000000;-0.99045960;7.27541868;1.62873562;1.49437180;-0.55961853;0.12625169;0.00000000;0.00000000
1585;158.50000000;0.00000000;-0.90548488;7.22276215;1.62665331;1.49025198;-0.55167779;0.07898034;0.00000000;0.00000000
1586;158.60000000;0.00000000;-0.82018726;7.17063036;1.63132258;1.49221493;-0.54382247;0.10334549;0.00000000;0.00000000
1587;158.70000000;0.00000000;-0.73439864;7.11931698;1.64301991;1.49990015;-0.53100870;0.13538858;0.00000000;0.00000000
1588;158.80000000;0.00000000;-0.64779333;7.06938809;1.66145804;1.51257592;-0.51674475;0.14709912;0.00000000;0.00000000
1589;158.90000000;0.00000000;-0.56057246;7.02054070;1.64288294;1.52728148;-0.50158887;0.13260367;0.00000000;0.00000000
1590;159.00000000;0.00000000;-0.47249414;6.97325973;1.63201613;1.51961051;-0.49022401;0.08977724;0.00000000;0.00000000
1591;159.10000000;0.00000000;-0.38418577;6.92640737;1.62771575;1.51800966;-0.48363343;0.07085669;0.00000000;0.00000000
1592;159.20000000;0.00000000;-0.29549223;6.88029164;1.63037826;1.52215429;-0.47605268;0.08006724;0.00000000;0.00000000
1593;159.30000000;0.00000000;-0.20648378;6.83478353;1.62736297;1.52514938;-0.46761998;0.12103270;0.00000000;0.00000000
1594;159.40000000;0.00000000;-0.11702957;6.79017239;1.62397106;1.52858540;-0.45184613;0.18508493;0.00000000;0.00000000
1595;159.50000000;0.00000000;-0.02663289;6.74749577;1.62046843;1.53638647;-0.43060299;0.16390588;0.00000000;0.00000000
1596;159.60000000;0.00000000;0.06464150;6.70672159;1.62521704;1.54853972;-0.41906496;0.09661103;0.00000000;0.00000000
1597;159.70000000;0.00000000;0.15600202;6.66614078;1.61506300;1.56191392;-0.41128079;0.09043263;0.00000000;0.00000000
1598;159.80000000;0.00000000;0.24789857;6.62679314;1.59364620;1.56155875;-0.40097843;0.09527419;0.00000000;0.00000000
1599;159.90000000;0.00000000;0.34007541;6.58810341;1.57899196;1.56687919;-0.39222595;0.08198652;0.00000000;0.00000000
1600;160.00000000;0.00000000;0.43264583;6.55037071;1.57161004;1.57750075;-0.38458113;0.06547435;0.00000000;0.00000000
1601;160.10000000;0.00000000;0.52540375;6.51309465;1.57106246;1.57783150;-0.37913108;0.07286222;0.00000000;0.00000000
1602;160.20000000;0.00000000;0.61837848;6.47637380;1.57745816;1.57586206;-0.37000869;0.08550895;0.00000000;0.00000000
1603;160.30000000;0.00000000;0.71180101;6.44079615;1.59133664;1.56896452;-0.36202929;0.07166218;0.00000000;0.00000000
1604;160.40000000;0.00000000;0.80535290;6.40556258;1.60788487;1.56708816;-0.35567625;0.05413770;0.00000000;0.00000000
1605;160.50000000;0.00000000;0.89921998;6.37117479;1.60697584;1.57068109;-0.35120175;0.02229236;0.00000000;0.00000000
1606;160.60000000;0.00000000;0.99308430;6.33677949;1.58870598;1.56370004;-0.35121778;0.03635937;0.00000000;0.00000000
1607;160.70000000;0.00000000;1.08695028;6.30238869;1.57657989;1.55959412;-0.34392987;0.05740788;0.00000000;0.00000000
1608;160.80000000;0.00000000;1.18130543;6.26936533;1.57218713;1.55138503;-0.33973620;0.02929534;0.00000000;0.00000000
1609;160.90000000;0.00000000;1.27545621;6.23576313;1.57353028;1.55020858;-0.33807081;0.02967774;0.00000000;0.00000000
1610;161.00000000;0.00000000;1.36992013;6.20305448;1.58214579;1.55391972;-0.33380065;0.03520774;0.00000000;0.00000000
1611;161.10000000;0.00000000;1.46435460;6.17025752;1.59689316;1.55878309;-0.33102926;0.02791864;0.00000000;0.00000000
1612;161.20000000;0.00000000;1.55899838;6.13807296;1.58338073;1.56936863;-0.32821693;0.01870475;0.00000000;0.00000000
1613;161.30000000;0.00000000;1.65361552;6.10580777;1.57038342;1.57629262;-0.32728831;0.00913110;0.00000000;0.00000000
1614;161.40000000;0.00000000;1.74831923;6.07379894;1.56395216;1.57572677;-0.32639071;-0.00064906;0.00000000;0.00000000
1615;161.50000000;0.00000000;1.84299370;6.04170382;1.56380642;1.58158307;-0.32741812;-0.01063044;0.00000000;0.00000000
1616;161.60000000;0.00000000;1.93763182;6.00950032;1.55609051;1.59381371;-0.32851679;-0.03442852;0.00000000;0.00000000
1617;161.70000000;0.00000000;2.03223504;5.97719740;1.54464688;1.61226466;-0.33430382;-0.07060242;0.00000000;0.00000000
1618;161.80000000;0.00000000;2.12649327;5.94390104;1.53857092;1.59875388;-0.34263728;-0.04782988;0.00000000;0.00000000
1619;161.90000000;0.00000000;2.22054625;5.91002549;1.53836398;1.59084420;-0.34386980;0.01178744;0.00000000;0.00000000
1620;162.00000000;0.00000000;2.31472335;5.87649643;1.54500675;1.58882789;-0.34027979;0.03036854;0.00000000;0.00000000
1621;162.10000000;0.00000000;2.40901720;5.84329703;1.55839346;1.59274564;-0.33779609;-0.01547737;0.00000000;0.00000000
1622;162.20000000;0.00000000;2.50335891;5.81023647;1.56639020;1.60275491;-0.34337526;-0.05707182;0.00000000;0.00000000
1623;162.30000000;0.00000000;2.59727653;5.77598697;1.55591197;1.61884687;-0.34921045;-0.02501772;0.00000000;0.00000000
1624;162.40000000;0.00000000;2.69122689;5.74182735;1.55191168;1.61521438;-0.34837881;0.00699177;0.00000000;0.00000000
1625;162.50000000;0.00000000;2.78520135;5.70773411;1.55441434;1.59839180;-0.34781210;-0.03230821;0.00000000;0.00000000
1626;162.60000000;0.00000000;2.87919036;5.67368100;1.56336099;1.58238427;-0.35484045;-0.11131597;0.00000000;0.00000000
1627;162.70000000;0.00000000;2.97267454;5.63827085;1.57717459;1.57402637;-0.37007529;-0.10026062;0.00000000;0.00000000
1628;162.80000000;0.00000000;3.06558012;5.60137113;1.56796874;1.56702541;-0.37489257;-0.02529606;0.00000000;0.00000000
1629;162.90000000;0.00000000;3.15871850;5.56506209;1.55822465;1.56054711;-0.37513451;-0.01596617;0.00000000;0.00000000
1630;163.00000000;0.00000000;3.25160513;5.52811784;1.55417634;1.56114177;-0.37808581;-0.01873368;0.00000000;0.00000000
1631;163.10000000;0.00000000;3.34452743;5.49125974;1.55664375;1.56802907;-0.37888124;-0.02168052;0.00000000;0.00000000
1632;163.20000000;0.00000000;3.43735468;5.45416796;1.56525292;1.58146730;-0.38242191;-0.02436838;0.00000000;0.00000000
1633;163.30000000;0.00000000;3.53001395;5.41665266;1.57970362;1.59797556;-0.38375492;-0.02728033;0.00000000;0.00000000
1634;163.40000000;0.00000000;3.62274227;5.37931342;1.56659490;1.60138967;-0.38787798;-0.02338676;0.00000000;0.00000000
1635;163.50000000;0.00000000;3.71508968;5.34103506;1.55765297;1.59419760;-0.38843227;0.01039340;0.00000000;0.00000000
1636;163.60000000;0.00000000;3.80778015;5.30359157;1.55600144;1.59235513;-0.38579930;-0.03781623;0.00000000;0.00000000
1637;163.70000000;0.00000000;3.90032808;5.26579996;1.56038920;1.59116747;-0.39599552;-0.05991524;0.00000000;0.00000000
1638;163.80000000;0.00000000;3.99223582;5.22647419;1.56949021;1.57480309;-0.39778234;-0.01784622;0.00000000;0.00000000
1639;163.90000000;0.00000000;4.08464902;5.18835169;1.58235518;1.56336565;-0.39956476;-0.02944948;0.00000000;0.00000000
1640;164.00000000;0.00000000;4.17641462;5.14869911;1.59191730;1.55993180;-0.40367224;0.00164846;0.00000000;0.00000000
1641;164.10000000;0.00000000;4.26851056;5.10981916;1.57871618;1.56205868;-0.39923507;0.01705465;0.00000000;0.00000000
1642;164.20000000;0.00000000;4.36062573;5.07098195;1.56674800;1.57051211;-0.40026131;-0.01835557;0.00000000;0.00000000
1643;164.30000000;0.00000000;4.45264268;5.03191263;1.56085051;1.58548493;-0.40290619;-0.02767749;0.00000000;0.00000000
1644;164.40000000;0.00000000;4.54455108;4.99258871;1.56106782;1.58652107;-0.40579681;-0.03011647;0.00000000;0.00000000
1645;164.50000000;0.00000000;4.63634057;4.95298810;1.56737309;1.57966372;-0.40892948;-0.04281951;0.00000000;0.00000000
1646;164.60000000;0.00000000;4.72800075;4.91308914;1.57966967;1.57134431;-0.41436071;-0.07373679;0.00000000;0.00000000
1647;164.70000000;0.00000000;4.81935161;4.87249517;1.58547544;1.56646412;-0.42367684;-0.05031213;0.00000000;0.00000000
1648;164.80000000;0.00000000;4.91025170;4.83089580;1.57927272;1.56905531;-0.42442314;0.01376590;0.00000000;0.00000000
1649;164.90000000;0.00000000;5.00154502;4.79016409;1.58033761;1.56797519;-0.42092366;0.04436828;0.00000000;0.00000000
1650;165.00000000;0.00000000;5.09273501;4.74920151;1.58745704;1.55304262;-0.41554948;0.02000108;0.00000000;0.00000000
1651;165.10000000;0.00000000;5.18446082;4.70945341;1.60210771;1.54312430;-0.41692344;-0.02570057;0.00000000;0.00000000
1652;165.20000000;0.00000000;5.27553661;4.66824097;1.61213988;1.54124846;-0.42068959;-0.02393046;0.00000000;0.00000000
1653;165.30000000;0.00000000;5.36695931;4.62780360;1.59762476;1.54500166;-0.42170953;-0.04820025;0.00000000;0.00000000
1654;165.40000000;0.00000000;5.45794897;4.58640630;1.58292616;1.54686701;-0.43032964;-0.06535193;0.00000000;0.00000000
1655;165.50000000;0.00000000;5.54866210;4.54439837;1.57378009;1.55330733;-0.43477992;-0.03380455;0.00000000;0.00000000
1656;165.60000000;0.00000000;5.63928276;4.50219143;1.57073548;1.56264179;-0.43709055;-0.01226460;0.00000000;0.00000000
1657;165.70000000;0.00000000;5.72980075;4.45976476;1.57380472;1.57310932;-0.43723284;0.02679740;0.00000000;0.00000000
1658;165.80000000;0.00000000;5.82040788;4.41753274;1.58340503;1.57321138;-0.43173107;0.04607578;0.00000000;0.00000000
1659;165.90000000;0.00000000;5.91138729;4.37610460;1.58301586;1.56914227;-0.42801768;0.01087023;0.00000000;0.00000000
1660;166.00000000;0.00000000;6.00230717;4.33454593;1.57844040;1.57157825;-0.42955703;-0.01697377;0.00000000;0.00000000
1661;166.10000000;0.00000000;6.09315862;4.29283788;1.57832529;1.56763597;-0.43141244;-0.05147983;0.00000000;0.00000000
1662;166.20000000;0.00000000;6.18392366;4.25094211;1.58432395;1.55791663;-0.43985299;-0.08502222;0.00000000;0.00000000
1663;166.30000000;0.00000000;6.27405696;4.20770695;1.59510649;1.55174555;-0.44841688;-0.02365450;0.00000000;0.00000000
1664;166.40000000;0.00000000;6.36409115;4.16426281;1.61180135;1.55223339;-0.44458389;0.05721469;0.00000000;0.00000000
1665;166.50000000;0.00000000;6.45455216;4.12172039;1.59053938;1.55815068;-0.43697394;0.05215400;0.00000000;0.00000000
1666;166.60000000;0.00000000;6.54523709;4.07965152;1.57492208;1.56088397;-0.43415309;0.01560507;0.00000000;0.00000000
1667;166.70000000;0.00000000;6.63593893;4.03761909;1.56558495;1.56376479;-0.43385293;0.01274275;0.00000000;0.00000000
1668;166.80000000;0.00000000;6.72664911;3.99560467;1.56262025;1.57052731;-0.43160454;0.05235604;0.00000000;0.00000000
1669;166.90000000;0.00000000;6.81753674;3.95398159;1.56647286;1.58035766;-0.42338172;0.07486642;0.00000000;0.00000000
1670;167.00000000;0.00000000;6.90892556;3.91346456;1.57275467;1.58057237;-0.41663126;0.04014233;0.00000000;0.00000000
1671;167.10000000;0.00000000;7.00036916;3.87307129;1.57300333;1.57913306;-0.41535325;-0.02818619;0.00000000;0.00000000
1672;167.20000000;0.00000000;7.09186125;3.83278798;1.57570270;1.57933034;-0.42226850;-0.07102503;0.00000000;0.00000000
1673;167.30000000;0.00000000;7.18273728;3.79113398;1.57552675;1.57048090;-0.42955826;-0.00190481;0.00000000;0.00000000
1674;167.40000000;0.00000000;7.27363236;3.74952109;1.58172685;1.56626349;-0.42264946;0.05277415;0.00000000;0.00000000
1675;167.50000000;0.00000000;7.36507320;3.70912765;1.59550182;1.55690232;-0.41900343;-0.00498165;0.00000000;0.00000000
1676;167.60000000;0.00000000;7.45626734;3.66817953;1.61476569;1.55453576;-0.42364579;-0.02706361;0.00000000;0.00000000
1677;167.70000000;0.00000000;7.54733140;3.62693785;1.59568183;1.55891085;-0.42441615;0.00399398;0.00000000;0.00000000
1678;167.80000000;0.00000000;7.63846426;3.58584841;1.58106493;1.56948790;-0.42284699;0.02709440;0.00000000;0.00000000
1679;167.90000000;0.00000000;7.72965732;3.54489270;1.57282545;1.58616284;-0.41899727;0.06746235;0.00000000;0.00000000
1680;168.00000000;0.00000000;7.82110085;3.50450748;1.57154002;1.57698787;-0.40935452;0.08289800;0.00000000;0.00000000
1681;168.10000000;0.00000000;7.91306669;3.46531797;1.57790451;1.56929619;-0.40241767;0.00961317;0.00000000;0.00000000
1682;168.20000000;0.00000000;8.00506403;3.42620429;1.58016390;1.56787115;-0.40743189;-0.08133580;0.00000000;0.00000000
1683;168.30000000;0.00000000;8.09663209;3.38609457;1.58061764;1.57149654;-0.41868483;-0.04174344;0.00000000;0.00000000
1684;168.40000000;0.00000000;8.18772664;3.34492016;1.58621924;1.56720231;-0.41578058;0.03415690;0.00000000;0.00000000
1685;168.50000000;0.00000000;8.27952542;3.30534330;1.59019093;1.55589203;-0.41185345;0.02499407;0.00000000;0.00000000
1686;168.60000000;0.00000000;8.37093959;3.26488604;1.59747183;1.55191639;-0.41078176;0.02368651;0.00000000;0.00000000
1687;168.70000000;0.00000000;8.46282112;3.22550685;1.60830979;1.55319948;-0.40711615;0.02154158;0.00000000;0.00000000
1688;168.80000000;0.00000000;8.55452857;3.18572121;1.61142783;1.56133627;-0.40647345;0.01914832;0.00000000;0.00000000
1689;168.90000000;0.00000000;8.64645996;3.14646045;1.61624559;1.57522302;-0.40328648;0.00218809;0.00000000;0.00000000
1690;169.00000000;0.00000000;8.73841871;3.10726033;1.60374685;1.58230858;-0.40603583;-0.02398142;0.00000000;0.00000000
1691;169.10000000;0.00000000;8.83013626;3.06749318;1.59680209;1.57200265;-0.40808277;-0.00050696;0.00000000;0.00000000
1692;169.20000000;0.00000000;8.92193595;3.02791598;1.59630741;1.55821446;-0.40613722;0.02380749;0.00000000;0.00000000
1693;169.30000000;0.00000000;9.01380758;2.98850599;1.60154248;1.55057904;-0.40332127;0.06129235;0.00000000;0.00000000
1694;169.40000000;0.00000000;9.10582699;2.94944715;1.59904543;1.54898844;-0.39387875;0.05260782;0.00000000;0.00000000
1695;169.50000000;0.00000000;9.19842603;2.91177925;1.60204209;1.55005066;-0.39279971;-0.02003829;0.00000000;0.00000000
1696;169.60000000;0.00000000;9.29053129;2.87291835;1.60996515;1.54922596;-0.39788641;-0.01277157;0.00000000;0.00000000
1697;169.70000000;0.00000000;9.38274276;2.83431018;1.62093913;1.54997941;-0.39535402;0.02364008;0.00000000;0.00000000
1698;169.80000000;0.00000000;9.47504363;2.79591629;1.62779013;1.55557730;-0.39315839;-0.00589009;0.00000000;0.00000000
1699;169.90000000;0.00000000;9.56742373;2.75771342;1.60349662;1.55678958;-0.39653204;-0.01915403;0.00000000;0.00000000
1700;170.00000000;0.00000000;9.65946192;2.71869826;1.58427636;1.55557830;-0.39698920;0.01566858;0.00000000;0.00000000
1701;170.10000000;0.00000000;9.75180348;2.68041244;1.57197974;1.55064021;-0.39339832;0.02137277;0.00000000;0.00000000
1702;170.20000000;0.00000000;9.84411893;2.64205951;1.56590837;1.54554198;-0.39271464;0.01850820;0.00000000;0.00000000
1703;170.30000000;0.00000000;9.93651277;2.60389999;1.56641535;1.53542145;-0.38969668;0.01581741;0.00000000;0.00000000
1704;170.40000000;0.00000000;10.02905790;2.56610500;1.57367933;1.53137671;-0.38955116;0.02242289;0.00000000;0.00000000
1705;170.50000000;0.00000000;10.12146360;2.52797206;1.58685772;1.53421507;-0.38521210;0.05669609;0.00000000;0.00000000
1706;170.60000000;0.00000000;10.21433546;2.49098070;1.60736230;1.54231196;-0.37821194;0.04266213;0.00000000;0.00000000
1707;170.70000000;0.00000000;10.30726880;2.45414405;1.63389625;1.54706641;-0.37667968;0.01399162;0.00000000;0.00000000
1708;170.80000000;0.00000000;10.40025361;2.41743747;1.65152313;1.54661139;-0.37541362;0.01142137;0.00000000;0.00000000
1709;170.90000000;0.00000000;10.49327995;2.38083625;1.64422200;1.52576548;-0.37439540;0.00871049;0.00000000;0.00000000
1710;171.00000000;0.00000000;10.58633931;2.34431910;1.62712662;1.51116831;-0.37367152;0.00566438;0.00000000;0.00000000
1711;171.10000000;0.00000000;10.67941854;2.30785260;1.61609978;1.50303784;-0.37326253;0.00273590;0.00000000;0.00000000
1712;171.20000000;0.00000000;10.77250775;2.27141158;1.61123903;1.50150618;-0.37312434;0.00002668;0.00000000;0.00000000
1713;171.30000000;0.00000000;10.86559705;2.23497081;1.61257306;1.50662044;-0.37325719;-0.00268303;0.00000000;0.00000000
1714;171.40000000;0.00000000;10.95867657;2.19850505;1.62005963;1.51834025;-0.37366095;0.01827341;0.00000000;0.00000000
1715;171.50000000;0.00000000;11.05173642;2.16198912;1.62872165;1.53654093;-0.36960251;0.04015820;0.00000000;0.00000000
1716;171.60000000;0.00000000;11.14510585;2.12628124;1.63788574;1.55494934;-0.36562931;0.01275041;0.00000000;0.00000000
1717;171.70000000;0.00000000;11.23844977;2.09050714;1.63060466;1.54323405;-0.36705243;-0.00394400;0.00000000;0.00000000
1718;171.80000000;0.00000000;11.33171747;2.05453355;1.61195310;1.53815401;-0.36641811;-0.00649554;0.00000000;0.00000000
1719;171.90000000;0.00000000;11.42510681;2.01887785;1.59968251;1.53922160;-0.36835154;-0.00897711;0.00000000;0.00000000
1720;172.00000000;0.00000000;11.51823541;1.98254361;1.59287354;1.54748507;-0.36821353;-0.01153458;0.00000000;0.00000000
1721;172.10000000;0.00000000;11.61163536;1.94691340;1.59307774;1.55521873;-0.37065845;-0.01396964;0.00000000;0.00000000
1722;172.20000000;0.00000000;11.70458620;1.91012380;1.59830341;1.54869650;-0.37100746;-0.01550633;0.00000000;0.00000000
1723;172.30000000;0.00000000;11.79796282;1.87442780;1.61089233;1.52968759;-0.37375972;-0.06017156;0.00000000;0.00000000
1724;172.40000000;0.00000000;11.89071074;1.83712672;1.61717424;1.51687161;-0.38304177;-0.01560162;0.00000000;0.00000000
1725;172.50000000;0.00000000;11.98340934;1.79970322;1.60590365;1.51070863;-0.37688004;0.06505415;0.00000000;0.00000000
1726;172.60000000;0.00000000;12.07660883;1.76354835;1.60217226;1.50978483;-0.37003094;0.02933081;0.00000000;0.00000000
1727;172.70000000;0.00000000;12.16981133;1.72739813;1.60467741;1.51546377;-0.37101388;-0.01557637;0.00000000;0.00000000
1728;172.80000000;0.00000000;12.26294058;1.69105970;1.61318417;1.52787674;-0.37314621;-0.02243906;0.00000000;0.00000000
1729;172.90000000;0.00000000;12.35598802;1.65451235;1.62688908;1.52128167;-0.37550169;-0.02465852;0.00000000;0.00000000
1730;173.00000000;0.00000000;12.44894501;1.61773562;1.63576802;1.51084962;-0.37807792;-0.02685265;0.00000000;0.00000000
1731;173.10000000;0.00000000;12.54180286;1.58070935;1.62162011;1.50725965;-0.38087222;-0.02901894;0.00000000;0.00000000
1732;173.20000000;0.00000000;12.63455283;1.54341371;1.60231819;1.51058217;-0.38388170;-0.03115487;0.00000000;0.00000000
1733;173.30000000;0.00000000;12.72718612;1.50582922;1.58877238;1.52079301;-0.38710320;-0.02474420;0.00000000;0.00000000
1734;173.40000000;0.00000000;12.81969386;1.46793677;1.58110977;1.53777547;-0.38883054;0.01065990;0.00000000;0.00000000
1735;173.50000000;0.00000000;12.91219566;1.43003293;1.57973575;1.56099969;-0.38497122;-0.00183068;0.00000000;0.00000000
1736;173.60000000;0.00000000;13.00499138;1.39285634;1.58546084;1.56028092;-0.38919668;-0.03238851;0.00000000;0.00000000
1737;173.70000000;0.00000000;13.09717052;1.35417175;1.59582110;1.54935826;-0.39144892;0.00677304;0.00000000;0.00000000
1738;173.80000000;0.00000000;13.18979970;1.31657677;1.59307415;1.53792217;-0.38784207;-0.00479391;0.00000000;0.00000000
1739;173.90000000;0.00000000;13.28225572;1.27855804;1.58186733;1.53339127;-0.39240770;-0.04596809;0.00000000;0.00000000
1740;174.00000000;0.00000000;13.37453764;1.24011887;1.57647571;1.53582405;-0.39703569;-0.02083874;0.00000000;0.00000000
1741;174.10000000;0.00000000;13.46663765;1.20124607;1.57694385;1.54520262;-0.39657545;0.03785477;0.00000000;0.00000000
1742;174.20000000;0.00000000;13.55895418;1.16289217;1.58429380;1.56038744;-0.38946474;0.03490437;0.00000000;0.00000000
1743;174.30000000;0.00000000;13.65159694;1.12533335;1.59872303;1.58092211;-0.38959457;-0.03786096;0.00000000;0.00000000
1744;174.40000000;0.00000000;13.74389857;1.08695750;1.61001870;1.58255664;-0.39703693;-0.04765555;0.00000000;0.00000000
1745;174.50000000;0.00000000;13.83597207;1.04802397;1.60879155;1.57617723;-0.39912568;-0.01321427;0.00000000;0.00000000
1746;174.60000000;0.00000000;13.92811767;1.00926070;1.59444697;1.57594033;-0.39967978;-0.00327827;0.00000000;0.00000000
1747;174.70000000;0.00000000;14.02014845;0.97022495;1.58598928;1.57488845;-0.39978134;-0.01036063;0.00000000;0.00000000
1748;174.80000000;0.00000000;14.11228610;0.93144301;1.58408400;1.57563714;-0.40175191;-0.00252778;0.00000000;0.00000000
1749;174.90000000;0.00000000;14.20416220;0.89204490;1.58781248;1.58337787;-0.40028689;0.04082777;0.00000000;0.00000000
1750;175.00000000;0.00000000;14.29641383;0.85353278;1.59875248;1.59304385;-0.39358636;0.06539987;0.00000000;0.00000000
1751;175.10000000;0.00000000;14.38881019;0.81536918;1.61082754;1.58906878;-0.38720692;0.02989299;0.00000000;0.00000000
1752;175.20000000;0.00000000;14.48154533;0.77803733;1.61131146;1.57851615;-0.38760776;-0.02032595;0.00000000;0.00000000
1753;175.30000000;0.00000000;14.57390980;0.73980020;1.61237761;1.57523163;-0.39127211;-0.02000022;0.00000000;0.00000000
1754;175.40000000;0.00000000;14.66636868;0.70178980;1.60615367;1.57505147;-0.39160780;-0.01524850;0.00000000;0.00000000
1755;175.50000000;0.00000000;14.75870771;0.66349056;1.60235121;1.55921317;-0.39432181;-0.02617542;0.00000000;0.00000000
1756;175.60000000;0.00000000;14.85095924;0.62497872;1.60454955;1.54574782;-0.39684288;-0.05121775;0.00000000;0.00000000
1757;175.70000000;0.00000000;14.94310194;0.58621523;1.61267213;1.53894686;-0.40456536;-0.06579256;0.00000000;0.00000000
1758;175.80000000;0.00000000;15.03474785;0.54628317;1.60852884;1.53989327;-0.41000140;-0.05687823;0.00000000;0.00000000
1759;175.90000000;0.00000000;15.12646671;0.50651887;1.61077442;1.54187950;-0.41594100;-0.06563797;0.00000000;0.00000000
1760;176.00000000;0.00000000;15.21763172;0.46550102;1.61783815;1.53197185;-0.42312899;-0.04960573;0.00000000;0.00000000
1761;176.10000000;0.00000000;15.30876946;0.42442233;1.61754350;1.52355154;-0.42586215;-0.05167758;0.00000000;0.00000000
1762;176.20000000;0.00000000;15.39970848;0.38290694;1.60341616;1.52214590;-0.43346451;-0.08611065;0.00000000;0.00000000
1763;176.30000000;0.00000000;15.49020827;0.34044865;1.59308602;1.52116598;-0.44308428;-0.07578013;0.00000000;0.00000000
1764;176.40000000;0.00000000;15.58033223;0.29719123;1.58810675;1.52266624;-0.44862053;-0.03940778;0.00000000;0.00000000
1765;176.50000000;0.00000000;15.67035915;0.25373215;1.58918829;1.52411825;-0.45096584;-0.06339461;0.00000000;0.00000000
1766;176.60000000;0.00000000;15.76027929;0.21005244;1.59629712;1.52073463;-0.46129946;-0.10800885;0.00000000;0.00000000
1767;176.70000000;0.00000000;15.84938888;0.16474216;1.60779615;1.51376171;-0.47256761;-0.11397339;0.00000000;0.00000000
1768;176.80000000;0.00000000;15.93830171;0.11904733;1.62495071;1.51380622;-0.48409414;-0.13639462;0.00000000;0.00000000
1769;176.90000000;0.00000000;16.02633568;0.07169897;1.62586412;1.52229843;-0.49984653;-0.12465551;0.00000000;0.00000000
1770;177.00000000;0.00000000;16.11376478;0.02322638;1.61771310;1.53457919;-0.50902524;-0.07424600;0.00000000;0.00000000
1771;177.10000000;0.00000000;16.20092173;-0.02573395;1.61515931;1.52923231;-0.51469573;-0.05821849;0.00000000;0.00000000
1772;177.20000000;0.00000000;16.28779567;-0.07519503;1.61821273;1.52941303;-0.52066894;-0.09885860;0.00000000;0.00000000
1773;177.30000000;0.00000000;16.37436156;-0.12519309;1.61656868;1.53672905;-0.53446745;-0.14192577;0.00000000;0.00000000
1774;177.40000000;0.00000000;16.45983791;-0.17703267;1.60056344;1.55257433;-0.54905409;-0.13764295;0.00000000;0.00000000
1775;177.50000000;0.00000000;16.54490854;-0.22953450;1.58991688;1.56397398;-0.56199604;-0.14227695;0.00000000;0.00000000
1776;177.60000000;0.00000000;16.62900980;-0.28356590;1.57636593;1.57329200;-0.57750948;-0.14851278;0.00000000;0.00000000
1777;177.70000000;0.00000000;16.71240998;-0.33868090;1.56349203;1.58250513;-0.59169860;-0.15515143;0.00000000;0.00000000
1778;177.80000000;0.00000000;16.79494246;-0.39507572;1.55539838;1.59460237;-0.60853977;-0.15770141;0.00000000;0.00000000
1779;177.90000000;0.00000000;16.87643918;-0.45296784;1.55188629;1.60798330;-0.62323888;-0.13061776;0.00000000;0.00000000
1780;178.00000000;0.00000000;16.95728378;-0.51176829;1.55369046;1.62849456;-0.63466332;-0.15274582;0.00000000;0.00000000
1781;178.10000000;0.00000000;17.03743741;-0.57150787;1.54220617;1.63121006;-0.65378804;-0.17362135;0.00000000;0.00000000
1782;178.20000000;0.00000000;17.11597516;-0.63335745;1.52883959;1.61941838;-0.66938759;-0.14720388;0.00000000;0.00000000
1783;178.30000000;0.00000000;17.19422666;-0.69556859;1.52147488;1.60998576;-0.68322882;-0.17247433;0.00000000;0.00000000
1784;178.40000000;0.00000000;17.27101630;-0.75956335;1.51835439;1.60903538;-0.70388245;-0.18822514;0.00000000;0.00000000
1785;178.50000000;0.00000000;17.34662944;-0.82495048;1.51998805;1.61610150;-0.72087385;-0.17831487;0.00000000;0.00000000
1786;178.60000000;0.00000000;17.42120331;-0.89151994;1.52486196;1.63083300;-0.73954543;-0.20794139;0.00000000;0.00000000
1787;178.70000000;0.00000000;17.49431657;-0.95967900;1.50440848;1.65326154;-0.76246213;-0.21991171;0.00000000;0.00000000
1788;178.80000000;0.00000000;17.56576207;-1.02959506;1.48798592;1.65574432;-0.78352777;-0.20090230;0.00000000;0.00000000
1789;178.90000000;0.00000000;17.63594539;-1.10077900;1.47289576;1.66601401;-0.80264258;-0.21860530;0.00000000;0.00000000
1790;179.00000000;0.00000000;17.70466438;-1.17337250;1.45953324;1.68416229;-0.82724883;-0.24632882;0.00000000;0.00000000
1791;179.10000000;0.00000000;17.77126212;-1.24792384;1.45005694;1.71075047;-0.85190835;-0.25383824;0.00000000;0.00000000
1792;179.20000000;0.00000000;17.83632203;-1.32382078;1.44239540;1.74001071;-0.87801648;-0.26522090;0.00000000;0.00000000
1793;179.30000000;0.00000000;17.89893921;-1.40174791;1.43157260;1.75082140;-0.90495253;-0.23838254;0.00000000;0.00000000
1794;179.40000000;0.00000000;17.95981894;-1.48103927;1.41855836;1.76381976;-0.92569299;-0.21035285;0.00000000;0.00000000
1795;179.50000000;0.00000000;18.01915001;-1.56149509;1.40362805;1.78351379;-0.94702310;-0.24658827;0.00000000;0.00000000
1796;179.60000000;0.00000000;18.07659119;-1.64330841;1.38923479;1.80798054;-0.97501064;-0.28732145;0.00000000;0.00000000
1797;179.70000000;0.00000000;18.13132420;-1.72695162;1.37867743;1.81023307;-1.00448739;-0.26587958;0.00000000;0.00000000
1798;179.80000000;0.00000000;18.18384417;-1.81200531;1.36640452;1.80936165;-1.02818656;-0.23417593;0.00000000;0.00000000
1799;179.90000000;0.00000000;18.23455491;-1.89815174;1.35858830;1.81611291;-1.05132258;-0.26133386;0.00000000;0.00000000
1800;180.00000000;0.00000000;18.28308325;-1.98554168;1.35559336;1.83079124;-1.08045333;-0.30310579;0.00000000;0.00000000
1801;180.10000000;0.00000000;18.32868706;-2.07448570;1.35665361;1.83075130;-1.11194373;-0.28812020;0.00000000;0.00000000
1802;180.20000000;0.00000000;18.37161860;-2.16475559;1.35607683;1.82125516;-1.13807737;-0.25030446;0.00000000;0.00000000
1803;180.30000000;0.00000000;18.41251721;-2.25596924;1.35300931;1.80181951;-1.16200462;-0.26570478;0.00000000;0.00000000
1804;180.40000000;0.00000000;18.45108065;-2.34818795;1.35478004;1.77789755;-1.19121833;-0.30711277;0.00000000;0.00000000
1805;180.50000000;0.00000000;18.48657913;-2.44162369;1.36061603;1.76260275;-1.22342718;-0.31889493;0.00000000;0.00000000
1806;180.60000000;0.00000000;18.51912631;-2.53613344;1.37061536;1.75601866;-1.25499731;-0.31363095;0.00000000;0.00000000
1807;180.70000000;0.00000000;18.54865859;-2.63162398;1.38035642;1.75828010;-1.28615337;-0.28669882;0.00000000;0.00000000
1808;180.80000000;0.00000000;18.57525756;-2.72797746;1.39173076;1.76923941;-1.31233708;-0.23995465;0.00000000;0.00000000
1809;180.90000000;0.00000000;18.59975390;-2.82489414;1.40798858;1.77672202;-1.33414430;-0.23871650;0.00000000;0.00000000
1810;181.00000000;0.00000000;18.62212623;-2.92231527;1.42894710;1.77149910;-1.36008037;-0.27820030;0.00000000;0.00000000
1811;181.10000000;0.00000000;18.64156277;-3.02036223;1.44834358;1.75209189;-1.38978436;-0.28935924;0.00000000;0.00000000
1812;181.20000000;0.00000000;18.65811173;-3.11894105;1.46486546;1.73556617;-1.41795222;-0.25985908;0.00000000;0.00000000
1813;181.30000000;0.00000000;18.67199733;-3.21793081;1.47873284;1.72169818;-1.44175618;-0.21419962;0.00000000;0.00000000
1814;181.40000000;0.00000000;18.68383719;-3.31719340;1.49055997;1.70987178;-1.46079215;-0.20627914;0.00000000;0.00000000
1815;181.50000000;0.00000000;18.69394467;-3.41663913;1.50065821;1.69977476;-1.48301200;-0.24200945;0.00000000;0.00000000
1816;181.60000000;0.00000000;18.70136275;-3.51632372;1.50807121;1.69236276;-1.50919404;-0.24407338;0.00000000;0.00000000
1817;181.70000000;0.00000000;18.70625148;-3.61616482;1.51295755;1.68747701;-1.53182668;-0.19047213;0.00000000;0.00000000
1818;181.80000000;0.00000000;18.70915152;-3.71609001;1.51585667;1.68457816;-1.54728846;-0.16416037;0.00000000;0.00000000
1819;181.90000000;0.00000000;18.71095089;-3.81603595;1.51765556;1.68277942;-1.56465875;-0.20248798;0.00000000;0.00000000
1820;182.00000000;0.00000000;18.71037848;-3.91599769;1.51708316;1.68335180;4.69539925;-0.22375349;0.00000000;0.00000000
1821;182.10000000;0.00000000;18.70755455;-4.01592228;1.51425894;1.68617601;4.67377586;-0.21019892;0.00000000;0.00000000
1822;182.20000000;0.00000000;18.70266090;-4.11576769;1.50936405;1.67660994;4.65335946;-0.19364903;0.00000000;0.00000000
1823;182.30000000;0.00000000;18.69576014;-4.21549545;1.50724117;1.65671382;4.63504605;-0.13790202;0.00000000;0.00000000
1824;182.40000000;0.00000000;18.68721336;-4.31509715;1.51009354;1.64431269;4.62577906;-0.09310340;0.00000000;0.00000000
1825;182.50000000;0.00000000;18.67846545;-4.41468078;1.51933114;1.63813191;4.61642537;-0.12580619;0.00000000;0.00000000
1826;182.60000000;0.00000000;18.66805701;-4.51410501;1.53339640;1.63650932;4.60061782;-0.15481691;0.00000000;0.00000000
1827;182.70000000;0.00000000;18.65616557;-4.61336296;1.55232582;1.63982594;4.58546199;-0.14277514;0.00000000;0.00000000
1828;182.80000000;0.00000000;18.64274866;-4.71242603;1.54979058;1.64548701;4.57206279;-0.11890711;0.00000000;0.00000000
1829;182.90000000;0.00000000;18.62820190;-4.81132947;1.53589236;1.62906947;4.56168057;-0.09359061;0.00000000;0.00000000
1830;183.00000000;0.00000000;18.61273104;-4.91009257;1.52748608;1.61960296;4.55334467;-0.04318394;0.00000000;0.00000000
1831;183.10000000;0.00000000;18.59653747;-5.00873977;1.52486603;1.61700766;4.55304378;0.00542581;0.00000000;0.00000000
1832;183.20000000;0.00000000;18.58100721;-5.10749342;1.52946225;1.61991610;4.55442983;-0.01224521;0.00000000;0.00000000
1833;183.30000000;0.00000000;18.56508716;-5.20618518;1.53716701;1.62935748;4.55059473;-0.03211057;0.00000000;0.00000000
1834;183.40000000;0.00000000;18.54879985;-5.30481710;1.54787443;1.64519705;4.54800772;-0.01440352;0.00000000;0.00000000
1835;183.50000000;0.00000000;18.53236935;-5.40342534;1.53892391;1.64470012;4.54771403;-0.02994773;0.00000000;0.00000000
1836;183.60000000;0.00000000;18.51602410;-5.50204775;1.52533041;1.63216038;4.54201817;-0.05867063;0.00000000;0.00000000
1837;183.70000000;0.00000000;18.49847168;-5.60046063;1.51698753;1.62690728;4.53597990;-0.05229797;0.00000000;0.00000000
1838;183.80000000;0.00000000;18.48093666;-5.69887835;1.51522619;1.62777002;4.53155858;-0.00701225;0.00000000;0.00000000
1839;183.90000000;0.00000000;18.46251462;-5.79713261;1.51915214;1.63565378;4.53457746;0.04450374;0.00000000;0.00000000
1840;184.00000000;0.00000000;18.44557501;-5.89564954;1.53110439;1.62176107;4.54045933;-0.00766034;0.00000000;0.00000000
1841;184.10000000;0.00000000;18.42831003;-5.99411371;1.53997118;1.61191096;4.53304539;-0.09361898;0.00000000;0.00000000
1842;184.20000000;0.00000000;18.40991085;-6.09237231;1.53286844;1.60937888;4.52173553;-0.04925530;0.00000000;0.00000000
1843;184.30000000;0.00000000;18.39042323;-6.19042089;1.53116019;1.61415556;4.52319433;0.04420517;0.00000000;0.00000000
1844;184.40000000;0.00000000;18.37231181;-6.28872751;1.53736437;1.62369076;4.53057657;0.01422518;0.00000000;0.00000000
1845;184.50000000;0.00000000;18.35427384;-6.38705322;1.55007926;1.63479374;4.52603936;-0.07052899;0.00000000;0.00000000
1846;184.60000000;0.00000000;18.33527004;-6.48519692;1.55447442;1.62262637;4.51647077;-0.06400613;0.00000000;0.00000000
1847;184.70000000;0.00000000;18.31535377;-6.58315962;1.54794748;1.61749072;4.51323814;-0.00842249;0.00000000;0.00000000
1848;184.80000000;0.00000000;18.29571587;-6.68117829;1.54814641;1.61824118;4.51478627;-0.00571541;0.00000000;0.00000000
1849;184.90000000;0.00000000;18.27610292;-6.77920273;1.55481165;1.62172902;4.51209505;-0.04030517;0.00000000;0.00000000
1850;185.00000000;0.00000000;18.25593756;-6.87711510;1.56249909;1.61220895;4.50672524;-0.05102584;0.00000000;0.00000000
1851;185.10000000;0.00000000;18.23527297;-6.97492340;1.54440948;1.60936586;4.50188989;-0.04570708;0.00000000;0.00000000
1852;185.20000000;0.00000000;18.21416166;-7.07263630;1.53218480;1.61212901;4.49758382;-0.01775933;0.00000000;0.00000000
1853;185.30000000;0.00000000;18.19265549;-7.17026312;1.52601891;1.61060850;4.49833802;0.03703020;0.00000000;0.00000000
1854;185.40000000;0.00000000;18.17169218;-7.26800508;1.52694366;1.59772194;4.50498986;0.05190280;0.00000000;0.00000000
1855;185.50000000;0.00000000;18.15148661;-7.36590954;1.53516489;1.59024938;4.50871858;0.01859553;0.00000000;0.00000000
1856;185.60000000;0.00000000;18.13125219;-7.46380804;1.54977507;1.58907254;4.50870897;0.00275658;0.00000000;0.00000000
1857;185.70000000;0.00000000;18.11104474;-7.56171211;1.55021915;1.59414853;4.50926990;0.00846553;0.00000000;0.00000000
1858;185.80000000;0.00000000;18.09092016;-7.65963323;1.54771838;1.60536157;4.51040207;0.02907434;0.00000000;0.00000000
1859;185.90000000;0.00000000;18.07093446;-7.75758277;1.55180889;1.59503090;4.51508476;0.07499341;0.00000000;0.00000000
1860;186.00000000;0.00000000;18.05172864;-7.85568395;1.56308449;1.58838924;4.52540076;0.08596653;0.00000000;0.00000000
1861;186.10000000;0.00000000;18.03376789;-7.95402498;1.56075017;1.58675716;4.53227807;0.04132969;0.00000000;0.00000000
1862;186.20000000;0.00000000;18.01591247;-8.05238517;1.56219701;1.59130877;4.53366669;0.01706922;0.00000000;0.00000000
1863;186.30000000;0.00000000;17.99822492;-8.15077566;1.57019024;1.58333949;4.53569191;0.02344719;0.00000000;0.00000000
1864;186.40000000;0.00000000;17.98076805;-8.24920731;1.58469351;1.57055243;4.53835613;0.01753695;0.00000000;0.00000000
1865;186.50000000;0.00000000;17.96360503;-8.34769058;1.57255730;1.56376482;4.53919930;-0.02517442;0.00000000;0.00000000
1866;186.60000000;0.00000000;17.94631453;-8.44614952;1.56389878;1.56348276;4.53332125;-0.04895959;0.00000000;0.00000000
1867;186.70000000;0.00000000;17.92799494;-8.54442428;1.56055907;1.57062098;4.52940739;-0.00495449;0.00000000;0.00000000
1868;186.80000000;0.00000000;17.90993389;-8.64274686;1.56387899;1.58378901;4.53233035;0.03216700;0.00000000;0.00000000
1869;186.90000000;0.00000000;17.89218913;-8.74112699;1.57387442;1.57884833;4.53584079;0.03806033;0.00000000;0.00000000
1870;187.00000000;0.00000000;17.87481884;-8.83957389;1.58594703;1.56801297;4.53994241;0.04399317;0.00000000;0.00000000
1871;187.10000000;0.00000000;17.85788171;-8.93809620;1.57968632;1.56306745;4.54463942;0.04370630;0.00000000;0.00000000
1872;187.20000000;0.00000000;17.84143700;-9.03670187;1.58023858;1.56400802;4.54868367;0.00802799;0.00000000;0.00000000
1873;187.30000000;0.00000000;17.82529740;-9.13535741;1.58740742;1.57101332;4.54624502;-0.00986935;0.00000000;0.00000000
1874;187.40000000;0.00000000;17.80837200;-9.23388146;1.60001268;1.57778780;4.54670980;0.04826716;0.00000000;0.00000000
1875;187.50000000;0.00000000;17.79232407;-9.33255221;1.59981497;1.56724214;4.55589845;0.09014575;0.00000000;0.00000000
1876;187.60000000;0.00000000;17.77721203;-9.43137062;1.59121949;1.55769756;4.56473895;0.04716429;0.00000000;0.00000000
1877;187.70000000;0.00000000;17.76291111;-9.53030983;1.58969943;1.55214376;4.56533131;0.00759358;0.00000000;0.00000000
1878;187.80000000;0.00000000;17.74791612;-9.62914624;1.59375830;1.55371921;4.56625767;0.05029979;0.00000000;0.00000000
1879;187.90000000;0.00000000;17.73379852;-9.72811180;1.60492750;1.56082360;4.57539127;0.09121938;0.00000000;0.00000000
1880;188.00000000;0.00000000;17.72061140;-9.82720563;1.62311065;1.57332969;4.58450154;0.04766349;0.00000000;0.00000000
1881;188.10000000;0.00000000;17.70829924;-9.92641207;1.61486568;1.58561968;4.58492396;0.00200912;0.00000000;0.00000000
1882;188.20000000;0.00000000;17.69519583;-10.02551714;1.60176772;1.58629952;4.58490337;0.00141793;0.00000000;0.00000000
1883;188.30000000;0.00000000;17.68287957;-10.12472316;1.58945675;1.56839167;4.58520755;0.01127407;0.00000000;0.00000000
1884;188.40000000;0.00000000;17.66983646;-10.22383615;1.57884048;1.55744027;4.58715818;0.02053405;0.00000000;0.00000000
1885;188.50000000;0.00000000;17.65790731;-10.32308952;1.57563498;1.55173767;4.58931436;0.01890764;0.00000000;0.00000000
1886;188.60000000;0.00000000;17.64529171;-10.42225796;1.57394591;1.55315570;4.59093971;0.05989506;0.00000000;0.00000000
1887;188.70000000;0.00000000;17.63368527;-10.52154961;1.57764346;1.55997667;4.60129337;0.10546582;0.00000000;0.00000000
1888;188.80000000;0.00000000;17.62312573;-10.62095807;1.58868305;1.57054384;4.61203288;0.06625907;0.00000000;0.00000000
1889;188.90000000;0.00000000;17.61365449;-10.72047613;1.60695163;1.58002115;4.61454519;0.03206589;0.00000000;0.00000000
1890;189.00000000;0.00000000;17.60359457;-10.81993640;1.61034318;1.59008807;4.61844605;0.04080899;0.00000000;0.00000000
1891;189.10000000;0.00000000;17.59490003;-10.91952524;1.60164372;1.58733652;4.62270698;-0.00452408;0.00000000;0.00000000
1892;189.20000000;0.00000000;17.58568806;-11.01906761;1.59242619;1.56840416;4.61754124;-0.00335772;0.00000000;0.00000000
1893;189.30000000;0.00000000;17.57596509;-11.11856137;1.58740545;1.55618877;4.62203544;0.09448420;0.00000000;0.00000000
1894;189.40000000;0.00000000;17.56764822;-11.21818231;1.59008177;1.54892520;4.63643808;0.14595925;0.00000000;0.00000000
1895;189.50000000;0.00000000;17.56079485;-11.31791458;1.60047136;1.54402396;4.65122729;0.10133348;0.00000000;0.00000000
1896;189.60000000;0.00000000;17.55542782;-11.41773783;1.61844438;1.54049781;4.65670477;0.00655838;0.00000000;0.00000000
1897;189.70000000;0.00000000;17.54966739;-11.51753943;1.64193654;1.54384518;4.65253897;0.00472875;0.00000000;0.00000000
1898;189.80000000;0.00000000;17.54346886;-11.61731478;1.65037840;1.55004197;4.65765052;0.10045032;0.00000000;0.00000000
1899;189.90000000;0.00000000;17.53872901;-11.71716969;1.64564197;1.55478078;4.67262903;0.06263592;0.00000000;0.00000000
1900;190.00000000;0.00000000;17.53552179;-11.81708555;1.64243654;1.55798750;4.67017771;-0.02796743;0.00000000;0.00000000
1901;190.10000000;0.00000000;17.53029247;-11.91691559;1.63721132;1.56321560;4.66703554;0.01573043;0.00000000;0.00000000
1902;190.20000000;0.00000000;17.52645742;-12.01680930;1.63337870;1.56704998;4.67332379;0.06971152;0.00000000;0.00000000
1903;190.30000000;0.00000000;17.52248396;-12.11669803;1.62940784;1.57102272;4.68097785;0.12347352;0.00000000;0.00000000
1904;190.40000000;0.00000000;17.52017849;-12.21663858;1.62710345;1.57332794;4.69801850;0.13019583;0.00000000;0.00000000
1905;190.50000000;0.00000000;17.51961102;-12.31660410;1.62653611;1.57389540;4.70701701;0.04581367;0.00000000;0.00000000
1906;190.60000000;0.00000000;17.51910445;-12.41657055;1.62602963;1.57440196;4.70718123;-0.00114178;0.00000000;0.00000000
1907;190.70000000;0.00000000;17.51856981;-12.51653686;1.62549510;1.57493659;4.70678866;0.04192806;0.00000000;0.00000000
1908;190.80000000;0.00000000;17.51798476;-12.61650289;1.62491016;1.57552163;-1.56761846;0.09396023;0.00000000;0.00000000
1909;190.90000000;0.00000000;17.51920515;-12.71646244;1.62613039;1.57430123;-1.55760460;0.06266405;0.00000000;0.00000000
1910;191.00000000;0.00000000;17.52062216;-12.81642013;1.62754724;1.57288420;-1.55508565;0.07422077;0.00000000;0.00000000
1911;191.10000000;0.00000000;17.52234614;-12.91637298;1.62927107;1.57116018;-1.54276045;0.12914365;0.00000000;0.00000000
1912;191.20000000;0.00000000;17.52622644;-13.01626432;1.63315207;1.56727943;-1.52925692;0.05019632;0.00000000;0.00000000
1913;191.30000000;0.00000000;17.53064887;-13.11613414;1.63757553;1.56285640;-1.53272118;-0.03565466;0.00000000;0.00000000
1914;191.40000000;0.00000000;17.53383701;-13.21605064;1.64076397;1.55966798;-1.53638786;0.05423258;0.00000000;0.00000000
1915;191.50000000;0.00000000;17.53752695;-13.31595018;1.64445447;1.55597765;-1.52187467;0.15206800;0.00000000;0.00000000
1916;191.60000000;0.00000000;17.54361350;-13.41573102;1.63525943;1.54988988;-1.50597426;0.11693915;0.00000000;0.00000000
1917;191.70000000;0.00000000;17.55047791;-13.51546268;1.61438182;1.54302394;-1.49848684;0.07968446;0.00000000;0.00000000
1918;191.80000000;0.00000000;17.55805803;-13.61514249;1.60020371;1.53544195;-1.49003736;0.09463549;0.00000000;0.00000000
1919;191.90000000;0.00000000;17.56660672;-13.71474369;1.59315867;1.52689090;-1.47955974;0.11203256;0.00000000;0.00000000
1920;192.00000000;0.00000000;17.57627379;-13.81424234;1.59349321;1.52117998;-1.46763085;0.08415053;0.00000000;0.00000000
1921;192.10000000;0.00000000;17.58719603;-13.91361078;1.59664796;1.52076650;-1.46272963;0.04452112;0.00000000;0.00000000
1922;192.20000000;0.00000000;17.59783800;-14.01301033;1.60438041;1.52719259;-1.45872663;0.08257330;0.00000000;0.00000000
1923;192.30000000;0.00000000;17.60955540;-14.11228787;1.61609665;1.53902511;-1.44621497;0.13628872;0.00000000;0.00000000
1924;192.40000000;0.00000000;17.62268092;-14.21138876;1.62922115;1.55580934;-1.43146888;0.11377498;0.00000000;0.00000000
1925;192.50000000;0.00000000;17.63732061;-14.31027696;1.64160282;1.55687426;-1.42345997;0.06625627;0.00000000;0.00000000
1926;192.60000000;0.00000000;17.65203195;-14.40915626;1.62478617;1.54839299;-1.41821763;0.08873791;0.00000000;0.00000000
1927;192.70000000;0.00000000;17.66770771;-14.50788598;1.61497081;1.54536535;-1.40571239;0.14223594;0.00000000;0.00000000
1928;192.80000000;0.00000000;17.68488681;-14.60636413;1.61283363;1.54727589;-1.38977044;0.16477188;0.00000000;0.00000000
1929;192.90000000;0.00000000;17.70370165;-14.70454241;1.61854359;1.55396777;-1.37275801;0.16717704;0.00000000;0.00000000
1930;193.00000000;0.00000000;17.72422067;-14.80237823;1.61805856;1.56530329;-1.35633503;0.16387140;0.00000000;0.00000000
1931;193.10000000;0.00000000;17.74624963;-14.89988611;1.61037346;1.54925843;-1.33998374;0.17255378;0.00000000;0.00000000
1932;193.20000000;0.00000000;17.76995637;-14.99699765;1.61059812;1.53368527;-1.32182428;0.18738530;0.00000000;0.00000000
1933;193.30000000;0.00000000;17.79551075;-15.09363894;1.61891039;1.52261909;-1.30250668;0.19539231;0.00000000;0.00000000
1934;193.40000000;0.00000000;17.82295055;-15.18976149;1.63492711;1.51611370;-1.28274582;0.19333571;0.00000000;0.00000000
1935;193.50000000;0.00000000;17.85230323;-15.28531700;1.63633276;1.51419059;-1.26383953;0.18260864;0.00000000;0.00000000
1936;193.60000000;0.00000000;17.88335780;-15.38033551;1.62883007;1.51707829;-1.24622409;0.17847308;0.00000000;0.00000000
1937;193.70000000;0.00000000;17.91605805;-15.47479761;1.61200659;1.52479551;-1.22814492;0.17884553;0.00000000;0.00000000
1938;193.80000000;0.00000000;17.95052734;-15.56863163;1.60313101;1.52364474;-1.21045498;0.17979283;0.00000000;0.00000000
1939;193.90000000;0.00000000;17.98654889;-15.66187888;1.60212134;1.52275691;-1.19218635;0.17946508;0.00000000;0.00000000
1940;194.00000000;0.00000000;18.02442324;-15.75439222;1.59571182;1.52643413;-1.17456196;0.18177791;0.00000000;0.00000000
1941;194.10000000;0.00000000;18.06370992;-15.84631514;1.59339358;1.53048217;-1.15583077;0.15042382;0.00000000;0.00000000
1942;194.20000000;0.00000000;18.10502339;-15.93734670;1.59954731;1.52536276;-1.14447720;0.10496012;0.00000000;0.00000000
1943;194.30000000;0.00000000;18.14638767;-16.02835519;1.61008870;1.51020785;-1.13483874;0.16983938;0.00000000;0.00000000
1944;194.40000000;0.00000000;18.18944681;-16.11857058;1.61335075;1.49802032;-1.11050932;0.25110100;0.00000000;0.00000000
1945;194.50000000;0.00000000;18.23518313;-16.20744823;1.62292030;1.48945324;-1.08461854;0.21802833;0.00000000;0.00000000
1946;194.60000000;0.00000000;18.28285308;-16.29531287;1.63225460;1.48538533;-1.06690366;0.15641405;0.00000000;0.00000000
1947;194.70000000;0.00000000;18.33171424;-16.38252399;1.64894649;1.48668016;-1.05333573;0.14033374;0.00000000;0.00000000
1948;194.80000000;0.00000000;18.38175060;-16.46906274;1.66768126;1.49332819;-1.03883691;0.13882410;0.00000000;0.00000000
1949;194.90000000;0.00000000;18.43311999;-16.55482095;1.66379160;1.49954330;-1.02557092;0.13883855;0.00000000;0.00000000
1950;195.00000000;0.00000000;18.48543595;-16.64000413;1.66342339;1.49634919;-1.01106920;0.14523627;0.00000000;0.00000000
1951;195.10000000;0.00000000;18.53927136;-16.72423772;1.66648815;1.49353544;-0.99652366;0.14298444;0.00000000;0.00000000
1952;195.20000000;0.00000000;18.59404398;-16.80786473;1.67379061;1.49629131;-0.98247231;0.14003516;0.00000000;0.00000000
1953;195.30000000;0.00000000;18.65022337;-16.89054989;1.67922355;1.50401262;-0.96851663;0.13194245;0.00000000;0.00000000
1954;195.40000000;0.00000000;18.70730780;-16.97261481;1.67212750;1.51627584;-0.95608382;0.13050469;0.00000000;0.00000000
1955;195.50000000;0.00000000;18.76552446;-17.05387592;1.66354630;1.52817843;-0.94241569;0.13437218;0.00000000;0.00000000
1956;195.60000000;0.00000000;18.82483064;-17.13434999;1.66229172;1.52305385;-0.92920939;0.16556586;0.00000000;0.00000000
1957;195.70000000;0.00000000;18.88517108;-17.21404255;1.66833279;1.51419469;-0.90930252;0.19389511;0.00000000;0.00000000
1958;195.80000000;0.00000000;18.94763399;-17.29209328;1.68295821;1.50922332;-0.89043037;0.16444351;0.00000000;0.00000000
1959;195.90000000;0.00000000;19.01094407;-17.36945853;1.67829217;1.50977580;-0.87641382;0.13837119;0.00000000;0.00000000
1960;196.00000000;0.00000000;19.07556826;-17.44572550;1.67237118;1.51522544;-0.86275613;0.11463055;0.00000000;0.00000000
1961;196.10000000;0.00000000;19.14096690;-17.52133188;1.65996898;1.52244202;-0.85348771;0.09413444;0.00000000;0.00000000
1962;196.20000000;0.00000000;19.20699479;-17.59638917;1.65359037;1.52882572;-0.84392924;0.11425095;0.00000000;0.00000000
1963;196.30000000;0.00000000;19.27382501;-17.67072961;1.64828442;1.53413553;-0.83063752;0.12862261;0.00000000;0.00000000
1964;196.40000000;0.00000000;19.34182536;-17.74400621;1.64455604;1.53786605;-0.81820472;0.12626339;0.00000000;0.00000000
1965;196.50000000;0.00000000;19.41048591;-17.81666484;1.64173055;1.54069293;-0.80538484;0.12694197;0.00000000;0.00000000
1966;196.60000000;0.00000000;19.48034086;-17.88817233;1.64056250;1.54186140;-0.79281633;0.11245485;0.00000000;0.00000000
1967;196.70000000;0.00000000;19.55080535;-17.95908171;1.64024797;1.54217599;-0.78289387;0.11551858;0.00000000;0.00000000
1968;196.80000000;0.00000000;19.62206423;-18.02918763;1.64106314;1.54504901;-0.76971261;0.13910436;0.00000000;0.00000000
1969;196.90000000;0.00000000;19.69437169;-18.09821341;1.64338367;1.55286404;-0.75507300;0.12961576;0.00000000;0.00000000
1970;197.00000000;0.00000000;19.76765554;-18.16620613;1.62797476;1.56336227;-0.74378946;0.11590416;0.00000000;0.00000000
1971;197.10000000;0.00000000;19.84150448;-18.23358478;1.61034242;1.57554671;-0.73189216;0.11834350;0.00000000;0.00000000
1972;197.20000000;0.00000000;19.91638316;-18.29981273;1.60031766;1.59240836;-0.72012076;0.10351882;0.00000000;0.00000000
1973;197.30000000;0.00000000;19.99179726;-18.36543387;1.59731058;1.58877630;-0.71118840;0.10018878;0.00000000;0.00000000
1974;197.40000000;0.00000000;20.06784638;-18.43031301;1.60152787;1.58625690;-0.70008300;0.09893729;0.00000000;0.00000000
1975;197.50000000;0.00000000;20.14469955;-18.49424338;1.58614463;1.58878965;-0.69140094;0.12074590;0.00000000;0.00000000
1976;197.60000000;0.00000000;20.22186672;-18.55779474;1.57475688;1.59709723;-0.67593382;0.15566125;0.00000000;0.00000000
1977;197.70000000;0.00000000;20.30065939;-18.61931665;1.57226595;1.60900904;-0.66026869;0.10239649;0.00000000;0.00000000
1978;197.80000000;0.00000000;20.37977920;-18.68041939;1.57665465;1.62426824;-0.65545452;0.06206503;0.00000000;0.00000000
1979;197.90000000;0.00000000;20.45916153;-18.74118056;1.58776599;1.62434761;-0.64785569;0.11197004;0.00000000;0.00000000
1980;198.00000000;0.00000000;20.53919499;-18.80106947;1.60199908;1.62948245;-0.63306051;0.13185246;0.00000000;0.00000000
1981;198.10000000;0.00000000;20.62034041;-18.85945567;1.60405533;1.63885087;-0.62148520;0.07956476;0.00000000;0.00000000
1982;198.20000000;0.00000000;20.70174497;-18.91748021;1.58374514;1.64336586;-0.61714756;0.06113786;0.00000000;0.00000000
1983;198.30000000;0.00000000;20.78339382;-18.97516025;1.56323098;1.64690832;-0.60925762;0.08576266;0.00000000;0.00000000
1984;198.40000000;0.00000000;20.86570132;-19.03189132;1.54517941;1.65072861;-0.59999503;0.08375661;0.00000000;0.00000000
1985;198.50000000;0.00000000;20.94840464;-19.08804902;1.53413916;1.64864297;-0.59250630;0.10200858;0.00000000;0.00000000
1986;198.60000000;0.00000000;21.03155042;-19.14353955;1.53036702;1.64483680;-0.57959331;0.11410036;0.00000000;0.00000000
1987;198.70000000;0.00000000;21.11567637;-19.19754298;1.52347816;1.64532064;-0.56968623;0.08608467;0.00000000;0.00000000
1988;198.80000000;0.00000000;21.19991004;-19.25137825;1.51648107;1.64886772;-0.56237638;0.08801283;0.00000000;0.00000000
1989;198.90000000;0.00000000;21.28481555;-19.30414548;1.51731871;1.63711869;-0.55208366;0.07905422;0.00000000;0.00000000
1990;199.00000000;0.00000000;21.37013882;-19.35623506;1.52551543;1.63062611;-0.54656553;0.04403349;0.00000000;0.00000000
1991;199.10000000;0.00000000;21.45562245;-19.40806262;1.54047289;1.62994203;-0.54327696;0.04569497;0.00000000;0.00000000
1992;199.20000000;0.00000000;21.54128638;-19.45958984;1.56203827;1.62708259;-0.53742654;0.07934017;0.00000000;0.00000000
1993;199.30000000;0.00000000;21.62736946;-19.51041300;1.59038837;1.61432753;-0.52740893;0.07769275;0.00000000;0.00000000
1994;199.40000000;0.00000000;21.71404928;-19.56021416;1.59185612;1.60651635;-0.52188799;0.06809671;0.00000000;0.00000000
1995;199.50000000;0.00000000;21.80068941;-19.61008436;1.58367004;1.60498562;-0.51378959;0.08744718;0.00000000;0.00000000
1996;199.60000000;0.00000000;21.88816197;-19.65847371;1.58347037;1.59483594;-0.50439855;0.07538690;0.00000000;0.00000000
1997;199.70000000;0.00000000;21.97572336;-19.70670793;1.58584063;1.58032709;-0.49871221;0.07185359;0.00000000;0.00000000
1998;199.80000000;0.00000000;22.06373916;-19.75409859;1.57550018;1.57109730;-0.49002784;0.05971926;0.00000000;0.00000000
1999;199.90000000;0.00000000;22.15212506;-19.80080481;1.56688432;1.56741993;-0.48676836;0.01545213;0.00000000;0.00000000
2000;200.00000000;0.00000000;22.24045188;-19.84762278;1.56449471;1.57023792;-0.48693741;0.01448998;0.00000000;0.00000000
2001;200.10000000;0.00000000;22.32882183;-19.89435879;1.56857825;1.57929911;-0.48387036;0.05283458;0.00000000;0.00000000
2002;200.20000000;0.00000000;22.41743403;-19.94063401;1.57601615;1.56553517;-0.47637049;0.06631629;0.00000000;0.00000000
2003;200.30000000;0.00000000;22.50649525;-19.98603939;1.56838097;1.55017946;-0.47060710;0.06656379;0.00000000;0.00000000
2004;200.40000000;0.00000000;22.59563508;-20.03129021;1.56370189;1.54099509;-0.46305774;0.07953341;0.00000000;0.00000000
2005;200.50000000;0.00000000;22.68536991;-20.07534487;1.56673961;1.53693010;-0.45470042;0.03959702;0.00000000;0.00000000
2006;200.60000000;0.00000000;22.77525361;-20.11909951;1.56754443;1.53902554;-0.45513833;-0.01990474;0.00000000;0.00000000
2007;200.70000000;0.00000000;22.86495104;-20.16323335;1.57141810;1.54800851;-0.45868137;0.00788868;0.00000000;0.00000000
2008;200.80000000;0.00000000;22.95452244;-20.20762381;1.57369117;1.56362613;-0.45356059;0.10294077;0.00000000;0.00000000
2009;200.90000000;0.00000000;23.04465722;-20.25083186;1.57095138;1.58012682;-0.43809322;0.12230345;0.00000000;0.00000000
2010;201.00000000;0.00000000;23.13555868;-20.29243082;1.56726946;1.57007105;-0.42909990;0.05303217;0.00000000;0.00000000
2011;201.10000000;0.00000000;23.22646666;-20.33401551;1.56997297;1.56632800;-0.42748678;0.04562785;0.00000000;0.00000000
2012;201.20000000;0.00000000;23.31750026;-20.37532025;1.57931782;1.56865207;-0.41997433;0.06366288;0.00000000;0.00000000
2013;201.30000000;0.00000000;23.40902274;-20.41553443;1.59605905;1.57124293;-0.41475421;0.01841847;0.00000000;0.00000000
2014;201.40000000;0.00000000;23.50048421;-20.45588722;1.61866529;1.57168038;-0.41629064;-0.01564628;0.00000000;0.00000000
2015;201.50000000;0.00000000;23.59188271;-20.49638244;1.63678215;1.57456566;-0.41788346;0.01691580;0.00000000;0.00000000
2016;201.60000000;0.00000000;23.68321516;-20.53702640;1.62389176;1.58392972;-0.41290748;0.04945757;0.00000000;0.00000000
2017;201.70000000;0.00000000;23.77501138;-20.57660971;1.60684407;1.58422522;-0.40799195;0.04229428;0.00000000;0.00000000
2018;201.80000000;0.00000000;23.86673889;-20.61635378;1.59167773;1.58435917;-0.40444862;0.04436021;0.00000000;0.00000000
2019;201.90000000;0.00000000;23.95881262;-20.65528527;1.58357444;1.58162490;-0.39911991;0.02577739;0.00000000;0.00000000
2020;202.00000000;0.00000000;24.05095852;-20.69404955;1.58194205;1.57236455;-0.39929315;0.00718013;0.00000000;0.00000000
2021;202.10000000;0.00000000;24.14302015;-20.73301353;1.58640305;1.56471457;-0.39768388;0.04976194;0.00000000;0.00000000
2022;202.20000000;0.00000000;24.23528866;-20.77148033;1.58936400;1.56289371;-0.38934076;0.08374221;0.00000000;0.00000000
2023;202.30000000;0.00000000;24.32798599;-20.80890214;1.59641566;1.56633253;-0.38093544;0.04812469;0.00000000;0.00000000
2024;202.40000000;0.00000000;24.42088971;-20.84581314;1.61020021;1.57557071;-0.37971582;-0.00984928;0.00000000;0.00000000
2025;202.50000000;0.00000000;24.51367961;-20.88300935;1.62385025;1.58027296;-0.38290530;-0.02767790;0.00000000;0.00000000
2026;202.60000000;0.00000000;24.60634599;-20.92051222;1.61938206;1.57743914;-0.38525140;0.00955752;0.00000000;0.00000000
2027;202.70000000;0.00000000;24.69895978;-20.95814319;1.59933934;1.57127975;-0.38099379;0.07025288;0.00000000;0.00000000
2028;202.80000000;0.00000000;24.79194193;-20.99485556;1.58634270;1.57047903;-0.37120082;0.06056170;0.00000000;0.00000000
2029;202.90000000;0.00000000;24.88527562;-21.03066576;1.58054583;1.57506670;-0.36888146;0.02534917;0.00000000;0.00000000
2030;203.00000000;0.00000000;24.97842739;-21.06694653;1.58055688;1.57197123;-0.36613099;0.06595535;0.00000000;0.00000000
2031;203.10000000;0.00000000;25.07195618;-21.10224258;1.58792720;1.57109982;-0.35569038;0.10306806;0.00000000;0.00000000
2032;203.20000000;0.00000000;25.16584440;-21.13657019;1.60038143;1.56454165;-0.34551738;0.07349728;0.00000000;0.00000000
2033;203.30000000;0.00000000;25.26007143;-21.16995595;1.60491775;1.56261118;-0.34099093;0.03462214;0.00000000;0.00000000
2034;203.40000000;0.00000000;25.35426709;-21.20343239;1.61554363;1.56353886;-0.33859295;0.03215471;0.00000000;0.00000000
2035;203.50000000;0.00000000;25.44865258;-21.23636567;1.61541200;1.56799025;-0.33455999;0.00886910;0.00000000;0.00000000
2036;203.60000000;0.00000000;25.54311526;-21.26908128;1.60479477;1.57854300;-0.33681913;-0.04861313;0.00000000;0.00000000
2037;203.70000000;0.00000000;25.63735118;-21.30244074;1.59968107;1.58245475;-0.34428261;-0.05725196;0.00000000;0.00000000
2038;203.80000000;0.00000000;25.73131480;-21.33656261;1.59617131;1.57195080;-0.34826952;-0.00534703;0.00000000;0.00000000
2039;203.90000000;0.00000000;25.82528184;-21.37067248;1.59696186;1.56775110;-0.34535202;0.02545764;0.00000000;0.00000000
2040;204.00000000;0.00000000;25.91944310;-21.40424554;1.60456227;1.56934849;-0.34317799;0.03424735;0.00000000;0.00000000
2041;204.10000000;0.00000000;26.01355775;-21.43794658;1.60452515;1.57742814;-0.33850255;0.07562032;0.00000000;0.00000000
2042;204.20000000;0.00000000;26.10802836;-21.47063754;1.59080827;1.56401589;-0.32805393;0.09992884;0.00000000;0.00000000
2043;204.30000000;0.00000000;26.20282728;-21.50236483;1.58431377;1.54740572;-0.31851678;0.05501228;0.00000000;0.00000000
2044;204.40000000;0.00000000;26.29790488;-21.53324820;1.58500193;1.53624423;-0.31705148;0.01911695;0.00000000;0.00000000
2045;204.50000000;0.00000000;26.39279681;-21.56469768;1.59138676;1.53213590;-0.31469339;0.02503006;0.00000000;0.00000000
2046;204.60000000;0.00000000;26.48801904;-21.59513232;1.60504179;1.53347697;-0.31204546;0.02395459;0.00000000;0.00000000
2047;204.70000000;0.00000000;26.58307610;-21.62607880;1.60920489;1.54184869;-0.30990247;0.02652746;0.00000000;0.00000000
2048;204.80000000;0.00000000;26.67842736;-21.65610487;1.59526123;1.55565699;-0.30673997;0.02829878;0.00000000;0.00000000
2049;204.90000000;0.00000000;26.77367816;-21.68644947;1.58716859;1.57234485;-0.30424272;0.02972804;0.00000000;0.00000000
2050;205.00000000;0.00000000;26.86917771;-21.71599878;1.58618385;1.56848378;-0.30079436;0.03109428;0.00000000;0.00000000
2051;205.10000000;0.00000000;26.96463547;-21.74568573;1.59134689;1.56072890;-0.29802386;0.06170464;0.00000000;0.00000000
2052;205.20000000;0.00000000;27.06029693;-21.77470532;1.58180608;1.55136294;-0.28845343;0.08363745;0.00000000;0.00000000
2053;205.30000000;0.00000000;27.15630377;-21.80255933;1.57802245;1.54719183;-0.28129637;0.05645052;0.00000000;0.00000000
2054;205.40000000;0.00000000;27.25237206;-21.83020704;1.57511836;1.54925747;-0.27716333;0.04506549;0.00000000;0.00000000
2055;205.50000000;0.00000000;27.34860565;-21.85726644;1.57891481;1.55714164;-0.27228327;0.04568892;0.00000000;0.00000000
2056;205.60000000;0.00000000;27.44493920;-21.88397523;1.58936512;1.57099971;-0.26802555;0.04588083;0.00000000;0.00000000
2057;205.70000000;0.00000000;27.54139964;-21.91021415;1.60645852;1.57260427;-0.26310711;0.04603751;0.00000000;0.00000000
2058;205.80000000;0.00000000;27.63799125;-21.93597405;1.61204654;1.57023018;-0.25881804;0.06397948;0.00000000;0.00000000
2059;205.90000000;0.00000000;27.73467328;-21.96138457;1.60785364;1.55434243;-0.25031121;0.08035081;0.00000000;0.00000000
2060;206.00000000;0.00000000;27.83168691;-21.98549688;1.61120682;1.54343663;-0.24274788;0.02484615;0.00000000;0.00000000
2061;206.10000000;0.00000000;27.92874013;-22.00944156;1.62090119;1.53878817;-0.24534198;-0.00376607;0.00000000;0.00000000
2062;206.20000000;0.00000000;28.02562690;-22.03405675;1.60836529;1.54131536;-0.24350110;0.04449742;0.00000000;0.00000000
2063;206.30000000;0.00000000;28.12277184;-22.05764499;1.60179077;1.54924637;-0.23644250;0.07237283;0.00000000;0.00000000
2064;206.40000000;0.00000000;28.21999684;-22.08089008;1.60179382;1.54259296;-0.22902653;0.07080115;0.00000000;0.00000000
2065;206.50000000;0.00000000;28.31748094;-22.10303494;1.60914845;1.53777898;-0.22228227;0.07800300;0.00000000;0.00000000
2066;206.60000000;0.00000000;28.41501107;-22.12496662;1.61610383;1.53923730;-0.21342593;0.11579143;0.00000000;0.00000000
2067;206.70000000;0.00000000;28.51286997;-22.14538095;1.61448986;1.54562258;-0.19912398;0.10088026;0.00000000;0.00000000
2068;206.80000000;0.00000000;28.61098952;-22.16451471;1.62036076;1.53594353;-0.19324988;0.03120568;0.00000000;0.00000000
2069;206.90000000;0.00000000;28.70908364;-22.18377841;1.63221328;1.52377696;-0.19288285;0.04810257;0.00000000;0.00000000
2070;207.00000000;0.00000000;28.80721509;-22.20283972;1.62895530;1.51790403;-0.18362937;0.09387576;0.00000000;0.00000000
2071;207.10000000;0.00000000;28.90564891;-22.22028482;1.62611411;1.51695970;-0.17410769;0.09485289;0.00000000;0.00000000
2072;207.20000000;0.00000000;29.00412608;-22.23747411;1.62742286;1.52233391;-0.16465879;0.09115046;0.00000000;0.00000000
2073;207.30000000;0.00000000;29.10287198;-22.25305603;1.63294648;1.51399827;-0.15587760;0.08373440;0.00000000;0.00000000
2074;207.40000000;0.00000000;29.20163630;-22.26851333;1.64466400;1.49984308;-0.14791191;0.03696729;0.00000000;0.00000000
2075;207.50000000;0.00000000;29.30061678;-22.28252003;1.65351585;1.49080006;-0.14848414;0.00142864;0.00000000;0.00000000
2076;207.60000000;0.00000000;29.39936353;-22.29809038;1.65448778;1.49001183;-0.14762618;0.05508431;0.00000000;0.00000000
2077;207.70000000;0.00000000;29.49836901;-22.31192738;1.66322708;1.49417226;-0.13746728;0.11044461;0.00000000;0.00000000
2078;207.80000000;0.00000000;29.59741176;-22.32548833;1.67816131;1.50470025;-0.12553726;0.11961530;0.00000000;0.00000000
2079;207.90000000;0.00000000;29.69671917;-22.33695935;1.68426760;1.48754183;-0.11354422;0.07549731;0.00000000;0.00000000
2080;208.00000000;0.00000000;29.79605957;-22.34814108;1.67376777;1.47105235;-0.11043780;0.03347213;0.00000000;0.00000000
2081;208.10000000;0.00000000;29.89543633;-22.35899489;1.66952935;1.46090193;-0.10684980;0.07947076;0.00000000;0.00000000
2082;208.20000000;0.00000000;29.99485411;-22.36946344;1.67165745;1.45716564;-0.09454365;0.07555752;0.00000000;0.00000000
2083;208.30000000;0.00000000;30.09446778;-22.37786832;1.68180065;1.45820960;-0.09173829;-0.01287405;0.00000000;0.00000000
2084;208.40000000;0.00000000;30.19394304;-22.38777893;1.69629248;1.46758635;-0.09711845;-0.01598710;0.00000000;0.00000000
2085;208.50000000;0.00000000;30.29346062;-22.39725519;1.71691802;1.47704610;-0.09493571;0.02182742;0.00000000;0.00000000
