id; s_m; d_m; x_m; y_m; d_right; d_left; psi_rad; kappa_radpm; vx_mps; ax_mps2
0;0.00000000;0.00000000;30.35283259;-22.01223341;2.10144918;1.09144089;0.11620547;0.09158230;11.05943798;-1.26181686
1;0.09995344;0.00000000;30.45206247;-22.00018911;2.12100385;1.07939621;0.12537278;0.09184124;11.04802799;-1.25135149
2;0.19990688;0.00000000;30.55116757;-21.98723571;2.13397159;1.06644300;0.13456542;0.09210783;11.03670099;-1.24079448
3;0.29986032;0.00000000;30.65015931;-21.97336906;2.14785485;1.05257741;0.14378566;0.09237473;11.02545806;-1.22908373
4;0.39981376;0.00000000;30.74900863;-21.95859051;2.16265294;1.03780125;0.15303206;0.09265052;11.01430992;-1.21634902
5;0.49976720;0.00000000;30.84772720;-21.94289555;2.17837028;1.02211046;0.16230739;0.09293401;11.00326618;-1.20244481
6;0.59972063;0.00000000;30.94628520;-21.92628603;2.19500577;1.00550766;0.17161051;0.09322627;10.99233777;-1.18781613
7;0.69967407;0.00000000;31.04469479;-21.90875696;2.21256433;0.98798859;0.18094409;0.09352353;10.98153163;-1.17196930
8;0.79962751;0.00000000;31.14292546;-21.89031075;2.23103990;0.96955685;0.19030680;0.09382972;10.97085923;-1.15527762
9;0.89958095;0.00000000;31.24098968;-21.87094195;2.25036257;0.95020815;0.19970145;0.09414162;10.96032866;-1.13731428
10;0.99953439;0.00000000;31.33885633;-21.85065353;2.27060305;0.92994731;0.20912667;0.09446262;10.94995193;-1.11819338
11;1.09948783;0.00000000;31.43653812;-21.82943957;2.29176814;0.90877015;0.21858544;0.09479160;10.93974007;-1.09774586
12;1.19944127;0.00000000;31.53400337;-21.80730359;2.31385439;0.88668303;0.22807647;0.09512981;10.92970566;-1.07653819
13;1.29939471;0.00000000;31.63126497;-21.78423921;2.33686918;0.86368222;0.23760262;0.09547237;10.91985616;-1.05394899
14;1.39934815;0.00000000;31.72829074;-21.76025054;2.36080868;0.83977609;0.24716237;0.09582429;10.91020471;-1.03025665
15;1.49930159;0.00000000;31.82509365;-21.73533074;2.38568079;0.81496191;0.25675876;0.09618306;10.90076197;-1.00511276
16;1.59925503;0.00000000;31.92164111;-21.70948451;2.39548908;0.78925082;0.26639035;0.09655139;10.89154179;-0.97885278
17;1.69920847;0.00000000;32.01794608;-21.68270457;2.39810607;0.76264189;0.27606023;0.09692626;10.88255499;-0.95107452
18;1.79916190;0.00000000;32.11397562;-21.65499618;2.40140809;0.73687254;0.28576691;0.09731083;10.87381611;-0.92189681
19;1.89911534;0.00000000;32.20974256;-21.62635165;2.39878721;0.72312745;0.29551361;0.09770386;10.86533862;-0.89114089
20;1.99906878;0.00000000;32.30521376;-21.59677680;2.40130457;0.72209433;0.30529891;0.09810659;10.85713765;-0.85941212
21;2.09902222;0.00000000;32.40040181;-21.56626351;2.40894844;0.73382276;0.31512586;0.09851370;10.84922281;-0.82596554
22;2.19897566;0.00000000;32.49527333;-21.53481821;2.42167173;0.71912862;0.32499283;0.09893122;10.84161056;-0.79079840
23;2.29892910;0.00000000;32.58984068;-21.50243241;2.43940088;0.69831331;0.33490324;0.09935884;10.83431739;-0.75386470
24;2.39888254;0.00000000;32.68407034;-21.46911307;2.46202594;0.68369479;0.34485569;0.09979665;10.82736028;-0.71492863
25;2.49883598;0.00000000;32.77797411;-21.43485138;2.47710980;0.68253685;0.35485369;0.10024627;10.82075836;-0.67418462
26;2.59878942;0.00000000;32.87151897;-21.39965461;2.49068491;0.67887001;0.36489593;0.10070572;10.81452899;-0.62999516
27;2.69874286;0.00000000;32.96471576;-21.36351374;2.50827190;0.64272986;0.37498642;0.10118835;10.80870469;-0.58241863
28;2.79869630;0.00000000;33.05753118;-21.32643655;2.52044870;0.61220747;0.38512465;0.10169308;10.80331743;-0.51499552
29;2.89864973;0.00000000;33.14997516;-21.28841341;2.51936356;0.59603955;0.39532294;0.10235765;10.79855159;-0.45044170
30;2.99860317;0.00000000;33.24201551;-21.24945062;2.52326305;0.59539562;0.40558659;0.10298779;10.79438141;-0.45044170
31;3.09855661;0.00000000;33.33365799;-21.20953984;2.53212975;0.61031894;0.41588435;0.10305710;10.79020962;-0.44888956
32;3.19851005;0.00000000;33.42487884;-21.16868974;2.54107361;0.62772740;0.42618831;0.10309519;10.78605060;-0.44372646
33;3.29846349;0.00000000;33.51567952;-21.12689989;2.53802094;0.62001189;0.43647439;0.10271939;10.78193784;-0.39055208
34;3.39841693;0.00000000;33.60604157;-21.08418224;2.53992836;0.60516066;0.44672324;0.10236085;10.77831663;-0.34057761
35;3.49837037;0.00000000;33.69596719;-21.04053971;2.54177886;0.60561583;0.45693729;0.10200999;10.77515780;-0.29260957
36;3.59832381;0.00000000;33.78543712;-20.99598556;2.54631537;0.62134686;0.46711609;0.10166326;10.77244313;-0.24618001
37;3.69827725;0.00000000;33.87445583;-20.95052154;2.55065143;0.61620916;0.47725751;0.10125428;10.77015868;-0.19354580
38;3.79823069;0.00000000;33.96300374;-20.90416213;2.53211938;0.61171083;0.48735782;0.10083765;10.76836231;-0.14116738
39;3.89818413;0.00000000;34.05108624;-20.85690947;2.51842088;0.59771703;0.49740791;0.10025213;10.76705189;-0.07033417
40;3.99813756;0.00000000;34.13868451;-20.80878002;2.50963284;0.59927287;0.50739927;0.09967272;10.76639894;-0.00170695
41;4.09809100;0.00000000;34.22580531;-20.75977674;2.50580069;0.61626635;0.51733159;0.09906036;10.76638309;0.06930948
42;4.19804444;0.00000000;34.31243032;-20.70991689;2.50694204;0.63960904;0.52720249;0.09846069;10.76702653;0.13740296
43;4.29799788;0.00000000;34.39856699;-20.65920305;2.51304426;0.62617581;0.53701595;0.09789413;10.76830201;0.20028862
44;4.39795132;0.00000000;34.48419656;-20.60765286;2.52406417;0.62757619;0.54677262;0.09733735;10.77016097;0.26079887
45;4.49790476;0.00000000;34.56932738;-20.55526784;2.53828051;0.64371891;0.55647386;0.09677111;10.77258106;0.32123393
46;4.59785820;0.00000000;34.65394055;-20.50206622;2.51606389;0.66592097;0.56611813;0.09621384;10.77556122;0.37947752
47;4.69781164;0.00000000;34.73804504;-20.44804893;2.49478631;0.68719596;0.57570812;0.09566892;10.77908065;0.43519802
48;4.79776508;0.00000000;34.82162244;-20.39323428;2.47444732;0.70754097;0.58524332;0.09513214;10.78311545;0.48895322
49;4.89771852;0.00000000;34.90468151;-20.33762293;2.45698506;0.72696043;0.59472574;0.09459825;10.78764682;0.54140716
50;4.99767196;0.00000000;34.98720445;-20.28123323;2.44443045;0.74545314;0.60415447;0.09407257;10.79266209;0.59198197
51;5.09762540;0.00000000;35.06920004;-20.22406552;2.43685321;0.76302420;0.61353165;0.09355206;10.79814318;0.64108336
52;5.19757883;0.00000000;35.15065105;-20.16613817;2.41237181;0.77967359;0.62285646;0.09303902;10.80407577;0.68848562
53;5.29753227;0.00000000;35.23156621;-20.10745126;2.37361881;0.79540669;0.63213088;0.09252968;10.81044339;0.73467202
54;5.39748571;0.00000000;35.31192883;-20.04802316;2.33937481;0.81486104;0.64135408;0.09202936;10.81723404;0.77905883
55;5.49743915;0.00000000;35.39174751;-19.98785375;2.30983311;0.84490141;0.65052855;0.09153957;10.82443031;0.82151241
56;5.59739259;0.00000000;35.47100641;-19.92696109;2.28517843;0.88444757;0.65965367;0.09105244;10.83201354;0.86300036
57;5.69734603;0.00000000;35.54971368;-19.86534507;2.25794174;0.91992103;0.66873014;0.09055612;10.83997404;0.90494462
58;5.79729947;0.00000000;35.62785433;-19.80302370;2.21552146;0.93109585;0.67775680;0.09007167;10.84831516;0.94487695
59;5.89725291;0.00000000;35.70543625;-19.73999688;2.17770286;0.94806746;0.68673682;0.08960712;10.85701751;0.98189169
60;5.99720635;0.00000000;35.78244507;-19.67628226;2.14473363;0.97418965;0.69567029;0.08916711;10.86605338;1.01549624
61;6.09715979;0.00000000;35.85888805;-19.61187947;2.11683417;1.00875716;0.70456461;0.08879747;10.87539060;1.04032962
62;6.19711323;0.00000000;35.93475168;-19.54680481;2.09420941;1.05093356;0.71342171;0.08843623;10.88494785;1.06385825
63;6.29706666;0.00000000;36.01004165;-19.48105813;2.07702714;1.07996760;0.72224429;0.08809369;10.89471259;1.08488590
64;6.39702010;0.00000000;36.08474557;-19.41465479;2.06542319;1.11239035;0.73103247;0.08775542;10.90466132;1.10516615
65;6.49697354;0.00000000;36.15886824;-19.34759509;2.04188883;1.15180764;0.73978708;0.08741457;10.91478671;1.12553145
66;6.59692698;0.00000000;36.23239819;-19.27989396;2.00544961;1.19752503;0.74850748;0.08708156;10.92508903;1.14473969
67;6.69688042;0.00000000;36.30533983;-19.21155187;1.96765116;1.24055961;0.75719562;0.08675876;10.93555722;1.16252968
68;6.79683386;0.00000000;36.37768253;-19.14258320;1.93292329;1.26395837;0.76585135;0.08644159;10.94617784;1.17947230
69;6.89678730;0.00000000;36.44943001;-19.07298878;1.90364689;1.29334344;0.77447606;0.08613014;10.95694273;1.19556963
70;6.99674074;0.00000000;36.52057253;-19.00278241;1.87781024;1.32070166;0.78306957;0.08582465;10.96784375;1.21080949
71;7.09669418;0.00000000;36.59111317;-18.93196531;1.83146944;1.34884724;0.79163317;0.08552453;10.97887270;1.22527469
72;7.19664762;0.00000000;36.66104302;-18.86055069;1.77726134;1.38286388;0.80016671;0.08523037;10.99002214;1.23890835
73;7.29660106;0.00000000;36.73036463;-18.78854015;1.72788801;1.42233323;0.80867149;0.08494218;11.00128415;1.25172104
74;7.39655449;0.00000000;36.79906984;-18.71594631;1.68377979;1.46681218;0.81714744;0.08465975;11.01265093;1.26375175
75;7.49650793;0.00000000;36.86716065;-18.64277115;1.64535758;1.51586217;0.82559574;0.08438301;11.02411507;1.27501999
76;7.59646137;0.00000000;36.93462967;-18.56902669;1.61303063;1.53739237;0.83401638;0.08411209;11.03566937;1.28552105
77;7.69641481;0.00000000;37.00147836;-18.49471535;1.58716903;1.56242703;0.84241050;0.08384695;11.04730659;1.29527081
78;7.79636825;0.00000000;37.06770003;-18.41984850;1.55565746;1.59255906;0.85077816;0.08358756;11.05901969;1.30428255
79;7.89632169;0.00000000;37.13329563;-18.34442900;1.52619556;1.62384929;0.85912041;0.08333409;11.07080176;1.31254681
80;7.99627513;0.00000000;37.19825915;-18.26846760;1.50363301;1.65276128;0.86743741;0.08308650;11.08264583;1.32007593
81;8.09622857;0.00000000;37.26259104;-18.19196760;1.48038241;1.68633649;0.87573016;0.08284483;11.09454510;1.32687673
82;8.19618201;0.00000000;37.32628595;-18.11493910;1.46008951;1.72430112;0.88399885;0.08260879;11.10649282;1.33299340
83;8.29613545;0.00000000;37.38934385;-18.03738585;1.41638107;1.75778758;0.89224440;0.08237851;11.11848269;1.33841728
84;8.39608889;0.00000000;37.45176001;-17.95931729;1.36743778;1.77580008;0.90046708;0.08215469;11.13050835;1.34307127
85;8.49604233;0.00000000;37.51353390;-17.88073768;1.32499487;1.79677778;0.90866790;0.08193787;11.14256278;1.34689536
86;8.59599576;0.00000000;37.57466134;-17.80165584;1.28969647;1.82221674;0.91684719;0.08172569;11.15463845;1.35019247
87;8.69594920;0.00000000;37.63514142;-17.72207643;1.26214163;1.84343949;0.92500553;0.08151708;11.16673057;1.35310343
88;8.79590264;0.00000000;37.69497054;-17.64200759;1.24284591;1.86290582;0.93314326;0.08131723;11.17883564;1.35498268
89;8.89585608;0.00000000;37.75414735;-17.56145450;1.23219636;1.88668859;0.94126171;0.08112776;11.19094441;1.35563784
90;8.99580952;0.00000000;37.81266877;-17.48042453;1.23041647;1.91462697;0.94936145;0.08094360;11.20304593;1.35571765
91;9.09576296;0.00000000;37.87053285;-17.39892353;1.23197033;1.94654215;0.95744308;0.08076512;11.21513510;1.35518173
92;9.19571640;0.00000000;37.92773704;-17.31695819;1.18838231;1.96650820;0.96550647;0.08056462;11.22720649;1.35752753
93;9.29566984;0.00000000;37.98427929;-17.23453493;1.15260147;1.97800092;0.97354794;0.08034061;11.23928577;1.36291193
94;9.39562328;0.00000000;38.04015799;-17.15166008;1.12537289;1.98527185;0.98156683;0.08010427;11.25139991;1.36988823
95;9.49557672;0.00000000;38.09537113;-17.06834082;1.10732725;1.99673197;0.98956113;0.07985744;11.26356294;1.37820894
96;9.59553016;0.00000000;38.14991779;-16.98458298;1.09891560;2.01231152;0.99753127;0.07962319;11.27578661;1.38492520
97;9.69548359;0.00000000;38.20379568;-16.90039438;1.08738038;2.03191682;1.00547864;0.07939979;11.28805650;1.39027589
98;9.79543703;0.00000000;38.25700418;-16.81578014;1.07336013;2.05543392;1.01340408;0.07918444;11.30036041;1.39463461
99;9.89539047;0.00000000;38.30954078;-16.73074829;1.06218848;2.08273049;1.02130832;0.07897558;11.31268944;1.39820936
100;9.99534391;0.00000000;38.36140512;-16.64530337;1.05098120;2.11366099;1.02919197;0.07877085;11.32503660;1.40131161
101;10.09529735;0.00000000;38.41259446;-16.55945386;1.02959656;2.14806773;1.03705529;0.07857069;11.33739767;1.40389091
102;10.19525079;0.00000000;38.46310876;-16.47320371;1.01240174;2.14871999;1.04489899;0.07837675;11.34976799;1.40573819
103;10.29520423;0.00000000;38.51294500;-16.38656190;0.99834017;2.15250172;1.05272348;0.07818808;11.36214109;1.40698306
104;10.39515767;0.00000000;38.56210346;-16.29953176;0.98820967;2.16012823;1.06052950;0.07800512;11.37451167;1.40757554
105;10.49511111;0.00000000;38.61058097;-16.21212259;0.97524479;2.17156010;1.06831737;0.07782694;11.38687401;1.40764178
106;10.59506455;0.00000000;38.65837798;-16.12433727;0.97321101;2.18179163;1.07608782;0.07765433;11.39922353;1.40708332
107;10.69501799;0.00000000;38.70549123;-16.03618537;0.98198341;2.18891006;1.08384113;0.07748651;11.41155479;1.40600594
108;10.79497142;0.00000000;38.75192129;-15.94766939;0.98287968;2.19898892;1.09157808;0.07732430;11.42386331;1.40431025
109;10.89492486;0.00000000;38.79766487;-15.85879911;0.97571465;2.21277748;1.09929890;0.07716648;11.43614376;1.40215833
110;10.99487830;0.00000000;38.84272261;-15.76957672;0.96563242;2.22004008;1.10700435;0.07701402;11.44839226;1.39942694
111;11.09483174;0.00000000;38.88709123;-15.68001208;0.94251460;2.22468787;1.11469464;0.07686596;11.46060384;1.39624752
112;11.19478518;0.00000000;38.93077138;-15.59010723;0.93039063;2.22357943;1.12237056;0.07672354;11.47277472;1.39245868
113;11.29473862;0.00000000;38.97375984;-15.49987203;0.92969055;2.21898541;1.13003232;0.07658536;11.48489973;1.38825292
114;11.39469206;0.00000000;39.01605717;-15.40930855;0.94043850;2.21812389;1.13768062;0.07645145;11.49697539;1.38362640
115;11.49464550;0.00000000;39.05766041;-15.31842627;0.94185774;2.22100064;1.14531556;0.07632054;11.50899820;1.37875058
116;11.59459894;0.00000000;39.09856993;-15.22722748;0.94204522;2.22760241;1.15293798;0.07620018;11.52096616;1.37262493
117;11.69455238;0.00000000;39.13878293;-15.13572143;0.93772587;2.23789682;1.16054865;0.07608629;11.53286862;1.36580355
118;11.79450582;0.00000000;39.17829963;-15.04391046;0.92289003;2.24743129;1.16814767;0.07596072;11.54469974;1.36070967
119;11.89445926;0.00000000;39.21711736;-14.95180387;0.90145643;2.23213133;1.17573379;0.07583466;11.55647469;1.35583117
120;11.99441269;0.00000000;39.25523637;-14.85940443;0.89154416;2.22047341;1.18330716;0.07570073;11.56819550;1.35215257
121;12.09436613;0.00000000;39.29265475;-14.76672018;0.89353625;2.21251741;1.19086685;0.07556477;11.57987270;1.34887570
122;12.19431957;0.00000000;39.32937199;-14.67375571;0.90158257;2.20830488;1.19841758;0.07553895;11.59150988;1.33092775
123;12.29427301;0.00000000;39.36538650;-14.58051610;0.90161515;2.20780738;1.20596778;0.07553537;11.60298078;1.31028247
124;12.39422645;0.00000000;39.40069552;-14.48700830;0.90835844;2.20276685;1.21352108;0.07561409;11.61426267;1.27886608
125;12.49417989;0.00000000;39.43529748;-14.39323452;0.92664092;2.20150056;1.22108371;0.07570819;11.62526351;1.24582888
126;12.59413333;0.00000000;39.46918808;-14.29920376;0.93763320;2.20182144;1.22865487;0.07578581;11.63597015;1.21550159
127;12.69408677;0.00000000;39.50236636;-14.20491631;0.95850272;2.20391775;1.23623390;0.07586394;11.64640668;1.18555076
128;12.79404021;0.00000000;39.53482771;-14.11038295;0.96596428;2.20761996;1.24382065;0.07594479;11.65657704;1.15566897
129;12.89399365;0.00000000;39.56657165;-14.01560256;0.95117464;2.18564578;1.25141591;0.07602920;11.66648252;1.12574207
130;12.99394709;0.00000000;39.59759318;-13.92058740;0.94752313;2.16546166;1.25901970;0.07612131;11.67612341;1.09520375
131;13.09390052;0.00000000;39.62789221;-13.82533484;0.95513838;2.14898605;1.26663319;0.07621667;11.68549514;1.06467064
132;13.19385396;0.00000000;39.65746327;-13.72985884;0.97375583;2.13630627;1.27425613;0.07631783;11.69459840;1.03379082
133;13.29380740;0.00000000;39.68630673;-13.63415490;1.00276468;2.12748864;1.28188976;0.07642222;11.70343085;1.00292145
134;13.39376084;0.00000000;39.71441664;-13.53823902;1.01792887;2.12258174;1.28953367;0.07653256;11.71199319;0.97168908
135;13.49371428;0.00000000;39.74179375;-13.44210485;1.02767958;2.12161132;1.29718927;0.07664645;11.72028292;0.94042796
136;13.59366772;0.00000000;39.76843176;-13.34577027;1.03070010;2.12458179;1.30485606;0.07676675;11.72830038;0.90874386
137;13.69362116;0.00000000;39.79433159;-13.24922747;1.01984602;2.13147571;1.31253558;0.07689049;11.73604252;0.87705282
138;13.79357460;0.00000000;39.81948691;-13.15249529;1.01949768;2.11749734;1.32022722;0.07702030;11.74350982;0.84499192
139;13.89352804;0.00000000;39.84389855;-13.05556536;1.02966702;2.10179474;1.32793257;0.07715376;11.75069966;0.81290005
140;13.99348148;0.00000000;39.86756025;-12.95845712;1.05004776;2.08991161;1.33565101;0.07729335;11.75761230;0.78043710
141;14.09343492;0.00000000;39.89047270;-12.86116183;1.07665863;2.07760644;1.34338415;0.07743675;11.76424505;0.74792922
142;14.19338835;0.00000000;39.91262975;-12.76369932;1.09110972;2.05974880;1.35113136;0.07758617;11.77059802;-1.49670806
143;14.29334179;0.00000000;39.93403190;-12.66606065;1.11511930;2.03767682;1.35889426;0.07773954;11.75788143;-1.78705808
144;14.39329523;0.00000000;39.95467320;-12.56826592;1.13954642;2.01129891;1.36667223;0.07789890;11.74267986;-1.79148062
145;14.49324867;0.00000000;39.97455389;-12.47030614;1.13807835;1.98369433;1.37446690;0.07806235;11.72742091;-1.79552341
146;14.59320211;0.00000000;39.99366823;-12.37220150;1.14160068;1.96004117;1.38227764;0.07823176;11.71210757;-1.79892277
147;14.69315555;0.00000000;40.01201621;-12.27394313;1.15457477;1.94048016;1.39010609;0.07840540;11.69674513;-1.80191904
148;14.79310899;0.00000000;40.02959229;-12.17555122;1.17003641;1.92513846;1.39795162;0.07858498;11.68133685;-1.80427271
149;14.89306243;0.00000000;40.04639622;-12.07701711;1.19333271;1.91411442;1.40581588;0.07876892;11.66588805;-1.80619933
150;14.99301587;0.00000000;40.06242268;-11.97836086;1.22510499;1.89532556;1.41369827;0.07895878;11.65040224;-1.80748170
151;15.09296931;0.00000000;40.07767113;-11.87957416;1.26471876;1.86437181;1.42160041;0.07915314;11.63488480;-1.80831305
152;15.19292275;0.00000000;40.09213652;-11.78067687;1.31145768;1.83751093;1.42952173;0.07935343;11.61933949;-1.80818520
153;15.29287619;0.00000000;40.10581800;-11.68166109;1.31987327;1.81498278;1.43746383;0.07955835;11.60377445;-1.80721665
154;15.39282962;0.00000000;40.11871078;-11.58254639;1.32793859;1.79695291;1.44542619;0.07976920;11.58819686;-1.80573716
155;15.49278306;0.00000000;40.13081370;-11.48332542;1.34419511;1.78355433;1.45341038;0.07998484;11.57261108;-1.80358628
156;15.59273650;0.00000000;40.14212225;-11.38401735;1.36834992;1.77489243;1.46141591;0.08020642;11.55702288;-1.80089818
157;15.69268994;0.00000000;40.15263497;-11.28461546;1.39999782;1.75036205;1.46944433;0.08043293;11.54143691;-1.79752686
158;15.79264338;0.00000000;40.16234760;-11.18513847;1.43864068;1.72005947;1.47749521;0.08066541;11.52585910;-1.79359080
159;15.89259682;0.00000000;40.17125841;-11.08558034;1.45357487;1.69433061;1.48557005;0.08090297;11.51029438;-1.78895646
160;15.99255026;0.00000000;40.17936337;-10.98595931;1.46957882;1.66987538;1.49366847;0.08114655;11.49474889;-1.78372847
161;16.09250370;0.00000000;40.18666047;-10.88627008;1.48895066;1.64143365;1.50179195;0.08139535;11.47922787;-1.77778416
162;16.19245714;0.00000000;40.19314592;-10.78653035;1.51332929;1.60862851;1.50994016;0.08165024;11.46373766;-1.77121562
163;16.29241058;0.00000000;40.19881748;-10.68673560;1.54457562;1.58067801;1.51811455;0.08191050;11.44828385;-1.76390958
164;16.39236402;0.00000000;40.20367155;-10.58690300;1.58228000;1.55784588;1.52631485;0.08217694;11.43287302;-1.75594652
165;16.49231745;0.00000000;40.20770566;-10.48702884;1.59616963;1.54035627;1.53454245;0.08244890;11.41751110;-1.74722086
166;16.59227089;0.00000000;40.21091641;-10.38712969;1.60746252;1.52839286;1.54279716;0.08272713;11.40220497;-1.73780319
167;16.69222433;0.00000000;40.21330111;-10.28720272;1.62564617;1.50610348;1.55108034;0.08301105;11.38696093;-1.72759427
168;16.79217777;0.00000000;40.21485655;-10.18726390;1.65049272;1.48093637;1.55939186;0.08330136;11.37178620;-1.71665518
169;16.89213121;0.00000000;40.21557985;-10.08731128;1.68171006;1.45172164;1.56773303;0.08359754;11.35668746;-1.70489180
170;16.99208465;0.00000000;40.21546795;-9.98736022;1.71894922;1.41327019;1.57610380;0.08390024;11.34167230;-1.69235748
171;17.09203809;0.00000000;40.21451782;-9.88740969;1.75937348;1.38019384;1.58450545;0.08420899;11.32674784;-1.67896174
172;17.19199153;0.00000000;40.21272651;-9.78747443;1.80029706;1.35288891;1.59293799;0.08452441;11.31192206;-1.66474893
173;17.29194497;0.00000000;40.21009088;-9.68755432;1.82025842;1.33170730;1.60140265;0.08484610;11.29720257;-1.64963156
174;17.39189841;0.00000000;40.20660807;-9.58766351;1.84623765;1.31694435;1.60989954;0.08517464;11.28259780;-1.63365039
175;17.49185185;0.00000000;40.20227483;-9.48780280;1.87798793;1.29936671;1.61842985;0.08550964;11.26811587;-1.61671914
176;17.59180528;0.00000000;40.19708841;-9.38798575;1.90750267;1.26242469;1.62699375;0.08585168;11.25376568;-1.59886443
177;17.69175872;0.00000000;40.19104546;-9.28821409;1.92679403;1.23167372;1.63559240;0.08620045;11.23955595;-1.58000066
178;17.79171216;0.00000000;40.18414329;-9.18850080;1.95185010;1.20758754;1.64422607;0.08655652;11.22549620;-1.56016386
179;17.89166560;0.00000000;40.17637851;-9.08884853;1.97970670;1.19056775;1.65289586;0.08691950;11.21159567;-1.53927168
180;17.99161904;0.00000000;40.16774846;-8.98926972;2.01118597;1.17581495;1.66160213;0.08728993;11.19786437;-1.51732276
181;18.09157248;0.00000000;40.15824972;-8.88976792;2.03572286;1.14419421;1.67034595;0.08766769;11.18431237;-1.49421940
182;18.19152592;0.00000000;40.14787965;-8.79035508;2.04607809;1.10173320;1.67912778;0.08805342;11.17095065;-1.47001540
183;18.29147936;0.00000000;40.13663483;-8.69103563;2.06188938;1.06613692;1.68794868;0.08844655;11.15778976;-1.44465156
184;18.39143280;0.00000000;40.12451260;-8.59182104;2.08324275;1.03811208;1.69680913;0.08884742;11.14484080;-1.41805669
185;18.49138624;0.00000000;40.11150959;-8.49271658;2.10997278;1.01828141;1.70571015;0.08925642;11.13211558;-1.39010005
186;18.59133968;0.00000000;40.09762312;-8.39373335;2.14187926;1.00441992;1.71465241;0.08967444;11.11962709;-1.36084991
187;18.69129312;0.00000000;40.08284983;-8.29487740;2.17873689;0.98967659;1.72363696;0.09010073;11.10738779;-1.33022472
188;18.79124655;0.00000000;40.06718701;-8.19615952;2.22029931;0.97404974;1.73266448;0.09053577;11.09541087;-1.29828508
189;18.89119999;0.00000000;40.05063137;-8.09758658;2.24292257;0.95753721;1.74173595;0.09097887;11.08370905;-1.26499377
190;18.99115343;0.00000000;40.03318016;-7.99916899;2.26038759;0.94013770;1.75085206;0.09143011;11.07229539;-1.23004235
191;19.09110687;0.00000000;40.01483015;-7.90091436;2.27875389;0.92184964;1.76001379;0.09189176;11.06118580;-1.19323847
192;19.19106031;0.00000000;39.99557855;-7.80283290;2.29802465;0.90267235;1.76922226;0.09236511;11.05039795;-1.15515351
193;19.29101375;0.00000000;39.97542218;-7.70493294;2.31820349;0.88260510;1.77847847;0.09284527;11.03994437;-1.11574621
194;19.39096719;0.00000000;39.95435823;-7.60722457;2.33929373;0.86164812;1.78778294;0.09333232;11.02983800;-1.07515768
195;19.49092063;0.00000000;39.93238364;-7.50971676;2.36129894;0.83980201;1.79713647;0.09382488;11.02009051;-1.03331669
196;19.59087407;0.00000000;39.90949562;-7.41241944;2.38422254;0.81706843;1.80653943;0.09432328;11.01071423;-0.98998511
197;19.69082751;0.00000000;39.88569128;-7.31534215;2.40806807;0.79344992;1.81599262;0.09482918;11.00172364;-0.94501020
198;19.79078095;0.00000000;39.86096787;-7.21849484;2.43283904;0.76895038;1.82549676;0.09534354;10.99313463;-0.89854484
199;19.89073438;0.00000000;39.83532266;-7.12188760;2.45853899;0.74351261;1.83505272;0.09586477;10.98496170;-0.85049958
200;19.99068782;0.00000000;39.80875291;-7.02553042;2.46059334;0.71676389;1.84466109;0.09639330;10.97722018;-0.80092193
201;20.09064126;0.00000000;39.78125606;-6.92943385;2.46558583;0.68907890;1.85432268;0.09692839;10.96992494;-0.74961719
202;20.19059470;0.00000000;39.75282943;-6.83360799;2.47557075;0.66045702;1.86403807;0.09747128;10.96309261;-0.69658638
203;20.29054814;0.00000000;39.72347064;-6.73806388;2.49049244;0.64398747;1.87380815;0.09802160;10.95673980;-0.64173448
204;20.39050158;0.00000000;39.69317708;-6.64281175;2.51026688;0.64184248;1.88363358;0.09857972;10.95088398;-0.58525142
205;20.49045502;0.00000000;39.66194650;-6.54786289;2.51595388;0.64859669;1.89351518;0.09914367;10.94554083;-0.52673089
206;20.59040846;0.00000000;39.62977646;-6.45322797;2.51218238;0.63912324;1.90345348;0.09971638;10.94072973;-0.48670306
207;20.69036190;0.00000000;39.59666502;-6.35891877;2.51338071;0.61125282;1.91344487;0.10012903;10.93628235;-0.46200535
208;20.79031534;0.00000000;39.56261133;-6.26494538;2.51954581;0.59394838;1.92346711;0.10041008;10.93205899;-0.46200535
209;20.89026878;0.00000000;39.52761674;-6.17131912;2.53064322;0.59221180;1.93350304;0.10017027;10.92783399;-0.42373731
210;20.99022221;0.00000000;39.49168632;-6.07804710;2.54660532;0.60617925;1.94348280;0.09951881;10.92395751;-0.33718345
211;21.09017565;0.00000000;39.45482980;-5.98513692;2.56733357;0.62268930;1.95339872;0.09890564;10.92087187;-0.25708572
212;21.19012909;0.00000000;39.41705653;-5.89259557;2.55143578;0.63213029;1.96325596;0.09833339;10.91851863;-0.18358286
213;21.29008253;0.00000000;39.37837585;-5.80043037;2.53123364;0.61107075;1.97304876;0.09749311;10.91683790;-0.07969042
214;21.39003597;0.00000000;39.33879900;-5.70864654;2.51580917;0.59549740;1.98274101;0.09644248;10.91610823;0.04711951
215;21.48998941;0.00000000;39.29833999;-5.61724992;2.50524168;0.59553677;1.99232219;0.09518689;10.91653968;0.19580428
216;21.58994285;0.00000000;39.25701249;-5.52624054;2.49958096;0.61119804;2.00176622;0.09378114;10.91833234;0.35950571
217;21.68989629;0.00000000;39.21483389;-5.43562322;2.49884722;0.64134922;2.01107599;0.09259170;10.92162299;0.49436662
218;21.78984973;0.00000000;39.17181783;-5.34539896;2.50303297;0.65568494;2.02027965;0.09156878;10.92614644;0.60695134
219;21.88980317;0.00000000;39.12797824;-5.25557325;2.51210303;0.65576005;2.02938462;0.09065527;10.93169748;0.70453860
220;21.98975661;0.00000000;39.08332625;-5.16614795;2.52329215;0.64254554;2.03840363;0.08980866;10.93813750;0.79251712
221;22.08971005;0.00000000;39.03787406;-5.07712863;2.50141786;0.64384662;2.04734056;0.08905108;10.94537718;0.86843449
222;22.18966348;0.00000000;38.99163031;-4.98851549;2.48425512;0.65958482;2.05620681;0.08835599;10.95330487;0.93569659
223;22.28961692;0.00000000;38.94460641;-4.90031540;2.47189717;0.68877617;2.06500380;0.08766938;10.96184016;1.00095178
224;22.38957036;0.00000000;38.89681069;-4.81252937;2.46441008;0.71671778;2.07373294;0.08699504;10.97096335;1.06379973
225;22.48952380;0.00000000;38.84825422;-4.72516367;2.43923484;0.74388656;2.08239493;0.08632558;10.98065106;1.12519807
226;22.58947724;0.00000000;38.79894505;-4.63821901;2.41263831;0.77027630;2.09099009;0.08565708;10.99088862;1.18566458
227;22.68943068;0.00000000;38.74889418;-4.55170122;2.38831153;0.79588116;2.09951854;0.08499467;11.00166602;1.24462186
228;22.78938412;0.00000000;38.69810909;-4.46561004;2.36879222;0.82069926;2.10798133;0.08433959;11.01296798;1.30196468
229;22.88933756;0.00000000;38.64660097;-4.37995155;2.35419565;0.84472790;2.11637868;0.08368611;11.02477824;1.35843421
230;22.98929100;0.00000000;38.59437722;-4.29472538;2.32959151;0.86796768;2.12471092;0.08303596;11.03708728;1.41385816
231;23.08924444;0.00000000;38.54144889;-4.20993715;2.29802763;0.85619831;2.13297825;0.08238869;11.04988396;1.46832808
232;23.18919788;0.00000000;38.48782313;-4.12558609;2.27122481;0.85453856;2.14118114;0.08174489;11.06315798;1.52180733
233;23.28915131;0.00000000;38.43351099;-4.04167758;2.24934978;0.86370315;2.14931968;0.08110290;11.07689868;1.57453285
234;23.38910475;0.00000000;38.37851936;-3.95821049;2.23254170;0.88336119;2.15739432;0.08046439;11.09109752;1.62633332
235;23.48905819;0.00000000;38.32285928;-3.87518997;2.22091104;0.90259054;2.16540516;0.07982815;11.10574443;1.67738857
236;23.58901163;0.00000000;38.26653746;-3.79261461;2.21441182;0.92105368;2.17335266;0.07919522;11.12083095;1.72759998
237;23.68896507;0.00000000;38.20956486;-3.71048927;2.18464787;0.94825627;2.18123691;0.07856445;11.13634770;1.77714173
238;23.78891851;0.00000000;38.15194798;-3.62881225;2.15986827;0.98418027;2.18905837;0.07793701;11.15228689;1.82589352
239;23.88887195;0.00000000;38.09369772;-3.54758813;2.14024252;1.01997541;2.19681715;0.07731208;11.16863965;1.87398795
240;23.98882539;0.00000000;38.03482038;-3.46681497;2.10596740;1.05794186;2.20451373;0.07669059;11.18539828;1.92133292
241;24.08877883;0.00000000;37.97532677;-3.38649710;2.07478261;1.07269547;2.21214823;0.07607187;11.20255428;1.96803989
242;24.18873227;0.00000000;37.91522299;-3.30663233;2.04710528;1.08669421;2.21972116;0.07545662;11.22010014;2.01404549
243;24.28868571;0.00000000;37.85451976;-3.22722470;2.02185319;1.10103373;2.22723260;0.07484336;11.23802779;2.05955820
244;24.38863914;0.00000000;37.79322299;-3.14827184;2.00201538;1.12339217;2.23468300;0.07423321;11.25633104;2.10446186
245;24.48859258;0.00000000;37.73134330;-3.06977751;1.98774983;1.15330693;2.24207250;0.07362791;11.27500265;2.14855437
246;24.58854602;0.00000000;37.66888639;-2.99173917;1.96365791;1.19021346;2.24940187;0.07302707;11.29403363;2.19191120
247;24.68849946;0.00000000;37.60586276;-2.91416031;1.92423066;1.21876665;2.25667123;0.07242946;11.31341565;2.23470821
248;24.78845290;0.00000000;37.54227790;-2.83703824;1.88883028;1.23947057;2.26388115;0.07183533;11.33314199;2.27693403
249;24.88840634;0.00000000;37.47814217;-2.76037618;1.85882791;1.26705821;2.27103156;0.07123960;11.35320581;2.31926372
250;24.98835978;0.00000000;37.41346094;-2.68417129;1.83119037;1.30109692;2.27812252;0.07064495;11.37360624;2.36136625
251;25.08831322;0.00000000;37.34824447;-2.60842646;1.80768913;1.32539491;2.28515404;0.07005211;11.39433948;2.40316157
252;25.18826666;0.00000000;37.28249800;-2.53313871;1.79016143;1.34450447;2.29212653;0.06946188;11.41540103;2.44456472
253;25.28822010;0.00000000;37.21623163;-2.45831065;1.77502158;1.36999059;2.29904008;0.06887519;11.43678565;2.48546912
254;25.38817354;0.00000000;37.14945045;-2.38393917;1.73378969;1.40151067;2.30589527;0.06829192;11.45848718;2.52590846
255;25.48812698;0.00000000;37.08216440;-2.31002663;1.69809264;1.43867095;2.31269226;0.06771318;11.48049977;2.56575216
256;25.58808041;0.00000000;37.01437841;-2.23656984;1.66828056;1.48105174;2.31943173;0.06713835;11.50281645;2.60509681
257;25.68803385;0.00000000;36.94610222;-2.16357091;1.64064365;1.52822043;2.32611385;0.06656852;11.52543115;2.63034130
258;25.78798729;0.00000000;36.87734061;-2.09102660;1.60364917;1.57843624;2.33273936;0.06600269;11.54822006;2.61651315
259;25.88794073;0.00000000;36.80810312;-2.01893876;1.56527353;1.59637129;2.33930837;0.06544040;11.57084463;2.60278075
260;25.98789417;0.00000000;36.73839437;-1.94730411;1.53309024;1.61965481;2.34582145;0.06488132;11.59330666;2.58914310
261;26.08784761;0.00000000;36.66822373;-1.87612423;1.50749305;1.64806368;2.35227873;0.06432602;11.61560789;2.57559920
262;26.18780105;0.00000000;36.59759569;-1.80539581;1.48881644;1.68134307;2.35868078;0.06377399;11.63775007;2.56214810
263;26.28775449;0.00000000;36.52651940;-1.73512020;1.47731883;1.71766524;2.36502771;0.06322533;11.65973489;2.54878884
264;26.38770793;0.00000000;36.45499926;-1.66529402;1.44842427;1.72903899;2.37132005;0.06267966;11.68156403;2.53552049
265;26.48766137;0.00000000;36.38304421;-1.59591840;1.41379212;1.74518166;2.37755791;0.06213708;11.70323913;2.52234212
266;26.58761481;0.00000000;36.31065853;-1.52698993;1.38612080;1.76623774;2.38374178;0.06159733;11.72476182;2.50925283
267;26.68756824;0.00000000;36.23785095;-1.45850949;1.36583011;1.79203777;2.38987175;0.06106054;11.74613369;2.49625171
268;26.78752168;0.00000000;36.16462568;-1.39047365;1.34609448;1.81489951;2.39594829;0.06052644;11.76735631;2.48333789
269;26.88747512;0.00000000;36.09099123;-1.32288306;1.30952892;1.83494722;2.40197149;0.05999488;11.78843123;2.47051049
270;26.98742856;0.00000000;36.01695171;-1.25573427;1.27842836;1.85813220;2.40794176;0.05946576;11.80935997;2.45776867
271;27.08738200;0.00000000;35.94251542;-1.18902768;1.25512382;1.86882301;2.41385920;0.05893944;11.83014403;2.44511159
272;27.18733544;0.00000000;35.86768642;-1.12275985;1.23160224;1.88289115;2.41972425;0.05841562;11.85078488;2.43253841
273;27.28728888;0.00000000;35.79247277;-1.05693095;1.21016062;1.90154442;2.42553696;0.05789363;11.87128399;2.42004831
274;27.38724232;0.00000000;35.71687847;-0.99153753;1.19728573;1.92465441;2.43129765;0.05737356;11.89164277;2.40764050
275;27.48719576;0.00000000;35.64091135;-0.92657951;1.18698206;1.95206648;2.43700642;0.05685614;11.91186265;2.39531417
276;27.58714920;0.00000000;35.56457536;-0.86205346;1.17116669;1.98360691;2.44266367;0.05634111;11.93194500;2.38306855
277;27.68710264;0.00000000;35.48787813;-0.79795909;1.15342074;2.01908528;2.44826950;0.05582886;11.95189120;2.37090286
278;27.78705608;0.00000000;35.41082354;-0.73429298;1.14071449;2.05830234;2.45382431;0.05531879;11.97170260;2.35881635
279;27.88700951;0.00000000;35.33341898;-0.67105461;1.11458863;2.08894136;2.45932804;0.05480671;11.99138052;2.34680827
280;27.98696295;0.00000000;35.25566828;-0.60824052;1.08369822;2.10162142;2.46478058;0.05429458;12.01092627;2.33487788
281;28.08691639;0.00000000;35.17757864;-0.54584993;1.06189056;2.11841328;2.47018210;0.05378824;12.03034114;2.32302445
282;28.18686983;0.00000000;35.09915392;-0.48387947;1.04972701;2.13922489;2.47553333;0.05328587;12.04962641;2.31124726
283;28.28682327;0.00000000;35.02040102;-0.42232819;1.03323495;2.16394412;2.48083409;0.05277657;12.06878332;2.29954561
284;28.38677671;0.00000000;34.94132380;-0.36119264;1.02156894;2.19182560;2.48608370;0.05226436;12.08781311;2.28791880
285;28.48673015;0.00000000;34.86192905;-0.30047158;0.99054377;2.20439490;2.49128140;0.05173156;12.10671700;2.27636614
286;28.58668359;0.00000000;34.78222063;-0.24016128;0.94674297;2.22000343;2.49642507;0.05118954;12.12549618;2.26488696
287;28.68663703;0.00000000;34.70220534;-0.18026012;0.91232663;2.23946843;2.50151466;0.05065096;12.14415185;2.25348058
288;28.78659047;0.00000000;34.62188716;-0.12076433;0.88838115;2.23873112;2.50655063;0.05011503;12.16268517;2.24214634
289;28.88654391;0.00000000;34.54127260;-0.06167208;0.87576155;2.24110068;2.51153319;0.04958456;12.18109728;2.23088359
290;28.98649734;0.00000000;34.46036556;-0.00297967;0.86742820;2.24742312;2.51646299;0.04905718;12.19938932;2.21969170
291;29.08645078;0.00000000;34.37917232;0.05531488;0.84658008;2.25767020;2.52134003;0.04852879;12.21756242;2.20857002
292;29.18640422;0.00000000;34.29769665;0.11321534;0.83770924;2.27179395;2.52616426;0.04800056;12.23561767;2.19751793
293;29.28635766;0.00000000;34.21594469;0.17072383;0.84118979;2.28972726;2.53093573;0.04747404;12.25355617;2.18653482
294;29.38631110;0.00000000;34.13392022;0.22784413;0.85063484;2.31138641;2.53565469;0.04694897;12.27137898;2.17562006
295;29.48626454;0.00000000;34.05162913;0.28457851;0.83852112;2.31904720;2.54032119;0.04642487;12.28908717;2.16477308
296;29.58621798;0.00000000;33.96907515;0.34093078;0.81357324;2.32845186;2.54493538;0.04590170;12.30668179;2.15399326
297;29.68617142;0.00000000;33.88626399;0.39690336;0.79949833;2.34163518;2.54949729;0.04537932;12.32416385;2.14328003
298;29.78612486;0.00000000;33.80319932;0.45250007;0.79106024;2.35853881;2.55400705;0.04485784;12.34153439;2.13263280
299;29.88607830;0.00000000;33.71988667;0.50772348;0.77947368;2.37484354;2.55846471;0.04433715;12.35879440;2.12205101
300;29.98603174;0.00000000;33.63632965;0.56257743;0.77750629;2.39138149;2.56287038;0.04381730;12.37594488;2.11153409
301;30.08598517;0.00000000;33.55253363;0.61706461;0.75658725;2.41152478;2.56722411;0.04329807;12.39298680;2.10108148
302;30.18593861;0.00000000;33.46850216;0.67118891;0.74897363;2.43518879;2.57152599;0.04277956;12.40992113;2.09069265
303;30.28589205;0.00000000;33.38424043;0.72495314;0.75506310;2.45132737;2.57577606;0.04226160;12.42674882;2.08036703
304;30.38584549;0.00000000;33.29975195;0.77836120;0.77452748;2.44440676;2.57997440;0.04174429;12.44347082;2.07010411
305;30.48579893;0.00000000;33.21504174;0.83141603;0.76547043;2.44114484;2.58412105;0.04122744;12.46008804;2.05990334
306;30.58575237;0.00000000;33.13011325;0.88412157;0.74819805;2.44156147;2.58821607;0.04071117;12.47660142;2.04976421
307;30.68570581;0.00000000;33.04497136;0.93648085;0.73455020;2.44565991;2.59225950;0.04019529;12.49301184;2.03968620
308;30.78565925;0.00000000;32.95961943;0.98849787;0.73477724;2.45342680;2.59625141;0.03967991;12.50932021;2.02966880
309;30.88561269;0.00000000;32.87406222;1.04017574;0.72819548;2.46483238;2.60019180;0.03916466;12.52552741;2.01971151
310;30.98556613;0.00000000;32.78830302;1.09151849;0.70996196;2.47983143;2.60408071;0.03864978;12.54163431;2.00981383
311;31.08551957;0.00000000;32.70234643;1.14252937;0.67880947;2.48600653;2.60791818;0.03813564;12.55764177;1.99997527
312;31.18547301;0.00000000;32.61619572;1.19321242;0.65849341;2.48967119;2.61170431;0.03762215;12.57355063;1.99019534
313;31.28542644;0.00000000;32.52985536;1.24357094;0.65338900;2.49488521;2.61543906;0.03710708;12.58936175;1.98047356
314;31.38537988;0.00000000;32.44332848;1.29360908;0.64191990;2.48330276;2.61912226;0.03659128;12.60507594;1.97080947
315;31.48533332;0.00000000;32.35661946;1.34333025;0.63985664;2.47533990;2.62275402;0.03607889;12.62069404;1.96120258
316;31.58528676;0.00000000;32.26973140;1.39273858;0.64769939;2.47103677;2.62633473;0.03556876;12.63621683;1.95165245
317;31.68524020;0.00000000;32.18266844;1.44183757;0.63409611;2.47041771;2.62986415;0.03504886;12.65164513;1.94215860
318;31.78519364;0.00000000;32.09543384;1.49063136;0.62286604;2.47349065;2.63334117;0.03452401;12.66697973;1.93272059
319;31.88514708;0.00000000;32.00803160;1.53912367;0.61211333;2.48024701;2.63676707;0.03404031;12.68222140;1.92333797
320;31.98510052;0.00000000;31.92046467;1.58731843;0.61790042;2.49066160;2.64014645;0.03357881;12.69737091;1.91401031
321;32.08505396;0.00000000;31.83273665;1.63521888;0.63977417;2.50164123;2.64348142;0.03317048;12.71242903;1.90473716
322;32.18500740;0.00000000;31.74485008;1.68282832;0.65448451;2.51185027;2.64677799;0.03279157;12.72739651;1.89551808
323;32.28496084;0.00000000;31.65680801;1.73014939;0.64932006;2.52211784;2.65003703;0.03242322;12.74227409;1.88635267
324;32.38491427;0.00000000;31.56861301;1.77718491;0.65001934;2.53596618;2.65325974;0.03206097;12.75706251;1.87724048
325;32.48486771;0.00000000;31.48026775;1.82393754;0.64771724;2.54908929;2.65644621;0.03169754;12.77176249;1.86818112
326;32.58482115;0.00000000;31.39177484;1.87041001;0.65935718;2.55200754;2.65959629;0.03133351;12.78637476;1.85917415
327;32.68477459;0.00000000;31.30313679;1.91660513;0.64573152;2.55566728;2.66271002;0.03097024;12.80090001;1.85021919
328;32.78472803;0.00000000;31.21435621;1.96252562;0.64773975;2.55491759;2.66578747;0.03060762;12.81533896;1.84131581
329;32.88468147;0.00000000;31.12543546;2.00817432;0.66523679;2.55126610;2.66882870;0.03024509;12.82969230;1.83246363
330;32.98463491;0.00000000;31.03637725;2.05355394;0.69466183;2.55046414;2.67183369;0.02988275;12.84396070;1.82366225
331;33.08458835;0.00000000;30.94718370;2.09866745;0.68132049;2.55327917;2.67480251;0.02952173;12.85814486;1.81491128
332;33.18454179;0.00000000;30.85785763;2.14351746;0.64585649;2.53808307;2.67773531;0.02916172;12.87224543;1.80621033
333;33.28449523;0.00000000;30.76840101;2.18810698;0.61173138;2.52618950;2.68063321;0.02883540;12.88626308;1.79755902
334;33.38444867;0.00000000;30.67881648;2.23243837;0.59297640;2.51792265;2.68350006;0.02852832;12.90019847;1.78895698
335;33.48440210;0.00000000;30.58910589;2.27651409;0.59105351;2.51332137;2.68633806;0.02827934;12.91405225;1.78040384
336;33.58435554;0.00000000;30.49927104;2.32033607;0.60136455;2.51240838;2.68915389;0.02806366;12.92782505;1.77189921
337;33.68430898;0.00000000;30.40931371;2.36390586;0.60239401;2.50901533;2.69194723;0.02781845;12.94151750;1.76344274
338;33.78426242;0.00000000;30.31923538;2.40722545;0.61480214;2.50442662;2.69471468;0.02755628;12.95513024;1.75503407
339;33.88421586;0.00000000;30.22903809;2.45029676;0.63342832;2.50354756;2.69745610;0.02729974;12.96866389;1.74667283
340;33.98416930;0.00000000;30.13872359;2.49312179;0.64344673;2.49983753;2.70017216;0.02704677;12.98211904;1.73835868
341;34.08412274;0.00000000;30.04829362;2.53570253;0.64971795;2.49900300;2.70286290;0.02679249;12.99549633;1.73009127
342;34.18407618;0.00000000;29.95775001;2.57804091;0.66622313;2.50189686;2.70552816;0.02653747;13.00879633;1.72187024
343;34.28402962;0.00000000;29.86709436;2.62013899;0.66107538;2.50013594;2.70816795;0.02628305;13.02201964;1.71369526
344;34.38398306;0.00000000;29.77632850;2.66199874;0.65697105;2.49940818;2.71078233;0.02602909;13.03516686;1.70556598
345;34.48393650;0.00000000;29.68545395;2.70362225;0.65462346;2.50241570;2.71337134;0.02577521;13.04823856;1.69748208
346;34.58388994;0.00000000;29.59447257;2.74501144;0.66766070;2.50914756;2.71593498;0.02552146;13.06123531;1.68944321
347;34.68384337;0.00000000;29.50338579;2.78616847;0.67645392;2.51957641;2.71847327;0.02526793;13.07415768;1.68144905
348;34.78379681;0.00000000;29.41219548;2.82709525;0.68555224;2.52389224;2.72098622;0.02501460;13.08700624;1.67349928
349;34.88375025;0.00000000;29.32090298;2.86779397;0.70184194;2.51438428;2.72347387;0.02476144;13.09978154;1.66559357
350;34.98370369;0.00000000;29.22951019;2.90826655;0.72790044;2.49908736;2.72593621;0.02450845;13.11248413;1.65773161
351;35.08365713;0.00000000;29.13801837;2.94851519;0.73085292;2.48280362;2.72837328;0.02425563;13.12511455;1.64991307
352;35.18361057;0.00000000;29.04642940;2.98854182;0.69889151;2.46751823;2.73078508;0.02400297;13.13767334;1.64213765
353;35.28356401;0.00000000;28.95474449;3.02834868;0.68048378;2.45596969;2.73317165;0.02375048;13.15016104;1.63440503
354;35.38351745;0.00000000;28.86296552;3.06793769;0.67079831;2.44764286;2.73553297;0.02349814;13.16257818;1.62671492
355;35.48347089;0.00000000;28.77109363;3.10731111;0.66838436;2.43614001;2.73786909;0.02324595;13.17492527;1.61906701
356;35.58342433;0.00000000;28.67913071;3.14647087;0.66850430;2.42846781;2.74018000;0.02299391;13.18720283;1.61146099
357;35.68337777;0.00000000;28.58707782;3.18541926;0.66881910;2.42466514;2.74246574;0.02274201;13.19941137;1.60389657
358;35.78333120;0.00000000;28.49493684;3.22415821;0.68412302;2.42475276;2.74472629;0.02249025;13.21155140;1.59637346
359;35.88328464;0.00000000;28.40270880;3.26269002;0.71344978;2.41043506;2.74696170;0.02223863;13.22362343;1.58889137
360;35.98323808;0.00000000;28.31039556;3.30101663;0.74096954;2.39918721;2.74917195;0.02198713;13.23562794;1.58145000
361;36.08319152;0.00000000;28.21799807;3.33914038;0.74615253;2.39184724;2.75135708;0.02173576;13.24756542;1.57404907
362;36.18314496;0.00000000;28.12551822;3.37706319;0.76114242;2.38845374;2.75351709;0.02148452;13.25943637;1.56668830
363;36.28309840;0.00000000;28.03295691;3.41478742;0.76859993;2.38902604;2.75565199;0.02123340;13.27124126;1.55936742
364;36.38305184;0.00000000;27.94031598;3.45231502;0.78444590;2.39356381;2.75776179;0.02098239;13.28298057;1.55208613
365;36.48300528;0.00000000;27.84759630;3.48964834;0.78231672;2.40204705;2.75984652;0.02073150;13.29465477;1.54484417
366;36.58295872;0.00000000;27.75479972;3.52678935;0.79209673;2.40438597;2.76190617;0.02048071;13.30626433;1.53764126
367;36.68291216;0.00000000;27.66192704;3.56374042;0.79232892;2.38968638;2.76394076;0.02023003;13.31780972;1.53047715
368;36.78286560;0.00000000;27.56898009;3.60050352;0.80526636;2.36368856;2.76595029;0.01997945;13.32929137;1.52335154
369;36.88281903;0.00000000;27.47595965;3.63708103;0.83031302;2.34147635;2.76793479;0.01972898;13.34070976;1.51626420
370;36.98277247;0.00000000;27.38286752;3.67347493;0.86452500;2.32316104;2.76989425;0.01947860;13.35206533;1.50921484
371;37.08272591;0.00000000;27.28970445;3.70968762;0.87031496;2.30883782;2.77182870;0.01922832;13.36335852;1.50220322
372;37.18267935;0.00000000;27.19647222;3.74572108;0.84362932;2.29858394;2.77373813;0.01897812;13.37458978;1.49522908
373;37.28263279;0.00000000;27.10317153;3.78157773;0.82841216;2.29245648;2.77562256;0.01872801;13.38575954;1.48829216
374;37.38258623;0.00000000;27.00980416;3.81725956;0.82529576;2.29049113;2.77748199;0.01847798;13.39686822;1.48139221
375;37.48253967;0.00000000;26.91637077;3.85276899;0.83441323;2.27679215;2.77931644;0.01822805;13.40791627;1.47452897
376;37.58249311;0.00000000;26.82287311;3.88810803;0.84741546;2.26295616;2.78112591;0.01797821;13.41890410;1.46770221
377;37.68244655;0.00000000;26.72931183;3.92327909;0.84766205;2.25329372;2.78291041;0.01772843;13.42983213;1.46091168
378;37.78239999;0.00000000;26.63568865;3.95828421;0.85978483;2.24786124;2.78466994;0.01747870;13.44070077;1.45415713
379;37.88235343;0.00000000;26.54200418;3.99312581;0.88329262;2.24669189;2.78640452;0.01722899;13.45151045;1.44743833
380;37.98230687;0.00000000;26.44826012;4.02780593;0.91730803;2.24979481;2.78811414;0.01697927;13.46226155;1.44075503
381;38.08226030;0.00000000;26.35445707;4.06232699;0.94035148;2.25715487;2.78979881;0.01672993;13.47295450;1.43410700
382;38.18221374;0.00000000;26.26059669;4.09669106;0.94343677;2.24767105;2.79145857;0.01648086;13.48358969;1.42749400
383;38.28216718;0.00000000;26.16667955;4.13090055;0.94979138;2.23073694;2.79309346;0.01623245;13.49416751;1.42091581
384;38.38212062;0.00000000;26.07270731;4.16495753;0.96665489;2.21802062;2.79470356;0.01598450;13.50468835;1.41437219
385;38.48207406;0.00000000;25.97868051;4.19886441;0.99129808;2.20959736;2.79628888;0.01573676;13.51515262;1.40786291
386;38.58202750;0.00000000;25.88460076;4.23262326;1.00365671;2.18330392;2.79784945;0.01548916;13.52556068;1.40138775
387;38.68198094;0.00000000;25.79046859;4.26623651;1.00443158;2.15829304;2.79938527;0.01524153;13.53591293;1.39494649
388;38.78193438;0.00000000;25.69628558;4.29970622;1.01513629;2.13751808;2.80089634;0.01499390;13.54620974;1.38853890
389;38.88188782;0.00000000;25.60205226;4.33303484;1.03556865;2.12110590;2.80238266;0.01474634;13.55645148;1.38216477
390;38.98184126;0.00000000;25.50777018;4.36622443;1.04365466;2.10916091;2.80384423;0.01449885;13.56663853;1.37582386
391;39.08179470;0.00000000;25.41343984;4.39927745;1.03634500;2.09714174;2.80528108;0.01425140;13.57677125;1.36951598
392;39.18174813;0.00000000;25.31906276;4.43219597;1.03253603;2.08114823;2.80669319;0.01400398;13.58685001;1.36324090
393;39.28170157;0.00000000;25.22463945;4.46498244;1.03851847;2.06972386;2.80808057;0.01375661;13.59687517;1.35699842
394;39.38165501;0.00000000;25.13017140;4.49763896;1.04908807;2.06294708;2.80944323;0.01350927;13.60684709;1.35078831
395;39.48160845;0.00000000;25.03565909;4.53016798;1.05674504;2.06086620;2.81078117;0.01326197;13.61676612;1.34461039
396;39.58156189;0.00000000;24.94110398;4.56257160;1.07382192;2.06349790;2.81209439;0.01301470;13.62663262;1.33846442
397;39.68151533;0.00000000;24.84650657;4.59485227;1.09987776;2.06763721;2.81338290;0.01276748;13.63644693;1.33235022
398;39.78146877;0.00000000;24.75186827;4.62701211;1.11019941;2.04394401;2.81464669;0.01252027;13.64620939;1.32626758
399;39.88142221;0.00000000;24.65718957;4.65905357;1.12908926;2.02478945;2.81588578;0.01227310;13.65592036;1.32021629
400;39.98137565;0.00000000;24.56247186;4.69097879;1.15645706;2.01030585;2.81710017;0.01202596;13.66558016;1.31419616
401;40.08132909;0.00000000;24.46771562;4.72279020;1.19171670;2.00059707;2.81828986;0.01177885;13.67518914;1.30820700
402;40.18128253;0.00000000;24.37292221;4.75448996;1.21221641;1.99573534;2.81945484;0.01153175;13.68474762;1.30224859
403;40.28123596;0.00000000;24.27809211;4.78608051;1.20017961;1.97767768;2.82059514;0.01128469;13.69425595;1.29632075
404;40.38118940;0.00000000;24.18322665;4.81756400;1.18319226;1.95937614;2.82171073;0.01103765;13.70371444;1.29042329
405;40.48114284;0.00000000;24.08832631;4.84894288;1.17460498;1.94593302;2.82280164;0.01079063;13.71312342;1.28455601
406;40.58109628;0.00000000;23.99339238;4.88021933;1.17459960;1.93259010;2.82386785;0.01054363;13.72248321;1.27871872
407;40.68104972;0.00000000;23.89842534;4.91139577;1.18317378;1.91960607;2.82490938;0.01029665;13.73179413;1.27291124
408;40.78100316;0.00000000;23.80342647;4.94247439;1.20014120;1.91166396;2.82592622;0.01004968;13.74105650;1.26713338
409;40.88095660;0.00000000;23.70839623;4.97345763;1.22411374;1.90882916;2.82691838;0.00980274;13.75027063;1.26138495
410;40.98091004;0.00000000;23.61333586;5.00434769;1.23471814;1.91112687;2.82788586;0.00955580;13.75943684;1.25566577
411;41.08086348;0.00000000;23.51824586;5.03514699;1.25332278;1.89949872;2.82882865;0.00930889;13.76855542;1.24997566
412;41.18081692;0.00000000;23.42312741;5.06585775;1.27957630;1.88300207;2.82974677;0.00906198;13.77762668;1.24431444
413;41.28077036;0.00000000;23.32798101;5.09648239;1.31301775;1.87161478;2.83064021;0.00881509;13.78665094;1.23868193
414;41.38072380;0.00000000;23.23280784;5.12702313;1.34250445;1.84679417;2.83150897;0.00856821;13.79562848;1.23307794
415;41.48067723;0.00000000;23.13760838;5.15748241;1.34917709;1.81606245;2.83235305;0.00832134;13.80455960;1.22750232
416;41.58063067;0.00000000;23.04238378;5.18786244;1.36324755;1.79030972;2.83317246;0.00807448;13.81344461;1.22195487
417;41.68058411;0.00000000;22.94713454;5.21816566;1.37713608;1.76975569;2.83396719;0.00782762;13.82228379;1.21643543
418;41.78053755;0.00000000;22.85186176;5.24839430;1.36536077;1.75458561;2.83473725;0.00758078;13.83107743;1.21094382
419;41.88049099;0.00000000;22.75656597;5.27855079;1.36092019;1.74494233;2.83548264;0.00733394;13.83982583;1.20547988
420;41.98044443;0.00000000;22.66124823;5.30863737;1.35852627;1.74092018;2.83620336;0.00708710;13.84852926;1.20004343
421;42.08039787;0.00000000;22.56590907;5.33865646;1.36208228;1.74256056;2.83689940;0.00684028;13.85718801;1.19463431
422;42.18035131;0.00000000;22.47054954;5.36861032;1.37299298;1.74634380;2.83757078;0.00659345;13.86580237;1.18925235
423;42.28030475;0.00000000;22.37517016;5.39850137;1.39108291;1.75394688;2.83821748;0.00634663;13.87437260;1.18389739
424;42.38025819;0.00000000;22.27977196;5.42833186;1.41607456;1.73219882;2.83883951;0.00609981;13.88289898;1.17856926
425;42.48021163;0.00000000;22.18435547;5.45810423;1.44760825;1.69813924;2.83943687;0.00585299;13.89138180;1.17326780
426;42.58016506;0.00000000;22.08892170;5.48782073;1.48511751;1.66932143;2.84000957;0.00560618;13.89982132;1.16799284
427;42.68011850;0.00000000;21.99347118;5.51748379;1.49239131;1.64602307;2.84055759;0.00535936;13.90821780;1.16274424
428;42.78007194;0.00000000;21.89800488;5.54709567;1.50632994;1.62848358;2.84108094;0.00511255;13.91657152;1.15752183
429;42.88002538;0.00000000;21.80252337;5.57665880;1.52674850;1.61689281;2.84157962;0.00486573;13.92488275;1.15232545
430;42.97997882;0.00000000;21.70702759;5.60617546;1.54852092;1.60931268;2.84205363;0.00461891;13.93315174;1.14715494
431;43.07993226;0.00000000;21.61151810;5.63564806;1.56797360;1.59848790;2.84250297;0.00437209;13.94137875;1.14201016
432;43.17988570;0.00000000;21.51599582;5.66507889;1.56357731;1.59382621;2.84292764;0.00412527;13.94956405;1.13689095
433;43.27983914;0.00000000;21.42046134;5.69447035;1.56214544;1.59088587;2.84332764;0.00387844;13.95770789;1.13179715
434;43.37979258;0.00000000;21.32491554;5.72382475;1.56713916;1.59287576;2.84370297;0.00363161;13.96581052;1.12672861
435;43.47974602;0.00000000;21.22935903;5.75314449;1.57849506;1.59224576;2.84405363;0.00338478;13.97387220;1.12168519
436;43.57969946;0.00000000;21.13379267;5.78243188;1.59607492;1.56613539;2.84437961;0.00313794;13.98189318;1.11666674
437;43.67965289;0.00000000;21.03821706;5.81168931;1.61967372;1.54291877;2.84468092;0.00289110;13.98987371;1.11167310
438;43.77960633;0.00000000;20.94263306;5.84091911;1.63579170;1.52248632;2.84495756;0.00264425;13.99781402;1.10670413
439;43.87955977;0.00000000;20.84704129;5.87012366;1.64331957;1.49692364;2.84520953;0.00239740;14.00571438;1.10175968
440;43.97951321;0.00000000;20.75144257;5.89930528;1.65687766;1.47766968;2.84543682;0.00215054;14.01357501;1.09683962
441;44.07946665;0.00000000;20.65583753;5.92846637;1.67631727;1.46497566;2.84563943;0.00190367;14.02139616;1.09194379
442;44.17942009;0.00000000;20.56022699;5.95760925;1.70143442;1.45756815;2.84581737;0.00165679;14.02917807;1.08707206
443;44.27937353;0.00000000;20.46461159;5.98673631;1.72073307;1.44577238;2.84597064;0.00140991;14.03692098;1.08222428
444;44.37932697;0.00000000;20.36899211;6.01584989;1.72177078;1.43628164;2.84609922;0.00116302;14.04462511;1.07740032
445;44.47928041;0.00000000;20.27336923;6.04495236;1.72125301;1.43184126;2.84620313;0.00091612;14.05229072;1.07260003
446;44.57923385;0.00000000;20.17774369;6.07404607;1.72654050;1.43436014;2.84628236;0.00066921;14.05991801;1.06782327
447;44.67918729;0.00000000;20.08211621;6.10313338;1.73757782;1.41359083;2.84633691;0.00042229;14.06750723;1.06306992
448;44.77914073;0.00000000;19.98648750;6.13221666;1.75425401;1.39768220;2.84636678;0.00017537;14.07505860;1.05833982
449;44.87909416;0.00000000;19.89085828;6.16129826;1.77640790;1.38564415;2.84637197;-0.00007157;14.08257235;1.05363286
450;44.97904760;0.00000000;19.79522926;6.19038054;1.79047330;1.36399571;2.84635247;-0.00031852;14.09004871;1.04894889
451;45.07900104;0.00000000;19.69960118;6.21946587;1.80018504;1.34493744;2.84630829;-0.00056548;14.09748788;1.04428778
452;45.17895448;0.00000000;19.60397472;6.24855661;1.81312153;1.32398915;2.84623943;-0.00081244;14.10489011;1.03964940
453;45.27890792;0.00000000;19.50835066;6.27765510;1.83142171;1.31035887;2.84614588;-0.00105942;14.11225560;1.03503362
454;45.37886136;0.00000000;19.41272964;6.30676373;1.84334518;1.30427851;2.84602764;-0.00130641;14.11958457;1.03044031
455;45.47881480;0.00000000;19.31711246;6.33588484;1.84233330;1.30585601;2.84588472;-0.00155342;14.12687724;1.02586933
456;45.57876824;0.00000000;19.22149977;6.36502080;1.84672324;1.31506626;2.84571710;-0.00180043;14.13413382;1.02132057
457;45.67872168;0.00000000;19.12589236;6.39417396;1.85647423;1.31726404;2.84552480;-0.00204746;14.14135452;1.01679389
458;45.77867512;0.00000000;19.03029087;6.42334669;1.87150006;1.28544609;2.84530780;-0.00229450;14.14853957;1.01228917
459;45.87862856;0.00000000;18.93469613;6.45254134;1.89167260;1.26079208;2.84506611;-0.00254155;14.15568916;1.00780629
460;45.97858199;0.00000000;18.83910875;6.48176029;1.91297066;1.24373053;2.84479973;-0.00278862;14.16280350;1.00334511
461;46.07853543;0.00000000;18.74352959;6.51100585;1.93238196;1.22919944;2.84450865;-0.00303570;14.16988280;0.99890551
462;46.17848887;0.00000000;18.64795923;6.54028045;1.94383237;1.20566857;2.84419287;-0.00328279;14.17692726;0.99448738
463;46.27844231;0.00000000;18.55239855;6.56958637;1.95959094;1.19012650;2.84385240;-0.00352990;14.18393709;0.99009058
464;46.37839575;0.00000000;18.45684814;6.59892603;1.97166878;1.17172500;2.84348722;-0.00377701;14.19091249;0.98571501
465;46.47834919;0.00000000;18.36130891;6.62830174;1.98866615;1.15729756;2.84309735;-0.00402415;14.19785366;0.98136054
466;46.57830263;0.00000000;18.26578140;6.65771590;1.99568814;1.15143811;2.84268277;-0.00427130;14.20476080;0.97702704
467;46.67825607;0.00000000;18.17026656;6.68717082;1.99481312;1.15427963;2.84224348;-0.00451847;14.21163410;0.97271441
468;46.77820951;0.00000000;18.07476492;6.71666890;1.99889692;1.15992246;2.84177949;-0.00476565;14.21847376;0.96842252
469;46.87816295;0.00000000;17.97927746;6.74621243;2.00790683;1.13218648;2.84129080;-0.00501284;14.22527997;0.96415126
470;46.97811639;0.00000000;17.88380470;6.77580384;2.02177457;1.11281798;2.84077739;-0.00526005;14.23205294;0.95990051
471;47.07806982;0.00000000;17.78834763;6.80544541;2.04039864;1.10226064;2.84023928;-0.00550729;14.23879284;0.95567016
472;47.17802326;0.00000000;17.69290676;6.83513956;2.06364792;1.09387552;2.83967645;-0.00575453;14.24549987;0.95146010
473;47.27797670;0.00000000;17.59748312;6.86488855;2.08215011;1.07796364;2.83908891;-0.00600180;14.25217422;0.94727020
474;47.37793014;0.00000000;17.50207721;6.89469483;2.09260713;1.05239996;2.83847665;-0.00624907;14.25881607;0.94310036
475;47.47788358;0.00000000;17.40669008;6.92456065;2.10263825;1.03595157;2.83783967;-0.00649637;14.26542562;0.93895046
476;47.57783702;0.00000000;17.31132221;6.95448845;2.09601814;1.02905806;2.83717798;-0.00674369;14.27200304;0.93482040
477;47.67779046;0.00000000;17.21597469;6.98448048;2.09408590;1.03191345;2.83649156;-0.00699102;14.27854852;0.93071007
478;47.77774390;0.00000000;17.12064799;7.01453917;2.09461274;1.04444021;2.83578042;-0.00723837;14.28506223;0.92661935
479;47.87769734;0.00000000;17.02534322;7.04466678;2.09765320;1.05945654;2.83504456;-0.00748575;14.29154438;0.92254813
480;47.97765078;0.00000000;16.93006087;7.07486574;2.10536540;1.02063746;2.83428397;-0.00773314;14.29799512;0.91849631
481;48.07760422;0.00000000;16.83480204;7.10513828;2.11769582;0.99049631;2.83349866;-0.00798055;14.30441464;0.91446379
482;48.17755766;0.00000000;16.73956723;7.13548686;2.13456205;0.96984486;2.83268861;-0.00822798;14.31080311;0.91045045
483;48.27751109;0.00000000;16.64435758;7.16591369;2.15585516;0.95929873;2.83185382;-0.00847544;14.31716072;0.90645619
484;48.37746453;0.00000000;16.54917357;7.19642123;2.18144320;0.95237527;2.83099431;-0.00872291;14.32348763;0.90248090
485;48.47741797;0.00000000;16.45401636;7.22701169;2.20194324;0.93954603;2.83011006;-0.00897041;14.32978402;0.89852449
486;48.57737141;0.00000000;16.35888645;7.25768751;2.19432288;0.93150856;2.82920106;-0.00921792;14.33605006;0.89458684
487;48.67732485;0.00000000;16.26378502;7.28845091;2.19114802;0.93424972;2.82826733;-0.00946547;14.34228591;0.89066785
488;48.77727829;0.00000000;16.16871256;7.31930433;2.19243549;0.94767843;2.82730885;-0.00971303;14.34849176;0.88676743
489;48.87723173;0.00000000;16.07367027;7.35024998;2.19817497;0.95154011;2.82632563;-0.00996062;14.35466777;0.88288546
490;48.97718517;0.00000000;15.97865866;7.38129030;2.20832931;0.92468466;2.82531765;-0.01020823;14.36081410;0.87902186
491;49.07713861;0.00000000;15.88367896;7.41242748;2.22283552;0.89318100;2.82428493;-0.01045587;14.36693092;0.87517651
492;49.17709205;0.00000000;15.78873166;7.44366397;2.23942306;0.86989188;2.82322745;-0.01070353;14.37301840;0.87134933
493;49.27704549;0.00000000;15.69381803;7.47500197;2.25019213;0.85779718;2.82214522;-0.01095122;14.37907670;0.86754021
494;49.37699892;0.00000000;15.59893856;7.50644390;2.26112136;0.83881187;2.82103823;-0.01119894;14.38510598;0.86374905
495;49.47695236;0.00000000;15.50409454;7.53799195;2.27228106;0.82851507;2.81990648;-0.01144668;14.39110640;0.85997575
496;49.57690580;0.00000000;15.40928649;7.56964856;2.28764486;0.83032510;2.81874996;-0.01169445;14.39707812;0.85622023
497;49.67685924;0.00000000;15.31451569;7.60141591;2.28488329;0.84416651;2.81756867;-0.01194226;14.40302131;0.85248238
498;49.77681268;0.00000000;15.21978269;7.63329642;2.28452066;0.86047488;2.81636262;-0.01219009;14.40893611;0.84876211
499;49.87676612;0.00000000;15.12508880;7.66529227;2.28840614;0.86812227;2.81513179;-0.01243795;14.41482269;0.28118142
500;49.97671956;0.00000000;15.03043456;7.69740589;2.29651571;0.84181994;2.81387618;-0.01268584;14.41677229;-10.13365892
501;50.07667300;0.00000000;14.93582132;7.72963943;2.30880236;0.82650705;2.81259580;-0.01293377;14.34634222;-10.10143595
502;50.17662644;0.00000000;14.84124963;7.76199533;2.32519747;0.82326241;2.81129063;-0.01318174;14.27579030;-10.07014747
503;50.27657988;0.00000000;14.74672085;7.79447574;2.34561239;0.81375900;2.80996068;-0.01342973;14.20510813;-10.03979228
504;50.37653332;0.00000000;14.65223555;7.82708307;2.35815446;0.81054528;2.80860594;-0.01367776;14.13428715;-10.01036814
505;50.47648675;0.00000000;14.55779512;7.85981949;2.36712261;0.81050089;2.80722640;-0.01392581;14.06331867;-9.98187226
506;50.57644019;0.00000000;14.46340016;7.89268739;2.38012043;0.80937983;2.80582207;-0.01417390;13.99219379;-9.95429099
507;50.67639363;0.00000000;14.36905204;7.92568893;2.38550054;0.80004194;2.80439294;-0.01442207;13.92090355;-9.92762559
508;50.77634707;0.00000000;14.27475140;7.95882650;2.38436296;0.78770129;2.80293900;-0.01467031;13.84943880;-9.90190001
509;50.87630051;0.00000000;14.18049966;7.99210225;2.38624824;0.78044787;2.80146024;-0.01491850;13.77779000;-9.87710922
510;50.97625395;0.00000000;14.08629744;8.02551857;2.39216331;0.77190184;2.79995669;-0.01516664;13.70594744;-9.85320100
511;51.07620739;0.00000000;13.99214618;8.05907760;2.39626914;0.75480580;2.79842832;-0.01541501;13.63390159;-9.83018268
512;51.17616083;0.00000000;13.89804655;8.09278171;2.40249752;0.73752775;2.79687512;-0.01566357;13.56164265;-9.80789050
513;51.27611427;0.00000000;13.80399998;8.12663305;2.41269866;0.72222007;2.79529704;-0.01591320;13.48916182;-9.78638052
514;51.37606771;0.00000000;13.71000719;8.16063400;2.42682000;0.72074035;2.79369394;-0.01616364;13.41644967;-9.76569551
515;51.47602115;0.00000000;13.61606964;8.19478670;2.44479108;0.73317477;2.79206580;-0.01641466;13.34349625;-9.74586661
516;51.57597459;0.00000000;13.52218808;8.22909353;2.45084174;0.74682854;2.79041253;-0.01666609;13.27029112;-9.72700425
517;51.67592802;0.00000000;13.42836398;8.26355665;2.44645112;0.73121699;2.78873414;-0.01691732;13.19682277;-9.70909207
518;51.77588146;0.00000000;13.33459810;8.29817843;2.44597129;0.70901316;2.78703064;-0.01716842;13.12307955;-9.69209636
519;51.87583490;0.00000000;13.24089194;8.33296100;2.44940205;0.70067308;2.78530205;-0.01741960;13.04904978;-9.67601693
520;51.97578834;0.00000000;13.14724633;8.36790674;2.45672451;0.69665227;2.78354834;-0.01767085;12.97472150;-9.66084940
521;52.07574178;0.00000000;13.05366274;8.40301777;2.46790151;0.69075409;2.78176952;-0.01792220;12.90008247;-9.64659703
522;52.17569522;0.00000000;12.96014205;8.43829644;2.47976933;0.68071713;2.77996557;-0.01817365;12.82512014;-9.63327249
523;52.27564866;0.00000000;12.86668574;8.47374488;2.48741893;0.66364262;2.77813648;-0.01842512;12.74982153;-9.62087255
524;52.37560210;0.00000000;12.77329474;8.50936543;2.49149761;0.66158279;2.77628226;-0.01867663;12.67417337;-9.60939278
525;52.47555554;0.00000000;12.67997052;8.54516021;2.49296505;0.67467764;2.77440289;-0.01892822;12.59816204;-9.59883387
526;52.57550898;0.00000000;12.58671407;8.58113154;2.47865722;0.70208206;2.77249837;-0.01917990;12.52177359;-9.58920285
527;52.67546242;0.00000000;12.49352687;8.61728153;2.46812628;0.68214517;2.77056870;-0.01943163;12.44499362;-9.58049947
528;52.77541585;0.00000000;12.40040994;8.65361250;2.46141823;0.67032816;2.76861385;-0.01968342;12.36780735;-9.57272228
529;52.87536929;0.00000000;12.30736478;8.69012655;2.45856188;0.65784594;2.76663384;-0.01993530;12.29019957;-9.56587028
530;52.97532273;0.00000000;12.21439246;8.72682598;2.45956813;0.63546924;2.76462864;-0.02018730;12.21215469;-9.55996471
531;53.07527617;0.00000000;12.12149449;8.76371288;2.46442973;0.62858247;2.76259826;-0.02043928;12.13365648;-9.55500701
532;53.17522961;0.00000000;12.02867197;8.80078954;2.47312145;0.63093954;2.76054269;-0.02069124;12.05468821;-9.55093579
533;53.27518305;0.00000000;11.93592640;8.83805806;2.48560055;0.62684575;2.75846193;-0.02094364;11.97523320;-9.54775325
534;53.37513649;0.00000000;11.84325897;8.87552068;2.50180786;0.63068856;2.75635590;-0.02119650;11.89527422;-9.54573917
535;53.47508993;0.00000000;11.75067124;8.91317950;2.52166891;0.64392649;2.75422464;-0.02144785;11.81479114;-9.54485847
536;53.57504337;0.00000000;11.65816438;8.95103676;2.52473251;0.67213525;2.75206836;-0.02169791;11.73376354;-9.54399287
537;53.67499681;0.00000000;11.56573984;8.98909455;2.51540817;0.67374127;2.74988688;-0.02195486;11.65217993;-9.54335440
538;53.77495025;0.00000000;11.47339898;9.02735510;2.50981339;0.65789795;2.74767930;-0.02221743;11.57002657;-9.54332583
539;53.87490369;0.00000000;11.38114330;9.06582060;2.50451060;0.63362904;2.74544705;-0.02242393;11.48728595;-9.55106217
540;53.97485712;0.00000000;11.28897415;9.10449272;2.50274374;0.61851315;2.74319752;-0.02258759;11.40387721;-9.56511203
541;54.07481056;0.00000000;11.19689348;9.14337233;2.50288921;0.61094773;2.74093740;-0.02254818;11.31972984;-9.60588615
542;54.17476400;0.00000000;11.10489982;9.18245966;2.50127764;0.59430874;2.73869346;-0.02235126;11.23458949;-9.60645977
543;54.27471744;0.00000000;11.01299540;9.22175226;2.50343495;0.58943705;2.73644195;-0.02312267;11.14879382;-9.45722985
544;54.37467088;0.00000000;10.92118022;9.26125819;2.50934412;0.60160017;2.73405494;-0.02463924;11.06368105;-9.26464944
545;54.47462432;0.00000000;10.82946353;9.30098996;2.51896358;0.62982596;2.73150515;-0.02655586;10.97966170;-9.04107966
546;54.57457776;0.00000000;10.73785151;9.34096563;2.53073744;0.66262588;2.72873943;-0.02878398;10.89704534;-8.82940224
547;54.67453120;0.00000000;10.64635544;9.38120444;2.51842356;0.67298431;2.72575221;-0.03096947;10.81575420;-8.62813136
548;54.77448464;0.00000000;10.55498402;9.42172643;2.50972388;0.65554411;2.72254914;-0.03312138;10.73572150;-8.43166542
549;54.87443808;0.00000000;10.46374797;9.46255037;2.50465474;0.64566061;2.71913067;-0.03528548;10.65693052;-8.24018038
550;54.97439152;0.00000000;10.37265585;9.50369612;2.50321652;0.65150106;2.71549514;-0.03745878;10.57936196;-8.05516511
551;55.07434495;0.00000000;10.28171913;9.54518232;2.50539385;0.64684343;2.71164258;-0.03962634;10.50298132;-7.87621485
552;55.17429839;0.00000000;10.19094672;9.58702870;2.51115572;0.65574651;2.70757365;-0.04178984;10.42775657;-7.70278544
553;55.27425183;0.00000000;10.10035051;9.62925359;2.50876421;0.67237146;2.70328853;-0.04395244;10.35365960;-7.53463010
554;55.37420527;0.00000000;10.00994010;9.67187635;2.48851123;0.68321333;2.69878725;-0.04611471;10.28066354;-7.37174407
555;55.47415871;0.00000000;9.91972768;9.71491511;2.47168105;0.68298040;2.69406993;-0.04827504;10.20874040;-7.21387178
556;55.57411215;0.00000000;9.82972345;9.75838892;2.45832268;0.67458342;2.68913675;-0.05043425;10.13786358;-7.06088895
557;55.67406559;0.00000000;9.73994004;9.80231565;2.44847191;0.67747619;2.68398782;-0.05259195;10.06800664;-6.91253967
558;55.77401903;0.00000000;9.65038830;9.84671397;2.44214979;0.68611291;2.67862326;-0.05474914;9.99914463;-6.76874907
559;55.87397247;0.00000000;9.56108130;9.89160146;2.43739968;0.68549167;2.67304312;-0.05690510;9.93125238;-6.62927365
560;55.97392591;0.00000000;9.47203067;9.93699640;2.43435333;0.69327560;2.66724751;-0.05906086;9.86430618;-6.49403749
561;56.07387935;0.00000000;9.38324994;9.98291604;2.43481907;0.71564875;2.66123645;-0.06121583;9.79828218;-6.36280516
562;56.17383278;0.00000000;9.29475151;10.02937822;2.43877336;0.71697860;2.65501001;-0.06337111;9.73315803;-6.23552249
563;56.27378622;0.00000000;9.20654945;10.07639987;2.44617770;0.72956199;2.64856813;-0.06552602;9.66891108;-6.11194715
564;56.37373966;0.00000000;9.11865700;10.12399833;2.42744694;0.73660661;2.64191084;-0.06768188;9.60552035;-5.99202473
565;56.47369310;0.00000000;9.03108878;10.17219017;2.40383603;0.75230102;2.63503802;-0.06983811;9.54296464;-5.87553421
566;56.57364654;0.00000000;8.94385894;10.22099221;2.38349858;0.77032513;2.62794963;-0.07199599;9.48122431;-5.76243032
567;56.67359998;0.00000000;8.85698269;10.27042061;2.36649876;0.80039142;2.62064546;-0.07415491;9.42027945;-5.65249696
568;56.77355342;0.00000000;8.77047510;10.32049165;2.35288832;0.80337526;2.61312544;-0.07631624;9.36011175;-5.54570004
569;56.87350686;0.00000000;8.68435197;10.37122111;2.34270559;0.80204194;2.60538923;-0.07847937;9.30070258;-5.44175958
570;56.97346030;0.00000000;8.59862944;10.42262457;2.33597440;0.81385996;2.59743668;-0.08064653;9.24203566;-5.34066903
571;57.07341374;0.00000000;8.51332405;10.47471736;2.33270338;0.83829321;2.58926729;-0.08281689;9.18409423;-5.24229654
572;57.17336718;0.00000000;8.42845289;10.52751445;2.30709589;0.87374172;2.58088084;-0.08499110;9.12686231;-5.14670052
573;57.27332062;0.00000000;8.34403329;10.58103062;2.27519897;0.91042634;2.57227687;-0.08716760;9.07032275;-5.05365098
574;57.37327405;0.00000000;8.26008322;10.63528026;2.24645829;0.94464008;2.56345524;-0.08934832;9.01446034;-4.96244784
575;57.47322749;0.00000000;8.17662066;10.69027767;2.22097730;0.94626479;2.55441513;-0.09154101;8.95926714;-4.87269218
576;57.57318093;0.00000000;8.09366506;10.74603627;2.19885010;0.95781650;2.54515498;-0.09374998;8.90473936;-4.78500027
577;57.67313437;0.00000000;8.01123538;10.80256993;2.18015879;0.98038611;2.53567351;-0.09596693;8.85086598;-4.69938837
578;57.77308781;0.00000000;7.92935213;10.85989142;2.15395754;1.01325608;2.52597022;-0.09819094;8.79763539;-4.61950685
579;57.87304125;0.00000000;7.84803539;10.91801376;2.11322917;1.05548143;2.51604539;-0.10037451;8.74499384;-4.54516072
580;57.97299469;0.00000000;7.76730590;10.97694895;2.07557823;1.06990945;2.50590554;-0.10251878;8.69288838;-4.47611348
581;58.07294813;0.00000000;7.68718425;11.03670850;2.04115846;1.08107664;2.49555200;-0.10462564;8.64126742;-4.41187446
582;58.17290157;0.00000000;7.60769210;11.09730251;2.01011961;1.10225151;2.48499073;-0.10670054;8.59008373;-4.34870665
583;58.27285501;0.00000000;7.52885038;11.15874112;1.98260369;1.12612317;2.47422117;-0.10879277;8.53933265;-4.28657811
584;58.37280845;0.00000000;7.45068181;11.22103313;1.95416758;1.15025717;2.46324164;-0.11090261;8.48900970;-4.22553555
585;58.47276188;0.00000000;7.37320845;11.28418788;1.91599439;1.18340707;2.45205037;-0.11302927;8.43910967;-4.16545010
586;58.57271532;0.00000000;7.29645365;11.34821377;1.88118547;1.22485606;2.44064563;-0.11517439;8.38962871;-4.10700603
587;58.67266876;0.00000000;7.22044089;11.41311911;1.85002106;1.26837137;2.42902581;-0.11732822;8.34055461;-4.04991387
588;58.77262220;0.00000000;7.14519457;11.47891137;1.82100419;1.31792587;2.41719033;-0.11949463;8.29187829;-3.99370932
589;58.87257564;0.00000000;7.07073940;11.54559768;1.78783589;1.37395129;2.40513729;-0.12168012;8.24359604;-3.93826399
590;58.97252908;0.00000000;6.99710083;11.61318458;1.75183857;1.42491880;2.39286484;-0.12388646;8.19570556;-3.88378019
591;59.07248252;0.00000000;6.92430493;11.68167804;1.71159423;1.45267319;2.38037086;-0.12611059;8.14820196;-3.83006332
592;59.17243596;0.00000000;6.85237805;11.75108378;1.67516263;1.48781058;2.36765365;-0.12835529;8.10108259;-3.77694126
593;59.27238940;0.00000000;6.78134773;11.82140638;1.64104261;1.52696646;2.35471092;-0.13062306;8.05434682;-3.72417768
594;59.37234284;0.00000000;6.71124137;11.89265061;1.60754310;1.54752149;2.34154020;-0.13291743;8.00799687;-3.67072603
595;59.47229628;0.00000000;6.64208804;11.96481961;1.57838422;1.57518582;2.32813849;-0.13525439;7.96204814;-3.61620181
596;59.57224971;0.00000000;6.57391635;12.03791727;1.54187493;1.60985202;2.31450031;-0.13763994;7.91652114;-3.56049615
597;59.67220315;0.00000000;6.50675720;12.11194539;1.49918424;1.65109405;2.30062181;-0.14007575;7.87143819;-3.50312361
598;59.77215659;0.00000000;6.44064065;12.18690707;1.46077873;1.69844710;2.28649632;-0.14256942;7.82682827;-3.44578784
599;59.87211003;0.00000000;6.37559958;12.26280265;1.42698916;1.74892249;2.27212012;-0.14509342;7.78269902;-3.38820798
600;59.97206347;0.00000000;6.31166547;12.33963418;1.39687882;1.76856508;2.25748987;-0.14765193;7.73906183;-3.33063376
601;60.07201691;0.00000000;6.24887282;12.41740011;1.36672751;1.79498529;2.24260238;-0.15024043;7.69592498;-3.27275036
602;60.17197035;0.00000000;6.18725443;12.49610102;1.34188451;1.82790835;2.22745446;-0.15286362;7.65330099;-3.21427981
603;60.27192379;0.00000000;6.12684639;12.57573332;1.32262938;1.86072163;2.21204253;-0.15552560;7.61120617;-3.15486725
604;60.37187723;0.00000000;6.06768287;12.65629595;1.29923621;1.88179559;2.19636221;-0.15823174;7.56966180;-3.09453806
605;60.47183067;0.00000000;6.00980168;12.73778311;1.25623223;1.90569575;2.18040943;-0.16098086;7.52868915;-3.03296459
606;60.57178411;0.00000000;5.95323840;12.82019211;1.21840450;1.93476611;2.16417932;-0.16377773;7.48831422;-2.97010314
607;60.67173755;0.00000000;5.89803244;12.90351493;1.18623278;1.97000933;2.14766751;-0.16662209;7.44856401;-2.90527525
608;60.77169098;0.00000000;5.84422108;12.98774674;1.16016800;2.01111829;2.13086831;-0.16952470;7.40947510;-2.83901903
609;60.87164442;0.00000000;5.79184541;13.07287710;1.13702607;2.04507321;2.11377659;-0.17247456;7.37107739;-2.77100496
610;60.97159786;0.00000000;5.74094444;13.15889881;1.11222317;2.06993653;2.09638750;-0.17547599;7.33340568;-2.69894651
611;61.07155130;0.00000000;5.69156092;13.24579854;1.08574367;2.09650296;2.07869499;-0.17856861;7.29652663;-2.62216411
612;61.17150474;0.00000000;5.64373554;13.33356718;1.05757202;2.12479719;2.06068719;-0.18176237;7.26051736;-2.54010262
613;61.27145818;0.00000000;5.59751321;13.42218902;1.02769678;2.15484270;2.04235629;-0.18506448;7.22546388;-2.45110419
614;61.37141162;0.00000000;5.55293747;13.51165198;0.99610780;2.18666507;2.02368714;-0.18850210;7.19147660;-2.35835705
615;61.47136506;0.00000000;5.51005573;13.60193781;0.96280066;2.22028887;2.00467082;-0.19201056;7.15862305;-2.26128375
616;61.57131850;0.00000000;5.46891422;13.69303090;0.92777516;2.24588618;1.98530004;-0.19559610;7.12697957;-2.15950209
617;61.67127194;0.00000000;5.42956195;13.78490973;0.89104055;2.26261784;1.96556707;-0.19926059;7.09662867;-2.05202839
618;61.77122538;0.00000000;5.39204697;13.87755506;0.85177195;2.28553829;1.94546318;-0.20301675;7.06766750;-1.93816550
619;61.87117881;0.00000000;5.35641994;13.97094179;0.82086898;2.31449002;1.92497928;-0.20687081;7.04020392;-1.81646446
620;61.97113225;0.00000000;5.32273128;14.06504582;0.79927729;2.34927463;1.90410409;-0.21084259;7.01436722;-1.68638515
621;62.07108569;0.00000000;5.29103333;14.15983863;0.78773302;2.38965859;1.88282632;-0.21493261;6.99029524;-1.54634796
622;62.17103913;0.00000000;5.26137913;14.25529052;0.74737704;2.39920485;1.86113268;-0.21916045;6.96814910;-1.39673855
623;62.27099257;0.00000000;5.23382288;14.35136931;0.70834300;2.40612804;1.83901041;-0.22350472;6.94808493;-1.23578411
624;62.37094601;0.00000000;5.20842003;14.44803906;0.67965780;2.41937837;1.81644751;-0.22798566;6.93028445;-1.05943578
625;62.47089945;0.00000000;5.18522656;14.54526290;0.66263679;2.43889003;1.79342816;-0.23266630;6.91498764;-0.86612701
626;62.57085289;0.00000000;5.16430058;14.64299868;0.65814787;2.46454893;1.76992928;-0.23755516;6.90245675;-0.65976306
627;62.67080633;0.00000000;5.14570017;14.74120870;0.65737386;2.48261158;1.74593471;-0.24254727;6.89289620;-0.43272556
628;62.77075977;0.00000000;5.12948694;14.83983650;0.62607864;2.49876599;1.72143257;-0.24776988;6.88661842;-0.27403662
629;62.87071321;0.00000000;5.11571994;14.93883904;0.60304562;2.51570292;1.69644228;-0.25140188;6.88263986;-0.18298592
630;62.97066664;0.00000000;5.10444511;15.03814932;0.59358927;2.51106684;1.67120985;-0.25351675;6.87998193;-0.18298592
631;63.07062008;0.00000000;5.09568839;15.13771008;0.59833757;2.50230717;1.64587270;-0.25160258;6.87732297;-0.08303534
632;63.17057352;0.00000000;5.08943650;15.23746097;0.60457442;2.49605378;1.62099701;-0.24615597;6.87611604;0.17872642
633;63.27052696;0.00000000;5.08564058;15.33733453;0.60836302;2.49225725;1.59665984;-0.24096663;6.87871358;0.41533559
634;63.37048040;0.00000000;5.08425103;15.43727444;0.60975027;2.49086754;1.57282038;-0.23606815;6.88474610;0.62719403
635;63.47043384;0.00000000;5.08521988;15.53722290;0.60878157;2.49183623;1.54946772;-0.23116684;6.89384576;0.83004631
636;63.57038728;0.00000000;5.08849769;15.63711955;0.60550378;2.49511341;1.52660480;-0.22633665;6.90587006;1.02140412
637;63.67034072;0.00000000;5.09403485;15.73691845;0.59996454;2.50064911;1.50420853;-0.22190734;6.92063776;1.18654259
638;63.77029416;0.00000000;5.10178383;15.83656645;0.60475221;2.50839543;1.48223988;-0.21768763;6.93775360;1.33609447
639;63.87024760;0.00000000;5.11169925;15.93602208;0.61923822;2.51830678;1.46067701;-0.21396290;6.95697632;1.45719401
640;63.97020104;0.00000000;5.12373952;16.03524481;0.63677468;2.51278421;1.43946127;-0.21056202;6.97788095;1.55933153
641;64.07015448;0.00000000;5.13786522;16.13419198;0.66699951;2.48153361;1.41858406;-0.20717928;7.00018169;1.65825256
642;64.17010791;0.00000000;5.15403710;16.23282707;0.69134575;2.45596412;1.39804235;-0.20386094;7.02381946;1.75199925
643;64.27006135;0.00000000;5.17221506;16.33111025;0.71859041;2.43623405;1.37782720;-0.20065487;7.04870743;1.83853664
644;64.37001479;0.00000000;5.19236087;16.42901118;0.75633640;2.41428337;1.35792872;-0.19750602;7.07473057;1.92097379
645;64.46996823;0.00000000;5.21443462;16.52649204;0.77923219;2.38025393;1.33834188;-0.19444700;7.10181867;1.99792775
646;64.56992167;0.00000000;5.23839994;16.62353036;0.79715761;2.35185259;1.31905525;-0.19146890;7.12988275;2.07011440
647;64.66987511;0.00000000;5.26421660;16.72008742;0.80765486;2.31593915;1.30006436;-0.18854265;7.15884475;2.13924654
648;64.76982855;0.00000000;5.29184989;16.81614642;0.82832945;2.28356535;1.28136269;-0.18566457;7.18865135;2.20569276
649;64.86978199;0.00000000;5.32125905;16.91166969;0.85846365;2.25695596;1.26294602;-0.18287166;7.21925490;2.26768236
650;64.96973543;0.00000000;5.35241169;17.00664682;0.89712434;2.22254914;1.24480366;-0.18014047;7.25058388;2.32661057
651;65.06968887;0.00000000;5.38526660;17.10103975;0.94086787;2.17315618;1.22693301;-0.17746455;7.28258691;2.38294853
652;65.16964231;0.00000000;5.41979389;17.19484386;0.98306581;2.12891016;1.20932568;-0.17483884;7.31521974;2.43707713
653;65.26959574;0.00000000;5.45595155;17.28802094;1.02369735;2.08865169;1.19197941;-0.17227780;7.34844394;2.48830932
654;65.36954918;0.00000000;5.49371241;17.38057171;1.06248914;2.05113004;1.17488464;-0.16976655;7.38221231;2.53754587
655;65.46950262;0.00000000;5.53303372;17.47245778;1.09933864;2.01948679;1.15804024;-0.16730723;7.41649051;2.58474027
656;65.56945606;0.00000000;5.57389118;17.56368482;1.13472086;1.99397953;1.14143732;-0.16489305;7.45124411;2.63033152
657;65.66940950;0.00000000;5.61624112;17.65421429;1.16861898;1.97483607;1.12507527;-0.16253046;7.48644509;2.67401001
658;65.76936294;0.00000000;5.66006218;17.74405624;1.20131858;1.96221931;1.10894499;-0.16021037;7.52206176;2.71633631
659;65.86931638;0.00000000;5.70530979;17.83317216;1.23767727;1.95031517;1.09304666;-0.15793468;7.55807035;2.75723813
660;65.96926982;0.00000000;5.75196556;17.92157604;1.27942385;1.92086724;1.07737147;-0.15569811;7.59444654;2.79705100
661;66.06922326;0.00000000;5.79998400;18.00922954;1.32604692;1.89291765;1.06192017;-0.15350247;7.63117082;2.83569334
662;66.16917670;0.00000000;5.84934959;18.09615000;1.35829990;1.86641493;1.04668403;-0.15134384;7.66822291;2.87341604
663;66.26913014;0.00000000;5.90001601;18.18229950;1.36231372;1.81787586;1.03166409;-0.14922626;7.70558617;2.90999481
664;66.36908357;0.00000000;5.95197062;18.26769829;1.37213363;1.77499625;1.01685154;-0.14714300;7.74324133;2.94584461
665;66.46903701;0.00000000;6.00516631;18.35230899;1.38765129;1.73820053;1.00224803;-0.14509423;7.78117477;2.98096275
666;66.56899045;0.00000000;6.05959322;18.43615433;1.40851441;1.70785719;0.98784512;-0.14307780;7.81937311;3.01548481
667;66.66894389;0.00000000;6.11520356;18.51919773;1.42801562;1.68431293;0.97364506;-0.14108487;7.85782489;3.04995937
668;66.76889733;0.00000000;6.17198986;18.60146380;1.45279449;1.64368294;0.95964026;-0.13912102;7.89652581;3.08403760
669;66.86885077;0.00000000;6.22990385;18.68291713;1.48259124;1.60643947;0.94583281;-0.13718651;7.93546723;3.11770292
670;66.96880421;0.00000000;6.28894042;18.76358389;1.51713341;1.57597737;0.93221480;-0.13527945;7.97464046;3.15107067
671;67.06875765;0.00000000;6.34905092;18.84342984;1.55610344;1.55269483;0.91878822;-0.13340771;8.01403838;3.18363276
672;67.16871109;0.00000000;6.41023252;18.92248234;1.59129282;1.53689491;0.90554478;-0.13156349;8.05364769;3.21588628
673;67.26866453;0.00000000;6.47243643;19.00070843;1.61652420;1.52556562;0.89248669;-0.12974921;8.09346150;3.24766455
674;67.36861797;0.00000000;6.53566180;19.07813617;1.64622516;1.50968054;0.87960618;-0.12796036;8.13347094;3.27925573
675;67.46857141;0.00000000;6.59985994;19.15473419;1.68015935;1.46923658;0.86690551;-0.12619932;8.17367085;3.31049099
676;67.56852484;0.00000000;6.66503172;19.23053090;1.71809933;1.42826514;0.85437728;-0.12446178;8.21405412;3.34164825
677;67.66847828;0.00000000;6.73112875;19.30549666;1.75978172;1.39446082;0.84202384;-0.12274921;8.25461711;3.37261484
678;67.76843172;0.00000000;6.79815334;19.37965995;1.80497147;1.36833029;0.82983813;-0.12105880;8.29535488;3.40357182
679;67.86838516;0.00000000;6.86605761;19.45299299;1.84055263;1.35031661;0.81782254;-0.11939050;8.33626475;3.43450974
680;67.96833860;0.00000000;6.93484501;19.52552403;1.86014176;1.34072612;0.80597046;-0.11774282;8.37734397;3.46551793
681;68.06829204;0.00000000;7.00446843;19.59722730;1.87813234;1.33379227;0.79428420;-0.11611536;8.41859091;3.49661242
682;68.16824548;0.00000000;7.07493215;19.66813058;1.90009478;1.30590552;0.78275756;-0.11450720;8.46000413;3.52784412
683;68.26819892;0.00000000;7.14619007;19.73821025;1.92290237;1.28163897;0.77139276;-0.11291713;8.50158280;3.55928863
684;68.36815236;0.00000000;7.21824701;19.80749334;1.93332663;1.25642691;0.76018404;-0.11134510;8.54332701;3.59093426
685;68.46810580;0.00000000;7.29105811;19.87595849;1.94773080;1.22027188;0.74913352;-0.10978913;8.58523668;3.62291454
686;68.56805924;0.00000000;7.36462845;19.94363183;1.96604564;1.19057150;0.73823587;-0.10825002;8.62731328;3.65515737
687;68.66801267;0.00000000;7.43891462;20.01049432;1.98816991;1.16329171;0.72749306;-0.10672551;8.66955740;3.68781930
688;68.76796611;0.00000000;7.51392169;20.07657101;2.01399707;1.13619123;0.71690018;-0.10521680;8.71197141;3.72079796
689;68.86791955;0.00000000;7.58960793;20.14184521;2.03818084;1.11844979;0.70645903;-0.10372091;8.75455647;3.75430901
690;68.96787299;0.00000000;7.66597815;20.20634084;2.05796691;1.09690045;0.69616516;-0.10223957;8.79731614;3.78820881
691;69.06782643;0.00000000;7.74299248;20.27004355;2.08137895;1.06928797;0.68602022;-0.10076969;8.84025227;3.82272730
692;69.16777987;0.00000000;7.82065521;20.33297600;2.10015781;1.03925384;0.67602014;-0.09931369;8.88336928;3.85766528
693;69.26773331;0.00000000;7.89892853;20.39512623;2.12206275;1.01916848;0.66616633;-0.09786837;8.92666923;3.89326719
694;69.36768675;0.00000000;7.97781600;20.45651552;2.14746361;1.00960805;0.65645515;-0.09643572;8.97015688;3.92936448
695;69.46764019;0.00000000;8.05728198;20.51713427;2.16190887;0.99775010;0.64688789;-0.09501105;9.01383500;3.96632999
696;69.56759363;0.00000000;8.13732926;20.57700252;2.17324632;0.97385063;0.63746141;-0.09359760;9.05771042;4.00389367
697;69.66754707;0.00000000;8.21792439;20.63611287;2.18817165;0.95036764;0.62817667;-0.09219491;9.10178685;4.04208555
698;69.76750050;0.00000000;8.29906911;20.69448398;2.20662755;0.93792960;0.61903061;-0.09080408;9.14606826;4.05202632
699;69.86745394;0.00000000;8.38073252;20.75211075;2.22853473;0.92260675;0.61002432;-0.08941431;9.19024442;4.02602956
700;69.96740738;0.00000000;8.46291491;20.80901037;2.24266355;0.91338016;0.60115573;-0.08803400;9.23392785;4.00030794
701;70.06736082;0.00000000;8.54558792;20.86518002;2.25109032;0.90118698;0.59242668;-0.08663422;9.27712847;3.97485609
702;70.16731426;0.00000000;8.62875071;20.92063599;2.26304746;0.88496780;0.58383668;-0.08524044;9.31985589;3.94966884
703;70.26726770;0.00000000;8.71237693;20.97537747;2.27849051;0.86646796;0.57538706;-0.08383615;9.36211940;3.92474117
704;70.36722114;0.00000000;8.79646455;21.02941988;2.29736383;0.85120533;0.56707695;-0.08243944;9.40392803;3.90006821
705;70.46717458;0.00000000;8.88098961;21.08276440;2.31959362;0.80757569;0.55890650;-0.08105112;9.44529051;3.87564523
706;70.56712802;0.00000000;8.96594851;21.13542516;2.34509869;0.77523731;0.55087400;-0.07967084;9.48621532;3.85146768
707;70.66708146;0.00000000;9.05132005;21.18740524;2.36421630;0.75563325;0.54297945;-0.07829805;9.52671066;3.82753109
708;70.76703490;0.00000000;9.13709938;21.23871776;2.36536118;0.74419786;0.53522146;-0.07693181;9.56678450;3.80383117
709;70.86698834;0.00000000;9.22326758;21.28936729;2.36995667;0.74009371;0.52760016;-0.07556825;9.60644459;3.78036371
710;70.96694177;0.00000000;9.30981866;21.33936612;2.37799635;0.75016359;0.52011463;-0.07421089;9.64569844;3.75712467
711;71.06689521;0.00000000;9.39673595;21.38872028;2.38945799;0.76631152;0.51276477;-0.07285690;9.68455335;3.73411007
712;71.16684865;0.00000000;9.48401217;21.43744120;2.40430588;0.76678248;0.50554983;-0.07150839;9.72301639;3.71131608
713;71.26680209;0.00000000;9.57163299;21.48553629;2.42248964;0.75940534;0.49846961;-0.07016327;9.76109448;3.68873896
714;71.36675553;0.00000000;9.65958995;21.53301626;2.43609499;0.74650708;0.49152354;-0.06882291;9.79879430;3.66637508
715;71.46670897;0.00000000;9.74787086;21.57988972;2.43833687;0.70247991;0.48471136;-0.06748473;9.83612237;3.64422089
716;71.56666241;0.00000000;9.83646614;21.62616675;2.44399479;0.67122322;0.47803272;-0.06615082;9.87308504;3.62227296
717;71.66661585;0.00000000;9.92536566;21.67185707;2.45305814;0.65455734;0.47148726;-0.06481938;9.90968846;3.60052793
718;71.76656929;0.00000000;10.01455877;21.71697017;2.46550203;0.65358688;0.46507474;-0.06349165;9.94593865;3.57898253
719;71.86652273;0.00000000;10.10403728;21.76151678;2.48128836;0.66836738;0.45879482;-0.06216469;9.98184146;3.55763359
720;71.96647617;0.00000000;10.19378964;21.80550595;2.50036575;0.66285712;0.45264748;-0.06084066;10.01740257;3.53647801
721;72.06642960;0.00000000;10.28380938;21.84894924;2.52267226;0.66066609;0.44663214;-0.05952155;10.05262755;3.51551276
722;72.16638304;0.00000000;10.37408416;21.89185533;2.53208051;0.65256886;0.44074860;-0.05820562;10.08752179;3.49473490
723;72.26633648;0.00000000;10.46460932;21.93423657;2.52823959;0.64501942;0.43499677;-0.05688213;10.12209056;3.47414155
724;72.36628992;0.00000000;10.55537129;21.97610121;2.52777925;0.61112167;0.42937737;-0.05556045;10.15633901;3.45372992
725;72.46624336;0.00000000;10.64636709;22.01746238;2.53071450;0.59289469;0.42388944;-0.05424837;10.19027215;3.43349727
726;72.56619680;0.00000000;10.73758295;22.05832825;2.53704635;0.59177682;0.41853272;-0.05293769;10.22389487;3.41344092
727;72.66615024;0.00000000;10.82901581;22.09871222;2.54676297;0.60035841;0.41331963;-0.05133668;10.25721193;3.39355828
728;72.76610368;0.00000000;10.92065300;22.13862576;2.54664715;0.61790011;0.40827046;-0.04969462;10.29022800;3.37384680
729;72.86605712;0.00000000;11.01248845;22.17808450;2.54143623;0.64680048;0.40339728;-0.04778045;10.32294761;3.35430399
730;72.96601056;0.00000000;11.10451054;22.21710389;2.53967341;0.65220482;0.39871904;-0.04582846;10.35537521;3.33492742
731;73.06596400;0.00000000;11.19671192;22.25570202;2.54138547;0.62683648;0.39423746;-0.04383935;10.38751514;3.31571474
732;73.16591743;0.00000000;11.28907960;22.29389496;2.53996378;0.60597778;0.38995516;-0.04184805;10.41937162;3.29666361
733;73.26587087;0.00000000;11.38160858;22.33170103;2.54141665;0.59692461;0.38583534;-0.04069366;10.45094879;3.27777177
734;73.36582431;0.00000000;11.47428834;22.36912952;2.54486565;0.59420705;0.38181947;-0.03966188;10.48225070;3.25903700
735;73.46577775;0.00000000;11.56711670;22.40618774;2.54972973;0.59957597;0.37781206;-0.04081296;10.51328130;3.24045714
736;73.56573119;0.00000000;11.66009719;22.44286765;2.55775620;0.60021733;0.37365870;-0.04229143;10.54404445;3.22203008
737;73.66568463;0.00000000;11.75322901;22.47915308;2.54067877;0.61766981;0.36935849;-0.04375351;10.57454393;3.20375372
738;73.76563807;0.00000000;11.84652302;22.51503257;2.52700680;0.63774363;0.36491207;-0.04521430;10.60478344;3.18562605
739;73.86559151;0.00000000;11.93997455;22.55048877;2.51678281;0.63976191;0.36032320;-0.04659696;10.63476658;3.16764508
740;73.96554495;0.00000000;12.03359353;22.58551058;2.51003449;0.61756375;0.35559703;-0.04796906;10.66449691;3.14980886
741;74.06549839;0.00000000;12.12737611;22.62008190;2.50677678;0.61159018;0.35073311;-0.04935842;10.69397788;3.13211550
742;74.16545183;0.00000000;12.22133114;22.65419122;2.50700930;0.62232190;0.34572991;-0.05075065;10.72321287;3.11456312
743;74.26540527;0.00000000;12.31545484;22.68782238;2.51071717;0.64180098;0.34058794;-0.05213788;10.75220521;-2.51212262
744;74.36535870;0.00000000;12.40975573;22.72096370;2.51787137;0.65553599;0.33530714;-0.05352563;10.72882688;-6.18700753
745;74.46531214;0.00000000;12.50422949;22.75359896;2.52842824;0.67456640;0.32988775;-0.05491481;10.67103092;-6.09251363
746;74.56526558;0.00000000;12.59888395;22.78571618;2.53103957;0.67761732;0.32432924;-0.05630552;10.61381013;-6.00043576
747;74.66521902;0.00000000;12.69371471;22.81729921;2.52273256;0.66199481;0.31863191;-0.05769606;10.55715099;-5.91052700
748;74.76517246;0.00000000;12.78872891;22.84833577;2.51779193;0.63966581;0.31279534;-0.05908819;10.50104195;-5.82286472
749;74.86512590;0.00000000;12.88392196;22.87880975;2.51389860;0.63311655;0.30681977;-0.06048078;10.44547038;-5.73723317
750;74.96507934;0.00000000;12.97930019;22.90870854;2.50381833;0.64284305;0.30070474;-0.06187540;10.39042535;-5.65375523
751;75.06503278;0.00000000;13.07485889;22.93801608;2.49060105;0.66814722;0.29445044;-0.06327052;10.33589447;-5.57219285
752;75.16498622;0.00000000;13.17060354;22.96671947;2.48071223;0.69068211;0.28805643;-0.06466797;10.28186728;-5.49266196
753;75.26493966;0.00000000;13.26652931;22.99480268;2.47417876;0.68763331;0.28152285;-0.06606631;10.22833192;-5.41492245
754;75.36489310;0.00000000;13.36264072;23.02225249;2.47101322;0.66468474;0.27484922;-0.06746747;10.17527855;-5.33911915
755;75.46484653;0.00000000;13.45893288;23.04905293;2.47081095;0.65481114;0.26803562;-0.06886972;10.12269564;-5.26500240
756;75.56479997;0.00000000;13.55540929;23.07519044;2.47060480;0.66078107;0.26108156;-0.07027515;10.07057381;-5.19273786
757;75.66475341;0.00000000;13.65206500;23.10064913;2.45977356;0.68219169;0.25398710;-0.07168184;10.01890178;-5.12204565
758;75.76470685;0.00000000;13.74890240;23.12541510;2.44376654;0.71540666;0.24675173;-0.07309226;9.96767077;-5.05300961
759;75.86466029;0.00000000;13.84591653;23.14947254;2.43103978;0.73938879;0.23937537;-0.07450529;9.91687094;-4.98541935
760;75.96461373;0.00000000;13.94310858;23.17280718;2.42163117;0.75962764;0.23185744;-0.07592280;9.86649429;-4.91962003
761;76.06456717;0.00000000;14.04047360;23.19540329;2.41034199;0.77442489;0.22419787;-0.07734101;9.81652911;-4.85522995
762;76.16452061;0.00000000;14.13801153;23.21724631;2.38485342;0.76453233;0.21639627;-0.07876359;9.76696728;-4.79229245
763;76.26447405;0.00000000;14.23571743;23.23832056;2.36254975;0.75804113;0.20845236;-0.08018985;9.71780004;-4.73057580
764;76.36442749;0.00000000;14.33358989;23.25861116;2.34350886;0.76546648;0.20036555;-0.08162203;9.66902079;-4.66982466
765;76.46438093;0.00000000;14.43162405;23.27810248;2.32779814;0.78642753;0.19213524;-0.08306265;9.62062539;-4.61012282
766;76.56433436;0.00000000;14.52981702;23.29677929;2.31547197;0.81989888;0.18376050;-0.08451068;9.57260872;-4.55303914
767;76.66428780;0.00000000;14.62816402;23.31462596;2.30657112;0.85017138;0.17524139;-0.08594893;9.52494902;-4.49734377
768;76.76424124;0.00000000;14.72666074;23.33162710;2.30112156;0.84827763;0.16657850;-0.08739053;9.47763704;-4.44494689
769;76.86419468;0.00000000;14.82530237;23.34776727;2.29913388;0.84201421;0.15777217;-0.08881417;9.43064306;-4.39399223
770;76.96414812;0.00000000;14.92408302;23.36303109;2.30060294;0.84845535;0.14882370;-0.09024018;9.38395648;-4.34449922
771;77.06410156;0.00000000;15.02299794;23.37740340;2.27751807;0.86733145;0.13973248;-0.09166820;9.33756627;-4.29596048
772;77.16405500;0.00000000;15.12203952;23.39086868;2.25346848;0.89119729;0.13049828;-0.09310386;9.29146661;-4.24855575
773;77.26400844;0.00000000;15.22120318;23.40341184;2.23272179;0.89223460;0.12112019;-0.09454505;9.24564959;-4.20196042
774;77.36396188;0.00000000;15.32047966;23.41501718;2.21535887;0.90531483;0.11159773;-0.09599546;9.20011063;-4.15660011
775;77.46391532;0.00000000;15.41986442;23.42566959;2.20144648;0.92994305;0.10192989;-0.09745009;9.15484039;-4.11199438
776;77.56386876;0.00000000;15.51934648;23.43535328;2.19103759;0.96466078;0.09211640;-0.09891454;9.10983461;-4.06823557
777;77.66382220;0.00000000;15.61892139;23.44405311;2.18416829;0.99712313;0.08215588;-0.10038771;9.06508788;-4.02507886
778;77.76377563;0.00000000;15.71857636;23.45175319;2.16382471;1.02582746;0.07204778;-0.10187254;9.02059740;-3.98289009
779;77.86372907;0.00000000;15.81830700;23.45843831;2.13757358;1.03182942;0.06179061;-0.10336460;8.97635618;-3.94127091
780;77.96368251;0.00000000;15.91809870;23.46409255;2.10723824;1.04555744;0.05138403;-0.10486876;8.93236156;-3.90044065
781;78.06363595;0.00000000;16.01794708;23.46870060;2.08024835;1.06950570;0.04082629;-0.10638235;8.88860834;-3.86007105
782;78.16358939;0.00000000;16.11783567;23.47224657;2.05672549;1.10301877;0.03011696;-0.10790949;8.84509488;-3.82043001
783;78.26354283;0.00000000;16.21776004;23.47471503;2.03677593;1.10829438;0.01925408;-0.10944685;8.80181647;-3.78116734
784;78.36349627;0.00000000;16.31770184;23.47609018;2.02049404;1.11964369;0.00823724;-0.11099893;8.75877228;-3.74252570
785;78.46344971;0.00000000;16.41765655;23.47635643;2.00795440;1.14075425;-0.00293578;-0.11256267;8.71595865;-3.70416819
786;78.56340315;0.00000000;16.51760387;23.47549812;1.98622875;1.16626973;-0.01426541;-0.11414250;8.67337573;-3.66633176
787;78.66335659;0.00000000;16.61753915;23.47349950;1.95798778;1.19785928;-0.02575411;-0.11573538;8.63102089;-3.62868083
788;78.76331003;0.00000000;16.71744011;23.47034510;1.93337710;1.21615626;-0.03740235;-0.11734582;8.58889535;-3.59143256
789;78.86326346;0.00000000;16.81730192;23.46601897;1.91252208;1.23533329;-0.04921287;-0.11897100;8.54699779;-3.55426627
790;78.96321690;0.00000000;16.91710025;23.46050592;1.88789517;1.26328627;-0.06118617;-0.12061532;8.50533062;-3.51738026
791;79.06317034;0.00000000;17.01683003;23.45378977;1.85080264;1.29946301;-0.07332529;-0.12227616;8.46389393;-3.48045749
792;79.16312378;0.00000000;17.11646486;23.44585568;1.81729222;1.33361249;-0.08563077;-0.12395794;8.42269156;-3.44369960
793;79.26307722;0.00000000;17.21599935;23.43668722;1.78755053;1.34451363;-0.09810598;-0.12565796;8.38172499;-3.40679358
794;79.36303066;0.00000000;17.31540496;23.42626996;1.76176010;1.36390136;-0.11075147;-0.12738065;8.34099948;-3.36985491
795;79.46298410;0.00000000;17.41467593;23.41458720;1.74008073;1.39143664;-0.12357099;-0.12912445;8.30051897;-3.33262324
796;79.56293754;0.00000000;17.51378156;23.40162502;1.72265670;1.42665625;-0.13656522;-0.13089312;8.26029061;-3.29525576
797;79.66289098;0.00000000;17.61271560;23.38736640;1.70841773;1.46902212;-0.14973823;-0.13268444;8.22031974;-3.25743548
798;79.76284442;0.00000000;17.71144511;23.37179803;1.66608735;1.50744463;-0.16309072;-0.13450303;8.18061568;-3.21919623
799;79.86279786;0.00000000;17.80996332;23.35490257;1.62345172;1.52433065;-0.17662726;-0.13634841;8.14118747;-3.18033632
800;79.96275130;0.00000000;17.90823492;23.33666737;1.58470684;1.54625260;-0.19034874;-0.13822352;8.10204680;-3.14103533
801;80.06270473;0.00000000;18.00625256;23.31707475;1.55012826;1.57122231;-0.20426003;-0.14012563;8.06320332;-3.10099121
802;80.16265817;0.00000000;18.10397858;23.29611286;1.51999425;1.60169716;-0.21836192;-0.14205920;8.02467060;-3.06112075
803;80.26261161;0.00000000;18.20140491;23.27376368;1.49455607;1.63902218;-0.23265923;-0.14401012;7.98645097;-3.02054012
804;80.36256505;0.00000000;18.29849138;23.25001643;1.47081052;1.68274575;-0.24715170;-0.14599183;7.94855788;-2.97953661
805;80.46251849;0.00000000;18.39522926;23.22485285;1.44565574;1.73239881;-0.26184490;-0.14799966;7.91100136;-2.93753779
806;80.56247193;0.00000000;18.49157574;23.19826337;1.41908519;1.78123339;-0.27673912;-0.15004234;7.87379886;-2.89445909
807;80.66242537;0.00000000;18.58752134;23.17022941;1.39108409;1.80919605;-0.29184065;-0.15212087;7.83696920;-2.84997835
808;80.76237881;0.00000000;18.68302061;23.14074265;1.36164922;1.83861657;-0.30715052;-0.15424001;7.80053562;-2.80456116
809;80.86233225;0.00000000;18.77806314;23.10978412;1.33076772;1.86951693;-0.32267541;-0.15639177;7.76451575;-2.75758376
810;80.96228569;0.00000000;18.87260064;23.07734697;1.29844102;1.90190694;-0.33841582;-0.15858572;7.72893556;-2.70921821
811;81.06223913;0.00000000;18.96662177;23.04341190;1.26465959;1.93580965;-0.35437912;-0.16081836;7.69381918;-2.65895866
812;81.16219256;0.00000000;19.06007530;23.00797369;1.22943152;1.97123423;-0.37056612;-0.16309724;7.65919770;-2.60699115
813;81.26214600;0.00000000;19.15294886;22.97101269;1.19275275;2.00820495;-0.38698482;-0.16541831;7.62510026;-2.55274644
814;81.36209944;0.00000000;19.24518816;22.93252556;1.15418373;2.04673027;-0.40363613;-0.16779003;7.59156390;-2.49622238
815;81.46205288;0.00000000;19.33677965;22.89249226;1.11387702;2.08683573;-0.42052891;-0.17021113;7.55862622;-2.43696678
816;81.56200632;0.00000000;19.42766586;22.85091153;1.07205011;2.12852902;-0.43766440;-0.17268781;7.52633138;-2.37519214
817;81.66195976;0.00000000;19.51783198;22.80776293;1.02870318;2.17183713;-0.45505210;-0.17521464;7.49472126;-2.31019541
818;81.76191320;0.00000000;19.60721715;22.76304761;0.98386386;2.20238808;-0.47269309;-0.17780183;7.46384772;-2.24130852
819;81.86186664;0.00000000;19.69580508;22.71674481;0.93754794;2.22448993;-0.49059833;-0.18045867;7.43377225;-2.16850362
820;81.96182008;0.00000000;19.78353160;22.66885814;0.89353392;2.25253797;-0.50877020;-0.18318281;7.40455745;-2.09249924
821;82.06177352;0.00000000;19.87037872;22.61936642;0.84805122;2.28633741;-0.52721952;-0.18595833;7.37625691;-2.01196980
822;82.16172696;0.00000000;19.95627858;22.56827639;0.80946012;2.32564235;-0.54594705;-0.18880552;7.34894274;-1.92566374
823;82.26168039;0.00000000;20.04121193;22.51556638;0.77997686;2.37020234;-0.56496629;-0.19174273;7.32270483;-1.83335289
824;82.36163383;0.00000000;20.12510598;22.46124706;0.76065262;2.39707502;-0.58428067;-0.19476904;7.29763702;-1.73786705
825;82.46158727;0.00000000;20.20793944;22.40529630;0.74125613;2.41940730;-0.60390269;-0.19782732;7.27379506;-1.63778025
826;82.56154071;0.00000000;20.28963763;22.34772763;0.70726637;2.44711443;-0.62382960;-0.20093855;7.25125444;-1.52819670
827;82.66149415;0.00000000;20.37017576;22.28852043;0.68428425;2.47002943;-0.64407650;-0.20418653;7.23015864;-1.40955479
828;82.76144759;0.00000000;20.44947646;22.22769133;0.67052484;2.49345430;-0.66465150;-0.20755404;7.21064590;-1.28288336
829;82.86140103;0.00000000;20.52751218;22.16521902;0.65853027;2.50986739;-0.68557128;-0.21101208;7.19284068;-1.14582019
830;82.96135447;0.00000000;20.60419774;22.10112747;0.65949267;2.52254827;-0.70683862;-0.21459428;7.17690043;-1.00075079
831;83.06130791;0.00000000;20.67950449;22.03539412;0.63371596;2.51578058;-0.72847198;-0.21824337;7.16294931;-0.84798001
832;83.16126135;0.00000000;20.75334620;21.96804589;0.61767631;2.51249691;-0.75046848;-0.22194141;7.15110661;-0.63536510
833;83.26121479;0.00000000;20.82569042;21.89906075;0.60698338;2.51540415;-0.77288142;-0.22665240;7.14222038;-0.39259534
834;83.36116823;0.00000000;20.89643723;21.82847032;0.60320284;2.52452392;-0.79578714;-0.23176216;7.13672399;-0.28585077
835;83.46112166;0.00000000;20.96554866;21.75624546;0.60100232;2.53983564;-0.81909338;-0.23411628;7.13271939;-0.19652502
836;83.56107510;0.00000000;21.03293332;21.68244281;0.59646276;2.55684969;-0.84258713;-0.23605134;7.12996488;-0.19652502
837;83.66102854;0.00000000;21.09857277;21.60706375;0.60231830;2.54767703;-0.86606611;-0.23311545;7.12720930;-0.03796497
838;83.76098198;0.00000000;21.16243421;21.53018074;0.62209652;2.54473218;-0.88918214;-0.22943899;7.12667685;0.15055952
839;83.86093542;0.00000000;21.22451636;21.45185093;0.64065034;2.54800236;-0.91197468;-0.22676051;7.12878818;0.27965655
840;83.96088886;0.00000000;21.28480983;21.37213075;0.62702039;2.54220046;-0.93451792;-0.22432907;7.13270819;0.39046443
841;84.06084230;0.00000000;21.34329828;21.29108172;0.61152997;2.53913047;-0.95683085;-0.22217563;7.13817782;0.48237751
842;84.16079574;0.00000000;21.39997496;21.20875033;0.60996612;2.53479710;-0.97893517;-0.22012203;7.14492920;0.56541662
843;84.26074918;0.00000000;21.45482265;21.12519786;0.62245421;2.52196670;-1.00083858;-0.21818693;7.15283468;0.63910470
844;84.36070262;0.00000000;21.50784050;21.04046076;0.61967427;2.51522429;-1.02255472;-0.21633041;7.16175993;0.70595727
845;84.46065606;0.00000000;21.55900731;20.95461119;0.59896002;2.51460312;-1.04403478;-0.21345764;7.17160589;0.82263405
846;84.56060949;0.00000000;21.60834126;20.86767136;0.59241622;2.50923533;-1.06522700;-0.21054643;7.18306211;0.93710330
847;84.66056293;0.00000000;21.65582592;20.77974127;0.60054500;2.50234924;-1.08594343;-0.20389775;7.19609023;1.24122999
848;84.76051637;0.00000000;21.70152638;20.69082754;0.62283379;2.50132583;-1.10598783;-0.19710710;7.21331027;1.54300725
849;84.86046981;0.00000000;21.74544857;20.60107001;0.65336012;2.49143363;-1.12530767;-0.18955192;7.23465983;1.87645650
850;84.96042325;0.00000000;21.78768293;20.51045229;0.65758381;2.48290085;-1.14388304;-0.18205309;7.26053851;2.19920614
851;85.06037669;0.00000000;21.82824129;20.41912649;0.63848428;2.47750554;-1.16170126;-0.17457674;7.29075139;2.51487510
852;85.16033013;0.00000000;21.86721986;20.32705977;0.62858518;2.47787913;-1.17878424;-0.16716709;7.32514823;2.82275034
853;85.26028357;0.00000000;21.90463552;20.23440211;0.62905923;2.47750614;-1.19512065;-0.15980706;7.36356462;3.12531446
854;85.36023701;0.00000000;21.94058474;20.14111100;0.61818145;2.48175625;-1.21073275;-0.15251383;7.40586630;3.42306692
855;85.46019045;0.00000000;21.97509035;20.04732977;0.62183749;2.49152553;-1.22561048;-0.14526085;7.45192259;3.71882401
856;85.56014389;0.00000000;22.00824705;19.95301090;0.63078721;2.50299721;-1.23977276;-0.13805786;7.50163774;4.01330543
857;85.66009732;0.00000000;22.04008356;19.85828922;0.62592085;2.49288000;-1.25321454;-0.13097458;7.55492265;4.30373309
858;85.76005076;0.00000000;22.07069192;19.76311343;0.61415915;2.48161232;-1.26595673;-0.12393923;7.61164910;4.59533202
859;85.86000420;0.00000000;22.10010504;19.66760958;0.61730862;2.47557554;-1.27800249;-0.11714872;7.67175603;4.87758649
860;85.95995764;0.00000000;22.12841047;19.57172509;0.63521543;2.47473510;-1.28937672;-0.11040012;7.73504387;4.87444695
861;86.05991108;0.00000000;22.15564462;19.47557416;0.66255537;2.47903017;-1.30007708;-0.10375518;7.79777783;4.83820922
862;86.15986452;0.00000000;22.18189042;19.37910819;0.66548090;2.48837084;-1.31011925;-0.09714942;7.85955027;4.80249718
863;86.25981796;0.00000000;22.20718922;19.28242638;0.65372203;2.48832533;-1.31949909;-0.09057032;7.92039031;4.76729533
864;86.35977140;0.00000000;22.23161965;19.18548809;0.65622991;2.46979214;-1.32822578;-0.08402154;7.98032567;4.73258895
865;86.45972484;0.00000000;22.25522839;19.08837567;0.66832416;2.45602937;-1.33629593;-0.07748107;8.03938274;4.69836399
866;86.55967828;0.00000000;22.27808997;18.99105929;0.68464077;2.44704567;-1.34371560;-0.07096746;8.09758668;4.66460705
867;86.65963172;0.00000000;22.30025620;18.89360284;0.70679714;2.44283360;-1.35048301;-0.06445780;8.15496150;4.63130534
868;86.75958516;0.00000000;22.32179746;18.79599021;0.72833756;2.44335122;-1.35660177;-0.05796775;8.21153012;4.59844666
869;86.85953859;0.00000000;22.34277049;18.69826513;0.74321202;2.44853102;-1.36207124;-0.05147850;8.26731444;4.56601932
870;86.95949203;0.00000000;22.36324167;18.60042730;0.71984842;2.43341846;-1.36689312;-0.04500290;8.32233541;4.53401214
871;87.05944547;0.00000000;22.38327233;18.50249949;0.70946754;2.42045264;-1.37106732;-0.03851970;8.37661309;4.50241442
872;87.15939891;0.00000000;22.40292503;18.40449915;0.71270086;2.41194780;-1.37459374;-0.03204358;8.43016670;4.47121590
873;87.25935235;0.00000000;22.42226553;18.30642735;0.72943170;2.40788584;-1.37747251;-0.02555472;8.48301464;4.44040674
874;87.35930579;0.00000000;22.44135272;18.20832063;0.74843014;2.40822513;-1.37970239;-0.01906650;8.53517458;4.40997749
875;87.45925923;0.00000000;22.46025665;18.11015835;0.76725627;2.41289954;-1.38128320;-0.01255940;8.58666350;4.37991907
876;87.55921267;0.00000000;22.47903264;18.01199698;0.78596237;2.41484955;-1.38221302;-0.00604655;8.63749767;4.35022278
877;87.65916611;0.00000000;22.49775499;17.91379465;0.80462331;2.39616435;-1.38249082;0.00049111;8.68769276;4.32088022
878;87.75911955;0.00000000;22.51647555;17.81562791;0.82328811;2.37748355;-1.38211461;0.00704070;8.73726382;-9.85062288
879;87.85907299;0.00000000;22.53527278;17.71743492;0.84203649;2.35870735;-1.38108198;0.01362008;8.62383742;-10.81929770
880;87.95902642;0.00000000;22.55419516;17.61931180;0.86091434;2.33975092;-1.37939146;0.02021730;8.49751257;-10.38787641
881;88.05897986;0.00000000;22.57332530;17.52117859;0.88000587;2.32058788;-1.37703862;0.02685311;8.37443203;-9.98000814
882;88.15893330;0.00000000;22.59270835;17.42314986;0.87037950;2.30117089;-1.37402280;0.03351229;8.25445574;-9.59308425
883;88.25888674;0.00000000;22.61243107;17.32513013;0.85529221;2.28543985;-1.37033732;0.04021402;8.13746374;-9.22689213
884;88.35884018;0.00000000;22.63253530;17.22725053;0.85215288;2.27360603;-1.36598305;0.04694404;8.02332829;-8.87949978
885;88.45879362;0.00000000;22.65311188;17.12940335;0.86115543;2.26182498;-1.36095103;0.05371510;7.91193553;-8.55034073
886;88.55874706;0.00000000;22.67419932;17.03173385;0.88198112;2.25346610;-1.35524420;0.06052030;7.80316935;-8.23481298
887;88.65870050;0.00000000;22.69589241;16.93412590;0.90352537;2.24891270;-1.34884817;0.06742053;7.69696408;-7.93571075
888;88.75865394;0.00000000;22.71822680;16.83673604;0.92571335;2.24812559;-1.34176540;0.07435683;7.59321098;-7.65283681
889;88.85860738;0.00000000;22.74130125;16.73944393;0.94865057;2.25103847;-1.33398275;0.08131810;7.49179539;-7.38463181
890;88.95856082;0.00000000;22.76514804;16.64241461;0.97236362;2.22856636;-1.32550818;0.08831787;7.39261520;-7.13343519
891;89.05851425;0.00000000;22.78986889;16.54552711;0.99696054;2.20389749;-1.31632848;0.09530010;7.29552855;-6.89497391
892;89.15846769;0.00000000;22.81549223;16.44895229;1.02246565;2.17833753;-1.30645568;0.10233029;7.20044332;-6.66693857
893;89.25842113;0.00000000;22.84212199;16.35257261;1.04898873;2.15178215;-1.29586843;0.10944254;7.10729324;-6.45041493
894;89.35837457;0.00000000;22.86978397;16.25656125;1.07655334;2.12421096;-1.28457588;0.11660697;7.01599137;-6.24257141
895;89.45832801;0.00000000;22.89858405;16.16080952;1.10527065;2.09542879;-1.27255369;0.12387176;6.92648554;-6.04524955
896;89.55828145;0.00000000;22.92854625;16.06548921;1.13516470;2.06537163;-1.25981140;0.13119193;6.83869249;-5.85638203
897;89.65823489;0.00000000;22.95977720;15.97050518;1.16634700;2.03404737;-1.24632391;0.13860321;6.75255388;-5.67692116
898;89.75818833;0.00000000;22.99229959;15.87602531;1.19884264;2.00143295;-1.23210170;0.14607852;6.66799282;-5.50467165
899;89.85814177;0.00000000;23.02621932;15.78197144;1.23276245;1.96742765;-1.21711775;0.15365995;6.58496064;-5.34094616
900;89.95809521;0.00000000;23.06155842;15.68850566;1.25621691;1.93201178;-1.20138187;0.16131255;6.50338487;-5.18349585
901;90.05804865;0.00000000;23.09842050;15.59557012;1.26195231;1.89508851;-1.18486599;0.16908318;6.42322335;-5.03395699
902;90.15800209;0.00000000;23.13682794;15.50331891;1.27510268;1.85664179;-1.16757872;0.17692888;6.34440506;-4.89001088
903;90.25795552;0.00000000;23.17687983;15.41171782;1.29756978;1.81919220;-1.14949231;0.18490168;6.26689148;-4.75302677
904;90.35790896;0.00000000;23.21859958;15.32091221;1.32892968;1.78481603;-1.13061287;0.19296450;6.19061920;-4.62097248
905;90.45786240;0.00000000;23.26207987;15.23089318;1.36865800;1.75359940;-1.11091282;0.20116602;6.11555409;-4.49515540
906;90.55781584;0.00000000;23.30734543;15.14179789;1.41404316;1.72567039;-1.09039537;0.20947019;6.04163797;-4.37354679
907;90.65776928;0.00000000;23.35448071;15.05364316;1.46139203;1.70110243;-1.06903343;0.21792917;5.96884305;-4.25736519
908;90.75772272;0.00000000;23.40351194;14.96655920;1.51074721;1.67998541;-1.04682636;0.22650882;5.89711885;-4.14460956
909;90.85767616;0.00000000;23.45451331;14.88058878;1.55024293;1.63921751;-1.02374745;0.23526421;5.82644615;-4.03652664
910;90.95762960;0.00000000;23.50751226;14.79585712;1.57489254;1.58658657;-0.99979148;0.24415981;5.75678255;-3.93125483
911;91.05758304;0.00000000;23.56257098;14.71243221;1.60769076;1.53137172;-0.97493254;0.25325016;5.68811572;-3.82955751
912;91.15753648;0.00000000;23.61971715;14.63043699;1.64820648;1.47865501;-0.94916036;0.26251331;5.62041863;-3.72954830
913;91.25748992;0.00000000;23.67899948;14.54996326;1.69594891;1.42865618;-0.92244771;0.27200791;5.55369635;-3.63257788
914;91.35744335;0.00000000;23.74044428;14.47113524;1.75036793;1.38162853;-0.89477901;0.28169299;5.48792911;-3.53684648
915;91.45739679;0.00000000;23.80408562;14.39406645;1.79826350;1.33596745;-0.86612825;0.29162713;5.42312880;-3.44190539
916;91.55735023;0.00000000;23.86994514;14.31888651;1.84298176;1.28925919;-0.83647382;0.30182613;5.35931576;-3.34643660
917;91.65730367;0.00000000;23.93804222;14.24572783;1.89449882;1.24603680;-0.80578263;0.31233459;5.29653563;-3.25312505
918;91.75725711;0.00000000;24.00839008;14.17473008;1.95049116;1.19090318;-0.77403071;0.32306027;5.23478439;-3.15943149
919;91.85721055;0.00000000;24.08099288;14.10604138;2.01035568;1.12797745;-0.74119150;0.33409050;5.17410625;-3.05900619
920;91.95716399;0.00000000;24.15584770;14.03981608;2.05434130;1.06792564;-0.70722898;0.34564878;5.11467097;-2.95361788
921;92.05711743;0.00000000;24.23294720;13.97621474;2.09989916;1.01123277;-0.67208223;0.35766289;5.05662048;-2.86203746
922;92.15707087;0.00000000;24.31226644;13.91541251;2.15217992;0.95846836;-0.63574258;0.36942426;4.99972696;-2.77166511
923;92.25702431;0.00000000;24.39378329;13.85757532;2.21074405;0.91027533;-0.59822057;0.38140793;4.94400594;-2.63148621
924;92.35697775;0.00000000;24.47743220;13.80289781;2.27510625;0.86738666;-0.55942019;0.39557290;4.89051557;-2.47239856
925;92.45693118;0.00000000;24.56319640;13.75155826;2.34482309;0.83054115;-0.51912650;0.41063034;4.83972035;-2.40361104
926;92.55688462;0.00000000;24.65096754;13.70379113;2.41938861;0.79302305;-0.47748466;0.42214776;4.78982199;-2.34308737
927;92.65683806;0.00000000;24.74071005;13.65975271;2.49005284;0.75880362;-0.43471690;0.43355857;4.74067457;-2.09859665
928;92.75679150;0.00000000;24.83222264;13.61967682;2.53110240;0.72219932;-0.39048846;0.45281803;4.69621885;-1.82390976
929;92.85674494;0.00000000;24.92552992;13.58375336;2.55248455;0.68411512;-0.34419523;0.47302933;4.65723731;-1.70618978
930;92.95669838;0.00000000;25.02032067;13.55230500;2.57309771;0.64785574;-0.29627570;0.48603906;4.62047404;-1.57974064
931;93.05665182;0.00000000;25.11666941;13.52545820;2.54625512;0.62078581;-0.24700115;0.49929062;4.58617262;-0.88788348
932;93.15660526;0.00000000;25.21409130;13.50352086;2.52432391;0.60412715;-0.19532978;0.53668089;4.56678063;-0.08056156
933;93.25655870;0.00000000;25.31271395;13.48681163;2.50761902;0.59840012;-0.13968134;0.57583286;4.56501703;-0.08056156
934;93.35651214;0.00000000;25.41190361;13.47574809;2.49655837;0.60363692;-0.08263166;0.56701023;4.56325275;0.11249044
935;93.45646558;0.00000000;25.51182895;13.47030689;2.49111735;0.61177130;-0.02630520;0.55803341;4.56571608;0.28678146
936;93.55641902;0.00000000;25.61170593;13.47039514;2.49120594;0.62230828;0.02741483;0.51854172;4.57199003;1.08006647
937;93.65637245;0.00000000;25.71157738;13.47566948;2.49648060;0.64335444;0.07755030;0.48543937;4.59554192;1.66636067
938;93.75632589;0.00000000;25.81096650;13.48579273;2.48333910;0.67412043;0.12515366;0.46711385;4.63164361;1.89648617
939;93.85627933;0.00000000;25.90984906;13.50055310;2.46091163;0.71351306;0.17086739;0.44723580;4.67239159;2.15189046
940;93.95623277;0.00000000;26.00788080;13.51970502;2.42245388;0.76021460;0.21474073;0.43157949;4.71820102;2.30636836
941;94.05618621;0.00000000;26.10511757;13.54309826;2.39161943;0.81311039;0.25722588;0.41825714;4.76681023;2.40831928
942;94.15613965;0.00000000;26.20119622;13.57050641;2.35876269;0.86094611;0.29831395;0.40420799;4.81704467;2.53108800
943;94.25609309;0.00000000;26.29615447;13.60179456;2.31818436;0.90555439;0.33803929;0.39058009;4.86928139;2.64772621
944;94.35604653;0.00000000;26.38975257;13.63674300;2.26182405;0.95387119;0.37648275;0.37906478;4.92333220;2.71806841
945;94.45599997;0.00000000;26.48202980;13.67524184;2.20384082;1.00608591;0.41384447;0.36836553;4.97820857;2.77515383
946;94.55595341;0.00000000;26.57276313;13.71708228;2.13913566;1.05499182;0.45013782;0.35814459;5.03362025;2.82762137
947;94.65590685;0.00000000;26.66199877;13.76217297;2.08007326;1.10786399;0.48545554;0.34839416;5.08945909;2.87555236
948;94.75586028;0.00000000;26.74955591;13.81031369;2.02620920;1.16411557;0.51980080;0.33911687;5.14562304;2.91869729
949;94.85581372;0.00000000;26.83548322;13.86142542;1.95741034;1.21667162;0.55326490;0.33036251;5.20200963;2.95547896
950;94.95576716;0.00000000;26.91962825;13.91531588;1.89398908;1.26612987;0.58585721;0.32201710;5.25849073;2.98877487
951;95.05572060;0.00000000;27.00203931;13.97191684;1.83643219;1.31868340;0.61765108;0.31405373;5.31499778;3.01902628
952;95.15567404;0.00000000;27.08259219;14.03104669;1.77458232;1.37280489;0.64865185;0.30645550;5.37147331;3.04638377
953;95.25562748;0.00000000;27.16133480;14.09264633;1.71690356;1.41327543;0.67892578;0.29921369;5.42786501;3.07075650
954;95.35558092;0.00000000;27.23816486;14.15654393;1.66584691;1.45683320;0.70847443;0.29220658;5.48412107;3.09544932
955;95.45553436;0.00000000;27.31312832;14.22268666;1.62197407;1.50327040;0.73735016;0.28550211;5.54025140;3.11802893
956;95.55548780;0.00000000;27.38614456;14.29091413;1.58589519;1.55231171;0.76555532;0.27900935;5.59622203;3.14099951
957;95.65544124;0.00000000;27.45725658;14.36117773;1.55809000;1.60377107;0.79313512;0.27278269;5.65204462;3.16229466
958;95.75539468;0.00000000;27.52640262;14.43332896;1.50977052;1.65740168;0.82009056;0.26669792;5.70769418;3.18563568
959;95.85534811;0.00000000;27.59362229;14.50732137;1.46456076;1.70089247;0.84645780;0.26084721;5.76321120;3.20766142
960;95.95530155;0.00000000;27.65887127;14.58301919;1.42738792;1.73954205;0.87223879;0.25511060;5.81857688;3.23213601
961;96.05525499;0.00000000;27.72218543;14.66037636;1.38964175;1.78069245;0.89746309;0.24957979;5.87383717;3.25562858
962;96.15520843;0.00000000;27.78353612;14.73927055;1.34475526;1.82417853;0.92213337;0.24413261;5.92897847;3.28216398
963;96.25516187;0.00000000;27.84295532;14.81965431;1.30827204;1.86987681;0.94627282;0.23886586;5.98405488;3.30804194
964;96.35511531;0.00000000;27.90042901;14.90142012;1.28089587;1.91445090;0.96988566;0.23366598;6.03905731;3.33716398
965;96.45506875;0.00000000;27.95598495;14.98451721;1.23750870;1.94184982;0.99298943;0.22862177;6.09404096;3.36602988
966;96.55502219;0.00000000;28.00962207;15.06885328;1.18409563;1.97177873;1.01558987;0.22363329;6.14900217;3.39820644
967;96.65497563;0.00000000;28.06136469;15.15437381;1.13372994;2.00416084;1.03769983;0.21877920;6.20399489;3.43049232
968;96.75492907;0.00000000;28.11122248;15.24100100;1.09223995;2.03890481;1.05932610;0.21396694;6.25902002;3.46632881
969;96.85488251;0.00000000;28.15921753;15.32867698;1.05360190;2.07592249;1.08047726;0.20926843;6.31413292;3.50270489
970;96.95483595;0.00000000;28.20536810;15.41733730;1.02390741;2.11511992;1.10116113;0.20460865;6.36933979;3.54250527
971;97.05478938;0.00000000;28.24969518;15.50692156;1.00535483;2.15640296;1.12138335;0.20004476;6.42469147;3.58325168
972;97.15474282;0.00000000;28.29222371;15.59737727;0.99852699;2.18142684;1.14115220;0.19551389;6.48019885;3.62745170
973;97.25469626;0.00000000;28.33297444;15.68864229;0.96118880;2.19797449;1.16047090;0.19106459;6.53591078;3.67293708
974;97.35464970;0.00000000;28.37197745;15.78067495;0.92193350;2.21704539;1.17934842;0.18665259;6.59184156;3.72152200
975;97.45460314;0.00000000;28.40925376;15.87341191;0.88447026;2.23860817;1.19778663;0.18231059;6.64803226;3.77168464
976;97.55455658;0.00000000;28.44483735;15.96682126;0.85637902;2.26262985;1.21579290;0.17796398;6.70449988;3.82669189
977;97.65451002;0.00000000;28.47875032;16.06083923;0.84109382;2.28906213;1.23336498;0.17366957;6.76130909;3.88391588
978;97.75446346;0.00000000;28.51102980;16.15544193;0.83927336;2.31786075;1.25050775;0.16931768;6.81848386;3.94840010
979;97.85441690;0.00000000;28.54170017;16.25056656;0.85096222;2.34860807;1.26721437;0.16499749;6.87612060;4.01596723
980;97.95437034;0.00000000;28.57080111;16.34619554;0.82344520;2.37778432;1.28349254;0.16069922;6.93425223;4.08707797
981;98.05432378;0.00000000;28.59835888;16.44226772;0.79574823;2.40541451;1.29934080;0.15644049;6.99291706;4.16087818
982;98.15427721;0.00000000;28.62441441;16.53877155;0.76957813;2.40811429;1.31476742;0.15221843;7.05213990;4.23751180
983;98.25423065;0.00000000;28.64899541;16.63564775;0.74490246;2.41113035;1.32977154;0.14802910;7.11194663;4.31718686
984;98.35418409;0.00000000;28.67214348;16.73289005;0.73168903;2.41505189;1.34435950;0.14384514;7.17236504;4.40133089
985;98.45413753;0.00000000;28.69388814;16.83044203;0.73292462;2.42166215;1.35852806;0.13968121;7.23344154;4.48923452
986;98.55409097;0.00000000;28.71427147;16.92830124;0.73694353;2.43098098;1.37228303;0.13552775;7.29521113;4.58145892
987;98.65404441;0.00000000;28.73332477;17.02641451;0.75561527;2.44301417;1.38562173;0.13139179;7.35771504;4.67769726
988;98.75399785;0.00000000;28.75109028;17.12478260;0.74365638;2.45776358;1.39854938;0.12726404;7.42098878;4.77853720
989;98.85395129;0.00000000;28.76760092;17.22335579;0.72725996;2.47428816;1.41106322;0.12314826;7.48507427;4.88386592
990;98.95390473;0.00000000;28.78289897;17.32213747;0.71206797;2.48959843;1.42316762;0.11903628;7.55001028;4.98115276
991;99.05385817;0.00000000;28.79701886;17.42108171;0.69804701;2.50372914;1.43485976;0.11493202;7.61566950;4.94331847
992;99.15381161;0.00000000;28.81000278;17.52019384;0.68515296;2.51672224;1.44614339;0.11083150;7.68027508;4.90605878
993;99.25376504;0.00000000;28.82188654;17.61943184;0.67335154;2.52861392;1.45701598;0.10673608;7.74386081;4.86935576
994;99.35371848;0.00000000;28.83271216;17.71880254;0.66259910;2.53944603;1.46748064;0.10264194;7.80645873;4.83319237
995;99.45367192;0.00000000;28.84251665;17.81826788;0.65285970;2.54925598;1.47753495;0.09854997;7.86809928;4.79755247
996;99.55362536;0.00000000;28.85134186;17.91783583;0.64403002;2.55808550;1.48718145;0.09445936;7.92881139;4.76242067
997;99.65357880;0.00000000;28.85922579;18.01747222;0.63614423;2.56597296;1.49641808;0.09036956;7.98862258;4.72778232
998;99.75353224;0.00000000;28.86621013;18.11718582;0.62916144;2.57295995;1.50524685;0.08627885;8.04755907;4.69362349
999;99.85348568;0.00000000;28.87233371;18.21694631;0.62304056;2.57908565;1.51366580;0.08218683;8.10564584;4.65993085
1000;99.95343912;0.00000000;28.87763807;18.31676302;0.61774092;2.58439148;1.52167665;0.07809840;8.16290676;4.62669172
1001;100.05339256;0.00000000;28.88216269;18.41660925;0.61322103;2.58891726;1.52927819;0.07400985;8.21936459;4.59389395
1002;100.15334600;0.00000000;28.88594891;18.51649483;0.60944041;2.58671084;1.53647121;0.06990836;8.27504110;4.56152592
1003;100.25329944;0.00000000;28.88903683;18.61639618;0.60635720;2.56480687;1.54325324;0.06580087;8.32995712;4.52957654
1004;100.35325288;0.00000000;28.89146772;18.71632421;0.60393111;2.54599018;1.54963034;0.06183136;8.38413258;4.49803516
1005;100.45320631;0.00000000;28.89328083;18.81625696;0.60212123;2.53037310;1.55561444;0.05791129;8.43758658;4.46689158
1006;100.55315975;0.00000000;28.89451428;18.91620528;0.60089040;2.51805098;1.56125887;0.05540362;8.49033743;4.43613601
1007;100.65311319;0.00000000;28.89519413;19.01615258;0.60021130;2.50910064;1.56669651;0.05340233;8.54240270;4.40575907
1008;100.75306663;0.00000000;28.89533891;19.11610499;0.60006596;2.50357595;1.57199948;0.05319539;8.59379924;4.37575172
1009;100.85302007;0.00000000;28.89495217;19.21605601;0.60045030;2.50150367;1.57733929;0.05365058;8.64454326;4.34610531
1010;100.95297351;0.00000000;28.89402926;19.31600376;0.61747951;2.50058071;1.58273214;0.05431837;8.69465034;4.31681149
1011;101.05292695;0.00000000;28.89256370;19.41594660;0.65011658;2.49911509;1.58819904;0.05507052;8.74413546;4.28786223
1012;101.15288039;0.00000000;28.89054809;19.51587925;0.69617491;2.49709938;1.59373890;0.05576146;8.79301302;4.25924980
1013;101.25283383;0.00000000;28.88797552;19.61579976;0.70556190;2.49452669;1.59934586;0.05642998;8.84129693;4.23096676
1014;101.35278727;0.00000000;28.88483941;19.71570362;0.70869857;2.49139041;1.60501986;0.05710463;8.88900055;4.20300594
1015;101.45274071;0.00000000;28.88113311;19.81558847;0.71240565;2.48768388;1.61076157;0.05778315;8.93613678;4.17536039
1016;101.55269414;0.00000000;28.87684999;19.91544978;0.71668984;2.48340047;1.61657124;0.05846531;8.98271806;4.14802345
1017;101.65264758;0.00000000;28.87198336;20.01528475;0.72155788;2.47853347;1.62244927;0.05915025;9.02875640;4.12098866
1018;101.75260102;0.00000000;28.86652658;20.11508885;0.72701646;2.47307625;1.62839580;0.05983590;9.07426340;4.09424979
1019;101.85255446;0.00000000;28.86047297;20.21485884;0.73307233;2.46702211;1.63441096;0.06052341;9.11925024;4.06780080
1020;101.95250790;0.00000000;28.85381594;20.31459011;0.73973216;2.46036445;1.64049490;0.06121242;9.16372775;4.04163589
1021;102.05246134;0.00000000;28.84654882;20.41427900;0.74700269;2.45309662;1.64664783;0.06190361;9.20770639;4.01574940
1022;102.15241478;0.00000000;28.83866503;20.51392084;0.75489060;2.44521203;1.65286995;0.06259723;9.25119630;3.99013589
1023;102.25236822;0.00000000;28.83015794;20.61351154;0.76340259;2.43670407;1.65916154;0.06329361;9.29420726;3.96479007
1024;102.35232166;0.00000000;28.82102099;20.71304634;0.77254537;2.42756616;1.66552284;0.06399176;9.33674876;3.93970682
1025;102.45227510;0.00000000;28.81124757;20.81252069;0.78232563;2.41779175;1.67195403;0.06469247;9.37882998;3.91488120
1026;102.55222854;0.00000000;28.80083114;20.91192978;0.79275010;2.40737430;1.67845539;0.06539545;9.42045984;3.89030839
1027;102.65218197;0.00000000;28.78976515;21.01126858;0.80382545;2.39630730;1.68502714;0.06610134;9.46164695;3.86598373
1028;102.75213541;0.00000000;28.77804306;21.11053223;0.81555841;2.38458426;1.69166958;0.06680940;9.50239968;3.84190270
1029;102.85208885;0.00000000;28.76565838;21.20971520;0.82795567;2.37219876;1.69838291;0.06752046;9.54272616;3.81806091
1030;102.95204229;0.00000000;28.75260458;21.30881256;0.84102398;2.35914435;1.70516747;0.06823393;9.58263425;3.79445410
1031;103.05199573;0.00000000;28.73887526;21.40781831;0.85477001;2.34541472;1.71202347;0.06895063;9.62213160;3.77107813
1032;103.15194917;0.00000000;28.72446389;21.50672741;0.86920055;2.33100345;1.71895126;0.06966983;9.66122565;3.74792897
1033;103.25190261;0.00000000;28.70936416;21.60553337;0.88432224;2.31590439;1.72595107;0.07039243;9.69992360;3.72500272
1034;103.35185605;0.00000000;28.69356953;21.70423107;0.90014194;2.30011118;1.73302329;0.07111773;9.73823246;3.70229557
1035;103.45180949;0.00000000;28.67707380;21.80281352;0.91666625;2.28361781;1.74016813;0.07184666;9.77615905;3.67980383
1036;103.55176293;0.00000000;28.65987046;21.90127550;0.93390210;2.26641803;1.74738604;0.07257845;9.81371000;3.65752391
1037;103.65171637;0.00000000;28.64195338;21.99960950;0.95185606;2.24850602;1.75467721;0.07331409;9.85089174;3.63545231
1038;103.75166981;0.00000000;28.62331608;22.09781020;0.97053512;2.22987563;1.76204214;0.07405280;9.88771056;3.61358561
1039;103.85162324;0.00000000;28.60395256;22.19586956;0.98994583;2.21052128;1.76948103;0.07479560;9.92417254;3.59192050
1040;103.95157668;0.00000000;28.58385634;22.29378216;1.01009526;2.19043695;1.77699441;0.07554169;9.96028364;3.57045375
1041;104.05153012;0.00000000;28.56302156;22.39153944;1.03098992;2.16961736;1.78458250;0.07629212;9.99604965;3.54918221
1042;104.15148356;0.00000000;28.54144174;22.48913583;1.05263696;2.14805665;1.79224586;0.07704609;10.03147619;3.52810281
1043;104.25143700;0.00000000;28.51911117;22.58656225;1.07504286;2.12574991;1.79998472;0.07780468;10.06656875;3.50721257
1044;104.35139044;0.00000000;28.49602340;22.68381299;1.09821485;2.10269150;1.80779969;0.07856706;10.10133270;3.48650856
1045;104.45134388;0.00000000;28.47217286;22.78087844;1.12215938;2.07887691;1.81569101;0.07933435;10.13577325;3.45252032
1046;104.55129732;0.00000000;28.44755311;22.87775274;1.14688377;2.05430082;1.82365932;0.08010573;10.16976312;3.31531810
1047;104.65125076;0.00000000;28.42215879;22.97442573;1.17234147;2.02895924;1.83170489;0.08088234;10.20229567;3.17883059
1048;104.75120420;0.00000000;28.39598344;23.07089138;1.19835508;2.00284723;1.83982842;0.08166334;10.23339176;3.04318725
1049;104.85115764;0.00000000;28.36902189;23.16713898;1.22516379;1.97596143;1.84803017;0.08244992;10.26307269;2.90830478
1050;104.95111107;0.00000000;28.34126772;23.26316234;1.25277550;1.94829740;1.85631090;0.08324123;10.29135808;2.77431242
1051;105.05106451;0.00000000;28.31271595;23.35895018;1.28119654;1.91985257;1.86467089;0.08403847;10.31826804;1.38000542
1052;105.15101795;0.00000000;28.28336019;23.45449613;1.31043489;1.89050059;1.87311095;0.08484083;10.33162755;-3.32455776
1053;105.25097139;0.00000000;28.25319567;23.54978833;1.31383248;1.86023195;1.88163139;0.08564950;10.29941386;-3.29255582
1054;105.35092483;0.00000000;28.22221601;23.64482020;1.31552465;1.82915140;1.89023308;0.08646370;10.26741065;-3.26038273
1055;105.45087827;0.00000000;28.19041670;23.73957934;1.32563353;1.80185784;1.89891633;0.08728464;10.23562155;-3.22811520
1056;105.55083171;0.00000000;28.15779138;23.83405893;1.34397678;1.77891172;1.90768210;0.08811155;10.20404949;-3.19561758
1057;105.65078515;0.00000000;28.12433578;23.92824599;1.37022971;1.76047740;1.91653070;0.08894565;10.17269876;-3.16296108
1058;105.75073859;0.00000000;28.09004358;24.02213346;1.40395528;1.74626250;1.92546318;0.08978620;10.14157297;-3.13001055
1059;105.85069203;0.00000000;28.05491078;24.11570778;1.43891649;1.73187201;1.93447987;0.09063444;10.11067712;-3.09683009
1060;105.95064547;0.00000000;28.01893108;24.20896164;1.47475470;1.72226463;1.94358188;0.09148967;10.08001558;-3.06328571
1061;106.05059891;0.00000000;27.98210079;24.30188087;1.51147580;1.68904077;1.95276959;0.09235311;10.04959413;-3.02943420
1062;106.15055234;0.00000000;27.94441362;24.39445790;1.54516180;1.65121470;1.96204417;0.09322412;10.01941802;-2.99514252
1063;106.25050578;0.00000000;27.90586621;24.48667795;1.55556856;1.61255096;1.97140605;0.09410392;9.98949388;-2.96045744
1064;106.35045922;0.00000000;27.86645229;24.57853317;1.56955216;1.57304999;1.98085649;0.09499193;9.95982792;-2.92524801
1065;106.45041266;0.00000000;27.82616885;24.67000815;1.59063111;1.53271660;1.99039593;0.09588936;9.93042773;-2.88955092
1066;106.55036610;0.00000000;27.78500966;24.76109474;1.61853572;1.49464395;2.00002575;0.09679569;9.90130061;-2.85323733
1067;106.65031954;0.00000000;27.74297204;24.85177689;1.65292512;1.46150058;2.00974642;0.09771211;9.87245522;-2.81633264
1068;106.75027298;0.00000000;27.70004981;24.94204615;1.69341089;1.43362126;2.01955941;0.09863821;9.84390003;-2.77870859
1069;106.85022642;0.00000000;27.65624070;25.03188579;1.73293040;1.41131288;2.02946527;0.09957512;9.81564490;-2.74037298
1070;106.95017986;0.00000000;27.61153856;25.12128704;1.74867480;1.39483466;2.03946554;0.10052259;9.78769970;-2.70120589
1071;107.05013330;0.00000000;27.56594151;25.21023249;1.77090575;1.37522717;2.04956084;0.10148167;9.76007560;-2.66119814
1072;107.15008674;0.00000000;27.51944345;25.29871304;1.79939081;1.33752655;2.05975283;0.10245223;9.73278398;-2.62022697
1073;107.25004017;0.00000000;27.47204297;25.38671054;1.82980900;1.30542079;2.07004219;0.10343533;9.70583755;-2.57829070
1074;107.34999361;0.00000000;27.42373398;25.47421558;1.85063250;1.27932336;2.08043069;0.10443072;9.67924917;-2.53526389
1075;107.44994705;0.00000000;27.37451556;25.56120924;1.87755391;1.25960224;2.09091908;0.10543945;9.65303309;-2.49104562
1076;107.54990049;0.00000000;27.32438167;25.64768174;1.89135834;1.24166579;2.10150926;0.10646229;9.62720472;-2.44555157
1077;107.64985393;0.00000000;27.27333191;25.73361340;1.91124769;1.20839806;2.11220212;0.10749979;9.60178047;-2.39899904
1078;107.74980737;0.00000000;27.22136024;25.81899409;1.93713161;1.17920100;2.12299963;0.10854927;9.57677460;-2.35116241
1079;107.84976081;0.00000000;27.16846688;25.90380329;1.96877910;1.15685631;2.13390238;0.10961278;9.55220384;-2.30272506
1080;107.94971425;0.00000000;27.11464583;25.98803053;2.00362335;1.14175712;2.14491224;0.11068252;9.52807785;-2.25322515
1081;108.04966769;0.00000000;27.05989805;26.07165448;2.02046106;1.11673519;2.15602904;0.11176311;9.50441121;-2.20235716
1082;108.14962113;0.00000000;27.00421767;26.15466439;2.04237733;1.09240274;2.16725494;0.11285742;9.48122176;-2.14989435
1083;108.24957457;0.00000000;26.94760640;26.23703807;2.06677966;1.07571471;2.17859058;0.11396743;9.45852987;-2.09571550
1084;108.34952800;0.00000000;26.89005841;26.31876444;2.09419420;1.03530986;2.19003840;0.11509389;9.43635732;-2.03962747
1085;108.44948144;0.00000000;26.83157622;26.39982037;2.11242216;1.00013729;2.20159927;0.11623833;9.41472803;-1.98177677
1086;108.54943488;0.00000000;26.77215397;26.48019443;2.13115298;0.97285961;2.21327580;0.11739844;9.39366452;-1.92191000
1087;108.64938832;0.00000000;26.71179509;26.55986252;2.15441955;0.95414865;2.22506867;0.11857634;9.37319209;-1.85994676
1088;108.74934176;0.00000000;26.65049369;26.63881288;2.17175960;0.94450302;2.23698066;0.11977214;9.35333704;-1.79561594
1089;108.84929520;0.00000000;26.58825420;26.71702036;2.19468086;0.94415344;2.24901265;0.12098804;9.33412866;-1.72885279
1090;108.94924864;0.00000000;26.52507075;26.79447282;2.22302099;0.90495896;2.26116769;0.12222382;9.31559705;-1.65952962
1091;109.04920208;0.00000000;26.46094872;26.87114413;2.25658083;0.87370951;2.27344672;0.12347992;9.29777376;-1.58737893
1092;109.14915552;0.00000000;26.39588232;26.94702167;2.29514101;0.85187293;2.28585293;0.12475829;9.28069335;-1.51222292
1093;109.24910896;0.00000000;26.32987790;27.02207840;2.33182897;0.84017617;2.29838753;0.12605975;9.26439233;-1.43414843
1094;109.34906240;0.00000000;26.26292958;27.09630133;2.34620642;0.81336073;2.31105388;0.12738198;9.24890637;-1.35256899
1095;109.44901584;0.00000000;26.19504528;27.16966193;2.34972275;0.77829840;2.32385300;0.12873034;9.23427752;-1.26762831
1096;109.54896927;0.00000000;26.12621883;27.24214705;2.35875484;0.74523536;2.33678881;0.13010159;9.22054628;-1.17910950
1097;109.64892271;0.00000000;26.05645978;27.31372674;2.37325067;0.71996709;2.34986205;0.13149662;9.20775551;-1.08629205
1098;109.74887615;0.00000000;25.98576162;27.38438770;2.39312389;0.70672007;2.36307694;0.13292194;9.19595586;-0.98892891
1099;109.84882959;0.00000000;25.91413549;27.45409869;2.41824978;0.70537011;2.37643509;0.13437838;9.18520063;-0.88812809
1100;109.94878303;0.00000000;25.84157468;27.52284591;2.44847928;0.70268174;2.38994070;0.13585091;9.17553092;-0.78310860
1101;110.04873647;0.00000000;25.76809223;27.59059678;2.48363032;0.69864332;2.40359351;0.13734651;9.16699617;-0.66890741
1102;110.14868991;0.00000000;25.69368096;27.65733750;2.51923808;0.66684246;2.41739992;0.13892041;9.15969976;-0.54682610
1103;110.24864335;0.00000000;25.61835611;27.72303334;2.53898083;0.63436610;2.43136629;0.14055358;9.15373068;-0.44075969
1104;110.34859679;0.00000000;25.54210859;27.78767080;2.53096688;0.61515902;2.44549016;0.14196465;9.14891657;-0.33794286
1105;110.44855023;0.00000000;25.46495963;27.85121319;2.52830307;0.59667550;2.45974595;0.14330555;9.14522375;-0.32306971
1106;110.54850367;0.00000000;25.38690243;27.91364991;2.53101869;0.59123736;2.47410125;0.14359128;9.14169205;-0.32306971
1107;110.64845710;0.00000000;25.30796437;27.97495447;2.53909898;0.60115414;2.48844311;0.14339346;9.13815899;-0.29702751
1108;110.74841054;0.00000000;25.22815180;28.03512518;2.55248976;0.62280538;2.50273995;0.14246074;9.13490951;-0.21045115
1109;110.84836398;0.00000000;25.14749316;28.09415153;2.55633952;0.61452807;2.51691710;0.14122284;9.13260648;-0.10104804
1110;110.94831742;0.00000000;25.06600621;28.15203592;2.54304324;0.60740472;2.53096505;0.13981893;9.13150048;0.01894632
1111;111.04827086;0.00000000;24.98372046;28.20877438;2.53501725;0.61523998;2.54486781;0.13837575;9.13170786;0.13874641
1112;111.14822430;0.00000000;24.90065546;28.26437097;2.53229835;0.63749532;2.55862638;0.13690934;9.13322642;0.25712275
1113;111.24817774;0.00000000;24.81683990;28.31882408;2.53488969;0.64047975;2.57223700;0.13543678;9.13603992;0.37279743
1114;111.34813118;0.00000000;24.73229315;28.37213865;2.54276000;0.64761531;2.58570251;0.13400844;9.14011763;0.48174200
1115;111.44808462;0.00000000;24.64704088;28.42431538;2.54073078;0.63787252;2.59902688;0.13260885;9.14538429;0.58552309
1116;111.54803806;0.00000000;24.56110349;28.47535817;2.53699478;0.62946882;2.61221259;0.13123114;9.15178146;0.68493908
1117;111.64799150;0.00000000;24.47450469;28.52526893;2.53850453;0.63275878;2.62526148;0.12987290;9.15925913;0.78038608
1118;111.74794493;0.00000000;24.38726463;28.57405172;2.54523693;0.63864832;2.63817586;0.12853870;9.16777140;0.87165988
1119;111.84789837;0.00000000;24.29940546;28.62170940;2.55566856;0.65856999;2.65095789;0.12722520;9.17726992;0.95921360
1120;111.94785181;0.00000000;24.21094729;28.66824603;2.54494170;0.66998388;2.66360939;0.12592433;9.18771118;1.04388855
1121;112.04780525;0.00000000;24.12191019;28.71366572;2.51643278;0.67556522;2.67613143;0.12463568;9.19906067;1.12585249
1122;112.14775869;0.00000000;24.03231475;28.75797241;2.49282393;0.68323781;2.68852534;0.12336231;9.21128562;1.20497377
1123;112.24771213;0.00000000;23.94217875;28.80117151;2.47424618;0.68854171;2.70079293;0.12210551;9.22435176;1.28126620
1124;112.34766557;0.00000000;23.85152337;28.84326679;2.46080431;0.69758415;2.71293536;0.12085947;9.23822490;1.35534373
1125;112.44761901;0.00000000;23.76036471;28.88426449;2.45257200;0.71500637;2.72495408;0.11962779;9.25287749;1.42700204
1126;112.54757245;0.00000000;23.66872398;28.92416855;2.44959093;0.70688584;2.73685024;0.11841105;9.26827974;1.49629259
1127;112.64752589;0.00000000;23.57661548;28.96298603;2.43707095;0.71165294;2.74862572;0.11720832;9.28440243;1.56339275
1128;112.74747933;0.00000000;23.48406072;29.00072088;2.41607015;0.72906565;2.76028141;0.11601950;9.30121828;1.62840080
1129;112.84743277;0.00000000;23.39107208;29.03738088;2.39832050;0.75826303;2.77181927;0.11484452;9.31870109;1.69140825
1130;112.94738620;0.00000000;23.29767147;29.07297002;2.38577252;0.79397187;2.78324001;0.11368229;9.33682570;1.75258815
1131;113.04733964;0.00000000;23.20386950;29.10749667;2.37849786;0.80236080;2.79454558;0.11253324;9.35556885;1.81197699
1132;113.14729308;0.00000000;23.10968835;29.14096491;2.36289939;0.80561889;2.80573663;0.11139825;9.37490774;1.86956696
1133;113.24724652;0.00000000;23.01513685;29.17338362;2.34649973;0.81755508;2.81681526;0.11027561;9.39481956;1.92557526
1134;113.34719996;0.00000000;22.92023757;29.20475694;2.33536573;0.83148983;2.82778184;0.10916468;9.41528386;1.98011983
1135;113.44715340;0.00000000;22.82499749;29.23509423;2.32956227;0.85589565;2.83863842;0.10806561;9.43628157;2.03324241
1136;113.54710684;0.00000000;22.72943957;29.26439972;2.31511337;0.88523160;2.84938490;0.10696990;9.45779409;2.08575811
1137;113.64706028;0.00000000;22.63356926;29.29268317;2.28690467;0.89404889;2.86002283;0.10588488;9.47981151;2.13705187
1138;113.74701372;0.00000000;22.53740974;29.31994904;2.25971679;0.88449921;2.87055243;0.10481241;9.50231749;2.18700277
1139;113.84696716;0.00000000;22.44096483;29.34620740;2.23353830;0.88514662;2.88097589;0.10375023;9.52529446;2.23586178
1140;113.94692060;0.00000000;22.34425812;29.37146280;2.20826017;0.89597929;2.89129351;0.10270674;9.54872760;2.28290451
1141;114.04687403;0.00000000;22.24729159;29.39572552;2.18393975;0.91664637;2.90150802;0.10167444;9.57259458;2.32886314
1142;114.14682747;0.00000000;22.15008933;29.41900015;2.16061466;0.93987672;2.91161940;0.10065544;9.59688089;2.37357813
1143;114.24678091;0.00000000;22.05265174;29.44129706;2.13827391;0.96214191;2.92163007;0.09964662;9.62157042;2.41737444
1144;114.34673435;0.00000000;21.95500322;29.46262101;2.11691176;0.98344373;2.93153998;0.09865228;9.64665057;2.45988274
1145;114.44668779;0.00000000;21.85714261;29.48298242;2.09651733;1.00379048;2.94135164;0.09766738;9.67210498;2.50160748
1146;114.54664123;0.00000000;21.75909469;29.50238619;2.07708489;1.02318516;2.95106484;0.09669577;9.69792263;2.54221116
1147;114.64659467;0.00000000;21.66085675;29.52084274;2.05860367;1.04163684;2.96068209;0.09573328;9.72408910;2.58211597
1148;114.74654811;0.00000000;21.56245396;29.53835713;2.04106794;1.05914940;2.97020303;0.09478293;9.75059442;2.62105809
1149;114.84650155;0.00000000;21.46388216;29.55493975;2.02446708;1.07573235;2.97963013;0.09384111;9.77742599;2.65940593
1150;114.94645499;0.00000000;21.36516684;29.57059584;2.00879527;1.09139025;2.98896293;0.09291067;9.80457508;2.69690420
1151;115.04640843;0.00000000;21.26630249;29.58533570;1.99404208;1.10613283;2.99820388;0.09198835;9.83203042;2.73388897
1152;115.14636186;0.00000000;21.16731486;29.59916480;1.98020156;1.11996518;3.00735242;0.09107655;9.85978425;2.77014328
1153;115.24631530;0.00000000;21.06819716;29.61209329;1.96726351;1.13684778;3.01641096;0.09017241;9.88782667;2.80596435
1154;115.34626874;0.00000000;20.96897540;29.62412687;1.95522177;1.16124806;3.02537886;0.08927810;9.91615085;2.84115253
1155;115.44622218;0.00000000;20.86964159;29.63527554;1.94406640;1.19271525;3.03425851;0.08839108;9.94474804;2.87597468
1156;115.54617562;0.00000000;20.77022191;29.64554525;1.93379104;1.22555742;3.04304917;0.08751306;9.97361222;2.91027251
1157;115.64612906;0.00000000;20.67070729;29.65494577;1.92438598;1.26268413;3.05175321;0.08664197;10.00273584;2.94426702
1158;115.74608250;0.00000000;20.57112403;29.66348335;1.91584463;1.28471330;3.06036981;0.08577931;10.03211361;2.97781712
1159;115.84603594;0.00000000;20.47146204;29.67116751;1.90815757;1.29238702;3.06890130;0.08492321;10.06173890;3.01112219
1160;115.94598938;0.00000000;20.37174770;29.67800479;1.90131794;1.29921566;3.07734682;0.08407488;10.09160709;3.04407053
1161;116.04594282;0.00000000;20.27197002;29.68400444;1.87398852;1.30520866;3.08570866;0.08323281;10.12171252;3.07682546
1162;116.14589626;0.00000000;20.17215537;29.68917331;1.84280540;1.31037214;3.09398589;0.08239793;10.15205117;3.10929944
1163;116.24584970;0.00000000;20.07229201;29.69352035;1.81739135;1.32097514;3.10218076;0.08156900;10.18261819;3.14162837
1164;116.34580313;0.00000000;19.97240605;29.69705271;1.78479697;1.33817834;3.11029234;0.08074670;10.21341012;3.17374920
1165;116.44575657;0.00000000;19.87248535;29.69977906;1.75131583;1.36174161;3.11832276;0.07993009;10.24442290;3.20576888
1166;116.54571001;0.00000000;19.77255545;29.70170684;1.72376576;1.39134375;3.12627113;0.07911959;10.27565355;3.23764765
1167;116.64566345;0.00000000;19.67260411;29.70284440;1.70242331;1.42554757;3.13413948;0.07831450;10.30709872;3.26946655
1168;116.74561689;0.00000000;19.57265615;29.70319949;1.68752141;1.43455103;-3.14125837;0.07751506;10.33875586;3.30120673
1169;116.84557033;0.00000000;19.47269928;29.70278016;1.67922173;1.44964350;-3.13354987;0.07672077;10.37062229;3.32581398
1170;116.94552377;0.00000000;19.37275762;29.70159442;1.66025674;1.47064163;-3.12592118;0.07593169;10.40262754;3.30667804
1171;117.04547721;0.00000000;19.27281887;29.69965003;1.63714295;1.49730699;-3.11837044;0.07514752;10.43435132;3.28770258
1172;117.14543065;0.00000000;19.17290639;29.69695527;1.62062271;1.52934441;-3.11089851;0.07436816;10.46579772;3.26888536
1173;117.24538409;0.00000000;19.07300795;29.69351760;1.60614373;1.55085582;-3.10350359;0.07359346;10.49697073;3.25022418
1174;117.34533753;0.00000000;18.97314613;29.68934555;1.57606270;1.57025461;-3.09618651;0.07282320;10.52787427;3.23171689
1175;117.44529096;0.00000000;18.87330879;29.68444630;1.55110080;1.59499350;-3.08894559;0.07205737;10.55851216;3.21336141
1176;117.54524440;0.00000000;18.77351773;29.67882858;1.53297790;1.61997526;-3.08178161;0.07129565;10.58888815;3.19515568
1177;117.64519784;0.00000000;18.67376093;29.67249935;1.52192863;1.63252473;-3.07469296;0.07053813;10.61900587;3.17709768
1178;117.74515128;0.00000000;18.57405941;29.66546752;1.49637483;1.65035064;-3.06768042;0.06978440;10.64886893;3.15918546
1179;117.84510472;0.00000000;18.47440131;29.65773980;1.47522043;1.67329361;-3.06074245;0.06903467;10.67848081;3.14141709
1180;117.94505816;0.00000000;18.37480681;29.64932527;1.46130136;1.70114907;-3.05387979;0.06828844;10.70784494;3.12379069
1181;118.04501160;0.00000000;18.27526428;29.64023042;1.45481630;1.72445223;-3.04709100;0.06754600;10.73696468;3.10630440
1182;118.14496504;0.00000000;18.17579306;29.63046448;1.45585850;1.74098271;-3.04037677;0.06680678;10.76584331;3.08895642
1183;118.24491848;0.00000000;18.07638175;29.62003375;1.43710486;1.75678375;-3.03373575;0.06607115;10.79448404;3.07174498
1184;118.34487192;0.00000000;17.97704887;29.60894755;1.40198975;1.76199194;-3.02716859;0.06533852;10.82289003;3.05466834
1185;118.44482536;0.00000000;17.87778327;29.59721200;1.37389626;1.77218280;-3.02067402;0.06460928;10.85106437;3.03772481
1186;118.54477879;0.00000000;17.77860261;29.58483654;1.35326000;1.78727637;-3.01425266;0.06388278;10.87901006;3.02091271
1187;118.64473223;0.00000000;17.67949603;29.57182713;1.34041609;1.80715836;-3.00790331;0.06315950;10.90673009;3.00423041
1188;118.74468567;0.00000000;17.58048037;29.55819325;1.33558448;1.83167632;-3.00162655;0.06243879;10.93422734;2.98767631
1189;118.84463911;0.00000000;17.48154505;29.54394072;1.33884425;1.85530779;-2.99542126;0.06172110;10.96150467;2.97124883
1190;118.94459255;0.00000000;17.38270606;29.52907909;1.30464683;1.87079456;-2.98928800;0.06100574;10.98856486;2.95494643
1191;119.04454599;0.00000000;17.28395314;29.51361404;1.27293851;1.88945084;-2.98322570;0.06029324;11.01541065;2.93876761
1192;119.14449943;0.00000000;17.18530144;29.49755515;1.23723913;1.91257081;-2.97723489;0.05958292;11.04204472;2.92271087
1193;119.24445287;0.00000000;17.08674105;29.48090801;1.20934747;1.93616155;-2.97131458;0.05887533;11.06846971;2.90677477
1194;119.34440631;0.00000000;16.98828626;29.46368218;1.18981029;1.95863152;-2.96546524;0.05816977;11.09468818;2.89095787
1195;119.44435975;0.00000000;16.88992750;29.44588315;1.17903426;1.97571468;-2.95968596;0.05746669;11.12070269;2.87525876
1196;119.54431319;0.00000000;16.79167823;29.42752050;1.17725461;1.99300627;-2.95397720;0.05676531;11.14651570;2.85967608
1197;119.64426663;0.00000000;16.69352923;29.40859963;1.18450476;2.01456392;-2.94833810;0.05606637;11.17212966;2.84420847
1198;119.74422006;0.00000000;16.59549312;29.38913008;1.15981830;2.03599665;-2.94276906;0.05536962;11.19754696;2.82885461
1199;119.84417350;0.00000000;16.49756112;29.36911721;1.12981362;2.03431598;-2.93726925;0.05467503;11.22276996;2.81361318
1200;119.94412694;0.00000000;16.39974494;29.34857050;1.10858298;2.03699767;-2.93183921;0.05397938;11.24780095;2.79848291
1201;120.04408038;0.00000000;16.30203620;29.32749529;1.09118002;2.04403163;-2.92647834;0.05328530;11.27264220;2.78346254
1202;120.14403382;0.00000000;16.20444579;29.30590102;1.07198392;2.05537920;-2.92118735;0.05258648;11.29729593;2.76855084
1203;120.24398726;0.00000000;16.10696565;29.28379306;1.06241218;2.07097706;-2.91596587;0.05188947;11.32176434;2.75374658
1204;120.34394070;0.00000000;16.00960589;29.26118083;1.05495460;2.09073506;-2.91081433;0.05119185;11.34604956;2.73904858
1205;120.44389414;0.00000000;15.91235887;29.23806973;1.05648650;2.11454450;-2.90573220;0.05049627;11.37015371;2.72445566
1206;120.54384758;0.00000000;15.81523381;29.21446908;1.05534941;2.11852806;-2.90071968;0.04980317;11.39407885;2.70996668
1207;120.64380102;0.00000000;15.71822352;29.19038426;1.01563173;2.12466933;-2.89577615;0.04911174;11.41782701;2.69558049
1208;120.74375446;0.00000000;15.62133640;29.16582447;0.98497192;2.13498958;-2.89090187;0.04842141;11.44140021;2.68129598
1209;120.84370789;0.00000000;15.52456564;29.14079511;0.95974670;2.14943593;-2.88609632;0.04773265;11.46480040;2.66711206
1210;120.94366133;0.00000000;15.42791888;29.11530526;0.93327822;2.16793128;-2.88135976;0.04704472;11.48802952;2.65302764
1211;121.04361477;0.00000000;15.33138971;29.08936033;0.90465970;2.19038057;-2.87669171;0.04635830;11.51108947;2.63904167
1212;121.14356821;0.00000000;15.23498498;29.06296926;0.88690910;2.21666828;-2.87209238;0.04567288;11.53398211;2.62515311
1213;121.24352165;0.00000000;15.13869869;29.03613752;0.88067614;2.23017961;-2.86756134;0.04498880;11.55670929;2.61136092
1214;121.34347509;0.00000000;15.04253694;29.00887390;0.88619763;2.24381015;-2.86309878;0.04430547;11.57927280;2.59766411
1215;121.44342853;0.00000000;14.94649409;28.98118390;0.90325158;2.26134655;-2.85870433;0.04362340;11.60167443;2.58406167
1216;121.54338197;0.00000000;14.85057552;28.95307615;0.91839789;2.27852069;-2.85437814;0.04294200;11.62391592;2.57055263
1217;121.64333541;0.00000000;14.75477599;28.92455622;0.89048963;2.27960479;-2.85011989;0.04226176;11.64599898;2.55713602
1218;121.74328885;0.00000000;14.65910012;28.89563257;0.86957418;2.28464360;-2.84592970;0.04158210;11.66792533;2.54381090
1219;121.84324229;0.00000000;14.56354310;28.86631085;0.86025669;2.29361794;-2.84180730;0.04090350;11.68969661;2.53057635
1220;121.94319572;0.00000000;14.46810881;28.83659933;0.84165610;2.30648805;-2.83775280;0.04022537;11.71131446;2.51743143
1221;122.04314916;0.00000000;14.37279284;28.80650373;0.83485860;2.32319614;-2.83376594;0.03954821;11.73278050;2.50437525
1222;122.14310260;0.00000000;14.27759835;28.77603216;0.81525532;2.33760239;-2.82984682;0.03887146;11.75409631;2.49140691
1223;122.24305604;0.00000000;14.18252133;28.74519042;0.79972570;2.35404394;-2.82599524;0.03819557;11.77526345;2.47852555
1224;122.34300948;0.00000000;14.08756425;28.71398642;0.77654953;2.37421033;-2.82221126;0.03752001;11.79628347;2.46573029
1225;122.44296292;0.00000000;13.99272350;28.68242607;0.76327952;2.39121317;-2.81849470;0.03684524;11.81715787;2.45302030
1226;122.54291636;0.00000000;13.89800085;28.65051707;0.76335069;2.38802514;-2.81484563;0.03617072;11.83788815;2.44039472
1227;122.64286980;0.00000000;13.80339307;28.61826544;0.77675276;2.38865719;-2.81126390;0.03549691;11.85847577;2.42785274
1228;122.74282324;0.00000000;13.70890130;28.58567868;0.78176084;2.39311301;-2.80774955;0.03482329;11.87892217;2.41539354
1229;122.84277668;0.00000000;13.61452268;28.55276292;0.75695988;2.40137803;-2.80430247;0.03415030;11.89922879;2.40301632
1230;122.94273012;0.00000000;13.52025768;28.51952545;0.73791059;2.41115484;-2.80092267;0.03347743;11.91939702;2.39072030
1231;123.04268356;0.00000000;13.42610383;28.48597253;0.73246630;2.41552725;-2.79761008;0.03280514;11.93942824;2.37850470
1232;123.14263699;0.00000000;13.33206097;28.45211123;0.72434245;2.42369081;-2.79436470;0.03213291;11.95932381;2.36636874
1233;123.24259043;0.00000000;13.23812701;28.41794793;0.72160640;2.43561402;-2.79118647;0.03146118;11.97908509;2.35431168
1234;123.34254387;0.00000000;13.14430117;28.38348950;0.70215831;2.45124844;-2.78807539;0.03078946;11.99871337;2.34233277
1235;123.44249731;0.00000000;13.05058171;28.34874243;0.68902005;2.45731535;-2.78503143;0.03011819;12.01820998;2.33043127
1236;123.54245075;0.00000000;12.95696727;28.31371339;0.69055507;2.45035844;-2.78205456;0.02944688;12.03757618;2.31860647
1237;123.64240419;0.00000000;12.86345646;28.27840901;0.70666118;2.44717300;-2.77914478;0.02877596;12.05681325;2.30685764
1238;123.74235763;0.00000000;12.77004734;28.24283572;0.70172875;2.44778049;-2.77630205;0.02810497;12.07592242;2.29518409
1239;123.84231107;0.00000000;12.67673887;28.20700030;0.70342216;2.45218476;-2.77352639;0.02743431;12.09490494;2.28358512
1240;123.94226451;0.00000000;12.58352857;28.17090898;0.69102625;2.46037210;-2.77081775;0.02676353;12.11376200;2.27206005
1241;124.04221795;0.00000000;12.49041570;28.13456865;0.67453125;2.47231140;-2.76817616;0.02609302;12.13249481;2.26060820
1242;124.14217139;0.00000000;12.39739727;28.09798534;0.65701057;2.48795532;-2.76560158;0.02542239;12.15110453;2.24922890
1243;124.24212482;0.00000000;12.30447285;28.06116609;0.65471131;2.49035173;-2.76309404;0.02475202;12.16959234;2.23792151
1244;124.34207826;0.00000000;12.21163895;28.02411670;0.65310645;2.49494164;-2.76065348;0.02408186;12.18795937;2.22668536
1245;124.44203170;0.00000000;12.11889546;27.98684435;0.65361262;2.50327761;-2.75827991;0.02341169;12.20620675;2.21551983
1246;124.54198514;0.00000000;12.02623840;27.94935466;0.63285173;2.51532919;-2.75597352;0.02273726;12.22433560;2.20442427
1247;124.64193858;0.00000000;11.93366791;27.91165495;0.62158890;2.52447213;-2.75373457;0.02206245;12.24234702;2.19339808
1248;124.74189202;0.00000000;11.84117957;27.87375071;0.62649773;2.51465363;-2.75156356;0.02137776;12.26024208;2.18244063
1249;124.84184546;0.00000000;11.74877370;27.83564946;0.64720365;2.50856878;-2.74946100;0.02069298;12.27802186;2.17155132
1250;124.94179890;0.00000000;11.65644550;27.79735661;0.64903500;2.50625151;-2.74742709;0.02000400;12.29568741;2.16072954
1251;125.04175234;0.00000000;11.56419545;27.75887981;0.65406548;2.50771919;-2.74546206;0.01931512;12.31323977;2.14997472
1252;125.14170578;0.00000000;11.47201837;27.72022437;0.63860208;2.51297211;-2.74356586;0.01862624;12.33067996;2.13928627
1253;125.24165922;0.00000000;11.37991498;27.68139804;0.63171346;2.52199327;-2.74173855;0.01793751;12.34800900;2.12866360
1254;125.34161265;0.00000000;11.28787971;27.64240594;0.61548822;2.53132948;-2.73997995;0.01725050;12.36522789;2.11810617
1255;125.44156609;0.00000000;11.19591353;27.60325594;0.61545318;2.52960287;-2.73829005;0.01656462;12.38233762;2.10761339
1256;125.54151953;0.00000000;11.10401051;27.56395292;0.61642766;2.53165883;-2.73666746;0.01590191;12.39933914;2.09718472
1257;125.64147297;0.00000000;11.01217194;27.52450468;0.61515195;2.53749469;-2.73511114;0.01524045;12.41623344;2.08681962
1258;125.74142641;0.00000000;10.92039165;27.48491571;0.61928155;2.53529555;-2.73361950;0.01460598;12.43302145;2.07651753
1259;125.84137985;0.00000000;10.82867127;27.44519367;0.63354830;2.52685570;-2.73219130;0.01397151;12.44970412;2.06627794
1260;125.94133329;0.00000000;10.73700438;27.40534267;0.62565006;2.52221186;-2.73082652;0.01333645;12.46628236;2.05610031
1261;126.04128673;0.00000000;10.64539282;27.36537045;0.63036873;2.52139158;-2.72952526;0.01270143;12.48275708;2.04598412
1262;126.14124017;0.00000000;10.55382996;27.32528102;0.62511799;2.52440486;-2.72828732;0.01206857;12.49912920;2.03592886
1263;126.24119361;0.00000000;10.46231763;27.28508209;0.63044073;2.53124418;-2.72711267;0.01143553;12.51539959;2.02593402
1264;126.34114705;0.00000000;10.37084893;27.24477754;0.61290468;2.53881872;-2.72600139;0.01080012;12.53156914;2.01599911
1265;126.44110049;0.00000000;10.27942643;27.20437545;0.61152445;2.54598155;-2.72495364;0.01016724;12.54763871;2.00612362
1266;126.54105392;0.00000000;10.18804238;27.16387919;0.59880813;2.54986531;-2.72396632;0.00958796;12.56360916;1.99630706
1267;126.64100736;0.00000000;10.09670002;27.12329664;0.60006967;2.54963434;-2.72303693;0.00901533;12.57948133;1.98654896
1268;126.74096080;0.00000000;10.00539263;27.08263080;0.60272394;2.55012322;-2.72215652;0.00860093;12.59525606;1.97684883
1269;126.84091424;0.00000000;9.91412090;27.04188678;0.59705823;2.55444021;-2.72131752;0.00821147;12.61093418;1.96720621
1270;126.94086768;0.00000000;9.82288342;27.00106722;0.60235723;2.54646138;-2.72048660;0.00841470;12.62651650;1.95762062
1271;127.04082112;0.00000000;9.73167873;26.96017022;0.61989782;2.53671259;-2.71963535;0.00862718;12.64200383;1.94809162
1272;127.14077456;0.00000000;9.64051107;26.91919501;0.61276374;2.53079046;-2.71875151;0.00905799;12.65739696;1.93861873
1273;127.24072800;0.00000000;9.54937890;26.87813652;0.62191463;2.52871772;-2.71782459;0.00948898;12.67269667;1.92920151
1274;127.34068144;0.00000000;9.45828726;26.83699232;0.61888673;2.53049960;-2.71685452;0.00992168;12.68790375;1.91983951
1275;127.44063488;0.00000000;9.36723504;26.79575716;0.62045068;2.53612371;-2.71584118;0.01035431;12.70301896;1.91053231
1276;127.54058832;0.00000000;9.27622697;26.75442843;0.60342882;2.54556011;-2.71478459;0.01078743;12.71804306;1.90127945
1277;127.64054175;0.00000000;9.18526208;26.71300094;0.60283031;2.55261830;-2.71368470;0.01122055;12.73297680;1.89208052
1278;127.74049519;0.00000000;9.09434511;26.67147210;0.61870706;2.55149698;-2.71254154;0.01165342;12.74782092;1.88293508
1279;127.84044863;0.00000000;9.00347522;26.62983676;0.63840083;2.55417322;-2.71135510;0.01208628;12.76257614;1.87384272
1280;127.94040207;0.00000000;8.91265702;26.58809229;0.64191431;2.54984794;-2.71012539;0.01251959;12.77724320;1.86480302
1281;128.04035551;0.00000000;8.82188983;26.54623361;0.64344110;2.54145526;-2.70885235;0.01295293;12.79182281;1.85581557
1282;128.14030895;0.00000000;8.73117817;26.50425802;0.63509765;2.53377286;-2.70753600;0.01338635;12.80631567;1.84687996
1283;128.24026239;0.00000000;8.64052154;26.46216054;0.62461559;2.52988525;-2.70617632;0.01381980;12.82072249;1.83799580
1284;128.34021583;0.00000000;8.54992432;26.41993841;0.61861308;2.52500398;-2.70477332;0.01425354;12.83504394;1.82916268
1285;128.44016927;0.00000000;8.45938622;26.37758673;0.62879027;2.52143127;-2.70332694;0.01468732;12.84928073;1.82038022
1286;128.54012271;0.00000000;8.36891147;26.33510269;0.62758430;2.52167164;-2.70183721;0.01512135;12.86343351;1.81164802
1287;128.64007615;0.00000000;8.27850000;26.29248145;0.63169955;2.52571966;-2.70030408;0.01555542;12.87750297;1.80296570
1288;128.74002958;0.00000000;8.18815590;26.24972017;0.64569077;2.52602587;-2.69872756;0.01598980;12.89148975;1.79433288
1289;128.83998302;0.00000000;8.09787931;26.20681410;0.67451603;2.50477313;-2.69710760;0.01642425;12.90539451;1.78574919
1290;128.93993646;0.00000000;8.00767417;26.16376031;0.66579008;2.48719645;-2.69544422;0.01685901;12.91921789;1.77721425
1291;129.03988990;0.00000000;7.91754088;26.12055418;0.65539675;2.47336959;-2.69373737;0.01729385;12.93296054;1.76872770
1292;129.13984334;0.00000000;7.82748319;26.07719268;0.66031900;2.46335166;-2.69198705;0.01772904;12.94662308;1.76028916
1293;129.23979678;0.00000000;7.73750175;26.03367131;0.65835904;2.45718476;-2.69019321;0.01816432;12.96020613;1.75189829
1294;129.33975022;0.00000000;7.64760015;25.98998697;0.65178539;2.45489368;-2.68835586;0.01859998;12.97371032;1.74355472
1295;129.43970366;0.00000000;7.55777930;25.94613527;0.66063255;2.45648490;-2.68647494;0.01903575;12.98713626;1.73525811
1296;129.53965710;0.00000000;7.46804261;25.90211301;0.68430670;2.46110164;-2.68455046;0.01947193;13.00048454;1.72700810
1297;129.63961054;0.00000000;7.37839128;25.85791595;0.72135356;2.45913701;-2.68258237;0.01990823;13.01375576;1.71880435
1298;129.73956398;0.00000000;7.28882851;25.81354079;0.73455923;2.45202159;-2.68057065;0.02034498;13.02695052;1.71064652
1299;129.83951742;0.00000000;7.19935578;25.76898340;0.74663932;2.43899188;-2.67851526;0.02078186;13.04006939;1.70253427
1300;129.93947085;0.00000000;7.10997612;25.72424041;0.74639126;2.42980000;-2.67641619;0.02121922;13.05311297;1.69446727
1301;130.03942429;0.00000000;7.02069131;25.67930783;0.72663054;2.42448519;-2.67427339;0.02165674;13.06608181;1.68644518
1302;130.13937773;0.00000000;6.93150416;25.63418218;0.70494169;2.41925759;-2.67208683;0.02209476;13.07897648;1.67846767
1303;130.23933117;0.00000000;6.84241676;25.58885960;0.69726805;2.41030791;-2.66985649;0.02253297;13.09179755;1.67053444
1304;130.33928461;0.00000000;6.75343172;25.54333653;0.70407245;2.40525676;-2.66758231;0.02297171;13.10454556;1.66264514
1305;130.43923805;0.00000000;6.66455145;25.49760926;0.71920799;2.40412432;-2.66526428;0.02341066;13.11722107;1.65479947
1306;130.53919149;0.00000000;6.57577835;25.45167411;0.74102462;2.40691177;-2.66290234;0.02385017;13.12982461;1.64699711
1307;130.63914493;0.00000000;6.48711515;25.40552752;0.77543201;2.40708822;-2.66049646;0.02428991;13.14235673;1.63923775
1308;130.73909837;0.00000000;6.39856405;25.35916571;0.78875386;2.38701991;-2.65804659;0.02473026;13.15481795;1.63152108
1309;130.83905181;0.00000000;6.31012809;25.31258529;0.79202519;2.37075435;-2.65555270;0.02517086;13.16720880;1.62384680
1310;130.93900525;0.00000000;6.22180926;25.26578234;0.79422827;2.35836583;-2.65301473;0.02561210;13.17952980;1.61621461
1311;131.03895868;0.00000000;6.13361094;25.21875367;0.80912264;2.34991146;-2.65043266;0.02605361;13.19178146;1.60862420
1312;131.13891212;0.00000000;6.04553493;25.17149522;0.80610404;2.34542934;-2.64780640;0.02649580;13.20396430;1.60107528
1313;131.23886556;0.00000000;5.95758492;25.12400397;0.81186729;2.34493792;-2.64513595;0.02693829;13.21607881;1.59356756
1314;131.33881900;0.00000000;5.86976250;25.07627576;0.82998108;2.34272124;-2.64242122;0.02738150;13.22812550;1.58610075
1315;131.43877244;0.00000000;5.78207170;25.02830772;0.84785329;2.31488217;-2.63966219;0.02782503;13.24010486;1.57867455
1316;131.53872588;0.00000000;5.69451392;24.98009559;0.85712929;2.29079762;-2.63685877;0.02826933;13.25201738;1.57128869
1317;131.63867932;0.00000000;5.60709351;24.93163668;0.86924396;2.27058330;-2.63401095;0.02871397;13.26386354;1.56394289
1318;131.73863276;0.00000000;5.51981169;24.88292660;0.87849360;2.25433871;-2.63111861;0.02915942;13.27564382;1.55663686
1319;131.83858620;0.00000000;5.43267313;24.83396284;0.86981116;2.24214617;-2.62818177;0.02960524;13.28735871;1.54937033
1320;131.93853964;0.00000000;5.34567887;24.78474090;0.87286170;2.23406743;-2.62520028;0.03005192;13.29900865;1.54214302
1321;132.03849308;0.00000000;5.25883388;24.73525845;0.88529234;2.23014297;-2.62217417;0.03049899;13.31059413;1.53495467
1322;132.13844652;0.00000000;5.17213905;24.68551086;0.89065674;2.22840364;-2.61910329;0.03094696;13.32211560;1.52780500
1323;132.23839995;0.00000000;5.08559968;24.63549600;0.90658158;2.22865773;-2.61598765;0.03139535;13.33357352;1.52069375
1324;132.33835339;0.00000000;4.99921647;24.58520912;0.90394102;2.23307671;-2.61282710;0.03184474;13.34496834;1.51362066
1325;132.43830683;0.00000000;4.91299503;24.53464828;0.91262521;2.23290376;-2.60962165;0.03229459;13.35630051;1.50658546
1326;132.53826027;0.00000000;4.82693592;24.48380861;0.93232228;2.20840168;-2.60637115;0.03274533;13.36757046;1.49958790
1327;132.63821371;0.00000000;4.74104506;24.43268836;0.96235966;2.18787385;-2.60307562;0.03319655;13.37877864;1.49262772
1328;132.73816715;0.00000000;4.65532286;24.38128253;1.00181238;2.17142806;-2.59973488;0.03364889;13.38992548;1.48570467
1329;132.83812059;0.00000000;4.56977553;24.32958958;1.01079956;2.15915385;-2.59634896;0.03410177;13.40101142;1.47881849
1330;132.93807403;0.00000000;4.48440335;24.27760440;0.99692873;2.15111780;-2.59291761;0.03455651;13.41203687;1.47196895
1331;133.03802747;0.00000000;4.39921284;24.22532562;0.99332040;2.14736336;-2.58944085;0.03501176;13.42300226;1.46515578
1332;133.13798091;0.00000000;4.31420415;24.17274803;1.00009010;2.14625160;-2.58591859;0.03546575;13.43390801;1.45837874
1333;133.23793435;0.00000000;4.22938409;24.11987047;1.01703468;2.12954135;-2.58235099;0.03592023;13.44475453;1.45163761
1334;133.33788778;0.00000000;4.14475266;24.06668763;1.03143132;2.11706516;-2.57873809;0.03637079;13.45554223;1.44493212
1335;133.43784122;0.00000000;4.06031694;24.01319862;1.04541936;2.10889435;-2.57508020;0.03682198;13.46627152;1.43826205
1336;133.53779466;0.00000000;3.97607680;23.95939802;1.04757519;2.08895623;-2.57137710;0.03727369;13.47694280;1.43162717
1337;133.63774810;0.00000000;3.89203959;23.90528517;1.05956838;2.06326457;-2.56762891;0.03772608;13.48755646;0.51365232
1338;133.73770154;0.00000000;3.80820509;23.85085455;1.06799991;2.04177644;-2.56383532;0.03818031;13.49136249;-5.71107785
1339;133.83765498;0.00000000;3.72458091;23.79610570;1.08195544;2.02462254;-2.55999638;0.03863524;13.44898428;-5.66858657
1340;133.93760842;0.00000000;3.64116675;23.74103298;1.10518517;2.01188590;-2.55611184;0.03909084;13.40678890;-5.62669302
1341;134.03756186;0.00000000;3.55797048;23.68563615;1.13712366;1.99455725;-2.55218183;0.03954721;13.36477362;-5.58523810
1342;134.13751530;0.00000000;3.47499173;23.62990946;1.17706740;1.98173010;-2.54820601;0.04000520;13.32293686;-5.54436767
1343;134.23746874;0.00000000;3.39223862;23.57385287;1.21813621;1.97348851;-2.54418449;0.04046399;13.28127589;-5.50401321
1344;134.33742218;0.00000000;3.30971073;23.51746055;1.22913774;1.96552636;-2.54011694;0.04092392;13.23978849;-5.46422595
1345;134.43737561;0.00000000;3.22741642;23.46073266;1.24135006;1.95243947;-2.53600348;0.04138470;13.19847199;-5.42488976
1346;134.53732905;0.00000000;3.14535523;23.40366327;1.26179058;1.94399613;-2.53184379;0.04184696;13.15732458;-5.38610615
1347;134.63728249;0.00000000;3.06353574;23.34625274;1.27712549;1.94025298;-2.52763796;0.04231011;13.11634364;-5.34778497
1348;134.73723593;0.00000000;2.98195747;23.28849508;1.26997004;1.94123242;-2.52338565;0.04277464;13.07552719;-5.31000153
1349;134.83718937;0.00000000;2.90062922;23.23039082;1.27108803;1.92027951;-2.51908699;0.04324010;13.03487267;-5.27265809
1350;134.93714281;0.00000000;2.81955051;23.17193391;1.28046245;1.88780675;-2.51474160;0.04370704;12.99437821;-5.23583732
1351;135.03709625;0.00000000;2.73873032;23.11312508;1.29791827;1.85972282;-2.51034962;0.04417497;12.95404126;-5.19944692
1352;135.13704969;0.00000000;2.65816819;23.05395822;1.32146432;1.83622338;-2.50591066;0.04464441;12.91385999;-5.16356528
1353;135.23700313;0.00000000;2.57787330;22.99443423;1.33377199;1.81748353;-2.50142486;0.04511489;12.87383189;-5.12809707
1354;135.33695657;0.00000000;2.49784523;22.93454695;1.34717388;1.80364620;-2.49689182;0.04558695;12.83395519;-5.09312534
1355;135.43691001;0.00000000;2.41809330;22.87429748;1.36128002;1.78731478;-2.49231168;0.04606010;12.79422741;-5.05855751
1356;135.53686345;0.00000000;2.33861716;22.81367962;1.38293330;1.76812386;-2.48768402;0.04653487;12.75464678;-5.02446899
1357;135.63681688;0.00000000;2.25942628;22.75269464;1.41178924;1.75396467;-2.48300900;0.04701080;12.71521092;-4.99075683
1358;135.73677032;0.00000000;2.18052038;22.69133631;1.42698401;1.74495439;-2.47828617;0.04748851;12.67591819;-4.95751386
1359;135.83672376;0.00000000;2.10190908;22.62960608;1.43826603;1.74116893;-2.47351568;0.04796741;12.63676624;-4.92463989
1360;135.93667720;0.00000000;2.02359218;22.56749769;1.45680497;1.73942768;-2.46869708;0.04844812;12.59775343;-4.89222075
1361;136.03663064;0.00000000;1.94557944;22.50501276;1.48233160;1.72448159;-2.46383053;0.04893010;12.55887745;-4.86015713
1362;136.13658408;0.00000000;1.86787076;22.44214503;1.49346755;1.71475123;-2.45891555;0.04941396;12.52013674;-4.82853605
1363;136.23653752;0.00000000;1.79047601;22.37889629;1.48345535;1.71032163;-2.45395230;0.04989915;12.48152901;-4.79725811
1364;136.33649096;0.00000000;1.71339521;22.31526028;1.47394013;1.69217410;-2.44894029;0.05038629;12.44305275;-4.76640986
1365;136.43644440;0.00000000;1.63663834;22.25123894;1.47067811;1.66568883;-2.44387968;0.05087483;12.40470570;-4.73588451
1366;136.53639784;0.00000000;1.56020558;22.18682604;1.47470849;1.64436011;-2.43876998;0.05136545;12.36648647;-4.70577700
1367;136.63635128;0.00000000;1.48410696;22.12202365;1.48597639;1.62838767;-2.43361133;0.05185753;12.32839286;-4.67599658
1368;136.73630471;0.00000000;1.40834284;22.05682560;1.50432443;1.61792465;-2.42840323;0.05235166;12.29042337;-4.64662051
1369;136.83625815;0.00000000;1.33292333;21.99123409;1.52950092;1.61307428;-2.42314582;0.05284734;12.25257586;-4.61751511
1370;136.93621159;0.00000000;1.25784895;21.92524301;1.56118108;1.59654873;-2.41783858;0.05334545;12.21484925;-4.58880385
1371;137.03616503;0.00000000;1.18312988;21.85885468;1.59431767;1.57957376;-2.41248165;0.05384517;12.17724142;-4.56040656
1372;137.13611847;0.00000000;1.10876685;21.79206305;1.61574785;1.56825900;-2.40707448;0.05434703;12.13975090;-4.53238988
1373;137.23607191;0.00000000;1.03477007;21.72487058;1.63842148;1.56105244;-2.40161725;0.05485059;12.10237564;-4.50463057
1374;137.33602535;0.00000000;0.96114048;21.65727131;1.66731144;1.54053150;-2.39610938;0.05535669;12.06511457;-4.47724037
1375;137.43597879;0.00000000;0.88788833;21.58926781;1.68673010;1.52245693;-2.39055101;0.05586457;12.02796568;-4.45010022
1376;137.53593223;0.00000000;0.81501479;21.52085421;1.68357604;1.51023609;-2.38494157;0.05637506;11.99092793;-4.42331841
1377;137.63588567;0.00000000;0.74253015;21.45203319;1.68514208;1.48578677;-2.37928118;0.05688740;11.95399937;-4.39680361
1378;137.73583911;0.00000000;0.67043579;21.38279901;1.68911192;1.46690957;-2.37356929;0.05740225;11.91717876;-4.37063299
1379;137.83579254;0.00000000;0.59874204;21.31315445;1.69953147;1.45409994;-2.36780601;0.05791907;11.88046422;-4.34466347
1380;137.93574598;0.00000000;0.52745052;21.24309389;1.71628862;1.42906580;-2.36199076;0.05843887;11.84385503;-4.31902805
1381;138.03569942;0.00000000;0.45657158;21.17262022;1.73920367;1.40292362;-2.35612362;0.05896073;11.80734934;-4.29360490
1382;138.13565286;0.00000000;0.38610711;21.10172795;1.76804272;1.38294312;-2.35020399;0.05948552;11.77094632;-4.26850050
1383;138.23560630;0.00000000;0.31606745;21.03042007;1.80252370;1.36939074;-2.34423198;0.06001249;11.73464421;-4.24357483
1384;138.33555974;0.00000000;0.24645477;20.95869127;1.81976427;1.35058077;-2.33820696;0.06054266;11.69844242;-4.21896488
1385;138.43551318;0.00000000;0.17727940;20.88654458;1.82186514;1.32275623;-2.33212901;0.06107505;11.66233917;-4.19453290
1386;138.53546662;0.00000000;0.10854383;20.81397491;1.82773996;1.30142795;-2.32599752;0.06161069;11.62633385;-4.17039386
1387;138.63542006;0.00000000;0.04025834;20.74098535;1.83964554;1.28691568;-2.31981254;0.06214874;11.59042486;-4.14640401
1388;138.73537350;0.00000000;-0.02757426;20.66757101;1.85747136;1.27944572;-2.31357343;0.06269028;11.55461180;-4.12269847
1389;138.83532694;0.00000000;-0.09494370;20.59373506;1.88105272;1.27487282;-2.30728024;0.06323432;11.51889309;-4.09912234
1390;138.93528038;0.00000000;-0.16184688;20.51947281;1.91018197;1.26966869;-2.30093232;0.06378204;11.48326849;-4.07582510
1391;139.03523381;0.00000000;-0.22827354;20.44478750;1.92300722;1.26382835;-2.29452968;0.06433233;11.44773645;-4.05276570
1392;139.13518725;0.00000000;-0.29422026;20.36967467;1.92750651;1.25734626;-2.28807174;0.06488552;11.41229574;-4.02994452
1393;139.23514069;0.00000000;-0.35967681;20.29413762;1.93177593;1.25021749;-2.28155853;0.06544163;11.37694513;-4.00694244
1394;139.33509413;0.00000000;-0.42463945;20.21817216;1.93955697;1.24243647;-2.27498926;0.06600388;11.34168705;-3.98421137
1395;139.43504757;0.00000000;-0.48909796;20.14178162;1.95024794;1.23399833;-2.26836381;0.06656884;11.30651997;-3.96192120
1396;139.53500101;0.00000000;-0.55304827;20.06496207;1.96662287;1.22157128;-2.26168167;0.06713519;11.27144083;-3.93977236
1397;139.63495445;0.00000000;-0.61648017;19.98771691;1.98854537;1.18554055;-2.25494292;0.06770528;11.23644921;-3.91659744
1398;139.73490789;0.00000000;-0.67938929;19.91004249;2.01583992;1.15639103;-2.24814636;0.06828833;11.20155508;-3.89354276
1399;139.83486133;0.00000000;-0.74176539;19.83194221;2.04829481;1.13465021;-2.24129151;0.06887534;11.16675827;-3.86929210
1400;139.93481477;0.00000000;-0.80360366;19.75341268;2.05023764;1.11329010;-2.23437708;0.06947680;11.13207043;-3.84528042
1401;140.03476821;0.00000000;-0.86489382;19.67445725;2.04307568;1.09893731;-2.22740251;0.07008130;11.09749044;-3.82177117
1402;140.13472164;0.00000000;-0.92563064;19.59507283;2.04148994;1.08573301;-2.22036735;0.07068673;11.06301477;-3.79845421
1403;140.23467508;0.00000000;-0.98580386;19.51526284;2.04549959;1.07451599;-2.21327163;0.07129559;11.02864264;-3.77537335
1404;140.33462852;0.00000000;-1.04540798;19.43502452;2.05507786;1.06712064;-2.20611477;0.07190755;10.99437290;-3.75245561
1405;140.43458196;0.00000000;-1.10443272;19.35436142;2.07015264;1.06834321;-2.19889670;0.07252323;10.96020501;-3.72958198
1406;140.53453540;0.00000000;-1.16287228;19.27327105;2.08654462;1.06410760;-2.19161671;0.07314362;10.92613951;-3.70685950
1407;140.63448884;0.00000000;-1.22071638;19.19175710;2.10762599;1.03117163;-2.18427466;0.07376785;10.89217600;-3.68427003
1408;140.73444228;0.00000000;-1.27795890;19.10981740;2.12228402;0.99875441;-2.17686988;0.07439611;10.85831419;-3.66180914
1409;140.83439572;0.00000000;-1.33458953;19.02745575;2.12081569;0.97345721;-2.16940223;0.07502844;10.82455386;-3.63943780
1410;140.93434916;0.00000000;-1.39060187;18.94467030;2.11973069;0.95722561;-2.16187103;0.07566519;10.79089512;-3.61717495
1411;141.03430260;0.00000000;-1.44598557;18.86146501;2.12410987;0.95051926;-2.15427610;0.07630622;10.75733793;-3.59499275
1412;141.13425604;0.00000000;-1.50073395;18.77783834;2.13392584;0.95353295;-2.14661674;0.07695180;10.72388249;-3.57289753
1413;141.23420947;0.00000000;-1.55483661;18.69379442;2.14910958;0.96138571;-2.13889275;0.07760189;10.69052893;-3.55087012
1414;141.33416291;0.00000000;-1.60828662;18.60933202;2.16955431;0.94178436;-2.13110343;0.07825667;10.65727758;-3.52890467
1415;141.43411635;0.00000000;-1.66107348;18.52445547;2.19222687;0.92379437;-2.12324855;0.07891622;10.62412882;-3.50697304
1416;141.53406979;0.00000000;-1.71319002;18.43916384;2.21840326;0.90997296;-2.11532737;0.07958080;10.59108329;-3.48507556
1417;141.63402323;0.00000000;-1.76462567;18.35346170;2.24386077;0.90136880;-2.10733963;0.08025044;10.55814163;-3.46315898
1418;141.73397667;0.00000000;-1.81537301;18.26734842;2.24006616;0.90300462;-2.09928456;0.08092562;10.52530500;-3.44125678
1419;141.83393011;0.00000000;-1.86542137;18.18082879;2.23744406;0.89808085;-2.09116186;0.08160608;10.49257425;-3.41935545
1420;141.93388355;0.00000000;-1.91476309;18.09390249;2.24009935;0.88903131;-2.08297076;0.08229194;10.45995037;-3.39744367
1421;142.03383699;0.00000000;-1.96338741;18.00657460;2.24801989;0.88450737;-2.07471095;0.08298334;10.42743446;-3.37553062
1422;142.13379043;0.00000000;-2.01128645;17.91884509;2.26115688;0.88573825;-2.06638164;0.08368020;10.39502754;-3.35358053
1423;142.23374387;0.00000000;-2.05844932;17.83071935;2.27942566;0.87981409;-2.05798251;0.08438288;10.36273100;-3.33161286
1424;142.33369731;0.00000000;-2.10486793;17.74219763;2.29898791;0.88093775;-2.04951274;0.08509121;10.33054604;-3.30957977
1425;142.43365074;0.00000000;-2.15053128;17.65328565;2.30406619;0.89247753;-2.04097198;0.08580565;10.29847434;-3.28749689
1426;142.53360418;0.00000000;-2.19543108;17.56398397;2.30512126;0.89623036;-2.03235940;0.08652607;10.26651744;-3.26531294
1427;142.63355762;0.00000000;-2.23955620;17.47429866;2.30794418;0.87064183;-2.02367460;0.08725296;10.23467742;-3.24305854
1428;142.73351106;0.00000000;-2.28289814;17.38423059;2.31135784;0.84993862;-2.01491672;0.08798606;10.20295605;-3.22067471
1429;142.83346450;0.00000000;-2.32544565;17.29378621;2.31519745;0.83980927;-2.00608536;0.08872592;10.17135572;-3.19818546
1430;142.93341794;0.00000000;-2.36719002;17.20296668;2.31368225;0.84062921;-1.99717959;0.08947233;10.13987859;-3.17552763
1431;143.03337138;0.00000000;-2.40811990;17.11177886;2.31272080;0.83645944;-1.98819898;0.09022590;10.10852749;-3.15269983
1432;143.13332482;0.00000000;-2.44822638;17.02022421;2.31697641;0.82615423;-1.97914256;0.09098665;10.07730528;-3.12967937
1433;143.23327826;0.00000000;-2.48749794;16.92831006;2.32642753;0.82696937;-1.97000987;0.09175480;10.04621507;-3.10658832
1434;143.33323170;0.00000000;-2.52592551;16.83603813;2.34101833;0.83822710;-1.96079995;0.09252916;10.01525880;-3.08325380
1435;143.43318514;0.00000000;-2.56349744;16.74341627;2.34290700;0.81674470;-1.95151238;0.09331143;9.98444016;-3.05970348
1436;143.53313857;0.00000000;-2.60020448;16.65044648;2.34811595;0.80622395;-1.94214610;0.09410132;9.95376258;-3.03584298
1437;143.63309201;0.00000000;-2.63603485;16.55713712;2.35848810;0.79571699;-1.93270059;0.09489976;9.92323050;-3.01162486
1438;143.73304545;0.00000000;-2.67097911;16.46349049;2.37396306;0.79662800;-1.92317467;0.09570722;9.89284889;-2.98706316
1439;143.83299889;0.00000000;-2.70502535;16.36951550;2.38410743;0.80058863;-1.91356776;0.09652353;9.86262260;-2.96215035
1440;143.93295233;0.00000000;-2.73816393;16.27521475;2.37881246;0.78988007;-1.90387865;0.09734874;9.83255665;-2.93685833
1441;144.03290577;0.00000000;-2.77038279;16.18059772;2.37868371;0.78719301;-1.89410676;0.09818310;9.80265638;-2.91126605
1442;144.13285921;0.00000000;-2.80167214;16.08566732;2.38373032;0.77633608;-1.88425089;0.09902577;9.77292638;-2.88523966
1443;144.23281265;0.00000000;-2.83201976;15.99043368;2.39392726;0.77341752;-1.87431049;0.09987808;9.74337266;-2.85885934
1444;144.33276609;0.00000000;-2.86141572;15.89489998;2.39709425;0.77433921;-1.86428429;0.10073915;9.71400047;-2.83199518
1445;144.43271953;0.00000000;-2.88984768;15.79907703;2.39054819;0.76108522;-1.85417169;0.10161027;9.68481646;-2.80473916
1446;144.53267297;0.00000000;-2.91730553;15.70296832;2.38918627;0.74989313;-1.84397139;0.10249041;9.65582639;-2.77691952
1447;144.63262640;0.00000000;-2.94377684;15.60658538;2.39302633;0.75091705;-1.83368277;0.10338131;9.62703786;-2.74861836
1448;144.73257984;0.00000000;-2.96925132;15.50993201;2.40205200;0.74937547;-1.82330443;0.10428201;9.59845770;-2.71972155
1449;144.83253328;0.00000000;-2.99371645;15.41302045;2.41621274;0.73782082;-1.81283570;0.10519363;9.57009400;-2.69035078
1450;144.93248672;0.00000000;-3.01716178;15.31585488;2.42959019;0.73866638;-1.80227518;0.10611475;9.54195365;-2.66025466
1451;145.03244016;0.00000000;-3.03957470;15.21844831;2.42341778;0.74169105;-1.79162220;0.10704797;9.51404626;-2.62951721
1452;145.13239360;0.00000000;-3.06094461;15.12080526;2.42242854;0.75363016;-1.78087518;0.10799224;9.48638064;-2.59800722
1453;145.23234704;0.00000000;-3.08125882;15.02293956;2.42663839;0.72895499;-1.77003338;0.10894884;9.45896708;-2.56580307
1454;145.33230048;0.00000000;-3.10050656;14.92485610;2.43500724;0.71638972;-1.75909518;0.10991674;9.43181512;-2.53286194
1455;145.43225392;0.00000000;-3.11867511;14.82656945;2.43422320;0.71656415;-1.74805983;0.11089623;9.40493488;-2.49949769
1456;145.53220736;0.00000000;-3.13575354;14.72808500;2.43864703;0.72210125;-1.73692600;0.11188361;9.37833318;-2.46503131
1457;145.63216080;0.00000000;-3.15172912;14.62941829;2.44825954;0.69584450;-1.72569300;0.11288630;9.35202419;-2.42949796
1458;145.73211424;0.00000000;-3.16659079;14.53057501;2.44244834;0.68221108;-1.71435875;0.11390362;9.32602183;-2.39262233
1459;145.83206767;0.00000000;-3.18032580;14.43157166;2.43523947;0.68195084;-1.70292235;0.11493843;9.30034309;-2.35371381
1460;145.93202111;0.00000000;-3.19292284;14.33241435;2.43326863;0.68777883;-1.69138087;0.11599824;9.27501256;-2.31359923
1461;146.03197455;0.00000000;-3.20436908;14.23312031;2.43655945;0.69924459;-1.67973298;0.11707319;9.25004614;-2.27223358
1462;146.13192799;0.00000000;-3.21465290;14.13369639;2.44510112;0.70954203;-1.66797660;0.11816341;9.22546034;-2.22951273
1463;146.23188143;0.00000000;-3.22376147;14.03416076;2.45884804;0.71865954;-1.65611071;0.11926971;9.20127293;-2.18568512
1464;146.33183487;0.00000000;-3.23168304;13.93452076;2.47532585;0.72658585;-1.64413333;0.12038873;9.17749911;-2.14044539
1465;146.43178831;0.00000000;-3.23840485;13.83479563;2.46860064;0.73330947;-1.63204358;0.12152358;9.15415754;-2.09401430
1466;146.53174175;0.00000000;-3.24391502;13.73499321;2.46308834;0.73881903;-1.61983950;0.12267114;9.13126455;-2.04601314
1467;146.63169519;0.00000000;-3.24820094;13.63513378;2.45880118;0.71035234;-1.60752016;0.12383533;9.10884078;-1.99669167
1468;146.73164863;0.00000000;-3.25125061;13.53522587;2.45575097;0.67646990;-1.59508353;0.12501258;9.08690420;-1.94560904
1469;146.83160207;0.00000000;-3.25305161;13.43529079;2.45394973;0.65496760;-1.58252862;0.12620749;9.06547777;-1.89300712
1470;146.93155550;0.00000000;-3.25359183;13.33533779;2.45340937;0.64707091;-1.56985330;0.12741646;9.04458192;-1.83842043
1471;147.03150894;0.00000000;-3.25285907;13.23538924;2.45414166;0.64633831;-1.55705649;0.12864432;9.02424231;-1.78203803
1472;147.13146238;0.00000000;-3.25084115;13.13545515;2.45615860;0.64432069;-1.54413587;0.12988794;9.00448264;-1.72349187
1473;147.23141582;0.00000000;-3.24752610;13.03555895;2.45947169;0.64100628;-1.53109027;0.13115089;8.98533080;-1.66297722
1474;147.33136926;0.00000000;-3.24290167;12.93571151;2.46409299;0.63638295;-1.51791735;0.13242980;8.96681265;-1.59995842
1475;147.43132270;0.00000000;-3.23695621;12.83593737;2.47003371;0.63043929;-1.50461585;0.13373018;8.94896007;-1.53458897
1476;147.53127614;0.00000000;-3.22967739;12.73624833;2.47730596;0.63023393;-1.49118313;0.13504896;8.93180337;-1.46657631
1477;147.63122958;0.00000000;-3.22105388;12.63666990;2.48592067;0.64437591;-1.47761784;0.13638851;8.91537620;-1.39600774
1478;147.73118302;0.00000000;-3.21107336;12.53721498;2.49589000;0.67179580;-1.46391748;0.13774641;8.89971130;-1.32211628
1479;147.83113646;0.00000000;-3.19972489;12.43791037;2.50722453;0.69402858;-1.45008047;0.13913069;8.88485009;-1.24506991
1480;147.93108990;0.00000000;-3.18699613;12.33876998;2.51993652;0.68127466;-1.43610356;0.14053762;8.87083215;-1.16471120
1481;148.03104333;0.00000000;-3.17287646;12.23982125;2.53403636;0.66712221;-1.42198526;0.14196742;8.85769887;-1.08047003
1482;148.13099677;0.00000000;-3.15735365;12.14107976;2.54953633;0.65155847;-1.40772232;0.14342532;8.84549806;-0.99219414
1483;148.23095021;0.00000000;-3.14041740;12.04257380;2.54226765;0.63457215;-1.39331251;0.14491110;8.83427923;-0.90002778
1484;148.33090365;0.00000000;-3.12205563;11.94432070;2.53817424;0.62113086;-1.37875275;0.14642069;8.82409019;-0.80334047
1485;148.43085709;0.00000000;-3.10225849;11.84634973;2.52756788;0.61409024;-1.36404097;0.14795961;8.81498579;-0.70181312
1486;148.53081053;0.00000000;-3.08101402;11.74867945;2.51960835;0.62175207;-1.34917353;0.14952921;8.80702431;-0.59590035
1487;148.63076397;0.00000000;-3.05831279;11.65134021;2.51709209;0.64357452;-1.33414807;0.15112086;8.80025867;-0.48577707
1488;148.73071741;0.00000000;-3.03414320;11.55435229;2.52005172;0.62890656;-1.31896273;0.15272949;8.79473947;-0.38786739
1489;148.83067085;0.00000000;-3.00849693;11.45774848;2.52848298;0.60456905;-1.30361942;0.15414598;8.79033020;-0.31748744
1490;148.93062429;0.00000000;-2.98136487;11.36154858;2.54234369;0.59466839;-1.28816029;0.15518110;8.78671936;-0.29823670
1491;149.03057773;0.00000000;-2.95274512;11.26578426;2.56155176;0.59991222;-1.27261061;0.15554757;8.78332611;-0.29823670
1492;149.13053117;0.00000000;-2.92263997;11.17047397;2.55552860;0.61991223;-1.25709984;0.15481659;8.77993155;-0.23238368
1493;149.23048460;0.00000000;-2.89106367;11.07564097;2.55277001;0.62967776;-1.24166460;0.15393711;8.77728562;-0.15725626
1494;149.33043804;0.00000000;-2.85803205;10.98130474;2.55545982;0.63402685;-1.22633357;0.15283424;8.77549465;-0.06736380
1495;149.43039148;0.00000000;-2.82356290;10.88748328;2.56356956;0.62665576;-1.21111083;0.15176191;8.77472734;0.01731112
1496;149.53034492;0.00000000;-2.78767491;10.79419636;2.57703542;0.61548477;-1.19599467;0.15070872;8.77492453;0.09786786
1497;149.63029836;0.00000000;-2.75038545;10.70145986;2.59555130;0.61893009;-1.18098202;0.14969084;8.77603925;0.17323922
1498;149.73025180;0.00000000;-2.71171292;10.60929230;2.60528623;0.61880463;-1.16606921;0.14871106;8.77801211;0.24341653
1499;149.83020524;0.00000000;-2.67167437;10.51770902;2.59978074;0.60671968;-1.15125254;0.14776374;8.78078341;0.30903270
1500;149.93015868;0.00000000;-2.63028790;10.42672776;2.59885861;0.59609862;-1.13652928;0.14684496;8.78430048;0.37056247
1501;150.03011212;0.00000000;-2.58757020;10.33636297;2.60324365;0.59878707;-1.12189893;0.14583146;8.78851597;0.43767850
1502;150.13006556;0.00000000;-2.54354023;10.24663098;2.59987427;0.61644457;-1.10738002;0.14468827;8.79349236;0.51297880
1503;150.23001900;0.00000000;-2.49821716;10.15754483;2.58624902;0.61396739;-1.09298223;0.14319468;8.79932133;0.61339056
1504;150.32997243;0.00000000;-2.45162411;10.06911677;2.57785888;0.60066862;-1.07876681;0.14125105;8.80628622;0.74608786
1505;150.42992587;0.00000000;-2.40378729;9.98135546;2.57473753;0.59629609;-1.06474270;0.13941038;8.81475042;0.86746351
1506;150.52987931;0.00000000;-2.35473217;9.89426919;2.57593235;0.59794963;-1.05089473;0.13768244;8.82458140;0.97717743
1507;150.62983275;0.00000000;-2.30448292;9.80786564;2.57166311;0.61470461;-1.03721944;0.13593185;8.83564267;1.08619289
1508;150.72978619;0.00000000;-2.25306449;9.72215295;2.55498678;0.61513067;-1.02372131;0.13416209;8.84792172;1.19438482
1509;150.82973963;0.00000000;-2.20050101;9.63713704;2.54346717;0.61556710;-1.01039800;0.13244011;8.86140421;1.29664593
1510;150.92969307;0.00000000;-2.14681704;9.55282490;2.53715953;0.61862467;-0.99724444;0.13075772;8.87601786;1.39385919
1511;151.02964651;0.00000000;-2.09203569;9.46922152;2.53608696;0.63334125;-0.98425792;0.12909805;8.89170035;1.48756522
1512;151.12959995;0.00000000;-2.03618008;9.38633191;2.53516541;0.65241781;-0.97143619;0.12745968;8.90840668;1.57804508
1513;151.22955339;0.00000000;-1.97927288;9.30416044;2.52576830;0.67025390;-0.95877727;0.12583725;8.92609498;1.66588480
1514;151.32950683;0.00000000;-1.92133665;9.22271123;2.52155994;0.68685967;-0.94627983;0.12423165;8.94472993;1.75115214
1515;151.42946026;0.00000000;-1.86239370;9.14198801;2.52255096;0.70224607;-0.93394071;0.12268952;8.96427693;1.83023165
1516;151.52941370;0.00000000;-1.80246511;9.06199348;2.52871970;0.71642450;-0.92175198;0.12120087;8.98466119;1.90409801
1517;151.62936714;0.00000000;-1.74157208;8.98273113;2.52332361;0.72940628;-0.90971064;0.11975642;9.00581918;1.97364457
1518;151.72932058;0.00000000;-1.67973419;8.90420278;2.51152465;0.73323327;-0.89781057;0.11835828;9.02769761;2.03881758
1519;151.82927402;0.00000000;-1.61697184;8.82641176;2.50090037;0.71297201;-0.88604954;0.11697118;9.05024297;2.10261489
1520;151.92922746;0.00000000;-1.55330401;8.74935950;2.49143835;0.70523654;-0.87442683;0.11559347;9.07343513;2.16524699
1521;152.02918090;0.00000000;-1.48875061;8.67304850;2.48170206;0.70213026;-0.86294103;0.11423302;9.09725633;2.22613020
1522;152.12913434;0.00000000;-1.42332963;8.59747899;2.45317752;0.70679502;-0.85159039;0.11288707;9.12168249;2.28556365
1523;152.22908778;0.00000000;-1.35706069;8.52265307;2.42953459;0.71283062;-0.84037373;0.11155237;9.14669292;2.34388355
1524;152.32904122;0.00000000;-1.28996092;8.44856999;2.41090636;0.71881664;-0.82928991;0.11022855;9.17227070;2.40117671
1525;152.42899466;0.00000000;-1.22204960;8.37523133;2.39739931;0.73393523;-0.81833783;0.10891757;9.19839995;2.45733278
1526;152.52894810;0.00000000;-1.15334322;8.30263561;2.38220987;0.76095020;-0.80751610;0.10761909;9.22506365;2.51243286
1527;152.62890153;0.00000000;-1.08386057;8.23078385;2.35933098;0.79835851;-0.79682358;0.10633329;9.25224578;2.56650821
1528;152.72885497;0.00000000;-1.01361747;8.15967389;2.34154855;0.81243089;-0.78625892;0.10505925;9.27993074;2.61968606
1529;152.82880841;0.00000000;-0.94263235;8.08930629;2.32896905;0.82620189;-0.77582112;0.10379597;9.30810442;2.67209481
1530;152.92876185;0.00000000;-0.87092014;8.01967809;2.32166556;0.85057341;-0.76550907;0.10254162;9.33675414;2.72393237
1531;153.02871529;0.00000000;-0.79849894;7.95078939;2.31831351;0.86299187;-0.75532205;0.10129547;9.36586946;2.77530165
1532;153.12866873;0.00000000;-0.72538301;7.88263655;2.28931425;0.85948348;-0.74525907;0.10005836;9.39544106;2.82616295
1533;153.22862217;0.00000000;-0.65159004;7.81521921;2.26533390;0.85964865;-0.73531936;0.09882992;9.42545925;2.87658294
1534;153.32857561;0.00000000;-0.57713376;7.74853325;2.24652292;0.87038272;-0.72550198;0.09760955;9.45591512;2.92664618
1535;153.42852905;0.00000000;-0.50203139;7.68257775;2.23300218;0.89131440;-0.71580624;0.09639712;9.48680070;2.97639533
1536;153.52848249;0.00000000;-0.42629599;7.61734806;2.22485697;0.92175919;-0.70623124;0.09519234;9.51810850;3.02588489
1537;153.62843593;0.00000000;-0.34994440;7.55284279;2.21522655;0.96082061;-0.69677635;0.09399503;9.54983165;3.07515931
1538;153.72838936;0.00000000;-0.27298910;7.48905682;2.18463270;0.97868752;-0.68744071;0.09280502;9.58196379;3.12425936
1539;153.82834280;0.00000000;-0.19544646;7.42598828;2.15913925;0.98890209;-0.67822373;0.09162172;9.61449900;3.17326547
1540;153.92829624;0.00000000;-0.11732844;7.36363167;2.13891850;1.00807565;-0.66912464;0.09044500;9.64743223;3.22221274
1541;154.02824968;0.00000000;-0.03865096;7.30198464;2.12249592;1.03365978;-0.66014291;0.08927479;9.68075881;3.27113198
1542;154.12820312;0.00000000;0.04057457;7.24104130;2.10024774;1.05218259;-0.65127775;0.08811089;9.71447440;3.32006344
1543;154.22815656;0.00000000;0.12033269;7.18079885;2.07586495;1.07884214;-0.64252873;0.08695210;9.74857510;3.36914361
1544;154.32811000;0.00000000;0.20061244;7.12125107;2.05582375;1.11306332;-0.63389521;0.08579868;9.78305839;3.41836851
1545;154.42806344;0.00000000;0.28139886;7.06239471;2.02705928;1.15132995;-0.62537670;0.08465297;9.81792171;3.46753190
1546;154.52801688;0.00000000;0.36268145;7.00422327;1.98722989;1.16878454;-0.61697226;0.08351418;9.85316042;3.51673160
1547;154.62797032;0.00000000;0.44444575;6.94673309;1.95249979;1.19357804;-0.60868117;0.08238982;9.88877086;3.56525081
1548;154.72792376;0.00000000;0.52668176;6.88991749;1.92313599;1.22527447;-0.60050165;0.08127678;9.92474217;3.59158195
1549;154.82787719;0.00000000;0.60937561;6.83377251;1.89937933;1.24868111;-0.59243308;0.08017270;9.96084781;3.57011829
1550;154.92783063;0.00000000;0.69251773;6.77829133;1.88143232;1.27086015;-0.58447433;0.07907636;9.99660844;3.54884979
1551;155.02778407;0.00000000;0.77609482;6.72346967;1.86945298;1.28526791;-0.57662500;0.07798403;10.03202970;3.52777338
1552;155.12773751;0.00000000;0.86009763;6.66930052;1.86354596;1.30101696;-0.56888462;0.07689577;10.06711707;3.50688609
1553;155.22769095;0.00000000;0.94451338;6.61577921;1.85550737;1.32340293;-0.56125282;0.07581250;10.10187590;3.48618498
1554;155.32764439;0.00000000;1.02933318;6.56289854;1.81755720;1.34220247;-0.55372901;0.07473386;10.13631141;3.46566721
1555;155.42759783;0.00000000;1.11454477;6.51065347;1.78511714;1.35715461;-0.54631286;0.07365892;10.17042869;3.44533002
1556;155.52755127;0.00000000;1.20013955;6.45903666;1.75848290;1.36969101;-0.53900393;0.07258777;10.20423270;3.42517070
1557;155.62750471;0.00000000;1.28610576;6.40804272;1.73791290;1.38414276;-0.53180193;0.07152004;10.23772827;3.40518660
1558;155.72745815;0.00000000;1.37243511;6.35766416;1.72361440;1.40487853;-0.52470645;0.07045571;10.27092013;3.38537514
1559;155.82741159;0.00000000;1.45911634;6.30789523;1.71573455;1.42740872;-0.51771723;0.06939429;10.30381289;3.36573380
1560;155.92736503;0.00000000;1.54614142;6.25872833;1.70053889;1.45374305;-0.51083393;0.06833586;10.33641105;3.34626012
1561;156.02731846;0.00000000;1.63349963;6.21015737;1.66797321;1.48570668;-0.50405632;0.06727993;10.36871901;3.32695171
1562;156.12727190;0.00000000;1.72118313;6.16217462;1.64151128;1.50021345;-0.49738410;0.06622663;10.40074105;3.30780620
1563;156.22722534;0.00000000;1.80918174;6.11477368;1.62144323;1.51929969;-0.49081706;0.06517545;10.43248137;3.28882130
1564;156.32717878;0.00000000;1.89748785;6.06794670;1.60706885;1.54400588;-0.48435498;0.06412656;10.46394407;3.26999477
1565;156.42713222;0.00000000;1.98609176;6.02168697;1.57751735;1.57407598;-0.47799764;0.06307948;10.49513316;3.25132442
1566;156.52708566;0.00000000;2.07498608;5.97598655;1.55446150;1.59378007;-0.47174487;0.06203442;10.52605254;3.23280808
1567;156.62703910;0.00000000;2.16416160;5.93083843;1.53818423;1.59438028;-0.46559647;0.06099086;10.55670605;3.21444367
1568;156.72699254;0.00000000;2.25361112;5.88623458;1.52889214;1.60062535;-0.45955229;0.05994901;10.58709744;3.19622913
1569;156.82694598;0.00000000;2.34332592;5.84216770;1.52670279;1.61245972;-0.45361219;0.05890843;10.61723035;3.17816245
1570;156.92689942;0.00000000;2.43329899;5.79862967;1.53064208;1.62977149;-0.44777602;0.05786936;10.64710838;3.16024165
1571;157.02685286;0.00000000;2.52352208;5.75561293;1.51758167;1.65239782;-0.44204364;0.05683162;10.67673503;3.14246482
1572;157.12680629;0.00000000;2.61398835;5.71310927;1.50035580;1.67167449;-0.43641493;0.05579531;10.70611373;3.12483006
1573;157.22675973;0.00000000;2.70469001;5.67111091;1.49020778;1.67192184;-0.43088977;0.05475862;10.73524784;3.10733553
1574;157.32671317;0.00000000;2.79562040;5.62960951;1.48727242;1.66079904;-0.42546826;0.05372218;10.76414065;3.08997942
1575;157.42666661;0.00000000;2.88677215;5.58859707;1.49158209;1.65511004;-0.42015020;0.05268965;10.79279538;3.07275994
1576;157.52662005;0.00000000;2.97813877;5.54806518;1.49697623;1.65492133;-0.41493515;0.05166010;10.82121518;3.05567538
1577;157.62657349;0.00000000;3.06971335;5.50800565;1.47855846;1.64910431;-0.40982313;0.05062545;10.84940314;3.03872401
1578;157.72652693;0.00000000;3.16148955;5.46840999;1.46723982;1.64880320;-0.40481481;0.04958789;10.87736229;3.02190418
1579;157.82648037;0.00000000;3.25346082;5.42926970;1.46317498;1.65405780;-0.39991105;0.04852132;10.90509559;3.00521424
1580;157.92643381;0.00000000;3.34562087;5.39057590;1.46641375;1.66482591;-0.39511540;0.04743652;10.93260594;2.98865259
1581;158.02638725;0.00000000;3.43796334;5.35231951;1.47689727;1.68101197;-0.39042838;0.04634406;10.95989621;2.97221766
1582;158.12634069;0.00000000;3.53048201;5.31449128;1.48112809;1.69791500;-0.38585097;0.04524689;10.98696918;2.95590791
1583;158.22629413;0.00000000;3.62317084;5.27708186;1.46848822;1.69180247;-0.38138308;0.04415384;11.01382758;2.93972181
1584;158.32624756;0.00000000;3.71602382;5.24008189;1.46302648;1.68596658;-0.37702425;0.04306357;11.04047411;2.92365789
1585;158.42620100;0.00000000;3.80903527;5.20348190;1.46481240;1.68561631;-0.37277441;0.04197193;11.06691140;2.90771469
1586;158.52615444;0.00000000;3.90219937;5.16727247;1.47380876;1.67241650;-0.36863377;0.04087964;11.09314203;2.89189077
1587;158.62610788;0.00000000;3.99551075;5.13144397;1.48987411;1.65555615;-0.36460227;0.03978793;11.11916854;2.87618473
1588;158.72606132;0.00000000;4.08896377;5.09598690;1.50276377;1.64421221;-0.36067987;0.03869669;11.14499341;2.86059520
1589;158.82601476;0.00000000;4.18255333;5.06089151;1.51190662;1.63851032;-0.35686654;0.03760510;11.17061909;2.84512081
1590;158.92596820;0.00000000;4.27627404;5.02614819;1.49975843;1.63852038;-0.35316235;0.03651336;11.19604796;2.82976025
1591;159.02592164;0.00000000;4.37012104;4.99174711;1.49457702;1.64425316;-0.34956727;0.03542150;11.22128239;2.81451220
1592;159.12587508;0.00000000;4.46408914;4.95767855;1.49642395;1.65565991;-0.34608134;0.03432963;11.24632468;2.79937539
1593;159.22582852;0.00000000;4.55817370;4.92393258;1.50526250;1.64053157;-0.34270454;0.03323747;11.27117710;2.78434855
1594;159.32578196;0.00000000;4.65236973;4.89049941;1.52095994;1.62831154;-0.33943694;0.03214515;11.29584188;2.76943045
1595;159.42573539;0.00000000;4.74667282;4.85736903;1.54148090;1.61191794;-0.33627851;0.03105255;11.32032119;2.75461986
1596;159.52568883;0.00000000;4.84107817;4.82453154;1.54776885;1.60129664;-0.33322932;0.02995979;11.34461720;2.73991561
1597;159.62564227;0.00000000;4.93558155;4.79197687;1.55371435;1.59657382;-0.33028935;0.02886674;11.36873200;2.72531651
1598;159.72559571;0.00000000;5.03017834;4.75969504;1.56631472;1.57733219;-0.32745866;0.02777351;11.39266768;2.71082140
1599;159.82554915;0.00000000;5.12486451;4.72767590;1.58540056;1.55545170;-0.32473724;0.02668002;11.41642627;2.69642916
1600;159.92550259;0.00000000;5.21963561;4.69590942;1.60880857;1.53949681;-0.32212514;0.02558635;11.44000976;2.68213866
1601;160.02545603;0.00000000;5.31448775;4.66438538;1.62128976;1.52966392;-0.31962236;0.02449247;11.46342014;2.66794881
1602;160.12540947;0.00000000;5.40941669;4.63309367;1.61368225;1.52415364;-0.31722893;0.02339844;11.48665934;2.65385854
1603;160.22536291;0.00000000;5.50441864;4.60202404;1.61248112;1.51477744;-0.31494486;0.02230425;11.50972924;2.63986677
1604;160.32531635;0.00000000;5.59948953;4.57116630;1.61768977;1.51163454;-0.31277016;0.02120995;11.53263174;2.62597247
1605;160.42526979;0.00000000;5.69462571;4.54051016;1.62923589;1.50887945;-0.31070484;0.02011558;11.55536865;2.61217461
1606;160.52522322;0.00000000;5.78982327;4.51004539;1.64697543;1.50221740;-0.30874892;0.01902115;11.57794180;2.59847218
1607;160.62517666;0.00000000;5.88507863;4.47976165;1.66625507;1.48784518;-0.30690238;0.01792675;11.60035296;2.58486418
1608;160.72513010;0.00000000;5.98038806;4.44964865;1.67733113;1.47366781;-0.30516524;0.01683234;11.62260388;2.57134963
1609;160.82508354;0.00000000;6.07574806;4.41969603;1.68574156;1.46547417;-0.30353748;0.01573807;11.64469628;2.55792758
1610;160.92503698;0.00000000;6.17115503;4.38989347;1.70015218;1.44558908;-0.30201909;0.01464387;11.66663185;2.54459708
1611;161.02499042;0.00000000;6.26660553;4.36023058;1.72040158;1.42172801;-0.30061006;0.01354993;11.68841226;2.53135719
1612;161.12494386;0.00000000;6.36209612;4.33069700;1.74627612;1.40223475;-0.29931036;0.01245613;11.71003915;2.51820699
1613;161.22489730;0.00000000;6.45762340;4.30128233;1.76590015;1.38955064;-0.29811998;0.01136272;11.73151413;2.50514558
1614;161.32485074;0.00000000;6.55318405;4.27197616;1.76130147;1.38250975;-0.29703887;0.01026955;11.75283879;2.49217207
1615;161.42480418;0.00000000;6.64877470;4.24276811;1.76247131;1.37059530;-0.29606702;0.00917689;11.77401470;2.47928558
1616;161.52475762;0.00000000;6.74439213;4.21364775;1.76938737;1.35983489;-0.29520434;0.00808456;11.79504338;2.46648526
1617;161.62471106;0.00000000;6.84003303;4.18460467;1.78197195;1.35554040;-0.29445084;0.00699288;11.81592636;2.45377023
1618;161.72466449;0.00000000;6.93569426;4.15562843;1.80009550;1.34759214;-0.29380641;0.00590161;11.83666512;2.44113968
1619;161.82461793;0.00000000;7.03137250;4.12670865;1.81672966;1.33742743;-0.29327104;0.00481115;11.85726114;2.42859278
1620;161.92457137;0.00000000;7.12706471;4.09783486;1.83057511;1.32201217;-0.29284462;0.00372119;11.87771587;2.41612870
1621;162.02452481;0.00000000;7.22276758;4.06899669;1.84437222;1.30958725;-0.29252712;0.00263217;11.89803072;2.40374666
1622;162.12447825;0.00000000;7.31847811;4.04018367;1.85898085;1.28686750;-0.29231842;0.00154374;11.91820710;2.39144585
1623;162.22443169;0.00000000;7.41419301;4.01138544;1.87881572;1.26949866;-0.29221848;0.00045639;11.93824639;2.37922551
1624;162.32438513;0.00000000;7.50990931;3.98259156;1.90370308;1.24746768;-0.29222717;-0.00063026;11.95814996;2.36708486
1625;162.42433857;0.00000000;7.60562370;3.95379167;1.92703349;1.23317526;-0.29234444;-0.00171572;11.97791914;2.35502315
1626;162.52429201;0.00000000;7.70133325;3.92497535;1.92376882;1.22690271;-0.29257014;-0.00280040;11.99755527;2.34303963
1627;162.62424545;0.00000000;7.79703464;3.89613226;1.92566577;1.22878366;-0.29290422;-0.00388374;12.01705963;2.33113357
1628;162.72419889;0.00000000;7.89272492;3.86725199;1.93269835;1.23100331;-0.29334651;-0.00496622;12.03643351;2.31930425
1629;162.82415232;0.00000000;7.98840076;3.83832426;1.94480015;1.20413209;-0.29389696;-0.00604725;12.05567819;2.30755095
1630;162.92410576;0.00000000;8.08405919;3.80933867;1.96186680;1.18516749;-0.29455538;-0.00712736;12.07479490;2.29587296
1631;163.02405920;0.00000000;8.17969686;3.78028497;1.97413890;1.17450337;-0.29532172;-0.00820593;12.09378488;2.28426960
1632;163.12401264;0.00000000;8.27531075;3.75115281;1.98705167;1.16513388;-0.29619578;-0.00928354;12.11264933;2.27274017
1633;163.22396608;0.00000000;8.37089751;3.72193197;2.00477964;1.15089945;-0.29717750;-0.01035933;12.13138946;2.26128400
1634;163.32391952;0.00000000;8.46645401;3.69261214;2.02020121;1.12631809;-0.29826666;-0.01143401;12.15000644;2.24990043
1635;163.42387296;0.00000000;8.56197690;3.66318314;2.03827710;1.11033719;-0.29946320;-0.01250733;12.16850143;2.23858879
1636;163.52382640;0.00000000;8.65746296;3.63363474;2.06025264;1.10334126;-0.30076695;-0.01357983;12.18687558;2.22734845
1637;163.62377984;0.00000000;8.75290877;3.60395677;2.07417949;1.10551158;-0.30217782;-0.01464976;12.20513001;2.21617875
1638;163.72373328;0.00000000;8.84831106;3.57413906;2.08228168;1.10855754;-0.30369551;-0.01571807;12.22326585;2.20507907
1639;163.82368672;0.00000000;8.94366642;3.54417150;2.08329866;1.10194158;-0.30531995;-0.01678547;12.24128419;2.19404879
1640;163.92364015;0.00000000;9.03897133;3.51404400;2.08893576;1.08141834;-0.30705104;-0.01785247;12.25918610;2.18308729
1641;164.02359359;0.00000000;9.13422243;3.48374646;2.09914520;1.05762262;-0.30888874;-0.01891807;12.27697268;2.17219396
1642;164.12354703;0.00000000;9.22941592;3.45326891;2.11371605;1.03832829;-0.31083288;-0.01998285;12.29464496;2.16136821
1643;164.22350047;0.00000000;9.32454841;3.42260127;2.11985599;1.02862878;-0.31288299;-0.02103287;12.31220399;2.15060944
1644;164.32345391;0.00000000;9.41961612;3.39173373;2.13046401;1.02160501;-0.31503732;-0.02207367;12.32965079;2.13991707
1645;164.42340735;0.00000000;9.51461566;3.36065648;2.14546357;1.01373495;-0.31729532;-0.02310316;12.34698638;2.12929053
1646;164.52336079;0.00000000;9.60954305;3.32935997;2.16475324;1.00692203;-0.31965568;-0.02412598;12.36421177;2.11872925
1647;164.62331423;0.00000000;9.70439495;3.29783456;2.15965557;1.01013594;-0.32211832;-0.02515015;12.38132792;2.10823266
1648;164.72326767;0.00000000;9.79916697;3.26607091;2.14916830;0.99812765;-0.32468340;-0.02617536;12.39833583;2.09780021
1649;164.82322111;0.00000000;9.89385587;3.23405931;2.14303470;0.99043112;-0.32735093;-0.02719943;12.41523645;2.08743136
1650;164.92317455;0.00000000;9.98845703;3.20179052;2.14128203;0.97818049;-0.33012075;-0.02822292;12.43203072;2.07712556
1651;165.02312799;0.00000000;10.08296718;3.16925486;2.14391082;0.97136928;-0.33299282;-0.02924437;12.44871960;2.06688228
1652;165.12308142;0.00000000;10.17738140;3.13644323;2.15089480;0.95154953;-0.33596689;-0.03026493;12.46530399;2.05670100
1653;165.22303486;0.00000000;10.27169643;3.10334596;2.16218168;0.94227663;-0.33904297;-0.03128465;12.48178482;2.04658119
1654;165.32298830;0.00000000;10.36590695;3.06995412;2.17769430;0.94387181;-0.34222092;-0.03230416;12.49816298;-7.26103937
1655;165.42294174;0.00000000;10.46000975;3.03625806;2.19733327;0.95280639;-0.34550077;-0.03332248;12.43995764;-7.32862172
1656;165.52289518;0.00000000;10.55399916;3.00224898;2.22097883;0.94686124;-0.34888232;-0.03434045;12.38093310;-7.21815462
1657;165.62284862;0.00000000;10.64787197;2.96791723;2.24849495;0.94321244;-0.35236564;-0.03535755;12.32252188;-7.10993008
1658;165.72280206;0.00000000;10.74162211;2.93325422;2.23604501;0.92859306;-0.35595056;-0.03637458;12.26471449;-7.00397834
1659;165.82275550;0.00000000;10.83524642;2.89825029;2.22643626;0.90606010;-0.35963716;-0.03739099;12.20750090;-6.90013732
1660;165.92270894;0.00000000;10.92873838;2.86289702;2.22091481;0.89456882;-0.36342530;-0.03840752;12.15087212;-6.79840687
1661;166.02266238;0.00000000;11.02209485;2.82718474;2.21950099;0.89455492;-0.36731509;-0.03942386;12.09481893;-6.69864128
1662;166.12261582;0.00000000;11.11530889;2.79110525;2.22219254;0.90602893;-0.37130643;-0.04044066;12.03933306;-6.60088708
1663;166.22256925;0.00000000;11.20837737;2.75464886;2.22896450;0.92857493;-0.37539947;-0.04145731;11.98440561;-6.50499659
1664;166.32252269;0.00000000;11.30129288;2.71780756;2.23798922;0.96136620;-0.37959407;-0.04247452;11.93002868;-6.41101851
1665;166.42247613;0.00000000;11.39405231;2.68057165;2.23827129;0.95164989;-0.38389043;-0.04349164;11.87619373;-6.31879967
1666;166.52242957;0.00000000;11.48664775;2.64293336;2.21992780;0.93803421;-0.38828839;-0.04450947;11.82289330;-6.22837305
1667;166.62238301;0.00000000;11.57907613;2.60488297;2.20552336;0.93540980;-0.39278819;-0.04552749;11.77011943;-6.13959777
1668;166.72233645;0.00000000;11.67132903;2.56641293;2.19512607;0.94387853;-0.39738970;-0.04654642;11.71786515;-6.05249872
1669;166.82228989;0.00000000;11.76340337;2.52751350;2.18878278;0.96168917;-0.40209317;-0.04756583;11.66612307;-5.96693839
1670;166.92224333;0.00000000;11.85529023;2.48817740;2.18651891;0.96288866;-0.40689850;-0.04858645;11.61488680;-5.88289298
1671;167.02219677;0.00000000;11.94698657;2.44839484;2.18833693;0.96026968;-0.41180599;-0.04960820;11.56414998;-5.80023913
1672;167.12215021;0.00000000;12.03848285;2.40815882;2.19421639;0.95106495;-0.41681560;-0.05063175;11.51390711;-5.71975042
1673;167.22210365;0.00000000;12.12977606;2.36745950;2.19170128;0.93656180;-0.42192751;-0.05165104;11.46414583;-5.64101998
1674;167.32205708;0.00000000;12.22085611;2.32629023;2.18038865;0.93312155;-0.42714101;-0.05266883;11.41485702;-5.56522022
1675;167.42201052;0.00000000;12.31172003;2.28464120;2.17309243;0.94087559;-0.43245605;-0.05367586;11.36602107;-5.49156331
1676;167.52196396;0.00000000;12.40235726;2.24250618;2.16984359;0.95956182;-0.43787114;-0.05467781;11.31762492;-5.41957804
1677;167.62191740;0.00000000;12.49276490;2.19987548;2.17065025;0.98857022;-0.44338648;-0.05567805;11.26965939;-5.34895068
1678;167.72187084;0.00000000;12.58293175;2.15674331;2.17549787;0.97361734;-0.44900162;-0.05667879;11.22211793;-5.27932823
1679;167.82182428;0.00000000;12.67285502;2.11309995;2.16846917;0.96747325;-0.45471708;-0.05768263;11.17499695;-5.21067866
1680;167.92177772;0.00000000;12.76252284;2.06894000;2.14311753;0.97220095;-0.46053289;-0.05868965;11.12829305;-5.14304933
1681;168.02173116;0.00000000;12.85193244;2.02425361;2.12159907;0.98765430;-0.46644965;-0.05969929;11.08200231;-5.07636493
1682;168.12168460;0.00000000;12.94107133;1.97903575;2.10402335;1.01335098;-0.47246731;-0.06071201;11.03612138;-5.01057965
1683;168.22163804;0.00000000;13.02993672;1.93327649;2.09047941;1.04854798;-0.47858652;-0.06172799;10.99064719;-4.94563578
1684;168.32159148;0.00000000;13.11851545;1.88697118;2.08103713;1.07386429;-0.48480728;-0.06274756;10.94557715;-4.88147450
1685;168.42154492;0.00000000;13.20680473;1.84010979;2.07574210;1.07060050;-0.49113033;-0.06377105;10.90090908;-4.81806247
1686;168.52149835;0.00000000;13.29479071;1.79268811;2.07461638;1.07249460;-0.49755569;-0.06479857;10.85664105;-4.75542738
1687;168.62145179;0.00000000;13.38247056;1.74469598;2.05691995;1.06913208;-0.50408415;-0.06582974;10.81277080;-4.69351155
1688;168.72140523;0.00000000;13.46982977;1.69612961;2.03736614;1.07574600;-0.51071565;-0.06686489;10.76929650;-4.63217218
1689;168.82135867;0.00000000;13.55686546;1.64697876;2.02190526;1.09216542;-0.51745108;-0.06790509;10.72621760;-4.57141104
1690;168.92131211;0.00000000;13.64356243;1.59724009;2.01062317;1.11796645;-0.52429050;-0.06895017;10.68353347;-4.51117027
1691;169.02126555;0.00000000;13.72991773;1.54690326;2.00357974;1.15252951;-0.53123488;-0.07000050;10.64124398;-4.45144879
1692;169.12121899;0.00000000;13.81591544;1.49596539;2.00081010;1.19447754;-0.53828424;-0.07105592;10.59934895;-4.39214209
1693;169.22117243;0.00000000;13.90155254;1.44441602;1.99938995;1.19353753;-0.54543965;-0.07211722;10.55784916;-4.33327230
1694;169.32112587;0.00000000;13.98681241;1.39225278;1.97915155;1.20044160;-0.55270115;-0.07318404;10.51674512;-4.27473981
1695;169.42107931;0.00000000;14.07169189;1.33946510;1.95222207;1.21627079;-0.56006986;-0.07425713;10.47603828;-4.21656946
1696;169.52103275;0.00000000;14.15617367;1.28605113;1.92937330;1.23107095;-0.56754584;-0.07533610;10.43572982;-4.15856910
1697;169.62098618;0.00000000;14.24025446;1.23200021;1.91074031;1.24935827;-0.57513032;-0.07642254;10.39582273;-4.10081764
1698;169.72093962;0.00000000;14.32391622;1.17731100;1.89643929;1.27596788;-0.58282343;-0.07751558;10.35631926;-4.04323846
1699;169.82089306;0.00000000;14.40715546;1.12197276;1.88655744;1.30441036;-0.59062646;-0.07861576;10.31722237;-3.98587990
1700;169.92084650;0.00000000;14.48995349;1.06598472;1.88088705;1.32182630;-0.59853946;-0.07972245;10.27853455;-3.92842868
1701;170.02079994;0.00000000;14.57230659;1.00933603;1.85977982;1.33106456;-0.60656385;-0.08083841;10.24026136;-3.87101917
1702;170.12075338;0.00000000;14.65419537;0.95202651;1.83875961;1.34846254;-0.61469984;-0.08196220;10.20240704;-3.81342563
1703;170.22070682;0.00000000;14.73561582;0.89404526;1.81045703;1.37372155;-0.62294899;-0.08309577;10.16497808;-3.75583106
1704;170.32066026;0.00000000;14.81654790;0.83539264;1.78341308;1.38360725;-0.63131148;-0.08423719;10.12797921;-3.69851509
1705;170.42061370;0.00000000;14.89698725;0.77605774;1.76080638;1.39141578;-0.63978873;-0.08538352;10.09141240;-3.64130817
1706;170.52056714;0.00000000;14.97691328;0.71604152;1.74280222;1.40714021;-0.64838044;-0.08653620;10.05528128;-3.58194198
1707;170.62052058;0.00000000;15.05632124;0.65533311;1.71750980;1.43053109;-0.65708891;-0.08771719;10.01961211;-3.52166208
1708;170.72047401;0.00000000;15.13518979;0.59393401;1.69318257;1.45888480;-0.66591607;-0.08891403;9.98441898;-3.46409483
1709;170.82042745;0.00000000;15.21351367;0.53183319;1.67360016;1.47768860;-0.67486267;-0.09009047;9.94967969;-3.40741965
1710;170.92038089;0.00000000;15.29127102;0.46903293;1.65436346;1.49232094;-0.68392588;-0.09126434;9.91539003;-3.35327531
1711;171.02033433;0.00000000;15.36845642;0.40552260;1.61605107;1.51431145;-0.69310628;-0.09241884;9.88152906;-3.29983081
1712;171.12028777;0.00000000;15.44504769;0.34130546;1.57828244;1.54120392;-0.70240118;-0.09357221;9.84809411;-3.24583563
1713;171.22024121;0.00000000;15.52103912;0.27637127;1.54516873;1.56560782;-0.71181239;-0.09473691;9.81509515;-3.19143867
1714;171.32019465;0.00000000;15.59640814;0.21072400;1.51701023;1.59679955;-0.72134002;-0.09591114;9.78254069;-3.13636333
1715;171.42014809;0.00000000;15.67114838;0.14435365;1.49407507;1.61977471;-0.73098609;-0.09709747;9.75044213;-3.08079934
1716;171.52010153;0.00000000;15.74523700;0.07726466;1.47659960;1.64153930;-0.74075075;-0.09829363;9.71880902;-3.02442028
1717;171.62005497;0.00000000;15.81866674;0.00944746;1.46476711;1.66513270;-0.75063608;-0.09950268;9.68765432;-2.96743180
1718;171.72000841;0.00000000;15.89141463;-0.05909315;1.45520748;1.69524261;-0.76064232;-0.10072211;9.65698898;-2.90946988
1719;171.81996185;0.00000000;15.96347239;-0.12836612;1.41711796;1.73154041;-0.77077157;-0.10195540;9.62682779;-2.85078677
1720;171.91991528;0.00000000;16.03481700;-0.19836641;1.38423470;1.76390579;-0.78102420;-0.10319944;9.59718299;-2.79102611
1721;172.01986872;0.00000000;16.10543902;-0.26910216;1.35692447;1.78726460;-0.79140230;-0.10445761;9.56807065;-2.73043476
1722;172.11982216;0.00000000;16.17531556;-0.34056825;1.33552236;1.81682132;-0.80190631;-0.10572679;9.53950435;-2.66860339
1723;172.21977560;0.00000000;16.24443580;-0.41277174;1.30197788;1.85229028;-0.81253829;-0.10701089;9.51150204;-2.60580808
1724;172.31972904;0.00000000;16.31277718;-0.48570761;1.25883563;1.89334427;-0.82329884;-0.10830637;9.48407888;-2.54160024
1725;172.41968248;0.00000000;16.38032731;-0.55938156;1.22134097;1.93217595;-0.83418997;-0.10961756;9.45725482;-2.47628586
1726;172.51963592;0.00000000;16.44706412;-0.63378891;1.18252093;1.96764972;-0.84521247;-0.11094046;9.43104672;-2.40934821
1727;172.61958936;0.00000000;16.51297344;-0.70893365;1.14295905;2.00286371;-0.85636826;-0.11228011;9.40547697;-2.34114034
1728;172.71954280;0.00000000;16.57803391;-0.78481173;1.10993232;2.04062574;-0.86765838;-0.11363185;9.38056432;-2.27106414
1729;172.81949624;0.00000000;16.64222934;-0.86142501;1.08402801;2.07797980;-0.87908461;-0.11500161;9.35633398;-2.19954098
1730;172.91944968;0.00000000;16.70553930;-0.93877041;1.06539028;2.12042524;-0.89064835;-0.11638380;9.33280677;-2.12574056
1731;173.01940311;0.00000000;16.76794534;-1.01684720;1.02241470;2.13658182;-0.90235121;-0.11778689;9.31001246;-2.05026146
1732;173.11935655;0.00000000;16.82942818;-1.09565369;0.98498572;2.15141217;-0.91419512;-0.11920310;9.28797452;-1.97223300
1733;173.21930999;0.00000000;16.88996685;-1.17518602;0.95542371;2.17190931;-0.92618144;-0.12064130;9.26672584;-1.89232648
1734;173.31926343;0.00000000;16.94954344;-1.25544437;0.93446477;2.19792643;-0.93831252;-0.12209265;9.24629216;-1.80862338
1735;173.41921687;0.00000000;17.00813421;-1.33642110;0.91865371;2.22927875;-0.95058981;-0.12357797;9.22672002;-1.72265694
1736;173.51917031;0.00000000;17.06572281;-1.41811891;0.89313645;2.26575636;-0.96301700;-0.12507808;9.20803950;-1.63275008
1737;173.61912375;0.00000000;17.12228239;-1.50052575;0.84834938;2.30232265;-0.97559494;-0.12661097;9.19029888;-1.54027488
1738;173.71907719;0.00000000;17.17779831;-1.58364731;0.81222936;2.32929003;-0.98832783;-0.12815897;9.17353159;-1.44307516
1739;173.81903063;0.00000000;17.23224044;-1.66746637;0.77756035;2.36138984;-1.00121620;-0.12974551;9.15779456;-1.34307563
1740;173.91898407;0.00000000;17.28559612;-1.75199250;0.75022446;2.39843113;-1.01426523;-0.13134602;9.14312371;-1.22702106
1741;174.01893751;0.00000000;17.33783145;-1.83720228;0.72688882;2.44018970;-1.02748048;-0.13311353;9.12969995;-1.10657690
1742;174.11889094;0.00000000;17.38893509;-1.92311067;0.70226824;2.48012519;-1.04087601;-0.13490632;9.11757692;-0.97982260
1743;174.21884438;0.00000000;17.43886841;-2.00968778;0.67636188;2.50597231;-1.05445087;-0.13674418;9.10682907;-0.84868828
1744;174.31879782;0.00000000;17.48762159;-2.09695331;0.64915619;2.53661112;-1.06821271;-0.13860099;9.09750939;-0.71551349
1745;174.41875126;0.00000000;17.53515260;-2.18486991;0.62696668;2.55690628;-1.08215713;-0.14044611;9.08964471;-0.57831748
1746;174.51870470;0.00000000;17.58145407;-2.27346283;0.60761863;2.56640798;-1.09628922;-0.14230035;9.08328307;-0.44977481
1747;174.61865814;0.00000000;17.62648033;-2.36268402;0.59877584;2.58115039;-1.11059648;-0.14401105;9.07833235;-0.31836091
1748;174.71861158;0.00000000;17.67022963;-2.45256863;0.60508049;2.56504626;-1.12507804;-0.14571511;9.07482648;-0.31836091
1749;174.81856502;0.00000000;17.71265532;-2.54305148;0.59713569;2.54004286;-1.13961616;-0.14515817;9.07131926;-0.26301132
1750;174.91851846;0.00000000;17.75377792;-2.63417173;0.60304376;2.52017732;-1.15409670;-0.14454089;9.06842078;-0.20441342
1751;175.01847190;0.00000000;17.79356938;-2.72584370;0.62321334;2.50558028;-1.16840324;-0.14172088;9.06616742;0.03344346
1752;175.11842534;0.00000000;17.83207154;-2.81810193;0.64310113;2.49631255;-1.18242921;-0.13888913;9.06653613;0.26524583
1753;175.21837878;0.00000000;17.86927715;-2.91085530;0.67602780;2.49241339;-1.19616528;-0.13600660;9.06945984;0.49477867
1754;175.31833221;0.00000000;17.90522963;-3.00413497;0.71184238;2.48859058;-1.20961901;-0.13315742;9.07491110;0.71558539
1755;175.41828565;0.00000000;17.93992587;-3.09785552;0.74647596;2.45401504;-1.22280501;-0.13073612;9.08278932;0.89573453
1756;175.51823909;0.00000000;17.97340517;-3.19205153;0.77994683;2.42048562;-1.23575464;-0.12833900;9.09264128;1.06981683
1757;175.61819253;0.00000000;18.00566301;-3.28663956;0.81223435;2.38813688;-1.24846869;-0.12610754;9.10439395;1.22650874
1758;175.71814597;0.00000000;18.03673568;-3.38165623;0.84336254;2.35698934;-1.26096558;-0.12391402;9.11784934;1.37699906
1759;175.81809941;0.00000000;18.06662044;-3.47702241;0.87332032;2.32704273;-1.27323815;-0.12168926;9.13293207;1.52739331
1760;175.91805285;0.00000000;18.09535099;-3.57277156;0.90213382;2.29826224;-1.28529294;-0.11948992;9.14963303;1.67317635
1761;176.01800629;0.00000000;18.12292840;-3.66883100;0.92980022;2.27064447;-1.29712767;-0.11734988;9.16789311;1.81178722
1762;176.11795973;0.00000000;18.14938420;-3.76523286;0.95634608;2.24415695;-1.30875262;-0.11523016;9.18762498;1.94681536
1763;176.21791317;0.00000000;18.17472158;-3.86190848;0.98177330;2.21879472;-1.32016137;-0.11308271;9.20878030;2.08257274
1764;176.31786661;0.00000000;18.19897050;-3.95888788;1.00610841;2.19452703;-1.33135947;-0.11096092;9.23135717;2.21469887
1765;176.41782004;0.00000000;18.22213705;-4.05610805;1.02935768;2.15506169;-1.34234414;-0.10886139;9.25530598;2.34370846
1766;176.51777348;0.00000000;18.24424911;-4.15359543;1.05250308;2.11052639;-1.35312221;-0.10678063;9.28058254;2.47010742
1767;176.61772692;0.00000000;18.26531512;-4.25129332;1.08340045;2.07085810;-1.36369106;-0.10471844;9.30714799;2.59410384
1768;176.71768036;0.00000000;18.28536128;-4.34922540;1.12143620;2.03631009;-1.37405671;-0.10267419;9.33496561;2.71593412
1769;176.81763380;0.00000000;18.30439805;-4.44734025;1.16591268;2.00560917;-1.38421224;-0.10054971;9.36400111;2.84437362
1770;176.91758724;0.00000000;18.32245082;-4.54565803;1.21615135;1.97739472;-1.39415786;-0.09844184;9.39431353;2.97102797
1771;177.01754068;0.00000000;18.33953273;-4.64413331;1.24609661;1.95443254;-1.40388918;-0.09629048;9.42587161;3.10140686
1772;177.11749412;0.00000000;18.35566839;-4.74278265;1.26224077;1.90994926;-1.41340743;-0.09415204;9.45870224;3.23063011
1773;177.21744756;0.00000000;18.37087292;-4.84156626;1.28055687;1.87063360;-1.42271193;-0.09203847;9.49278006;3.35778783
1774;177.31740100;0.00000000;18.38516982;-4.94049784;1.30540760;1.83679040;-1.43180697;-0.08993801;9.52807001;3.48410088
1775;177.41735444;0.00000000;18.39857528;-5.03954284;1.33644057;1.80871784;-1.44069151;-0.08784641;9.56454986;3.61010782
1776;177.51730787;0.00000000;18.41111182;-5.13871175;1.37191419;1.78666354;-1.44936847;-0.08576692;9.60220284;3.73565420
1777;177.61726131;0.00000000;18.42279671;-5.23797561;1.40790662;1.77083789;-1.45783733;-0.08369747;9.64101044;3.75990068
1778;177.71721475;0.00000000;18.43365162;-5.33734156;1.44044593;1.75948605;-1.46610049;-0.08163801;9.67991282;3.73685936
1779;177.81716819;0.00000000;18.44369465;-5.43678599;1.45047756;1.71939824;-1.47415773;-0.07958784;9.71842252;3.71403911
1780;177.91712163;0.00000000;18.45294682;-5.53631299;1.46492338;1.68504606;-1.48201094;-0.07754659;9.75654643;3.69143617
1781;178.01707507;0.00000000;18.46142686;-5.63590392;1.48521367;1.65677271;-1.48966007;-0.07551132;9.79429128;3.66904689
1782;178.11702851;0.00000000;18.46915529;-5.73555986;1.51113293;1.63487276;-1.49710643;-0.07348373;9.83166361;3.64686773
1783;178.21698195;0.00000000;18.47615134;-5.83526701;1.54241340;1.61197731;-1.50435019;-0.07146117;9.86866978;3.62489523
1784;178.31693539;0.00000000;18.48243515;-5.93502355;1.57875479;1.57505593;-1.51139224;-0.06944512;9.90531599;3.60312603
1785;178.41688883;0.00000000;18.48802631;-6.03482026;1.60320363;1.54439973;-1.51823290;-0.06743255;9.94160824;3.58155686
1786;178.51684227;0.00000000;18.49294471;-6.13465257;1.62145666;1.52036912;-1.52487266;-0.06542544;9.97755242;3.56018452
1787;178.61679571;0.00000000;18.49721018;-6.23451560;1.64495917;1.50326307;-1.53131200;-0.06342073;10.01315423;3.53900590
1788;178.71674914;0.00000000;18.50084247;-6.33440217;1.67350748;1.49330064;-1.53755107;-0.06142048;10.04841924;3.51801797
1789;178.81670258;0.00000000;18.50386154;-6.43431146;1.70686707;1.47804179;-1.54359042;-0.05942133;10.08335288;3.49721778
1790;178.91665602;0.00000000;18.50628709;-6.53423386;1.72991129;1.44471905;-1.54942994;-0.05742580;10.11796043;3.47660245
1791;179.01660946;0.00000000;18.50813912;-6.63417232;1.74663265;1.41823072;-1.55507028;-0.05543116;10.15224704;3.45616916
1792;179.11656290;0.00000000;18.50943735;-6.73411504;1.76831505;1.39894845;-1.56051112;-0.05343919;10.18621774;3.43591518
1793;179.21651634;0.00000000;18.51020177;-6.83406843;1.79479918;1.38266842;-1.56575309;-0.05144592;10.21987744;3.41583782
1794;179.31646978;0.00000000;18.51045219;-6.93401862;1.81764216;1.35176470;-1.57079561;-0.04945473;10.25323093;3.39593447
1795;179.41642322;0.00000000;18.51020852;-7.03397530;1.82281341;1.32816612;-1.57563946;-0.04746394;10.28628286;3.37620259
1796;179.51637666;0.00000000;18.50949068;-7.13392261;1.83295667;1.31050911;-1.58028404;-0.04547458;10.31903781;3.35663967
1797;179.61633010;0.00000000;18.50831848;-7.23387317;1.84801092;1.29456223;-1.58473004;-0.04348303;10.35150021;3.33724329
1798;179.71628354;0.00000000;18.50671200;-7.33380969;1.86787416;1.25919678;-1.58897664;-0.04149179;10.38367442;3.31801107
1799;179.81623697;0.00000000;18.50469091;-7.43374726;1.89241704;1.23135146;-1.59302439;-0.03949693;10.41556469;3.29894068
1800;179.91619041;0.00000000;18.50227551;-7.53366700;1.92147446;1.21153068;-1.59687239;-0.03750259;10.44717515;3.28002985
1801;180.01614385;0.00000000;18.49948532;-7.63358656;1.94503157;1.20010884;-1.60052105;-0.03549980;10.47850987;3.26127635
1802;180.11609729;0.00000000;18.49634092;-7.73348551;1.95966660;1.19730868;-1.60396905;-0.03349578;10.50957281;3.24267803
1803;180.21605073;0.00000000;18.49286178;-7.83338349;1.97892251;1.17010587;-1.60721538;-0.03145369;10.54036785;3.22423274
1804;180.31600417;0.00000000;18.48906897;-7.93325981;2.00268159;1.14508401;-1.61025682;-0.02940626;10.57089876;3.20593841
1805;180.41595761;0.00000000;18.48498221;-8.03313505;2.01882351;1.12868131;-1.61309281;-0.02733453;10.60116927;3.18779301
1806;180.51591105;0.00000000;18.48062307;-8.13298808;2.03331167;1.12125908;-1.61572116;-0.02525962;10.63118298;3.16979454
1807;180.61586449;0.00000000;18.47601130;-8.23284087;2.05232592;1.10801293;-1.61814261;-0.02318934;10.66094345;3.15194106
1808;180.71581793;0.00000000;18.47116867;-8.33267121;2.07575749;1.07700418;-1.62035686;-0.02111863;10.69045415;3.13423066
1809;180.81577137;0.00000000;18.46611473;-8.43250270;2.07976963;1.05479668;-1.62236418;-0.01904355;10.71971848;3.11666146
1810;180.91572480;0.00000000;18.46087140;-8.53231265;2.08518787;1.04193804;-1.62416376;-0.01696664;10.74873976;3.09923165
1811;181.01567824;0.00000000;18.45545817;-8.63212542;2.09519823;1.03875176;-1.62575562;-0.01488266;10.77752124;3.08193942
1812;181.11563168;0.00000000;18.44989714;-8.73191806;2.10975347;1.04431534;-1.62713887;-0.01279657;10.80606612;3.06478301
1813;181.21558512;0.00000000;18.44420779;-8.83171562;2.12878418;1.02940275;-1.62831355;-0.01070581;10.83437752;3.04776072
1814;181.31553856;0.00000000;18.43841236;-8.93149477;2.15218720;1.00059556;-1.62927900;-0.00861304;10.86245849;3.03087084
1815;181.41549200;0.00000000;18.43253032;-9.03128119;2.16174184;0.98125197;-1.63003510;-0.00651432;10.89031204;3.01411173
1816;181.51544544;0.00000000;18.42658404;-9.13105141;2.17255315;0.97192111;-1.63058121;-0.00441339;10.91794111;2.99748177
1817;181.61539888;0.00000000;18.42059301;-9.23083136;2.18784028;0.97286785;-1.63091712;-0.00230685;10.94534857;2.98097936
1818;181.71535232;0.00000000;18.41457972;-9.33059753;2.20752702;0.97373228;-1.63104232;-0.00019812;10.97253724;2.96460294
1819;181.81530576;0.00000000;18.40856372;-9.43037598;2.22038006;0.94641872;-1.63095649;0.00191621;10.99950990;2.94835099
1820;181.91525920;0.00000000;18.40256758;-9.53014316;2.22351951;0.92754788;-1.63065921;0.00403274;11.02626926;2.93222200
1821;182.01521264;0.00000000;18.39661092;-9.62992511;2.23117764;0.91072929;-1.63015007;0.00615490;11.05281797;2.91621451
1822;182.11516607;0.00000000;18.39071638;-9.72969838;2.24332728;0.90464540;-1.62942877;0.00827921;11.07915865;2.90032706
1823;182.21511951;0.00000000;18.38490369;-9.82948877;2.25991980;0.90948904;-1.62849477;0.01040894;11.10529386;2.88455824
1824;182.31507295;0.00000000;18.37919554;-9.92927291;2.28087490;0.91518325;-1.62734791;0.01254079;11.13122611;2.86890665
1825;182.41502639;0.00000000;18.37361179;-10.02907626;2.28016097;0.92075423;-1.62598758;0.01467735;11.15695787;2.85337094
1826;182.51497983;0.00000000;18.36817513;-10.12887563;2.27472482;0.92499032;-1.62441376;0.01681582;11.18249156;2.83794975
1827;182.61493327;0.00000000;18.36290559;-10.22869591;2.27135156;0.88932433;-1.62262569;0.01896114;11.20782955;2.82264177
1828;182.71488671;0.00000000;18.35782585;-10.32851422;2.27256360;0.86362942;-1.62062327;0.02110858;11.23297417;2.80744571
1829;182.81484015;0.00000000;18.35295615;-10.42835478;2.27837526;0.84878407;-1.61840590;0.02325716;11.25792771;2.79236029
1830;182.91479359;0.00000000;18.34831910;-10.52819467;2.28471919;0.84534221;-1.61597396;0.02540738;11.28269243;2.77738427
1831;183.01474703;0.00000000;18.34393512;-10.62805749;2.29551150;0.84972738;-1.61332644;0.02756548;11.30727052;2.76251642
1832;183.11470047;0.00000000;18.33982677;-10.72792069;2.31085100;0.85383699;-1.61046341;0.02972531;11.33166416;2.74775552
1833;183.21465390;0.00000000;18.33601473;-10.82780670;2.33067223;0.85764985;-1.60738390;0.03189106;11.35587548;2.73310041
1834;183.31460734;0.00000000;18.33252149;-10.92769358;2.33930436;0.86114397;-1.60408813;0.03405879;11.37990656;-7.81317643
1835;183.41456078;0.00000000;18.32936792;-11.02760266;2.33615031;0.86429802;-1.60057671;0.03619626;11.31107270;-7.64292546
1836;183.51451422;0.00000000;18.32657615;-11.12751153;2.33693715;0.82766599;-1.59685221;0.03833295;11.24333102;-7.42991385
1837;183.61446766;0.00000000;18.32416690;-11.22744120;2.34237573;0.80150161;-1.59291471;0.04044783;11.17708376;-7.22169359
1838;183.71442110;0.00000000;18.32216190;-11.32736900;2.35245354;0.78684791;-1.58876640;0.04256173;11.11231458;-7.01707655
1839;183.81437454;0.00000000;18.32058187;-11.42731482;2.36713408;0.77675836;-1.58440604;0.04468244;11.04901685;-6.81646569
1840;183.91432798;0.00000000;18.31944834;-11.52725665;2.38634991;0.77433627;-1.57983405;0.04680499;10.98717957;-6.61946697
1841;184.01428142;0.00000000;18.31878232;-11.62721256;2.41001642;0.77500174;-1.57504928;0.04893087;10.92679450;-6.42602378
1842;184.11423486;0.00000000;18.31860519;-11.72716084;2.42527427;0.77517831;-1.57005238;0.05105883;10.86785313;-6.23604636
1843;184.21418830;0.00000000;18.31893817;-11.82711817;2.42560732;0.77484523;-1.56484225;0.05318789;10.81034704;-6.04927664
1844;184.31414174;0.00000000;18.31980248;-11.92706308;2.42647179;0.77398069;-1.55941972;0.05531851;10.75426944;-5.86550470
1845;184.41409517;0.00000000;18.32121952;-12.02701058;2.42788894;0.77256373;-1.55378366;0.05745075;10.69961478;-5.68449047
1846;184.51404861;0.00000000;18.32321030;-12.12693970;2.42987998;0.77057273;-1.54793487;0.05958499;10.64637908;-5.50616052
1847;184.61400205;0.00000000;18.32579640;-12.22686347;2.43246638;0.76798651;-1.54187222;0.06172016;10.59455843;-5.33017416
1848;184.71395549;0.00000000;18.32899864;-12.32676139;2.43566915;0.76478366;-1.53559653;0.06385754;10.54415145;-5.15648391
1849;184.81390893;0.00000000;18.33283873;-12.42664448;2.43950988;0.76094280;-1.52910667;0.06599585;10.49515665;-4.98472749
1850;184.91386237;0.00000000;18.33733728;-12.52649274;2.44400941;0.75644274;-1.52240344;0.06813660;10.44757541;-4.81490569
1851;185.01381581;0.00000000;18.34251610;-12.62631500;2.44918944;0.75126195;-1.51548573;0.07027808;10.40140851;-4.64658893
1852;185.11376925;0.00000000;18.34839560;-12.72609180;2.45507059;0.74537945;-1.50835428;0.07242245;10.35666037;-4.47984363
1853;185.21372269;0.00000000;18.35499762;-12.82582963;2.46167464;0.73877361;-1.50100803;0.07456734;10.31333421;-4.31418401
1854;185.31367613;0.00000000;18.36234239;-12.92550966;2.46902202;0.73142366;-1.49344766;0.07671549;10.27143745;-4.14968470
1855;185.41362957;0.00000000;18.37045172;-13.02513584;2.47713452;0.72330792;-1.48567213;0.07886440;10.23097634;-3.98581201
1856;185.51358300;0.00000000;18.37934568;-13.12469004;2.48603241;0.71440583;-1.47768200;0.08101726;10.19196182;-3.82271482
1857;185.61353644;0.00000000;18.38904595;-13.22417334;2.49573737;0.70469578;-1.46947630;0.08317079;10.15440292;-3.65985351
1858;185.71348988;0.00000000;18.39957250;-13.32356872;2.48468923;0.69415739;-1.46105545;0.08532827;10.11831353;-3.49730154
1859;185.81344332;0.00000000;18.41094676;-13.42287405;2.47416154;0.68276924;-1.45241864;0.08748703;10.08370637;-3.33437794
1860;185.91339676;0.00000000;18.42318861;-13.52207320;2.46851442;0.67051115;-1.44356600;0.08965170;10.05060043;-3.17127577
1861;186.01335020;0.00000000;18.43631918;-13.62116099;2.46780308;0.65736203;-1.43449669;0.09181832;10.01901239;-3.00742756
1862;186.11330364;0.00000000;18.45035831;-13.72012227;2.47205350;0.64330191;-1.42521073;0.09399037;9.98896410;-2.84054447
1863;186.21325708;0.00000000;18.46532670;-13.81894827;2.47923877;0.63854839;-1.41570627;0.09618830;9.96049996;-2.67228655
1864;186.31321052;0.00000000;18.48124450;-13.91762559;2.48949860;0.64838652;-1.40598185;0.09839323;9.93364741;-2.49894054
1865;186.41316396;0.00000000;18.49813200;-14.01614135;2.50467911;0.67215395;-1.39603495;0.10063985;9.90847090;-2.32306897
1866;186.51311740;0.00000000;18.51600974;-14.11448284;2.52255337;0.67915011;-1.38586292;0.10289965;9.88500875;-2.13905436
1867;186.61307083;0.00000000;18.53489784;-14.21263409;2.52793876;0.66044501;-1.37546161;0.10522643;9.86335574;-1.95273916
1868;186.71302427;0.00000000;18.55481753;-14.31058279;2.52374586;0.64045323;-1.36482724;0.10755764;9.84354714;-1.76622966
1869;186.81297771;0.00000000;18.57578853;-14.40830936;2.52458236;0.63465729;-1.35396124;0.10986876;9.82559611;-1.57631089
1870;186.91293115;0.00000000;18.59783218;-14.50580289;2.53046634;0.64341862;-1.34286340;0.11218954;9.80954757;-1.38161087
1871;187.01288459;0.00000000;18.62096704;-14.60304031;2.53306826;0.65286741;-1.33153300;0.11453050;9.79545966;-1.18227945
1872;187.11283803;0.00000000;18.64521413;-14.70000896;2.53057423;0.64858185;-1.31996728;0.11688632;9.78338818;-0.98408240
1873;187.21279147;0.00000000;18.67059174;-14.79668532;2.53319326;0.62336498;-1.30816900;0.11919407;9.77332898;-0.77992509
1874;187.31274491;0.00000000;18.69711977;-14.89305413;2.54093226;0.60072798;-1.29613922;0.12152349;9.76534930;-0.56200363
1875;187.41269835;0.00000000;18.72481500;-14.98908845;2.55376592;0.59304649;-1.28387170;0.12395016;9.75959521;-0.36793507
1876;187.51265179;0.00000000;18.75370028;-15.08478038;2.53561381;0.60087134;-1.27136294;0.12608201;9.75582625;-0.36793507
1877;187.61260523;0.00000000;18.78378287;-15.18009111;2.52231782;0.61795141;-1.25877203;0.12587515;9.75205584;-0.33870410
1878;187.71255867;0.00000000;18.81506679;-15.27502971;2.51418328;0.61061124;-1.24619956;0.12558159;9.74858368;-0.30202081
1879;187.81251210;0.00000000;18.84753449;-15.36955558;2.50421488;0.61828685;-1.23370314;0.12448407;9.74548653;-0.18996916
1880;187.91246554;0.00000000;18.88118014;-15.46368227;2.49547241;0.63042342;-1.22131333;0.12341621;9.74353794;-0.08371543
1881;188.01241898;0.00000000;18.91598011;-15.55737530;2.49194709;0.63082053;-1.20903063;0.12236925;9.74267912;0.01779207
1882;188.11237242;0.00000000;18.95192753;-15.65064629;2.49365022;0.63830721;-1.19685029;0.12134035;9.74286165;0.11500952
1883;188.21232586;0.00000000;18.98899942;-15.74346417;2.49559474;0.62212767;-1.18477312;0.12033220;9.74404148;0.20785098
1884;188.31227930;0.00000000;19.02718917;-15.83583955;2.49661440;0.61486791;-1.17279434;0.11934608;9.74617336;0.29635981
1885;188.41223274;0.00000000;19.06647402;-15.92774312;2.49658530;0.62257302;-1.16091413;0.11838383;9.74921225;0.38051930
1886;188.51218618;0.00000000;19.10684767;-16.01918466;2.50058471;0.64078760;-1.14912798;0.11744033;9.75311273;0.46096897
1887;188.61213962;0.00000000;19.14828789;-16.11013710;2.50571452;0.66227953;-1.13743629;0.11651656;9.75783576;0.53774711
1888;188.71209306;0.00000000;19.19078852;-16.20060925;2.49414423;0.66766270;-1.12583489;0.11561369;9.76334257;0.61087006
1889;188.81204650;0.00000000;19.23432775;-16.29057582;2.48535245;0.67452504;-1.11432327;0.11473888;9.76959443;0.67977618
1890;188.91199993;0.00000000;19.27890004;-16.38004547;2.48030669;0.69472695;-1.10289736;0.11387506;9.77654679;0.74622319
1891;189.01195337;0.00000000;19.32448368;-16.46899401;2.46794980;0.72017539;-1.09155891;0.11301267;9.78417305;0.81121643
1892;189.11190681;0.00000000;19.37107330;-16.55742982;2.44656245;0.74996019;-1.08030468;0.11217330;9.79245680;0.87275145
1893;189.21186025;0.00000000;19.41864750;-16.64533019;2.43021267;0.76318946;-1.06913324;0.11137082;9.80136108;0.92959781
1894;189.31181369;0.00000000;19.46720112;-16.73270251;2.41899389;0.76623293;-1.05804029;0.11059684;9.81083646;0.98268055
1895;189.41176713;0.00000000;19.51671364;-16.81952561;2.41297326;0.77038989;-1.04702086;0.10990567;9.82084297;1.02685738
1896;189.51172057;0.00000000;19.56718121;-16.90580685;2.40223029;0.78624905;-1.03606904;0.10922632;9.83128845;1.06916468
1897;189.61167401;0.00000000;19.61858353;-16.99152492;2.37306368;0.81060440;-1.02518504;0.10856655;9.84215251;1.10890386
1898;189.71162745;0.00000000;19.67091730;-17.07668716;2.34881522;0.83390412;-1.01436525;0.10792337;9.85340771;1.14642623
1899;189.81158089;0.00000000;19.72416245;-17.16127318;2.32663123;0.85614726;-1.00361002;0.10729168;9.86503025;1.18228214
1900;189.91153433;0.00000000;19.77831572;-17.24528964;2.30549628;0.87733934;-0.99291647;0.10667474;9.87700199;1.21619628
1901;190.01148776;0.00000000;19.83335761;-17.32871766;2.28540917;0.89748087;-0.98228421;0.10607957;9.88930201;1.24752667
1902;190.11144120;0.00000000;19.88928521;-17.41156364;2.26636286;0.91657753;-0.97171004;0.10549574;9.90190302;1.27735103
1903;190.21139464;0.00000000;19.94607906;-17.49380919;2.24835602;0.93463065;-0.96119458;0.10492125;9.91478869;1.30590007
1904;190.31134808;0.00000000;20.00373655;-17.57546061;2.23138200;0.95227472;-0.95073511;0.10436030;9.92794506;1.33278949
1905;190.41130152;0.00000000;20.06223839;-17.65650031;2.21543917;0.97885748;-0.94033176;0.10381278;9.94135438;1.35806613
1906;190.51125496;0.00000000;20.12158218;-17.73693429;2.17919856;1.00770460;-0.92998182;0.10327710;9.95499943;1.38191956
1907;190.61120840;0.00000000;20.18174892;-17.81674584;2.14671548;1.04144427;-0.91968556;0.10275298;9.96886497;1.40440717
1908;190.71116184;0.00000000;20.24273639;-17.89594070;2.11944479;1.07912089;-0.90944040;0.10224057;9.98293642;1.42553944
1909;190.81111528;0.00000000;20.30452581;-17.97450286;2.09759150;1.09099198;-0.89924660;0.10173890;9.99719934;1.44544079
1910;190.91106872;0.00000000;20.36711510;-18.05243781;2.07965842;1.10454388;-0.88910170;0.10124860;10.01164064;1.46407008
1911;191.01102216;0.00000000;20.43048574;-18.12973030;2.04668789;1.12585499;-0.87900595;0.10076881;10.02624685;1.48153703
1912;191.11097560;0.00000000;20.49463581;-18.20638554;2.01910465;1.15450080;-0.86895695;0.10029991;10.04100569;1.49782245
1913;191.21092903;0.00000000;20.55954703;-18.28238900;1.99713378;1.18994975;-0.85895497;0.09984072;10.05590475;1.51306716
1914;191.31088247;0.00000000;20.62521758;-18.35774559;1.98095692;1.21915111;-0.84899773;0.09939220;10.07093307;1.52718901
1915;191.41083591;0.00000000;20.69162946;-18.43244149;1.97071595;1.23801688;-0.83908547;0.09895314;10.08607894;1.54032985
1916;191.51078935;0.00000000;20.75878091;-18.50648134;1.96584840;1.26358239;-0.82921596;0.09852442;10.10133214;1.55241484
1917;191.61074279;0.00000000;20.82665424;-18.57985197;1.94252087;1.29544970;-0.81938945;0.09810479;10.11668174;1.56358674
1918;191.71069623;0.00000000;20.89524774;-18.65255775;1.90422558;1.31538923;-0.80960379;0.09769507;10.13211830;1.57377537
1919;191.81064967;0.00000000;20.96454400;-18.72458615;1.86528326;1.33883054;-0.79985925;0.09729349;10.14763173;1.58317641
1920;191.91060311;0.00000000;21.03454134;-18.79594125;1.83189564;1.36159516;-0.79015381;0.09690208;10.16321394;1.59158988
1921;192.01055655;0.00000000;21.10522265;-18.86661115;1.80437436;1.37756977;-0.78048752;0.09652036;10.17885491;1.59907786
1922;192.11050999;0.00000000;21.17658630;-18.93659964;1.78298690;1.39216626;-0.77085839;0.09614799;10.19454530;1.60568815
1923;192.21046343;0.00000000;21.24861546;-19.00589542;1.75472258;1.41276373;-0.76126663;0.09578310;10.21027630;1.61162427
1924;192.31041686;0.00000000;21.32130851;-19.07450199;1.73054974;1.43563288;-0.75171037;0.09542617;10.22604111;1.61684462
1925;192.41037030;0.00000000;21.39464891;-19.14240864;1.71282356;1.44185941;-0.74219029;0.09507037;10.24183261;1.62207357
1926;192.51032374;0.00000000;21.46863495;-19.20961865;1.70174179;1.45400499;-0.73270484;0.09472329;10.25765075;1.62651160
1927;192.61027718;0.00000000;21.54325038;-19.27612192;1.69743322;1.47192427;-0.72325427;0.09438193;10.27348771;1.63048446
1928;192.71023062;0.00000000;21.61849346;-19.34192147;1.69994590;1.48729595;-0.71383693;0.09404972;10.28933889;1.63363204
1929;192.81018406;0.00000000;21.69434823;-19.40700776;1.70924602;1.49133313;-0.70445278;0.09372641;10.30519622;1.63599017
1930;192.91013750;0.00000000;21.77081289;-19.47138349;1.69601662;1.50109816;-0.69510006;0.09341224;10.32105202;1.63753916
1931;193.01009094;0.00000000;21.84787185;-19.53503965;1.67197842;1.51648178;-0.68577873;0.09310665;10.33689847;1.63834720
1932;193.11004438;0.00000000;21.92552327;-19.59797867;1.65456103;1.52433287;-0.67648710;0.09280949;10.35272848;1.63843647
1933;193.20999782;0.00000000;22.00375188;-19.66019199;1.63976956;1.52618011;-0.66722521;0.09251996;10.36853518;1.63789847
1934;193.30995126;0.00000000;22.08255575;-19.72168179;1.61252775;1.53363108;-0.65799142;0.09223908;10.38431263;1.63662759
1935;193.40990469;0.00000000;22.16191997;-19.78243998;1.58766295;1.54660632;-0.64878573;0.09196544;10.40005394;1.63478232
1936;193.50985813;0.00000000;22.24184246;-19.84246842;1.56969091;1.56497102;-0.63960661;0.09170013;10.41575375;1.63224650
1937;193.60981157;0.00000000;22.32230876;-19.90175955;1.55885036;1.58853795;-0.63045400;0.09144189;10.43140563;1.62916440
1938;193.70976501;0.00000000;22.40331658;-19.96031490;1.55196769;1.58974116;-0.62132646;0.09119180;10.44700458;1.62541927
1939;193.80971845;0.00000000;22.48485186;-20.01812739;1.53048549;1.58888444;-0.61222390;0.09094854;10.46254449;1.62115969
1940;193.90967189;0.00000000;22.56691214;-20.07519825;1.51165351;1.59340047;-0.60314494;0.09071331;10.47802072;1.61625800
1941;194.00962533;0.00000000;22.64948377;-20.13152085;1.50016592;1.60324552;-0.59408947;0.09048465;10.49342743;1.61087744
1942;194.10957877;0.00000000;22.73256409;-20.18709613;1.48765118;1.61832440;-0.58505616;0.09026387;10.50876038;1.60487580
1943;194.20953221;0.00000000;22.81613985;-20.24191790;1.47886033;1.63849265;-0.57604488;0.09004946;10.52401399;1.59842354
1944;194.30948565;0.00000000;22.90020815;-20.29598682;1.47100416;1.66356679;-0.56705438;0.08984282;10.53918433;1.59136748
1945;194.40943909;0.00000000;22.98475620;-20.34929710;1.45784126;1.69332748;-0.55808448;0.08964226;10.55426604;1.58389667
1946;194.50939253;0.00000000;23.06978083;-20.40184912;1.44055271;1.69763000;-0.54913400;0.08944939;10.56925557;1.57583452
1947;194.60934596;0.00000000;23.15526970;-20.45363752;1.43094954;1.70486628;-0.54020273;0.08926264;10.58414775;1.56735852
1948;194.70929940;0.00000000;23.24121935;-20.50466238;1.42918507;1.71701664;-0.53128952;0.08908337;10.59893907;1.55831806
1949;194.80925284;0.00000000;23.32761791;-20.55491875;1.43528669;1.73187008;-0.52239417;0.08890970;10.61362463;1.54892627
1950;194.90920628;0.00000000;23.41446157;-20.60440640;1.44915310;1.74246080;-0.51351559;0.08874371;10.62820158;1.53894884
1951;195.00915972;0.00000000;23.50173899;-20.65312079;1.45600849;1.75316034;-0.50465349;0.08858371;10.64266486;1.52858114
1952;195.10911316;0.00000000;23.58944600;-20.70106141;1.44424969;1.76858090;-0.49580684;0.08843089;10.65701127;1.51768647
1953;195.20906660;0.00000000;23.67757175;-20.74822409;1.41726350;1.78049236;-0.48697537;0.08828352;10.67123635;1.50646666
1954;195.30902004;0.00000000;23.76611172;-20.79460807;1.39296256;1.78878118;-0.47815810;0.08814324;10.68533753;1.49473225
1955;195.40897348;0.00000000;23.85505560;-20.84020953;1.37469350;1.79242222;-0.46935483;0.08800671;10.69931051;1.48286798
1956;195.50892692;0.00000000;23.94439829;-20.88502739;1.36440206;1.79105981;-0.46056469;0.08787694;10.71315458;1.47052792
1957;195.60888036;0.00000000;24.03413016;-20.92905829;1.36226880;1.78859513;-0.45178780;0.08774454;10.72686579;1.45879301
1958;195.70883379;0.00000000;24.12424566;-20.97230095;1.36079172;1.79083646;-0.44302373;0.08761761;10.74045029;1.44671938
1959;195.80878723;0.00000000;24.21473556;-21.01475237;1.36151063;1.79776726;-0.43427267;0.08748708;10.75390541;1.43535672
1960;195.90874067;0.00000000;24.30559402;-21.05641124;1.37041124;1.80933452;-0.42553421;0.08736377;10.76723823;1.42343992
1961;196.00869411;0.00000000;24.39681219;-21.09727485;1.38035439;1.82248645;-0.41680784;0.08724659;10.78044408;1.41109847
1962;196.10864755;0.00000000;24.48838365;-21.13734161;1.37819990;1.82424088;-0.40809275;0.08713722;10.79351949;1.39813904
1963;196.20860099;0.00000000;24.58030035;-21.17660919;1.36238394;1.81917477;-0.39938829;0.08703421;10.80645920;1.38473346
1964;196.30855443;0.00000000;24.67255524;-21.21507571;1.34298911;1.81872420;-0.39069378;0.08693774;10.81925960;1.37086236
1965;196.40850787;0.00000000;24.76514097;-21.25273913;1.33170413;1.82289359;-0.38200875;0.08684481;10.83191687;1.35688226
1966;196.50846131;0.00000000;24.85804997;-21.28959739;1.32873559;1.82411210;-0.37333266;0.08675862;10.84443051;1.34241218
1967;196.60841475;0.00000000;24.95127542;-21.32564870;1.33413839;1.82230922;-0.36466509;0.08667432;10.85679652;1.32802922
1968;196.70836819;0.00000000;25.04480923;-21.36089084;1.34781055;1.81827003;-0.35600563;0.08659672;10.86901618;1.31315997
1969;196.80832162;0.00000000;25.13864519;-21.39532230;1.34982686;1.81556885;-0.34735380;0.08652093;10.88108554;1.29838568
1970;196.90827506;0.00000000;25.23277463;-21.42894070;1.35942652;1.81647628;-0.33870926;0.08645205;10.89300595;1.28309854
1971;197.00822850;0.00000000;25.32719200;-21.46174479;1.37274212;1.81795538;-0.33007127;0.08638847;10.90477322;1.26749259
1972;197.10818194;0.00000000;25.42188800;-21.49373202;1.35797577;1.82405666;-0.32143937;0.08633191;10.91638491;1.25136442
1973;197.20813538;0.00000000;25.51685776;-21.52490132;1.35132725;1.83473430;-0.31281276;0.08628053;10.92783674;1.23493650
1974;197.30808882;0.00000000;25.61209136;-21.55524999;1.35156222;1.82038692;-0.30419107;0.08623602;10.93912648;1.21800803
1975;197.40804226;0.00000000;25.70758461;-21.58477716;1.35455015;1.80987729;-0.29557342;0.08619675;10.95025006;1.20077817
1976;197.50799570;0.00000000;25.80332695;-21.61347997;1.36572316;1.80398952;-0.28695951;0.08616439;10.96120523;1.18304716
1977;197.60794914;0.00000000;25.89931486;-21.64135771;1.37625104;1.80276944;-0.27834840;0.08613728;10.97198794;1.16501827
1978;197.70790258;0.00000000;25.99553714;-21.66840740;1.37437103;1.79153807;-0.26973984;0.08611705;10.98259598;1.14649690
1979;197.80785602;0.00000000;26.09199095;-21.69462846;1.36937837;1.76892139;-0.26113284;0.08610203;10.99302539;1.12768917
1980;197.90780946;0.00000000;26.18866442;-21.72001782;1.37252892;1.75087424;-0.25252722;0.08609388;11.00327406;1.10839454
1981;198.00776289;0.00000000;26.28555539;-21.74457499;1.38376695;1.73753954;-0.24392192;0.08609096;11.01333808;1.08881496
1982;198.10771633;0.00000000;26.38265132;-21.76829682;1.40289663;1.72902806;-0.23531681;0.08609493;11.02321538;1.06875333
1983;198.20766977;0.00000000;26.47995073;-21.79118291;1.42250112;1.72541130;-0.22671078;0.08610413;11.03290208;1.04841258
1984;198.30762321;0.00000000;26.57744039;-21.81323006;1.42311755;1.72672039;-0.21810377;0.08612022;11.04239617;1.02759500
1985;198.40757665;0.00000000;26.67511950;-21.83443792;1.42005089;1.73294401;-0.20949459;0.08614158;11.05169383;1.00649972
1986;198.50753009;0.00000000;26.77297414;-21.85480324;1.42486870;1.73058114;-0.20088324;0.08616985;11.06079305;0.98493194
1987;198.60748353;0.00000000;26.87100418;-21.87432572;1.43749200;1.71669479;-0.19226848;0.08620344;11.06969003;0.96308805
1988;198.70743697;0.00000000;26.96919499;-21.89300210;1.44834665;1.69458266;-0.18365035;0.08624394;11.07838280;0.94077605
1989;198.80739041;0.00000000;27.06754712;-21.91083207;1.45072827;1.67728817;-0.17502755;0.08628984;11.08686759;0.91818763
1990;198.90734385;0.00000000;27.16604522;-21.92781238;1.45850839;1.66496373;-0.16640018;0.08634268;11.09514241;0.89513514
1991;199.00729729;0.00000000;27.26469052;-21.94394271;1.46987183;1.65771954;-0.15776688;0.08640098;11.10320353;0.87180494
1992;199.10725072;0.00000000;27.36346695;-21.95921984;1.48871999;1.65562288;-0.14912780;0.08646626;11.11104894;0.84801463
1993;199.20720416;0.00000000;27.46237639;-21.97364340;1.51477448;1.65620186;-0.14048150;0.08653710;11.11867494;0.82394399
1994;199.30715760;0.00000000;27.56140205;-21.98721023;1.54529978;1.64173382;-0.13182820;0.08661494;11.12607948;0.79941712
1995;199.40711104;0.00000000;27.66054647;-21.99991988;1.55367811;1.61880182;-0.12316640;0.08669845;11.13325889;0.77460610
1996;199.50706448;0.00000000;27.75979210;-22.01176928;1.56553535;1.59216680;-0.11449635;0.08678902;11.14021107;0.74934267
1997;199.60701792;0.00000000;27.85914216;-22.02275789;1.58447229;1.57059502;-0.10581649;0.08688538;11.14693237;0.72379011
1998;199.70697136;0.00000000;27.95857836;-22.03288272;1.60146540;1.55430040;-0.09712713;0.08698884;11.15342064;0.69778897
1999;199.80692480;0.00000000;28.05810456;-22.04214313;1.60528009;1.54344844;-0.08842663;0.08709822;11.15967225;0.67149251
2000;199.90687824;0.00000000;28.15770170;-22.05053624;1.61614446;1.53380586;-0.07971535;0.08721477;11.16568497;0.64475136
2001;200.00683168;0.00000000;28.25737429;-22.05806127;1.63391953;1.50989933;-0.07099160;0.08733740;11.17145519;0.61770752
2002;200.10678512;0.00000000;28.35710254;-22.06471549;1.65838077;1.49145630;-0.06225576;0.08746726;11.17698058;0.59022298
2003;200.20673855;0.00000000;28.45689156;-22.07049794;1.67682252;1.47867898;-0.05350608;0.08760337;11.18225758;0.56242730
2004;200.30669199;0.00000000;28.55672080;-22.07540607;1.69258375;1.47116070;-0.04474301;0.08774677;11.18728375;0.53419498
2005;200.40664543;0.00000000;28.65659600;-22.07943874;1.71488906;1.44047704;-0.03596468;0.08789662;11.19205553;0.50564173
2006;200.50659887;0.00000000;28.75649585;-22.08259357;1.74348404;1.41347550;-0.02717162;0.08805384;11.19657038;0.47665617
2007;200.60655231;0.00000000;28.85642670;-22.08486920;1.75219240;1.39226976;-0.01836189;0.08821771;11.20082475;0.44733953
2008;200.70650575;0.00000000;28.95636645;-22.08626349;1.76718473;1.37713073;-0.00953605;0.08838904;11.20481599;0.41759479
2009;200.80645919;0.00000000;29.05632206;-22.08677482;1.78522375;1.36825703;-0.00069208;0.08856724;11.20854055;0.38750519
2010;200.90641263;0.00000000;29.15627067;-22.08640130;1.80758504;1.33903725;0.00816940;0.08875301;11.21199564;0.35699261
2011;201.00636607;0.00000000;29.25621981;-22.08514104;1.83597172;1.30858739;0.01705050;0.08894583;11.21517773;0.32612880
2012;201.10631951;0.00000000;29.35614585;-22.08299241;1.85893732;1.28434093;0.02595054;0.08914634;11.21808393;0.29484569
2013;201.20627295;0.00000000;29.45605689;-22.07995324;1.87953890;1.26665014;0.03487173;0.08935432;11.22071070;0.26317762
2014;201.30622639;0.00000000;29.55592852;-22.07602219;1.90602203;1.25579441;0.04381334;0.08957007;11.22305483;0.23109764
2015;201.40617982;0.00000000;29.65576940;-22.07119676;1.93814992;1.24840131;0.05277765;0.08979313;11.22511281;0.19867519
2016;201.50613326;0.00000000;29.75555435;-22.06547594;1.95542557;1.21138128;0.06176387;0.09002410;11.22688177;0.16584254
2017;201.60608670;0.00000000;29.85529254;-22.05885688;1.96562336;1.17609826;0.07077441;0.09026386;11.22835817;0.13250217
2018;201.70604014;0.00000000;29.95495802;-22.05133891;1.98170436;1.14758354;0.07980851;0.09051168;11.22953763;0.09875822
2019;201.80599358;0.00000000;30.05456047;-22.04291883;2.00353090;1.12634594;0.08886852;0.09076603;11.23041664;0.06481580
2020;201.90594702;0.00000000;30.15407324;-22.03359633;2.03091447;1.11280540;0.09795353;0.09102837;11.23099350;0.03049887
2021;202.00590046;0.00000000;30.25350651;-22.02336782;2.06363917;1.10257602;0.10706610;0.09130070;11.23126493;-19.15963836
2022;202.10585390;0.00000000;30.35283259;-22.01223341;2.10144918;1.09144089;0.11620547;0.09158230;11.05943798;-1.26181686
