id; s_m; d_m; x_m; y_m; d_right; d_left; psi_rad; kappa_radpm; vx_mps; ax_mps2
0;0.00000000;0.00000000;-24.94708996;-11.68708339;1.39110012;1.76164347;2.87976184;-0.10722687;0.00000000;0.00000000
1;0.10000000;0.00000000;-25.04365768;-11.66120489;1.37614137;1.76707932;2.86903915;-0.15755260;0.00000000;0.00000000
2;0.20000000;0.00000000;-25.13964823;-11.63326158;1.36620129;1.78024858;2.84825132;-0.24124740;0.00000000;0.00000000
3;0.30000000;0.00000000;-25.23505646;-11.60339187;1.36152588;1.80084772;2.82078967;-0.32771381;0.00000000;0.00000000
4;0.40000000;0.00000000;-25.32936258;-11.57022315;1.35971087;1.82689016;2.78270856;-0.35303786;0.00000000;0.00000000
5;0.50000000;0.00000000;-25.42221074;-11.53318480;1.35529764;1.83480824;2.75018210;-0.31480821;0.00000000;0.00000000
6;0.60000000;0.00000000;-25.51416477;-11.49395440;1.35588370;1.84844150;2.71974691;-0.30698735;0.00000000;0.00000000
7;0.70000000;0.00000000;-25.60458356;-11.45133803;1.36011623;1.84254077;2.68878463;-0.27465717;0.00000000;0.00000000
8;0.80000000;0.00000000;-25.69393332;-11.40649286;1.36919366;1.83503468;2.66481548;-0.25175122;0.00000000;0.00000000
9;0.90000000;0.00000000;-25.78221479;-11.35958771;1.38316356;1.83527860;2.63843439;-0.29681249;0.00000000;0.00000000
10;1.00000000;0.00000000;-25.86906767;-11.31009709;1.40006921;1.84389809;2.60545298;-0.32156878;0.00000000;0.00000000
11;1.10000000;0.00000000;-25.95405394;-11.25748187;1.39469695;1.83078718;2.57412063;-0.27829499;0.00000000;0.00000000
12;1.20000000;0.00000000;-26.03764492;-11.20264465;1.39385597;1.81041359;2.54979398;-0.25890619;0.00000000;0.00000000
13;1.30000000;0.00000000;-26.11997935;-11.14595281;1.39793858;1.79224979;2.52233939;-0.29065387;0.00000000;0.00000000
14;1.40000000;0.00000000;-26.20042168;-11.08662025;1.40589718;1.77730223;2.49166321;-0.27617570;0.00000000;0.00000000
15;1.50000000;0.00000000;-26.27913260;-11.02498152;1.41798750;1.76521768;2.46710425;-0.25647074;0.00000000;0.00000000
16;1.60000000;0.00000000;-26.35656855;-10.96176741;1.42805298;1.75515260;2.44036906;-0.27982074;0.00000000;0.00000000
17;1.70000000;0.00000000;-26.43187063;-10.89601225;1.43479120;1.73302592;2.41114010;-0.29308176;0.00000000;0.00000000
18;1.80000000;0.00000000;-26.50548678;-10.82837646;1.44591713;1.70649752;2.38175271;-0.26092272;0.00000000;0.00000000
19;1.90000000;0.00000000;-26.57680030;-10.75830778;1.46051778;1.68879276;2.35895556;-0.22403134;0.00000000;0.00000000
20;2.00000000;0.00000000;-26.64726178;-10.68738222;1.48056152;1.67807581;2.33694644;-0.21769486;0.00000000;0.00000000
21;2.10000000;0.00000000;-26.71541963;-10.61424673;1.50391901;1.67646640;2.31541659;-0.17676259;0.00000000;0.00000000
22;2.20000000;0.00000000;-26.78276226;-10.54035443;1.50333112;1.68109925;2.30159392;-0.15567197;0.00000000;0.00000000
23;2.30000000;0.00000000;-26.84887271;-10.46536253;1.50560425;1.68738255;2.28428219;-0.18981462;0.00000000;0.00000000
24;2.40000000;0.00000000;-26.91361434;-10.38918663;1.51268917;1.65771660;2.26363100;-0.21978071;0.00000000;0.00000000
25;2.50000000;0.00000000;-26.97656653;-10.31153548;1.52401158;1.63565434;2.24032605;-0.20968904;0.00000000;0.00000000
26;2.60000000;0.00000000;-27.03768952;-10.23242490;1.53945342;1.61240842;2.22169319;-0.14608155;0.00000000;0.00000000
27;2.70000000;0.00000000;-27.09771232;-10.15247229;1.55808229;1.59466074;2.21110974;-0.11224636;0.00000000;0.00000000
28;2.80000000;0.00000000;-27.15714909;-10.07208318;1.56628223;1.58376817;2.19924392;-0.16554300;0.00000000;0.00000000
29;2.90000000;0.00000000;-27.21525805;-9.99072838;1.57915667;1.58078417;2.17800114;-0.20731477;0.00000000;0.00000000
30;3.00000000;0.00000000;-27.27122472;-9.90789038;1.59564385;1.58671420;2.15778096;-0.16830905;0.00000000;0.00000000
31;3.10000000;0.00000000;-27.32599591;-9.82425467;1.59891325;1.59861018;2.14433933;-0.12902056;0.00000000;0.00000000
32;3.20000000;0.00000000;-27.37971650;-9.73994088;1.59008212;1.61356495;2.13197685;-0.12220736;0.00000000;0.00000000
33;3.30000000;0.00000000;-27.43240308;-9.65497696;1.58628863;1.61137343;2.11989786;-0.12092507;0.00000000;0.00000000
34;3.40000000;0.00000000;-27.48407180;-9.56938937;1.58759718;1.60028565;2.10779184;-0.15519494;0.00000000;0.00000000
35;3.50000000;0.00000000;-27.53468647;-9.48317399;1.59396212;1.59662443;2.08885887;-0.16757424;0.00000000;0.00000000
36;3.60000000;0.00000000;-27.58307897;-9.39569016;1.60400340;1.59085527;2.07427699;-0.12569618;0.00000000;0.00000000
37;3.70000000;0.00000000;-27.63115881;-9.30803422;1.61552659;1.58077444;2.06371964;-0.12720133;0.00000000;0.00000000
38;3.80000000;0.00000000;-27.67769053;-9.21955364;1.61983302;1.54827243;2.04883672;-0.12379920;0.00000000;0.00000000
39;3.90000000;0.00000000;-27.72313996;-9.13050648;1.62788243;1.52284318;2.03895980;-0.08655246;0.00000000;0.00000000
40;4.00000000;0.00000000;-27.76791722;-9.04111930;1.64124807;1.50438800;2.03152623;-0.07331746;0.00000000;0.00000000
41;4.10000000;0.00000000;-27.81203799;-8.95140591;1.64738402;1.49314644;2.02429631;-0.07332911;0.00000000;0.00000000
42;4.20000000;0.00000000;-27.85551841;-8.86137995;1.65457470;1.48926203;2.01686041;-0.08973120;0.00000000;0.00000000
43;4.30000000;0.00000000;-27.89830041;-8.77101981;1.65597265;1.49285401;2.00635007;-0.10432299;0.00000000;0.00000000
44;4.40000000;0.00000000;-27.93987859;-8.68010061;1.64704389;1.50441561;1.99599581;-0.08660011;0.00000000;0.00000000
45;4.50000000;0.00000000;-27.98078006;-8.58887456;1.64153283;1.51498646;1.98903005;-0.08035327;0.00000000;0.00000000
46;4.60000000;0.00000000;-28.02108773;-8.49738466;1.64145189;1.51045055;1.97992516;-0.10990429;0.00000000;0.00000000
47;4.70000000;0.00000000;-28.06031946;-8.40543325;1.64628222;1.51369210;1.96704919;-0.11174151;0.00000000;0.00000000
48;4.80000000;0.00000000;-28.09825823;-8.31293536;1.65574960;1.52319980;1.95757686;-0.08379966;0.00000000;0.00000000
49;4.90000000;0.00000000;-28.13574278;-8.22025283;1.66494221;1.50491682;1.95028925;-0.07158413;0.00000000;0.00000000
50;5.00000000;0.00000000;-28.17232948;-8.12721161;1.65712489;1.49211670;1.94326003;-0.05469187;0.00000000;0.00000000
51;5.10000000;0.00000000;-28.20850758;-8.03401080;1.63810910;1.48212305;1.93935088;-0.03554310;0.00000000;0.00000000
52;5.20000000;0.00000000;-28.24436570;-7.94068649;1.62469127;1.47917891;1.93615141;-0.02952125;0.00000000;0.00000000
53;5.30000000;0.00000000;-28.27994666;-7.84725615;1.61705708;1.48328020;1.93344663;-0.03173299;0.00000000;0.00000000
54;5.40000000;0.00000000;-28.31529943;-7.75373920;1.61534127;1.49431672;1.92980481;-0.04206725;0.00000000;0.00000000
55;5.50000000;0.00000000;-28.35019870;-7.66005281;1.61932321;1.51237106;1.92503318;-0.03836427;0.00000000;0.00000000
56;5.60000000;0.00000000;-28.38465744;-7.56620269;1.62897509;1.53718221;1.92213196;-0.02151747;0.00000000;0.00000000
57;5.70000000;0.00000000;-28.41901278;-7.47231465;1.62145850;1.56809047;1.92072969;-0.02466111;0.00000000;0.00000000
58;5.80000000;0.00000000;-28.45320808;-7.37836851;1.60896171;1.56769389;1.91719974;-0.04356403;0.00000000;0.00000000
59;5.90000000;0.00000000;-28.48689966;-7.28424045;1.60133568;1.55288901;1.91201688;-0.04996529;0.00000000;0.00000000
60;6.00000000;0.00000000;-28.52011939;-7.18994474;1.58864191;1.54492716;1.90720668;-0.04608478;0.00000000;0.00000000
61;6.10000000;0.00000000;-28.55290393;-7.09549676;1.58171518;1.54387472;1.90279992;-0.04205176;0.00000000;0.00000000
62;6.20000000;0.00000000;-28.58529133;-7.00091182;1.58067244;1.54970502;1.89879633;-0.03713979;0.00000000;0.00000000
63;6.30000000;0.00000000;-28.61731858;-6.90620433;1.58556483;1.56230175;1.89537197;0.00346296;0.00000000;0.00000000
64;6.40000000;0.00000000;-28.64905743;-6.81139983;1.57725046;1.57570239;1.89948892;0.04495997;0.00000000;0.00000000
65;6.50000000;0.00000000;-28.68186311;-6.71696010;1.56049951;1.58249950;1.90436396;-0.02056478;0.00000000;0.00000000
66;6.60000000;0.00000000;-28.71452476;-6.62246963;1.54987622;1.59569506;1.89537597;-0.10587110;0.00000000;0.00000000
67;6.70000000;0.00000000;-28.74562663;-6.52745830;1.54401574;1.58910415;1.88318974;-0.08930352;0.00000000;0.00000000
68;6.80000000;0.00000000;-28.77597587;-6.43220000;1.54382554;1.58235556;1.87751526;-0.04341850;0.00000000;0.00000000
69;6.90000000;0.00000000;-28.80599859;-6.33683824;1.54975590;1.58225157;1.87450604;-0.05137702;0.00000000;0.00000000
70;7.00000000;0.00000000;-28.83577400;-6.24139891;1.56181939;1.58483512;1.86723986;-0.09055169;0.00000000;0.00000000
71;7.10000000;0.00000000;-28.86440645;-6.14561525;1.57896015;1.59293683;1.85639570;-0.08328775;0.00000000;0.00000000
72;7.20000000;0.00000000;-28.89210515;-6.04955266;1.57234944;1.60550504;1.85058231;-0.03830204;0.00000000;0.00000000
73;7.30000000;0.00000000;-28.91962328;-5.95343814;1.56482914;1.59144489;1.84873529;-0.02055211;0.00000000;0.00000000
74;7.40000000;0.00000000;-28.94696694;-5.85727388;1.55232435;1.57870249;1.84647189;-0.02702404;0.00000000;0.00000000
75;7.50000000;0.00000000;-28.97404967;-5.76103588;1.54592496;1.57249771;1.84333049;-0.05077949;0.00000000;0.00000000
76;7.60000000;0.00000000;-29.00078857;-5.66470186;1.54562105;1.57299371;1.83631599;-0.10527138;0.00000000;0.00000000
77;7.70000000;0.00000000;-29.02651698;-5.56809918;1.55031382;1.58086822;1.82227621;-0.14056528;0.00000000;0.00000000
78;7.80000000;0.00000000;-29.05054072;-5.47105260;1.54208069;1.59671560;1.80820293;-0.14288783;0.00000000;0.00000000
79;7.90000000;0.00000000;-29.07354037;-5.37376337;1.53701318;1.61961115;1.79369865;-0.14202689;0.00000000;0.00000000
80;8.00000000;0.00000000;-29.09473931;-5.27606074;1.53279516;1.61203889;1.77979755;-0.13163264;0.00000000;0.00000000
81;8.10000000;0.00000000;-29.11502565;-5.17816897;1.53415952;1.60388471;1.76737212;-0.08095738;0.00000000;0.00000000
82;8.20000000;0.00000000;-29.13379018;-5.07997060;1.54047394;1.60349211;1.76360608;-0.01816298;0.00000000;0.00000000
83;8.30000000;0.00000000;-29.15333941;-4.98192474;1.53818101;1.60852575;1.76373952;-0.04577950;0.00000000;0.00000000
84;8.40000000;0.00000000;-29.17213028;-4.88373074;1.52698282;1.62049075;1.75445018;-0.12545706;0.00000000;0.00000000
85;8.50000000;0.00000000;-29.18985398;-4.78534234;1.52119760;1.63428584;1.73864811;-0.11834981;0.00000000;0.00000000
86;8.60000000;0.00000000;-29.20553269;-4.68660368;1.51989756;1.63879859;1.73078022;-0.08371359;0.00000000;0.00000000
87;8.70000000;0.00000000;-29.22170607;-4.58794824;1.52566341;1.64887252;1.72190539;-0.08881800;0.00000000;0.00000000
88;8.80000000;0.00000000;-29.23562988;-4.48894669;1.53566806;1.66176455;1.71301662;-0.09746902;0.00000000;0.00000000
89;8.90000000;0.00000000;-29.25004697;-4.39001897;1.55009251;1.65003726;1.70241159;-0.15080511;0.00000000;0.00000000
90;9.00000000;0.00000000;-29.26186799;-4.29074454;1.56191873;1.63820973;1.68285559;-0.19993633;0.00000000;0.00000000
91;9.10000000;0.00000000;-29.27240568;-4.19132903;1.56111927;1.62766701;1.66242432;-0.16252967;0.00000000;0.00000000
92;9.20000000;0.00000000;-29.28016146;-4.09165416;1.54109488;1.61990863;1.65034966;-0.08667338;0.00000000;0.00000000
93;9.30000000;0.00000000;-29.28829570;-3.99201011;1.52774277;1.61177155;1.64508965;-0.09826129;0.00000000;0.00000000
94;9.40000000;0.00000000;-29.29500245;-3.89225980;1.51942911;1.60506291;1.63069740;-0.14125136;0.00000000;0.00000000
95;9.50000000;0.00000000;-29.30026551;-3.79242290;1.51017448;1.59979869;1.61683937;-0.09901863;0.00000000;0.00000000
96;9.60000000;0.00000000;-29.30420538;-3.69252432;1.50596686;1.59585817;1.61089368;-0.06497715;0.00000000;0.00000000
97;9.70000000;0.00000000;-29.30828089;-3.59263211;1.50852402;1.59178196;1.60384394;-0.07541003;0.00000000;0.00000000
98;9.80000000;0.00000000;-29.31081191;-3.49268788;1.51105394;1.58925065;1.59581167;-0.08852064;0.00000000;0.00000000
99;9.90000000;0.00000000;-29.31328222;-3.39274330;1.51352318;1.58678004;1.58613982;-0.14331741;0.00000000;0.00000000
100;10.00000000;0.00000000;-29.31387958;-3.29277023;1.51412027;1.58618255;1.56714819;-0.15177078;0.00000000;0.00000000
101;10.10000000;0.00000000;-29.31255280;-3.19280278;1.51279343;1.58750909;1.55578566;-0.11696490;0.00000000;0.00000000
102;10.20000000;0.00000000;-29.31087830;-3.09284174;1.51111879;1.58918328;1.54375521;-0.11991179;0.00000000;0.00000000
103;10.30000000;0.00000000;-29.30714684;-2.99293515;1.51247653;1.59291387;1.53180330;-0.12396809;0.00000000;0.00000000
104;10.40000000;0.00000000;-29.30308353;-2.89304165;1.52009123;1.59697619;1.51896159;-0.12952281;0.00000000;0.00000000
105;10.50000000;0.00000000;-29.29678765;-2.79326381;1.53199085;1.60327003;1.50589874;-0.12925813;0.00000000;0.00000000
106;10.60000000;0.00000000;-29.29011623;-2.69351040;1.54989191;1.60993924;1.49310996;-0.13149077;0.00000000;0.00000000
107;10.70000000;0.00000000;-29.28127073;-2.59392781;1.57184580;1.61878113;1.47960059;-0.13199428;0.00000000;0.00000000
108;10.80000000;0.00000000;-29.27190689;-2.49439109;1.57225452;1.62814113;1.46671111;-0.17061153;0.00000000;0.00000000
109;10.90000000;0.00000000;-29.26049767;-2.39507156;1.56190404;1.63368167;1.44547828;-0.22118470;0.00000000;0.00000000
110;11.00000000;0.00000000;-29.24691721;-2.29602601;1.55572505;1.61630257;1.42247417;-0.20235955;0.00000000;0.00000000
111;11.10000000;0.00000000;-29.23095259;-2.19733916;1.55354765;1.60737902;1.40500637;-0.15626497;0.00000000;0.00000000
112;11.20000000;0.00000000;-29.21392035;-2.09882479;1.55671746;1.60572739;1.39122117;-0.16600458;0.00000000;0.00000000
113;11.30000000;0.00000000;-29.19524119;-2.00061532;1.56461168;1.61196148;1.37180545;-0.21340245;0.00000000;0.00000000
114;11.40000000;0.00000000;-29.17439872;-1.90284295;1.57350614;1.59978811;1.34854068;-0.22196363;0.00000000;0.00000000
115;11.50000000;0.00000000;-29.15117270;-1.80561258;1.55421815;1.58246557;1.32741273;-0.18237569;0.00000000;0.00000000
116;11.60000000;0.00000000;-29.12621715;-1.70880178;1.53850496;1.57309844;1.31206554;-0.16496419;0.00000000;0.00000000
117;11.70000000;0.00000000;-29.10001704;-1.61232652;1.52789425;1.57134313;1.29441989;-0.20348988;0.00000000;0.00000000
118;11.80000000;0.00000000;-29.07166271;-1.51646163;1.52154354;1.57611561;1.27136757;-0.24423588;0.00000000;0.00000000
119;11.90000000;0.00000000;-29.04104411;-1.42129663;1.51937857;1.58569336;1.24557271;-0.25730684;0.00000000;0.00000000
120;12.00000000;0.00000000;-29.00778308;-1.32701845;1.52100177;1.60419705;1.21990620;-0.21094004;0.00000000;0.00000000
121;12.10000000;0.00000000;-28.97231940;-1.23354346;1.52684143;1.62733947;1.20338470;-0.17925432;0.00000000;0.00000000
122;12.20000000;0.00000000;-28.93596077;-1.14041289;1.53821853;1.63244426;1.18405533;-0.19387710;0.00000000;0.00000000
123;12.30000000;0.00000000;-28.89691221;-1.04838168;1.54517787;1.64228892;1.16460928;-0.17150453;0.00000000;0.00000000
124;12.40000000;0.00000000;-28.85696019;-0.95673566;1.52962984;1.64651802;1.14975443;-0.18020906;0.00000000;0.00000000
125;12.50000000;0.00000000;-28.81519565;-0.86590648;1.51852690;1.63475003;1.12856747;-0.23038593;0.00000000;0.00000000
126;12.60000000;0.00000000;-28.77139993;-0.77604054;1.51171069;1.62713145;1.10367724;-0.25782032;0.00000000;0.00000000
127;12.70000000;0.00000000;-28.72517090;-0.68740882;1.50876201;1.62836345;1.07700341;-0.25581539;0.00000000;0.00000000
128;12.80000000;0.00000000;-28.67664631;-0.60000693;1.50982934;1.63830208;1.05251416;-0.23743005;0.00000000;0.00000000
129;12.90000000;0.00000000;-28.62613084;-0.51374056;1.50589961;1.65647879;1.02951740;-0.23062780;0.00000000;0.00000000
130;13.00000000;0.00000000;-28.57363895;-0.42866196;1.50330159;1.65971087;1.00638860;-0.22541795;0.00000000;0.00000000
131;13.10000000;0.00000000;-28.51918777;-0.34482268;1.50348661;1.66663581;0.98443381;-0.19218658;0.00000000;0.00000000
132;13.20000000;0.00000000;-28.46300828;-0.26212481;1.50354253;1.68111407;0.96795129;-0.19195971;0.00000000;0.00000000
133;13.30000000;0.00000000;-28.40582233;-0.18012432;1.49604173;1.67981073;0.94604187;-0.24764977;0.00000000;0.00000000
134;13.40000000;0.00000000;-28.34607394;-0.09996627;1.48631516;1.67162549;0.91842133;-0.25358722;0.00000000;0.00000000
135;13.50000000;0.00000000;-28.28444478;-0.02124460;1.48091202;1.67176414;0.89532442;-0.22737772;0.00000000;0.00000000
136;13.60000000;0.00000000;-28.22105953;0.05606780;1.47999754;1.68011024;0.87294579;-0.22307395;0.00000000;0.00000000
137;13.70000000;0.00000000;-28.15597231;0.13195039;1.48024183;1.69650985;0.85070963;-0.24132915;0.00000000;0.00000000
138;13.80000000;0.00000000;-28.08921492;0.20636580;1.48181559;1.70992170;0.82467996;-0.26804168;0.00000000;0.00000000
139;13.90000000;0.00000000;-28.02027408;0.27875141;1.48425161;1.72103685;0.79710129;-0.25443662;0.00000000;0.00000000
140;14.00000000;0.00000000;-27.94951670;0.34937271;1.48415546;1.73541851;0.77379264;-0.22268252;0.00000000;0.00000000
141;14.10000000;0.00000000;-27.87727239;0.41847181;1.48193166;1.71971707;0.75256479;-0.21167194;0.00000000;0.00000000
142;14.20000000;0.00000000;-27.80358151;0.48602623;1.47759309;1.71183872;0.73145825;-0.21041262;0.00000000;0.00000000
143;14.30000000;0.00000000;-27.72848508;0.55201542;1.47115448;1.71188244;0.71048227;-0.21495943;0.00000000;0.00000000
144;14.40000000;0.00000000;-27.65202476;0.61642074;1.46263236;1.71822475;0.68846636;-0.24561580;0.00000000;0.00000000
145;14.50000000;0.00000000;-27.57409905;0.67903824;1.45467406;1.70633545;0.66135911;-0.26152243;0.00000000;0.00000000
146;14.60000000;0.00000000;-27.49425874;0.73920766;1.45045570;1.70335784;0.63616188;-0.22469635;0.00000000;0.00000000
147;14.70000000;0.00000000;-27.41327049;0.79782541;1.45119208;1.69650182;0.61641984;-0.19773916;0.00000000;0.00000000
148;14.80000000;0.00000000;-27.33111556;0.85479753;1.45678884;1.68715527;0.59661404;-0.21500782;0.00000000;0.00000000
149;14.90000000;0.00000000;-27.24786988;0.91016179;1.46726160;1.68564650;0.57341827;-0.23325642;0.00000000;0.00000000
150;15.00000000;0.00000000;-27.16316561;0.96325991;1.48176276;1.66942978;0.54996276;-0.21336055;0.00000000;0.00000000
151;15.10000000;0.00000000;-27.07741768;1.01465819;1.49790598;1.64759321;0.53074616;-0.18774670;0.00000000;0.00000000
152;15.20000000;0.00000000;-26.99073523;1.06446270;1.49142418;1.62616636;0.51241342;-0.18185216;0.00000000;0.00000000
153;15.30000000;0.00000000;-26.90316178;1.11268263;1.48924569;1.61247623;0.49437573;-0.19247143;0.00000000;0.00000000
154;15.40000000;0.00000000;-26.81473960;1.15932821;1.49198551;1.60669571;0.47391913;-0.22462854;0.00000000;0.00000000
155;15.50000000;0.00000000;-26.72527459;1.20392206;1.49910477;1.60942373;0.44945002;-0.22607561;0.00000000;0.00000000
156;15.60000000;0.00000000;-26.63467491;1.24618727;1.51025352;1.59825168;0.42870401;-0.18087605;0.00000000;0.00000000
157;15.70000000;0.00000000;-26.54342704;1.28703610;1.52635028;1.58295983;0.41327481;-0.15351350;0.00000000;0.00000000
158;15.80000000;0.00000000;-26.45156499;1.32648650;1.54678786;1.57540736;0.39800131;-0.16814810;0.00000000;0.00000000
159;15.90000000;0.00000000;-26.35911095;1.36452981;1.55320341;1.57570668;0.37964519;-0.18319966;0.00000000;0.00000000
160;16.00000000;0.00000000;-26.26586149;1.40058245;1.55805528;1.58446645;0.36136138;-0.17719256;0.00000000;0.00000000
161;16.10000000;0.00000000;-26.17207795;1.43522042;1.55129938;1.60092469;0.34420668;-0.17013014;0.00000000;0.00000000
162;16.20000000;0.00000000;-26.07764914;1.46805225;1.54905420;1.62003371;0.32733535;-0.18003292;0.00000000;0.00000000
163;16.30000000;0.00000000;-25.98275188;1.49950614;1.55180175;1.60756026;0.30820010;-0.19772289;0.00000000;0.00000000
164;16.40000000;0.00000000;-25.88714302;1.52869874;1.55860399;1.59046775;0.28779077;-0.17240741;0.00000000;0.00000000
165;16.50000000;0.00000000;-25.79104106;1.55625415;1.57005957;1.58123411;0.27371862;-0.14196618;0.00000000;0.00000000
166;16.60000000;0.00000000;-25.69464059;1.58274683;1.58665866;1.57939555;0.25939754;-0.16584839;0.00000000;0.00000000
167;16.70000000;0.00000000;-25.59779585;1.60753690;1.59890260;1.58563046;0.24054894;-0.17388478;0.00000000;0.00000000
168;16.80000000;0.00000000;-25.50046564;1.63037767;1.59457321;1.57927307;0.22462058;-0.13481105;0.00000000;0.00000000
169;16.90000000;0.00000000;-25.40287319;1.65207207;1.59533003;1.57162946;0.21358673;-0.09931147;0.00000000;0.00000000
170;17.00000000;0.00000000;-25.30506137;1.67275988;1.59753312;1.56971596;0.20475828;-0.08540682;0.00000000;0.00000000
171;17.10000000;0.00000000;-25.20709989;1.69272805;1.60312516;1.57053909;0.19650537;-0.12234422;0.00000000;0.00000000
172;17.20000000;0.00000000;-25.10896292;1.71179805;1.60623617;1.57861928;0.18028944;-0.14920396;0.00000000;0.00000000
173;17.30000000;0.00000000;-25.01040515;1.72857932;1.59178079;1.57143209;0.16666457;-0.09348947;0.00000000;0.00000000
174;17.40000000;0.00000000;-24.91178148;1.74496891;1.58312101;1.55853899;0.16159155;-0.08748965;0.00000000;0.00000000
175;17.50000000;0.00000000;-24.81305847;1.76074937;1.58013221;1.55260893;0.14916664;-0.11607777;0.00000000;0.00000000
176;17.60000000;0.00000000;-24.71405857;1.77468329;1.58159834;1.55497032;0.13837599;-0.05962501;0.00000000;0.00000000
177;17.70000000;0.00000000;-24.61501803;1.78832967;1.58907570;1.56402143;0.13724164;-0.04197472;0.00000000;0.00000000
178;17.80000000;0.00000000;-24.51598618;1.80203904;1.60280787;1.57929936;0.12998105;-0.07473282;0.00000000;0.00000000
179;17.90000000;0.00000000;-24.41675962;1.81424562;1.60347410;1.58628502;0.12229508;-0.06169012;0.00000000;0.00000000
180;18.00000000;0.00000000;-24.31752877;1.82643113;1.58641407;1.57408404;0.11764303;-0.03738098;0.00000000;0.00000000
181;18.10000000;0.00000000;-24.21819218;1.83771406;1.57461988;1.56278815;0.11481888;0.01293628;0.00000000;0.00000000
182;18.20000000;0.00000000;-24.11889439;1.84933886;1.56946347;1.55114962;0.12023028;0.03195105;0.00000000;0.00000000
183;18.30000000;0.00000000;-24.01968522;1.86169628;1.57140379;1.54449223;0.12120909;-0.02354832;0.00000000;0.00000000
184;18.40000000;0.00000000;-23.92041062;1.87351541;1.57753397;1.54483391;0.11552062;-0.01644573;0.00000000;0.00000000
185;18.50000000;0.00000000;-23.82106707;1.88474339;1.58479791;1.55222268;0.11791995;0.04473674;0.00000000;0.00000000
186;18.60000000;0.00000000;-23.72185163;1.89703861;1.59709924;1.56491155;0.12446797;0.03789580;0.00000000;0.00000000
187;18.70000000;0.00000000;-23.62266341;1.90956661;1.60963385;1.58359331;0.12549911;0.00627630;0.00000000;0.00000000
188;18.80000000;0.00000000;-23.52347166;1.92206666;1.62214076;1.57811887;0.12572323;-0.02508470;0.00000000;0.00000000
189;18.90000000;0.00000000;-23.42428907;1.93463911;1.63472045;1.56556056;0.12048217;-0.05370442;0.00000000;0.00000000
190;19.00000000;0.00000000;-23.32497385;1.94609850;1.61756731;1.55411362;0.11498234;-0.04732949;0.00000000;0.00000000
191;19.10000000;0.00000000;-23.22565922;1.95757922;1.60236411;1.54264583;0.11101627;-0.03138684;0.00000000;0.00000000
192;19.20000000;0.00000000;-23.12625567;1.96825053;1.59248838;1.53244632;0.10870497;-0.00745900;0.00000000;0.00000000
193;19.30000000;0.00000000;-23.02688967;1.97927197;1.58920634;1.52292561;0.10952447;0.01731777;0.00000000;0.00000000
194;19.40000000;0.00000000;-22.92750265;1.99010631;1.59201951;1.52012356;0.11216853;0.03449962;0.00000000;0.00000000
195;19.50000000;0.00000000;-22.82819740;2.00165293;1.60179382;1.52317403;0.11642439;0.04453976;0.00000000;0.00000000
196;19.60000000;0.00000000;-22.72890598;2.01333284;1.61346374;1.53262051;0.12107648;0.05995299;0.00000000;0.00000000
197;19.70000000;0.00000000;-22.62971318;2.02580283;1.61810245;1.54769476;0.12841499;0.05865344;0.00000000;0.00000000
198;19.80000000;0.00000000;-22.53060367;2.03893874;1.60048700;1.56109518;0.13280717;0.03112997;0.00000000;0.00000000
199;19.90000000;0.00000000;-22.43152162;2.05227994;1.58918476;1.54774854;0.13464098;0.03982898;0.00000000;0.00000000
200;20.00000000;0.00000000;-22.33246093;2.06577926;1.58428334;1.53804453;0.14077296;0.09289885;0.00000000;0.00000000
201;20.10000000;0.00000000;-22.23355619;2.08033368;1.58674757;1.53373867;0.15322075;0.11100632;0.00000000;0.00000000
202;20.20000000;0.00000000;-22.13486243;2.09629462;1.59689601;1.53452093;0.16297423;0.07882267;0.00000000;0.00000000
203;20.30000000;0.00000000;-22.03625480;2.11277646;1.61340965;1.54127405;0.16898529;0.07386407;0.00000000;0.00000000
204;20.40000000;0.00000000;-21.93776014;2.12992271;1.63059119;1.55377591;0.17774704;0.12674044;0.00000000;0.00000000
205;20.50000000;0.00000000;-21.83946288;2.14812874;1.62540882;1.55246357;0.19433338;0.15917869;0.00000000;0.00000000
206;20.60000000;0.00000000;-21.74159134;2.16853212;1.62098047;1.53201029;0.20958278;0.12190012;0.00000000;0.00000000
207;20.70000000;0.00000000;-21.64388844;2.18972865;1.61992148;1.51660456;0.21871340;0.13473077;0.00000000;0.00000000
208;20.80000000;0.00000000;-21.54640814;2.21191527;1.62603500;1.50667212;0.23652893;0.19369345;0.00000000;0.00000000
209;20.90000000;0.00000000;-21.44952200;2.23657891;1.64075089;1.49496782;0.25745209;0.17548924;0.00000000;0.00000000
210;21.00000000;0.00000000;-21.35305231;2.26282493;1.63457131;1.48773992;0.27162678;0.14204033;0.00000000;0.00000000
211;21.10000000;0.00000000;-21.25690437;2.29022491;1.63565254;1.48601509;0.28586016;0.18202234;0.00000000;0.00000000
212;21.20000000;0.00000000;-21.16122232;2.31920564;1.64446630;1.48936363;0.30803125;0.22352781;0.00000000;0.00000000
213;21.30000000;0.00000000;-21.06638935;2.35083880;1.65765906;1.49661994;0.33056572;0.19327498;0.00000000;0.00000000
214;21.40000000;0.00000000;-20.97211065;2.38410065;1.66042449;1.50877544;0.34668624;0.15676053;0.00000000;0.00000000
215;21.50000000;0.00000000;-20.87834312;2.41877572;1.66943092;1.50875669;0.36191782;0.15431764;0.00000000;0.00000000
216;21.60000000;0.00000000;-20.78512228;2.45489332;1.65391819;1.49426828;0.37754977;0.16648747;0.00000000;0.00000000
217;21.70000000;0.00000000;-20.69248533;2.49248216;1.64592825;1.48239639;0.39521532;0.20548978;0.00000000;0.00000000
218;21.80000000;0.00000000;-20.60060229;2.53186853;1.64593879;1.47141379;0.41864773;0.25228815;0.00000000;0.00000000
219;21.90000000;0.00000000;-20.50983791;2.57375141;1.65472989;1.46444121;0.44567295;0.24839762;0.00000000;0.00000000
220;22.00000000;0.00000000;-20.42021427;2.61804519;1.67209123;1.46160888;0.46832725;0.20727848;0.00000000;0.00000000
221;22.10000000;0.00000000;-20.33143107;2.66400089;1.69284590;1.45459371;0.48712864;0.18974064;0.00000000;0.00000000
222;22.20000000;0.00000000;-20.24353534;2.71163300;1.69285945;1.44903204;0.50627538;0.19743517;0.00000000;0.00000000
223;22.30000000;0.00000000;-20.15657556;2.76095457;1.70068877;1.44842647;0.52661568;0.23942462;0.00000000;0.00000000
224;22.40000000;0.00000000;-20.07069209;2.81212058;1.71642401;1.45107736;0.55416030;0.27832155;0.00000000;0.00000000
225;22.50000000;0.00000000;-19.98657797;2.86615657;1.72989943;1.43950588;0.58227998;0.27648394;0.00000000;0.00000000
226;22.60000000;0.00000000;-19.90370087;2.92207294;1.71829470;1.43257350;0.60945709;0.27049789;0.00000000;0.00000000
227;22.70000000;0.00000000;-19.82264757;2.98059819;1.71045443;1.42941886;0.63637956;0.24402213;0.00000000;0.00000000
228;22.80000000;0.00000000;-19.74290177;3.04089246;1.70564575;1.43105234;0.65826152;0.21859021;0.00000000;0.00000000
229;22.90000000;0.00000000;-19.66448772;3.10290685;1.70886236;1.43748090;0.68009760;0.24423150;0.00000000;0.00000000
230;23.00000000;0.00000000;-19.58745204;3.16662375;1.72007249;1.44690527;0.70710782;0.28161683;0.00000000;0.00000000
231;23.10000000;0.00000000;-19.51250858;3.23277488;1.74010798;1.45312528;0.73642097;0.27067547;0.00000000;0.00000000
232;23.20000000;0.00000000;-19.43934018;3.30089424;1.73872806;1.45669640;0.76124291;0.23978947;0.00000000;0.00000000
233;23.30000000;0.00000000;-19.36776727;3.37068729;1.72801590;1.45795526;0.78437886;0.23136098;0.00000000;0.00000000
234;23.40000000;0.00000000;-19.29782862;3.44211761;1.72413065;1.45690111;0.80751511;0.21985663;0.00000000;0.00000000
235;23.50000000;0.00000000;-19.22956074;3.51514654;1.70202890;1.45353641;0.82835019;0.18935265;0.00000000;0.00000000
236;23.60000000;0.00000000;-19.16265448;3.58943271;1.68741344;1.44999666;0.84538564;0.18392011;0.00000000;0.00000000
237;23.70000000;0.00000000;-19.09691356;3.66474528;1.68018623;1.45179136;0.86513421;0.21853800;0.00000000;0.00000000
238;23.80000000;0.00000000;-19.03299521;3.74161245;1.68128561;1.45806180;0.88909324;0.24139053;0.00000000;0.00000000
239;23.90000000;0.00000000;-18.97093536;3.81998987;1.68565662;1.46874812;0.91341232;0.26726067;0.00000000;0.00000000
240;24.00000000;0.00000000;-18.91082902;3.89987487;1.67515451;1.48081691;0.94254537;0.29444870;0.00000000;0.00000000
241;24.10000000;0.00000000;-18.85343626;3.98173649;1.67393665;1.47364138;0.97230206;0.27317827;0.00000000;0.00000000
242;24.20000000;0.00000000;-18.79818562;4.06505843;1.68126468;1.47063885;0.99718102;0.24295853;0.00000000;0.00000000
243;24.30000000;0.00000000;-18.74493699;4.14967095;1.67975945;1.47204707;1.02089376;0.23594958;0.00000000;0.00000000
244;24.40000000;0.00000000;-18.69370074;4.23551487;1.67737012;1.47787485;1.04437094;0.23350901;0.00000000;0.00000000
245;24.50000000;0.00000000;-18.64448378;4.32253077;1.67611143;1.48809107;1.06759557;0.20867272;0.00000000;0.00000000
246;24.60000000;0.00000000;-18.59728972;4.41065931;1.66799603;1.50262625;1.08610548;0.17133001;0.00000000;0.00000000
247;24.70000000;0.00000000;-18.55132483;4.49944137;1.66579252;1.52065856;1.10186157;0.19067021;0.00000000;0.00000000
248;24.80000000;0.00000000;-18.50693159;4.58901186;1.66140795;1.52943713;1.12423953;0.24753653;0.00000000;0.00000000
249;24.90000000;0.00000000;-18.46499001;4.67975055;1.65287998;1.52309880;1.15136888;0.26100649;0.00000000;0.00000000
250;25.00000000;0.00000000;-18.42551931;4.77159726;1.64807546;1.51882539;1.17644082;0.23410625;0.00000000;0.00000000
251;25.10000000;0.00000000;-18.38817610;4.86433039;1.64746463;1.51882170;1.19819013;0.19820543;0.00000000;0.00000000
252;25.20000000;0.00000000;-18.35273473;4.95781165;1.65266053;1.52334856;1.21608191;0.18601634;0.00000000;0.00000000
253;25.30000000;0.00000000;-18.31873236;5.05182342;1.65511266;1.53286983;1.23539339;0.21192278;0.00000000;0.00000000
254;25.40000000;0.00000000;-18.28692707;5.14660328;1.65839706;1.53160674;1.25846647;0.23228278;0.00000000;0.00000000
255;25.50000000;0.00000000;-18.25729639;5.24208754;1.66078408;1.52536252;1.28184995;0.19431358;0.00000000;0.00000000
256;25.60000000;0.00000000;-18.22995622;5.33825286;1.66006672;1.52282745;1.29732918;0.15926630;0.00000000;0.00000000
257;25.70000000;0.00000000;-18.20329532;5.43460855;1.65082421;1.50838667;1.31370321;0.17120463;0.00000000;0.00000000
258;25.80000000;0.00000000;-18.17911965;5.53161299;1.64881304;1.49791868;1.33157011;0.16376537;0.00000000;0.00000000
259;25.90000000;0.00000000;-18.15591820;5.62885930;1.65385841;1.49307758;1.34645629;0.18659643;0.00000000;0.00000000
260;26.00000000;0.00000000;-18.13464126;5.72653898;1.64102060;1.49295063;1.36888940;0.23273167;0.00000000;0.00000000
261;26.10000000;0.00000000;-18.11582621;5.82472031;1.63395695;1.49700013;1.39300262;0.20968513;0.00000000;0.00000000
262;26.20000000;0.00000000;-18.09928294;5.92331177;1.63530128;1.50539260;1.41082642;0.15915575;0.00000000;0.00000000
263;26.30000000;0.00000000;-18.08397781;6.02210913;1.64398759;1.51781863;1.42483377;0.14786056;0.00000000;0.00000000
264;26.40000000;0.00000000;-18.07020303;6.12112349;1.66018311;1.52602687;1.44039853;0.14989565;0.00000000;0.00000000
265;26.50000000;0.00000000;-18.05798020;6.22034936;1.65810225;1.50594340;1.45481290;0.16222382;0.00000000;0.00000000
266;26.60000000;0.00000000;-18.04706523;6.31972042;1.64719567;1.49099430;1.47284330;0.20010662;0.00000000;0.00000000
267;26.70000000;0.00000000;-18.03842811;6.41931733;1.63856416;1.48036482;1.49483422;0.20240932;0.00000000;0.00000000
268;26.80000000;0.00000000;-18.03189264;6.51907501;1.63203216;1.47433560;1.51332516;0.15258217;0.00000000;0.00000000
269;26.90000000;0.00000000;-18.02694357;6.61892855;1.62708522;1.47348446;1.52535066;0.13110496;0.00000000;0.00000000
270;27.00000000;0.00000000;-18.02280907;6.71881502;1.62295235;1.47762024;1.53954615;0.15981820;0.00000000;0.00000000
271;27.10000000;0.00000000;-18.02069659;6.81876574;1.62084049;1.47973303;1.55731430;0.13756389;0.00000000;0.00000000
272;27.20000000;0.00000000;-18.02011351;6.91874030;1.62025757;1.48031630;1.56705893;0.09668692;0.00000000;0.00000000
273;27.30000000;0.00000000;-18.01994931;7.01871381;1.62009350;1.48048083;1.57665168;0.09201789;0.00000000;0.00000000
274;27.40000000;0.00000000;-18.02128425;7.11868116;1.62142853;1.47914680;1.58546251;0.09200130;0.00000000;0.00000000
275;27.50000000;0.00000000;-18.02288171;7.21864249;1.62302614;1.47755048;1.59505194;0.13439047;0.00000000;0.00000000
276;27.60000000;0.00000000;-18.02613348;7.31856420;1.62627844;1.47430129;1.61234061;0.19515701;0.00000000;0.00000000
277;27.70000000;0.00000000;-18.03118547;7.41840491;1.63133188;1.46925443;1.63408334;0.16091555;0.00000000;0.00000000
278;27.80000000;0.00000000;-18.03877791;7.51809231;1.63892760;1.46167173;1.64452372;0.03687788;0.00000000;0.00000000
279;27.90000000;0.00000000;-18.04591404;7.61781342;1.64606662;1.45454452;1.64145892;0.01954486;0.00000000;0.00000000
280;28.00000000;0.00000000;-18.05289522;7.71754450;1.65305060;1.44848402;1.64843269;0.14709765;0.00000000;0.00000000
281;28.10000000;0.00000000;-18.06142099;7.81715028;1.66158076;1.44776207;1.67087845;0.24384613;0.00000000;0.00000000
282;28.20000000;0.00000000;-18.07287013;7.91646284;1.67303816;1.45100160;1.69720191;0.17764348;0.00000000;0.00000000
283;28.30000000;0.00000000;-18.08662636;8.01548783;1.68680674;1.45878366;1.70640715;0.06290602;0.00000000;0.00000000
284;28.40000000;0.00000000;-18.09990262;8.11457812;1.67257658;1.47380057;1.70978312;0.09882041;0.00000000;0.00000000
285;28.50000000;0.00000000;-18.11432663;8.21350436;1.66067494;1.48567328;1.72617123;0.11878048;0.00000000;0.00000000
286;28.60000000;0.00000000;-18.13084293;8.31210633;1.65685518;1.47250545;1.73353921;0.07794804;0.00000000;0.00000000
287;28.70000000;0.00000000;-18.14672327;8.41081019;1.65841873;1.46589352;1.74176084;0.11493939;0.00000000;0.00000000
288;28.80000000;0.00000000;-18.16485866;8.50912772;1.66826342;1.45801274;1.75652709;0.14104347;0.00000000;0.00000000
289;28.90000000;0.00000000;-18.18364693;8.60732104;1.67636027;1.45630118;1.76996953;0.12463818;0.00000000;0.00000000
290;29.00000000;0.00000000;-18.20441870;8.70511565;1.66686549;1.45942549;1.78145473;0.10876811;0.00000000;0.00000000
291;29.10000000;0.00000000;-18.22545763;8.80285266;1.66360965;1.46909042;1.79172315;0.09890895;0.00000000;0.00000000
292;29.20000000;0.00000000;-18.24823327;8.90020010;1.66605636;1.48368808;1.80123652;0.09741492;0.00000000;0.00000000
293;29.30000000;0.00000000;-18.27112800;8.99751960;1.65434309;1.49105981;1.81120614;0.05934216;0.00000000;0.00000000
294;29.40000000;0.00000000;-18.29583991;9.09439315;1.65049110;1.49839755;1.81310495;0.01074438;0.00000000;0.00000000
295;29.50000000;0.00000000;-18.31910388;9.19162430;1.65119906;1.51379050;1.81335501;0.04072208;0.00000000;0.00000000
296;29.60000000;0.00000000;-18.34386404;9.28848470;1.65947917;1.52227877;1.82124937;0.07014444;0.00000000;0.00000000
297;29.70000000;0.00000000;-18.36866038;9.38533714;1.67373735;1.52486623;1.82738390;0.09294480;0.00000000;0.00000000
298;29.80000000;0.00000000;-18.39460703;9.48188644;1.67149488;1.51776817;1.83983833;0.12527845;0.00000000;0.00000000
299;29.90000000;0.00000000;-18.42180754;9.57808994;1.64458158;1.50629894;1.85243959;0.12198028;0.00000000;0.00000000
300;30.00000000;0.00000000;-18.45017896;9.67395464;1.62458885;1.50019491;1.86423438;0.11402320;0.00000000;0.00000000
301;30.10000000;0.00000000;-18.47964108;9.76948980;1.61169810;1.49960205;1.87524423;0.05327635;0.00000000;0.00000000
302;30.20000000;0.00000000;-18.51011639;9.86470666;1.60600464;1.50460408;1.87488965;-0.03812317;0.00000000;0.00000000
303;30.30000000;0.00000000;-18.53950922;9.96025780;1.60539199;1.51731466;1.86761960;-0.02298770;0.00000000;0.00000000
304;30.40000000;0.00000000;-18.56859700;10.05590788;1.61067567;1.51917501;1.87029211;0.05410123;0.00000000;0.00000000
305;30.50000000;0.00000000;-18.59850179;10.15130586;1.62296105;1.52540155;1.87843984;0.07747726;0.00000000;0.00000000
306;30.60000000;0.00000000;-18.62914439;10.24646960;1.61947257;1.53216216;1.88578756;0.06956804;0.00000000;0.00000000
307;30.70000000;0.00000000;-18.66044793;10.34141815;1.60546263;1.54030116;1.89235345;0.06183293;0.00000000;0.00000000
308;30.80000000;0.00000000;-18.69233762;10.43617160;1.59821516;1.53201626;1.89815415;0.05425618;0.00000000;0.00000000
309;30.90000000;0.00000000;-18.72474065;10.53075087;1.59774682;1.52014145;1.90320469;0.03773082;0.00000000;0.00000000
310;31.00000000;0.00000000;-18.75758590;10.62517760;1.60398962;1.51431833;1.90570031;-0.00840114;0.00000000;0.00000000
311;31.10000000;0.00000000;-18.79046016;10.71959272;1.61643433;1.51505305;1.90152446;-0.00859453;0.00000000;0.00000000
312;31.20000000;0.00000000;-18.82251516;10.81428904;1.63406203;1.52322792;1.90398141;0.04109255;0.00000000;0.00000000
313;31.30000000;0.00000000;-18.85585349;10.90854299;1.62270298;1.53653513;1.90974297;0.01647357;0.00000000;0.00000000
314;31.40000000;0.00000000;-18.88899811;11.00286524;1.61383601;1.54486453;1.90727612;-0.02871802;0.00000000;0.00000000
315;31.50000000;0.00000000;-18.92187102;11.09728253;1.61084805;1.53557957;1.90399936;-0.03635533;0.00000000;0.00000000
316;31.60000000;0.00000000;-18.95439678;11.19181996;1.61369242;1.53314043;1.90000506;-0.04339523;0.00000000;0.00000000
317;31.70000000;0.00000000;-18.98651436;11.28649678;1.61444039;1.53764349;1.89532032;-0.01915567;0.00000000;0.00000000
318;31.80000000;0.00000000;-19.01815289;11.38133465;1.60873674;1.54910139;1.89617392;0.00892215;0.00000000;0.00000000
319;31.90000000;0.00000000;-19.05043187;11.47595591;1.59617073;1.56620553;1.89710474;0.00024588;0.00000000;0.00000000
320;32.00000000;0.00000000;-19.08224670;11.57073416;1.58862763;1.58223108;1.89622310;-0.00393049;0.00000000;0.00000000
321;32.10000000;0.00000000;-19.11435879;11.66541222;1.58767139;1.59020846;1.89631865;-0.02802753;0.00000000;0.00000000
322;32.20000000;0.00000000;-19.14619172;11.76018434;1.59270780;1.58314547;1.89061759;-0.05168718;0.00000000;0.00000000
323;32.30000000;0.00000000;-19.17722210;11.85522203;1.60313481;1.57403185;1.88598121;-0.03358473;0.00000000;0.00000000
324;32.40000000;0.00000000;-19.20817500;11.95028563;1.60551064;1.57132103;1.88390065;-0.03284804;0.00000000;0.00000000
325;32.50000000;0.00000000;-19.23880935;12.04545069;1.59541449;1.57529804;1.87941160;-0.04843934;0.00000000;0.00000000
326;32.60000000;0.00000000;-19.26890764;12.14078869;1.58882294;1.58613943;1.87421278;-0.07726523;0.00000000;0.00000000
327;32.70000000;0.00000000;-19.29855052;12.23626610;1.58721548;1.60087928;1.86395856;-0.12004409;0.00000000;0.00000000
328;32.80000000;0.00000000;-19.32668651;12.33219826;1.58289832;1.59437517;1.85020396;-0.10368488;0.00000000;0.00000000
329;32.90000000;0.00000000;-19.35369285;12.42845785;1.56863588;1.58643492;1.84322158;-0.05098483;0.00000000;0.00000000
330;33.00000000;0.00000000;-19.38048726;12.52477648;1.56044052;1.58499435;1.84000699;-0.03845295;0.00000000;0.00000000
331;33.10000000;0.00000000;-19.40687413;12.62120753;1.55820524;1.59027316;1.83553099;-0.04793211;0.00000000;0.00000000
332;33.20000000;0.00000000;-19.43280523;12.71776214;1.55592244;1.60225377;1.83042057;-0.05910413;0.00000000;0.00000000
333;33.30000000;0.00000000;-19.45820508;12.81445765;1.54762834;1.61296918;1.82371016;-0.07924321;0.00000000;0.00000000
334;33.40000000;0.00000000;-19.48283795;12.91135122;1.54497718;1.61568840;1.81457193;-0.10072128;0.00000000;0.00000000
335;33.50000000;0.00000000;-19.50646634;13.00849452;1.54775563;1.60831129;1.80356591;-0.07790882;0.00000000;0.00000000
336;33.60000000;0.00000000;-19.52896072;13.10590731;1.55269825;1.60229475;1.79899016;-0.05489387;0.00000000;0.00000000
337;33.70000000;0.00000000;-19.55169919;13.20326304;1.54597816;1.60225443;1.79258713;-0.11504873;0.00000000;0.00000000
338;33.80000000;0.00000000;-19.57294425;13.30095577;1.53553125;1.60996360;1.77598042;-0.18575591;0.00000000;0.00000000
339;33.90000000;0.00000000;-19.59243733;13.39901328;1.52976364;1.61450073;1.75543595;-0.16909143;0.00000000;0.00000000
340;34.00000000;0.00000000;-19.60965148;13.49749614;1.52820146;1.60956890;1.74216213;-0.13210897;0.00000000;0.00000000
341;34.10000000;0.00000000;-19.62653480;13.59603650;1.53283624;1.61117432;1.72901416;-0.13851993;0.00000000;0.00000000
342;34.20000000;0.00000000;-19.64115331;13.69493616;1.54167113;1.62124016;1.71445815;-0.13991398;0.00000000;0.00000000
343;34.30000000;0.00000000;-19.65516119;13.79392611;1.54355688;1.63796547;1.70103136;-0.18404653;0.00000000;0.00000000
344;34.40000000;0.00000000;-19.66711872;13.89318109;1.52576103;1.63294831;1.67764884;-0.25020918;0.00000000;0.00000000
345;34.50000000;0.00000000;-19.67648320;13.99271223;1.51177354;1.62358845;1.65098953;-0.23587317;0.00000000;0.00000000
346;34.60000000;0.00000000;-19.68313388;14.09246004;1.50159561;1.61694037;1.63047421;-0.19478171;0.00000000;0.00000000
347;34.70000000;0.00000000;-19.68840810;14.19229606;1.49665518;1.61166787;1.61203318;-0.19129628;0.00000000;0.00000000
348;34.80000000;0.00000000;-19.69137599;14.29221908;1.49480047;1.60870077;1.59221495;-0.19632012;0.00000000;0.00000000
349;34.90000000;0.00000000;-19.69269010;14.39218516;1.49269080;1.60738694;1.57276916;-0.22611936;0.00000000;0.00000000
350;35.00000000;0.00000000;-19.69177041;14.49214648;1.49177112;1.60830687;1.54699108;-0.27859492;0.00000000;0.00000000
351;35.10000000;0.00000000;-19.68793168;14.59203718;1.48793247;1.61214638;1.51705018;-0.28479379;0.00000000;0.00000000
352;35.20000000;0.00000000;-19.68103156;14.69176099;1.48103259;1.61904879;1.49003232;-0.24740458;0.00000000;0.00000000
353;35.30000000;0.00000000;-19.67180271;14.79130766;1.47180427;1.62828163;1.46756926;-0.24655690;0.00000000;0.00000000
354;35.40000000;0.00000000;-19.66043048;14.89062210;1.46043310;1.63966024;1.44072094;-0.28483854;0.00000000;0.00000000
355;35.50000000;0.00000000;-19.64587408;14.98951756;1.44907530;1.65422762;1.41060155;-0.27153545;0.00000000;0.00000000
356;35.60000000;0.00000000;-19.62854199;15.08797711;1.44175239;1.67157615;1.38641385;-0.24327236;0.00000000;0.00000000
357;35.70000000;0.00000000;-19.60921937;15.18605677;1.43931696;1.69092096;1.36194708;-0.24881102;0.00000000;0.00000000
358;35.80000000;0.00000000;-19.58709233;15.28355001;1.44095686;1.71307977;1.33665165;-0.26099848;0.00000000;0.00000000
359;35.90000000;0.00000000;-19.56283379;15.38052966;1.44732651;1.70791531;1.30974738;-0.29489555;0.00000000;0.00000000
360;36.00000000;0.00000000;-19.53549643;15.47668817;1.45301115;1.69347468;1.27767254;-0.32087281;0.00000000;0.00000000
361;36.10000000;0.00000000;-19.50506984;15.57191638;1.44108266;1.68807539;1.24557282;-0.28331622;0.00000000;0.00000000
362;36.20000000;0.00000000;-19.47161752;15.66612928;1.43284106;1.69177553;1.22100929;-0.22246673;0.00000000;0.00000000
363;36.30000000;0.00000000;-19.43654931;15.75975340;1.42983128;1.69592875;1.20107947;-0.23423074;0.00000000;0.00000000
364;36.40000000;0.00000000;-19.39936918;15.85255858;1.43154270;1.69900963;1.17416314;-0.30760638;0.00000000;0.00000000
365;36.50000000;0.00000000;-19.35931531;15.94415747;1.43126149;1.71103545;1.13955820;-0.34943209;0.00000000;0.00000000
366;36.60000000;0.00000000;-19.31580939;16.03416275;1.42413703;1.71855664;1.10427673;-0.30392019;0.00000000;0.00000000
367;36.70000000;0.00000000;-19.26939893;16.12270642;1.41727017;1.71690702;1.07877416;-0.24282857;0.00000000;0.00000000
368;36.80000000;0.00000000;-19.22135824;16.21038139;1.41559180;1.72291411;1.05571101;-0.26057233;0.00000000;0.00000000
369;36.90000000;0.00000000;-19.17091560;16.29668856;1.41820594;1.72971754;1.02665969;-0.28746030;0.00000000;0.00000000
370;37.00000000;0.00000000;-19.11786932;16.38141863;1.42480784;1.72063623;0.99821895;-0.27713226;0.00000000;0.00000000
371;37.10000000;0.00000000;-19.06260091;16.46471969;1.43573489;1.71997744;0.97123324;-0.27565923;0.00000000;0.00000000
372;37.20000000;0.00000000;-19.00506117;16.54646453;1.45077172;1.72786202;0.94308711;-0.28388621;0.00000000;0.00000000
373;37.30000000;0.00000000;-18.94519571;16.62652132;1.46503479;1.72030042;0.91445600;-0.28502361;0.00000000;0.00000000
374;37.40000000;0.00000000;-18.88307224;16.70483876;1.47647674;1.71787034;0.88608239;-0.29130765;0.00000000;0.00000000
375;37.50000000;0.00000000;-18.81876239;16.78137154;1.48511457;1.72406622;0.85619447;-0.30751116;0.00000000;0.00000000
376;37.60000000;0.00000000;-18.75207594;16.85583232;1.49060950;1.73513200;0.82458015;-0.27954408;0.00000000;0.00000000
377;37.70000000;0.00000000;-18.68305299;16.92815525;1.49294239;1.71597131;0.80028565;-0.22409382;0.00000000;0.00000000
378;37.80000000;0.00000000;-18.61281926;16.99929834;1.49358521;1.70415792;0.77976139;-0.19845312;0.00000000;0.00000000
379;37.90000000;0.00000000;-18.54088560;17.06872888;1.49181508;1.69581205;0.76059503;-0.19529623;0.00000000;0.00000000
380;38.00000000;0.00000000;-18.46797342;17.13713142;1.48862583;1.69385566;0.74070214;-0.22460068;0.00000000;0.00000000
381;38.10000000;0.00000000;-18.39333431;17.20364652;1.48287973;1.69960273;0.71567489;-0.24495205;0.00000000;0.00000000
382;38.20000000;0.00000000;-18.31709181;17.26831462;1.47916280;1.70779280;0.69171173;-0.26018340;0.00000000;0.00000000
383;38.30000000;0.00000000;-18.23935504;17.33117491;1.47985287;1.68236629;0.66363821;-0.28462057;0.00000000;0.00000000
384;38.40000000;0.00000000;-18.15961277;17.39145552;1.48107548;1.65324067;0.63478762;-0.25956182;0.00000000;0.00000000
385;38.50000000;0.00000000;-18.07838206;17.44972719;1.48307242;1.63218713;0.61172585;-0.21973392;0.00000000;0.00000000
386;38.60000000;0.00000000;-17.99593963;17.50627074;1.48968330;1.61914840;0.59084084;-0.19834748;0.00000000;0.00000000
387;38.70000000;0.00000000;-17.91234673;17.56109939;1.50088934;1.61427889;0.57205635;-0.17975993;0.00000000;0.00000000
388;38.80000000;0.00000000;-17.82783478;17.61450901;1.50857175;1.61728103;0.55488885;-0.20246975;0.00000000;0.00000000
389;38.90000000;0.00000000;-17.74241331;17.66643298;1.51726049;1.62816025;0.53156240;-0.23315767;0.00000000;0.00000000
390;39.00000000;0.00000000;-17.65550305;17.71584312;1.52955684;1.64790978;0.50825732;-0.20428811;0.00000000;0.00000000
391;39.10000000;0.00000000;-17.56774568;17.76373560;1.53374905;1.63534099;0.49070478;-0.17648785;0.00000000;0.00000000
392;39.20000000;0.00000000;-17.47915256;17.81006609;1.52529720;1.62520997;0.47295974;-0.17366867;0.00000000;0.00000000
393;39.30000000;0.00000000;-17.38975073;17.85481472;1.52159712;1.62296915;0.45597105;-0.16503649;0.00000000;0.00000000
394;39.40000000;0.00000000;-17.29963664;17.89810802;1.52284066;1.60577542;0.43995245;-0.15832197;0.00000000;0.00000000
395;39.50000000;0.00000000;-17.20884933;17.93996906;1.52905273;1.57310505;0.42430665;-0.15463026;0.00000000;0.00000000
396;39.60000000;0.00000000;-17.11742611;17.98042127;1.54020810;1.54772302;0.40902640;-0.15823159;0.00000000;0.00000000
397;39.70000000;0.00000000;-17.02540263;18.01948847;1.55623337;1.52996235;0.39266034;-0.18264746;0.00000000;0.00000000
398;39.80000000;0.00000000;-16.93270730;18.05692592;1.57073433;1.52034724;0.37249690;-0.21698548;0.00000000;0.00000000
399;39.90000000;0.00000000;-16.83919019;18.09224884;1.57172998;1.51954045;0.34926324;-0.20626821;0.00000000;0.00000000
400;40.00000000;0.00000000;-16.74485153;18.12534183;1.57670099;1.52766391;0.33124326;-0.15049709;0.00000000;0.00000000
401;40.10000000;0.00000000;-16.65011323;18.15727516;1.58674828;1.54344477;0.31916382;-0.12170674;0.00000000;0.00000000
402;40.20000000;0.00000000;-16.55500119;18.18808009;1.60181225;1.53506745;0.30690191;-0.12043662;0.00000000;0.00000000
403;40.30000000;0.00000000;-16.45950751;18.21768095;1.62167856;1.52403309;0.29507650;-0.12290769;0.00000000;0.00000000
404;40.40000000;0.00000000;-16.36369411;18.24622783;1.61797919;1.52061189;0.28232038;-0.12773620;0.00000000;0.00000000
405;40.50000000;0.00000000;-16.26747836;18.27338251;1.61868323;1.52520205;0.26952926;-0.11620682;0.00000000;0.00000000
406;40.60000000;0.00000000;-16.17096678;18.29946903;1.62444381;1.50953959;0.25907901;-0.10016200;0.00000000;0.00000000
407;40.70000000;0.00000000;-16.07420387;18.32460714;1.63533283;1.49837600;0.24949686;-0.09343561;0.00000000;0.00000000
408;40.80000000;0.00000000;-15.97721004;18.34883941;1.63430373;1.49476927;0.24039189;-0.09234767;0.00000000;0.00000000
409;40.90000000;0.00000000;-15.88000515;18.37221148;1.63262436;1.49872534;0.23102732;-0.09708820;0.00000000;0.00000000
410;41.00000000;0.00000000;-15.78257510;18.39462286;1.63341254;1.51028426;0.22097425;-0.09654019;0.00000000;0.00000000
411;41.10000000;0.00000000;-15.68491960;18.41603600;1.63592076;1.51245448;0.21171929;-0.09812528;0.00000000;0.00000000
412;41.20000000;0.00000000;-15.58709071;18.43664037;1.62124399;1.50900780;0.20134919;-0.13104037;0.00000000;0.00000000
413;41.30000000;0.00000000;-15.48901539;18.45602300;1.61139921;1.51259582;0.18551121;-0.13697803;0.00000000;0.00000000
414;41.40000000;0.00000000;-15.39058202;18.47351896;1.60580233;1.52465400;0.17395359;-0.08181759;0.00000000;0.00000000
415;41.50000000;0.00000000;-15.29208113;18.49063020;1.60602966;1.52626913;0.16914769;-0.05014830;0.00000000;0.00000000
416;41.60000000;0.00000000;-15.19348415;18.50717924;1.61189974;1.52780828;0.16392393;-0.04102679;0.00000000;0.00000000
417;41.70000000;0.00000000;-15.09480970;18.52326050;1.60696304;1.53633861;0.16094234;-0.02521738;0.00000000;0.00000000
418;41.80000000;0.00000000;-14.99611571;18.53922132;1.59536203;1.55139849;0.15888045;-0.02234649;0.00000000;0.00000000
419;41.90000000;0.00000000;-14.89737579;18.55489553;1.58968476;1.56727180;0.15647304;-0.01897550;0.00000000;0.00000000
420;42.00000000;0.00000000;-14.79860608;18.57038097;1.59009383;1.57174071;0.15508535;-0.00846507;0.00000000;0.00000000
421;42.10000000;0.00000000;-14.69982303;18.58578108;1.59668882;1.58261115;0.15478002;0.00266542;0.00000000;0.00000000
422;42.20000000;0.00000000;-14.60104388;18.60120620;1.60369462;1.59794519;0.15561844;0.01432778;0.00000000;0.00000000
423;42.30000000;0.00000000;-14.50228679;18.61677193;1.61308185;1.58322890;0.15764558;0.02642823;0.00000000;0.00000000
424;42.40000000;0.00000000;-14.40357100;18.63259741;1.59738505;1.57046166;0.16090408;-0.00662697;0.00000000;0.00000000
425;42.50000000;0.00000000;-14.30491747;18.64880640;1.58822765;1.56360543;0.15632019;-0.04684487;0.00000000;0.00000000
426;42.60000000;0.00000000;-14.20606119;18.66372615;1.58402948;1.56443087;0.15153511;-0.04558207;0.00000000;0.00000000
427;42.70000000;0.00000000;-14.10725709;18.67899028;1.58648213;1.57128208;0.14720377;-0.00399941;0.00000000;0.00000000
428;42.80000000;0.00000000;-14.00827543;18.69305309;1.57889320;1.58562153;0.15073523;0.07997817;0.00000000;0.00000000
429;42.90000000;0.00000000;-13.90958339;18.70901441;1.56499234;1.59133760;0.16319940;0.04806234;0.00000000;0.00000000
430;43.00000000;0.00000000;-13.81098248;18.72554012;1.55796899;1.57478671;0.16034769;-0.07729527;0.00000000;0.00000000
431;43.10000000;0.00000000;-13.71220004;18.74093845;1.55620357;1.56454211;0.14774035;-0.09194705;0.00000000;0.00000000
432;43.20000000;0.00000000;-13.61321480;18.75497284;1.55947752;1.56202655;0.14195828;-0.04986150;0.00000000;0.00000000
433;43.30000000;0.00000000;-13.51426015;18.76922794;1.56934848;1.56568072;0.13776805;-0.04031833;0.00000000;0.00000000
434;43.40000000;0.00000000;-13.41516077;18.78243230;1.58256297;1.57673320;0.13389462;-0.03529614;0.00000000;0.00000000
435;43.50000000;0.00000000;-13.31609874;18.79592039;1.59606197;1.59371146;0.13070882;-0.07013168;0.00000000;0.00000000
436;43.60000000;0.00000000;-13.21691717;18.80849308;1.60864436;1.59183710;0.11986828;-0.07791094;0.00000000;0.00000000
437;43.70000000;0.00000000;-13.11758693;18.81983028;1.59420370;1.58051590;0.11512663;-0.03692299;0.00000000;0.00000000
438;43.80000000;0.00000000;-13.01828988;18.83146193;1.57837358;1.56993722;0.11248368;-0.06340302;0.00000000;0.00000000
439;43.90000000;0.00000000;-12.91890096;18.84227395;1.56794466;1.56650852;0.10244603;-0.07136511;0.00000000;0.00000000
440;44.00000000;0.00000000;-12.81939125;18.85190989;1.56266821;1.56822159;0.09821066;-0.03075421;0.00000000;0.00000000
441;44.10000000;0.00000000;-12.71991371;18.86187969;1.56411369;1.57225559;0.09629519;-0.05508374;0.00000000;0.00000000
442;44.20000000;0.00000000;-12.62036763;18.87113437;1.57121489;1.58331899;0.08719391;-0.02888610;0.00000000;0.00000000
443;44.30000000;0.00000000;-12.52072573;18.87929182;1.57936852;1.60163983;0.09051797;0.05045666;0.00000000;0.00000000
444;44.40000000;0.00000000;-12.42124766;18.88920769;1.58927902;1.61080009;0.09728524;-0.00685111;0.00000000;0.00000000
445;44.50000000;0.00000000;-12.32172547;18.89871292;1.59877953;1.60129358;0.08914774;-0.10233885;0.00000000;0.00000000
446;44.60000000;0.00000000;-12.22209528;18.90700886;1.60707194;1.59299674;0.07681748;-0.12515771;0.00000000;0.00000000
447;44.70000000;0.00000000;-12.12236915;18.91405716;1.61411771;1.58594782;0.06411620;-0.09085284;0.00000000;0.00000000
448;44.80000000;0.00000000;-12.02256057;18.91981983;1.61987865;1.58018476;0.05864691;-0.04082403;0.00000000;0.00000000
449;44.90000000;0.00000000;-11.92276228;18.92577693;1.62583397;1.57422726;0.05595139;0.01049055;0.00000000;0.00000000
450;45.00000000;0.00000000;-11.82292375;18.93100146;1.62508771;1.56900243;0.06074502;0.05822858;0.00000000;0.00000000
451;45.10000000;0.00000000;-11.72319247;18.93791473;1.60105588;1.56208866;0.06759711;-0.00352865;0.00000000;0.00000000
452;45.20000000;0.00000000;-11.62343501;18.94450689;1.58266481;1.55549609;0.06003929;-0.09773586;0.00000000;0.00000000
453;45.30000000;0.00000000;-11.52360626;18.94991217;1.56925152;1.55009056;0.04804994;-0.12084318;0.00000000;0.00000000
454;45.40000000;0.00000000;-11.42371951;18.95411060;1.56092705;1.54927891;0.03587065;-0.08523423;0.00000000;0.00000000
455;45.50000000;0.00000000;-11.32378881;18.95708282;1.55775544;1.55612972;0.03100309;-0.03337738;0.00000000;0.00000000
456;45.60000000;0.00000000;-11.22386506;18.96030870;1.56098165;1.56908217;0.02919518;-0.01737896;0.00000000;0.00000000
457;45.70000000;0.00000000;-11.12392386;18.96291958;1.56359263;1.58883372;0.02752730;-0.02142744;0.00000000;0.00000000
458;45.80000000;0.00000000;-11.02398988;18.96581211;1.56648536;1.61427534;0.02490969;-0.06529270;0.00000000;0.00000000
459;45.90000000;0.00000000;-10.92403690;18.96789973;1.56857296;1.63268281;0.01446876;-0.07912343;0.00000000;0.00000000
460;46.00000000;0.00000000;-10.82406538;18.96870497;1.56937819;1.63187738;0.00908500;-0.03783267;0.00000000;0.00000000
461;46.10000000;0.00000000;-10.72409464;18.96971625;1.57038939;1.63086597;0.00690223;-0.05352060;0.00000000;0.00000000
462;46.20000000;0.00000000;-10.62412008;18.97008506;1.57075829;1.63049690;-0.00161912;-0.09568292;0.00000000;0.00000000
463;46.30000000;0.00000000;-10.52414724;18.96939251;1.57006633;1.63118877;-0.01223436;-0.07317072;0.00000000;0.00000000
464;46.40000000;0.00000000;-10.42418739;18.96763889;1.56831414;1.63294099;-0.01625326;-0.03388223;0.00000000;0.00000000
465;46.50000000;0.00000000;-10.32422273;18.96614280;1.56681923;1.63443589;-0.01901080;-0.06598764;0.00000000;0.00000000
466;46.60000000;0.00000000;-10.22427455;18.96383793;1.56451638;1.62723347;-0.02945079;-0.07880412;0.00000000;0.00000000
467;46.70000000;0.00000000;-10.12436400;18.96025510;1.56093725;1.60170987;-0.03477163;-0.03649608;0.00000000;0.00000000
468;46.80000000;0.00000000;-10.02444493;18.95688673;1.55757225;1.58189129;-0.03675001;-0.05069778;0.00000000;0.00000000
469;46.90000000;0.00000000;-9.92454883;18.95290859;1.55383510;1.56881491;-0.04491118;-0.05893294;0.00000000;0.00000000
470;47.00000000;0.00000000;-9.82469857;18.94790984;1.55550351;1.56306164;-0.04853659;-0.02911742;0.00000000;0.00000000
471;47.10000000;0.00000000;-9.72483344;18.94320746;1.56387054;1.56108205;-0.05073467;-0.02272587;0.00000000;0.00000000
472;47.20000000;0.00000000;-9.62500654;18.93776983;1.57470541;1.56231083;-0.05308177;-0.01809145;0.00000000;0.00000000
473;47.30000000;0.00000000;-9.52516464;18.93259872;1.58917202;1.56748317;-0.05435296;-0.04269355;0.00000000;0.00000000
474;47.40000000;0.00000000;-9.42535135;18.92690729;1.60922248;1.57317611;-0.06162048;-0.05016114;0.00000000;0.00000000
475;47.50000000;0.00000000;-9.32559543;18.92028559;1.62029548;1.57979986;-0.06438519;-0.01951292;0.00000000;0.00000000
476;47.60000000;0.00000000;-9.22581494;18.91404231;1.61405300;1.58604497;-0.06552306;-0.04786194;0.00000000;0.00000000
477;47.70000000;0.00000000;-9.12607470;18.90719364;1.60720530;1.59289588;-0.07395758;-0.06366096;0.00000000;0.00000000
478;47.80000000;0.00000000;-9.02641418;18.89926817;1.59928119;1.60082440;-0.07825525;-0.03413907;0.00000000;0.00000000
479;47.90000000;0.00000000;-8.92673577;18.89156240;1.59157678;1.60853307;-0.08078539;-0.06102711;0.00000000;0.00000000
480;48.00000000;0.00000000;-8.82711703;18.88313276;1.58314884;1.58990750;-0.09046067;-0.07267247;0.00000000;0.00000000
481;48.10000000;0.00000000;-8.72760736;18.87349981;1.57351826;1.57232950;-0.09531989;0.00179137;0.00000000;0.00000000
482;48.20000000;0.00000000;-8.62807435;18.86410236;1.56412322;1.56073309;-0.09010240;0.03263904;0.00000000;0.00000000
483;48.30000000;0.00000000;-8.52846883;18.85550824;1.55819116;1.55468256;-0.08879208;-0.03328320;0.00000000;0.00000000
484;48.40000000;0.00000000;-8.42891213;18.84637171;1.55811800;1.55559343;-0.09675904;-0.09108079;0.00000000;0.00000000
485;48.50000000;0.00000000;-8.32945662;18.83619169;1.56340265;1.56395405;-0.10700823;-0.07021032;0.00000000;0.00000000
486;48.60000000;0.00000000;-8.23010792;18.82501645;1.57403760;1.57511973;-0.11080110;-0.02646736;0.00000000;0.00000000
487;48.70000000;0.00000000;-8.13073201;18.81408223;1.59113400;1.58604515;-0.11230171;-0.04805359;0.00000000;0.00000000
488;48.80000000;0.00000000;-8.03141762;18.80260891;1.60288878;1.59149431;-0.12041182;-0.09317855;0.00000000;0.00000000
489;48.90000000;0.00000000;-7.93223273;18.79006438;1.59033161;1.57272636;-0.13093742;-0.07423352;0.00000000;0.00000000
490;49.00000000;0.00000000;-7.83318164;18.77650304;1.57675561;1.56117284;-0.13525853;-0.02998619;0.00000000;0.00000000
491;49.10000000;0.00000000;-7.73410825;18.76310172;1.56334029;1.55580862;-0.13693465;-0.04795392;0.00000000;0.00000000
492;49.20000000;0.00000000;-7.63510350;18.74920847;1.55435174;1.55735535;-0.14484931;-0.06552430;0.00000000;0.00000000
493;49.30000000;0.00000000;-7.53625535;18.73424074;1.55067953;1.56637741;-0.15003951;-0.00698004;0.00000000;0.00000000
494;49.40000000;0.00000000;-7.43739924;18.71932040;1.55349408;1.58132384;-0.14624532;0.03005123;0.00000000;0.00000000
495;49.50000000;0.00000000;-7.33843968;18.70510310;1.56341750;1.59556485;-0.14402927;-0.01672769;0.00000000;0.00000000
496;49.60000000;0.00000000;-7.23951883;18.69062110;1.57848243;1.61007181;-0.14959085;-0.04340799;0.00000000;0.00000000
497;49.70000000;0.00000000;-7.14072370;18.67530399;1.57575512;1.60370583;-0.15271087;-0.01356272;0.00000000;0.00000000
498;49.80000000;0.00000000;-7.04189525;18.66020503;1.56140031;1.59295796;-0.15230340;-0.02294328;0.00000000;0.00000000
499;49.90000000;0.00000000;-6.94308788;18.64496846;1.55322110;1.58549242;-0.15729952;-0.04288453;0.00000000;0.00000000
500;50.00000000;0.00000000;-6.84441503;18.62888272;1.55059468;1.57737876;-0.16088030;-0.01612738;0.00000000;0.00000000
501;50.10000000;0.00000000;-6.74571935;18.61293894;1.55455073;1.55970611;-0.16052500;0.00061724;0.00000000;0.00000000
502;50.20000000;0.00000000;-6.64703527;18.59692335;1.56482477;1.54837242;-0.16075686;-0.00271898;0.00000000;0.00000000
503;50.30000000;0.00000000;-6.54834685;18.58093378;1.58139089;1.54341822;-0.16106879;-0.02679066;0.00000000;0.00000000
504;50.40000000;0.00000000;-6.44967293;18.56485665;1.57693771;1.54501990;-0.16611499;-0.06915753;0.00000000;0.00000000
505;50.50000000;0.00000000;-6.35115097;18.54787192;1.57542377;1.55398289;-0.17490030;-0.06419770;0.00000000;0.00000000
506;50.60000000;0.00000000;-6.25277438;18.53006353;1.57941210;1.57009816;-0.17895453;-0.01634721;0.00000000;0.00000000
507;50.70000000;0.00000000;-6.15439354;18.51228054;1.58971578;1.58785739;-0.17816974;-0.01293741;0.00000000;0.00000000
508;50.80000000;0.00000000;-6.05598921;18.49462660;1.59490884;1.58089540;-0.18154201;-0.05722154;0.00000000;0.00000000
509;50.90000000;0.00000000;-5.95773013;18.47618040;1.58139255;1.57414041;-0.18961405;-0.08388364;0.00000000;0.00000000
510;51.00000000;0.00000000;-5.85962369;18.45694020;1.57223470;1.57452858;-0.19831874;-0.09114016;0.00000000;0.00000000
511;51.10000000;0.00000000;-5.76170114;18.43678636;1.56343264;1.58217725;-0.20784208;-0.09404192;0.00000000;0.00000000
512;51.20000000;0.00000000;-5.66397899;18.41568117;1.56002466;1.56811406;-0.21712712;-0.07535833;0.00000000;0.00000000
513;51.30000000;0.00000000;-5.56644712;18.39371239;1.56213424;1.56062225;-0.22291375;-0.02705415;0.00000000;0.00000000
514;51.40000000;0.00000000;-5.46897560;18.37147763;1.57034679;1.55978928;-0.22253795;-0.01043217;0.00000000;0.00000000
515;51.50000000;0.00000000;-5.37142725;18.34958216;1.57060264;1.56500754;-0.22500018;-0.05206792;0.00000000;0.00000000
516;51.60000000;0.00000000;-5.27406617;18.32686763;1.56724631;1.57739167;-0.23295154;-0.06648774;0.00000000;0.00000000
517;51.70000000;0.00000000;-5.17687798;18.30342362;1.56951261;1.59668588;-0.23829773;-0.01755148;0.00000000;0.00000000
518;51.80000000;0.00000000;-5.07976558;18.27966944;1.57780478;1.59431792;-0.23646183;0.01515535;0.00000000;0.00000000
519;51.90000000;0.00000000;-4.98249192;18.25658243;1.59301832;1.59017397;-0.23526666;0.01392312;0.00000000;0.00000000
520;52.00000000;0.00000000;-4.88532280;18.23306040;1.60380308;1.59275549;-0.23367721;0.00908529;0.00000000;0.00000000
521;52.10000000;0.00000000;-4.78797615;18.21028271;1.60866796;1.60082575;-0.23344960;-0.02974879;0.00000000;0.00000000
522;52.20000000;0.00000000;-4.69079587;18.18680481;1.58692710;1.60991327;-0.23962697;-0.01871595;0.00000000;0.00000000
523;52.30000000;0.00000000;-4.59373810;18.16282621;1.56718469;1.60240408;-0.23719279;0.02126928;0.00000000;0.00000000
524;52.40000000;0.00000000;-4.49644458;18.13982166;1.55463441;1.60011231;-0.23537311;-0.02582298;0.00000000;0.00000000
525;52.50000000;0.00000000;-4.39929986;18.11619637;1.54781249;1.60446317;-0.24235739;-0.07509205;0.00000000;0.00000000
526;52.60000000;0.00000000;-4.30233708;18.09183505;1.54667521;1.58140795;-0.25039152;-0.07981330;0.00000000;0.00000000
527;52.70000000;0.00000000;-4.20558457;18.06665194;1.55114532;1.56525438;-0.25832005;-0.07395040;0.00000000;0.00000000
528;52.80000000;0.00000000;-4.10902042;18.04075624;1.55980261;1.55610753;-0.26518161;-0.02836167;0.00000000;0.00000000
529;52.90000000;0.00000000;-4.01262269;18.01424782;1.55182009;1.55398949;-0.26399238;0.01770671;0.00000000;0.00000000
530;53.00000000;0.00000000;-3.91599770;17.98858200;1.55112971;1.55742546;-0.26164026;0.02065395;0.00000000;0.00000000
531;53.10000000;0.00000000;-3.81947644;17.96252738;1.55647150;1.56558680;-0.25986159;-0.01387805;0.00000000;0.00000000
532;53.20000000;0.00000000;-3.72276104;17.93720552;1.56570711;1.56531778;-0.26441587;-0.09227585;0.00000000;0.00000000
533;53.30000000;0.00000000;-3.62648611;17.91027419;1.55913087;1.55939698;-0.27831676;-0.08555732;0.00000000;0.00000000
534;53.40000000;0.00000000;-3.53051157;17.88227355;1.55784061;1.56098375;-0.28152734;-0.00807416;0.00000000;0.00000000
535;53.50000000;0.00000000;-3.43440730;17.85472333;1.56342441;1.56848649;-0.27993159;0.01285848;0.00000000;0.00000000
536;53.60000000;0.00000000;-3.33834395;17.82702915;1.57519793;1.57124862;-0.27895564;0.01372035;0.00000000;0.00000000
537;53.70000000;0.00000000;-3.24218624;17.79966661;1.59350710;1.56752179;-0.27718753;-0.00608043;0.00000000;0.00000000
538;53.80000000;0.00000000;-3.14602556;17.77231231;1.60656655;1.57015594;-0.28017173;-0.06388242;0.00000000;0.00000000
539;53.90000000;0.00000000;-3.05003211;17.74437613;1.59619591;1.57972871;-0.28996401;-0.10101224;0.00000000;0.00000000
540;54.00000000;0.00000000;-2.95443104;17.71514556;1.59069580;1.58184491;-0.30037417;-0.06150219;0.00000000;0.00000000
541;54.10000000;0.00000000;-2.85904085;17.68521730;1.59074056;1.56501617;-0.30226445;-0.00156798;0.00000000;0.00000000
542;54.20000000;0.00000000;-2.76354539;17.65562377;1.59548523;1.55409783;-0.30068777;0.02046524;0.00000000;0.00000000
543;54.30000000;0.00000000;-2.66806125;17.62599644;1.59093437;1.54960166;-0.29817140;0.01241375;0.00000000;0.00000000
544;54.40000000;0.00000000;-2.57241797;17.59688385;1.59319664;1.55100969;-0.29820502;-0.01692031;0.00000000;0.00000000
545;54.50000000;0.00000000;-2.47693480;17.56724979;1.59250893;1.55938365;-0.30155546;-0.00327087;0.00000000;0.00000000
546;54.60000000;0.00000000;-2.38148953;17.53749720;1.58327183;1.57419789;-0.29885919;-0.01476167;0.00000000;0.00000000
547;54.70000000;0.00000000;-2.28585075;17.50837933;1.58098145;1.58324911;-0.30450780;-0.04984339;0.00000000;0.00000000
548;54.80000000;0.00000000;-2.19074701;17.47755020;1.58102454;1.58802662;-0.30882787;-0.01258736;0.00000000;0.00000000
549;54.90000000;0.00000000;-2.09536047;17.44760615;1.56120231;1.59448014;-0.30702527;-0.01689227;0.00000000;0.00000000
550;55.00000000;0.00000000;-2.00014574;17.41711995;1.54665388;1.60144416;-0.31220632;-0.00828666;0.00000000;0.00000000
551;55.10000000;0.00000000;-1.90507452;17.38618909;1.53801129;1.58448131;-0.30868260;0.03921535;0.00000000;0.00000000
552;55.20000000;0.00000000;-1.80964767;17.35637477;1.53701336;1.57253140;-0.30436325;-0.03089895;0.00000000;0.00000000
553;55.30000000;0.00000000;-1.71431287;17.32626637;1.54220127;1.56719011;-0.31486239;-0.08103432;0.00000000;0.00000000
554;55.40000000;0.00000000;-1.61953527;17.29445569;1.55204376;1.57000586;-0.32057012;-0.01409035;0.00000000;0.00000000
555;55.50000000;0.00000000;-1.52455143;17.26326135;1.56884819;1.57851338;-0.31768046;0.03176384;0.00000000;0.00000000
556;55.60000000;0.00000000;-1.42958917;17.23199816;1.58458951;1.59333215;-0.31421735;0.04042002;0.00000000;0.00000000
557;55.70000000;0.00000000;-1.33439207;17.20146261;1.57956312;1.58090567;-0.30959646;0.01725957;0.00000000;0.00000000
558;55.80000000;0.00000000;-1.23914492;17.17107836;1.58101509;1.56646953;-0.31076544;-0.02700783;0.00000000;0.00000000
559;55.90000000;0.00000000;-1.14401804;17.14031987;1.58837857;1.55871909;-0.31499802;-0.04282428;0.00000000;0.00000000
560;56.00000000;0.00000000;-1.04903166;17.10913047;1.60151254;1.55781437;-0.31933029;-0.04142207;0.00000000;0.00000000
561;56.10000000;0.00000000;-0.95417480;17.07754890;1.60823584;1.56372723;-0.32328244;-0.04010235;0.00000000;0.00000000
562;56.20000000;0.00000000;-0.85943783;17.04560966;1.59840219;1.57634549;-0.32735076;-0.04201231;0.00000000;0.00000000
563;56.30000000;0.00000000;-0.76484119;17.01325736;1.59088880;1.59334297;-0.33168490;-0.03026269;0.00000000;0.00000000
564;56.40000000;0.00000000;-0.67038455;16.98049810;1.58682759;1.57840505;-0.33340330;0.00811264;0.00000000;0.00000000
565;56.50000000;0.00000000;-0.57590095;16.94782133;1.58914505;1.56961840;-0.33006237;-0.00573005;0.00000000;0.00000000
566;56.60000000;0.00000000;-0.48123057;16.91569497;1.59830401;1.56659174;-0.33454931;-0.03457430;0.00000000;0.00000000
567;56.70000000;0.00000000;-0.38704323;16.88217138;1.60711372;1.57141307;-0.33697723;0.00280040;0.00000000;0.00000000
568;56.80000000;0.00000000;-0.29252686;16.84958461;1.61564297;1.57528340;-0.33398923;-0.00185191;0.00000000;0.00000000
569;56.90000000;0.00000000;-0.19814007;16.81662421;1.61383618;1.56653256;-0.33734761;-0.03193877;0.00000000;0.00000000
570;57.00000000;0.00000000;-0.10384465;16.78340331;1.61794061;1.55477021;-0.34037698;-0.03283752;0.00000000;0.00000000
571;57.10000000;0.00000000;-0.00965931;16.74987165;1.62330713;1.54971242;-0.34391512;-0.00146870;0.00000000;0.00000000
572;57.20000000;0.00000000;0.08439860;16.71598436;1.62828495;1.55147284;-0.34067072;0.04090262;0.00000000;0.00000000
573;57.30000000;0.00000000;0.17879849;16.68306493;1.61343050;1.55863257;-0.33573459;-0.01248363;0.00000000;0.00000000
574;57.40000000;0.00000000;0.27318634;16.65010784;1.60237962;1.57216925;-0.34316745;-0.06594249;0.00000000;0.00000000
575;57.50000000;0.00000000;0.36708398;16.61578964;1.59607486;1.57893504;-0.34892309;-0.01435741;0.00000000;0.00000000
576;57.60000000;0.00000000;0.46108450;16.58174887;1.59631536;1.56932232;-0.34603893;0.01372608;0.00000000;0.00000000
577;57.70000000;0.00000000;0.55518196;16.54797165;1.60308351;1.54970353;-0.34617787;-0.01734674;0.00000000;0.00000000
578;57.80000000;0.00000000;0.64917467;16.51390417;1.61571549;1.53665985;-0.34950828;-0.03375324;0.00000000;0.00000000
579;57.90000000;0.00000000;0.74304497;16.47950096;1.61972813;1.53040828;-0.35292852;-0.01778910;0.00000000;0.00000000
580;58.00000000;0.00000000;0.83680252;16.44479130;1.60970079;1.53100131;-0.35306610;0.01804526;0.00000000;0.00000000
581;58.10000000;0.00000000;0.93066148;16.41036296;1.60614603;1.53780862;-0.34931947;-0.00627734;0.00000000;0.00000000
582;58.20000000;0.00000000;1.02467323;16.37635799;1.60925719;1.55059891;-0.35432157;-0.06141348;0.00000000;0.00000000
583;58.30000000;0.00000000;1.11818509;16.34099166;1.61710921;1.57107756;-0.36160216;-0.00778331;0.00000000;0.00000000
584;58.40000000;0.00000000;1.21169398;16.30562055;1.62032956;1.56835021;-0.35587823;0.01354072;0.00000000;0.00000000
585;58.50000000;0.00000000;1.30560370;16.27132734;1.60151706;1.55900974;-0.35889402;-0.02611096;0.00000000;0.00000000
586;58.60000000;0.00000000;1.39889861;16.23539247;1.58704106;1.55780254;-0.36110042;-0.02312940;0.00000000;0.00000000
587;58.70000000;0.00000000;1.49265690;16.20068489;1.58008610;1.56169453;-0.36351990;-0.03516594;0.00000000;0.00000000
588;58.80000000;0.00000000;1.58577553;16.16429949;1.57764606;1.56601135;-0.36813361;-0.00350710;0.00000000;0.00000000
589;58.90000000;0.00000000;1.67920878;16.12872855;1.58240542;1.56581324;-0.36422132;0.01166168;0.00000000;0.00000000
590;59.00000000;0.00000000;1.77261046;16.09307242;1.59334572;1.54964247;-0.36580128;-0.01913864;0.00000000;0.00000000
591;59.10000000;0.00000000;1.86593169;16.05720609;1.60938452;1.53288156;-0.36804905;-0.02354527;0.00000000;0.00000000
592;59.20000000;0.00000000;1.95917216;16.02113042;1.59769675;1.52273835;-0.37051033;-0.00586875;0.00000000;0.00000000
593;59.30000000;0.00000000;2.05231564;15.98480518;1.59194518;1.51938881;-0.36922280;0.01678161;0.00000000;0.00000000
594;59.40000000;0.00000000;2.14564663;15.94897052;1.59298647;1.52208630;-0.36715401;-0.02255515;0.00000000;0.00000000
595;59.50000000;0.00000000;2.23893553;15.91303254;1.60017378;1.53143030;-0.37373383;-0.06799106;0.00000000;0.00000000
596;59.60000000;0.00000000;2.33178895;15.87597203;1.61234678;1.54837264;-0.38075222;-0.03493782;0.00000000;0.00000000
597;59.70000000;0.00000000;2.42456837;15.83872646;1.62138353;1.57169715;-0.38072140;0.03602011;0.00000000;0.00000000
598;59.80000000;0.00000000;2.51742247;15.80167231;1.61718311;1.56596737;-0.37354820;0.06164253;0.00000000;0.00000000
599;59.90000000;0.00000000;2.61072664;15.76576158;1.59747902;1.55506334;-0.36839289;0.01465787;0.00000000;0.00000000
600;60.00000000;0.00000000;2.70395953;15.72966613;1.58365531;1.54300214;-0.37061663;-0.01983849;0.00000000;0.00000000
601;60.10000000;0.00000000;2.79710309;15.69334078;1.57581819;1.53760788;-0.37236059;-0.01031267;0.00000000;0.00000000
602;60.20000000;0.00000000;2.89020952;15.65692035;1.57420170;1.53880624;-0.37267916;-0.00051115;0.00000000;0.00000000
603;60.30000000;0.00000000;2.98332992;15.62053566;1.57896495;1.54644233;-0.37246282;0.00033469;0.00000000;0.00000000
604;60.40000000;0.00000000;3.07645210;15.58415553;1.59001747;1.55276317;-0.37261222;-0.00347629;0.00000000;0.00000000
605;60.50000000;0.00000000;3.16956162;15.54774301;1.60719066;1.53749805;-0.37315807;-0.00743634;0.00000000;0.00000000
606;60.60000000;0.00000000;3.26264402;15.51126124;1.61722524;1.52870683;-0.37409949;0.01104483;0.00000000;0.00000000
607;60.70000000;0.00000000;3.35568480;15.47467349;1.61786836;1.52654086;-0.37094911;0.03273004;0.00000000;0.00000000
608;60.80000000;0.00000000;3.44899251;15.43877998;1.61173326;1.52389275;-0.36755348;-0.00911165;0.00000000;0.00000000
609;60.90000000;0.00000000;3.54227612;15.40282627;1.60825144;1.52204071;-0.37277144;-0.06394671;0.00000000;0.00000000
610;61.00000000;0.00000000;3.63520688;15.36595993;1.61000119;1.52586787;-0.38034282;-0.07107802;0.00000000;0.00000000
611;61.10000000;0.00000000;3.72793631;15.32859741;1.61740600;1.53255938;-0.38698704;-0.02352196;0.00000000;0.00000000
612;61.20000000;0.00000000;3.82036718;15.29050022;1.62536560;1.54648351;-0.38504722;0.04145895;0.00000000;0.00000000
613;61.30000000;0.00000000;3.91324341;15.25349671;1.62836552;1.56552645;-0.37869525;0.07232353;0.00000000;0.00000000
614;61.40000000;0.00000000;4.00615185;15.21657638;1.63750911;1.55617705;-0.37058251;0.03851722;0.00000000;0.00000000
615;61.50000000;0.00000000;4.09961624;15.18108463;1.62032982;1.55080271;-0.37099181;-0.04164045;0.00000000;0.00000000
616;61.60000000;0.00000000;4.19249514;15.14408798;1.60758142;1.54455391;-0.37891060;-0.07028607;0.00000000;0.00000000
617;61.70000000;0.00000000;4.28538572;15.10712050;1.60101792;1.53573114;-0.38504902;-0.03701962;0.00000000;0.00000000
618;61.80000000;0.00000000;4.37780211;15.06898694;1.59709187;1.53464833;-0.38631452;0.03027719;0.00000000;0.00000000
619;61.90000000;0.00000000;4.47059657;15.03178539;1.59697691;1.53906594;-0.37899358;0.04955424;0.00000000;0.00000000
620;62.00000000;0.00000000;4.56356275;14.99500847;1.59922359;1.54570762;-0.37640368;0.01495682;0.00000000;0.00000000
621;62.10000000;0.00000000;4.65655093;14.95828718;1.60057732;1.54458108;-0.37600222;-0.01506730;0.00000000;0.00000000
622;62.20000000;0.00000000;4.74954662;14.92158491;1.59772179;1.54204254;-0.37941714;-0.05460008;0.00000000;0.00000000
623;62.30000000;0.00000000;4.84227910;14.88423048;1.59355497;1.54040808;-0.38692223;-0.04304551;0.00000000;0.00000000
624;62.40000000;0.00000000;4.93471342;14.84613654;1.59485697;1.54223899;-0.38802624;0.04085942;0.00000000;0.00000000
625;62.50000000;0.00000000;5.02736299;14.80857753;1.60298054;1.54995422;-0.37875035;0.08288358;0.00000000;0.00000000
626;62.60000000;0.00000000;5.12048804;14.77220485;1.60555259;1.56277479;-0.37144952;0.04460567;0.00000000;0.00000000
627;62.70000000;0.00000000;5.21367908;14.73600151;1.61029496;1.57996611;-0.36982922;0.01414043;0.00000000;0.00000000
628;62.80000000;0.00000000;5.30692155;14.69993079;1.62134134;1.57331060;-0.36862144;-0.02747299;0.00000000;0.00000000
629;62.90000000;0.00000000;5.40019976;14.66395267;1.60539239;1.56936095;-0.37532382;-0.06467298;0.00000000;0.00000000
630;63.00000000;0.00000000;5.49295034;14.62663533;1.59304168;1.55624912;-0.38155603;-0.01839487;0.00000000;0.00000000
631;63.10000000;0.00000000;5.58577288;14.58949737;1.58417930;1.54855675;-0.37900279;-0.00094417;0.00000000;0.00000000
632;63.20000000;0.00000000;5.67871274;14.55265417;1.57899510;1.54698213;-0.38174487;-0.00858185;0.00000000;0.00000000
633;63.30000000;0.00000000;5.77132906;14.51500819;1.57926717;1.55272243;-0.38071916;0.02680340;0.00000000;0.00000000
634;63.40000000;0.00000000;5.86434061;14.47835720;1.58372509;1.56326142;-0.37638419;0.00863428;0.00000000;0.00000000
635;63.50000000;0.00000000;5.95727912;14.44151587;1.58582238;1.56314164;-0.37899230;-0.01152053;0.00000000;0.00000000
636;63.60000000;0.00000000;6.05010187;14.40437876;1.59388344;1.54981604;-0.37868829;0.00698924;0.00000000;0.00000000
637;63.70000000;0.00000000;6.14306437;14.36759330;1.60850396;1.53268457;-0.37759446;0.00098111;0.00000000;0.00000000
638;63.80000000;0.00000000;6.23596699;14.33065981;1.59808296;1.52210040;-0.37849207;0.03382503;0.00000000;0.00000000
639;63.90000000;0.00000000;6.32885932;14.29370910;1.59037276;1.51806040;-0.37082945;0.08232687;0.00000000;0.00000000
640;64.00000000;0.00000000;6.42231808;14.25820320;1.59047899;1.51904686;-0.36202670;0.02854868;0.00000000;0.00000000
641;64.10000000;0.00000000;6.51585006;14.22289226;1.59706407;1.52638706;-0.36511972;-0.02245079;0.00000000;0.00000000
642;64.20000000;0.00000000;6.60908746;14.18680888;1.60902616;1.54100956;-0.36651685;0.01962702;0.00000000;0.00000000
643;64.30000000;0.00000000;6.70252112;14.15123644;1.62476580;1.52662683;-0.36119431;0.05083586;0.00000000;0.00000000
644;64.40000000;0.00000000;6.79613749;14.11614755;1.62937249;1.51701695;-0.35634968;0.01109510;0.00000000;0.00000000
645;64.50000000;0.00000000;6.88991143;14.08148207;1.60986245;1.51351054;-0.35897529;-0.02944837;0.00000000;0.00000000
646;64.60000000;0.00000000;6.98334169;14.04590228;1.59541565;1.51757536;-0.36223936;0.00694506;0.00000000;0.00000000
647;64.70000000;0.00000000;7.07688716;14.01062544;1.58747062;1.52786288;-0.35758628;0.02684726;0.00000000;0.00000000
648;64.80000000;0.00000000;7.17064465;13.97591660;1.58640731;1.54397182;-0.35686991;-0.00378001;0.00000000;0.00000000
649;64.90000000;0.00000000;7.26423992;13.94077406;1.59117400;1.56242446;-0.35834228;0.01592260;0.00000000;0.00000000
650;65.00000000;0.00000000;7.35789459;13.90578935;1.60234405;1.54982173;-0.35368539;0.04317204;0.00000000;0.00000000
651;65.10000000;0.00000000;7.45181308;13.87152006;1.59508838;1.54284242;-0.34970787;0.02103546;0.00000000;0.00000000
652;65.20000000;0.00000000;7.54574305;13.83728149;1.57889448;1.54229281;-0.34947829;0.02252105;0.00000000;0.00000000
653;65.30000000;0.00000000;7.63967717;13.80305537;1.56892958;1.54742395;-0.34520366;0.06194189;0.00000000;0.00000000
654;65.40000000;0.00000000;7.73389626;13.76962112;1.56614105;1.54100917;-0.33708991;0.07929508;0.00000000;0.00000000
655;65.50000000;0.00000000;7.82837378;13.73692362;1.57050667;1.53573106;-0.32934465;0.07169618;0.00000000;0.00000000
656;65.60000000;0.00000000;7.92309953;13.70495280;1.58195426;1.52872822;-0.32275068;0.03511695;0.00000000;0.00000000
657;65.70000000;0.00000000;8.01800024;13.67350400;1.60011886;1.52311229;-0.32232126;0.00980031;0.00000000;0.00000000
658;65.80000000;0.00000000;8.11275365;13.64161448;1.58585797;1.52305011;-0.32079062;0.01163021;0.00000000;0.00000000
659;65.90000000;0.00000000;8.20775041;13.61045627;1.57612966;1.52876938;-0.31999522;0.01278995;0.00000000;0.00000000
660;66.00000000;0.00000000;8.30255480;13.57871740;1.57209756;1.54157150;-0.31823263;0.06012933;0.00000000;0.00000000
661;66.10000000;0.00000000;8.39766098;13.54789421;1.57537888;1.53996191;-0.30796935;0.06632636;0.00000000;0.00000000
662;66.20000000;0.00000000;8.49309682;13.51810790;1.58605065;1.53952012;-0.30496735;0.02689852;0.00000000;0.00000000
663;66.30000000;0.00000000;8.58838625;13.48785630;1.60242073;1.54604443;-0.30258965;0.02823173;0.00000000;0.00000000
664;66.40000000;0.00000000;8.68396214;13.45852433;1.59600943;1.54460329;-0.29932101;0.02909744;0.00000000;0.00000000
665;66.50000000;0.00000000;8.77944720;13.42889634;1.59077316;1.54536819;-0.29677016;0.06316483;0.00000000;0.00000000
666;66.60000000;0.00000000;8.87517107;13.40005247;1.59236480;1.55076442;-0.28668804;0.08109854;0.00000000;0.00000000
667;66.70000000;0.00000000;8.97123279;13.37235614;1.59587188;1.55637590;-0.28055045;0.04947637;0.00000000;0.00000000
668;66.80000000;0.00000000;9.06730440;13.34468918;1.60563929;1.55938536;-0.27679277;0.06955557;0.00000000;0.00000000
669;66.90000000;0.00000000;9.16357128;13.31771564;1.61945508;1.55317174;-0.26663934;0.09189869;0.00000000;0.00000000
670;67.00000000;0.00000000;9.26018283;13.29200571;1.62059383;1.55152773;-0.25841303;0.06551786;0.00000000;0.00000000
671;67.10000000;0.00000000;9.35688211;13.26661915;1.61681768;1.53863633;-0.25353576;0.05150223;0.00000000;0.00000000
672;67.20000000;0.00000000;9.45373974;13.24185286;1.61985633;1.53153382;-0.24811258;0.05118369;0.00000000;0.00000000
673;67.30000000;0.00000000;9.55070866;13.21751660;1.62947729;1.53049672;-0.24329902;0.05040167;0.00000000;0.00000000
674;67.40000000;0.00000000;9.64780024;13.19368391;1.62209794;1.53546353;-0.23803225;0.04956645;0.00000000;0.00000000
675;67.50000000;0.00000000;9.74502010;13.17037040;1.61629456;1.54636017;-0.23338574;0.06743165;0.00000000;0.00000000
676;67.60000000;0.00000000;9.84232908;13.14744099;1.61705871;1.53691736;-0.22454592;0.08118648;0.00000000;0.00000000
677;67.70000000;0.00000000;9.93994352;13.12585037;1.62535400;1.52578076;-0.21714844;0.02399058;0.00000000;0.00000000
678;67.80000000;0.00000000;10.03757880;13.10436360;1.61266933;1.50584428;-0.21974780;-0.00371385;0.00000000;0.00000000
679;67.90000000;0.00000000;10.13507921;13.08226591;1.60364204;1.49297483;-0.21789121;0.04397596;0.00000000;0.00000000
680;68.00000000;0.00000000;10.23279809;13.06114083;1.60181615;1.48573492;-0.21095261;0.08393386;0.00000000;0.00000000
681;68.10000000;0.00000000;10.33059614;13.04039820;1.60661229;1.48481428;-0.20110444;0.13041752;0.00000000;0.00000000
682;68.20000000;0.00000000;10.42870932;13.02120235;1.61914592;1.48904028;-0.18486911;0.15428341;0.00000000;0.00000000
683;68.30000000;0.00000000;10.52712885;13.00364573;1.63046380;1.49827993;-0.17024775;0.10173353;0.00000000;0.00000000
684;68.40000000;0.00000000;10.62576418;12.98732628;1.63528707;1.51284473;-0.16452240;0.03054820;0.00000000;0.00000000
685;68.50000000;0.00000000;10.72438128;12.97089727;1.64369816;1.52376143;-0.16413811;0.04498271;0.00000000;0.00000000
686;68.60000000;0.00000000;10.82302706;12.95465398;1.65503313;1.51040943;-0.15552586;0.12168700;0.00000000;0.00000000
687;68.70000000;0.00000000;10.92191034;12.93992628;1.65608662;1.49905899;-0.13980071;0.15112124;0.00000000;0.00000000
688;68.80000000;0.00000000;11.02101785;12.92679298;1.65990646;1.49271579;-0.12530161;0.10884316;0.00000000;0.00000000
689;68.90000000;0.00000000;11.12028876;12.91493823;1.67099184;1.49176650;-0.11803208;0.07104401;0.00000000;0.00000000
690;69.00000000;0.00000000;11.21957709;12.90324718;1.68809709;1.49734204;-0.11109281;0.06627670;0.00000000;0.00000000
691;69.10000000;0.00000000;11.31900293;12.89277125;1.69304676;1.50782966;-0.10477674;0.05327792;0.00000000;0.00000000
692;69.20000000;0.00000000;11.41843135;12.88233529;1.68262268;1.50379762;-0.10043722;0.00570764;0.00000000;0.00000000
693;69.30000000;0.00000000;11.51794110;12.87272300;1.67302091;1.48284247;-0.10363521;-0.01301032;0.00000000;0.00000000
694;69.40000000;0.00000000;11.61730060;12.86165133;1.66303184;1.46986818;-0.10303929;0.08360605;0.00000000;0.00000000
695;69.50000000;0.00000000;11.71682319;12.85215749;1.66060419;1.46203804;-0.08691400;0.15583040;0.00000000;0.00000000
696;69.60000000;0.00000000;11.81648789;12.84429544;1.66582320;1.45938509;-0.07187321;0.11086586;0.00000000;0.00000000
697;69.70000000;0.00000000;11.91625284;12.83779911;1.67835111;1.46220642;-0.06474083;0.06800877;0.00000000;0.00000000
698;69.80000000;0.00000000;12.01601989;12.83135950;1.69674262;1.46864660;-0.05827146;0.06079428;0.00000000;0.00000000
699;69.90000000;0.00000000;12.11586048;12.82615450;1.72194528;1.47385200;-0.05258198;0.06086489;0.00000000;0.00000000
700;70.00000000;0.00000000;12.21569467;12.82085052;1.72086720;1.47915640;-0.04609848;0.10311380;0.00000000;0.00000000
701;70.10000000;0.00000000;12.31559312;12.81694060;1.71695695;1.48306657;-0.03195922;0.13554177;0.00000000;0.00000000
702;70.20000000;0.00000000;12.41553724;12.81446153;1.71447773;1.48554577;-0.01899013;0.08893314;0.00000000;0.00000000
703;70.30000000;0.00000000;12.51550468;12.81314380;1.71315994;1.48686355;-0.01417259;0.04403094;0.00000000;0.00000000
704;70.40000000;0.00000000;12.61546836;12.81162780;1.71164387;1.48837963;-0.01018394;0.03553301;0.00000000;0.00000000
705;70.50000000;0.00000000;12.71544301;12.81110757;1.71112361;1.48889990;-0.00706598;0.03431677;0.00000000;0.00000000
706;70.60000000;0.00000000;12.81541448;12.81021496;1.71023096;1.48979256;-0.00332058;0.07536627;0.00000000;0.00000000
707;70.70000000;0.00000000;12.91538964;12.81044363;1.71045959;1.48956393;0.00800727;0.11351390;0.00000000;0.00000000
708;70.80000000;0.00000000;13.01535561;12.81181598;1.71183185;1.48819166;0.01938220;0.10826020;0.00000000;0.00000000
709;70.90000000;0.00000000;13.11529996;12.81431881;1.71433450;1.48568897;0.02965931;0.08588100;0.00000000;0.00000000
710;71.00000000;0.00000000;13.21521712;12.81774547;1.71776084;1.48226256;0.03655840;0.02266389;0.00000000;0.00000000
711;71.10000000;0.00000000;13.31511710;12.82162706;1.72164204;1.47838127;0.03419209;-0.02095978;0.00000000;0.00000000
712;71.20000000;0.00000000;13.41504952;12.82458082;1.72459556;1.47542772;0.03236644;0.01946025;0.00000000;0.00000000
713;71.30000000;0.00000000;13.51496371;12.82809765;1.72811207;1.47191116;0.03808414;0.06439167;0.00000000;0.00000000
714;71.40000000;0.00000000;13.61485580;12.83219395;1.73220796;1.46781521;0.04524477;0.10855728;0.00000000;0.00000000
715;71.50000000;0.00000000;13.71470613;12.83714112;1.73715455;1.46286855;0.05979560;0.12741823;0.00000000;0.00000000
716;71.60000000;0.00000000;13.81443686;12.84414226;1.74415465;1.45586839;0.07072842;0.02574586;0.00000000;0.00000000
717;71.70000000;0.00000000;13.91415718;12.85127155;1.75128290;1.44874018;0.06494477;-0.05558643;0.00000000;0.00000000
718;71.80000000;0.00000000;14.01396230;12.85711865;1.74339380;1.44289387;0.05961114;-0.00945330;0.00000000;0.00000000
719;71.90000000;0.00000000;14.11375439;12.86318388;1.72361731;1.43988314;0.06305411;0.07761775;0.00000000;0.00000000
720;72.00000000;0.00000000;14.21351460;12.86971794;1.70655221;1.44333676;0.07513469;0.14080285;0.00000000;0.00000000
721;72.10000000;0.00000000;14.31312928;12.87819210;1.69716098;1.44956448;0.09121468;0.07035974;0.00000000;0.00000000
722;72.20000000;0.00000000;14.41262766;12.88793051;1.69489887;1.45701388;0.08920663;-0.02348729;0.00000000;0.00000000
723;72.30000000;0.00000000;14.51227635;12.89600461;1.69686008;1.47287752;0.08651722;0.00604109;0.00000000;0.00000000
724;72.40000000;0.00000000;14.61182795;12.90520790;1.68513228;1.49417452;0.09041485;0.03450944;0.00000000;0.00000000
725;72.50000000;0.00000000;14.71141096;12.91405856;1.66611666;1.48631008;0.09341911;0.01930429;0.00000000;0.00000000
726;72.60000000;0.00000000;14.81090519;12.92385981;1.65388962;1.48208174;0.09427571;-0.00170010;0.00000000;0.00000000
727;72.70000000;0.00000000;14.91047345;12.93288112;1.64686610;1.48537118;0.09307909;0.01282764;0.00000000;0.00000000
728;72.80000000;0.00000000;15.00999127;12.94244426;1.62622255;1.49481302;0.09684124;0.02555788;0.00000000;0.00000000
729;72.90000000;0.00000000;15.10948899;12.95221450;1.60929450;1.51062168;0.09819067;0.01011757;0.00000000;0.00000000
730;73.00000000;0.00000000;15.20898066;12.96204620;1.59851340;1.53274169;0.09886475;-0.00107617;0.00000000;0.00000000
731;73.10000000;0.00000000;15.30846512;12.97195057;1.59401529;1.52972732;0.09797543;-0.01622240;0.00000000;0.00000000
732;73.20000000;0.00000000;15.40797412;12.98160529;1.59127485;1.52800788;0.09562027;-0.02990331;0.00000000;0.00000000
733;73.30000000;0.00000000;15.50750412;12.99104095;1.59283708;1.53304056;0.09199477;-0.04613057;0.00000000;0.00000000
734;73.40000000;0.00000000;15.60708041;12.99997387;1.60015249;1.54504092;0.08639416;-0.05867920;0.00000000;0.00000000
735;73.50000000;0.00000000;15.70670962;13.00829409;1.60032901;1.56395566;0.08025893;-0.10206417;0.00000000;0.00000000
736;73.60000000;0.00000000;15.80638780;13.01600451;1.57723628;1.58403444;0.06598132;-0.16589711;0.00000000;0.00000000
737;73.70000000;0.00000000;15.90620722;13.02147634;1.55800331;1.57856156;0.04707951;-0.16390077;0.00000000;0.00000000
738;73.80000000;0.00000000;16.00610433;13.02541402;1.54348393;1.57462335;0.03320117;-0.13358588;0.00000000;0.00000000
739;73.90000000;0.00000000;16.10604208;13.02811353;1.53411350;1.57192354;0.02036233;-0.13418649;0.00000000;0.00000000
740;74.00000000;0.00000000;16.20600638;13.02948505;1.52989853;1.57055189;0.00636387;-0.14643632;0.00000000;0.00000000
741;74.10000000;0.00000000;16.30597939;13.02938593;1.52979967;1.57065090;-0.00892493;-0.15831997;0.00000000;0.00000000
742;74.20000000;0.00000000;16.40593776;13.02770063;1.52811540;1.57233595;-0.02530012;-0.16893696;0.00000000;0.00000000
743;74.30000000;0.00000000;16.50585296;13.02432802;1.52474529;1.57570799;-0.04271232;-0.17952600;0.00000000;0.00000000
744;74.40000000;0.00000000;16.60569118;13.01916350;1.51958560;1.58087139;-0.06120532;-0.19197732;0.00000000;0.00000000
745;74.50000000;0.00000000;16.70541261;13.01209863;1.51252892;1.58793437;-0.08110779;-0.20913926;0.00000000;0.00000000
746;74.60000000;0.00000000;16.80496477;13.00296533;1.50340864;1.59706477;-0.10303318;-0.22525818;0.00000000;0.00000000
747;74.70000000;0.00000000;16.90427998;12.99153588;1.49199909;1.60849008;-0.12615942;-0.23452514;0.00000000;0.00000000
748;74.80000000;0.00000000;17.00330352;12.97780942;1.47830139;1.62221123;-0.14993820;-0.24193823;0.00000000;0.00000000
749;74.90000000;0.00000000;17.10196241;12.96167160;1.46292274;1.63834285;-0.17454707;-0.24473577;0.00000000;0.00000000
750;75.00000000;0.00000000;17.20019159;12.94308987;1.45179295;1.65691819;-0.19888536;-0.25114817;0.00000000;0.00000000
751;75.10000000;0.00000000;17.29794789;12.92217075;1.44511402;1.67783207;-0.22477671;-0.27284631;0.00000000;0.00000000
752;75.20000000;0.00000000;17.39508171;12.89853012;1.44254421;1.70147046;-0.25345462;-0.29434917;0.00000000;0.00000000
753;75.30000000;0.00000000;17.49147750;12.87204174;1.44395756;1.72230486;-0.28364654;-0.30958290;0.00000000;0.00000000
754;75.40000000;0.00000000;17.58700672;12.84258272;1.44622335;1.72186765;-0.31537120;-0.32140993;0.00000000;0.00000000
755;75.50000000;0.00000000;17.68152766;12.81003596;1.43787163;1.73045832;-0.34792852;-0.31865824;0.00000000;0.00000000
756;75.60000000;0.00000000;17.77493899;12.77442292;1.42465397;1.74296103;-0.37910284;-0.32215136;0.00000000;0.00000000
757;75.70000000;0.00000000;17.86724632;12.73605069;1.41540720;1.73725849;-0.41235880;-0.35408292;0.00000000;0.00000000
758;75.80000000;0.00000000;17.95807899;12.69431044;1.40951204;1.73959180;-0.44991943;-0.36495919;0.00000000;0.00000000
759;75.90000000;0.00000000;18.04724363;12.64911996;1.40686282;1.73691924;-0.48535064;-0.31153734;0.00000000;0.00000000
760;76.00000000;0.00000000;18.13490232;12.60104838;1.40806320;1.74323744;-0.51222690;-0.29011446;0.00000000;0.00000000
761;76.10000000;0.00000000;18.22150790;12.55113360;1.41422504;1.75733007;-0.54337353;-0.36451652;0.00000000;0.00000000
762;76.20000000;0.00000000;18.30599007;12.49770717;1.40606606;1.78092298;-0.58513020;-0.42409804;0.00000000;0.00000000
763;76.30000000;0.00000000;18.38812694;12.44074423;1.39822442;1.81005219;-0.62819313;-0.42122682;0.00000000;0.00000000
764;76.40000000;0.00000000;18.46769752;12.38025080;1.39314171;1.80501136;-0.66937556;-0.38404966;0.00000000;0.00000000
765;76.50000000;0.00000000;18.54487618;12.31671823;1.39135525;1.79535367;-0.70500307;-0.36185999;0.00000000;0.00000000
766;76.60000000;0.00000000;18.61994489;12.25070700;1.39349303;1.79391338;-0.74174756;-0.38389068;0.00000000;0.00000000
767;76.70000000;0.00000000;18.69224078;12.18168816;1.39581060;1.79927692;-0.78178120;-0.40646490;0.00000000;0.00000000
768;76.80000000;0.00000000;18.76178987;12.10988442;1.39421657;1.78108548;-0.82304054;-0.41139973;0.00000000;0.00000000
769;76.90000000;0.00000000;18.82815104;12.03514049;1.38829066;1.76300649;-0.86406115;-0.38774566;0.00000000;0.00000000
770;77.00000000;0.00000000;18.89158319;11.95787806;1.38138862;1.75430689;-0.90058967;-0.35621921;0.00000000;0.00000000
771;77.10000000;0.00000000;18.95231976;11.87847862;1.37826436;1.75471895;-0.93530499;-0.35002907;0.00000000;0.00000000
772;77.20000000;0.00000000;19.01023951;11.79700105;1.37888684;1.76429596;-0.97059549;-0.37379144;0.00000000;0.00000000
773;77.30000000;0.00000000;19.06522587;11.71351532;1.38319602;1.78293197;-1.01006328;-0.37673635;0.00000000;0.00000000
774;77.40000000;0.00000000;19.11653804;11.62772812;1.38494155;1.80727376;-1.04594276;-0.33364016;0.00000000;0.00000000
775;77.50000000;0.00000000;19.16539971;11.54051084;1.38977868;1.80337133;-1.07679131;-0.34168822;0.00000000;0.00000000
776;77.60000000;0.00000000;19.21132717;11.45171798;1.39844825;1.78617083;-1.11428040;-0.38102294;0.00000000;0.00000000
777;77.70000000;0.00000000;19.25351480;11.36109310;1.41004532;1.77859886;-1.15299590;-0.38244329;0.00000000;0.00000000
778;77.80000000;0.00000000;19.29243622;11.26901398;1.41481325;1.77393512;-1.19076906;-0.37650644;0.00000000;0.00000000
779;77.90000000;0.00000000;19.32766329;11.17546402;1.41337015;1.76427353;-1.22829718;-0.37102961;0.00000000;0.00000000
780;78.00000000;0.00000000;19.35957012;11.08072715;1.41546900;1.74080293;-1.26497498;-0.37329067;0.00000000;0.00000000
781;78.10000000;0.00000000;19.38784555;10.98484867;1.42081166;1.71722649;-1.30295532;-0.37038089;0.00000000;0.00000000
782;78.20000000;0.00000000;19.41246979;10.88796881;1.42937430;1.70296504;-1.33905116;-0.35462868;0.00000000;0.00000000
783;78.30000000;0.00000000;19.43375630;10.79029919;1.44143969;1.69791754;-1.37388105;-0.34887007;0.00000000;0.00000000
784;78.40000000;0.00000000;19.45157723;10.69194210;1.45404057;1.70227495;-1.40882517;-0.34785266;0.00000000;0.00000000
785;78.50000000;0.00000000;19.46599121;10.59302624;1.46606017;1.71588075;-1.44345159;-0.34663232;0.00000000;0.00000000
786;78.60000000;0.00000000;19.47696328;10.49367182;1.47702576;1.72340221;-1.47815164;-0.34659163;0.00000000;0.00000000
787;78.70000000;0.00000000;19.48448335;10.39399480;1.48454273;1.71589021;-1.51276991;-0.34603088;0.00000000;0.00000000
788;78.80000000;0.00000000;19.48855571;10.29411752;1.48861398;1.71182107;-1.54735781;-0.34482806;0.00000000;0.00000000
789;78.90000000;0.00000000;19.48916811;10.19415716;1.48922615;1.71120942;4.70144978;-0.34358211;0.00000000;0.00000000
790;79.00000000;0.00000000;19.48636904;10.09423212;1.48642668;1.71400921;4.66711107;-0.33757715;0.00000000;0.00000000
791;79.10000000;0.00000000;19.48012004;9.99445965;1.48017607;1.72026139;4.63393435;-0.32644981;0.00000000;0.00000000
792;79.20000000;0.00000000;19.47070091;9.89493265;1.47075336;1.72968817;4.60182111;-0.32812381;0.00000000;0.00000000
793;79.30000000;0.00000000;19.45806013;9.79575873;1.45810632;1.71521748;4.56830959;-0.33304827;0.00000000;0.00000000
794;79.40000000;0.00000000;19.44199583;9.69708217;1.44621356;1.70494430;4.53521146;-0.33080806;0.00000000;0.00000000
795;79.50000000;0.00000000;19.42282361;9.59896721;1.43801784;1.70365506;4.50214798;-0.33430618;0.00000000;0.00000000
796;79.60000000;0.00000000;19.40027651;9.50157880;1.43329595;1.69502206;4.46835022;-0.32416178;0.00000000;0.00000000
797;79.70000000;0.00000000;19.37452279;9.40498927;1.43223459;1.69033847;4.43731562;-0.30156003;0.00000000;0.00000000
798;79.80000000;0.00000000;19.34597772;9.30918533;1.43524724;1.69445500;4.40803821;-0.30553618;0.00000000;0.00000000
799;79.90000000;0.00000000;19.31461620;9.21427062;1.44225206;1.70735708;4.37620838;-0.33332457;0.00000000;0.00000000
800;80.00000000;0.00000000;19.28003772;9.12048630;1.44501586;1.72927819;4.34137330;-0.34536591;0.00000000;0.00000000
801;80.10000000;0.00000000;19.24214511;9.02798499;1.43970172;1.74522389;4.30713520;-0.33201583;0.00000000;0.00000000
802;80.20000000;0.00000000;19.20122797;8.93678057;1.43746068;1.75841008;4.27497014;-0.30793478;0.00000000;0.00000000
803;80.30000000;0.00000000;19.15746429;8.84690034;1.43317499;1.77018450;4.24554825;-0.29714898;0.00000000;0.00000000
804;80.40000000;0.00000000;19.11125229;8.75825662;1.42246181;1.75315346;4.21554034;-0.31052130;0.00000000;0.00000000
805;80.50000000;0.00000000;19.06217653;8.67116324;1.41322588;1.74495082;4.18344399;-0.30022339;0.00000000;0.00000000
806;80.60000000;0.00000000;19.01036983;8.58566066;1.40786912;1.74561430;4.15549566;-0.28308242;0.00000000;0.00000000
807;80.70000000;0.00000000;18.95650265;8.50144147;1.40717473;1.75440579;4.12682750;-0.30933168;0.00000000;0.00000000
808;80.80000000;0.00000000;18.89988049;8.41904684;1.41027534;1.76453404;4.09362933;-0.30454074;0.00000000;0.00000000
809;80.90000000;0.00000000;18.84054221;8.33858441;1.41711422;1.76662136;4.06591935;-0.24522328;0.00000000;0.00000000
810;81.00000000;0.00000000;18.77944204;8.25945145;1.42874440;1.75385845;4.04458467;-0.24154529;0.00000000;0.00000000
811;81.10000000;0.00000000;18.71672575;8.18159370;1.43943461;1.74758973;4.01761030;-0.32728303;0.00000000;0.00000000
812;81.20000000;0.00000000;18.65144908;8.10587251;1.44681164;1.75036112;3.97912806;-0.35338227;0.00000000;0.00000000
813;81.30000000;0.00000000;18.58293698;8.03307272;1.44984136;1.76313898;3.94693384;-0.28531673;0.00000000;0.00000000
814;81.40000000;0.00000000;18.51292301;7.96170799;1.45079595;1.77588413;3.92206472;-0.24532023;0.00000000;0.00000000
815;81.50000000;0.00000000;18.44087498;7.89240350;1.44885576;1.76173350;3.89786980;-0.25944112;0.00000000;0.00000000
816;81.60000000;0.00000000;18.36749158;7.82450937;1.44497334;1.75053849;3.87017649;-0.30338461;0.00000000;0.00000000
817;81.70000000;0.00000000;18.29172471;7.75930621;1.43918689;1.74860318;3.83719287;-0.28583372;0.00000000;0.00000000
818;81.80000000;0.00000000;18.21402954;7.69640004;1.43447303;1.74230665;3.81300975;-0.22053638;0.00000000;0.00000000
819;81.90000000;0.00000000;18.13518848;7.63492826;1.43488295;1.71900980;3.79308560;-0.23308634;0.00000000;0.00000000
820;82.00000000;0.00000000;18.05504911;7.57516747;1.44010139;1.70340574;3.76639248;-0.28534145;0.00000000;0.00000000
821;82.10000000;0.00000000;17.97305320;7.51799952;1.44903975;1.69675369;3.73601731;-0.26739598;0.00000000;0.00000000
822;82.20000000;0.00000000;17.88943270;7.46321360;1.46192465;1.69885885;3.71291328;-0.19805042;0.00000000;0.00000000
823;82.30000000;0.00000000;17.80486954;7.40988546;1.47976574;1.70855127;3.69640722;-0.18261524;0.00000000;0.00000000
824;82.40000000;0.00000000;17.71948519;7.35788876;1.49214631;1.70470100;3.67639024;-0.23381918;0.00000000;0.00000000
825;82.50000000;0.00000000;17.63286504;7.30799346;1.49507199;1.69718398;3.64964339;-0.25580549;0.00000000;0.00000000
826;82.60000000;0.00000000;17.54482074;7.26063518;1.49503763;1.69844584;3.62522914;-0.24410036;0.00000000;0.00000000
827;82.70000000;0.00000000;17.45586297;7.21502459;1.49970934;1.67771493;3.60082331;-0.23194747;0.00000000;0.00000000
828;82.80000000;0.00000000;17.36561082;7.17201750;1.50811360;1.66280983;3.57883964;-0.16786330;0.00000000;0.00000000
829;82.90000000;0.00000000;17.27472769;7.13035803;1.52158293;1.65115179;3.56725065;-0.11255446;0.00000000;0.00000000
830;83.00000000;0.00000000;17.18350218;7.08945378;1.53504853;1.62806032;3.55632875;-0.15290676;0.00000000;0.00000000
831;83.10000000;0.00000000;17.09173152;7.04978964;1.54118932;1.61219582;3.53666930;-0.19693206;0.00000000;0.00000000
832;83.20000000;0.00000000;16.99897380;7.01250512;1.55120220;1.60499605;3.51694234;-0.17021747;0.00000000;0.00000000
833;83.30000000;0.00000000;16.90571051;6.97649169;1.56165902;1.60537424;3.50262581;-0.13952126;0.00000000;0.00000000
834;83.40000000;0.00000000;16.81192119;6.94187726;1.55783862;1.61345110;3.48903809;-0.14253340;0.00000000;0.00000000
835;83.50000000;0.00000000;16.71771410;6.90841138;1.55920664;1.61158926;3.47411913;-0.15968304;0.00000000;0.00000000
836;83.60000000;0.00000000;16.62293871;6.87661212;1.56521243;1.58874060;3.45710148;-0.14492535;0.00000000;0.00000000
837;83.70000000;0.00000000;16.52764675;6.84637104;1.57592020;1.57355579;3.44513406;-0.10502666;0.00000000;0.00000000
838;83.80000000;0.00000000;16.43213004;6.81684688;1.57787056;1.56537449;3.43609615;-0.11917456;0.00000000;0.00000000
839;83.90000000;0.00000000;16.33631054;6.78833419;1.57580209;1.56461143;3.42129915;-0.14273767;0.00000000;0.00000000
840;84.00000000;0.00000000;16.23996194;6.76164917;1.57817042;1.57211994;3.40754861;-0.10143721;0.00000000;0.00000000
841;84.10000000;0.00000000;16.14339031;6.73578094;1.58120557;1.56814566;3.40101171;-0.05412318;0.00000000;0.00000000
842;84.20000000;0.00000000;16.04670054;6.71035768;1.57137881;1.56597546;3.39672398;-0.07291239;0.00000000;0.00000000
843;84.30000000;0.00000000;15.94991063;6.68531853;1.56748129;1.57057669;3.38642923;-0.10972749;0.00000000;0.00000000
844;84.40000000;0.00000000;15.85272012;6.66189185;1.56829395;1.56899178;3.37477848;-0.07893291;0.00000000;0.00000000
845;84.50000000;0.00000000;15.75537326;6.63911467;1.57479856;1.55872000;3.37064265;-0.02498672;0.00000000;0.00000000
846;84.60000000;0.00000000;15.65799011;6.61649221;1.58742792;1.55498085;3.36978114;-0.02428998;0.00000000;0.00000000
847;84.70000000;0.00000000;15.56060394;6.59388274;1.60617962;1.55767611;3.36578465;-0.05280386;0.00000000;0.00000000
848;84.80000000;0.00000000;15.46304581;6.57204000;1.60009513;1.56753844;3.35922036;-0.03997751;0.00000000;0.00000000
849;84.90000000;0.00000000;15.36537139;6.55071100;1.59457999;1.57541692;3.35778915;0.00127685;0.00000000;0.00000000
850;85.00000000;0.00000000;15.26774841;6.52914701;1.59556376;1.57458436;3.35947574;0.00484854;0.00000000;0.00000000
851;85.10000000;0.00000000;15.17014633;6.50748863;1.60289139;1.57999352;3.35875886;-0.02365664;0.00000000;0.00000000
852;85.20000000;0.00000000;15.07249364;6.48606486;1.59987383;1.58611194;3.35474441;-0.01889088;0.00000000;0.00000000
853;85.30000000;0.00000000;14.97472106;6.46519086;1.59541669;1.56905445;3.35498068;0.03923558;0.00000000;0.00000000
854;85.40000000;0.00000000;14.87707826;6.44372090;1.59461345;1.55762923;3.36259152;0.07092140;0.00000000;0.00000000
855;85.50000000;0.00000000;14.77963488;6.42136114;1.59832782;1.54639377;3.36916496;0.02943349;0.00000000;0.00000000
856;85.60000000;0.00000000;14.68228244;6.39860930;1.58605150;1.54026703;3.36847822;0.00956992;0.00000000;0.00000000
857;85.70000000;0.00000000;14.58480879;6.37638348;1.57880510;1.54115668;3.37107894;0.05924623;0.00000000;0.00000000
858;85.80000000;0.00000000;14.48757620;6.35312562;1.57893202;1.54745951;3.38032747;0.01731980;0.00000000;0.00000000
859;85.90000000;0.00000000;14.39053173;6.32910107;1.58616141;1.55937631;3.37454290;-0.04509297;0.00000000;0.00000000
860;86.00000000;0.00000000;14.29303643;6.30696959;1.57799865;1.56799778;3.37130887;0.05004972;0.00000000;0.00000000
861;86.10000000;0.00000000;14.19583682;6.28357283;1.57360339;1.57553460;3.38455285;0.09134826;0.00000000;0.00000000
862;86.20000000;0.00000000;14.09896130;6.25886682;1.57689908;1.58186119;3.38957852;0.01028174;0.00000000;0.00000000
863;86.30000000;0.00000000;14.00200137;6.23449416;1.58615950;1.57746834;3.38660920;-0.02507556;0.00000000;0.00000000
864;86.40000000;0.00000000;13.90498084;6.21036390;1.58826101;1.57772412;3.38456341;0.02151048;0.00000000;0.00000000
865;86.50000000;0.00000000;13.80792200;6.18638816;1.58020494;1.58048657;3.39091129;0.06656582;0.00000000;0.00000000
866;86.60000000;0.00000000;13.71121652;6.16102835;1.57988078;1.57352977;3.39787658;-0.00782665;0.00000000;0.00000000
867;86.70000000;0.00000000;13.61450109;6.13570291;1.58583617;1.56371837;3.38934596;-0.05794260;0.00000000;0.00000000
868;86.80000000;0.00000000;13.51737846;6.11199699;1.57686382;1.56193423;3.38628806;0.01633484;0.00000000;0.00000000
869;86.90000000;0.00000000;13.42051187;6.08726398;1.57130424;1.56548556;3.39261293;0.06663027;0.00000000;0.00000000
870;87.00000000;0.00000000;13.32369457;6.06233082;1.57230153;1.57518193;3.39961411;0.04330749;0.00000000;0.00000000
871;87.10000000;0.00000000;13.22718419;6.03624402;1.58082463;1.58993956;3.40127443;0.00548972;0.00000000;0.00000000
872;87.20000000;0.00000000;13.13045320;6.01099030;1.59472963;1.59802182;3.40071206;0.03141088;0.00000000;0.00000000
873;87.30000000;0.00000000;13.03391464;5.98501235;1.59417948;1.59867241;3.40755661;0.04985467;0.00000000;0.00000000
874;87.40000000;0.00000000;12.93753542;5.95843607;1.59274443;1.58497408;3.41068299;0.01642585;0.00000000;0.00000000
875;87.50000000;0.00000000;12.84115777;5.93185404;1.59736785;1.57749928;3.41084178;0.00444848;0.00000000;0.00000000
876;87.60000000;0.00000000;12.74478700;5.90524715;1.58707012;1.57631668;3.41157269;0.00939356;0.00000000;0.00000000
877;87.70000000;0.00000000;12.64844834;5.87852428;1.56949077;1.58134618;3.41272049;0.00865579;0.00000000;0.00000000
878;87.80000000;0.00000000;12.55213890;5.85169623;1.55824918;1.57701089;3.41330384;-0.01631284;0.00000000;0.00000000
879;87.90000000;0.00000000;12.45583146;5.82486098;1.55338130;1.57095070;3.40945792;-0.04733885;0.00000000;0.00000000
880;88.00000000;0.00000000;12.35932224;5.79877553;1.55416363;1.57201710;3.40383608;-0.00928488;0.00000000;0.00000000
881;88.10000000;0.00000000;12.26272277;5.77302574;1.56101414;1.57976901;3.40760095;0.04643017;0.00000000;0.00000000
882;88.20000000;0.00000000;12.16640896;5.74621334;1.57320736;1.57671313;3.41312211;0.01418730;0.00000000;0.00000000
883;88.30000000;0.00000000;12.07009613;5.71939744;1.56553044;1.56844074;3.41043841;-0.04928929;0.00000000;0.00000000
884;88.40000000;0.00000000;11.97364291;5.69310323;1.56083738;1.56505815;3.40326425;-0.02479955;0.00000000;0.00000000
885;88.50000000;0.00000000;11.87695795;5.66767267;1.54531885;1.56894740;3.40547850;0.04449463;0.00000000;0.00000000
886;88.60000000;0.00000000;11.78061900;5.64095074;1.53749793;1.55890112;3.41216318;0.02576702;0.00000000;0.00000000
887;88.70000000;0.00000000;11.68427997;5.61422911;1.53615720;1.55024696;3.41063190;-0.05125518;0.00000000;0.00000000
888;88.80000000;0.00000000;11.58786140;5.58780283;1.54100892;1.54832040;3.40191214;-0.04247486;0.00000000;0.00000000
889;88.90000000;0.00000000;11.49107225;5.56276559;1.55087373;1.55427388;3.40213693;-0.00018870;0.00000000;0.00000000
890;89.00000000;0.00000000;11.39466447;5.53629568;1.56370330;1.56513148;3.40187440;-0.03736877;0.00000000;0.00000000
891;89.10000000;0.00000000;11.29786097;5.51130894;1.55620829;1.58374520;3.39466317;-0.03424978;0.00000000;0.00000000
892;89.20000000;0.00000000;11.20108080;5.48623199;1.55521083;1.59900630;3.39502445;0.04189256;0.00000000;0.00000000
893;89.30000000;0.00000000;11.10429538;5.46117531;1.56060969;1.58925506;3.40304168;0.08179957;0.00000000;0.00000000
894;89.40000000;0.00000000;11.00793032;5.43455000;1.55564121;1.58413546;3.41138436;0.00383021;0.00000000;0.00000000
895;89.50000000;0.00000000;10.91157643;5.40788199;1.55163927;1.58527261;3.40380773;-0.08319349;0.00000000;0.00000000
896;89.60000000;0.00000000;10.81482000;5.38272020;1.55251468;1.59424591;3.39474566;-0.01772120;0.00000000;0.00000000
897;89.70000000;0.00000000;10.71799863;5.35780279;1.55955928;1.59091475;3.40026349;0.03655329;0.00000000;0.00000000
898;89.80000000;0.00000000;10.62152621;5.33157489;1.57026901;1.58795145;3.40205632;-0.02470602;0.00000000;0.00000000
899;89.90000000;0.00000000;10.52479719;5.30631111;1.56645276;1.59227132;3.39532228;-0.04356678;0.00000000;0.00000000
900;90.00000000;0.00000000;10.42797824;5.28138432;1.56423499;1.60171302;3.39334297;0.01623632;0.00000000;0.00000000
901;90.10000000;0.00000000;10.33114758;5.25650304;1.54912427;1.58977963;3.39856955;0.03911879;0.00000000;0.00000000
902;90.20000000;0.00000000;10.23459733;5.23056631;1.54145814;1.58288167;3.40116672;-0.01667154;0.00000000;0.00000000
903;90.30000000;0.00000000;10.13790050;5.20518328;1.53968370;1.58285530;3.39523524;-0.04654339;0.00000000;0.00000000
904;90.40000000;0.00000000;10.04104651;5.18039298;1.54378120;1.58974140;3.39185805;-0.01979835;0.00000000;0.00000000
905;90.50000000;0.00000000;9.94417716;5.15566282;1.54777162;1.58059920;3.39127557;-0.00333786;0.00000000;0.00000000
906;90.60000000;0.00000000;9.84729435;5.13098536;1.54052716;1.57660950;3.39119047;-0.01850147;0.00000000;0.00000000
907;90.70000000;0.00000000;9.75042079;5.10627169;1.53979105;1.57891540;3.38757528;-0.05815711;0.00000000;0.00000000
908;90.80000000;0.00000000;9.65336547;5.08229623;1.54477761;1.58828082;3.37955905;-0.04133611;0.00000000;0.00000000
909;90.90000000;0.00000000;9.55610816;5.05913876;1.55535035;1.60466301;3.37930805;0.04479457;0.00000000;0.00000000
910;91.00000000;0.00000000;9.45904124;5.03521212;1.55009083;1.61438060;3.38851796;0.07405408;0.00000000;0.00000000
911;91.10000000;0.00000000;9.36222695;5.01026725;1.54520570;1.61674066;3.39411887;0.03382946;0.00000000;0.00000000
912;91.20000000;0.00000000;9.26543037;4.98525382;1.54685134;1.60351814;3.39528386;0.01465536;0.00000000;0.00000000
913;91.30000000;0.00000000;9.16867451;4.96008346;1.55057923;1.59629691;3.39704994;0.00522329;0.00000000;0.00000000
914;91.40000000;0.00000000;9.07196687;4.93472827;1.54144219;1.59512959;3.39632851;-0.03145628;0.00000000;0.00000000
915;91.50000000;0.00000000;8.97517720;4.90969817;1.53842481;1.60055371;3.39075869;-0.00884290;0.00000000;0.00000000
916;91.60000000;0.00000000;8.87819630;4.88542262;1.54112040;1.60825412;3.39455993;0.05528938;0.00000000;0.00000000
917;91.70000000;0.00000000;8.78159728;4.85965678;1.55179733;1.60216944;3.40181656;0.00174077;0.00000000;0.00000000
918;91.80000000;0.00000000;8.68497726;4.83397587;1.56014756;1.60239914;3.39490809;-0.05891244;0.00000000;0.00000000
919;91.90000000;0.00000000;8.58803146;4.80954713;1.55780889;1.61014059;3.39003407;0.02441977;0.00000000;0.00000000
920;92.00000000;0.00000000;8.49116559;4.78480926;1.55650927;1.60479659;3.39979204;0.05467083;0.00000000;0.00000000
921;92.10000000;0.00000000;8.39471550;4.75849347;1.56324718;1.59387986;3.40096824;-0.02328151;0.00000000;0.00000000
922;92.20000000;0.00000000;8.29790667;4.73352742;1.55644171;1.59058634;3.39513574;0.02470795;0.00000000;0.00000000
923;92.30000000;0.00000000;8.20115562;4.70833834;1.55095839;1.59334065;3.40590983;0.10752568;0.00000000;0.00000000
924;92.40000000;0.00000000;8.10490741;4.68129225;1.55383099;1.58151027;3.41664087;0.06160662;0.00000000;0.00000000
925;92.50000000;0.00000000;8.00871922;4.65403266;1.56332593;1.55885075;3.41823116;0.01011585;0.00000000;0.00000000
926;92.60000000;0.00000000;7.91255730;4.62668052;1.56780559;1.54225582;3.41866405;0.03664853;0.00000000;0.00000000
927;92.70000000;0.00000000;7.81639274;4.59933766;1.56624535;1.53202819;3.42556086;0.04427323;0.00000000;0.00000000
928;92.80000000;0.00000000;7.72061915;4.57066230;1.57244186;1.52689749;3.42751869;-0.02279287;0.00000000;0.00000000
929;92.90000000;0.00000000;7.62456456;4.54294374;1.58394701;1.52929925;3.42100229;-0.04074653;0.00000000;0.00000000
930;93.00000000;0.00000000;7.52842349;4.51551843;1.58980404;1.53851240;3.41936939;0.01826921;0.00000000;0.00000000
931;93.10000000;0.00000000;7.43227671;4.48811310;1.58411415;1.54718273;3.42465613;0.06620101;0.00000000;0.00000000
932;93.20000000;0.00000000;7.33643389;4.45967364;1.58580035;1.54428240;3.43260959;0.04947314;0.00000000;0.00000000
933;93.30000000;0.00000000;7.24073519;4.43074246;1.59427766;1.54053040;3.43455076;0.00100736;0.00000000;0.00000000
934;93.40000000;0.00000000;7.14500064;4.40193026;1.59450172;1.52585028;3.43281106;-0.00043984;0.00000000;0.00000000
935;93.50000000;0.00000000;7.04920195;4.37333225;1.59180717;1.51785134;3.43446279;0.01961551;0.00000000;0.00000000
936;93.60000000;0.00000000;6.95356545;4.34420466;1.59593785;1.51586193;3.43673416;-0.01934245;0.00000000;0.00000000
937;93.70000000;0.00000000;6.85790172;4.31517301;1.60619314;1.52055694;3.43059430;-0.06430872;0.00000000;0.00000000
938;93.80000000;0.00000000;6.76191242;4.28722126;1.61286271;1.53289196;3.42387242;-0.03267897;0.00000000;0.00000000
939;93.90000000;0.00000000;6.66586296;4.25947712;1.59381590;1.55179479;3.42405851;0.02941753;0.00000000;0.00000000
940;94.00000000;0.00000000;6.56988609;4.23149023;1.58112635;1.56827754;3.42975592;0.04299072;0.00000000;0.00000000
941;94.10000000;0.00000000;6.47415899;4.20265345;1.57557954;1.56327910;3.43265665;0.00508177;0.00000000;0.00000000
942;94.20000000;0.00000000;6.37834417;4.17410965;1.57606102;1.56497130;3.43077228;0.01947777;0.00000000;0.00000000
943;94.30000000;0.00000000;6.28251021;4.14563419;1.58279890;1.56668804;3.43655220;0.08390880;0.00000000;0.00000000
944;94.40000000;0.00000000;6.18703242;4.11598493;1.59699350;1.55619221;3.44755404;0.06290523;0.00000000;0.00000000
945;94.50000000;0.00000000;6.09184713;4.08540749;1.58957499;1.55110524;3.44913325;-0.02740046;0.00000000;0.00000000
946;94.60000000;0.00000000;5.99646277;4.05545660;1.57580664;1.55310990;3.44207395;-0.03136042;0.00000000;0.00000000
947;94.70000000;0.00000000;5.90085510;4.02622600;1.56754993;1.56227480;3.44286116;0.00917063;0.00000000;0.00000000
948;94.80000000;0.00000000;5.80551794;3.99612495;1.56655804;1.57683776;3.44390808;-0.03235633;0.00000000;0.00000000
949;94.90000000;0.00000000;5.70997183;3.96669427;1.57123717;1.58089749;3.43638990;-0.04576249;0.00000000;0.00000000
950;95.00000000;0.00000000;5.61419314;3.93803017;1.58143870;1.56841301;3.43475558;0.01773180;0.00000000;0.00000000
951;95.10000000;0.00000000;5.51855146;3.90891200;1.58231674;1.56176544;3.43993626;0.02202947;0.00000000;0.00000000
952;95.20000000;0.00000000;5.42307483;3.87925704;1.58259529;1.56094225;3.43916147;-0.04941942;0.00000000;0.00000000
953;95.30000000;0.00000000;5.32738893;3.85028734;1.58846241;1.56722567;3.43005237;-0.10288681;0.00000000;0.00000000
954;95.40000000;0.00000000;5.23138903;3.82237693;1.59947187;1.58091350;3.41858411;-0.08969143;0.00000000;0.00000000
955;95.50000000;0.00000000;5.13506452;3.79560954;1.58919869;1.58382478;3.41211409;-0.02447968;0.00000000;0.00000000
956;95.60000000;0.00000000;5.03871040;3.76894338;1.57070388;1.58803975;3.41368817;0.00170007;0.00000000;0.00000000
957;95.70000000;0.00000000;4.94246915;3.74187245;1.55883416;1.59809224;3.41245410;-0.05981248;0.00000000;0.00000000
958;95.80000000;0.00000000;4.84605188;3.71544484;1.55265482;1.61493915;3.40172568;-0.10676007;0.00000000;0.00000000
959;95.90000000;0.00000000;4.74925474;3.69044574;1.55142273;1.61785252;3.39110209;-0.06497801;0.00000000;0.00000000
960;96.00000000;0.00000000;4.65229517;3.66607187;1.55018336;1.61474901;3.38873008;-0.00701392;0.00000000;0.00000000
961;96.10000000;0.00000000;4.55537758;3.64153151;1.54337645;1.61765817;3.38969930;-0.01672688;0.00000000;0.00000000
962;96.20000000;0.00000000;4.45846540;3.61696973;1.54292262;1.62669624;3.38538470;-0.06147319;0.00000000;0.00000000
963;96.30000000;0.00000000;4.36134448;3.59326780;1.54214620;1.64265237;3.37740467;-0.05374419;0.00000000;0.00000000
964;96.40000000;0.00000000;4.26405490;3.57025630;1.54662389;1.66207593;3.37463586;-0.04961226;0.00000000;0.00000000
965;96.50000000;0.00000000;4.16680438;3.54709260;1.53413074;1.65503105;3.36748221;-0.09061339;0.00000000;0.00000000
966;96.60000000;0.00000000;4.06919359;3.52547489;1.52650285;1.64606157;3.35651318;-0.07859045;0.00000000;0.00000000
967;96.70000000;0.00000000;3.97145393;3.50444917;1.51416157;1.64374308;3.35176412;-0.03410228;0.00000000;0.00000000
968;96.80000000;0.00000000;3.87364258;3.48375961;1.50042378;1.64784227;3.34969273;-0.07026788;0.00000000;0.00000000
969;96.90000000;0.00000000;3.77582286;3.46314030;1.49319742;1.65803982;3.33771055;-0.14662578;0.00000000;0.00000000
970;97.00000000;0.00000000;3.67754424;3.44480045;1.49032160;1.65604344;3.32036757;-0.14028764;0.00000000;0.00000000
971;97.10000000;0.00000000;3.57906289;3.42758495;1.46828429;1.65341673;3.30965302;-0.07934181;0.00000000;0.00000000
972;97.20000000;0.00000000;3.48041287;3.41135500;1.45170248;1.65782702;3.30449921;-0.05850016;0.00000000;0.00000000
973;97.30000000;0.00000000;3.38175968;3.39515558;1.44184746;1.66431107;3.29795299;-0.06964897;0.00000000;0.00000000
974;97.40000000;0.00000000;3.28290555;3.38021853;1.43760943;1.67635528;3.29056941;-0.08729708;0.00000000;0.00000000
975;97.50000000;0.00000000;3.18402419;3.36547770;1.44011745;1.68096272;3.28049357;-0.14656375;0.00000000;0.00000000
976;97.60000000;0.00000000;3.08489174;3.35253597;1.44772921;1.68453421;3.26125666;-0.20295520;0.00000000;0.00000000
977;97.70000000;0.00000000;2.98551742;3.34160955;1.45866532;1.69601992;3.23990253;-0.21712138;0.00000000;0.00000000
978;97.80000000;0.00000000;2.88592375;3.33291219;1.46736861;1.71546094;3.21783239;-0.18762367;0.00000000;0.00000000
979;97.90000000;0.00000000;2.78616129;3.32638118;1.47390269;1.72669612;3.20237780;-0.16506159;0.00000000;0.00000000
980;98.00000000;0.00000000;2.68634674;3.32076591;1.47952018;1.72108524;3.18482007;-0.21524361;0.00000000;0.00000000
981;98.10000000;0.00000000;2.58642066;3.31774152;1.48254510;1.71806263;3.15932907;-0.22015352;0.00000000;0.00000000
982;98.20000000;0.00000000;2.48644628;3.31722002;1.48306667;1.71754151;3.14078937;-0.19429069;0.00000000;0.00000000
983;98.30000000;0.00000000;2.38647706;3.31790214;1.48238495;1.71822388;3.12047094;-0.24802595;0.00000000;0.00000000
984;98.40000000;0.00000000;2.28656869;3.32144241;1.47884684;1.72176506;3.09118418;-0.29314762;0.00000000;0.00000000
985;98.50000000;0.00000000;2.18681170;3.32797550;1.47231954;1.72830142;3.06184141;-0.25623570;0.00000000;0.00000000
986;98.60000000;0.00000000;2.08727872;3.33736981;1.46293624;1.73770285;3.03993704;-0.22496200;0.00000000;0.00000000
987;98.70000000;0.00000000;1.98790323;3.34826560;1.45205538;1.74860861;3.01684901;-0.26796380;0.00000000;0.00000000
988;98.80000000;0.00000000;1.88891417;3.36224368;1.43810184;1.76260391;2.98634428;-0.26525273;0.00000000;0.00000000
989;98.90000000;0.00000000;1.79038357;3.37917897;1.42240161;1.75079844;2.96379847;-0.22514426;0.00000000;0.00000000
990;99.00000000;0.00000000;1.69212377;3.39760526;1.41210202;1.74349354;2.94131542;-0.22102794;0.00000000;0.00000000
991;99.10000000;0.00000000;1.59445365;3.41895248;1.40585920;1.74015573;2.91959288;-0.21680688;0.00000000;0.00000000
992;99.20000000;0.00000000;1.49708459;3.44162953;1.40534932;1.73261258;2.89795405;-0.25901864;0.00000000;0.00000000
993;99.30000000;0.00000000;1.40042901;3.46718248;1.40898416;1.72581712;2.86778915;-0.30157412;0.00000000;0.00000000
994;99.40000000;0.00000000;1.30460327;3.49568932;1.41320915;1.70396967;2.83763922;-0.25878046;0.00000000;0.00000000
995;99.50000000;0.00000000;1.20966535;3.52701994;1.41841001;1.69052270;2.81603306;-0.20672603;0.00000000;0.00000000
996;99.60000000;0.00000000;1.11516110;3.55963950;1.42582929;1.68427619;2.79629402;-0.23091344;0.00000000;0.00000000
997;99.70000000;0.00000000;1.02153705;3.59469153;1.42814584;1.68653706;2.76985037;-0.23743042;0.00000000;0.00000000
998;99.80000000;0.00000000;0.92889543;3.63225869;1.43474554;1.69738150;2.74880793;-0.18290833;0.00000000;0.00000000
999;99.90000000;0.00000000;0.83682516;3.67122024;1.44674602;1.69309697;2.73326870;-0.17068235;0.00000000;0.00000000
1000;100.00000000;0.00000000;0.74539336;3.71164903;1.46383031;1.68608491;2.71467146;-0.19080940;0.00000000;0.00000000
1001;100.10000000;0.00000000;0.65484241;3.75400417;1.46750477;1.68710257;2.69510682;-0.18183021;0.00000000;0.00000000
1002;100.20000000;0.00000000;0.56505891;3.79798021;1.47499686;1.69581295;2.67830542;-0.20108678;0.00000000;0.00000000
1003;100.30000000;0.00000000;0.47598516;3.84335224;1.46287806;1.71187070;2.65488947;-0.24676270;0.00000000;0.00000000
1004;100.40000000;0.00000000;0.38835885;3.89148296;1.45441633;1.69603063;2.62895288;-0.19816922;0.00000000;0.00000000
1005;100.50000000;0.00000000;0.30174669;3.94141880;1.45073082;1.68524726;2.61525562;-0.12379308;0.00000000;0.00000000
1006;100.60000000;0.00000000;0.21547045;3.99193234;1.45325994;1.68102149;2.60419427;-0.13423705;0.00000000;0.00000000
1007;100.70000000;0.00000000;0.12998743;4.04376992;1.45970192;1.68161696;2.58840821;-0.16911128;0.00000000;0.00000000
1008;100.80000000;0.00000000;0.04535250;4.09697937;1.46628480;1.68687051;2.57037201;-0.19532619;0.00000000;0.00000000
1009;100.90000000;0.00000000;-0.03819935;4.15186223;1.47763876;1.69068074;2.54934298;-0.19572044;0.00000000;0.00000000
1010;101.00000000;0.00000000;-0.12052469;4.20858466;1.49343896;1.68948063;2.53122792;-0.16330798;0.00000000;0.00000000
1011;101.10000000;0.00000000;-0.20204272;4.26646442;1.48309878;1.67885814;2.51668138;-0.14009459;0.00000000;0.00000000
1012;101.20000000;0.00000000;-0.28268394;4.32555816;1.47742872;1.67564649;2.50320900;-0.12446356;0.00000000;0.00000000
1013;101.30000000;0.00000000;-0.36261090;4.38561155;1.47731712;1.67958820;2.49178867;-0.10872767;0.00000000;0.00000000
1014;101.40000000;0.00000000;-0.44188035;4.44653074;1.48287379;1.69052456;2.48146347;-0.10037508;0.00000000;0.00000000
1015;101.50000000;0.00000000;-0.52055151;4.50822273;1.49414372;1.68847811;2.47171365;-0.09866413;0.00000000;0.00000000
1016;101.60000000;0.00000000;-0.59861986;4.57067741;1.50516482;1.67744672;2.46173064;-0.11106478;0.00000000;0.00000000
1017;101.70000000;0.00000000;-0.67604403;4.63392804;1.51517109;1.66743244;2.44950070;-0.12371860;0.00000000;0.00000000
1018;101.80000000;0.00000000;-0.75255753;4.69827005;1.52376560;1.65883213;2.43698692;-0.10513815;0.00000000;0.00000000
1019;101.90000000;0.00000000;-0.82837441;4.76343816;1.53694828;1.65130729;2.42847307;-0.10330318;0.00000000;0.00000000
1020;102.00000000;0.00000000;-0.90378508;4.82907698;1.55106631;1.64440189;2.41632629;-0.11717581;0.00000000;0.00000000
1021;102.10000000;0.00000000;-0.97799722;4.89606812;1.54641839;1.63929850;2.40503790;-0.08641573;0.00000000;0.00000000
1022;102.20000000;0.00000000;-1.05190665;4.96339238;1.54752209;1.63464437;2.39904314;-0.07439190;0.00000000;0.00000000
1023;102.30000000;0.00000000;-1.12530825;5.03126659;1.55143081;1.63073771;2.39015953;-0.05503256;0.00000000;0.00000000
1024;102.40000000;0.00000000;-1.19801027;5.09989363;1.55431240;1.62785738;2.38803663;-0.00001931;0.00000000;0.00000000
1025;102.50000000;0.00000000;-1.27112503;5.16808075;1.55779697;1.62437451;2.39015566;0.00170454;0.00000000;0.00000000
1026;102.60000000;0.00000000;-1.34411717;5.23639899;1.56396319;1.62107095;2.38837753;-0.01760661;0.00000000;0.00000000
1027;102.70000000;0.00000000;-1.41698894;5.30484566;1.57108823;1.61794322;2.38663434;-0.03969259;0.00000000;0.00000000
1028;102.80000000;0.00000000;-1.48974253;5.37341804;1.56787706;1.61498785;2.38043902;-0.07287761;0.00000000;0.00000000
1029;102.90000000;0.00000000;-1.56176044;5.44276219;1.56976759;1.61309791;2.37205882;-0.06616736;0.00000000;0.00000000
1030;103.00000000;0.00000000;-1.63335380;5.51254350;1.57104880;1.61181709;2.36720554;-0.03060631;0.00000000;0.00000000
1031;103.10000000;0.00000000;-1.70469546;5.58258363;1.57216945;1.61089713;2.36593756;-0.01875454;0.00000000;0.00000000
1032;103.20000000;0.00000000;-1.77611238;5.65254703;1.57973648;1.60986973;2.36345464;-0.04815471;0.00000000;0.00000000
1033;103.30000000;0.00000000;-1.84710512;5.72294033;1.57781816;1.58851393;2.35630661;-0.07780580;0.00000000;0.00000000
1034;103.40000000;0.00000000;-1.91751251;5.79391545;1.57479730;1.56702632;2.34789348;-0.07488434;0.00000000;0.00000000
1035;103.50000000;0.00000000;-1.98731100;5.86549345;1.57110646;1.55254507;2.34132975;-0.04959340;0.00000000;0.00000000
1036;103.60000000;0.00000000;-2.05678266;5.93738882;1.57331609;1.54486802;2.33797480;-0.02065302;0.00000000;0.00000000
1037;103.70000000;0.00000000;-2.12609927;6.00943351;1.57278043;1.54385659;2.33719914;0.01058290;0.00000000;0.00000000
1038;103.80000000;0.00000000;-2.19545900;6.08143624;1.56583445;1.54572537;2.34009138;0.02473635;0.00000000;0.00000000
1039;103.90000000;0.00000000;-2.26519127;6.15307886;1.56448417;1.55059569;2.34214641;0.00751299;0.00000000;0.00000000
1040;104.00000000;0.00000000;-2.33484666;6.22479622;1.56302673;1.56196958;2.34159398;-0.00226198;0.00000000;0.00000000
1041;104.10000000;0.00000000;-2.40449973;6.29651584;1.56285625;1.57960485;2.34169402;0.00300144;0.00000000;0.00000000
1042;104.20000000;0.00000000;-2.47416947;6.36821927;1.56909205;1.60326937;2.34219426;0.00652589;0.00000000;0.00000000
1043;104.30000000;0.00000000;-2.54389427;6.43986917;1.56786252;1.61008383;2.34299919;0.00913929;0.00000000;0.00000000
1044;104.40000000;0.00000000;-2.61367934;6.51146033;1.55883542;1.59017794;2.34402212;0.01347968;0.00000000;0.00000000
1045;104.50000000;0.00000000;-2.68355051;6.58296738;1.55631232;1.57317622;2.34569513;0.02368578;0.00000000;0.00000000
1046;104.60000000;0.00000000;-2.75357475;6.65432465;1.56041828;1.56218574;2.34875928;0.03441834;0.00000000;0.00000000
1047;104.70000000;0.00000000;-2.82388281;6.72540214;1.55864264;1.55714949;2.35257880;0.03855665;0.00000000;0.00000000
1048;104.80000000;0.00000000;-2.89444975;6.79622207;1.55443464;1.55815857;2.35647061;0.04750502;0.00000000;0.00000000
1049;104.90000000;0.00000000;-2.96530875;6.86675001;1.55466879;1.56515370;2.36207980;0.04475585;0.00000000;0.00000000
1050;105.00000000;0.00000000;-3.03666608;6.93677420;1.55800237;1.57776338;2.36542178;0.02548903;0.00000000;0.00000000
1051;105.10000000;0.00000000;-3.10799514;7.00682717;1.56767751;1.56502265;2.36717761;0.03658241;0.00000000;0.00000000
1052;105.20000000;0.00000000;-3.17959701;7.07659946;1.58400148;1.55549907;2.37273826;0.09819007;0.00000000;0.00000000
1053;105.30000000;0.00000000;-3.25170003;7.14585419;1.60708936;1.55164835;2.38681562;0.14671432;0.00000000;0.00000000
1054;105.40000000;0.00000000;-3.32523861;7.21358403;1.63466938;1.54754000;2.40208113;0.11383570;0.00000000;0.00000000
1055;105.50000000;0.00000000;-3.39942152;7.28060488;1.63341347;1.54247417;2.40958276;0.05835183;0.00000000;0.00000000
1056;105.60000000;0.00000000;-3.47396780;7.34722369;1.61397413;1.54147872;2.41375149;0.03840194;0.00000000;0.00000000
1057;105.70000000;0.00000000;-3.54870816;7.41362483;1.60084495;1.54666682;2.41726315;0.06195316;0.00000000;0.00000000
1058;105.80000000;0.00000000;-3.62372064;7.47971858;1.59430081;1.55785904;2.42614212;0.09584757;0.00000000;0.00000000
1059;105.90000000;0.00000000;-3.69962679;7.54478077;1.59537648;1.57399113;2.43643267;0.09021772;0.00000000;0.00000000
1060;106.00000000;0.00000000;-3.77598307;7.60931639;1.60338873;1.57997122;2.44418567;0.09695291;0.00000000;0.00000000
1061;106.10000000;0.00000000;-3.85288759;7.67319269;1.61258566;1.57074958;2.45582325;0.11917790;0.00000000;0.00000000
1062;106.20000000;0.00000000;-3.93072554;7.73593418;1.62897752;1.56006179;2.46802125;0.12719987;0.00000000;0.00000000
1063;106.30000000;0.00000000;-4.00916838;7.79791785;1.63728333;1.55469040;2.48126322;0.13388311;0.00000000;0.00000000
1064;106.40000000;0.00000000;-4.08863728;7.85857363;1.64553483;1.55406120;2.49479787;0.12425221;0.00000000;0.00000000
1065;106.50000000;0.00000000;-4.16872806;7.91841080;1.63397619;1.55882817;2.50611366;0.13113036;0.00000000;0.00000000
1066;106.60000000;0.00000000;-4.24954754;7.97725141;1.62971888;1.56873633;2.52102394;0.14526321;0.00000000;0.00000000
1067;106.70000000;0.00000000;-4.33138694;8.03467415;1.63333123;1.55962542;2.53516631;0.10019212;0.00000000;0.00000000
1068;106.80000000;0.00000000;-4.41384334;8.09120907;1.64410198;1.54902661;2.54106237;0.06155468;0.00000000;0.00000000
1069;106.90000000;0.00000000;-4.49635498;8.14766333;1.66092764;1.54474072;2.54747724;0.09403790;0.00000000;0.00000000
1070;107.00000000;0.00000000;-4.57952823;8.20313460;1.65908011;1.54573424;2.55986995;0.12800159;0.00000000;0.00000000
1071;107.10000000;0.00000000;-4.66341112;8.25752503;1.64516476;1.55188902;2.57307756;0.13481967;0.00000000;0.00000000
1072;107.20000000;0.00000000;-4.74801939;8.31077949;1.63821361;1.54121474;2.58683388;0.14029687;0.00000000;0.00000000
1073;107.30000000;0.00000000;-4.83336681;8.36284181;1.63875050;1.53313933;2.60113693;0.14572932;0.00000000;0.00000000
1074;107.40000000;0.00000000;-4.91946484;8.41365520;1.64682227;1.53010387;2.61597974;0.15561420;0.00000000;0.00000000
1075;107.50000000;0.00000000;-5.00632221;8.46316267;1.65958551;1.53208575;2.63225977;0.16601185;0.00000000;0.00000000
1076;107.60000000;0.00000000;-5.09403048;8.51114718;1.64910093;1.53883255;2.64918211;0.13910530;0.00000000;0.00000000
1077;107.70000000;0.00000000;-5.18251232;8.55768664;1.64627706;1.55038415;2.66008083;0.10517755;0.00000000;0.00000000
1078;107.80000000;0.00000000;-5.27124546;8.60374802;1.64943840;1.54962224;2.67021762;0.13432330;0.00000000;0.00000000
1079;107.90000000;0.00000000;-5.36064985;8.64848279;1.64951402;1.54214110;2.68694549;0.17752244;0.00000000;0.00000000
1080;108.00000000;0.00000000;-5.45086949;8.69154816;1.64753867;1.53926461;2.70572211;0.18955202;0.00000000;0.00000000
1081;108.10000000;0.00000000;-5.54188954;8.73289438;1.62981972;1.54098099;2.72485590;0.19282252;0.00000000;0.00000000
1082;108.20000000;0.00000000;-5.63369060;8.77247653;1.62001780;1.53664444;2.74428661;0.19545375;0.00000000;0.00000000
1083;108.30000000;0.00000000;-5.72624875;8.81025543;1.61830697;1.53545946;2.76394665;0.19737480;0.00000000;0.00000000
1084;108.40000000;0.00000000;-5.81953570;8.84619863;1.62473281;1.53880441;2.78376157;0.19208013;0.00000000;0.00000000
1085;108.50000000;0.00000000;-5.91351914;8.88028120;1.63102709;1.54663717;2.80236268;0.15323185;0.00000000;0.00000000
1086;108.60000000;0.00000000;-6.00808242;8.91273125;1.60766652;1.54193109;2.81440794;0.13059651;0.00000000;0.00000000
1087;108.70000000;0.00000000;-6.10286075;8.94454039;1.59092887;1.53632791;2.82848198;0.17679958;0.00000000;0.00000000
1088;108.80000000;0.00000000;-6.19829859;8.97431579;1.58248393;1.53508291;2.84976786;0.21216620;0.00000000;0.00000000
1089;108.90000000;0.00000000;-6.29434666;9.00206298;1.58244856;1.53307295;2.87091522;0.17041751;0.00000000;0.00000000
1090;109.00000000;0.00000000;-6.39095956;9.02777682;1.59081589;1.52252074;2.88385136;0.13022821;0.00000000;0.00000000
1091;109.10000000;0.00000000;-6.48769384;9.05303016;1.60584625;1.51801537;2.89696086;0.17187206;0.00000000;0.00000000
1092;109.20000000;0.00000000;-6.58494654;9.07620207;1.62896918;1.51794324;2.91822577;0.17309562;0.00000000;0.00000000
1093;109.30000000;0.00000000;-6.68266534;9.09731936;1.62275896;1.52234292;2.93157998;0.09384415;0.00000000;0.00000000
1094;109.40000000;0.00000000;-6.78050320;9.11788609;1.62086814;1.53152856;2.93699460;0.08973164;0.00000000;0.00000000
1095;109.50000000;0.00000000;-6.87844649;9.13794425;1.62209348;1.54159409;2.94952631;0.13290854;0.00000000;0.00000000
1096;109.60000000;0.00000000;-6.97676537;9.15605191;1.62922994;1.52887424;2.96357631;0.13726316;0.00000000;0.00000000
1097;109.70000000;0.00000000;-7.07523350;9.17335035;1.62905975;1.51855485;2.97697895;0.16183200;0.00000000;0.00000000
1098;109.80000000;0.00000000;-7.17400156;9.18881617;1.62203918;1.51292101;2.99594271;0.16129006;0.00000000;0.00000000
1099;109.90000000;0.00000000;-7.27305156;9.20236802;1.62309843;1.51194882;3.00923696;0.12427378;0.00000000;0.00000000
1100;110.00000000;0.00000000;-7.37220041;9.21520318;1.63101883;1.51685570;3.02079747;0.15075226;0.00000000;0.00000000
1101;110.10000000;0.00000000;-7.47153634;9.22646133;1.64655053;1.52672765;3.03938741;0.20117570;0.00000000;0.00000000
1102;110.20000000;0.00000000;-7.57108910;9.23560173;1.66460109;1.53585841;3.06103261;0.18502507;0.00000000;0.00000000
1103;110.30000000;0.00000000;-7.67081849;9.24255033;1.65764939;1.54280115;3.07639242;0.13790299;0.00000000;0.00000000
1104;110.40000000;0.00000000;-7.77060969;9.24862898;1.65156850;1.54887527;3.08861320;0.11873934;0.00000000;0.00000000
1105;110.50000000;0.00000000;-7.87047966;9.25313818;1.64705810;1.55338163;3.10014029;0.11510798;0.00000000;0.00000000
1106;110.60000000;0.00000000;-7.97038454;9.25691486;1.64328065;1.55715624;3.11163480;0.12020862;0.00000000;0.00000000
1107;110.70000000;0.00000000;-8.07033149;9.25912710;1.64106813;1.55936739;3.12418201;0.09727401;0.00000000;0.00000000
1108;110.80000000;0.00000000;-8.17029951;9.26039586;1.63979928;1.56063559;3.13108960;0.05636143;0.00000000;0.00000000
1109;110.90000000;0.00000000;-8.27027212;9.26122716;1.63896792;1.56146647;3.13545430;0.07782258;0.00000000;0.00000000
1110;111.00000000;0.00000000;-8.37024741;9.26162323;1.63857179;1.56186223;3.14665412;0.16029151;0.00000000;0.00000000
1111;111.10000000;0.00000000;-8.47020782;9.26021519;1.63997932;1.56045391;3.16751260;0.18745493;0.00000000;0.00000000
1112;111.20000000;0.00000000;-8.57010702;9.25644172;1.64375106;1.55667944;3.18414510;0.14986709;0.00000000;0.00000000
1113;111.30000000;0.00000000;-8.66997110;9.25170964;1.64848078;1.55194589;3.19748602;0.13545268;0.00000000;0.00000000
1114;111.40000000;0.00000000;-8.76973440;9.24527224;1.65491413;1.54550554;3.21123564;0.13732830;0.00000000;0.00000000
1115;111.50000000;0.00000000;-8.86943048;9.23779619;1.66238509;1.53802553;3.22495168;0.13875455;0.00000000;0.00000000
1116;111.60000000;0.00000000;-8.96897986;9.22862475;1.65975904;1.52884789;3.23898655;0.14309070;0.00000000;0.00000000
1117;111.70000000;0.00000000;-9.06842670;9.21835366;1.64036182;1.51856907;3.25356982;0.15091068;0.00000000;0.00000000
1118;111.80000000;0.00000000;-9.16766463;9.20628314;1.62869169;1.51144739;3.26916869;0.12659258;0.00000000;0.00000000
1119;111.90000000;0.00000000;-9.26674256;9.19291515;1.62441323;1.50961411;3.27888833;0.07453612;0.00000000;0.00000000
1120;112.00000000;0.00000000;-9.36573354;9.17891696;1.62691644;1.51375890;3.28407591;0.07073480;0.00000000;0.00000000
1121;112.10000000;0.00000000;-9.46466793;9.16452169;1.63593681;1.52406582;3.29303530;0.13677201;0.00000000;0.00000000
1122;112.20000000;0.00000000;-9.56338610;9.14875298;1.62936687;1.53943856;3.31143031;0.18223706;0.00000000;0.00000000
1123;112.30000000;0.00000000;-9.66171697;9.13072981;1.61948077;1.54009526;3.32948271;0.15334600;0.00000000;0.00000000
1124;112.40000000;0.00000000;-9.75980799;9.11140675;1.61705296;1.53435145;3.34209951;0.14703333;0.00000000;0.00000000
1125;112.50000000;0.00000000;-9.85765306;9.09090820;1.62199722;1.53391053;3.35888937;0.19022168;0.00000000;0.00000000
1126;112.60000000;0.00000000;-9.95503520;9.06830397;1.62039351;1.53782436;3.38014385;0.21888624;0.00000000;0.00000000
1127;112.70000000;0.00000000;-10.05192071;9.04366586;1.60171568;1.54611981;3.40266662;0.22396653;0.00000000;0.00000000
1128;112.80000000;0.00000000;-10.14818485;9.01669982;1.59151995;1.55841147;3.42493715;0.17700289;0.00000000;0.00000000
1129;112.90000000;0.00000000;-10.24388389;8.98777024;1.58960940;1.56451493;3.43806720;0.12713979;0.00000000;0.00000000
1130;113.00000000;0.00000000;-10.33941100;8.95828451;1.59455973;1.56921461;3.45036511;0.17291033;0.00000000;0.00000000
1131;113.10000000;0.00000000;-10.43436912;8.92701030;1.59164865;1.57320771;3.47264927;0.18576868;0.00000000;0.00000000
1132;113.20000000;0.00000000;-10.52848964;8.89329707;1.59032833;1.56257080;3.48751885;0.12611714;0.00000000;0.00000000
1133;113.30000000;0.00000000;-10.62247641;8.85921292;1.59567770;1.55789423;3.49787269;0.14915480;0.00000000;0.00000000
1134;113.40000000;0.00000000;-10.71587612;8.82355898;1.60889558;1.55795089;3.51734981;0.21165273;0.00000000;0.00000000
1135;113.50000000;0.00000000;-10.80845789;8.78584298;1.62725172;1.54722556;3.54020324;0.22373899;0.00000000;0.00000000
1136;113.60000000;0.00000000;-10.90012596;8.74596098;1.63432768;1.53768999;3.56209761;0.20409473;0.00000000;0.00000000
1137;113.70000000;0.00000000;-10.99096981;8.70422761;1.63501808;1.53259439;3.58102219;0.18246065;0.00000000;0.00000000
1138;113.80000000;0.00000000;-11.08106614;8.66090393;1.61252636;1.53225486;3.59858974;0.17785763;0.00000000;0.00000000
1139;113.90000000;0.00000000;-11.17038866;8.61600479;1.59773204;1.53667671;3.61659371;0.19758200;0.00000000;0.00000000
1140;114.00000000;0.00000000;-11.25886743;8.56946545;1.59038296;1.54121971;3.63810614;0.18198906;0.00000000;0.00000000
1141;114.10000000;0.00000000;-11.34617967;8.52076403;1.58643555;1.52426615;3.65299152;0.12783873;0.00000000;0.00000000
1142;114.20000000;0.00000000;-11.43323759;8.47160949;1.58854063;1.51322125;3.66367388;0.13468481;0.00000000;0.00000000
1143;114.30000000;0.00000000;-11.51948747;8.42105509;1.58759394;1.50711870;3.67992849;0.17407365;0.00000000;0.00000000
1144;114.40000000;0.00000000;-11.60489839;8.36909885;1.59456007;1.50600241;3.69848861;0.19484195;0.00000000;0.00000000
1145;114.50000000;0.00000000;-11.68920663;8.31538221;1.60976968;1.50944068;3.71889688;0.19176809;0.00000000;0.00000000
1146;114.60000000;0.00000000;-11.77242613;8.25998430;1.63065668;1.51747520;3.73684223;0.16894074;0.00000000;0.00000000
1147;114.70000000;0.00000000;-11.85475770;8.20327342;1.63552027;1.53044319;3.75268502;0.16336586;0.00000000;0.00000000
1148;114.80000000;0.00000000;-11.93618289;8.14526514;1.64571897;1.54280400;3.76951540;0.17185870;0.00000000;0.00000000
1149;114.90000000;0.00000000;-12.01656184;8.08581365;1.65418002;1.55762091;3.78705677;0.14711859;0.00000000;0.00000000
1150;115.00000000;0.00000000;-12.09590178;8.02498536;1.65824051;1.57072553;3.79893912;0.10498526;0.00000000;0.00000000
1151;115.10000000;0.00000000;-12.17484501;7.96364091;1.66796734;1.58318329;3.80805382;0.11260009;0.00000000;0.00000000
1152;115.20000000;0.00000000;-12.25306111;7.90137795;1.65900018;1.59447500;3.82145914;0.14751030;0.00000000;0.00000000
1153;115.30000000;0.00000000;-12.33032877;7.83794153;1.64921135;1.58562842;3.83755588;0.18260077;0.00000000;0.00000000
1154;115.40000000;0.00000000;-12.40649848;7.77319467;1.64112853;1.57111197;3.85797929;0.23282687;0.00000000;0.00000000
1155;115.50000000;0.00000000;-12.48111300;7.70665444;1.63541673;1.56049851;3.88412125;0.24221087;0.00000000;0.00000000
1156;115.60000000;0.00000000;-12.55379956;7.63801101;1.63255746;1.55339582;3.90642147;0.18993413;0.00000000;0.00000000
1157;115.70000000;0.00000000;-12.62537281;7.56821048;1.63130390;1.55110567;3.92210808;0.15492765;0.00000000;0.00000000
1158;115.80000000;0.00000000;-12.69586775;7.49732346;1.63158084;1.55082848;3.93740700;0.15288123;0.00000000;0.00000000
1159;115.90000000;0.00000000;-12.76527051;7.42536760;1.63338507;1.54902328;3.95268433;0.15270832;0.00000000;0.00000000
1160;116.00000000;0.00000000;-12.83356692;7.35236009;1.63671397;1.54569229;3.96794866;0.15393196;0.00000000;0.00000000
1161;116.10000000;0.00000000;-12.90074242;7.27831773;1.62925482;1.54373641;3.98347072;0.16193244;0.00000000;0.00000000
1162;116.20000000;0.00000000;-12.96674235;7.20322269;1.61186417;1.54667309;4.00033515;0.19032682;0.00000000;0.00000000
1163;116.30000000;0.00000000;-13.03138384;7.12695580;1.60233022;1.55408400;4.02153608;0.22571595;0.00000000;0.00000000
1164;116.40000000;0.00000000;-13.09413659;7.04913619;1.60144718;1.55953736;4.04547834;0.22364650;0.00000000;0.00000000
1165;116.50000000;0.00000000;-13.15504851;6.96986903;1.60912630;1.56902508;4.06626538;0.18613483;0.00000000;0.00000000
1166;116.60000000;0.00000000;-13.21451472;6.88950589;1.60540377;1.55861758;4.08270531;0.15572390;0.00000000;0.00000000
1167;116.70000000;0.00000000;-13.27279096;6.80827481;1.59915684;1.54236995;4.09741016;0.14844906;0.00000000;0.00000000
1168;116.80000000;0.00000000;-13.32986964;6.72619593;1.60061389;1.52912263;4.11239512;0.15475570;0.00000000;0.00000000
1169;116.90000000;0.00000000;-13.38568739;6.64325238;1.60981519;1.52081166;4.12836130;0.13190411;0.00000000;0.00000000
1170;117.00000000;0.00000000;-13.44011705;6.55939204;1.62675903;1.51738579;4.13877594;0.09399327;0.00000000;0.00000000
1171;117.10000000;0.00000000;-13.49419509;6.47530405;1.64176475;1.52012181;4.14715995;0.11179702;0.00000000;0.00000000
1172;117.20000000;0.00000000;-13.54720921;6.39054565;1.62855611;1.52815331;4.16113535;0.15396445;0.00000000;0.00000000
1173;117.30000000;0.00000000;-13.59891409;6.30498255;1.61702188;1.53551030;4.17795285;0.18175607;0.00000000;0.00000000
1174;117.40000000;0.00000000;-13.64904594;6.21849266;1.60569400;1.53504550;4.19748656;0.18904335;0.00000000;0.00000000
1175;117.50000000;0.00000000;-13.69737028;6.13097413;1.60262134;1.53900694;4.21576152;0.17364546;0.00000000;0.00000000
1176;117.60000000;0.00000000;-13.74431140;6.04270390;1.60734962;1.54368060;4.23221565;0.16596086;0.00000000;0.00000000
1177;117.70000000;0.00000000;-13.78973119;5.95364045;1.61994926;1.54531531;4.24895369;0.17779941;0.00000000;0.00000000
1178;117.80000000;0.00000000;-13.83369142;5.86384892;1.64015262;1.55177391;4.26777553;0.18988341;0.00000000;0.00000000
1179;117.90000000;0.00000000;-13.87572505;5.77314366;1.64970933;1.54786660;4.28693037;0.17716982;0.00000000;0.00000000
1180;118.00000000;0.00000000;-13.91621312;5.68173642;1.65230450;1.53346271;4.30320950;0.14963059;0.00000000;0.00000000
1181;118.10000000;0.00000000;-13.95527225;5.58970980;1.63957024;1.52393306;4.31685649;0.13218686;0.00000000;0.00000000
1182;118.20000000;0.00000000;-13.99325163;5.49722941;1.62124841;1.51975779;4.32964687;0.15056179;0.00000000;0.00000000
1183;118.30000000;0.00000000;-14.02994275;5.40423717;1.60024093;1.52076686;4.34696885;0.18323534;0.00000000;0.00000000
1184;118.40000000;0.00000000;-14.06469534;5.31049904;1.58733510;1.52626163;4.36629394;0.19470746;0.00000000;0.00000000
1185;118.50000000;0.00000000;-14.09776689;5.21615520;1.58244544;1.53647935;4.38591034;0.19471446;0.00000000;0.00000000
1186;118.60000000;0.00000000;-14.12881688;5.12112378;1.58599551;1.53803759;4.40523683;0.18324470;0.00000000;0.00000000
1187;118.70000000;0.00000000;-14.15821907;5.02556874;1.59752594;1.53322763;4.42255928;0.18112617;0.00000000;0.00000000
1188;118.80000000;0.00000000;-14.18595885;4.92951837;1.60265549;1.53319507;4.44146207;0.15335324;0.00000000;0.00000000
1189;118.90000000;0.00000000;-14.21172781;4.83292236;1.61154756;1.53763066;4.45322992;0.11082940;0.00000000;0.00000000
1190;119.00000000;0.00000000;-14.23719963;4.73624538;1.62269771;1.54821676;4.46362795;0.14112043;0.00000000;0.00000000
1191;119.10000000;0.00000000;-14.26095375;4.63913669;1.63952796;1.55957243;4.48145401;0.18218956;0.00000000;0.00000000
1192;119.20000000;0.00000000;-14.28296270;4.54161641;1.62892212;1.54923176;4.50006586;0.15861538;0.00000000;0.00000000
1193;119.30000000;0.00000000;-14.30308636;4.44369133;1.62381278;1.54337495;4.51317709;0.11539239;0.00000000;0.00000000
1194;119.40000000;0.00000000;-14.32253149;4.34562431;1.62554262;1.54328990;4.52314434;0.13298797;0.00000000;0.00000000
1195;119.50000000;0.00000000;-14.34069904;4.24731809;1.63469187;1.54837323;4.53977468;0.18204964;0.00000000;0.00000000
1196;119.60000000;0.00000000;-14.35687146;4.14866362;1.64341861;1.54098360;4.55955426;0.16974997;0.00000000;0.00000000
1197;119.70000000;0.00000000;-14.37113702;4.04971496;1.62913631;1.52852063;4.57372467;0.11962507;0.00000000;0.00000000
1198;119.80000000;0.00000000;-14.38450806;3.95063688;1.62062873;1.51772846;4.58347928;0.11975756;0.00000000;0.00000000
1199;119.90000000;0.00000000;-14.39684058;3.85142870;1.61931110;1.51243118;4.59767619;0.15541429;0.00000000;0.00000000
1200;120.00000000;0.00000000;-14.40739302;3.75201482;1.62392240;1.51194153;4.61456214;0.16088025;0.00000000;0.00000000
1201;120.10000000;0.00000000;-14.41636886;3.65244499;1.63241513;1.51647151;4.62985224;0.12825089;0.00000000;0.00000000
1202;120.20000000;0.00000000;-14.42387682;3.55275380;1.64839199;1.52398244;4.64021231;0.07794392;0.00000000;0.00000000
1203;120.30000000;0.00000000;-14.43078796;3.45301689;1.66951662;1.53089608;4.64544102;0.09320804;0.00000000;0.00000000
1204;120.40000000;0.00000000;-14.43725303;3.35325232;1.66305695;1.53736336;4.65885392;0.18062457;0.00000000;0.00000000
1205;120.50000000;0.00000000;-14.44148584;3.25337842;1.65882704;1.54159725;4.68156593;0.18112963;0.00000000;0.00000000
1206;120.60000000;0.00000000;-14.44341433;3.15342282;1.65689945;1.54352600;4.69507985;0.08248173;0.00000000;0.00000000
1207;120.70000000;0.00000000;-14.44494662;3.05345878;1.65536781;1.54505849;4.69806228;0.04643249;0.00000000;0.00000000
1208;120.80000000;0.00000000;-14.44627886;2.95349304;1.65403616;1.54639091;4.70436635;0.08228057;0.00000000;0.00000000
1209;120.90000000;0.00000000;-14.44655071;2.85351827;1.65376453;1.54666291;-1.56866691;0.09988055;0.00000000;0.00000000
1210;121.00000000;0.00000000;-14.44585309;2.75354564;1.65446221;1.54596554;-1.55884285;0.07653782;0.00000000;0.00000000
1211;121.10000000;0.00000000;-14.44416070;2.65358496;1.65615472;1.54427361;-1.55335935;0.04938684;0.00000000;0.00000000
1212;121.20000000;0.00000000;-14.44236674;2.55362590;1.65794880;1.54248015;-1.54896548;0.08784339;0.00000000;0.00000000
1213;121.30000000;0.00000000;-14.43979618;2.45369221;1.66051984;1.53991045;-1.53579067;0.15238942;0.00000000;0.00000000
1214;121.40000000;0.00000000;-14.43536936;2.35381480;1.66494786;1.53548533;-1.51848760;0.14754107;0.00000000;0.00000000
1215;121.50000000;0.00000000;-14.42934248;2.25402837;1.67097744;1.52946141;-1.50628246;0.07274002;0.00000000;0.00000000
1216;121.60000000;0.00000000;-14.42247933;2.15428961;1.67784405;1.52260196;-1.50393960;0.03595867;0.00000000;0.00000000
1217;121.70000000;0.00000000;-14.41598442;2.05452493;1.68434200;1.51611044;-1.49909072;0.11407723;0.00000000;0.00000000
1218;121.80000000;0.00000000;-14.40815471;1.95486216;1.69217651;1.50828564;-1.48112415;0.18031910;0.00000000;0.00000000
1219;121.90000000;0.00000000;-14.39808053;1.85540104;1.67592046;1.49821943;-1.46302690;0.15004415;0.00000000;0.00000000
1220;122.00000000;0.00000000;-14.38664881;1.75608060;1.66057152;1.48874372;-1.45111532;0.13350640;0.00000000;0.00000000
1221;122.10000000;0.00000000;-14.37420799;1.65688622;1.65215945;1.48493216;-1.43632562;0.15024048;0.00000000;0.00000000
1222;122.20000000;0.00000000;-14.35984453;1.55795177;1.65171336;1.48590594;-1.42106722;0.10133197;0.00000000;0.00000000
1223;122.30000000;0.00000000;-14.34438216;1.45917845;1.65841503;1.49248157;-1.41605923;0.01556611;0.00000000;0.00000000
1224;122.40000000;0.00000000;-14.32902779;1.36038836;1.66982596;1.50578920;-1.41795400;-0.00570089;0.00000000;0.00000000
1225;122.50000000;0.00000000;-14.31393986;1.26155725;1.65398409;1.51829735;-1.41719941;0.05303750;0.00000000;0.00000000
1226;122.60000000;0.00000000;-14.29843685;1.16279329;1.64449954;1.51359993;-1.40734650;0.10906561;0.00000000;0.00000000
1227;122.70000000;0.00000000;-14.28140489;1.06428128;1.64261125;1.51394922;-1.39538628;0.08441843;0.00000000;0.00000000
1228;122.80000000;0.00000000;-14.26354358;0.96591365;1.64764071;1.51381814;-1.39046282;0.05808715;0.00000000;0.00000000
1229;122.90000000;0.00000000;-14.24554221;0.86757307;1.65883283;1.52012911;-1.38376885;0.09202534;0.00000000;0.00000000
1230;123.00000000;0.00000000;-14.22636585;0.76945467;1.65843014;1.52713756;-1.37205775;0.09083666;0.00000000;0.00000000
1231;123.10000000;0.00000000;-14.20606620;0.67156232;1.64978116;1.51316774;-1.36560152;-0.00273030;0.00000000;0.00000000
1232;123.20000000;0.00000000;-14.18562544;0.57370406;1.64731089;1.50557568;-1.37260381;-0.04839870;0.00000000;0.00000000
1233;123.30000000;0.00000000;-14.16669859;0.47553673;1.63814316;1.50614672;-1.37528126;0.03566698;0.00000000;0.00000000
1234;123.40000000;0.00000000;-14.14678116;0.37756542;1.61352365;1.51233194;-1.36547041;0.09523499;0.00000000;0.00000000
1235;123.50000000;0.00000000;-14.12593180;0.27978803;1.59574305;1.52411961;-1.35623426;0.08953059;0.00000000;0.00000000
1236;123.60000000;0.00000000;-14.10420805;0.18220104;1.58497633;1.52954597;-1.34756429;0.08913819;0.00000000;0.00000000
1237;123.70000000;0.00000000;-14.08166639;0.08479960;1.58131149;1.52829991;-1.33840663;0.12387422;0.00000000;0.00000000
1238;123.80000000;0.00000000;-14.05815966;-0.01237061;1.58302098;1.53259486;-1.32278945;0.14039184;0.00000000;0.00000000
1239;123.90000000;0.00000000;-14.03258718;-0.10902093;1.58917147;1.53818073;-1.31032826;0.03843948;0.00000000;0.00000000
1240;124.00000000;0.00000000;-14.00666555;-0.20557774;1.58260986;1.53752429;-1.31510156;-0.05250765;0.00000000;0.00000000
1241;124.10000000;0.00000000;-13.98201688;-0.30246786;1.57693375;1.53593428;-1.32082979;-0.02135245;0.00000000;0.00000000
1242;124.20000000;0.00000000;-13.95720301;-0.39931582;1.57775606;1.54067327;-1.31937204;0.01198811;0.00000000;0.00000000
1243;124.30000000;0.00000000;-13.93227195;-0.49613367;1.58501744;1.55173227;-1.31843217;0.04445553;0.00000000;0.00000000
1244;124.40000000;0.00000000;-13.90727607;-0.59293481;1.58178458;1.56903052;-1.31048094;0.07540016;0.00000000;0.00000000
1245;124.50000000;0.00000000;-13.88080883;-0.68934310;1.57966716;1.59095709;-1.30335213;0.02630804;0.00000000;0.00000000
1246;124.60000000;0.00000000;-13.85443540;-0.78577801;1.58377288;1.58971799;-1.30521933;-0.02424725;0.00000000;0.00000000
1247;124.70000000;0.00000000;-13.82832814;-0.88228529;1.59387693;1.58379000;-1.30820158;-0.06822171;0.00000000;0.00000000
1248;124.80000000;0.00000000;-13.80253038;-0.97887572;1.57492940;1.58448209;-1.31886367;-0.12330663;0.00000000;0.00000000
1249;124.90000000;0.00000000;-13.77848789;-1.07591364;1.55455491;1.59126118;-1.33286291;-0.08196143;0.00000000;0.00000000
1250;125.00000000;0.00000000;-13.75540429;-1.17318810;1.53943011;1.58378625;-1.33525596;-0.00984643;0.00000000;0.00000000
1251;125.10000000;0.00000000;-13.73182572;-1.27034330;1.53120749;1.58209511;-1.33483220;-0.03320142;0.00000000;0.00000000
1252;125.20000000;0.00000000;-13.70865983;-1.36759757;1.52906504;1.58713698;-1.34189624;-0.08606026;0.00000000;0.00000000
1253;125.30000000;0.00000000;-13.68645626;-1.46507587;1.53246596;1.59940527;-1.35204425;-0.07495752;0.00000000;0.00000000
1254;125.40000000;0.00000000;-13.66526894;-1.56277992;1.54132063;1.59958366;-1.35688775;-0.00490354;0.00000000;0.00000000
1255;125.50000000;0.00000000;-13.64401056;-1.66046925;1.53838920;1.60202961;-1.35302496;0.05020052;0.00000000;0.00000000
1256;125.60000000;0.00000000;-13.62206890;-1.75800745;1.53258741;1.60548002;-1.34684764;0.02922093;0.00000000;0.00000000
1257;125.70000000;0.00000000;-13.59960516;-1.85542709;1.53172591;1.61331448;-1.34718077;-0.03134916;0.00000000;0.00000000
1258;125.80000000;0.00000000;-13.57772894;-1.95297788;1.53193378;1.62785757;-1.35311748;-0.06400875;0.00000000;0.00000000
1259;125.90000000;0.00000000;-13.55642341;-2.05065757;1.51862635;1.64891559;-1.35998252;-0.07744285;0.00000000;0.00000000
1260;126.00000000;0.00000000;-13.53588886;-2.14849837;1.51104028;1.66284279;-1.36860605;-0.07200329;0.00000000;0.00000000
1261;126.10000000;0.00000000;-13.51627105;-2.24653098;1.49802628;1.66412724;-1.37438318;-0.04558702;0.00000000;0.00000000
1262;126.20000000;0.00000000;-13.49686763;-2.34460611;1.48405586;1.67161896;-1.37772345;-0.04486719;0.00000000;0.00000000
1263;126.30000000;0.00000000;-13.47790525;-2.44276719;1.47628778;1.68546266;-1.38335662;-0.04855266;0.00000000;0.00000000
1264;126.40000000;0.00000000;-13.45960811;-2.54105404;1.47459249;1.68232616;-1.38743398;-0.02106914;0.00000000;0.00000000
1265;126.50000000;0.00000000;-13.44144691;-2.63936604;1.47837865;1.68103429;-1.38757044;-0.02559597;0.00000000;0.00000000
1266;126.60000000;0.00000000;-13.42317668;-2.73765742;1.48373131;1.68557061;-1.39255318;-0.08555711;0.00000000;0.00000000
1267;126.70000000;0.00000000;-13.40599626;-2.83614457;1.48198262;1.69709475;-1.40468187;-0.13178545;0.00000000;0.00000000
1268;126.80000000;0.00000000;-13.39011565;-2.93484901;1.46671140;1.69839426;-1.41891026;-0.15431371;0.00000000;0.00000000
1269;126.90000000;0.00000000;-13.37574463;-3.03378380;1.45662575;1.69679119;-1.43554461;-0.17857904;0.00000000;0.00000000
1270;127.00000000;0.00000000;-13.36315627;-3.13295954;1.45156421;1.70286509;-1.45462607;-0.18323740;0.00000000;0.00000000
1271;127.10000000;0.00000000;-13.35257055;-3.23236938;1.45136346;1.71674690;-1.47219209;-0.14552173;0.00000000;0.00000000
1272;127.20000000;0.00000000;-13.34347303;-3.33193077;1.45654462;1.73773979;-1.48373042;-0.13376145;0.00000000;0.00000000
1273;127.30000000;0.00000000;-13.33518405;-3.43155807;1.46483530;1.73519373;-1.49894438;-0.19185794;0.00000000;0.00000000
1274;127.40000000;0.00000000;-13.32912005;-3.53134450;1.47090024;1.72912911;-1.52210201;-0.22821558;0.00000000;0.00000000
1275;127.50000000;0.00000000;-13.32545259;-3.63124789;1.47456807;1.72546140;-1.54458749;-0.19136860;0.00000000;0.00000000
1276;127.60000000;0.00000000;-13.32388058;-3.73121130;1.47614017;1.72388931;-1.56037573;-0.16890791;0.00000000;0.00000000
1277;127.70000000;0.00000000;-13.32336909;-3.83118149;1.47665172;1.72337777;4.70481623;-0.22083244;0.00000000;0.00000000
1278;127.80000000;0.00000000;-13.32539456;-3.93113259;1.47462645;1.72540311;4.67864309;-0.26223348;0.00000000;0.00000000
1279;127.90000000;0.00000000;-13.33011448;-4.03099330;1.46990726;1.73012262;4.65236954;-0.22495731;0.00000000;0.00000000
1280;128.00000000;0.00000000;-13.33738714;-4.13070422;1.46263623;1.73739444;4.63365163;-0.18959741;0.00000000;0.00000000
1281;128.10000000;0.00000000;-13.34584149;-4.23032053;1.45418416;1.74584774;4.61445005;-0.23854327;0.00000000;0.00000000
1282;128.20000000;0.00000000;-13.35693705;-4.32967882;1.44309270;1.75694175;4.58594297;-0.29644793;0.00000000;0.00000000
1283;128.30000000;0.00000000;-13.37105440;-4.42865333;1.42898257;1.77105711;4.55516047;-0.30384554;0.00000000;0.00000000
1284;128.40000000;0.00000000;-13.38824191;-4.52713965;1.41450810;1.78544869;4.52517387;-0.26178214;0.00000000;0.00000000
1285;128.50000000;0.00000000;-13.40826562;-4.62508755;1.40412316;1.76114762;4.50280404;-0.21739236;0.00000000;0.00000000
1286;128.60000000;0.00000000;-13.42984073;-4.72270686;1.39922825;1.74381948;4.48169539;-0.24985305;0.00000000;0.00000000
1287;128.70000000;0.00000000;-13.45397987;-4.81971975;1.39883394;1.73472507;4.45283343;-0.29517634;0.00000000;0.00000000
1288;128.80000000;0.00000000;-13.48114871;-4.91592402;1.40129399;1.72332399;4.42266013;-0.27243520;0.00000000;0.00000000
1289;128.90000000;0.00000000;-13.51109381;-5.01130171;1.40252181;1.71574625;4.39834639;-0.23829319;0.00000000;0.00000000
1290;129.00000000;0.00000000;-13.54290868;-5.10607713;1.39173465;1.71593954;4.37500149;-0.25632345;0.00000000;0.00000000
1291;129.10000000;0.00000000;-13.57727103;-5.19994819;1.38260189;1.72463483;4.34708170;-0.26428435;0.00000000;0.00000000
1292;129.20000000;0.00000000;-13.61432329;-5.29279458;1.37778652;1.72478267;4.32214462;-0.22896375;0.00000000;0.00000000
1293;129.30000000;0.00000000;-13.65332640;-5.38484454;1.37810953;1.71784578;4.30128895;-0.20861097;0.00000000;0.00000000
1294;129.40000000;0.00000000;-13.69421859;-5.47606603;1.38361147;1.71877432;4.28042243;-0.20284664;0.00000000;0.00000000
1295;129.50000000;0.00000000;-13.73702831;-5.56640917;1.39418337;1.72760144;4.26071962;-0.20472889;0.00000000;0.00000000
1296;129.60000000;0.00000000;-13.78148357;-5.65595095;1.40098311;1.74392924;4.23947665;-0.23852267;0.00000000;0.00000000
1297;129.70000000;0.00000000;-13.82808941;-5.74438970;1.38899433;1.76427701;4.21301509;-0.25803158;0.00000000;0.00000000
1298;129.80000000;0.00000000;-13.87722049;-5.83145729;1.38069287;1.76763655;4.18787033;-0.22198222;0.00000000;0.00000000
1299;129.90000000;0.00000000;-13.92821737;-5.91744860;1.37745118;1.76628793;4.16861864;-0.19001679;0.00000000;0.00000000
1300;130.00000000;0.00000000;-13.98066528;-6.00256306;1.37976468;1.75231693;4.14986697;-0.21284472;0.00000000;0.00000000
1301;130.10000000;0.00000000;-14.03484988;-6.08658079;1.38724841;1.73336291;4.12604970;-0.25504927;0.00000000;0.00000000
1302;130.20000000;0.00000000;-14.09128733;-6.16909563;1.39916940;1.72271742;4.09885712;-0.25631256;0.00000000;0.00000000
1303;130.30000000;0.00000000;-14.14995430;-6.25003750;1.41495153;1.72056187;4.07478719;-0.22853649;0.00000000;0.00000000
1304;130.40000000;0.00000000;-14.21029827;-6.32974260;1.42902910;1.72628739;4.05314982;-0.22874323;0.00000000;0.00000000
1305;130.50000000;0.00000000;-14.27241091;-6.40806916;1.44769565;1.73634100;4.02903854;-0.24762289;0.00000000;0.00000000
1306;130.60000000;0.00000000;-14.33652356;-6.48476904;1.46763362;1.73368747;4.00362524;-0.24738144;0.00000000;0.00000000
1307;130.70000000;0.00000000;-14.40253797;-6.55984184;1.46446134;1.72728092;3.97956225;-0.21491012;0.00000000;0.00000000
1308;130.80000000;0.00000000;-14.47027194;-6.63337487;1.46146144;1.72317984;3.96064322;-0.16689604;0.00000000;0.00000000
1309;130.90000000;0.00000000;-14.53908398;-6.70590182;1.46151306;1.72055276;3.94618304;-0.15985921;0.00000000;0.00000000
1310;131.00000000;0.00000000;-14.60891650;-6.77744604;1.46697720;1.71934229;3.92867138;-0.17262727;0.00000000;0.00000000
1311;131.10000000;0.00000000;-14.68022261;-6.84751563;1.47713053;1.71242125;3.91165759;-0.15850786;0.00000000;0.00000000
1312;131.20000000;0.00000000;-14.75244771;-6.91664180;1.49262816;1.69045864;3.89696980;-0.15315420;0.00000000;0.00000000
1313;131.30000000;0.00000000;-14.82577943;-6.98458517;1.51300772;1.67579516;3.88102675;-0.14658975;0.00000000;0.00000000
1314;131.40000000;0.00000000;-14.90017181;-7.05137391;1.52169111;1.66857372;3.86765185;-0.14243433;0.00000000;0.00000000
1315;131.50000000;0.00000000;-14.97529740;-7.11733403;1.51520656;1.66843241;3.85253989;-0.17519292;0.00000000;0.00000000
1316;131.60000000;0.00000000;-15.05167521;-7.18184516;1.50680889;1.65623543;3.83261327;-0.14985198;0.00000000;0.00000000
1317;131.70000000;0.00000000;-15.12937123;-7.24476131;1.50236118;1.63246952;3.82256949;-0.07626145;0.00000000;0.00000000
1318;131.80000000;0.00000000;-15.20702939;-7.30772528;1.50461913;1.61449462;3.81736098;-0.07957511;0.00000000;0.00000000
1319;131.90000000;0.00000000;-15.28537366;-7.36982632;1.51239678;1.60366554;3.80665447;-0.09819633;0.00000000;0.00000000
1320;132.00000000;0.00000000;-15.36436177;-7.43111283;1.52567268;1.60006354;3.79772171;-0.09912371;0.00000000;0.00000000
1321;132.10000000;0.00000000;-15.44380439;-7.49180545;1.52032482;1.60344836;3.78682972;-0.10240453;0.00000000;0.00000000
1322;132.20000000;0.00000000;-15.52410908;-7.55135719;1.51326624;1.61063333;3.77724080;-0.09368338;0.00000000;0.00000000
1323;132.30000000;0.00000000;-15.60470313;-7.61051676;1.51230901;1.61698163;3.76809305;-0.12427891;0.00000000;0.00000000
1324;132.40000000;0.00000000;-15.68608208;-7.66858811;1.51661288;1.59541523;3.75238502;-0.15078271;0.00000000;0.00000000
1325;132.50000000;0.00000000;-15.76848870;-7.72518286;1.52567813;1.58167982;3.73793651;-0.10997962;0.00000000;0.00000000
1326;132.60000000;0.00000000;-15.85151322;-7.78087993;1.54011765;1.57527422;3.73038910;-0.07943110;0.00000000;0.00000000
1327;132.70000000;0.00000000;-15.93476948;-7.83622748;1.54841330;1.57561975;3.72205029;-0.07631182;0.00000000;0.00000000
1328;132.80000000;0.00000000;-16.01871139;-7.89053228;1.55607244;1.58353592;3.71512673;-0.06218512;0.00000000;0.00000000
1329;132.90000000;0.00000000;-16.10272729;-7.94472251;1.56993873;1.57534052;3.70961326;-0.06126734;0.00000000;0.00000000
1330;133.00000000;0.00000000;-16.18726134;-7.99809740;1.58904104;1.56151406;3.70287327;-0.05645707;0.00000000;0.00000000
1331;133.10000000;0.00000000;-16.27200007;-8.05115022;1.61375445;1.55439033;3.69832185;-0.07317858;0.00000000;0.00000000
1332;133.20000000;0.00000000;-16.35701466;-8.10375228;1.61020117;1.55420859;3.68823755;-0.08561921;0.00000000;0.00000000
1333;133.30000000;0.00000000;-16.44280607;-8.15508540;1.60505517;1.55044922;3.68119801;-0.05545984;0.00000000;0.00000000
1334;133.40000000;0.00000000;-16.52855624;-8.20648738;1.60620812;1.53467045;3.67714558;-0.04473045;0.00000000;0.00000000
1335;133.50000000;0.00000000;-16.61475998;-8.25712296;1.61268048;1.52618407;3.67225192;-0.03182079;0.00000000;0.00000000
1336;133.60000000;0.00000000;-16.70100904;-8.30768319;1.62520166;1.52430981;3.67078143;-0.03073217;0.00000000;0.00000000
1337;133.70000000;0.00000000;-16.78736135;-8.35806504;1.63937048;1.51921011;3.66610548;-0.05916577;0.00000000;0.00000000
1338;133.80000000;0.00000000;-16.87407925;-8.40781637;1.63719203;1.51920612;3.65894827;-0.08560348;0.00000000;0.00000000
1339;133.90000000;0.00000000;-16.96114476;-8.45695751;1.63805658;1.52646581;3.64898479;-0.07270076;0.00000000;0.00000000
1340;134.00000000;0.00000000;-17.04883634;-8.50497080;1.62774967;1.53629568;3.64440812;0.00107334;0.00000000;0.00000000
1341;134.10000000;0.00000000;-17.13634753;-8.55331270;1.62004391;1.53856772;3.64919946;0.04448139;0.00000000;0.00000000
1342;134.20000000;0.00000000;-17.22357511;-8.60216416;1.61598214;1.54123830;3.65330440;0.02035990;0.00000000;0.00000000
1343;134.30000000;0.00000000;-17.31068672;-8.65122302;1.61833635;1.54036736;3.65327144;0.01597100;0.00000000;0.00000000
1344;134.40000000;0.00000000;-17.39791773;-8.70006884;1.61742039;1.53791020;3.65649860;0.01344662;0.00000000;0.00000000
1345;134.50000000;0.00000000;-17.48471110;-8.74968905;1.62128476;1.54105759;3.65596076;-0.04776094;0.00000000;0.00000000
1346;134.60000000;0.00000000;-17.57199466;-8.79844104;1.63028954;1.55164597;3.64694641;-0.05300623;0.00000000;0.00000000
1347;134.70000000;0.00000000;-17.65966770;-8.84648807;1.64301281;1.56805517;3.64535951;0.02260610;0.00000000;0.00000000
1348;134.80000000;0.00000000;-17.74710419;-8.89496206;1.63635334;1.55627376;3.65146763;0.05584623;0.00000000;0.00000000
1349;134.90000000;0.00000000;-17.83418427;-8.94407679;1.63575514;1.54969732;3.65652876;0.03333973;0.00000000;0.00000000
1350;135.00000000;0.00000000;-17.92112731;-8.99343430;1.64153578;1.54927806;3.65813558;0.02426078;0.00000000;0.00000000
1351;135.10000000;0.00000000;-18.00804919;-9.04282867;1.65339469;1.55525625;3.66138092;0.04602089;0.00000000;0.00000000
1352;135.20000000;0.00000000;-18.09467003;-9.09274945;1.64050232;1.56700135;3.66733975;0.03145668;0.00000000;0.00000000
1353;135.30000000;0.00000000;-18.18099715;-9.14317624;1.63164719;1.57745060;3.66767225;-0.00391985;0.00000000;0.00000000
1354;135.40000000;0.00000000;-18.26758440;-9.19315439;1.62837297;1.57782987;3.66655578;0.01657780;0.00000000;0.00000000
1355;135.50000000;0.00000000;-18.35402347;-9.24338803;1.61943311;1.58423565;3.67098781;0.05103234;0.00000000;0.00000000
1356;135.60000000;0.00000000;-18.44016418;-9.29413165;1.60003462;1.59630334;3.67676225;0.05212912;0.00000000;0.00000000
1357;135.70000000;0.00000000;-18.52601750;-9.34536028;1.58727085;1.59086484;3.68141364;0.01835591;0.00000000;0.00000000
1358;135.80000000;0.00000000;-18.61168273;-9.39690321;1.58110548;1.57936896;3.68043343;-0.00010726;0.00000000;0.00000000
1359;135.90000000;0.00000000;-18.69763669;-9.44796367;1.58068774;1.57471340;3.68139218;0.01367573;0.00000000;0.00000000
1360;136.00000000;0.00000000;-18.78320308;-9.49967086;1.57526566;1.57564419;3.68316858;-0.01235541;0.00000000;0.00000000
1361;136.10000000;0.00000000;-18.86897491;-9.55103626;1.56394396;1.58329810;3.67892110;-0.02881487;0.00000000;0.00000000
1362;136.20000000;0.00000000;-18.95497722;-9.60201457;1.55851397;1.59762930;3.67740561;0.01099933;0.00000000;0.00000000
1363;136.30000000;0.00000000;-19.04090397;-9.65311954;1.55963483;1.58452075;3.68112097;0.04794153;0.00000000;0.00000000
1364;136.40000000;0.00000000;-19.12652495;-9.70473540;1.56773766;1.57542056;3.68699391;0.05858684;0.00000000;0.00000000
1365;136.50000000;0.00000000;-19.21184583;-9.75684630;1.58269874;1.57205715;3.69283833;-0.00492192;0.00000000;0.00000000
1366;136.60000000;0.00000000;-19.29685810;-9.80945970;1.57719665;1.57307558;3.68600953;-0.07129292;0.00000000;0.00000000
1367;136.70000000;0.00000000;-19.38288232;-9.86040026;1.56797151;1.56602089;3.67857975;-0.03439880;0.00000000;0.00000000
1368;136.80000000;0.00000000;-19.46866666;-9.91174447;1.56556068;1.56486324;3.67912977;-0.00745823;0.00000000;0.00000000
1369;136.90000000;0.00000000;-19.55463482;-9.96277965;1.56916865;1.57044192;3.67708811;-0.00102845;0.00000000;0.00000000
1370;137.00000000;0.00000000;-19.64062815;-10.01377317;1.57265004;1.58237839;3.67892408;0.02478227;0.00000000;0.00000000
1371;137.10000000;0.00000000;-19.72640872;-10.06512390;1.57157512;1.57653666;3.68204456;0.00030998;0.00000000;0.00000000
1372;137.20000000;0.00000000;-19.81208192;-10.11665299;1.57705836;1.56501082;3.67898607;-0.02764777;0.00000000;0.00000000
1373;137.30000000;0.00000000;-19.89817521;-10.16747818;1.56850665;1.55716313;3.67651501;-0.02692648;0.00000000;0.00000000
1374;137.40000000;0.00000000;-19.98410250;-10.21858350;1.56236056;1.54701016;3.67360078;-0.06112400;0.00000000;0.00000000
1375;137.50000000;0.00000000;-20.07048974;-10.26890556;1.56169194;1.54418873;3.66429021;-0.07546234;0.00000000;0.00000000
1376;137.60000000;0.00000000;-20.15735247;-10.31840135;1.56646289;1.54878382;3.65850831;-0.03967277;0.00000000;0.00000000
1377;137.70000000;0.00000000;-20.24431652;-10.36772149;1.56805965;1.55998733;3.65635565;-0.03334822;0.00000000;0.00000000
1378;137.80000000;0.00000000;-20.33139152;-10.41684284;1.55553702;1.56606163;3.65183867;-0.03761916;0.00000000;0.00000000
1379;137.90000000;0.00000000;-20.41879768;-10.46537541;1.54237058;1.56691169;3.64883182;-0.04309210;0.00000000;0.00000000
1380;138.00000000;0.00000000;-20.50616732;-10.51397267;1.53568785;1.57404993;3.64322025;-0.05643420;0.00000000;0.00000000
1381;138.10000000;0.00000000;-20.59411268;-10.56152126;1.53430320;1.58864358;3.63754498;-0.02854346;0.00000000;0.00000000
1382;138.20000000;0.00000000;-20.68202875;-10.60912398;1.53948523;1.60926745;3.63751155;-0.00636968;0.00000000;0.00000000
1383;138.30000000;0.00000000;-20.76997728;-10.65666668;1.55103978;1.63581750;3.63627104;-0.01562329;0.00000000;0.00000000
1384;138.40000000;0.00000000;-20.85801113;-10.70405109;1.55964550;1.64883215;3.63438690;-0.03377380;0.00000000;0.00000000
1385;138.50000000;0.00000000;-20.94613815;-10.75126202;1.57170921;1.64192476;3.62951628;-0.07245087;0.00000000;0.00000000
1386;138.60000000;0.00000000;-21.03462631;-10.79778501;1.58603443;1.63168961;3.61989672;-0.08465499;0.00000000;0.00000000
1387;138.70000000;0.00000000;-21.12364520;-10.84329182;1.59039975;1.62760352;3.61258528;-0.05512666;0.00000000;0.00000000
1388;138.80000000;0.00000000;-21.21280723;-10.88851746;1.57818009;1.62996717;3.60887139;-0.04447410;0.00000000;0.00000000
1389;138.90000000;0.00000000;-21.30216174;-10.93336184;1.57046138;1.63886340;3.60369046;-0.09072137;0.00000000;0.00000000
1390;139.00000000;0.00000000;-21.39178772;-10.97766124;1.56388719;1.63930975;3.59072712;-0.13413307;0.00000000;0.00000000
1391;139.10000000;0.00000000;-21.48227299;-11.02017330;1.55512171;1.63469278;3.57686385;-0.13366442;0.00000000;0.00000000
1392;139.20000000;0.00000000;-21.57309224;-11.06197082;1.54661462;1.63697067;3.56399423;-0.11650777;0.00000000;0.00000000
1393;139.30000000;0.00000000;-21.66463829;-11.10213851;1.54276082;1.63215320;3.55356230;-0.08808686;0.00000000;0.00000000
1394;139.40000000;0.00000000;-21.75630970;-11.14203226;1.54507764;1.61475955;3.54637686;-0.10813452;0.00000000;0.00000000
1395;139.50000000;0.00000000;-21.84842077;-11.18087903;1.55270786;1.59937429;3.53193539;-0.12732352;0.00000000;0.00000000
1396;139.60000000;0.00000000;-21.94120501;-11.21810848;1.55456322;1.59130255;3.52091216;-0.06913146;0.00000000;0.00000000
1397;139.70000000;0.00000000;-22.03415792;-11.25491829;1.53111665;1.58994252;3.51810910;-0.04077162;0.00000000;0.00000000
1398;139.80000000;0.00000000;-22.12714906;-11.29162685;1.51381516;1.59496854;3.51275783;-0.05048041;0.00000000;0.00000000
1399;139.90000000;0.00000000;-22.22049082;-11.32743984;1.50201964;1.60171195;3.50801302;-0.02527105;0.00000000;0.00000000
1400;140.00000000;0.00000000;-22.31382791;-11.36326500;1.49683638;1.60859993;3.50770362;-0.00758810;0.00000000;0.00000000
1401;140.10000000;0.00000000;-22.40719181;-11.39902022;1.49824620;1.62170791;3.50649540;-0.05949532;0.00000000;0.00000000
1402;140.20000000;0.00000000;-22.50061508;-11.43461967;1.50613933;1.64097632;3.49580456;-0.11543654;0.00000000;0.00000000
1403;140.30000000;0.00000000;-22.59472209;-11.46837060;1.50637660;1.64606945;3.48340809;-0.08891969;0.00000000;0.00000000
1404;140.40000000;0.00000000;-22.68899922;-11.50164314;1.50048659;1.65178883;3.47802062;-0.10373852;0.00000000;0.00000000
1405;140.50000000;0.00000000;-22.78346425;-11.53437806;1.50067708;1.64891414;3.46266039;-0.16887569;0.00000000;0.00000000
1406;140.60000000;0.00000000;-22.87871301;-11.56473716;1.50502009;1.65300379;3.44424548;-0.17450008;0.00000000;0.00000000
1407;140.70000000;0.00000000;-22.97431880;-11.59397150;1.49683508;1.64359658;3.42776037;-0.17557342;0.00000000;0.00000000
1408;140.80000000;0.00000000;-23.07051505;-11.62117376;1.49270112;1.63478483;3.40913080;-0.16890929;0.00000000;0.00000000
1409;140.90000000;0.00000000;-23.16714252;-11.64682632;1.49364813;1.63366874;3.39397851;-0.16949427;0.00000000;0.00000000
1410;141.00000000;0.00000000;-23.26412330;-11.67110240;1.49985322;1.64007823;3.37523195;-0.20542822;0.00000000;0.00000000
1411;141.10000000;0.00000000;-23.36163474;-11.69311264;1.50944769;1.65087270;3.35289287;-0.22639286;0.00000000;0.00000000
1412;141.20000000;0.00000000;-23.45960343;-11.71303330;1.51806506;1.65696272;3.32995337;-0.24329030;0.00000000;0.00000000
1413;141.30000000;0.00000000;-23.55801669;-11.73054706;1.51006974;1.67144244;3.30423481;-0.25772060;0.00000000;0.00000000
1414;141.40000000;0.00000000;-23.65687914;-11.74540459;1.49572693;1.66853928;3.27840925;-0.26765453;0.00000000;0.00000000
1415;141.50000000;0.00000000;-23.75606487;-11.75781368;1.48551241;1.67202062;3.25070390;-0.26362989;0.00000000;0.00000000
1416;141.60000000;0.00000000;-23.85559714;-11.76717341;1.47891600;1.68448860;3.22568328;-0.23202217;0.00000000;0.00000000
1417;141.70000000;0.00000000;-23.95529289;-11.77460649;1.47712980;1.70463094;3.20429947;-0.24897069;0.00000000;0.00000000
1418;141.80000000;0.00000000;-24.05512499;-11.77970159;1.47976368;1.72088657;3.17588914;-0.28523855;0.00000000;0.00000000
1419;141.90000000;0.00000000;-24.15508202;-11.78146124;1.48152302;1.71912836;3.14725176;-0.29280320;0.00000000;0.00000000
1420;142.00000000;0.00000000;-24.25504473;-11.78083297;1.48089459;1.71975711;3.11732850;-0.30078164;0.00000000;0.00000000
1421;142.10000000;0.00000000;-24.35492860;-11.77661118;1.47667208;1.72398020;3.08709543;-0.30718889;0.00000000;0.00000000
1422;142.20000000;0.00000000;-24.45467407;-11.76994294;1.47000197;1.73065254;3.05589072;-0.31369211;0.00000000;0.00000000
1423;142.30000000;0.00000000;-24.55410121;-11.75949979;1.45955434;1.74110686;3.02435701;-0.31852389;0.00000000;0.00000000
1424;142.40000000;0.00000000;-24.65323197;-11.74655764;1.44660551;1.75406724;2.99218594;-0.32310697;0.00000000;0.00000000
1425;142.50000000;0.00000000;-24.75178337;-11.72974301;1.42978039;1.77091454;2.95973562;-0.22658296;0.00000000;0.00000000
1426;142.60000000;0.00000000;-24.84987022;-11.71039809;1.41042340;1.76451582;2.94686935;-0.12866265;0.00000000;0.00000000
