id; s_m; d_m; x_m; y_m; d_right; d_left; psi_rad; kappa_radpm; vx_mps; ax_mps2
0;0.00000000;0.00000000;-7.26186617;-7.50270562;1.63441131;1.51015600;2.82407206;-0.13668211;0.00000000;0.00000000
1;0.10000000;0.00000000;-7.35681567;-7.47150143;1.62545513;1.53187978;2.81040385;-0.22687076;0.00000000;0.00000000
2;0.20000000;0.00000000;-7.45087434;-7.43771447;1.61988536;1.56166942;2.77869791;-0.33734616;0.00000000;0.00000000
3;0.30000000;0.00000000;-7.54364360;-7.40056074;1.61401941;1.55419656;2.74293462;-0.34210277;0.00000000;0.00000000
4;0.40000000;0.00000000;-7.63503984;-7.36014170;1.60791426;1.55667050;2.71027736;-0.30539630;0.00000000;0.00000000
5;0.50000000;0.00000000;-7.72519230;-7.31700950;1.60502450;1.56849076;2.68185536;-0.28738067;0.00000000;0.00000000
6;0.60000000;0.00000000;-7.81414861;-7.27146108;1.59449841;1.58915820;2.65280122;-0.29973486;0.00000000;0.00000000
7;0.70000000;0.00000000;-7.90163799;-7.22316920;1.58674582;1.59347374;2.62190839;-0.31576453;0.00000000;0.00000000
8;0.80000000;0.00000000;-7.98761214;-7.17221519;1.58220418;1.59751951;2.58964832;-0.33161396;0.00000000;0.00000000
9;0.90000000;0.00000000;-8.07180041;-7.11838597;1.58058433;1.58812586;2.55558559;-0.32089256;0.00000000;0.00000000
10;1.00000000;0.00000000;-8.15410705;-7.06169786;1.58185889;1.58841101;2.52546981;-0.27849451;0.00000000;0.00000000
11;1.10000000;0.00000000;-8.23491380;-7.00288996;1.58684372;1.59755179;2.49988669;-0.26395152;0.00000000;0.00000000
12;1.20000000;0.00000000;-8.31421485;-6.94206549;1.57385988;1.58691953;2.47267950;-0.29280112;0.00000000;0.00000000
13;1.30000000;0.00000000;-8.39169685;-6.87895505;1.56218641;1.57773195;2.44132647;-0.30933333;0.00000000;0.00000000
14;1.40000000;0.00000000;-8.46703146;-6.81328029;1.55351014;1.57818880;2.41081284;-0.30462608;0.00000000;0.00000000
15;1.50000000;0.00000000;-8.54052224;-6.74555944;1.54848337;1.58769605;2.38040125;-0.29991047;0.00000000;0.00000000
16;1.60000000;0.00000000;-8.61172657;-6.67542612;1.54657524;1.60664357;2.35083074;-0.29963207;0.00000000;0.00000000
17;1.70000000;0.00000000;-8.68108841;-6.60347721;1.54474572;1.63397849;2.32047484;-0.32111411;0.00000000;0.00000000
18;1.80000000;0.00000000;-8.74790403;-6.52915542;1.53943724;1.64257870;2.28660792;-0.31072060;0.00000000;0.00000000
19;1.90000000;0.00000000;-8.81224203;-6.45267126;1.53463597;1.62852438;2.25833072;-0.28128120;0.00000000;0.00000000
20;2.00000000;0.00000000;-8.87475248;-6.37468812;1.53397340;1.61910284;2.23035168;-0.27571094;0.00000000;0.00000000
21;2.10000000;0.00000000;-8.93471332;-6.29472382;1.53659180;1.61904857;2.20318853;-0.27151413;0.00000000;0.00000000
22;2.20000000;0.00000000;-8.99289939;-6.21345815;1.54349542;1.62734204;2.17604885;-0.29338230;0.00000000;0.00000000
23;2.30000000;0.00000000;-9.04843414;-6.13035782;1.55000581;1.63511227;2.14451207;-0.30959115;0.00000000;0.00000000
24;2.40000000;0.00000000;-9.10138145;-6.04558733;1.55354534;1.61034105;2.11413062;-0.29972950;0.00000000;0.00000000
25;2.50000000;0.00000000;-9.15176570;-5.95927090;1.55245106;1.59443451;2.08456617;-0.29170560;0.00000000;0.00000000
26;2.60000000;0.00000000;-9.19960938;-5.87152265;1.55487259;1.58759623;2.05578950;-0.26840214;0.00000000;0.00000000
27;2.70000000;0.00000000;-9.24494377;-5.78245368;1.56087157;1.58547481;2.03088574;-0.24076220;0.00000000;0.00000000
28;2.80000000;0.00000000;-9.28835988;-5.69243137;1.56768354;1.58043522;2.00763706;-0.24406734;0.00000000;0.00000000
29;2.90000000;0.00000000;-9.32950464;-5.60135276;1.56999956;1.57079132;1.98207227;-0.25625560;0.00000000;0.00000000
30;3.00000000;0.00000000;-9.36826164;-5.50923307;1.57149918;1.56720520;1.95638594;-0.25307092;0.00000000;0.00000000
31;3.10000000;0.00000000;-9.40467508;-5.41616219;1.57551621;1.56950087;1.93145809;-0.24548082;0.00000000;0.00000000
32;3.20000000;0.00000000;-9.43879316;-5.32222545;1.57133821;1.57323323;1.90728978;-0.23790492;0.00000000;0.00000000
33;3.30000000;0.00000000;-9.47066726;-5.22750338;1.56561513;1.58129216;1.88387711;-0.23038870;0.00000000;0.00000000
34;3.40000000;0.00000000;-9.50035121;-5.13207170;1.56395981;1.58224439;1.86121204;-0.22296943;0.00000000;0.00000000
35;3.50000000;0.00000000;-9.52790064;-5.03600130;1.56646022;1.57850974;1.83928322;-0.21567611;0.00000000;0.00000000
36;3.60000000;0.00000000;-9.55337240;-4.93935835;1.57316802;1.56494806;1.81807682;-0.20852952;0.00000000;0.00000000
37;3.70000000;0.00000000;-9.57682410;-4.84220444;1.58409758;1.55760274;1.79757732;-0.20154235;0.00000000;0.00000000
38;3.80000000;0.00000000;-9.59831373;-4.74459672;1.59922646;1.55476479;1.77776835;-0.19539012;0.00000000;0.00000000
39;3.90000000;0.00000000;-9.61789940;-4.64658816;1.59789780;1.56028488;1.75849929;-0.19521302;0.00000000;0.00000000
40;4.00000000;0.00000000;-9.63561264;-4.54822348;1.59095951;1.56601702;1.73872574;-0.19493617;0.00000000;0.00000000
41;4.10000000;0.00000000;-9.65130840;-4.44951507;1.58342167;1.55800886;1.71951206;-0.18256164;0.00000000;0.00000000
42;4.20000000;0.00000000;-9.66522988;-4.35054050;1.58038030;1.55818470;1.70221341;-0.16708956;0.00000000;0.00000000
43;4.30000000;0.00000000;-9.67750183;-4.25134858;1.58199252;1.56641220;1.68609415;-0.15689064;0.00000000;0.00000000
44;4.40000000;0.00000000;-9.68822569;-4.15197804;1.58834856;1.58245994;1.67083529;-0.18199017;0.00000000;0.00000000
45;4.50000000;0.00000000;-9.69746519;-4.05245889;1.59759287;1.60255844;1.64969611;-0.21508999;0.00000000;0.00000000
46;4.60000000;0.00000000;-9.70397894;-3.95273097;1.60410904;1.59604342;1.62781729;-0.17778394;0.00000000;0.00000000
47;4.70000000;0.00000000;-9.70885642;-3.85290278;1.60898782;1.59116520;1.61413933;-0.12150428;0.00000000;0.00000000
48;4.80000000;0.00000000;-9.71264014;-3.75302686;1.61277231;1.58738099;1.60351643;-0.10168609;0.00000000;0.00000000
49;4.90000000;0.00000000;-9.71539576;-3.65311726;1.61552835;1.58462504;1.59380211;-0.09175891;0.00000000;0.00000000
50;5.00000000;0.00000000;-9.71723844;-3.55318636;1.61737127;1.58278212;1.58516465;-0.08172492;0.00000000;0.00000000
51;5.10000000;0.00000000;-9.71826780;-3.45324360;1.61840078;1.58175257;1.57745712;-0.07211193;0.00000000;0.00000000
52;5.20000000;0.00000000;-9.71856989;-3.35329581;1.61870300;1.58145032;1.57074226;-0.06138956;0.00000000;0.00000000
53;5.30000000;0.00000000;-9.71825700;-3.25334786;1.61839030;1.58176304;1.56517921;-0.04920656;0.00000000;0.00000000
54;5.40000000;0.00000000;-9.71744705;-3.15340252;1.61758062;1.58257279;1.56090095;-0.03574658;0.00000000;0.00000000
55;5.50000000;0.00000000;-9.71627897;-3.05346060;1.61641287;1.58374066;1.55802989;-0.02183334;0.00000000;0.00000000
56;5.60000000;0.00000000;-9.71489514;-2.95352135;1.61502944;1.58512426;1.55653428;-0.00787763;0.00000000;0.00000000
57;5.70000000;0.00000000;-9.71342812;-2.85358327;1.61356283;1.58659106;1.55645437;0.00738824;0.00000000;0.00000000
58;5.80000000;0.00000000;-9.71202832;-2.75364425;1.61216342;1.58799063;1.55801193;0.02422672;0.00000000;0.00000000
59;5.90000000;0.00000000;-9.71087262;-2.65370222;1.61100806;1.58914612;1.56129971;0.04147294;0.00000000;0.00000000
60;6.00000000;0.00000000;-9.71013000;-2.55375644;1.61026570;1.58988856;1.56630652;0.05894537;0.00000000;0.00000000
61;6.10000000;0.00000000;-9.70997513;-2.45380829;1.61011100;1.59004327;1.57308879;0.07697644;0.00000000;0.00000000
62;6.20000000;0.00000000;-9.71058825;-2.35386225;1.61072426;1.58942999;1.58170181;0.07290258;0.00000000;0.00000000
63;6.30000000;0.00000000;-9.71215502;-2.25392706;1.61229123;1.58786302;1.58766930;0.04013464;0.00000000;0.00000000
64;6.40000000;0.00000000;-9.71396093;-2.15399517;1.61409736;1.58605690;1.58972874;0.02474026;0.00000000;0.00000000
65;6.50000000;0.00000000;-9.71593929;-2.05406773;1.61607598;1.58407830;1.59261735;0.01049587;0.00000000;0.00000000
66;6.60000000;0.00000000;-9.71832250;-1.95414767;1.61845952;1.58169483;1.59182791;-0.01029475;0.00000000;0.00000000
67;6.70000000;0.00000000;-9.72014311;-1.85421582;1.62028035;1.57987401;1.59055841;0.01526699;0.00000000;0.00000000
68;6.80000000;0.00000000;-9.72227258;-1.75429195;1.62241012;1.57774430;1.59488131;0.02523196;0.00000000;0.00000000
69;6.90000000;0.00000000;-9.72495710;-1.65437936;1.62509504;1.57505948;1.59560480;-0.01748713;0.00000000;0.00000000
70;7.00000000;0.00000000;-9.72723120;-1.55445660;1.62736944;1.57278514;1.59138388;-0.04334245;0.00000000;0.00000000
71;7.10000000;0.00000000;-9.72907219;-1.45452495;1.62921066;1.57094394;1.58693631;-0.04560864;0.00000000;0.00000000
72;7.20000000;0.00000000;-9.73045739;-1.35458597;1.63059602;1.56955856;1.58226216;-0.02556325;0.00000000;0.00000000
73;7.30000000;0.00000000;-9.73136412;-1.25464152;1.63150288;1.56865167;1.58182366;0.02404937;0.00000000;0.00000000
74;7.40000000;0.00000000;-9.73266165;-1.15470372;1.63280060;1.56735397;1.58707203;0.03496837;0.00000000;0.00000000
75;7.50000000;0.00000000;-9.73461739;-1.05477411;1.63475658;1.56539801;1.58881733;-0.02680707;0.00000000;0.00000000
76;7.60000000;0.00000000;-9.73626380;-0.95483894;1.63640318;1.56375141;1.58171062;-0.09327752;0.00000000;0.00000000
77;7.70000000;0.00000000;-9.73679900;-0.85489686;1.63693857;1.56321605;1.57016183;-0.09119014;0.00000000;0.00000000
78;7.80000000;0.00000000;-9.73613697;-0.75495022;1.63627679;1.56387792;1.56347259;-0.01887724;0.00000000;0.00000000
79;7.90000000;0.00000000;-9.73533501;-0.65500461;1.63547509;1.56467971;1.56638638;0.05773357;0.00000000;0.00000000
80;8.00000000;0.00000000;-9.73525546;-0.55505977;1.63539576;1.56475910;1.57501930;0.06898561;0.00000000;0.00000000
81;8.10000000;0.00000000;-9.73617915;-0.45511519;1.63631957;1.56383527;1.58018350;0.02685244;0.00000000;0.00000000
82;8.20000000;0.00000000;-9.73713191;-0.35517087;1.63727247;1.56288236;1.58038979;0.00121663;0.00000000;0.00000000
83;8.30000000;0.00000000;-9.73809683;-0.25522668;1.63823752;1.56191729;1.58042683;-0.00047587;0.00000000;0.00000000
84;8.40000000;0.00000000;-9.73905699;-0.15528244;1.63919782;1.56095697;1.58029462;0.01979308;0.00000000;0.00000000
85;8.50000000;0.00000000;-9.73999549;-0.05533799;1.64013644;1.56001833;1.58438545;0.06991859;0.00000000;0.00000000
86;8.60000000;0.00000000;-9.74177326;0.04459050;1.64191448;1.55824035;1.59427834;0.08203348;0.00000000;0.00000000
87;8.70000000;0.00000000;-9.74468887;0.14449678;1.64483056;1.55532445;1.60079214;0.04049297;0.00000000;0.00000000
88;8.80000000;0.00000000;-9.74776845;0.24439815;1.64791065;1.55224457;1.60237693;0.01528363;0.00000000;0.00000000
89;8.90000000;0.00000000;-9.75100071;0.34429470;1.65114347;1.54901199;1.60384887;0.01415536;0.00000000;0.00000000
90;9.00000000;0.00000000;-9.75437437;0.44418657;1.65451775;1.54563800;1.60520800;0.01302753;0.00000000;0.00000000
91;9.10000000;0.00000000;-9.75787816;0.54407397;1.65802220;1.54213386;1.60645437;0.01190014;0.00000000;0.00000000
92;9.20000000;0.00000000;-9.76150082;0.64395714;1.66164556;1.53851084;1.60758803;0.01077317;0.00000000;0.00000000
93;9.30000000;0.00000000;-9.76523108;0.74383635;1.66537657;1.53478021;1.60860901;0.00964661;0.00000000;0.00000000
94;9.40000000;0.00000000;-9.76905768;0.84371191;1.66920397;1.53095323;1.60951735;0.00852043;0.00000000;0.00000000
95;9.50000000;0.00000000;-9.77296939;0.94358418;1.67311650;1.52704115;1.61031309;0.00739461;0.00000000;0.00000000
96;9.60000000;0.00000000;-9.77695494;1.04345353;1.67710291;1.52305521;1.61099627;0.00626909;0.00000000;0.00000000
97;9.70000000;0.00000000;-9.78100310;1.14332037;1.68115196;1.51900666;1.61156691;-0.01358981;0.00000000;0.00000000
98;9.80000000;0.00000000;-9.78510263;1.24318511;1.65642822;1.51490674;1.60827831;-0.05577561;0.00000000;0.00000000
99;9.90000000;0.00000000;-9.78849373;1.34307286;1.63353441;1.51151533;1.60041179;-0.05498353;0.00000000;0.00000000
100;10.00000000;0.00000000;-9.79102166;1.44298966;1.61565137;1.50898719;1.59728160;-0.00417199;0.00000000;0.00000000
101;10.10000000;0.00000000;-9.79378745;1.54290018;1.60404610;1.50987593;1.59957739;0.02211082;0.00000000;0.00000000
102;10.20000000;0.00000000;-9.79677413;1.64280434;1.59883845;1.51714239;1.60170377;0.02041703;0.00000000;0.00000000
103;10.30000000;0.00000000;-9.79996478;1.74270221;1.60007401;1.53071241;1.60366080;0.01872404;0.00000000;0.00000000
104;10.40000000;0.00000000;-9.80334247;1.84259393;1.60345067;1.55043690;1.60544857;0.01703188;0.00000000;0.00000000
105;10.50000000;0.00000000;-9.80689030;1.94247977;1.60699739;1.57565925;1.60706718;0.01534057;0.00000000;0.00000000
106;10.60000000;0.00000000;-9.81059134;2.04236005;1.61069726;1.59007724;1.60851669;0.01365009;0.00000000;0.00000000
107;10.70000000;0.00000000;-9.81442872;2.14223519;1.61453342;1.58623840;1.60979719;0.01196038;0.00000000;0.00000000
108;10.80000000;0.00000000;-9.81838554;2.24210568;1.61848897;1.58228002;1.61090877;0.01027141;0.00000000;0.00000000
109;10.90000000;0.00000000;-9.82244495;2.34197205;1.62254705;1.57821899;1.61185148;0.00858310;0.00000000;0.00000000
110;11.00000000;0.00000000;-9.82659007;2.44183490;1.62669082;1.57407218;1.61262539;0.00689535;0.00000000;0.00000000
111;11.10000000;0.00000000;-9.83080404;2.54169488;1.63090342;1.56985646;1.61323055;0.00520808;0.00000000;0.00000000
112;11.20000000;0.00000000;-9.83507003;2.64155265;1.63516802;1.56558869;1.61366700;0.00352117;0.00000000;0.00000000
113;11.30000000;0.00000000;-9.83937117;2.74140891;1.63946777;1.56128574;1.61393478;0.00183451;0.00000000;0.00000000
114;11.40000000;0.00000000;-9.84369063;2.84126439;1.64378584;1.55696444;1.61403390;0.00014797;0.00000000;0.00000000
115;11.50000000;0.00000000;-9.84801157;2.94111980;1.64810541;1.55264167;1.61396437;-0.00153856;0.00000000;0.00000000
116;11.60000000;0.00000000;-9.85231714;3.04097587;1.65240963;1.54833428;1.61372619;-0.00322520;0.00000000;0.00000000
117;11.70000000;0.00000000;-9.85659051;3.14083332;1.65668167;1.54405912;1.61331933;-0.02256087;0.00000000;0.00000000
118;11.80000000;0.00000000;-9.86081483;3.24069286;1.63577770;1.53983304;1.60921402;-0.06545232;0.00000000;0.00000000
119;11.90000000;0.00000000;-9.86426802;3.34057807;1.61475667;1.53637852;1.60022887;-0.06753623;0.00000000;0.00000000
120;12.00000000;0.00000000;-9.86669729;3.44049738;1.59869788;1.53394848;1.59570677;-0.01714455;0.00000000;0.00000000
121;12.10000000;0.00000000;-9.86924705;3.54041369;1.58770010;1.53139791;1.59679996;0.00980451;0.00000000;0.00000000
122;12.20000000;0.00000000;-9.87189477;3.64032746;1.57824612;1.52874935;1.59766767;0.00754999;0.00000000;0.00000000
123;12.30000000;0.00000000;-9.87461792;3.74023921;1.57516579;1.52602532;1.59830996;0.00529590;0.00000000;0.00000000
124;12.40000000;0.00000000;-9.87739398;3.84014950;1.57794222;1.52942067;1.59872685;0.00304213;0.00000000;0.00000000
125;12.50000000;0.00000000;-9.88020044;3.94005894;1.58074905;1.53928185;1.59891839;0.02040739;0.00000000;0.00000000
126;12.60000000;0.00000000;-9.88301478;4.03996816;1.58356377;1.55550800;1.60280833;0.06963568;0.00000000;0.00000000
127;12.70000000;0.00000000;-9.88659828;4.13984825;1.58714815;1.57716411;1.61284552;0.08552018;0.00000000;0.00000000
128;12.80000000;0.00000000;-9.89141749;4.23968082;1.59196906;1.60358484;1.61991237;0.04371843;0.00000000;0.00000000
129;12.90000000;0.00000000;-9.89641251;4.33950474;1.59696595;1.60365634;1.62158921;0.01592441;0.00000000;0.00000000
130;13.00000000;0.00000000;-9.90156650;4.43932060;1.60212196;1.59850413;1.62309725;0.01423711;0.00000000;0.00000000
131;13.10000000;0.00000000;-9.90686258;4.53912902;1.60742022;1.59320992;1.62443663;0.01255097;0.00000000;0.00000000
132;13.20000000;0.00000000;-9.91228392;4.63893071;1.61284387;1.58779055;1.62560745;0.01086590;0.00000000;0.00000000
133;13.30000000;0.00000000;-9.91781371;4.73872647;1.61837608;1.58226285;1.62660981;0.00918178;0.00000000;0.00000000
134;13.40000000;0.00000000;-9.92343512;4.83851711;1.62400001;1.57664361;1.62744380;0.00749850;0.00000000;0.00000000
135;13.50000000;0.00000000;-9.92913135;4.93830350;1.62969886;1.57094963;1.62810951;0.00581591;0.00000000;0.00000000
136;13.60000000;0.00000000;-9.93488562;5.03808657;1.63545581;1.56519769;1.62860698;0.00413386;0.00000000;0.00000000
137;13.70000000;0.00000000;-9.94068113;5.13786726;1.64125406;1.55940458;1.62893628;-0.01382550;0.00000000;0.00000000
138;13.80000000;0.00000000;-9.94650111;5.23764652;1.64707680;1.55358706;1.62584188;-0.05682658;0.00000000;0.00000000
139;13.90000000;0.00000000;-9.95167880;5.33745763;1.65225664;1.54841149;1.61757096;-0.06176553;0.00000000;0.00000000
140;14.00000000;0.00000000;-9.95584756;5.43731946;1.63488058;1.54424428;1.61348878;-0.01125976;0.00000000;0.00000000
141;14.10000000;0.00000000;-9.96021033;5.53717301;1.61124593;1.53988318;1.61531901;0.01717634;0.00000000;0.00000000
142;14.20000000;0.00000000;-9.96474460;5.63701893;1.59371051;1.53535069;1.61692404;0.01492509;0.00000000;0.00000000
143;14.30000000;0.00000000;-9.96942788;5.73685798;1.58245473;1.53280583;1.61830403;0.01267526;0.00000000;0.00000000
144;14.40000000;0.00000000;-9.97423770;5.83669102;1.57759054;1.53664469;1.61945910;0.01042671;0.00000000;0.00000000
145;14.50000000;0.00000000;-9.97915161;5.93651900;1.57915457;1.54684199;1.62038937;0.00817925;0.00000000;0.00000000
146;14.60000000;0.00000000;-9.98414717;6.03634293;1.58415039;1.56329533;1.62109495;0.00593267;0.00000000;0.00000000
147;14.70000000;0.00000000;-9.98920195;6.13616388;1.58920544;1.58583170;1.62157590;0.00368674;0.00000000;0.00000000
148;14.80000000;0.00000000;-9.99429353;6.23598296;1.59429730;1.60587657;1.62183229;0.00144121;0.00000000;0.00000000
149;14.90000000;0.00000000;-9.99939950;6.33580130;1.59940356;1.60076878;1.62186415;-0.00080418;0.00000000;0.00000000
150;15.00000000;0.00000000;-10.00449743;6.43562006;1.60450180;1.59566902;1.62167146;-0.00304966;0.00000000;0.00000000
151;15.10000000;0.00000000;-10.00956493;6.53544037;1.60956962;1.59059973;1.62125421;-0.00529551;0.00000000;0.00000000
152;15.20000000;0.00000000;-10.01457957;6.63526334;1.61458457;1.58558334;1.62061236;-0.00754197;0.00000000;0.00000000
153;15.30000000;0.00000000;-10.01951892;6.73509006;1.61952424;1.58064228;1.61974582;-0.00978926;0.00000000;0.00000000
154;15.40000000;0.00000000;-10.02436055;6.83492156;1.62436618;1.57579901;1.61865450;-0.01203761;0.00000000;0.00000000
155;15.50000000;0.00000000;-10.02908201;6.93475882;1.62908795;1.57107598;1.61733830;-0.01428721;0.00000000;0.00000000
156;15.60000000;0.00000000;-10.03366082;7.03460270;1.63366706;1.56649568;1.61579706;0.00033124;0.00000000;0.00000000
157;15.70000000;0.00000000;-10.03807451;7.13445402;1.63808103;1.56208060;1.61740455;0.04917953;0.00000000;0.00000000
158;15.80000000;0.00000000;-10.04297413;7.23427921;1.64298102;1.55717926;1.62563297;0.07017844;0.00000000;0.00000000
159;15.90000000;0.00000000;-10.04903036;7.33404441;1.64903779;1.55112061;1.63144023;0.01414936;0.00000000;0.00000000
160;16.00000000;0.00000000;-10.05508928;7.43380945;1.62475700;1.54505926;1.62846284;-0.05753925;0.00000000;0.00000000
161;16.10000000;0.00000000;-10.06055113;7.53360549;1.60442164;1.53959538;1.61993238;-0.06603365;0.00000000;0.00000000
162;16.20000000;0.00000000;-10.06490719;7.63345934;1.58901966;1.53523797;1.61525611;-0.01531423;0.00000000;0.00000000
163;16.30000000;0.00000000;-10.06943560;7.73330552;1.57997526;1.53533708;1.61686954;0.01500902;0.00000000;0.00000000
164;16.40000000;0.00000000;-10.07411386;7.83314481;1.57737532;1.53963391;1.61825791;0.01275916;0.00000000;0.00000000
165;16.50000000;0.00000000;-10.07891950;7.93297805;1.58022684;1.54614295;1.61942137;0.01051058;0.00000000;0.00000000
166;16.60000000;0.00000000;-10.08383006;8.03280620;1.58422952;1.55894186;1.62036003;0.00826310;0.00000000;0.00000000
167;16.70000000;0.00000000;-10.08882311;8.13263025;1.58921827;1.57789947;1.62107399;0.00601650;0.00000000;0.00000000
168;16.80000000;0.00000000;-10.09387622;8.23245128;1.59426703;1.60281883;1.62156333;0.00377056;0.00000000;0.00000000
169;16.90000000;0.00000000;-10.09896696;8.33227041;1.59935341;1.60149568;1.62182810;0.00152502;0.00000000;0.00000000
170;17.00000000;0.00000000;-10.10407292;8.43208876;1.60445503;1.59639513;1.62186834;-0.00072036;0.00000000;0.00000000
171;17.10000000;0.00000000;-10.10917170;8.53190747;1.60954952;1.59130182;1.62168403;-0.00296584;0.00000000;0.00000000
172;17.20000000;0.00000000;-10.11424087;8.63172769;1.61461448;1.58623811;1.62127517;-0.00521168;0.00000000;0.00000000
173;17.30000000;0.00000000;-10.11925802;8.73155054;1.61962752;1.58122639;1.62064170;-0.00745811;0.00000000;0.00000000
174;17.40000000;0.00000000;-10.12420072;8.83137709;1.62456624;1.57628906;1.61978355;-0.00970539;0.00000000;0.00000000
175;17.50000000;0.00000000;-10.12904653;8.93120839;1.62940824;1.57144852;1.61870062;-0.01195371;0.00000000;0.00000000
176;17.60000000;0.00000000;-10.13377301;9.03104541;1.63413108;1.56672717;1.61739280;-0.01420328;0.00000000;0.00000000
177;17.70000000;0.00000000;-10.13835769;9.13088903;1.63871232;1.56214746;1.61585996;-0.01645425;0.00000000;0.00000000
178;17.80000000;0.00000000;-10.14277807;9.23074005;1.64312948;1.55773183;1.61410195;-0.00372640;0.00000000;0.00000000
179;17.90000000;0.00000000;-10.14701167;9.33059916;1.64736008;1.55350276;1.61511468;0.04490746;0.00000000;0.00000000
180;18.00000000;0.00000000;-10.15163415;9.43043786;1.65197910;1.54888550;1.62308344;0.06946811;0.00000000;0.00000000
181;18.10000000;0.00000000;-10.15745863;9.53021686;1.65779867;1.54306826;1.62900831;0.01529554;0.00000000;0.00000000
182;18.20000000;0.00000000;-10.16326402;9.62999697;1.64905232;1.53727015;1.62614255;-0.05829733;0.00000000;0.00000000
183;18.30000000;0.00000000;-10.16851633;9.72980439;1.62511390;1.53202427;1.61734884;-0.07030988;0.00000000;0.00000000
184;18.40000000;0.00000000;-10.17256608;9.82967114;1.60585577;1.52797902;1.61208058;-0.01935419;0.00000000;0.00000000
185;18.50000000;0.00000000;-10.17676661;9.92953166;1.59279885;1.52437723;1.61347800;0.01284881;0.00000000;0.00000000
186;18.60000000;0.00000000;-10.18109545;10.02938672;1.58607383;1.52719351;1.61465034;0.01059845;0.00000000;0.00000000
187;18.70000000;0.00000000;-10.18553012;10.12923713;1.58573881;1.53641488;1.61559769;0.00834908;0.00000000;0.00000000
188;18.80000000;0.00000000;-10.19004815;10.22908381;1.59025810;1.55194925;1.61632015;0.00610051;0.00000000;0.00000000
189;18.90000000;0.00000000;-10.19462708;10.32892772;1.59483833;1.57363142;1.61681779;0.00385254;0.00000000;0.00000000
190;19.00000000;0.00000000;-10.19924448;10.42876986;1.59945705;1.60075540;1.61709066;0.00160494;0.00000000;0.00000000
191;19.10000000;0.00000000;-10.20387791;10.52861126;1.60409180;1.59612200;1.61713878;-0.00064251;0.00000000;0.00000000
192;19.20000000;0.00000000;-10.20850492;10.62845295;1.60872014;1.59149503;1.61696216;-0.00289005;0.00000000;0.00000000
193;19.30000000;0.00000000;-10.21310308;10.72829598;1.61331960;1.58689692;1.61656077;-0.00513791;0.00000000;0.00000000
194;19.40000000;0.00000000;-10.21764993;10.82814135;1.61786774;1.58235012;1.61593458;-0.00738631;0.00000000;0.00000000
195;19.50000000;0.00000000;-10.22212304;10.92799005;1.62234208;1.57787707;1.61508351;-0.00963545;0.00000000;0.00000000
196;19.60000000;0.00000000;-10.22649994;11.02784301;1.62672016;1.57350025;1.61400749;-0.01188554;0.00000000;0.00000000
197;19.70000000;0.00000000;-10.23075816;11.12770110;1.63097949;1.56924211;1.61270640;-0.01413675;0.00000000;0.00000000
198;19.80000000;0.00000000;-10.23487522;11.22756510;1.63509758;1.56512515;1.61118014;-0.00295752;0.00000000;0.00000000
199;19.90000000;0.00000000;-10.23882860;11.32743570;1.63905191;1.56117186;1.61211490;0.04550323;0.00000000;0.00000000
200;20.00000000;0.00000000;-10.24313221;11.42728877;1.64335671;1.55686836;1.62028078;0.07298356;0.00000000;0.00000000
201;20.10000000;0.00000000;-10.24871603;11.52708153;1.64894255;1.55128474;1.62671161;0.03192756;0.00000000;0.00000000
202;20.20000000;0.00000000;-10.25430373;11.62687407;1.65453226;1.54569726;1.62666629;-0.00129432;0.00000000;0.00000000
203;20.30000000;0.00000000;-10.25987850;11.72666733;1.66010905;1.54012273;1.62645275;-0.00297674;0.00000000;0.00000000
204;20.40000000;0.00000000;-10.26542357;11.82646225;1.63919052;1.53457792;1.62607095;-0.00465945;0.00000000;0.00000000
205;20.50000000;0.00000000;-10.27092215;11.92625973;1.61774741;1.52907963;1.62552086;-0.00634261;0.00000000;0.00000000
206;20.60000000;0.00000000;-10.27635742;12.02606069;1.60220031;1.52364466;1.62480242;-0.00802636;0.00000000;0.00000000
207;20.70000000;0.00000000;-10.28171259;12.12586596;1.59270509;1.52139631;1.62391558;-0.02080152;0.00000000;0.00000000
208;20.80000000;0.00000000;-10.28697084;12.22567639;1.58935338;1.52580316;1.62064212;-0.06450461;0.00000000;0.00000000
209;20.90000000;0.00000000;-10.29167232;12.32551130;1.59172432;1.53726289;1.61101466;-0.08050361;0.00000000;0.00000000
210;21.00000000;0.00000000;-10.29500791;12.42540448;1.59505926;1.55546593;1.60454140;-0.02926998;0.00000000;0.00000000
211;21.10000000;0.00000000;-10.29841660;12.52529519;1.59846729;1.57481130;1.60516067;0.00506669;0.00000000;0.00000000
212;21.20000000;0.00000000;-10.30187591;12.62518415;1.60192592;1.59857724;1.60555474;0.00281484;0.00000000;0.00000000
213;21.30000000;0.00000000;-10.30536333;12.72507215;1.60541266;1.59508859;1.60572363;0.00056318;0.00000000;0.00000000
214;21.40000000;0.00000000;-10.30885638;12.82495994;1.60890503;1.59159431;1.60566737;-0.00168845;0.00000000;0.00000000
215;21.50000000;0.00000000;-10.31233256;12.92484833;1.61238055;1.58811690;1.60538594;-0.00394023;0.00000000;0.00000000
216;21.60000000;0.00000000;-10.31576939;13.02473807;1.61581673;1.58467887;1.60487933;-0.00619233;0.00000000;0.00000000
217;21.70000000;0.00000000;-10.31914435;13.12462992;1.61919108;1.58130273;1.60414748;-0.00844491;0.00000000;0.00000000
218;21.80000000;0.00000000;-10.32243497;13.22452458;1.62248110;1.57801099;1.60319034;0.00126803;0.00000000;0.00000000
219;21.90000000;0.00000000;-10.32561871;13.32442270;1.62566428;1.57482617;1.60440108;0.04958190;0.00000000;0.00000000
220;22.00000000;0.00000000;-10.32915110;13.42430607;1.62919600;1.57129245;1.61310672;0.07984260;0.00000000;0.00000000
221;22.10000000;0.00000000;-10.33407360;13.52413363;1.63411739;1.56636769;1.62036960;0.03892458;0.00000000;0.00000000
222;22.20000000;0.00000000;-10.33905663;13.62395818;1.63909930;1.56138235;1.62089164;0.00437809;0.00000000;0.00000000
223;22.30000000;0.00000000;-10.34408336;13.72378055;1.64412491;1.55635327;1.62124522;0.00269364;0.00000000;0.00000000
224;22.40000000;0.00000000;-10.34913697;13.82360156;1.64917741;1.55129727;1.62143037;0.00100940;0.00000000;0.00000000
225;22.50000000;0.00000000;-10.35420066;13.92342206;1.65424001;1.54623120;1.62144710;-0.00067476;0.00000000;0.00000000
226;22.60000000;0.00000000;-10.35925761;14.02324291;1.65929589;1.54117187;1.62129542;-0.00235900;0.00000000;0.00000000
227;22.70000000;0.00000000;-10.36429102;14.12306494;1.66432825;1.53613610;1.62097530;-0.00404345;0.00000000;0.00000000
228;22.80000000;0.00000000;-10.36928407;14.22288899;1.66932028;1.53114074;1.62048673;-0.00572825;0.00000000;0.00000000
229;22.90000000;0.00000000;-10.37421993;14.32271589;1.67425517;1.52620261;1.61982965;-0.00741355;0.00000000;0.00000000
230;23.00000000;0.00000000;-10.37908179;14.42254642;1.66395379;1.52133855;1.61900402;-0.00909945;0.00000000;0.00000000
231;23.10000000;0.00000000;-10.38385280;14.52238133;1.64404130;1.51656542;1.61800976;-0.01078608;0.00000000;0.00000000
232;23.20000000;0.00000000;-10.38851614;14.62222132;1.62617987;1.51190005;1.61684680;-0.01247354;0.00000000;0.00000000
233;23.30000000;0.00000000;-10.39305493;14.72206705;1.61226108;1.50735933;1.61551505;-0.01416192;0.00000000;0.00000000
234;23.40000000;0.00000000;-10.39745232;14.82191910;1.60431807;1.50861745;1.61401442;-0.01585128;0.00000000;0.00000000
235;23.50000000;0.00000000;-10.40169143;14.92177799;1.60242285;1.51663382;1.61234480;-0.01754168;0.00000000;0.00000000
236;23.60000000;0.00000000;-10.40575537;15.02164416;1.60648778;1.53131888;1.61050608;-0.02854663;0.00000000;0.00000000
237;23.70000000;0.00000000;-10.40962723;15.12151795;1.61036050;1.55249979;1.60663547;-0.07252933;0.00000000;0.00000000
238;23.80000000;0.00000000;-10.41291785;15.22140938;1.61365171;1.58028491;1.59600021;-0.09234943;0.00000000;0.00000000
239;23.90000000;0.00000000;-10.41466466;15.32134297;1.61539855;1.58551430;1.58816558;-0.04082402;0.00000000;0.00000000
240;24.00000000;0.00000000;-10.41638975;15.42127694;1.61712366;1.58379012;1.58783541;0.00597943;0.00000000;0.00000000
241;24.10000000;0.00000000;-10.41807057;15.52121165;1.61880450;1.58211019;1.58936147;0.05415120;0.00000000;0.00000000
242;24.20000000;0.00000000;-10.42010061;15.62113693;1.62083468;1.58008124;1.59866565;0.08738364;0.00000000;0.00000000
243;24.30000000;0.00000000;-10.42364062;15.72102306;1.62437533;1.57654308;1.60683820;0.04660204;0.00000000;0.00000000
244;24.40000000;0.00000000;-10.42730373;15.82090475;1.62803916;1.57288192;1.60798606;0.01063397;0.00000000;0.00000000
245;24.50000000;0.00000000;-10.43107305;15.92078250;1.63180927;1.56911465;1.60896499;0.00894494;0.00000000;0.00000000
246;24.60000000;0.00000000;-10.43493171;16.02065684;1.63566878;1.56525812;1.60977505;0.00725645;0.00000000;0.00000000
247;24.70000000;0.00000000;-10.43886283;16.12052835;1.63960081;1.56132919;1.61041628;0.00556841;0.00000000;0.00000000
248;24.80000000;0.00000000;-10.44284957;16.22039766;1.64358849;1.55734471;1.61088873;0.00388072;0.00000000;0.00000000
249;24.90000000;0.00000000;-10.44687507;16.32026541;1.64761496;1.55332152;1.61119242;0.00219328;0.00000000;0.00000000
250;25.00000000;0.00000000;-10.45092246;16.42013228;1.65166335;1.54927646;1.61132739;0.00050598;0.00000000;0.00000000
251;25.10000000;0.00000000;-10.45497491;16.51999895;1.65571680;1.54522638;1.61129362;-0.00118131;0.00000000;0.00000000
252;25.20000000;0.00000000;-10.45901557;16.61986609;1.65975844;1.54118811;1.61109112;-0.00286868;0.00000000;0.00000000
253;25.30000000;0.00000000;-10.46302757;16.71973439;1.66377142;1.53717848;1.61071988;-0.00455627;0.00000000;0.00000000
254;25.40000000;0.00000000;-10.46699408;16.81960451;1.66773885;1.53321434;1.61017987;-0.00624417;0.00000000;0.00000000
255;25.50000000;0.00000000;-10.47089822;16.91947707;1.67164388;1.52931253;1.60947105;-0.00793249;0.00000000;0.00000000
256;25.60000000;0.00000000;-10.47472314;17.01935271;1.65475356;1.52548990;1.60859337;-0.00962132;0.00000000;0.00000000
257;25.70000000;0.00000000;-10.47845196;17.11923197;1.63045653;1.52176332;1.60754679;-0.01131074;0.00000000;0.00000000
258;25.80000000;0.00000000;-10.48206781;17.21911538;1.61188931;1.51814963;1.60633122;-0.01300083;0.00000000;0.00000000
259;25.90000000;0.00000000;-10.48555381;17.31900341;1.59923470;1.51466572;1.60494662;-0.01469163;0.00000000;0.00000000
260;26.00000000;0.00000000;-10.48889305;17.41889645;1.59261677;1.51132847;1.60339290;-0.01638318;0.00000000;0.00000000
261;26.10000000;0.00000000;-10.49206863;17.51879482;1.59209391;1.50974668;1.60166998;-0.01807550;0.00000000;0.00000000
262;26.20000000;0.00000000;-10.49506364;17.61869876;1.59508919;1.51495257;1.59977780;-0.01065387;0.00000000;0.00000000
263;26.30000000;0.00000000;-10.49786114;17.71860842;1.59788694;1.52689342;1.59953921;0.03790276;0.00000000;0.00000000
264;26.40000000;0.00000000;-10.50080841;17.81851153;1.60083449;1.54507323;1.60735835;0.07410845;0.00000000;0.00000000
265;26.50000000;0.00000000;-10.50516791;17.91836526;1.60519453;1.56805830;1.61436090;0.03406585;0.00000000;0.00000000
266;26.60000000;0.00000000;-10.50951412;18.01821957;1.60954128;1.59055626;1.61417152;-0.00245600;0.00000000;0.00000000
267;26.70000000;0.00000000;-10.51383580;18.11807495;1.61386350;1.58623359;1.61386970;-0.00358047;0.00000000;0.00000000
268;26.80000000;0.00000000;-10.51812172;18.21793187;1.61814996;1.58194669;1.61345543;-0.00470512;0.00000000;0.00000000
269;26.90000000;0.00000000;-10.52236067;18.31779079;1.62238943;1.57770679;1.61292868;-0.00583000;0.00000000;0.00000000
270;27.00000000;0.00000000;-10.52654139;18.41765216;1.62657067;1.57352514;1.61228943;-0.00695516;0.00000000;0.00000000
271;27.10000000;0.00000000;-10.53065266;18.51751642;1.63068245;1.56941297;1.61153765;-0.00808063;0.00000000;0.00000000
272;27.20000000;0.00000000;-10.53468324;18.61738397;1.63471351;1.56538152;1.61067330;-0.00920646;0.00000000;0.00000000
273;27.30000000;0.00000000;-10.53862186;18.71725518;1.63865261;1.56144206;1.60969635;-0.01033269;0.00000000;0.00000000
274;27.40000000;0.00000000;-10.54245730;18.81713041;1.64248850;1.55760582;1.60860676;-0.01145934;0.00000000;0.00000000
275;27.50000000;0.00000000;-10.54617828;18.91700996;1.64620991;1.55388408;1.60740449;-0.01258643;0.00000000;0.00000000
276;27.60000000;0.00000000;-10.54977355;19.01689412;1.64980558;1.55028808;1.60608948;-0.01371398;0.00000000;0.00000000
277;27.70000000;0.00000000;-10.55323183;19.11678311;1.65326424;1.54682911;1.60466169;-0.01484200;0.00000000;0.00000000
278;27.80000000;0.00000000;-10.55654186;19.21667712;1.65657462;1.54351844;1.60312108;-0.01597048;0.00000000;0.00000000
279;27.90000000;0.00000000;-10.55969235;19.31657629;1.65972544;1.54036735;1.60146759;-0.01709942;0.00000000;0.00000000
280;28.00000000;0.00000000;-10.56267201;19.41648069;1.66270539;1.53738713;1.59970119;-0.01822880;0.00000000;0.00000000
281;28.10000000;0.00000000;-10.56546956;19.51639036;1.66550321;1.53458906;1.59782183;-0.01935857;0.00000000;0.00000000
282;28.20000000;0.00000000;-10.56807369;19.61630526;1.66810758;1.53198445;1.59582948;-0.02751851;0.00000000;0.00000000
283;28.30000000;0.00000000;-10.57047310;19.71622528;1.67050720;1.52958460;1.59231813;-0.07125334;0.00000000;0.00000000
284;28.40000000;0.00000000;-10.57237544;19.81615341;1.67240971;1.52768186;1.58157881;-0.09537812;0.00000000;0.00000000
285;28.50000000;0.00000000;-10.57262835;19.91610194;1.67266269;1.52742869;1.57324251;-0.04294646;0.00000000;0.00000000
286;28.60000000;0.00000000;-10.57286443;20.01605051;1.67289884;1.52719233;1.57298952;-0.00337629;0.00000000;0.00000000
287;28.70000000;0.00000000;-10.57306676;20.11599916;1.67310125;1.52698972;1.57256725;-0.00506910;0.00000000;0.00000000
288;28.80000000;0.00000000;-10.57321843;20.21594790;1.67325299;1.52683778;1.57197570;0.00104083;0.00000000;0.00000000
289;28.90000000;0.00000000;-10.57330252;20.31589671;1.67333715;1.52675342;1.57277541;0.04949473;0.00000000;0.00000000
290;29.00000000;0.00000000;-10.57361404;20.41584275;1.65349314;1.52644161;1.58187465;0.08822003;0.00000000;0.00000000
291;29.10000000;0.00000000;-10.57551691;20.51577348;1.62954499;1.52453838;1.59041942;0.04827746;0.00000000;0.00000000
292;29.20000000;0.00000000;-10.57753640;20.61570192;1.61156614;1.52251851;1.59153014;0.01054306;0.00000000;0.00000000
293;29.30000000;0.00000000;-10.57966125;20.71562817;1.59974665;1.52233639;1.59252803;0.00941493;0.00000000;0.00000000
294;29.40000000;0.00000000;-10.58188018;20.81555239;1.59092350;1.52429605;1.59341312;0.00828701;0.00000000;0.00000000
295;29.50000000;0.00000000;-10.58418191;20.91547473;1.58570434;1.53270225;1.59418543;0.00715928;0.00000000;0.00000000
296;29.60000000;0.00000000;-10.58655518;21.01539540;1.58684763;1.54746102;1.59484498;0.00603172;0.00000000;0.00000000
297;29.70000000;0.00000000;-10.58898872;21.11531462;1.58927992;1.56840396;1.59539178;0.00490431;0.00000000;0.00000000
298;29.80000000;0.00000000;-10.59147126;21.21523264;1.59176119;1.59529830;1.59582584;0.00377703;0.00000000;0.00000000
299;29.90000000;0.00000000;-10.59399154;21.31514971;1.59428019;1.60666803;1.59614718;0.00264985;0.00000000;0.00000000
300;30.00000000;0.00000000;-10.59653829;21.41506612;1.59682564;1.60412419;1.59635581;0.00152274;0.00000000;0.00000000
301;30.10000000;0.00000000;-10.59910026;21.51498213;1.59938631;1.60156515;1.59645173;0.00039568;0.00000000;0.00000000
302;30.20000000;0.00000000;-10.60166619;21.61489804;1.60195093;1.59900219;1.59643495;-0.00073139;0.00000000;0.00000000
303;30.30000000;0.00000000;-10.60422480;21.71481414;1.60450825;1.59644653;1.59630546;-0.00185848;0.00000000;0.00000000
304;30.40000000;0.00000000;-10.60676485;21.81473071;1.60704703;1.59390943;1.59606325;-0.00298562;0.00000000;0.00000000
305;30.50000000;0.00000000;-10.60927507;21.91464804;1.60955599;1.59140214;1.59570833;-0.00411285;0.00000000;0.00000000
306;30.60000000;0.00000000;-10.61174419;22.01456638;1.61202390;1.58893591;1.59524068;-0.00524020;0.00000000;0.00000000
307;30.70000000;0.00000000;-10.61416095;22.11448601;1.61443948;1.58652200;1.59466029;-0.00636770;0.00000000;0.00000000
308;30.80000000;0.00000000;-10.61651409;22.21440716;1.61679148;1.58417164;1.59396714;-0.00749535;0.00000000;0.00000000
309;30.90000000;0.00000000;-10.61879233;22.31433004;1.61906863;1.58189611;1.59316122;-0.00862320;0.00000000;0.00000000
310;31.00000000;0.00000000;-10.62098440;22.41425485;1.62125967;1.57970666;1.59224250;-0.00975124;0.00000000;0.00000000
311;31.10000000;0.00000000;-10.62307904;22.51418174;1.62335333;1.57761455;1.59121097;-0.01087948;0.00000000;0.00000000
312;31.20000000;0.00000000;-10.62506496;22.61411085;1.62533834;1.57563105;1.59006661;-0.01200794;0.00000000;0.00000000
313;31.30000000;0.00000000;-10.62693088;22.71404228;1.62720341;1.57376744;1.58880938;-0.01313661;0.00000000;0.00000000
314;31.40000000;0.00000000;-10.62866553;22.81397607;1.62893728;1.57203497;1.58743929;-0.01426546;0.00000000;0.00000000
315;31.50000000;0.00000000;-10.63025762;22.91391222;1.63052866;1.57044495;1.58595629;-0.01539450;0.00000000;0.00000000
316;31.60000000;0.00000000;-10.63169586;23.01385071;1.63196625;1.56900863;1.58436039;-0.01652368;0.00000000;0.00000000
317;31.70000000;0.00000000;-10.63296896;23.11379144;1.63323878;1.56773732;1.58265156;-0.01091839;0.00000000;0.00000000
318;31.80000000;0.00000000;-10.63406563;23.21373426;1.63433495;1.56664229;1.58217671;0.03796143;0.00000000;0.00000000
319;31.90000000;0.00000000;-10.63524380;23.31367431;1.63551255;1.56546590;1.59024384;0.07924696;0.00000000;0.00000000
320;32.00000000;0.00000000;-10.63795275;23.41358645;1.63822018;1.56276027;1.59802610;0.04000113;0.00000000;0.00000000
321;32.10000000;0.00000000;-10.64068630;23.51349792;1.64095239;1.56003008;1.59824407;0.00189798;0.00000000;0.00000000
322;32.20000000;0.00000000;-10.64343880;23.61340886;1.64370356;1.55728098;1.59840570;-0.00442384;0.00000000;0.00000000
323;32.30000000;0.00000000;-10.64620465;23.71331944;1.64646806;1.55451857;1.59735930;-0.04774275;0.00000000;0.00000000
324;32.40000000;0.00000000;-10.64874801;23.81323419;1.64901020;1.55197843;1.58885714;-0.07398908;0.00000000;0.00000000
325;32.50000000;0.00000000;-10.64981463;23.91317733;1.65007635;1.55091347;1.58256149;-0.02082841;0.00000000;0.00000000
326;32.60000000;0.00000000;-10.65109978;24.01311789;1.65136093;1.54963018;1.58469146;0.02073483;0.00000000;0.00000000
327;32.70000000;0.00000000;-10.65259215;24.11305558;1.65285266;1.54813985;1.58670845;0.01960502;0.00000000;0.00000000
328;32.80000000;0.00000000;-10.65428044;24.21299016;1.65454022;1.54645379;1.58861247;0.01847533;0.00000000;0.00000000
329;32.90000000;0.00000000;-10.65615336;24.31292144;1.65641233;1.54458331;1.59040352;0.01734583;0.00000000;0.00000000
330;33.00000000;0.00000000;-10.65819962;24.41284933;1.65845769;1.54253968;1.59208163;0.01621656;0.00000000;0.00000000
331;33.10000000;0.00000000;-10.66040792;24.51277378;1.66066501;1.54033420;1.59364683;0.01508756;0.00000000;0.00000000
332;33.20000000;0.00000000;-10.66276699;24.61269477;1.66302301;1.53797815;1.59509914;0.01395883;0.00000000;0.00000000
333;33.30000000;0.00000000;-10.66526552;24.71261238;1.66552041;1.53548281;1.59643860;0.01283041;0.00000000;0.00000000
334;33.40000000;0.00000000;-10.66789225;24.81252671;1.66814593;1.53285945;1.59766523;0.01170229;0.00000000;0.00000000
335;33.50000000;0.00000000;-10.67063591;24.91243789;1.67088831;1.53011935;1.59877906;0.01057447;0.00000000;0.00000000
336;33.60000000;0.00000000;-10.67348521;25.01234612;1.66014497;1.52727376;1.59978012;0.00944695;0.00000000;0.00000000
337;33.70000000;0.00000000;-10.67642889;25.11225161;1.63387950;1.52433394;1.60066845;0.00831971;0.00000000;0.00000000
338;33.80000000;0.00000000;-10.67945569;25.21215462;1.61347045;1.52131114;1.60144406;0.00719272;0.00000000;0.00000000
339;33.90000000;0.00000000;-10.68255434;25.31205542;1.59913087;1.51832262;1.60210699;0.00606597;0.00000000;0.00000000
340;34.00000000;0.00000000;-10.68571359;25.41195433;1.59101364;1.52184592;1.60265726;0.00493942;0.00000000;0.00000000
341;34.10000000;0.00000000;-10.68892219;25.51185167;1.58920285;1.53184727;1.60309487;0.00381303;0.00000000;0.00000000
342;34.20000000;0.00000000;-10.69216888;25.61174778;1.59245018;1.54821218;1.60341986;0.00268678;0.00000000;0.00000000
343;34.30000000;0.00000000;-10.69544240;25.71164301;1.59572435;1.57075262;1.60363223;0.00156061;0.00000000;0.00000000
344;34.40000000;0.00000000;-10.69873152;25.81153773;1.59901413;1.59921820;1.60373198;0.00043450;0.00000000;0.00000000
345;34.50000000;0.00000000;-10.70202497;25.91143231;1.60230825;1.59799237;1.60371913;-0.00069160;0.00000000;0.00000000
346;34.60000000;0.00000000;-10.70531152;26.01132711;1.60559545;1.59470627;1.60359367;-0.00181773;0.00000000;0.00000000
347;34.70000000;0.00000000;-10.70857991;26.11122251;1.60886449;1.59143832;1.60335558;-0.00294394;0.00000000;0.00000000
348;34.80000000;0.00000000;-10.71181889;26.21111887;1.61210411;1.58819979;1.60300488;-0.00407026;0.00000000;0.00000000
349;34.90000000;0.00000000;-10.71501721;26.31101653;1.61530305;1.58500192;1.60254153;-0.00519673;0.00000000;0.00000000
350;35.00000000;0.00000000;-10.71816362;26.41091585;1.61845005;1.58185596;1.60196553;-0.00632339;0.00000000;0.00000000
351;35.10000000;0.00000000;-10.72124686;26.51081713;1.62153386;1.57877316;1.60127685;-0.00745026;0.00000000;0.00000000
352;35.20000000;0.00000000;-10.72425566;26.61072068;1.62454321;1.57576479;1.60047548;-0.00857739;0.00000000;0.00000000
353;35.30000000;0.00000000;-10.72717878;26.71062678;1.62746683;1.57284210;1.59956138;-0.00970478;0.00000000;0.00000000
354;35.40000000;0.00000000;-10.73000494;26.81053566;1.63029346;1.57001635;1.59853452;-0.01083246;0.00000000;0.00000000
355;35.50000000;0.00000000;-10.73272287;26.91044755;1.63301183;1.56729882;1.59739488;-0.01643532;0.00000000;0.00000000
356;35.60000000;0.00000000;-10.73532130;27.01036261;1.63561066;1.56470078;1.59524746;-0.06049111;0.00000000;0.00000000
357;35.70000000;0.00000000;-10.73761006;27.11028362;1.63789976;1.56241237;1.58529666;-0.09003909;0.00000000;0.00000000
358;35.80000000;0.00000000;-10.73821966;27.21023062;1.63850951;1.56180297;1.57723964;-0.03726630;0.00000000;0.00000000
359;35.90000000;0.00000000;-10.73889806;27.31017717;1.63918805;1.56112477;1.57784340;0.00519129;0.00000000;0.00000000
360;36.00000000;0.00000000;-10.73962834;27.41012335;1.63991848;1.56039469;1.57827790;0.00349863;0.00000000;0.00000000
361;36.10000000;0.00000000;-10.74039359;27.51006927;1.64068387;1.55962964;1.57854313;0.00180600;0.00000000;0.00000000
362;36.20000000;0.00000000;-10.74117689;27.61001506;1.64146731;1.55884654;1.57863910;0.00011339;0.00000000;0.00000000
363;36.30000000;0.00000000;-10.74196133;27.70996083;1.64225189;1.55806232;1.57856581;0.00327152;0.00000000;0.00000000
364;36.40000000;0.00000000;-10.74272998;27.80990673;1.64302068;1.55729387;1.57929340;0.05136310;0.00000000;0.00000000
365;36.50000000;0.00000000;-10.74365984;27.90984962;1.64395071;1.55636424;1.58883843;0.09561864;0.00000000;0.00000000
366;36.60000000;0.00000000;-10.74633619;28.00976262;1.64662749;1.55368831;1.59841713;0.05601518;0.00000000;0.00000000
367;36.70000000;0.00000000;-10.74918047;28.10967099;1.64947225;1.55084449;1.60004146;0.01567898;0.00000000;0.00000000
368;36.80000000;0.00000000;-10.75218139;28.20957477;1.65247371;1.54784406;1.60155293;0.01455049;0.00000000;0.00000000
369;36.90000000;0.00000000;-10.75532767;28.30947408;1.65562059;1.54469831;1.60295156;0.01744739;0.00000000;0.00000000
370;37.00000000;0.00000000;-10.75860804;28.40936908;1.65890161;1.54141850;1.60504240;0.05923564;0.00000000;0.00000000
371;37.10000000;0.00000000;-10.76217199;28.50925294;1.66246637;1.53785519;1.61479869;0.08742857;0.00000000;0.00000000
372;37.20000000;0.00000000;-10.76740080;28.60906492;1.66769706;1.53262749;1.62252812;0.03243634;0.00000000;0.00000000
373;37.30000000;0.00000000;-10.77250844;28.70888317;1.67280647;1.52752095;1.62128595;-0.01270357;0.00000000;0.00000000
374;37.40000000;0.00000000;-10.77748927;28.80870783;1.67778898;1.52254120;1.61998740;-0.01326762;0.00000000;0.00000000
375;37.50000000;0.00000000;-10.78233765;28.90853902;1.68263895;1.51769388;1.61863243;-0.01383196;0.00000000;0.00000000
376;37.60000000;0.00000000;-10.78704795;29.00837681;1.66205008;1.51298462;1.61722101;-0.01439659;0.00000000;0.00000000
377;37.70000000;0.00000000;-10.79161451;29.10822128;1.63979055;1.50841907;1.61575311;-0.01151556;0.00000000;0.00000000
378;37.80000000;0.00000000;-10.79603168;29.20807247;1.62324186;1.50400287;1.61491790;0.03089261;0.00000000;0.00000000
379;37.90000000;0.00000000;-10.80043140;29.30792353;1.61271167;1.49960414;1.62193164;0.06087954;0.00000000;0.00000000
380;38.00000000;0.00000000;-10.80624875;29.40770289;1.60975485;1.49378835;1.62709381;0.00641829;0.00000000;0.00000000
381;38.10000000;0.00000000;-10.81167917;29.50750406;1.61261102;1.49099480;1.62321529;-0.03879688;0.00000000;0.00000000
382;38.20000000;0.00000000;-10.81672235;29.60732555;1.61674566;1.49528030;1.61933443;-0.03881950;0.00000000;0.00000000
383;38.30000000;0.00000000;-10.82137799;29.70716586;1.62140060;1.50410983;1.61545139;-0.03884038;0.00000000;0.00000000
384;38.40000000;0.00000000;-10.82564581;29.80702351;1.62566782;1.51604921;1.61156636;-0.03885950;0.00000000;0.00000000
385;38.50000000;0.00000000;-10.82952555;29.90689698;1.62954706;1.53479875;1.60767949;-0.03887688;0.00000000;0.00000000
386;38.60000000;0.00000000;-10.83301698;30.00678479;1.63303807;1.56011283;1.60379098;-0.03602328;0.00000000;0.00000000
387;38.70000000;0.00000000;-10.83611990;30.10668542;1.63614064;1.56416755;1.60047484;0.00706992;0.00000000;0.00000000
388;38.80000000;0.00000000;-10.83894876;30.20659367;1.63896920;1.56133781;1.60520496;0.03888480;0.00000000;0.00000000
389;38.90000000;0.00000000;-10.84299660;30.30646041;1.64301653;1.55728852;1.60825180;-0.01518208;0.00000000;0.00000000
390;39.00000000;0.00000000;-10.84643422;30.40635002;1.64645377;1.55384977;1.60216855;-0.05787823;0.00000000;0.00000000
391;39.10000000;0.00000000;-10.84926677;30.50625862;1.64928603;1.55101635;1.59667615;-0.01419816;0.00000000;0.00000000
392;39.20000000;0.00000000;-10.85160694;30.60617970;1.65162598;1.54867546;1.59932892;0.01856488;0.00000000;0.00000000
393;39.30000000;0.00000000;-10.85496950;30.70607178;1.65498818;1.54531181;1.60038913;-0.03499363;0.00000000;0.00000000
394;39.40000000;0.00000000;-10.85752155;30.80598787;1.65753999;1.54275898;1.59233019;-0.07749277;0.00000000;0.00000000
395;39.50000000;0.00000000;-10.85927370;30.90592119;1.65929199;1.54100624;1.58489057;-0.03321456;0.00000000;0.00000000
396;39.60000000;0.00000000;-10.86033884;31.00586411;1.65463618;1.53994056;1.58568728;0.00041362;0.00000000;0.00000000
397;39.70000000;0.00000000;-10.86225022;31.10579442;1.62595562;1.53802856;1.58497330;-0.05263078;0.00000000;0.00000000
398;39.80000000;0.00000000;-10.86317264;31.20573876;1.60203597;1.53710559;1.57516112;-0.09727980;0.00000000;0.00000000
399;39.90000000;0.00000000;-10.86312272;31.30568735;1.58311192;1.54229829;1.56551734;-0.09316257;0.00000000;0.00000000
400;40.00000000;0.00000000;-10.86211741;31.40563092;1.56938290;1.55485987;1.55652861;-0.04587071;0.00000000;0.00000000
401;40.10000000;0.00000000;-10.86027076;31.50556253;1.56110107;1.57450187;1.55634319;0.03180145;0.00000000;0.00000000
402;40.20000000;0.00000000;-10.85922839;31.60550585;1.55999952;1.59938536;1.56288890;0.01214841;0.00000000;0.00000000
403;40.30000000;0.00000000;-10.85869011;31.70545280;1.55946108;1.62955211;1.55877288;-0.08132685;0.00000000;0.00000000
404;40.40000000;0.00000000;-10.85682505;31.80538382;1.55759601;1.64344055;1.54662353;-0.02999459;0.00000000;0.00000000
405;40.50000000;0.00000000;-10.85385861;31.90528716;1.55462924;1.64640790;1.55277396;0.10146903;0.00000000;0.00000000
406;40.60000000;0.00000000;-10.85322288;32.00523393;1.55399339;1.64704415;1.56691733;0.09095551;0.00000000;0.00000000
407;40.70000000;0.00000000;-10.85308322;32.10518266;1.55385341;1.64718438;1.57096506;0.03145747;0.00000000;0.00000000
408;40.80000000;0.00000000;-10.85325661;32.20513135;1.55402635;1.64701160;1.57320883;0.01367845;0.00000000;0.00000000
409;40.90000000;0.00000000;-10.85356547;32.30507973;1.55433466;1.64670339;1.57370075;-0.00323252;0.00000000;0.00000000
410;41.00000000;0.00000000;-10.85383720;32.40502821;1.55460588;1.64643229;1.57256232;-0.01911391;0.00000000;0.00000000
411;41.10000000;0.00000000;-10.85391849;32.50497702;1.55468675;1.64635161;1.56987797;-0.03435092;0.00000000;0.00000000
412;41.20000000;0.00000000;-10.85365362;32.60492552;1.55442164;1.64661702;1.56569214;-0.04899081;0.00000000;0.00000000
413;41.30000000;0.00000000;-10.85289818;32.70487152;1.55366610;1.64737298;1.56007981;-0.06225108;0.00000000;0.00000000
414;41.40000000;0.00000000;-10.85151147;32.80481070;1.55227940;1.64876023;1.55324192;-0.07467218;0.00000000;0.00000000
415;41.50000000;0.00000000;-10.84938930;32.90473688;1.55015720;1.65088304;1.54514537;-0.08654725;0.00000000;0.00000000
416;41.60000000;0.00000000;-10.84638453;33.00464022;1.54715211;1.63380984;1.53593247;-0.09797904;0.00000000;0.00000000
417;41.70000000;0.00000000;-10.84242162;33.10450995;1.54318831;1.61049503;1.52554956;-0.10907752;0.00000000;0.00000000
418;41.80000000;0.00000000;-10.83734310;33.20432873;1.54449420;1.59422678;1.51411697;-0.11730334;0.00000000;0.00000000
419;41.90000000;0.00000000;-10.83109793;33.30408109;1.55108570;1.58527566;1.50208890;-0.12660633;0.00000000;0.00000000
420;42.00000000;0.00000000;-10.82361990;33.40374820;1.56282845;1.58383419;1.48879570;-0.13864433;0.00000000;0.00000000
421;42.10000000;0.00000000;-10.81472531;33.50329790;1.57942367;1.58782039;1.47436003;-0.14614146;0.00000000;0.00000000
422;42.20000000;0.00000000;-10.80437338;33.60270661;1.60067577;1.59565497;1.45956741;-0.15047318;0.00000000;0.00000000
423;42.30000000;0.00000000;-10.79253797;33.70194914;1.59258510;1.60455085;1.44426539;-0.15990725;0.00000000;0.00000000
424;42.40000000;0.00000000;-10.77914919;33.80099356;1.58153385;1.58620751;1.42758596;-0.17465381;0.00000000;0.00000000
425;42.50000000;0.00000000;-10.76401069;33.89978395;1.57498535;1.57577091;1.40933463;-0.18363623;0.00000000;0.00000000
426;42.60000000;0.00000000;-10.74701640;33.99827303;1.56835657;1.57351334;1.39085871;-0.18487959;0.00000000;0.00000000
427;42.70000000;0.00000000;-10.72823842;34.09643742;1.56467877;1.57940395;1.37235872;-0.18863263;0.00000000;0.00000000
428;42.80000000;0.00000000;-10.70761256;34.19423015;1.56549569;1.57107609;1.35313219;-0.19830314;0.00000000;0.00000000
429;42.90000000;0.00000000;-10.68507467;34.29160012;1.57072699;1.55206525;1.33269809;-0.21761647;0.00000000;0.00000000
430;43.00000000;0.00000000;-10.66047084;34.38846722;1.58015993;1.54144022;1.30960889;-0.23272028;0.00000000;0.00000000
431;43.10000000;0.00000000;-10.63346201;34.48469379;1.58786858;1.53974175;1.28615403;-0.22906310;0.00000000;0.00000000
432;43.20000000;0.00000000;-10.60434205;34.58030330;1.58770496;1.54524778;1.26379627;-0.22766636;0.00000000;0.00000000
433;43.30000000;0.00000000;-10.57305838;34.67522775;1.59155910;1.55487484;1.24062076;-0.25091338;0.00000000;0.00000000
434;43.40000000;0.00000000;-10.53953923;34.76938658;1.59930726;1.57312929;1.21361360;-0.27433552;0.00000000;0.00000000
435;43.50000000;0.00000000;-10.50317569;34.86248549;1.61022355;1.59977813;1.18575365;-0.26689627;0.00000000;0.00000000
436;43.60000000;0.00000000;-10.46446406;34.95463310;1.61546808;1.59376876;1.16023434;-0.25686946;0.00000000;0.00000000
437;43.70000000;0.00000000;-10.42339845;35.04575526;1.61646063;1.58623644;1.13437976;-0.26072326;0.00000000;0.00000000
438;43.80000000;0.00000000;-10.37997658;35.13577724;1.61490735;1.57925685;1.10808969;-0.22838618;0.00000000;0.00000000
439;43.90000000;0.00000000;-10.33417973;35.22461327;1.61157464;1.57191463;1.08870253;-0.20676408;0.00000000;0.00000000
440;44.00000000;0.00000000;-10.28730031;35.31288537;1.61321559;1.57212996;1.06673688;-0.25827772;0.00000000;0.00000000
441;44.10000000;0.00000000;-10.23764842;35.39962033;1.61515592;1.56213541;1.03704698;-0.28448291;0.00000000;0.00000000
442;44.20000000;0.00000000;-10.18561524;35.48495164;1.60598156;1.55710742;1.00984029;-0.27070014;0.00000000;0.00000000
443;44.30000000;0.00000000;-10.13131807;35.56886013;1.60032428;1.56115497;0.98290695;-0.27102141;0.00000000;0.00000000
444;44.40000000;0.00000000;-10.07476644;35.65126563;1.59818983;1.57424024;0.95563601;-0.29630651;0.00000000;0.00000000
445;44.50000000;0.00000000;-10.01597614;35.73208882;1.59956201;1.58888304;0.92364565;-0.32475976;0.00000000;0.00000000
446;44.60000000;0.00000000;-9.95427501;35.81070528;1.60352138;1.59129376;0.89068406;-0.30659711;0.00000000;0.00000000
447;44.70000000;0.00000000;-9.89028817;35.88748033;1.61075820;1.59706880;0.86232623;-0.27859606;0.00000000;0.00000000
448;44.80000000;0.00000000;-9.82422596;35.96247713;1.61707263;1.60503823;0.83496485;-0.27365158;0.00000000;0.00000000
449;44.90000000;0.00000000;-9.75613559;36.03563755;1.62065638;1.58233421;0.80759591;-0.27350287;0.00000000;0.00000000
450;45.00000000;0.00000000;-9.68606916;36.10690777;1.62150726;1.56840662;0.78026427;-0.27290605;0.00000000;0.00000000
451;45.10000000;0.00000000;-9.61408327;36.17623874;1.61962967;1.56349456;0.75301470;-0.29961279;0.00000000;0.00000000
452;45.20000000;0.00000000;-9.54023862;36.24358648;1.61503448;1.56767603;0.72034171;-0.35455341;0.00000000;0.00000000
453;45.30000000;0.00000000;-9.46388382;36.30806469;1.60663243;1.57605993;0.68210402;-0.35623851;0.00000000;0.00000000
454;45.40000000;0.00000000;-9.38511309;36.36957125;1.59874023;1.58824177;0.64909401;-0.29796206;0.00000000;0.00000000
455;45.50000000;0.00000000;-9.30466558;36.42887564;1.59430717;1.55849201;0.62251161;-0.25905572;0.00000000;0.00000000
456;45.60000000;0.00000000;-9.22273401;36.48611194;1.59358845;1.53453142;0.59728287;-0.24982289;0.00000000;0.00000000
457;45.70000000;0.00000000;-9.13939813;36.54128318;1.59663760;1.51926565;0.57254703;-0.24479418;0.00000000;0.00000000
458;45.80000000;0.00000000;-9.05473675;36.59439758;1.60348131;1.51291716;0.54832403;-0.23958380;0.00000000;0.00000000
459;45.90000000;0.00000000;-8.96882724;36.64546815;1.60178791;1.51554970;0.52463027;-0.23422658;0.00000000;0.00000000
460;46.00000000;0.00000000;-8.88174521;36.69451235;1.59891683;1.52706223;0.50147872;-0.24230536;0.00000000;0.00000000
461;46.10000000;0.00000000;-8.79356415;36.74155160;1.60000359;1.53210741;0.47616920;-0.25730204;0.00000000;0.00000000
462;46.20000000;0.00000000;-8.70411681;36.78612445;1.60455454;1.53720111;0.45001831;-0.24525227;0.00000000;0.00000000
463;46.30000000;0.00000000;-8.61359762;36.82848941;1.61285347;1.55116401;0.42711874;-0.23746292;0.00000000;0.00000000
464;46.40000000;0.00000000;-8.52219889;36.86892227;1.62516561;1.54924737;0.40252573;-0.26087534;0.00000000;0.00000000
465;46.50000000;0.00000000;-8.42971606;36.90678133;1.64073513;1.54503162;0.37494367;-0.25011197;0.00000000;0.00000000
466;46.60000000;0.00000000;-8.33622555;36.94211422;1.65159484;1.53810878;0.35250333;-0.19899209;0.00000000;0.00000000
467;46.70000000;0.00000000;-8.24212493;36.97579010;1.65311763;1.53942914;0.33514526;-0.17051403;0.00000000;0.00000000
468;46.80000000;0.00000000;-8.14746332;37.00785708;1.64737449;1.52617784;0.31840053;-0.16443543;0.00000000;0.00000000
469;46.90000000;0.00000000;-8.05228669;37.03836367;1.63998005;1.51945272;0.30225817;-0.15985580;0.00000000;0.00000000
470;47.00000000;0.00000000;-7.95663802;37.06735874;1.63707606;1.51487283;0.28642937;-0.16525356;0.00000000;0.00000000
471;47.10000000;0.00000000;-7.86054299;37.09483762;1.63869014;1.51845649;0.26920746;-0.16923045;0.00000000;0.00000000
472;47.20000000;0.00000000;-7.76395108;37.12052205;1.63254342;1.51928920;0.25258328;-0.15438635;0.00000000;0.00000000
473;47.30000000;0.00000000;-7.66699361;37.14479183;1.62604106;1.52099217;0.23833019;-0.13768837;0.00000000;0.00000000
474;47.40000000;0.00000000;-7.56970883;37.16771274;1.62428152;1.53061739;0.22504560;-0.13579191;0.00000000;0.00000000
475;47.50000000;0.00000000;-7.47214174;37.18939798;1.62674654;1.53611953;0.21117180;-0.13711582;0.00000000;0.00000000
476;47.60000000;0.00000000;-7.37426013;37.20961064;1.62871026;1.53726031;0.19762244;-0.12469569;0.00000000;0.00000000
477;47.70000000;0.00000000;-7.27614184;37.22864421;1.63559017;1.54607475;0.18623267;-0.13224299;0.00000000;0.00000000
478;47.80000000;0.00000000;-7.17782466;37.24662223;1.62874206;1.55760420;0.17117384;-0.16525373;0.00000000;0.00000000
479;47.90000000;0.00000000;-7.07918481;37.26269128;1.61609204;1.54693229;0.15318192;-0.15176381;0.00000000;0.00000000
480;48.00000000;0.00000000;-6.98028437;37.27712075;1.60790072;1.54315230;0.14082108;-0.09757438;0.00000000;0.00000000
481;48.10000000;0.00000000;-6.88126942;37.29074764;1.60508939;1.54664789;0.13366704;-0.06477814;0.00000000;0.00000000
482;48.20000000;0.00000000;-6.78217176;37.30376072;1.60787755;1.55718044;0.12786545;-0.05388392;0.00000000;0.00000000
483;48.30000000;0.00000000;-6.68300504;37.31623788;1.61631464;1.57453102;0.12289026;-0.04648423;0.00000000;0.00000000
484;48.40000000;0.00000000;-6.58378252;37.32826430;1.62834783;1.57252308;0.11856861;-0.04339819;0.00000000;0.00000000
485;48.50000000;0.00000000;-6.48451161;37.33988388;1.61842903;1.56090326;0.11421062;-0.04150659;0.00000000;0.00000000
486;48.60000000;0.00000000;-6.38518801;37.35104504;1.60275245;1.54972688;0.11026729;-0.02929408;0.00000000;0.00000000
487;48.70000000;0.00000000;-6.28582833;37.36188137;1.59287751;1.53887636;0.10835181;-0.00958285;0.00000000;0.00000000
488;48.80000000;0.00000000;-6.18646258;37.37266196;1.58918326;1.53445672;0.10835072;0.00187934;0.00000000;0.00000000
489;48.90000000;0.00000000;-6.08710287;37.38349808;1.59182448;1.53648382;0.10872767;0.00611174;0.00000000;0.00000000
490;49.00000000;0.00000000;-5.98774529;37.39435358;1.59630063;1.54496841;0.10957306;0.01036382;0.00000000;0.00000000
491;49.10000000;0.00000000;-5.88840408;37.40535767;1.60548789;1.55967719;0.11080044;-0.02359384;0.00000000;0.00000000
492;49.20000000;0.00000000;-5.78907426;37.41645694;1.60921878;1.58048828;0.10485430;-0.08624639;0.00000000;0.00000000
493;49.30000000;0.00000000;-5.68960981;37.42627883;1.58815843;1.57378397;0.09355116;-0.06312399;0.00000000;0.00000000
494;49.40000000;0.00000000;-5.59005387;37.43513003;1.57221032;1.56493697;0.09222950;0.02824602;0.00000000;0.00000000
495;49.50000000;0.00000000;-5.49056348;37.44468900;1.56321474;1.55763803;0.09920036;0.03229013;0.00000000;0.00000000
496;49.60000000;0.00000000;-5.39114076;37.45492727;1.56126419;1.55605257;0.09868752;-0.00261322;0.00000000;0.00000000
497;49.70000000;0.00000000;-5.29164064;37.46438419;1.56492146;1.56166112;0.09867772;0.00156022;0.00000000;0.00000000
498;49.80000000;0.00000000;-5.19221762;37.47462051;1.57516839;1.56970880;0.09899957;0.00600714;0.00000000;0.00000000
499;49.90000000;0.00000000;-5.09272363;37.48414147;1.58469836;1.58190538;0.09987915;0.01071857;0.00000000;0.00000000
500;50.00000000;0.00000000;-4.99331868;37.49455269;1.59512068;1.59938859;0.10114328;0.01571452;0.00000000;0.00000000
501;50.10000000;0.00000000;-4.89384909;37.50432517;1.60490280;1.59584667;0.10302205;0.01852956;0.00000000;0.00000000
502;50.20000000;0.00000000;-4.79448390;37.51510984;1.61569960;1.58505420;0.10484920;-0.02273562;0.00000000;0.00000000
503;50.30000000;0.00000000;-4.69505044;37.52524577;1.62584610;1.57491151;0.09847493;-0.01973804;0.00000000;0.00000000
504;50.40000000;0.00000000;-4.59555602;37.53476282;1.61510320;1.56538858;0.10090159;0.02370463;0.00000000;0.00000000
505;50.50000000;0.00000000;-4.49617287;37.54538121;1.59723237;1.55476298;0.10321585;-0.06214903;0.00000000;0.00000000
506;50.60000000;0.00000000;-4.39672416;37.55535861;1.58483104;1.54934021;0.08847178;-0.14183505;0.00000000;0.00000000
507;50.70000000;0.00000000;-4.29707112;37.56304220;1.57637154;1.55265485;0.07484884;-0.04403113;0.00000000;0.00000000
508;50.80000000;0.00000000;-4.19738687;37.57030670;1.57380484;1.56278616;0.07966556;0.04992857;0.00000000;0.00000000
509;50.90000000;0.00000000;-4.09781245;37.57894992;1.57895809;1.57783245;0.08483456;0.00708300;0.00000000;0.00000000
510;51.00000000;0.00000000;-3.99820839;37.58724457;1.58725393;1.59933571;0.08108216;-0.04005100;0.00000000;0.00000000
511;51.10000000;0.00000000;-3.89857191;37.59514027;1.59515076;1.60535229;0.07682436;-0.04471665;0.00000000;0.00000000
512;51.20000000;0.00000000;-3.79890082;37.60258644;1.60259799;1.59791615;0.07213883;-0.00078992;0.00000000;0.00000000
513;51.30000000;0.00000000;-3.69919479;37.60954810;1.60956061;1.59096363;0.07666637;0.04820222;0.00000000;0.00000000
514;51.40000000;0.00000000;-3.59959521;37.61789649;1.61791043;1.58262771;0.08177927;0.00595787;0.00000000;0.00000000
515;51.50000000;0.00000000;-3.49996550;37.62587735;1.62589265;1.57465863;0.07785795;-0.04147133;0.00000000;0.00000000
516;51.60000000;0.00000000;-3.40030350;37.63344436;1.62886169;1.56710260;0.07348500;0.00268953;0.00000000;0.00000000
517;51.70000000;0.00000000;-3.30060780;37.64055357;1.60947889;1.56053761;0.07839585;0.05297110;0.00000000;0.00000000
518;51.80000000;0.00000000;-3.20102500;37.64909905;1.59188386;1.55891998;0.08407922;0.01193415;0.00000000;0.00000000
519;51.90000000;0.00000000;-3.10141655;37.65734100;1.58005952;1.56400592;0.08078268;-0.03519265;0.00000000;0.00000000
520;52.00000000;0.00000000;-3.00177951;37.66522974;1.57414934;1.57577966;0.07704070;-0.03938843;0.00000000;0.00000000
521;52.10000000;0.00000000;-2.90211218;37.67272599;1.57418072;1.59413127;0.07290500;-0.04333056;0.00000000;0.00000000
522;52.20000000;0.00000000;-2.80241332;37.67979034;1.58011406;1.61854242;0.06837458;0.00038026;0.00000000;0.00000000
523;52.30000000;0.00000000;-2.70268217;37.68638323;1.58670099;1.61361908;0.07298105;0.05110189;0.00000000;0.00000000
524;52.40000000;0.00000000;-2.60305287;37.69436576;1.59467536;1.60563707;0.07859496;0.01249765;0.00000000;0.00000000
525;52.50000000;0.00000000;-2.50340201;37.70207797;1.60238002;1.59792543;0.07548058;-0.03399435;0.00000000;0.00000000
526;52.60000000;0.00000000;-2.40372467;37.70943981;1.60973501;1.59056419;0.07179609;-0.03853557;0.00000000;0.00000000
527;52.70000000;0.00000000;-2.30401971;37.71641749;1.61670656;1.58358709;0.06777347;0.00495300;0.00000000;0.00000000
528;52.80000000;0.00000000;-2.20428638;37.72297716;1.62326079;1.57702800;0.07278669;0.05614117;0.00000000;0.00000000
529;52.90000000;0.00000000;-2.10465682;37.73095414;1.61953951;1.56905192;0.07900170;0.01957283;0.00000000;0.00000000
530;53.00000000;0.00000000;-2.00501271;37.73875296;1.59734009;1.56125404;0.07670126;-0.02626681;0.00000000;0.00000000
531;53.10000000;0.00000000;-1.90534707;37.74627149;1.58087981;1.55373645;0.07374834;-0.03093468;0.00000000;0.00000000
532;53.20000000;0.00000000;-1.80565864;37.75348170;1.57031131;1.54943285;0.07051432;-0.03374841;0.00000000;0.00000000
533;53.30000000;0.00000000;-1.70594647;37.76035544;1.56572588;1.55190595;0.06699866;-0.03656765;0.00000000;0.00000000
534;53.40000000;0.00000000;-1.60620982;37.76686453;1.56714794;1.56115147;0.06320079;0.00644712;0.00000000;0.00000000
535;53.50000000;0.00000000;-1.50644833;37.77298070;1.57326679;1.57707791;0.06828808;0.05809844;0.00000000;0.00000000
536;53.60000000;0.00000000;-1.40678375;37.78050416;1.58079454;1.59773609;0.07482048;0.02405785;0.00000000;0.00000000
537;53.70000000;0.00000000;-1.30711064;37.78792313;1.58821767;1.61245887;0.07309965;-0.02112933;0.00000000;0.00000000
538;53.80000000;0.00000000;-1.20742006;37.79510359;1.59540201;1.60527380;0.07059461;-0.02617464;0.00000000;0.00000000
539;53.90000000;0.00000000;-1.10771104;37.80202310;1.60232510;1.59835002;0.06786472;-0.02842501;0.00000000;0.00000000
540;54.00000000;0.00000000;-1.00798276;37.80865917;1.60896443;1.59171004;0.06490961;-0.03067901;0.00000000;0.00000000
541;54.10000000;0.00000000;-0.90823460;37.81498926;1.61529746;1.58537641;0.06172892;-0.03293662;0.00000000;0.00000000
542;54.20000000;0.00000000;-0.80846613;37.82099078;1.62130160;1.57937170;0.05832229;-0.03519773;0.00000000;0.00000000
543;54.30000000;0.00000000;-0.70867717;37.82664112;1.62695422;1.57371855;0.05468937;-0.03746217;0.00000000;0.00000000
544;54.40000000;0.00000000;-0.60886774;37.83191759;1.63223264;1.56843961;0.05082985;-0.03972968;0.00000000;0.00000000
545;54.50000000;0.00000000;-0.50903815;37.83679749;1.63711417;1.56355759;0.04674344;-0.04199989;0.00000000;0.00000000
546;54.60000000;0.00000000;-0.40918896;37.84125806;1.64157608;1.55909521;0.04242988;0.00026796;0.00000000;0.00000000
547;54.70000000;0.00000000;-0.30932100;37.84527655;1.64559561;1.55507523;0.04679703;0.05243651;0.00000000;0.00000000
548;54.80000000;0.00000000;-0.20951545;37.85060902;1.65093011;1.54974023;0.05291718;0.02151968;0.00000000;0.00000000
549;54.90000000;0.00000000;-0.10970411;37.85584958;1.64568868;1.54449724;0.05110097;-0.02306062;0.00000000;0.00000000
550;55.00000000;0.00000000;-0.00987893;37.86081953;1.62318706;1.53952511;0.04830506;-0.02880743;0.00000000;0.00000000
551;55.10000000;0.00000000;0.08996015;37.86550188;1.60631394;1.53484079;0.04533948;-0.03050487;0.00000000;0.00000000
552;55.20000000;0.00000000;0.18981304;37.86987967;1.59523114;1.53046128;0.04220408;-0.03220381;0.00000000;0.00000000
553;55.30000000;0.00000000;0.28967951;37.87393586;1.58556704;1.53177441;0.03889872;-0.03390406;0.00000000;0.00000000
554;55.40000000;0.00000000;0.38955914;37.87765346;1.58032277;1.53992546;0.03542327;-0.03560540;0.00000000;0.00000000
555;55.50000000;0.00000000;0.48945138;37.88101540;1.58103521;1.55482354;0.03177764;-0.03730755;0.00000000;0.00000000
556;55.60000000;0.00000000;0.58935546;37.88400465;1.58402413;1.57629364;0.02796176;-0.03901019;0.00000000;0.00000000
557;55.70000000;0.00000000;0.68927043;37.88660415;1.58662337;1.60408781;0.02397560;-0.04071293;0.00000000;0.00000000
558;55.80000000;0.00000000;0.78919514;37.88879684;1.58881586;1.61142686;0.01981917;-0.04241534;0.00000000;0.00000000
559;55.90000000;0.00000000;0.88912826;37.89056568;1.59058454;1.60965906;0.01549253;-0.00029093;0.00000000;0.00000000
560;56.00000000;0.00000000;0.98906819;37.89189363;1.59191237;1.60833199;0.01976099;0.05243949;0.00000000;0.00000000
561;56.10000000;0.00000000;1.08898154;37.89451550;1.59453397;1.60571163;0.02598043;0.02350825;0.00000000;0.00000000
562;56.20000000;0.00000000;1.18889730;37.89708645;1.59710467;1.60314215;0.02446264;-0.02050053;0.00000000;0.00000000
563;56.30000000;0.00000000;1.28881922;37.89940503;1.59942303;1.60082490;0.02188033;-0.02638910;0.00000000;0.00000000
564;56.40000000;0.00000000;1.38874691;37.90145992;1.60147774;1.59877121;0.01918482;-0.02752110;0.00000000;0.00000000
565;56.50000000;0.00000000;1.48867988;37.90323979;1.60325746;1.59699242;0.01637611;-0.02865308;0.00000000;0.00000000
566;56.60000000;0.00000000;1.58861753;37.90473331;1.60475085;1.59549985;0.01345420;-0.02978491;0.00000000;0.00000000
567;56.70000000;0.00000000;1.68855919;37.90592917;1.60594660;1.59430485;0.01041912;-0.03091641;0.00000000;0.00000000
568;56.80000000;0.00000000;1.78850406;37.90681603;1.60683338;1.59341874;0.00727092;-0.03204740;0.00000000;0.00000000
569;56.90000000;0.00000000;1.88845125;37.90738259;1.60739987;1.59285285;0.00400964;-0.03317770;0.00000000;0.00000000
570;57.00000000;0.00000000;1.98839977;37.90761755;1.60763477;1.59261849;0.00063538;-0.03430707;0.00000000;0.00000000
571;57.10000000;0.00000000;2.08834851;37.90750960;1.60752677;1.59272697;-0.00285177;-0.03543529;0.00000000;0.00000000
572;57.20000000;0.00000000;2.18829623;37.90704748;1.60706459;1.59318960;-0.00645168;0.00687098;0.00000000;0.00000000
573;57.30000000;0.00000000;2.28824158;37.90621994;1.60623698;1.59401764;-0.00147758;0.06013611;0.00000000;0.00000000
574;57.40000000;0.00000000;2.38818771;37.90675213;1.60676910;1.59348614;0.00557554;0.03251398;0.00000000;0.00000000
575;57.50000000;0.00000000;2.48813485;37.90733446;1.60735137;1.59290448;0.00502522;-0.01090400;0.00000000;0.00000000
576;57.60000000;0.00000000;2.58808280;37.90775666;1.60777349;1.59248293;0.00339474;-0.01658705;0.00000000;0.00000000
577;57.70000000;0.00000000;2.68803131;37.90801306;1.60802984;1.59222713;0.00170781;-0.01715154;0.00000000;0.00000000
578;57.80000000;0.00000000;2.78798011;37.90809804;1.60811476;1.59214272;-0.00003556;-0.01771589;0.00000000;0.00000000
579;57.90000000;0.00000000;2.88792891;37.90800595;1.60802262;1.59223536;-0.00183537;-0.01828008;0.00000000;0.00000000
580;58.00000000;0.00000000;2.98787736;37.90773116;1.60774777;1.59251069;-0.00369158;-0.01884407;0.00000000;0.00000000
581;58.10000000;0.00000000;3.08782513;37.90726802;1.60728458;1.59297434;-0.00560418;-0.01940782;0.00000000;0.00000000
582;58.20000000;0.00000000;3.18777180;37.90661090;1.60662740;1.59363196;-0.00757314;-0.01997130;0.00000000;0.00000000
583;58.30000000;0.00000000;3.28771696;37.90575418;1.60577062;1.59448918;-0.00959844;-0.02053446;0.00000000;0.00000000
584;58.40000000;0.00000000;3.38766015;37.90469222;1.60470859;1.59555163;-0.01168004;-0.02109726;0.00000000;0.00000000
585;58.50000000;0.00000000;3.48760087;37.90341942;1.60343571;1.59682495;-0.01381789;-0.02165964;0.00000000;0.00000000
586;58.60000000;0.00000000;3.58753860;37.90193015;1.60194635;1.59831476;-0.01601196;0.02082824;0.00000000;0.00000000
587;58.70000000;0.00000000;3.68747278;37.90021880;1.60023490;1.60002666;-0.00965225;0.07460657;0.00000000;0.00000000
588;58.80000000;0.00000000;3.78741973;37.90000079;1.60001683;1.60024525;-0.00109065;0.04826123;0.00000000;0.00000000
589;58.90000000;0.00000000;3.88736859;37.90000079;1.60001677;1.60024581;0.00000000;0.00545326;0.00000000;0.00000000
590;59.00000000;0.00000000;3.98731744;37.90000079;1.60001672;1.60024638;0.00000000;0.00000000;0.00000000;0.00000000
591;59.10000000;0.00000000;4.08726630;37.90000079;1.60001666;1.60024695;0.00000000;0.00000000;0.00000000;0.00000000
592;59.20000000;0.00000000;4.18721515;37.90000079;1.60001661;1.60024752;0.00000000;0.00000000;0.00000000;0.00000000
593;59.30000000;0.00000000;4.28716400;37.90000079;1.60001656;1.60024809;0.00000000;0.03789351;0.00000000;0.00000000
594;59.40000000;0.00000000;4.38711286;37.90000079;1.60001650;1.60024866;0.00757870;0.07654315;0.00000000;0.00000000
595;59.50000000;0.00000000;4.48704853;37.90151568;1.60153127;1.59873481;0.01530863;0.03395469;0.00000000;0.00000000
596;59.60000000;0.00000000;4.58698541;37.90306080;1.60307627;1.59719071;0.01436964;-0.01545525;0.00000000;0.00000000
597;59.70000000;0.00000000;4.68692542;37.90438804;1.60440340;1.59586442;0.01221758;-0.02123940;0.00000000;0.00000000
598;59.80000000;0.00000000;4.78686803;37.90550301;1.60551827;1.59475031;0.01012176;-0.02067682;0.00000000;0.00000000
599;59.90000000;0.00000000;4.88681273;37.90641132;1.60642650;1.59384280;0.00808222;-0.02011384;0.00000000;0.00000000
600;60.00000000;0.00000000;4.98675906;37.90711860;1.60713372;1.59313625;0.00609899;-0.01955052;0.00000000;0.00000000
601;60.10000000;0.00000000;5.08670658;37.90763049;1.60764554;1.59262505;0.00417211;-0.01898690;0.00000000;0.00000000
602;60.20000000;0.00000000;5.18665490;37.90795260;1.60796759;1.59230358;0.00230161;-0.01842303;0.00000000;0.00000000
603;60.30000000;0.00000000;5.28660364;37.90809057;1.60810551;1.59216621;0.00048751;-0.01785893;0.00000000;0.00000000
604;60.40000000;0.00000000;5.38655246;37.90805005;1.60806494;1.59220731;-0.00127017;-0.01729466;0.00000000;0.00000000
605;60.50000000;0.00000000;5.48650107;37.90783667;1.60785150;1.59242124;-0.00297142;-0.01673023;0.00000000;0.00000000
606;60.60000000;0.00000000;5.58644918;37.90745607;1.60747085;1.59280237;-0.00461622;-0.01616569;0.00000000;0.00000000
607;60.70000000;0.00000000;5.68639655;37.90691390;1.60692863;1.59334507;-0.00620456;-0.01560106;0.00000000;0.00000000
608;60.80000000;0.00000000;5.78634295;37.90621580;1.60623048;1.59404368;-0.00773643;-0.01503637;0.00000000;0.00000000
609;60.90000000;0.00000000;5.88628819;37.90536742;1.60538204;1.59489257;-0.00921184;-0.01447164;0.00000000;0.00000000
610;61.00000000;0.00000000;5.98623210;37.90437440;1.60438895;1.59588610;-0.01063076;-0.01390689;0.00000000;0.00000000
611;61.10000000;0.00000000;6.08617453;37.90324240;1.60325688;1.59701862;-0.01199321;-0.01334213;0.00000000;0.00000000
612;61.20000000;0.00000000;6.18611536;37.90197705;1.60199145;1.59828450;-0.01329919;-0.01277740;0.00000000;0.00000000
613;61.30000000;0.00000000;6.28605450;37.90058400;1.60059833;1.59967808;-0.01454869;-0.01221269;0.00000000;0.00000000
614;61.40000000;0.00000000;6.38599186;37.89906890;1.59908314;1.60119372;-0.01574173;-0.01164803;0.00000000;0.00000000
615;61.50000000;0.00000000;6.48592739;37.89743739;1.59745154;1.60282579;-0.01687830;0.02626343;0.00000000;0.00000000
616;61.60000000;0.00000000;6.58586105;37.89569513;1.59570917;1.60456863;-0.01048904;0.06554327;0.00000000;0.00000000
617;61.70000000;0.00000000;6.68580765;37.89534076;1.59535475;1.60492356;-0.00376964;0.02467383;0.00000000;0.00000000
618;61.80000000;0.00000000;6.78575564;37.89494159;1.59495553;1.60532327;-0.00555427;-0.02424546;0.00000000;0.00000000
619;61.90000000;0.00000000;6.88570191;37.89423049;1.59424437;1.60310447;-0.00861874;-0.03007931;0.00000000;0.00000000
620;62.00000000;0.00000000;6.98564559;37.89321875;1.59323257;1.57606649;-0.01157014;-0.02894847;0.00000000;0.00000000
621;62.10000000;0.00000000;7.08558592;37.89191770;1.59193144;1.55527881;-0.01440843;-0.02781725;0.00000000;0.00000000
622;62.20000000;0.00000000;7.18552225;37.89033864;1.59035230;1.53684956;-0.01713359;-0.02668581;0.00000000;0.00000000
623;62.30000000;0.00000000;7.28545402;37.88849290;1.59207195;1.52313795;-0.01974559;-0.02555429;0.00000000;0.00000000
624;62.40000000;0.00000000;7.38538074;37.88639181;1.59979153;1.51616136;-0.02224444;-0.02442282;0.00000000;0.00000000
625;62.50000000;0.00000000;7.48530204;37.88404666;1.61343602;1.51600151;-0.02463015;-0.02329151;0.00000000;0.00000000
626;62.60000000;0.00000000;7.58521761;37.88146880;1.63286783;1.51857878;-0.02690275;-0.02216045;0.00000000;0.00000000
627;62.70000000;0.00000000;7.68512723;37.87866952;1.65789424;1.52137741;-0.02906224;-0.02102973;0.00000000;0.00000000
628;62.80000000;0.00000000;7.78503074;37.87566014;1.67634497;1.52438610;-0.03110869;-0.01989940;0.00000000;0.00000000
629;62.90000000;0.00000000;7.88492807;37.87245197;1.67313630;1.52759353;-0.03304212;-0.01876953;0.00000000;0.00000000
630;63.00000000;0.00000000;7.98481920;37.86905630;1.66974003;1.53098841;-0.03486260;-0.01764015;0.00000000;0.00000000
631;63.10000000;0.00000000;8.08470419;37.86548443;1.66616746;1.53455945;-0.03657015;-0.01651129;0.00000000;0.00000000
632;63.20000000;0.00000000;8.18458315;37.86174765;1.66242987;1.53829537;-0.03816485;-0.01538297;0.00000000;0.00000000
633;63.30000000;0.00000000;8.28445624;37.85785722;1.65853853;1.54218490;-0.03964675;-0.01425521;0.00000000;0.00000000
634;63.40000000;0.00000000;8.38432369;37.85382443;1.65450473;1.54621675;-0.04101589;-0.01312799;0.00000000;0.00000000
635;63.50000000;0.00000000;8.48418576;37.84966054;1.65033972;1.55037968;-0.04227235;0.02450634;0.00000000;0.00000000
636;63.60000000;0.00000000;8.58404276;37.84537681;1.64605478;1.55466243;-0.03611463;0.06440269;0.00000000;0.00000000
637;63.70000000;0.00000000;8.68394677;37.84244311;1.64312066;1.55759551;-0.02939181;0.02583035;0.00000000;0.00000000
638;63.80000000;0.00000000;8.78385228;37.83950235;1.64017953;1.56053568;-0.03094856;-0.02257597;0.00000000;0.00000000
639;63.90000000;0.00000000;8.88374839;37.83625756;1.63693423;1.56377980;-0.03390700;-0.02873574;0.00000000;0.00000000
640;64.00000000;0.00000000;8.98363476;37.83272573;1.63340172;1.56731091;-0.03669570;-0.02703881;0.00000000;0.00000000
641;64.10000000;0.00000000;9.08351123;37.82892383;1.62959898;1.57111202;-0.03931476;-0.02534294;0.00000000;0.00000000
642;64.20000000;0.00000000;9.18337775;37.82486883;1.62554295;1.57516617;-0.04176429;-0.02364824;0.00000000;0.00000000
643;64.30000000;0.00000000;9.28323441;37.82057768;1.62125058;1.57945641;-0.04404441;-0.02195481;0.00000000;0.00000000
644;64.40000000;0.00000000;9.38308141;37.81606731;1.61673881;1.58396582;-0.04615525;-0.02026268;0.00000000;0.00000000
645;64.50000000;0.00000000;9.48291907;37.81135464;1.61202455;1.58647707;-0.04809695;-0.01857187;0.00000000;0.00000000
646;64.60000000;0.00000000;9.58274781;37.80645655;1.60712470;1.55947812;-0.04986963;-0.01688238;0.00000000;0.00000000
647;64.70000000;0.00000000;9.68256814;37.80138995;1.60205615;1.53867638;-0.05147342;-0.01519416;0.00000000;0.00000000
648;64.80000000;0.00000000;9.78238066;37.79617168;1.59683579;1.52430887;-0.05290846;-0.01350717;0.00000000;0.00000000
649;64.90000000;0.00000000;9.88218605;37.79081861;1.59148046;1.51654167;-0.05417486;-0.01182131;0.00000000;0.00000000
650;65.00000000;0.00000000;9.98198504;37.78534755;1.58600702;1.51545943;-0.05527272;-0.01013650;0.00000000;0.00000000
651;65.10000000;0.00000000;10.08177844;37.77977534;1.58646557;1.52103480;-0.05620216;0.02693257;0.00000000;0.00000000
652;65.20000000;0.00000000;10.18156710;37.77411879;1.59312254;1.52669463;-0.04988621;0.06748406;0.00000000;0.00000000
653;65.30000000;0.00000000;10.28142083;37.76980767;1.60731225;1.53100761;-0.04270534;0.03181746;0.00000000;0.00000000
654;65.40000000;0.00000000;10.38128037;37.76558477;1.62761359;1.53522808;-0.04352272;-0.01611805;0.00000000;0.00000000
655;65.50000000;0.00000000;10.48112898;37.76111034;1.65079572;1.53969586;-0.04592895;-0.02293483;0.00000000;0.00000000
656;65.60000000;0.00000000;10.58096706;37.75640692;1.65646168;1.54439222;-0.04810968;-0.02068076;0.00000000;0.00000000
657;65.70000000;0.00000000;10.68079522;37.75149704;1.65155306;1.54929467;-0.05006511;-0.01842866;0.00000000;0.00000000
658;65.80000000;0.00000000;10.78061416;37.74640320;1.64646059;1.55438075;-0.05179542;-0.01617845;0.00000000;0.00000000
659;65.90000000;0.00000000;10.88042473;37.74114789;1.64120673;1.55962804;-0.05330080;-0.01393000;0.00000000;0.00000000
660;66.00000000;0.00000000;10.98022790;37.73575355;1.63581394;1.56501412;-0.05458142;-0.01168316;0.00000000;0.00000000
661;66.10000000;0.00000000;11.08002469;37.73024261;1.63030464;1.57051663;-0.05563743;-0.00943773;0.00000000;0.00000000
662;66.20000000;0.00000000;11.17981625;37.72463749;1.62470124;1.57611319;-0.05646896;-0.00719347;0.00000000;0.00000000
663;66.30000000;0.00000000;11.27960375;37.71896059;1.61902612;1.58178145;-0.05707612;-0.00495015;0.00000000;0.00000000
664;66.40000000;0.00000000;11.37938843;37.71323430;1.61330167;1.58749909;-0.05745899;0.03163451;0.00000000;0.00000000
665;66.50000000;0.00000000;11.47917156;37.70748099;1.60755025;1.59324377;-0.05074922;0.07288190;0.00000000;0.00000000
666;66.60000000;0.00000000;11.57902162;37.70309436;1.60316486;1.59762447;-0.04288261;0.03999830;0.00000000;0.00000000
667;66.70000000;0.00000000;11.67888287;37.69891159;1.59898322;1.59354580;-0.04274956;-0.00751337;0.00000000;0.00000000
668;66.80000000;0.00000000;11.77873655;37.69455143;1.59462428;1.56841746;-0.04438529;-0.01495053;0.00000000;0.00000000
669;66.90000000;0.00000000;11.87858361;37.69004199;1.59011615;1.54948866;-0.04573967;-0.01213791;0.00000000;0.00000000
670;67.00000000;0.00000000;11.97842513;37.68541137;1.58548691;1.53696053;-0.04681287;-0.00932682;0.00000000;0.00000000
671;67.10000000;0.00000000;12.07826229;37.68068763;1.58076461;1.53096214;-0.04760503;-0.00651695;0.00000000;0.00000000
672;67.20000000;0.00000000;12.17809635;37.67589883;1.57597731;1.52817223;-0.04811626;-0.00370798;0.00000000;0.00000000
673;67.30000000;0.00000000;12.27792863;37.67107301;1.57331774;1.52897202;-0.04834663;-0.00089955;0.00000000;0.00000000
674;67.40000000;0.00000000;12.37776048;37.66623821;1.57699214;1.53380782;-0.04829617;-0.03614171;0.00000000;0.00000000
675;67.50000000;0.00000000;12.47759325;37.66142247;1.58698433;1.53862456;-0.05557497;-0.08691062;0.00000000;0.00000000
676;67.60000000;0.00000000;12.57734097;37.65513510;1.60170825;1.54491356;-0.06567829;-0.06751132;0.00000000;0.00000000
677;67.70000000;0.00000000;12.67705604;37.64830322;1.62193702;1.55174734;-0.06907723;-0.02313674;0.00000000;0.00000000
678;67.80000000;0.00000000;12.77676187;37.64133770;1.64152007;1.55871486;-0.07030564;0.02193503;0.00000000;0.00000000
679;67.90000000;0.00000000;12.87645986;37.63426087;1.63444010;1.56579378;-0.06469023;0.06326413;0.00000000;0.00000000
680;68.00000000;0.00000000;12.97623520;37.62841570;1.62859283;1.57164047;-0.05765281;0.03294780;0.00000000;0.00000000
681;68.10000000;0.00000000;13.07602285;37.62274274;1.62291793;1.57731486;-0.05810067;-0.01465043;0.00000000;0.00000000
682;68.20000000;0.00000000;13.17579530;37.61680806;1.61698113;1.58325110;-0.06058290;-0.02341682;0.00000000;0.00000000
683;68.30000000;0.00000000;13.27555358;37.61063977;1.61081055;1.58942108;-0.06278403;-0.02060753;0.00000000;0.00000000
684;68.40000000;0.00000000;13.37529896;37.60426593;1.60443425;1.59579675;-0.06470441;-0.01780161;0.00000000;0.00000000
685;68.50000000;0.00000000;13.47503284;37.59771454;1.59788026;1.60235007;-0.06634435;-0.01499878;0.00000000;0.00000000
686;68.60000000;0.00000000;13.57475679;37.59101358;1.59117659;1.60905307;-0.06770416;-0.01219866;0.00000000;0.00000000
687;68.70000000;0.00000000;13.67447250;37.58419098;1.58435118;1.61587781;-0.06878408;-0.00940084;0.00000000;0.00000000
688;68.80000000;0.00000000;13.77418176;37.57727464;1.57743197;1.59466994;-0.06958433;-0.00660486;0.00000000;0.00000000
689;68.90000000;0.00000000;13.87388644;37.57029246;1.57044687;1.57473484;-0.07010506;-0.00381019;0.00000000;0.00000000
690;69.00000000;0.00000000;13.97358844;37.56327228;1.56800756;1.56099492;-0.07034637;-0.00101632;0.00000000;0.00000000
691;69.10000000;0.00000000;14.07328974;37.55624197;1.57192232;1.55358667;-0.07030832;0.00177729;0.00000000;0.00000000
692;69.20000000;0.00000000;14.17299228;37.54922938;1.58217163;1.55257282;-0.06999091;0.03604981;0.00000000;0.00000000
693;69.30000000;0.00000000;14.27269801;37.54226237;1.59866106;1.55793802;-0.06309836;0.07817185;0.00000000;0.00000000
694;69.40000000;0.00000000;14.37248448;37.53662502;1.62244123;1.56357156;-0.05435654;0.05189608;0.00000000;0.00000000
695;69.50000000;0.00000000;14.47229677;37.53140218;1.63183967;1.56879110;-0.05271914;0.00462752;0.00000000;0.00000000
696;69.60000000;0.00000000;14.57210442;37.52609147;1.62653396;1.57409845;-0.05343103;-0.04066129;0.00000000;0.00000000
697;69.70000000;0.00000000;14.67190918;37.52072652;1.62117413;1.57946005;-0.06085140;-0.09049124;0.00000000;0.00000000
698;69.80000000;0.00000000;14.77162312;37.51393547;1.61439082;1.58624624;-0.07152928;-0.07578111;0.00000000;0.00000000
699;69.90000000;0.00000000;14.87129052;37.50644054;1.60690504;1.59373563;-0.07600762;-0.03118755;0.00000000;0.00000000
700;70.00000000;0.00000000;14.97094352;37.49875636;1.59923057;1.60141416;-0.07776679;-0.01619483;0.00000000;0.00000000
701;70.10000000;0.00000000;15.07058395;37.49091081;1.59139523;1.60925398;-0.07924659;-0.01340262;0.00000000;0.00000000
702;70.20000000;0.00000000;15.17021378;37.48293173;1.58342684;1.61722730;-0.08044732;0.01955585;0.00000000;0.00000000
703;70.30000000;0.00000000;15.26983510;37.47484692;1.57535315;1.61666624;-0.07533542;0.06175550;0.00000000;0.00000000
704;70.40000000;0.00000000;15.36953842;37.46788705;1.56840211;1.59308063;-0.06809622;0.03817346;0.00000000;0.00000000
705;70.50000000;0.00000000;15.46926628;37.46124538;1.56237825;1.57517763;-0.06770072;-0.00919104;0.00000000;0.00000000
706;70.60000000;0.00000000;15.56897793;37.45436419;1.56247112;1.56371060;-0.06993443;-0.02065602;0.00000000;0.00000000
707;70.70000000;0.00000000;15.66867515;37.44727706;1.56254909;1.55878801;-0.07183193;-0.01729623;0.00000000;0.00000000
708;70.80000000;0.00000000;15.76835999;37.44001751;1.56883489;1.56043829;-0.07339367;-0.01394048;0.00000000;0.00000000
709;70.90000000;0.00000000;15.86803462;37.43261900;1.58128761;1.56784204;-0.07462003;-0.01058814;0.00000000;0.00000000
710;71.00000000;0.00000000;15.96770137;37.42511498;1.59979593;1.57535149;-0.07551130;-0.00723845;0.00000000;0.00000000
711;71.10000000;0.00000000;16.06736267;37.41753881;1.61753821;1.58293320;-0.07606772;0.02508489;0.00000000;0.00000000
712;71.20000000;0.00000000;16.16702101;37.40992388;1.60992343;1.59055376;-0.07049432;0.06803637;0.00000000;0.00000000
713;71.30000000;0.00000000;16.26675724;37.40345930;1.60345901;1.59702240;-0.06246044;0.04759065;0.00000000;0.00000000
714;71.40000000;0.00000000;16.36652503;37.39744654;1.59744641;1.60303859;-0.06097619;0.00058773;0.00000000;0.00000000
715;71.50000000;0.00000000;16.46628332;37.39127786;1.59127793;1.60921089;-0.06234290;-0.01170601;0.00000000;0.00000000
716;71.60000000;0.00000000;16.56603433;37.38499241;1.58499271;1.61550010;-0.06331739;-0.03994491;0.00000000;0.00000000
717;71.70000000;0.00000000;16.66578042;37.37862931;1.57862988;1.59973784;-0.07033188;-0.06054694;0.00000000;0.00000000
718;71.80000000;0.00000000;16.76542903;37.37094544;1.57094645;1.58023825;-0.07542678;-0.01132952;0.00000000;0.00000000
719;71.90000000;0.00000000;16.86510254;37.36356651;1.56356799;1.56530601;-0.07259778;0.01112172;0.00000000;0.00000000
720;72.00000000;0.00000000;16.96479726;37.35644626;1.55946822;1.55640106;-0.07320243;-0.02106935;0.00000000;0.00000000
721;72.10000000;0.00000000;17.06446420;37.34894663;1.56138736;1.55426748;-0.07681165;-0.03412673;0.00000000;0.00000000
722;72.20000000;0.00000000;17.16410499;37.34110693;1.56934240;1.55889389;-0.08002778;-0.03020030;0.00000000;0.00000000
723;72.30000000;0.00000000;17.26372168;37.33296637;1.58328094;1.56703456;-0.08285171;0.00102852;0.00000000;0.00000000
724;72.40000000;0.00000000;17.36331666;37.32456403;1.60308491;1.57543709;-0.07982208;0.04467578;0.00000000;0.00000000
725;72.50000000;0.00000000;17.46297827;37.31702742;1.61744735;1.58297393;-0.07391656;0.02824005;0.00000000;0.00000000
726;72.60000000;0.00000000;17.56266543;37.30980196;1.61021753;1.59019966;-0.07417407;-0.01835737;0.00000000;0.00000000
727;72.70000000;0.00000000;17.66232568;37.30221384;1.60262455;1.59778814;-0.07758803;-0.03189749;0.00000000;0.00000000
728;72.80000000;0.00000000;17.76196125;37.29430789;1.59471327;1.60569454;-0.08055356;-0.02741806;0.00000000;0.00000000
729;72.90000000;0.00000000;17.86157481;37.28612881;1.58652844;1.58254658;-0.08307164;-0.02294790;0.00000000;0.00000000
730;73.00000000;0.00000000;17.96116936;37.27772117;1.58350575;1.56462347;-0.08514314;0.00770423;0.00000000;0.00000000
731;73.10000000;0.00000000;18.06074822;37.26912946;1.58660103;1.55312292;-0.08153080;0.05204250;0.00000000;0.00000000
732;73.20000000;0.00000000;18.16039789;37.26144182;1.59686087;1.54709690;-0.07473464;0.00925167;0.00000000;0.00000000
733;73.30000000;0.00000000;18.26008425;37.25420435;1.60922562;1.54706451;-0.07968046;-0.08922888;0.00000000;0.00000000
734;73.40000000;0.00000000;18.35965027;37.24553162;1.62492397;1.55490806;-0.09258042;-0.10301616;0.00000000;0.00000000
735;73.50000000;0.00000000;18.45911664;37.23572502;1.63591715;1.56469983;-0.10028369;-0.05749260;0.00000000;0.00000000
736;73.60000000;0.00000000;18.55854285;37.22551880;1.62572048;1.57489056;-0.10407894;-0.01089352;0.00000000;0.00000000
737;73.70000000;0.00000000;18.65793200;37.21495749;1.61516967;1.58543586;-0.10246240;0.03343181;0.00000000;0.00000000
738;73.80000000;0.00000000;18.75738839;37.20507301;1.60529482;1.59530639;-0.09739258;0.02264228;0.00000000;0.00000000
739;73.90000000;0.00000000;18.85687939;37.19552000;1.59717744;1.57751214;-0.09793394;-0.02353463;0.00000000;0.00000000
740;74.00000000;0.00000000;18.95632728;37.18552761;1.59485147;1.56313506;-0.10209950;-0.03914516;0.00000000;0.00000000
741;74.10000000;0.00000000;19.05573534;37.17514606;1.59839242;1.55545261;-0.10576297;-0.01053687;0.00000000;0.00000000
742;74.20000000;0.00000000;19.15510743;37.16442529;1.60781117;1.55211360;-0.10420688;0.03448341;0.00000000;0.00000000
743;74.30000000;0.00000000;19.25454490;37.15435342;1.62398060;1.55081832;-0.09886629;0.02685698;0.00000000;0.00000000
744;74.40000000;0.00000000;19.35402572;37.14469465;1.64473456;1.55554147;-0.09883548;-0.01892369;0.00000000;0.00000000
745;74.50000000;0.00000000;19.45346621;37.13462867;1.63466522;1.56561538;-0.10265103;-0.06089392;0.00000000;0.00000000
746;74.60000000;0.00000000;19.55287053;37.12421103;1.62424414;1.57604162;-0.11101426;-0.08468102;0.00000000;0.00000000
747;74.70000000;0.00000000;19.65212287;37.11248390;1.61251280;1.56532853;-0.11958723;-0.04533887;0.00000000;0.00000000
748;74.80000000;0.00000000;19.75133212;37.10036377;1.60038848;1.54906224;-0.12008204;0.01184439;0.00000000;0.00000000
749;74.90000000;0.00000000;19.85057839;37.08853775;1.59222270;1.53883151;-0.11721835;0.02658741;0.00000000;0.00000000
750;75.00000000;0.00000000;19.94985577;37.07698598;1.59058485;1.53477787;-0.11476455;0.00033978;0.00000000;0.00000000
751;75.10000000;0.00000000;20.04915870;37.06564718;1.59543366;1.53701155;-0.11715040;-0.04497068;0.00000000;0.00000000
752;75.20000000;0.00000000;20.14838093;37.05362170;1.60581336;1.54640454;-0.12375869;-0.06299951;0.00000000;0.00000000
753;75.30000000;0.00000000;20.24752554;37.04097145;1.62167800;1.55905005;-0.12975030;-0.03715312;0.00000000;0.00000000
754;75.40000000;0.00000000;20.34659673;37.02775783;1.62840552;1.57225910;-0.13118931;0.00918132;0.00000000;0.00000000
755;75.50000000;0.00000000;20.44570311;37.01482249;1.61545129;1.55407534;-0.12791404;0.01064851;0.00000000;0.00000000
756;75.60000000;0.00000000;20.54485859;37.00225813;1.60286942;1.54035514;-0.12905961;-0.01568634;0.00000000;0.00000000
757;75.70000000;0.00000000;20.64393654;36.98909556;1.59006498;1.53364456;-0.13105131;0.00522713;0.00000000;0.00000000
758;75.80000000;0.00000000;20.74303991;36.97613650;1.58295118;1.53322795;-0.12801418;0.00968486;0.00000000;0.00000000
759;75.90000000;0.00000000;20.84219586;36.96357600;1.58253372;1.53891425;-0.12911433;-0.05439061;0.00000000;0.00000000
760;76.00000000;0.00000000;20.94127184;36.95039874;1.58779817;1.55063717;-0.13889231;-0.10821348;0.00000000;0.00000000
761;76.10000000;0.00000000;21.04015663;36.93590259;1.59798317;1.56466836;-0.15075703;-0.07748308;0.00000000;0.00000000
762;76.20000000;0.00000000;21.13889123;36.92037845;1.61328378;1.58015407;-0.15438892;-0.01422051;0.00000000;0.00000000
763;76.30000000;0.00000000;21.23767441;36.90516341;1.60530209;1.58226496;-0.15360113;0.02229469;0.00000000;0.00000000
764;76.40000000;0.00000000;21.33643356;36.88979482;1.58995129;1.56749842;-0.14992998;0.04461029;0.00000000;0.00000000
765;76.50000000;0.00000000;21.43532584;36.87530548;1.57716275;1.55812447;-0.14467908;0.01959475;0.00000000;0.00000000
766;76.60000000;0.00000000;21.53424077;36.86097489;1.57080309;1.55497040;-0.14601103;-0.01366766;0.00000000;0.00000000
767;76.70000000;0.00000000;21.63309422;36.84622214;1.57036366;1.55865966;-0.14741261;-0.02950083;0.00000000;0.00000000
768;76.80000000;0.00000000;21.73196852;36.83161434;1.57642017;1.56857594;-0.15191120;-0.05996291;0.00000000;0.00000000
769;76.90000000;0.00000000;21.83068480;36.81597287;1.58771969;1.56100011;-0.15940519;-0.03025134;0.00000000;0.00000000
770;77.00000000;0.00000000;21.92932970;36.79988474;1.60381033;1.54885359;-0.15796147;0.02963736;0.00000000;0.00000000
771;77.10000000;0.00000000;22.02809135;36.78452827;1.59850349;1.54235783;-0.15347772;-0.00171363;0.00000000;0.00000000
772;77.20000000;0.00000000;22.12687587;36.76932548;1.59595616;1.54216997;-0.15830419;-0.06735213;0.00000000;0.00000000
773;77.30000000;0.00000000;22.22548406;36.75301651;1.59619433;1.54956138;-0.16694815;-0.06166989;0.00000000;0.00000000
774;77.40000000;0.00000000;22.32399184;36.73610815;1.60207262;1.56391957;-0.17063817;-0.07660789;0.00000000;0.00000000
775;77.50000000;0.00000000;22.42247032;36.71907304;1.61400071;1.56837844;-0.18226972;-0.10171986;0.00000000;0.00000000
776;77.60000000;0.00000000;22.52055845;36.69987790;1.60051216;1.56121923;-0.19098214;-0.02365298;0.00000000;0.00000000
777;77.70000000;0.00000000;22.61873274;36.68112796;1.58760362;1.55970070;-0.18700032;0.03437815;0.00000000;0.00000000
778;77.80000000;0.00000000;22.71697076;36.66271453;1.58126319;1.55850399;-0.18410651;0.02372716;0.00000000;0.00000000
779;77.90000000;0.00000000;22.81525202;36.64453308;1.58146347;1.56347281;-0.18225489;0.01354721;0.00000000;0.00000000
780;78.00000000;0.00000000;22.91355761;36.62648357;1.58810069;1.57464954;-0.18139707;0.00386131;0.00000000;0.00000000
781;78.10000000;0.00000000;23.01186992;36.60847075;1.60099918;1.59199823;-0.18148262;-0.00531159;0.00000000;0.00000000
782;78.20000000;0.00000000;23.11017241;36.59040442;1.60014689;1.59714838;-0.18245939;-0.01342061;0.00000000;0.00000000
783;78.30000000;0.00000000;23.20844933;36.57219959;1.59599772;1.58534738;-0.18416675;-0.01476701;0.00000000;0.00000000
784;78.40000000;0.00000000;23.30668957;36.55379769;1.59790084;1.57999446;-0.18541279;-0.05415232;0.00000000;0.00000000
785;78.50000000;0.00000000;23.40492026;36.53534811;1.60513599;1.58100340;-0.19499721;-0.11243572;0.00000000;0.00000000
786;78.60000000;0.00000000;23.50278972;36.51506656;1.61176315;1.57035498;-0.20789994;-0.09292251;0.00000000;0.00000000
787;78.70000000;0.00000000;23.60051218;36.49408839;1.59776296;1.56293712;-0.21358171;-0.05894422;0.00000000;0.00000000
788;78.80000000;0.00000000;23.69814479;36.47269605;1.58612195;1.56231667;-0.21968878;-0.06501281;0.00000000;0.00000000
789;78.90000000;0.00000000;23.79560332;36.45052597;1.57993060;1.56887311;-0.22658427;-0.07058053;0.00000000;0.00000000
790;79.00000000;0.00000000;23.89293145;36.42778930;1.57946882;1.57362132;-0.23380489;-0.07598811;0.00000000;0.00000000
791;79.10000000;0.00000000;23.99005909;36.40421430;1.58446201;1.56452154;-0.24178190;-0.08074035;0.00000000;0.00000000
792;79.20000000;0.00000000;24.08701185;36.37992788;1.59498677;1.56251052;-0.24995296;-0.09080971;0.00000000;0.00000000
793;79.30000000;0.00000000;24.18374071;36.35476897;1.59005386;1.56778321;-0.25994384;-0.11981248;0.00000000;0.00000000
794;79.40000000;0.00000000;24.28018763;36.32855058;1.58776255;1.58045936;-0.27391545;-0.16156077;0.00000000;0.00000000
795;79.50000000;0.00000000;24.37616980;36.30070061;1.59006257;1.58615546;-0.29225599;-0.17275903;0.00000000;0.00000000
796;79.60000000;0.00000000;24.47158959;36.27096321;1.59666197;1.57385916;-0.30846726;-0.13674381;0.00000000;0.00000000
797;79.70000000;0.00000000;24.56662498;36.24001429;1.58781140;1.55677707;-0.31960476;-0.10557344;0.00000000;0.00000000
798;79.80000000;0.00000000;24.66136039;36.20815842;1.58141175;1.54163688;-0.32958194;-0.11424579;0.00000000;0.00000000
799;79.90000000;0.00000000;24.75575923;36.17531944;1.58027725;1.53391513;-0.34245391;-0.13085458;0.00000000;0.00000000
800;80.00000000;0.00000000;24.84964405;36.14103524;1.58392581;1.53421925;-0.35575286;-0.15921245;0.00000000;0.00000000
801;80.10000000;0.00000000;24.94313725;36.10569695;1.57903346;1.54213775;-0.37429640;-0.19166839;0.00000000;0.00000000
802;80.20000000;0.00000000;25.03568333;36.06795637;1.57407746;1.55898340;-0.39408654;-0.17613063;0.00000000;0.00000000
803;80.30000000;0.00000000;25.12770358;36.02894688;1.57408661;1.58330029;-0.40952253;-0.15692203;0.00000000;0.00000000
804;80.40000000;0.00000000;25.21903934;35.98836819;1.55907350;1.61506295;-0.42547094;-0.14869453;0.00000000;0.00000000
805;80.50000000;0.00000000;25.30976792;35.94644430;1.54501684;1.62011228;-0.43926143;-0.14021548;0.00000000;0.00000000
806;80.60000000;0.00000000;25.39995167;35.90336137;1.53606361;1.60961269;-0.45351404;-0.16560741;0.00000000;0.00000000
807;80.70000000;0.00000000;25.48944560;35.85887004;1.53201720;1.60684725;-0.47238292;-0.21082356;0.00000000;0.00000000
808;80.80000000;0.00000000;25.57793405;35.81241818;1.53228226;1.61248868;-0.49567875;-0.21418050;0.00000000;0.00000000
809;80.90000000;0.00000000;25.66526211;35.76380521;1.53660791;1.61445687;-0.51521902;-0.17406843;0.00000000;0.00000000
810;81.00000000;0.00000000;25.75187533;35.71392728;1.54595062;1.60164891;-0.53049244;-0.15569715;0.00000000;0.00000000
811;81.10000000;0.00000000;25.83767946;35.66266887;1.56007351;1.59661260;-0.54635845;-0.15654588;0.00000000;0.00000000
812;81.20000000;0.00000000;25.92266623;35.61006831;1.55707636;1.59939407;-0.56180161;-0.16835796;0.00000000;0.00000000
813;81.30000000;0.00000000;26.00684452;35.55618587;1.55673273;1.59252921;-0.58003004;-0.18944193;0.00000000;0.00000000
814;81.40000000;0.00000000;26.08985219;35.50052617;1.56067270;1.58782548;-0.59969000;-0.19755253;0.00000000;0.00000000
815;81.50000000;0.00000000;26.17184646;35.44337705;1.55993357;1.59120340;-0.61954055;-0.21123065;0.00000000;0.00000000
816;81.60000000;0.00000000;26.25257576;35.38446918;1.53688594;1.60297084;-0.64193613;-0.21082058;0.00000000;0.00000000
817;81.70000000;0.00000000;26.33192861;35.32370642;1.51778634;1.62308136;-0.66170466;-0.18125454;0.00000000;0.00000000
818;81.80000000;0.00000000;26.41027340;35.26164795;1.50346170;1.64661674;-0.67818704;-0.16611506;0.00000000;0.00000000
819;81.90000000;0.00000000;26.48758223;35.19830140;1.49404209;1.63673469;-0.69492767;-0.17288167;0.00000000;0.00000000
820;82.00000000;0.00000000;26.56380804;35.13365314;1.48958309;1.62854197;-0.71276337;-0.17814598;0.00000000;0.00000000
821;82.10000000;0.00000000;26.63880955;35.06758882;1.48995223;1.62221882;-0.73055687;-0.19740344;0.00000000;0.00000000
822;82.20000000;0.00000000;26.71268539;35.00027081;1.49459091;1.62286894;-0.75224406;-0.22657532;0.00000000;0.00000000
823;82.30000000;0.00000000;26.78474510;34.93102279;1.49731680;1.63229287;-0.77587193;-0.21494533;0.00000000;0.00000000
824;82.40000000;0.00000000;26.85535662;34.86029225;1.50462361;1.64976937;-0.79523312;-0.17578692;0.00000000;0.00000000
825;82.50000000;0.00000000;26.92468439;34.78830347;1.51671373;1.67477465;-0.81102932;-0.14094707;0.00000000;0.00000000
826;82.60000000;0.00000000;26.99302921;34.71537497;1.53389982;1.65725754;-0.82342254;-0.14155335;0.00000000;0.00000000
827;82.70000000;0.00000000;27.06055197;34.64168953;1.55624319;1.62929669;-0.83933999;-0.20268950;0.00000000;0.00000000
828;82.80000000;0.00000000;27.12653718;34.56662681;1.55083303;1.60910507;-0.86396044;-0.25046561;0.00000000;0.00000000
829;82.90000000;0.00000000;27.19035399;34.48970398;1.54156884;1.59777469;-0.88943311;-0.23350486;0.00000000;0.00000000
830;83.00000000;0.00000000;27.25243515;34.41137326;1.53008374;1.59488295;-0.91066141;-0.20598377;0.00000000;0.00000000
831;83.10000000;0.00000000;27.31292824;34.33181281;1.51910016;1.58897215;-0.93062986;-0.17766883;0.00000000;0.00000000
832;83.20000000;0.00000000;27.37182987;34.25106942;1.51266369;1.57894885;-0.94619517;-0.16005932;0.00000000;0.00000000
833;83.30000000;0.00000000;27.42981818;34.16966344;1.51168925;1.57634397;-0.96264173;-0.19976362;0.00000000;0.00000000
834;83.40000000;0.00000000;27.48602715;34.08703424;1.51515871;1.58222105;-0.98614790;-0.24200905;0.00000000;0.00000000
835;83.50000000;0.00000000;27.54012253;34.00299838;1.52266277;1.59685803;-1.01104354;-0.25364609;0.00000000;0.00000000
836;83.60000000;0.00000000;27.59215015;33.91767243;1.53423732;1.61659750;-1.03687712;-0.25160363;0.00000000;0.00000000
837;83.70000000;0.00000000;27.64183464;33.83095311;1.54950200;1.60380022;-1.06136426;-0.23108844;0.00000000;0.00000000
838;83.80000000;0.00000000;27.68962717;33.74317421;1.54362595;1.58022012;-1.08309481;-0.18686715;0.00000000;0.00000000
839;83.90000000;0.00000000;27.73549928;33.65437374;1.53750076;1.56484367;-1.09873770;-0.15785574;0.00000000;0.00000000
840;84.00000000;0.00000000;27.78052376;33.56514054;1.53690949;1.55669942;-1.11466595;-0.20602097;0.00000000;0.00000000
841;84.10000000;0.00000000;27.82354288;33.47492675;1.54058139;1.55718162;-1.13994189;-0.23044467;0.00000000;0.00000000
842;84.20000000;0.00000000;27.86399754;33.38353984;1.54391088;1.56686431;-1.16075489;-0.18429241;0.00000000;0.00000000
843;84.30000000;0.00000000;27.90322611;33.29161225;1.54086700;1.58305805;-1.17680037;-0.17429818;0.00000000;0.00000000
844;84.40000000;0.00000000;27.94072769;33.19897424;1.53998808;1.58673476;-1.19561453;-0.17410981;0.00000000;0.00000000
845;84.50000000;0.00000000;27.97646946;33.10563828;1.54369770;1.57877260;-1.21162233;-0.15335826;0.00000000;0.00000000
846;84.60000000;0.00000000;28.01098861;33.01184140;1.53929834;1.57320993;-1.22628618;-0.16869111;0.00000000;0.00000000
847;84.70000000;0.00000000;28.04397625;32.91750250;1.53506699;1.57560934;-1.24536056;-0.18844920;0.00000000;0.00000000
848;84.80000000;0.00000000;28.07489316;32.82245703;1.53514921;1.58649254;-1.26397602;-0.20401816;0.00000000;0.00000000
849;84.90000000;0.00000000;28.10434632;32.72695553;1.54019703;1.60504134;-1.28616419;-0.21386011;0.00000000;0.00000000
850;85.00000000;0.00000000;28.13101672;32.63063160;1.54880355;1.61246643;-1.30674804;-0.17583595;0.00000000;0.00000000
851;85.10000000;0.00000000;28.15651636;32.53399116;1.56256973;1.61304334;-1.32133138;-0.17074267;0.00000000;0.00000000
852;85.20000000;0.00000000;28.18036656;32.43692963;1.56209673;1.62149173;-1.34089657;-0.18788780;0.00000000;0.00000000
853;85.30000000;0.00000000;28.20206618;32.33936511;1.55471527;1.61099489;-1.35890894;-0.16866644;0.00000000;0.00000000
854;85.40000000;0.00000000;28.22240482;32.24150861;1.55232552;1.60635006;-1.37462986;-0.16272952;0.00000000;0.00000000
855;85.50000000;0.00000000;28.24102613;32.14331264;1.55461678;1.60966433;-1.39145485;-0.16570598;0.00000000;0.00000000
856;85.60000000;0.00000000;28.25806073;32.04482902;1.56170492;1.62075112;-1.40777106;-0.17038435;0.00000000;0.00000000
857;85.70000000;0.00000000;28.27346819;31.94607850;1.57348726;1.62701305;-1.42553172;-0.18714791;0.00000000;0.00000000
858;85.80000000;0.00000000;28.28699417;31.84705449;1.58701799;1.61346793;-1.44520064;-0.20027790;0.00000000;0.00000000
859;85.90000000;0.00000000;28.29850585;31.74777657;1.59853341;1.60194278;-1.46558730;-0.20302732;0.00000000;0.00000000
860;86.00000000;0.00000000;28.30798412;31.64828405;1.60801435;1.59245563;-1.48580610;-0.20241530;0.00000000;0.00000000
861;86.10000000;0.00000000;28.31547297;31.54862139;1.61550492;1.58496137;-1.50607036;-0.20628770;0.00000000;0.00000000
862;86.20000000;0.00000000;28.32091225;31.44882666;1.62094515;1.57951921;-1.52706364;-0.21367468;0.00000000;0.00000000
863;86.30000000;0.00000000;28.32421123;31.34893798;1.62424453;1.57621897;-1.54880529;-0.21901258;0.00000000;0.00000000
864;86.40000000;0.00000000;28.32530733;31.24900118;1.62534076;1.57512213;4.71231915;-0.21968651;0.00000000;0.00000000
865;86.50000000;0.00000000;28.32419727;31.14906420;1.62423088;1.57623085;4.69044271;-0.21586452;0.00000000;0.00000000
866;86.60000000;0.00000000;28.32092117;31.04917419;1.62095531;1.57950396;4.66914625;-0.21065991;0.00000000;0.00000000
867;86.70000000;0.00000000;28.31555675;30.94937444;1.61559208;1.58486275;4.64831073;-0.20479881;0.00000000;0.00000000
868;86.80000000;0.00000000;28.30812211;30.84970653;1.60815959;1.59228830;4.62818648;-0.19867301;0.00000000;0.00000000
869;86.90000000;0.00000000;28.29874623;30.75020249;1.59878716;1.60165109;4.60857613;-0.19073108;0.00000000;0.00000000
870;87.00000000;0.00000000;28.28740914;30.65090156;1.58745530;1.61297051;4.59004027;-0.18411080;0.00000000;0.00000000
871;87.10000000;0.00000000;28.27435151;30.55181156;1.57674694;1.60439744;4.57175397;-0.22946567;0.00000000;0.00000000
872;87.20000000;0.00000000;28.25939187;30.45299702;1.57041020;1.59478979;4.54414714;-0.31073868;0.00000000;0.00000000
873;87.30000000;0.00000000;28.24088652;30.35478181;1.56682524;1.57234918;4.50960624;-0.30833756;0.00000000;0.00000000
874;87.40000000;0.00000000;28.21914013;30.25722842;1.56630417;1.55930152;4.48247962;-0.27581652;0.00000000;0.00000000
875;87.50000000;0.00000000;28.19533478;30.16015596;1.57004232;1.55470500;4.45444293;-0.26955953;0.00000000;0.00000000
876;87.60000000;0.00000000;28.16815500;30.06397367;1.57663972;1.56000800;4.42856772;-0.26113033;0.00000000;0.00000000
877;87.70000000;0.00000000;28.13936042;29.96826326;1.58547807;1.57332367;4.40221687;-0.26849885;0.00000000;0.00000000
878;87.80000000;0.00000000;28.10715425;29.87365399;1.57601073;1.59628793;4.37486795;-0.25442146;0.00000000;0.00000000
879;87.90000000;0.00000000;28.07317082;29.77966212;1.57096797;1.60524239;4.35133257;-0.24800010;0.00000000;0.00000000
880;88.00000000;0.00000000;28.03654920;29.68667494;1.56945339;1.61595898;4.32526793;-0.23204043;0.00000000;0.00000000
881;88.10000000;0.00000000;27.99771603;29.59458486;1.55746058;1.61504213;4.30492449;-0.20019646;0.00000000;0.00000000
882;88.20000000;0.00000000;27.95733942;29.50315755;1.54688389;1.60781899;4.28522863;-0.20698692;0.00000000;0.00000000
883;88.30000000;0.00000000;27.91491205;29.41267350;1.54046649;1.60904803;4.26352710;-0.20865696;0.00000000;0.00000000
884;88.40000000;0.00000000;27.87060666;29.32308411;1.53843961;1.61853395;4.24349724;-0.22157005;0.00000000;0.00000000
885;88.50000000;0.00000000;27.82458881;29.23437079;1.54097836;1.63564326;4.21921309;-0.26956417;0.00000000;0.00000000
886;88.60000000;0.00000000;27.77599203;29.14704855;1.53574252;1.61642362;4.18958441;-0.25909563;0.00000000;0.00000000
887;88.70000000;0.00000000;27.72479683;29.06120855;1.52728668;1.60619315;4.16739397;-0.21067615;0.00000000;0.00000000
888;88.80000000;0.00000000;27.67236786;28.97611923;1.52390268;1.60358852;4.14744918;-0.23319366;0.00000000;0.00000000
889;88.90000000;0.00000000;27.61778964;28.89238819;1.52452760;1.60974147;4.12075524;-0.26773309;0.00000000;0.00000000
890;89.00000000;0.00000000;27.56089253;28.81021465;1.52890627;1.60353598;4.09390256;-0.23399362;0.00000000;0.00000000
891;89.10000000;0.00000000;27.50190002;28.72953644;1.53722053;1.60400342;4.07395651;-0.20553485;0.00000000;0.00000000
892;89.20000000;0.00000000;27.44177206;28.64969877;1.54066151;1.61208959;4.05279559;-0.24371687;0.00000000;0.00000000
893;89.30000000;0.00000000;27.37942605;28.57159794;1.52679275;1.62905507;4.02521314;-0.24843863;0.00000000;0.00000000
894;89.40000000;0.00000000;27.31499208;28.49520194;1.51669220;1.65449954;4.00310787;-0.19304406;0.00000000;0.00000000
895;89.50000000;0.00000000;27.24924670;28.41992317;1.51141656;1.67455562;3.98660432;-0.18343438;0.00000000;0.00000000
896;89.60000000;0.00000000;27.18232569;28.34569421;1.51116523;1.67166011;3.96642099;-0.23870383;0.00000000;0.00000000
897;89.70000000;0.00000000;27.11360231;28.27313670;1.51387703;1.66895179;3.93886356;-0.26622962;0.00000000;0.00000000
898;89.80000000;0.00000000;27.04269105;28.20270387;1.51353912;1.66929087;3.91317507;-0.23930070;0.00000000;0.00000000
899;89.90000000;0.00000000;26.97032390;28.13376358;1.51111739;1.67171481;3.89100342;-0.22070500;0.00000000;0.00000000
900;90.00000000;0.00000000;26.89635797;28.06654146;1.50635256;1.67648557;3.86903407;-0.21277592;0.00000000;0.00000000
901;90.10000000;0.00000000;26.82103467;28.00084835;1.49954989;1.66397625;3.84844823;-0.20262142;0.00000000;0.00000000
902;90.20000000;0.00000000;26.74436872;27.93673111;1.49183325;1.65085261;3.82850978;-0.19286298;0.00000000;0.00000000
903;90.30000000;0.00000000;26.66648792;27.87409429;1.48887698;1.64562609;3.80987564;-0.18307735;0.00000000;0.00000000
904;90.40000000;0.00000000;26.58748603;27.81287799;1.49081586;1.64826850;3.79189431;-0.17857117;0.00000000;0.00000000
905;90.50000000;0.00000000;26.50740345;27.75308184;1.49765514;1.65871659;3.77416140;-0.17610819;0.00000000;0.00000000
906;90.60000000;0.00000000;26.42627960;27.69470458;1.50935056;1.67481301;3.75667267;-0.17425070;0.00000000;0.00000000
907;90.70000000;0.00000000;26.34415290;27.63774412;1.50164318;1.68479562;3.73931126;-0.20998103;0.00000000;0.00000000
908;90.80000000;0.00000000;26.26104879;27.58221662;1.49808759;1.66799813;3.71467647;-0.24224719;0.00000000;0.00000000
909;90.90000000;0.00000000;26.17621441;27.52936871;1.49800692;1.65373563;3.69086182;-0.19621839;0.00000000;0.00000000
910;91.00000000;0.00000000;26.09056126;27.47786119;1.50301625;1.64166579;3.67543279;-0.15221395;0.00000000;0.00000000
911;91.10000000;0.00000000;26.00413901;27.42765716;1.51312027;1.63713856;3.66041903;-0.14886196;0.00000000;0.00000000
912;91.20000000;0.00000000;25.91697966;27.37874531;1.51375206;1.64019144;3.64566040;-0.15421015;0.00000000;0.00000000
913;91.30000000;0.00000000;25.82911410;27.33111411;1.51574456;1.65075669;3.62957701;-0.17118016;0.00000000;0.00000000
914;91.40000000;0.00000000;25.74043004;27.28503245;1.52255955;1.66897220;3.61142437;-0.17315454;0.00000000;0.00000000
915;91.50000000;0.00000000;25.65089281;27.24062150;1.53270478;1.67519618;3.59494610;-0.15317346;0.00000000;0.00000000
916;91.60000000;0.00000000;25.56073345;27.19748468;1.52510260;1.68341501;3.58078967;-0.17965972;0.00000000;0.00000000
917;91.70000000;0.00000000;25.46997249;27.15562515;1.51973187;1.66177122;3.55901415;-0.21254944;0.00000000;0.00000000
918;91.80000000;0.00000000;25.37801980;27.11645422;1.51478179;1.63341044;3.53827979;-0.16264892;0.00000000;0.00000000
919;91.90000000;0.00000000;25.28560252;27.07839374;1.51521489;1.61194388;3.52648437;-0.12561010;0.00000000;0.00000000
920;92.00000000;0.00000000;25.19275243;27.04140315;1.52107585;1.59760323;3.51315777;-0.13779275;0.00000000;0.00000000
921;92.10000000;0.00000000;25.09935651;27.00582023;1.51860042;1.59093857;3.49892582;-0.13183198;0.00000000;0.00000000
922;92.20000000;0.00000000;25.00549163;26.97148723;1.51653032;1.59187285;3.48679137;-0.11443846;0.00000000;0.00000000
923;92.30000000;0.00000000;24.91125743;26.93818037;1.51995140;1.60015002;3.47603813;-0.10592257;0.00000000;0.00000000
924;92.40000000;0.00000000;24.81667522;26.90587362;1.52885790;1.61087423;3.46560686;-0.10263749;0.00000000;0.00000000
925;92.50000000;0.00000000;24.72176578;26.87453953;1.54318614;1.58723920;3.45551063;-0.10036830;0.00000000;0.00000000
926;92.60000000;0.00000000;24.62654954;26.84414876;1.56281899;1.57060622;3.44553320;-0.11053526;0.00000000;0.00000000
927;92.70000000;0.00000000;24.53103307;26.81471447;1.58754765;1.56121141;3.43340358;-0.15208817;0.00000000;0.00000000
928;92.80000000;0.00000000;24.43510795;26.78664237;1.59090174;1.55960623;3.41511556;-0.17018781;0.00000000;0.00000000
929;92.90000000;0.00000000;24.33858274;26.76072164;1.58030443;1.56662206;3.39936601;-0.12505571;0.00000000;0.00000000
930;93.00000000;0.00000000;24.24182104;26.73568446;1.56624922;1.56384403;3.39010442;-0.08727549;0.00000000;0.00000000
931;93.10000000;0.00000000;24.14482969;26.71155540;1.55755434;1.56166521;3.38191092;-0.07800040;0.00000000;0.00000000
932;93.20000000;0.00000000;24.04767070;26.68810713;1.55454597;1.56657499;3.37450434;-0.07808653;0.00000000;0.00000000
933;93.30000000;0.00000000;23.95033245;26.66541739;1.55717911;1.57858433;3.36629361;-0.07785069;0.00000000;0.00000000
934;93.40000000;0.00000000;23.85280207;26.64356782;1.56534321;1.57577731;3.35893420;-0.06553492;0.00000000;0.00000000
935;93.50000000;0.00000000;23.75513958;26.62231301;1.55928944;1.57231091;3.35318663;-0.07198058;0.00000000;0.00000000
936;93.60000000;0.00000000;23.65736415;26.60158592;1.55507294;1.57573015;3.34453809;-0.10434883;0.00000000;0.00000000
937;93.70000000;0.00000000;23.55935286;26.58202435;1.55379751;1.58663318;3.33231686;-0.09923066;0.00000000;0.00000000
938;93.80000000;0.00000000;23.46109956;26.56369293;1.55394518;1.58502459;3.32469196;-0.06684912;0.00000000;0.00000000
939;93.90000000;0.00000000;23.36279697;26.54562745;1.56023842;1.58642656;3.31894704;-0.08567816;0.00000000;0.00000000
940;94.00000000;0.00000000;23.26434418;26.52842697;1.55262397;1.59497818;3.30755632;-0.09771631;0.00000000;0.00000000
941;94.10000000;0.00000000;23.16565561;26.51260540;1.53931060;1.61107736;3.29940378;-0.04991665;0.00000000;0.00000000
942;94.20000000;0.00000000;23.06693072;26.49701170;1.53218337;1.62399890;3.29757299;-0.01339184;0.00000000;0.00000000
943;94.30000000;0.00000000;22.96818480;26.48155158;1.53142422;1.62978828;3.29672541;-0.01592196;0.00000000;0.00000000
944;94.40000000;0.00000000;22.86943359;26.46612526;1.53714320;1.64168750;3.29438860;-0.04624993;0.00000000;0.00000000
945;94.50000000;0.00000000;22.77061896;26.45112718;1.54887406;1.65144999;3.28747542;-0.05865543;0.00000000;0.00000000
946;94.60000000;0.00000000;22.67166415;26.43706768;1.54209498;1.63737310;3.28265751;-0.04501940;0.00000000;0.00000000
947;94.70000000;0.00000000;22.57270884;26.42302235;1.52890086;1.62331074;3.27847154;-0.02820317;0.00000000;0.00000000
948;94.80000000;0.00000000;22.47363980;26.40979177;1.52134663;1.61500747;3.27701688;0.02238085;0.00000000;0.00000000
949;94.90000000;0.00000000;22.37464269;26.39603421;1.52087138;1.61233515;3.28294771;0.05426091;0.00000000;0.00000000
950;95.00000000;0.00000000;22.27573783;26.38162950;1.52728680;1.61520016;3.28786906;0.01754272;0.00000000;0.00000000
951;95.10000000;0.00000000;22.17688150;26.36689831;1.53451925;1.62389445;3.28645625;-0.01193796;0.00000000;0.00000000
952;95.20000000;0.00000000;22.07793636;26.35277313;1.54757974;1.63925255;3.28548147;-0.00943505;0.00000000;0.00000000
953;95.30000000;0.00000000;21.97905135;26.33823467;1.55365971;1.63859022;3.28456924;-0.01481892;0.00000000;0.00000000
954;95.40000000;0.00000000;21.88008064;26.32429004;1.53636552;1.62467020;3.28251768;-0.05349627;0.00000000;0.00000000
955;95.50000000;0.00000000;21.78114128;26.31015808;1.52562695;1.61141970;3.27386999;-0.07031326;0.00000000;0.00000000
956;95.60000000;0.00000000;21.68194461;26.29792720;1.51947386;1.60621505;3.26845503;-0.02218589;0.00000000;0.00000000
957;95.70000000;0.00000000;21.58285301;26.28486693;1.52071794;1.60638556;3.26943281;-0.02150599;0.00000000;0.00000000
958;95.80000000;0.00000000;21.48367980;26.27244201;1.52787377;1.61339965;3.26415384;-0.01489962;0.00000000;0.00000000
959;95.90000000;0.00000000;21.38445642;26.26042872;1.53989962;1.62694573;3.26645289;0.02408952;0.00000000;0.00000000
960;96.00000000;0.00000000;21.28534130;26.24754791;1.55279524;1.64560583;3.26897174;0.02795218;0.00000000;0.00000000
961;96.10000000;0.00000000;21.18617972;26.23503493;1.54531093;1.63503436;3.27204332;0.02617787;0.00000000;0.00000000
962;96.20000000;0.00000000;21.08714552;26.22154547;1.52973525;1.62154502;3.27420731;-0.01303539;0.00000000;0.00000000
963;96.30000000;0.00000000;20.98803833;26.20860335;1.52003215;1.61161212;3.26943624;-0.00742732;0.00000000;0.00000000
964;96.40000000;0.00000000;20.88888053;26.19605957;1.51646529;1.60824435;3.27272185;0.02990965;0.00000000;0.00000000
965;96.50000000;0.00000000;20.78986045;26.18246646;1.52053458;1.60460057;3.27541817;-0.01355272;0.00000000;0.00000000
966;96.60000000;0.00000000;20.69077109;26.16938806;1.53061685;1.60712290;3.27001131;-0.05111061;0.00000000;0.00000000
967;96.70000000;0.00000000;20.59160976;26.15686649;1.54313671;1.61639294;3.26519605;-0.04049800;0.00000000;0.00000000
968;96.80000000;0.00000000;20.49239893;26.14474295;1.55525906;1.63213791;3.26191171;-0.03071728;0.00000000;0.00000000
969;96.90000000;0.00000000;20.39315745;26.13287301;1.56420118;1.63324481;3.25905260;-0.03162947;0.00000000;0.00000000
970;97.00000000;0.00000000;20.29387894;26.12131697;1.54790535;1.62167647;3.25558581;-0.03536554;0.00000000;0.00000000
971;97.10000000;0.00000000;20.19455756;26.11013540;1.53236628;1.61048354;3.25197949;0.00738989;0.00000000;0.00000000
972;97.20000000;0.00000000;20.09519872;26.09929577;1.52289710;1.60480526;3.25706379;0.05125305;0.00000000;0.00000000
973;97.30000000;0.00000000;19.99599614;26.08710484;1.52131552;1.60398201;3.26223010;0.00806105;0.00000000;0.00000000
974;97.40000000;0.00000000;19.89675415;26.07523911;1.52596502;1.60970393;3.25867600;-0.03831392;0.00000000;0.00000000
975;97.50000000;0.00000000;19.79746743;26.06375363;1.53673421;1.62195634;3.25456732;-0.04387208;0.00000000;0.00000000
976;97.60000000;0.00000000;19.69813129;26.05270380;1.54776509;1.64064700;3.24990158;-0.04911054;0.00000000;0.00000000
977;97.70000000;0.00000000;19.59874171;26.04214530;1.55830656;1.64240287;3.24474521;-0.00599459;0.00000000;0.00000000
978;97.80000000;0.00000000;19.49929694;26.03212047;1.56831626;1.63238928;3.24870267;-0.00087596;0.00000000;0.00000000
979;97.90000000;0.00000000;19.39999403;26.02077565;1.57964268;1.62105890;3.24457001;-0.08108470;0.00000000;0.00000000
980;98.00000000;0.00000000;19.30046973;26.01157309;1.57745848;1.61186662;3.23248573;-0.07491675;0.00000000;0.00000000
981;98.10000000;0.00000000;19.20092166;26.00263136;1.55594492;1.60410504;3.22958666;0.01636649;0.00000000;0.00000000
982;98.20000000;0.00000000;19.10134568;25.99400600;1.54031244;1.60286911;3.23575902;0.06533376;0.00000000;0.00000000
983;98.30000000;0.00000000;19.00191573;25.98383611;1.53260768;1.60631011;3.24265342;0.02397418;0.00000000;0.00000000
984;98.40000000;0.00000000;18.90246815;25.97383858;1.53122798;1.61610949;3.24055386;-0.02407575;0.00000000;0.00000000
985;98.50000000;0.00000000;18.80299622;25.96408628;1.53611749;1.62938932;3.23783826;0.01735366;0.00000000;0.00000000
986;98.60000000;0.00000000;18.70349582;25.95462902;1.54558102;1.64610153;3.24402459;0.06667123;0.00000000;0.00000000
987;98.70000000;0.00000000;18.60415258;25.94364680;1.55657197;1.64366146;3.25117251;0.02791062;0.00000000;0.00000000
988;98.80000000;0.00000000;18.50479753;25.93276812;1.56745933;1.63278028;3.24960672;-0.01938100;0.00000000;0.00000000
989;98.90000000;0.00000000;18.40541998;25.92209701;1.57813886;1.62210697;3.24729631;-0.02532027;0.00000000;0.00000000
990;99.00000000;0.00000000;18.30601573;25.91167754;1.58085327;1.61168558;3.24454266;-0.07006349;0.00000000;0.00000000
991;99.10000000;0.00000000;18.20658092;25.90155390;1.56258204;1.60156029;3.23328361;-0.06713863;0.00000000;0.00000000
992;99.20000000;0.00000000;18.10696858;25.89337540;1.54860717;1.59338077;3.23111493;0.03054523;0.00000000;0.00000000
993;99.30000000;0.00000000;18.00749180;25.88368323;1.54251993;1.58368733;3.23939266;0.04401340;0.00000000;0.00000000
994;99.40000000;0.00000000;17.90802717;25.87385666;1.53769919;1.57724359;3.23991761;0.00001709;0.00000000;0.00000000
995;99.50000000;0.00000000;17.80855960;25.86405995;1.53849919;1.57715036;3.23939608;-0.00743014;0.00000000;0.00000000
996;99.60000000;0.00000000;17.70908478;25.85433714;1.54570112;1.58345282;3.23843159;-0.01186163;0.00000000;0.00000000
997;99.70000000;0.00000000;17.60959851;25.84473231;1.55530249;1.59611893;3.23702375;-0.01629787;0.00000000;0.00000000
998;99.80000000;0.00000000;17.51009671;25.83528963;1.56474201;1.61504223;3.23517201;-0.02074063;0.00000000;0.00000000
999;99.90000000;0.00000000;17.41057556;25.82605332;1.57397545;1.62660290;3.23287563;0.01817242;0.00000000;0.00000000
1000;100.00000000;0.00000000;17.31103147;25.81706772;1.58295847;1.61760898;3.23880650;0.06764422;0.00000000;0.00000000
1001;100.10000000;0.00000000;17.21162819;25.80665172;1.59337125;1.60718154;3.24640447;0.03632419;0.00000000;0.00000000
1002;100.20000000;0.00000000;17.11223210;25.79615456;1.60142734;1.59667285;3.24607133;-0.04760974;0.00000000;0.00000000
1003;100.30000000;0.00000000;17.01282058;25.78580466;1.57995020;1.58631181;3.23688252;-0.09461217;0.00000000;0.00000000
1004;100.40000000;0.00000000;16.91325043;25.77713603;1.56290121;1.57763557;3.22714890;-0.05634186;0.00000000;0.00000000
1005;100.50000000;0.00000000;16.81365627;25.76872321;1.55185724;1.56921568;3.22561415;-0.01128122;0.00000000;0.00000000
1006;100.60000000;0.00000000;16.71405792;25.76036008;1.54715444;1.56653247;3.22489265;-0.00944180;0.00000000;0.00000000
1007;100.70000000;0.00000000;16.61445172;25.75209098;1.54880612;1.57031376;3.22372579;-0.01389751;0.00000000;0.00000000
1008;100.80000000;0.00000000;16.51483414;25.74396031;1.55674782;1.58055728;3.22211315;-0.01835801;0.00000000;0.00000000
1009;100.90000000;0.00000000;16.41520181;25.73601252;1.56468221;1.59718237;3.22005419;0.01842642;0.00000000;0.00000000
1010;101.00000000;0.00000000;16.31555161;25.72829213;1.57239001;1.62003566;3.22579843;0.06774280;0.00000000;0.00000000
1011;101.10000000;0.00000000;16.21601898;25.71920041;1.58146534;1.61934225;3.23360275;0.04049885;0.00000000;0.00000000
1012;101.20000000;0.00000000;16.11650139;25.70992564;1.59072352;1.61007455;3.23389820;-0.00572823;0.00000000;0.00000000
1013;101.30000000;0.00000000;16.01697232;25.70077494;1.59985832;1.60093096;3.23245710;-0.01635684;0.00000000;0.00000000
1014;101.40000000;0.00000000;15.91742842;25.69178704;1.59611261;1.59195016;3.23062684;-0.05574218;0.00000000;0.00000000
1015;101.50000000;0.00000000;15.81786655;25.68300073;1.57530836;1.58317086;3.22130867;-0.09837999;0.00000000;0.00000000
1016;101.60000000;0.00000000;15.71817530;25.67586965;1.55899277;1.57604485;3.21095084;-0.06464735;0.00000000;0.00000000
1017;101.70000000;0.00000000;15.61845276;25.66914753;1.54855768;1.57099527;3.20837920;0.02058800;0.00000000;0.00000000
1018;101.80000000;0.00000000;15.51872328;25.66252909;1.54442932;1.56822407;3.21506844;0.07856642;0.00000000;0.00000000
1019;101.90000000;0.00000000;15.41910205;25.65447367;1.54820000;1.56828642;3.22409248;0.05417304;0.00000000;0.00000000
1020;102.00000000;0.00000000;15.31950826;25.64605650;1.55402458;1.57434425;3.22590305;0.00803687;0.00000000;0.00000000
1021;102.10000000;0.00000000;15.21991439;25.63764017;1.56244423;1.58668823;3.22569986;-0.00397920;0.00000000;0.00000000
1022;102.20000000;0.00000000;15.12031718;25.62926348;1.57082426;1.60521135;3.22510721;-0.00787471;0.00000000;0.00000000
1023;102.30000000;0.00000000;15.02071341;25.62096521;1.57912586;1.62103850;3.22412492;-0.01177262;0.00000000;0.00000000
1024;102.40000000;0.00000000;14.92109995;25.61278420;1.58731014;1.61285438;3.22275268;-0.01567413;0.00000000;0.00000000
1025;102.50000000;0.00000000;14.82147380;25.60475932;1.59533819;1.60482655;3.22099009;0.01858037;0.00000000;0.00000000
1026;102.60000000;0.00000000;14.72183214;25.59692951;1.60317106;1.59699398;3.22646876;0.03456739;0.00000000;0.00000000
1027;102.70000000;0.00000000;14.62230237;25.58781371;1.58554879;1.58787451;3.22790357;-0.02524702;0.00000000;0.00000000
1028;102.80000000;0.00000000;14.52268629;25.57969824;1.56637216;1.57975617;3.22141935;-0.03705643;0.00000000;0.00000000
1029;102.90000000;0.00000000;14.42304419;25.57187372;1.55311084;1.57192904;3.22049228;-0.00026968;0.00000000;0.00000000
1030;103.00000000;0.00000000;14.32341051;25.56394275;1.54631637;1.56801134;3.22136542;0.00678073;0.00000000;0.00000000
1031;103.10000000;0.00000000;14.22378222;25.55594423;1.54603504;1.57039015;3.22184843;0.00288028;0.00000000;0.00000000
1032;103.20000000;0.00000000;14.12415623;25.54791702;1.55223158;1.57907573;3.22194147;-0.00101915;0.00000000;0.00000000
1033;103.30000000;0.00000000;14.02452943;25.53989996;1.56024333;1.59400332;3.22164460;-0.00491876;0.00000000;0.00000000
1034;103.40000000;0.00000000;13.92489869;25.53193191;1.56820625;1.61503769;3.22095772;-0.00881978;0.00000000;0.00000000
1035;103.50000000;0.00000000;13.82526098;25.52405172;1.57608153;1.62474290;3.21988064;0.02358357;0.00000000;0.00000000
1036;103.60000000;0.00000000;13.72561333;25.51629830;1.58383029;1.61700262;3.22567444;0.07285287;0.00000000;0.00000000
1037;103.70000000;0.00000000;13.62607661;25.50726436;1.59285820;1.60798590;3.23445122;0.05541929;0.00000000;0.00000000
1038;103.80000000;0.00000000;13.52658038;25.49776309;1.59604019;1.59850360;3.23675829;-0.02112148;0.00000000;0.00000000
1039;103.90000000;0.00000000;13.42708341;25.48826967;1.57435051;1.58902953;3.23022692;-0.07472428;0.00000000;0.00000000
1040;104.00000000;0.00000000;13.32747468;25.48006914;1.55749366;1.58084456;3.22181344;-0.04895643;0.00000000;0.00000000
1041;104.10000000;0.00000000;13.22783207;25.47225120;1.54654010;1.57304915;3.22043563;-0.00242889;0.00000000;0.00000000
1042;104.20000000;0.00000000;13.12819801;25.46432494;1.54210918;1.57147567;3.22132766;0.00696958;0.00000000;0.00000000
1043;104.30000000;0.00000000;13.02856949;25.45632924;1.54421809;1.57618165;3.22182955;0.00306907;0.00000000;0.00000000
1044;104.40000000;0.00000000;12.92894343;25.44830297;1.55225042;1.58461257;3.22194147;-0.00083037;0.00000000;0.00000000
1045;104.50000000;0.00000000;12.82931670;25.44028497;1.56027448;1.59587375;3.22166348;-0.00472996;0.00000000;0.00000000
1046;104.60000000;0.00000000;12.72968620;25.43231409;1.56825134;1.61330651;3.22099548;-0.00863093;0.00000000;0.00000000
1047;104.70000000;0.00000000;12.63004886;25.42442920;1.57614207;1.62446287;3.21993729;0.02142428;0.00000000;0.00000000
1048;104.80000000;0.00000000;12.53040172;25.41666920;1.58390771;1.61670525;3.22528034;0.07041380;0.00000000;0.00000000
1049;104.90000000;0.00000000;12.43085765;25.40772033;1.59286457;1.60775960;3.23402005;0.05738978;0.00000000;0.00000000
1050;105.00000000;0.00000000;12.33136135;25.39821985;1.60237415;1.59826287;3.23675829;-0.01680975;0.00000000;0.00000000
1051;105.10000000;0.00000000;12.23186445;25.38872564;1.58624193;1.58877258;3.23065810;-0.07275385;0.00000000;0.00000000
1052;105.20000000;0.00000000;12.13226307;25.38044004;1.57151190;1.58049023;3.22220752;-0.05139557;0.00000000;0.00000000
1053;105.30000000;0.00000000;12.03261995;25.37262868;1.55717636;1.57268189;3.22037899;-0.00458811;0.00000000;0.00000000
1054;105.40000000;0.00000000;11.93298552;25.36470712;1.54873078;1.56710271;3.22128990;0.00715843;0.00000000;0.00000000
1055;105.50000000;0.00000000;11.83335677;25.35671425;1.54678269;1.56781660;3.22181067;-0.02537093;0.00000000;0.00000000
1056;105.60000000;0.00000000;11.73373063;25.34868892;1.55131771;1.57485377;3.21621571;-0.06889831;0.00000000;0.00000000
1057;105.70000000;0.00000000;11.63402211;25.34181161;1.55819571;1.58929599;3.20803101;-0.04972732;0.00000000;0.00000000
1058;105.80000000;0.00000000;11.53427799;25.33541808;1.56458986;1.61029722;3.20627025;-0.00326517;0.00000000;0.00000000
1059;105.90000000;0.00000000;11.43454245;25.32889173;1.57111688;1.62910840;3.20737798;0.04069267;0.00000000;0.00000000
1060;106.00000000;0.00000000;11.33481271;25.32227723;1.57773210;1.62249068;3.21440878;0.06096103;0.00000000;0.00000000
1061;106.10000000;0.00000000;11.23518326;25.31434945;1.58566096;1.61455825;3.21957018;0.01171886;0.00000000;0.00000000
1062;106.20000000;0.00000000;11.13552971;25.30670606;1.59330541;1.60691059;3.21675255;-0.01182086;0.00000000;0.00000000
1063;106.30000000;0.00000000;11.03585288;25.29933952;1.57091856;1.59954014;3.21720601;0.01957785;0.00000000;0.00000000
1064;106.40000000;0.00000000;10.93620384;25.29160557;1.55190340;1.59180191;3.22066812;0.03237939;0.00000000;0.00000000
1065;106.50000000;0.00000000;10.83658033;25.28354903;1.53947866;1.58374075;3.22368189;0.02790094;0.00000000;0.00000000
1066;106.60000000;0.00000000;10.73697966;25.27521458;1.53375989;1.58010905;3.22624831;0.02343210;0.00000000;0.00000000
1067;106.70000000;0.00000000;10.63739876;25.26664678;1.53477748;1.58255931;3.22836831;-0.00782454;0.00000000;0.00000000
1068;106.80000000;0.00000000;10.53783428;25.25789010;1.54247379;1.59110767;3.22468341;-0.05207112;0.00000000;0.00000000
1069;106.90000000;0.00000000;10.43819589;25.25005667;1.55029846;1.60675346;3.21795408;-0.03727398;0.00000000;0.00000000
1070;107.00000000;0.00000000;10.33852265;25.24264073;1.55770662;1.62880092;3.21722861;0.00881678;0.00000000;0.00000000
1071;107.10000000;0.00000000;10.23887007;25.23495166;1.56538755;1.63534865;3.21971744;0.05196460;0.00000000;0.00000000
1072;107.20000000;0.00000000;10.13923492;25.22703966;1.57329114;1.62744630;3.22762153;0.07333901;0.00000000;0.00000000
1073;107.30000000;0.00000000;10.03972154;25.21777674;1.58254309;1.61819630;3.23438524;0.02747872;0.00000000;0.00000000
1074;107.40000000;0.00000000;9.94020478;25.20851795;1.59179122;1.60895064;3.23311727;-0.00056505;0.00000000;0.00000000
1075;107.50000000;0.00000000;9.84066327;25.19950697;1.57023123;1.59995242;3.23427223;0.00323516;0.00000000;0.00000000
1076;107.60000000;0.00000000;9.74116611;25.19001813;1.55513249;1.59047782;3.23376431;-0.02219496;0.00000000;0.00000000
1077;107.70000000;0.00000000;9.64161727;25.18110844;1.54577909;1.58158123;3.22983324;-0.01107446;0.00000000;0.00000000
1078;107.80000000;0.00000000;9.54204874;25.17240215;1.54265262;1.57357954;3.23154941;0.03456011;0.00000000;0.00000000
1079;107.90000000;0.00000000;9.44252932;25.16315066;1.54227857;1.57135764;3.23674526;0.02470448;0.00000000;0.00000000
1080;108.00000000;0.00000000;9.34305650;25.15341017;1.54687781;1.57499612;3.23649031;-0.04517894;0.00000000;0.00000000
1081;108.10000000;0.00000000;9.24353413;25.14420959;1.55608515;1.58547878;3.22770947;-0.10063972;0.00000000;0.00000000
1082;108.20000000;0.00000000;9.14390695;25.13621752;1.56408220;1.60332768;3.21636237;-0.10567102;0.00000000;0.00000000
1083;108.30000000;0.00000000;9.04420053;25.12927764;1.57102573;1.62814645;3.20657527;-0.06307143;0.00000000;0.00000000
1084;108.40000000;0.00000000;8.94443524;25.12323705;1.57706900;1.62323648;3.20374808;0.00418260;0.00000000;0.00000000
1085;108.50000000;0.00000000;8.84469197;25.11686111;1.56187262;1.61686055;3.20741179;0.02095790;0.00000000;0.00000000
1086;108.60000000;0.00000000;8.74497289;25.11008962;1.54008762;1.61008911;3.20793966;-0.00794462;0.00000000;0.00000000
1087;108.70000000;0.00000000;8.64523450;25.10360825;1.52426822;1.60360783;3.20582286;-0.01258389;0.00000000;0.00000000
1088;108.80000000;0.00000000;8.54548752;25.09725899;1.51475957;1.60032638;3.20542288;0.00231055;0.00000000;0.00000000
1089;108.90000000;0.00000000;8.44574390;25.09085740;1.51186558;1.60322883;3.20628497;0.01322176;0.00000000;0.00000000
1090;109.00000000;0.00000000;8.34600803;25.08433616;1.51569147;1.61221482;3.20806723;0.02372436;0.00000000;0.00000000
1091;109.10000000;0.00000000;8.24628802;25.07757909;1.52244701;1.62706894;3.21102984;0.03476479;0.00000000;0.00000000
1092;109.20000000;0.00000000;8.14659268;25.07046702;1.52955745;1.64751625;3.21502019;0.04520539;0.00000000;0.00000000
1093;109.30000000;0.00000000;8.04693003;25.06291436;1.53710837;1.66337427;3.22007092;0.05371230;0.00000000;0.00000000
1094;109.40000000;0.00000000;7.94731183;25.05479562;1.54522520;1.65524925;3.22576265;0.06004629;0.00000000;0.00000000
1095;109.50000000;0.00000000;7.84774166;25.04610897;1.52219756;1.64655536;3.23208018;0.08025686;0.00000000;0.00000000
1096;109.60000000;0.00000000;7.74823443;25.03673227;1.50486232;1.63717019;3.24181402;0.13727517;0.00000000;0.00000000
1097;109.70000000;0.00000000;7.64885776;25.02610954;1.49527666;1.62653636;3.25953521;0.17236783;0.00000000;0.00000000
1098;109.80000000;0.00000000;7.54974529;25.01321280;1.49462658;1.61896813;3.27628759;0.13859277;0.00000000;0.00000000
1099;109.90000000;0.00000000;7.45077485;24.99926625;1.50170213;1.61508225;3.28725377;0.12157101;0.00000000;0.00000000
1100;110.00000000;0.00000000;7.35196846;24.98419891;1.51646663;1.61169079;3.30060179;0.13795509;0.00000000;0.00000000
1101;110.10000000;0.00000000;7.25340497;24.96761543;1.53300263;1.61295817;3.31484479;0.13780191;0.00000000;0.00000000
1102;110.20000000;0.00000000;7.15506793;24.94974001;1.53821643;1.61909606;3.32816217;0.13573108;0.00000000;0.00000000
1103;110.30000000;0.00000000;7.05698197;24.93053768;1.52786092;1.63000985;3.34199100;0.14147765;0.00000000;0.00000000
1104;110.40000000;0.00000000;6.95917810;24.90994993;1.52414465;1.61140667;3.35645770;0.15483954;0.00000000;0.00000000
1105;110.50000000;0.00000000;6.86169003;24.88791837;1.52844980;1.59657149;3.37295891;0.17163591;0.00000000;0.00000000
1106;110.60000000;0.00000000;6.76462160;24.86411534;1.54104617;1.58608401;3.39078489;0.17470017;0.00000000;0.00000000
1107;110.70000000;0.00000000;6.66798184;24.83862319;1.54062673;1.58011169;3.40789895;0.17113579;0.00000000;0.00000000
1108;110.80000000;0.00000000;6.57178422;24.81151209;1.53912856;1.57877214;3.42501204;0.19614907;0.00000000;0.00000000
1109;110.90000000;0.00000000;6.47607428;24.78272817;1.54584685;1.58201337;3.44712876;0.24267249;0.00000000;0.00000000
1110;111.00000000;0.00000000;6.38118228;24.75139384;1.56159111;1.57790055;3.47354654;0.24153849;0.00000000;0.00000000
1111;111.10000000;0.00000000;6.28712490;24.71759553;1.58601180;1.56495018;3.49543646;0.20872130;0.00000000;0.00000000
1112;111.20000000;0.00000000;6.19368503;24.68213412;1.60616235;1.55229055;3.51529080;0.21104013;0.00000000;0.00000000
1113;111.30000000;0.00000000;6.10104610;24.64462961;1.61745202;1.54208799;3.53764449;0.22751999;0.00000000;0.00000000
1114;111.40000000;0.00000000;6.00928388;24.60502732;1.62852173;1.53605107;3.56079480;0.23552360;0.00000000;0.00000000
1115;111.50000000;0.00000000;5.91847911;24.56327485;1.63389557;1.53415209;3.58474921;0.24357941;0.00000000;0.00000000
1116;111.60000000;0.00000000;5.82871745;24.51932283;1.64773855;1.53632703;3.60951068;0.25023907;0.00000000;0.00000000
1117;111.70000000;0.00000000;5.74008934;24.47312568;1.65750019;1.54247716;3.63479702;0.23606026;0.00000000;0.00000000
1118;111.80000000;0.00000000;5.65266158;24.42469082;1.64841816;1.55252769;3.65672273;0.22614034;0.00000000;0.00000000
1119;111.90000000;0.00000000;5.56614180;24.37465165;1.63068566;1.56708250;3.68002509;0.25969996;0.00000000;0.00000000
1120;112.00000000;0.00000000;5.48106448;24.32219574;1.62174737;1.56691410;3.70866272;0.28922819;0.00000000;0.00000000
1121;112.10000000;0.00000000;5.39755070;24.26728566;1.62185137;1.56442290;3.73787073;0.30670129;0.00000000;0.00000000
1122;112.20000000;0.00000000;5.31568240;24.20995312;1.62658716;1.56538650;3.77000298;0.32938252;0.00000000;0.00000000
1123;112.30000000;0.00000000;5.23586967;24.14979483;1.63956751;1.56923309;3.80374723;0.30842921;0.00000000;0.00000000
1124;112.40000000;0.00000000;5.15805643;24.08707374;1.65606643;1.57617924;3.83168882;0.28011350;0.00000000;0.00000000
1125;112.50000000;0.00000000;5.08172786;24.02255111;1.64755763;1.58452942;3.85976993;0.30980308;0.00000000;0.00000000
1126;112.60000000;0.00000000;5.00756059;23.95556322;1.62471610;1.58960693;3.89364944;0.34573913;0.00000000;0.00000000
1127;112.70000000;0.00000000;4.93578045;23.88602524;1.60835668;1.59119268;3.92891776;0.32966602;0.00000000;0.00000000
1128;112.80000000;0.00000000;4.86652019;23.81397822;1.59866539;1.58922255;3.95958264;0.27789307;0.00000000;0.00000000
1129;112.90000000;0.00000000;4.79913372;23.74016792;1.59776141;1.58468118;3.98449637;0.24741713;0.00000000;0.00000000
1130;113.00000000;0.00000000;4.73354459;23.66475680;1.60471074;1.57773789;4.00906607;0.25061693;0.00000000;0.00000000
1131;113.10000000;0.00000000;4.66986586;23.58772666;1.61415989;1.57080660;4.03461976;0.26056949;0.00000000;0.00000000
1132;113.20000000;0.00000000;4.60821572;23.50906460;1.62620336;1.56761551;4.06117997;0.27076306;0.00000000;0.00000000
1133;113.30000000;0.00000000;4.54871776;23.42876341;1.60764548;1.56808776;4.08877237;0.31529767;0.00000000;0.00000000
1134;113.40000000;0.00000000;4.49150123;23.34682212;1.59141797;1.57211536;4.12423950;0.38402732;0.00000000;0.00000000
1135;113.50000000;0.00000000;4.43785393;23.26252056;1.57706977;1.57820388;4.16557783;0.38379762;0.00000000;0.00000000
1136;113.60000000;0.00000000;4.38760334;23.17614131;1.56988962;1.57813740;4.20099903;0.33689407;0.00000000;0.00000000
1137;113.70000000;0.00000000;4.34005095;23.08824116;1.57214927;1.57208544;4.23295665;0.32240075;0.00000000;0.00000000
1138;113.80000000;0.00000000;4.29542101;22.99882993;1.58010989;1.56908534;4.26547918;0.33142727;0.00000000;0.00000000
1139;113.90000000;0.00000000;4.25368293;22.90802601;1.57215974;1.56923762;4.29924210;0.34892026;0.00000000;0.00000000
1140;114.00000000;0.00000000;4.21519065;22.81581340;1.57209647;1.57221268;4.33526323;0.34724891;0.00000000;0.00000000
1141;114.10000000;0.00000000;4.18009654;22.72224109;1.56638680;1.57787027;4.36869188;0.32138583;0.00000000;0.00000000
1142;114.20000000;0.00000000;4.14784672;22.62765037;1.57005945;1.58680908;4.39954040;0.31645599;0.00000000;0.00000000
1143;114.30000000;0.00000000;4.11858846;22.53209103;1.57486313;1.59257111;4.43198308;0.33766909;0.00000000;0.00000000
1144;114.40000000;0.00000000;4.09253980;22.43560837;1.57416501;1.58611787;4.46707421;0.35791893;0.00000000;0.00000000
1145;114.50000000;0.00000000;4.07005406;22.33823038;1.57018152;1.58034175;4.50356687;0.36365444;0.00000000;0.00000000
1146;114.60000000;0.00000000;4.05110889;22.24009776;1.55126258;1.57725582;4.53980510;0.36044725;0.00000000;0.00000000
1147;114.70000000;0.00000000;4.03573231;22.14133879;1.53590513;1.57687752;4.57565632;0.35706966;0.00000000;0.00000000
1148;114.80000000;0.00000000;4.02386585;22.04209793;1.52405108;1.57928956;4.61121904;0.35311154;0.00000000;0.00000000
1149;114.90000000;0.00000000;4.01554704;21.94250146;1.51573904;1.58445336;4.64627863;0.35035256;0.00000000;0.00000000
1150;115.00000000;0.00000000;4.01066310;21.84268109;1.51085797;1.58933732;4.68128955;0.35223772;0.00000000;0.00000000
1151;115.10000000;0.00000000;4.00933298;21.74275345;1.50952856;1.59066745;-1.56645914;0.35265973;0.00000000;0.00000000
1152;115.20000000;0.00000000;4.01152984;21.64284325;1.51172594;1.58847061;-1.53136381;0.34884999;0.00000000;0.00000000
1153;115.30000000;0.00000000;4.01721101;21.54307204;1.51740943;1.58590155;-1.49668914;0.34767081;0.00000000;0.00000000
1154;115.40000000;0.00000000;4.02632551;21.44355651;1.52652997;1.58618481;-1.46182965;0.35222583;0.00000000;0.00000000
1155;115.50000000;0.00000000;4.03894281;21.34442665;1.53915932;1.58923731;-1.42624397;0.35462813;0.00000000;0.00000000
1156;115.60000000;0.00000000;4.05511082;21.24581129;1.55534800;1.59497594;-1.39090403;0.35042100;0.00000000;0.00000000
1157;115.70000000;0.00000000;4.07469793;21.14781686;1.55319576;1.60347668;-1.35615977;0.34656847;0.00000000;0.00000000
1158;115.80000000;0.00000000;4.09767461;21.05055960;1.54228868;1.61469215;-1.32159033;0.34688600;0.00000000;0.00000000
1159;115.90000000;0.00000000;4.12398577;20.95414868;1.52874645;1.60462661;-1.28678257;0.35881886;0.00000000;0.00000000
1160;116.00000000;0.00000000;4.15367240;20.85872395;1.52517669;1.59226605;-1.24982656;0.35380830;0.00000000;0.00000000
1161;116.10000000;0.00000000;4.18703329;20.76451270;1.53200525;1.58225288;-1.21602091;0.32631056;0.00000000;0.00000000
1162;116.20000000;0.00000000;4.22310216;20.67130374;1.54812228;1.57562963;-1.18456445;0.33213005;0.00000000;0.00000000
1163;116.30000000;0.00000000;4.26232182;20.57937252;1.55744784;1.57193230;-1.14959490;0.37389102;0.00000000;0.00000000
1164;116.40000000;0.00000000;4.30481809;20.48890795;1.56937824;1.57099642;-1.10978624;0.37884278;0.00000000;0.00000000
1165;116.50000000;0.00000000;4.35122427;20.40038898;1.57633157;1.57205133;-1.07382635;0.33597430;0.00000000;0.00000000
1166;116.60000000;0.00000000;4.40011010;20.31321389;1.59040764;1.57061523;-1.04259138;0.30579216;0.00000000;0.00000000
1167;116.70000000;0.00000000;4.45195073;20.22776682;1.60218421;1.56632645;-1.01266791;0.29191669;0.00000000;0.00000000
1168;116.80000000;0.00000000;4.50596234;20.14367271;1.60574601;1.56585160;-0.98420804;0.27857306;0.00000000;0.00000000
1169;116.90000000;0.00000000;4.56257890;20.06131497;1.61409311;1.56506932;-0.95695330;0.24473188;0.00000000;0.00000000
1170;117.00000000;0.00000000;4.62109171;19.98028860;1.62389516;1.56588955;-0.93526167;0.23272253;0.00000000;0.00000000
1171;117.10000000;0.00000000;4.68122918;19.90046074;1.63020298;1.57106215;-0.91040879;0.27225762;0.00000000;0.00000000
1172;117.20000000;0.00000000;4.74369067;19.82244792;1.63411570;1.57961821;-0.88081015;0.27479673;0.00000000;0.00000000
1173;117.30000000;0.00000000;4.80844124;19.74632275;1.64704102;1.58765854;-0.85544945;0.23763345;0.00000000;0.00000000
1174;117.40000000;0.00000000;4.87478292;19.67157100;1.65923345;1.59360381;-0.83328346;0.22239380;0.00000000;0.00000000
1175;117.50000000;0.00000000;4.94284331;19.59839069;1.65561234;1.59722334;-0.81097069;0.21488779;0.00000000;0.00000000
1176;117.60000000;0.00000000;5.01245371;19.52667263;1.65412179;1.59871335;-0.79030590;0.21695580;0.00000000;0.00000000
1177;117.70000000;0.00000000;5.08348078;19.45636597;1.65463091;1.59820366;-0.76757953;0.23930353;0.00000000;0.00000000
1178;117.80000000;0.00000000;5.15627446;19.38788806;1.63883011;1.59515147;-0.74244519;0.24473168;0.00000000;0.00000000
1179;117.90000000;0.00000000;5.23074735;19.32123662;1.60883745;1.58961976;-0.71863319;0.23016992;0.00000000;0.00000000
1180;118.00000000;0.00000000;5.30672167;19.25629901;1.58682244;1.58181365;-0.69641121;0.19692392;0.00000000;0.00000000
1181;118.10000000;0.00000000;5.38408642;19.19301878;1.57301739;1.57185139;-0.67924841;0.17238781;0.00000000;0.00000000
1182;118.20000000;0.00000000;5.46224766;19.13072437;1.56675085;1.56437146;-0.66193364;0.21878753;0.00000000;0.00000000
1183;118.30000000;0.00000000;5.54175626;19.07016119;1.56903948;1.56106538;-0.63549090;0.26172283;0.00000000;0.00000000
1184;118.40000000;0.00000000;5.62309433;19.01209054;1.58073278;1.56106321;-0.60958908;0.21218260;0.00000000;0.00000000
1185;118.50000000;0.00000000;5.70562972;18.95572715;1.57943663;1.56536893;-0.59305438;0.14754317;0.00000000;0.00000000
1186;118.60000000;0.00000000;5.78884922;18.90037366;1.57495294;1.56995509;-0.58008044;0.15345953;0.00000000;0.00000000
1187;118.70000000;0.00000000;5.87281888;18.84617086;1.56834113;1.56035708;-0.56236247;0.20389073;0.00000000;0.00000000
1188;118.80000000;0.00000000;5.95793817;18.79380611;1.56735459;1.55496012;-0.53930230;0.21288496;0.00000000;0.00000000
1189;118.90000000;0.00000000;6.04431912;18.74353112;1.57211854;1.55353669;-0.51978548;0.17009760;0.00000000;0.00000000
1190;119.00000000;0.00000000;6.13142634;18.69452282;1.58463427;1.55707863;-0.50528278;0.12798987;0.00000000;0.00000000
1191;119.10000000;0.00000000;6.21923133;18.64677287;1.60362140;1.56557282;-0.49418751;0.13745477;0.00000000;0.00000000
1192;119.20000000;0.00000000;6.30740579;18.59970877;1.58414868;1.57958808;-0.47779182;0.17806092;0.00000000;0.00000000
1193;119.30000000;0.00000000;6.39672481;18.55486543;1.57329488;1.57637679;-0.45857532;0.15718012;0.00000000;0.00000000
1194;119.40000000;0.00000000;6.48664114;18.51122464;1.57008869;1.56988795;-0.44635580;0.11529658;0.00000000;0.00000000
1195;119.50000000;0.00000000;6.57703205;18.46857609;1.57433570;1.56864933;-0.43551601;0.12701541;0.00000000;0.00000000
1196;119.60000000;0.00000000;6.66787306;18.42689485;1.58594289;1.57270632;-0.42095272;0.17540368;0.00000000;0.00000000
1197;119.70000000;0.00000000;6.75945781;18.38690120;1.59662783;1.58124478;-0.40043527;0.18044472;0.00000000;0.00000000
1198;119.80000000;0.00000000;6.85193297;18.34898112;1.57310774;1.59378448;-0.38486377;0.12010228;0.00000000;0.00000000
1199;119.90000000;0.00000000;6.94472992;18.31185424;1.55582057;1.59768249;-0.37641482;0.08529471;0.00000000;0.00000000
1200;120.00000000;0.00000000;7.03783348;18.27550180;1.54564991;1.58625950;-0.36780483;0.08370811;0.00000000;0.00000000
1201;120.10000000;0.00000000;7.13125636;18.23997816;1.54279260;1.58019672;-0.35967319;0.07658951;0.00000000;0.00000000
1202;120.20000000;0.00000000;7.22493839;18.20514478;1.54713889;1.57970716;-0.35248693;0.09263924;0.00000000;0.00000000
1203;120.30000000;0.00000000;7.31886164;18.17096768;1.55859055;1.58483393;-0.34114535;0.13052323;0.00000000;0.00000000
1204;120.40000000;0.00000000;7.41330457;18.13826988;1.57733244;1.57735464;-0.32638228;0.12601822;0.00000000;0.00000000
1205;120.50000000;0.00000000;7.50819511;18.10688063;1.58671063;1.57113176;-0.31594170;0.08015016;0.00000000;0.00000000
1206;120.60000000;0.00000000;7.60330544;18.07616022;1.59593352;1.56232159;-0.31035225;0.04734129;0.00000000;0.00000000
1207;120.70000000;0.00000000;7.69854208;18.04583332;1.58401298;1.55619627;-0.30647345;0.03715770;0.00000000;0.00000000
1208;120.80000000;0.00000000;7.79388804;18.01585160;1.57870602;1.55346413;-0.30292071;0.04461802;0.00000000;0.00000000
1209;120.90000000;0.00000000;7.88933771;17.98620218;1.58006541;1.54454733;-0.29754984;0.05084788;0.00000000;0.00000000
1210;121.00000000;0.00000000;7.98500030;17.95724632;1.58844899;1.53574094;-0.29275114;0.04477787;0.00000000;0.00000000
1211;121.10000000;0.00000000;8.08073034;17.92851426;1.60084059;1.53317867;-0.28859427;0.07112152;0.00000000;0.00000000
1212;121.20000000;0.00000000;8.17663017;17.90035476;1.61197941;1.53652910;-0.27852683;0.09040597;0.00000000;0.00000000
1213;121.30000000;0.00000000;8.27291721;17.87355650;1.62392336;1.54494134;-0.27051307;0.03847703;0.00000000;0.00000000
1214;121.40000000;0.00000000;8.36925619;17.84693753;1.64205846;1.55954249;-0.27083143;-0.00881105;0.00000000;0.00000000
1215;121.50000000;0.00000000;8.46552814;17.82007741;1.63736801;1.55709379;-0.27227528;-0.00703756;0.00000000;0.00000000
1216;121.60000000;0.00000000;8.56178986;17.79318035;1.62772984;1.55671111;-0.27223894;0.00087811;0.00000000;0.00000000
1217;121.70000000;0.00000000;8.65806385;17.76632720;1.62188170;1.54290745;-0.27209966;-0.00189124;0.00000000;0.00000000
1218;121.80000000;0.00000000;8.75433307;17.73945695;1.61875009;1.53551663;-0.27261719;-0.00868543;0.00000000;0.00000000
1219;121.90000000;0.00000000;8.85057920;17.71250418;1.62082182;1.53469924;-0.27383675;-0.01592342;0.00000000;0.00000000
1220;122.00000000;0.00000000;8.94678255;17.68539921;1.60660935;1.54053783;-0.27580187;0.01147416;0.00000000;0.00000000
1221;122.10000000;0.00000000;9.04292192;17.65806840;1.59829720;1.55119984;-0.27154191;0.10700784;0.00000000;0.00000000
1222;122.20000000;0.00000000;9.13934179;17.63178709;1.59729829;1.54494890;-0.25440030;0.16280371;0.00000000;0.00000000
1223;122.30000000;0.00000000;9.23635937;17.60776800;1.60487329;1.54281088;-0.23898117;0.10115828;0.00000000;0.00000000
1224;122.40000000;0.00000000;9.33355469;17.58446961;1.61052926;1.54205777;-0.23416865;0.06355110;0.00000000;0.00000000
1225;122.50000000;0.00000000;9.43079901;17.56138542;1.60834122;1.52784475;-0.22627095;0.10553131;0.00000000;0.00000000
1226;122.60000000;0.00000000;9.52834854;17.53962548;1.61371249;1.51872695;-0.21306238;0.11779281;0.00000000;0.00000000
1227;122.70000000;0.00000000;9.62616932;17.51911783;1.62622790;1.51487576;-0.20271239;0.05826972;0.00000000;0.00000000
1228;122.80000000;0.00000000;9.72414991;17.49938136;1.61705175;1.51682521;-0.20140844;-0.01377028;0.00000000;0.00000000
1229;122.90000000;0.00000000;9.82202501;17.47912865;1.61349754;1.52585856;-0.20546645;-0.00466063;0.00000000;0.00000000
1230;123.00000000;0.00000000;9.91984172;17.45859772;1.61584477;1.54161277;-0.20234056;0.05185354;0.00000000;0.00000000
1231;123.10000000;0.00000000;10.01784132;17.43895733;1.62525276;1.53972592;-0.19509574;0.03313713;0.00000000;0.00000000
1232;123.20000000;0.00000000;10.11594537;17.41984582;1.63966022;1.53011487;-0.19571314;-0.00434789;0.00000000;0.00000000
1233;123.30000000;0.00000000;10.21392074;17.40008442;1.63836907;1.52766167;-0.19596531;-0.00438719;0.00000000;0.00000000
1234;123.40000000;0.00000000;10.31201526;17.38092341;1.64377779;1.53112966;-0.19659058;-0.00466693;0.00000000;0.00000000
1235;123.50000000;0.00000000;10.40996595;17.36103947;1.65448535;1.54181607;-0.19689870;-0.00521669;0.00000000;0.00000000
1236;123.60000000;0.00000000;10.50804877;17.34181799;1.64186183;1.55606610;-0.19763391;-0.00231271;0.00000000;0.00000000
1237;123.70000000;0.00000000;10.60597025;17.32179002;1.62406079;1.54701906;-0.19736124;0.08506932;0.00000000;0.00000000
1238;123.80000000;0.00000000;10.70406256;17.30262223;1.61314452;1.53961580;-0.18062005;0.11881769;0.00000000;0.00000000
1239;123.90000000;0.00000000;10.80259964;17.28588350;1.61084625;1.53621348;-0.17359770;0.02540145;0.00000000;0.00000000
1240;124.00000000;0.00000000;10.90095277;17.26809500;1.60806122;1.54037036;-0.17553976;-0.02072324;0.00000000;0.00000000
1241;124.10000000;0.00000000;10.99942425;17.25097364;1.61187605;1.55029908;-0.17774235;-0.02318742;0.00000000;0.00000000
1242;124.20000000;0.00000000;11.09769805;17.23275206;1.62074400;1.55766883;-0.18017725;0.06265551;0.00000000;0.00000000
1243;124.30000000;0.00000000;11.19608494;17.21515137;1.61524759;1.54436434;-0.16521125;0.10568814;0.00000000;0.00000000
1244;124.40000000;0.00000000;11.29485896;17.19987923;1.60411090;1.53509795;-0.15903962;0.05229648;0.00000000;0.00000000
1245;124.50000000;0.00000000;11.39345523;17.18349432;1.59802879;1.53343531;-0.15475195;0.03897882;0.00000000;0.00000000
1246;124.60000000;0.00000000;11.49235623;17.16906980;1.60016844;1.53629971;-0.15124385;-0.01196228;0.00000000;0.00000000
1247;124.70000000;0.00000000;11.59106460;17.15337713;1.60725248;1.54265796;-0.15714441;-0.01876462;0.00000000;0.00000000
1248;124.80000000;0.00000000;11.68978994;17.13778626;1.62058375;1.52897666;-0.15499678;0.06707102;0.00000000;0.00000000
1249;124.90000000;0.00000000;11.78856560;17.12251759;1.62334412;1.52142489;-0.14373021;0.07525031;0.00000000;0.00000000
1250;125.00000000;0.00000000;11.88761487;17.10915542;1.61621108;1.51849421;-0.13994672;-0.01152897;0.00000000;0.00000000
1251;125.10000000;0.00000000;11.98650186;17.09463479;1.61407308;1.51764266;-0.14603600;-0.06616202;0.00000000;0.00000000
1252;125.20000000;0.00000000;12.08538336;17.08006702;1.61807038;1.52282303;-0.15317912;-0.03782963;0.00000000;0.00000000
1253;125.30000000;0.00000000;12.18405255;17.06413523;1.62683504;1.53587309;-0.15360193;-0.00186918;0.00000000;0.00000000
1254;125.40000000;0.00000000;12.28291944;17.04948420;1.64037762;1.55052093;-0.15355296;-0.00823315;0.00000000;0.00000000
1255;125.50000000;0.00000000;12.38158930;17.03356221;1.63361729;1.56644025;-0.15524856;0.01740129;0.00000000;0.00000000
1256;125.60000000;0.00000000;12.48040635;17.01857592;1.61864143;1.55036297;-0.15007270;0.02357680;0.00000000;0.00000000
1257;125.70000000;0.00000000;12.57923827;17.00367579;1.60375260;1.53863430;-0.15053320;-0.01333214;0.00000000;0.00000000
1258;125.80000000;0.00000000;12.67804331;16.98859822;1.59076786;1.53352387;-0.15273913;0.00528254;0.00000000;0.00000000
1259;125.90000000;0.00000000;12.77680852;16.97326221;1.58373424;1.53517975;-0.14947669;0.06854574;0.00000000;0.00000000
1260;126.00000000;0.00000000;12.87570840;16.95882986;1.58390578;1.54241203;-0.13902998;0.07627068;0.00000000;0.00000000
1261;126.10000000;0.00000000;12.97477128;16.94556074;1.59153949;1.55488465;-0.13422255;0.00410264;0.00000000;0.00000000
1262;126.20000000;0.00000000;13.07380639;16.93207981;1.60516099;1.56833960;-0.13820945;-0.05056449;0.00000000;0.00000000
1263;126.30000000;0.00000000;13.17276125;16.91802107;1.61813738;1.57469099;-0.14433545;-0.06555634;0.00000000;0.00000000
1264;126.40000000;0.00000000;13.27162373;16.90332782;1.60343226;1.55871245;-0.15132072;-0.04190565;0.00000000;0.00000000
1265;126.50000000;0.00000000;13.37037219;16.88788810;1.58798002;1.54978459;-0.15271658;0.02792841;0.00000000;0.00000000
1266;126.60000000;0.00000000;13.46919266;16.87291900;1.57718637;1.54679873;-0.14573504;0.07830726;0.00000000;0.00000000
1267;126.70000000;0.00000000;13.56814686;16.85885960;1.57360258;1.54934663;-0.13705513;0.02089503;0.00000000;0.00000000
1268;126.80000000;0.00000000;13.66721268;16.84560812;1.57717450;1.55750419;-0.14155603;-0.08032569;0.00000000;0.00000000
1269;126.90000000;0.00000000;13.76602766;16.83065977;1.58534170;1.56962670;-0.15312027;-0.08742102;0.00000000;0.00000000
1270;127.00000000;0.00000000;13.86476084;16.81512085;1.59913705;1.58518690;-0.15904024;-0.04584658;0.00000000;0.00000000
1271;127.10000000;0.00000000;13.96339970;16.79900231;1.59972658;1.60132907;-0.16228958;-0.03407476;0.00000000;0.00000000
1272;127.20000000;0.00000000;14.06202977;16.78282210;1.58362649;1.61753373;-0.16585519;-0.04505362;0.00000000;0.00000000
1273;127.30000000;0.00000000;14.16055052;16.76600066;1.57307299;1.61153386;-0.17130031;-0.03089478;0.00000000;0.00000000
1274;127.40000000;0.00000000;14.25899891;16.74874728;1.56417593;1.60085210;-0.17203415;0.00708053;0.00000000;0.00000000
1275;127.50000000;0.00000000;14.35749704;16.73178088;1.55997622;1.59607747;-0.16988420;-0.00802235;0.00000000;0.00000000
1276;127.60000000;0.00000000;14.45601874;16.71495097;1.56231139;1.58603005;-0.17363862;-0.06637251;0.00000000;0.00000000
1277;127.70000000;0.00000000;14.55438340;16.69724603;1.57013122;1.57114942;-0.18315870;-0.08430903;0.00000000;0.00000000
1278;127.80000000;0.00000000;14.65256659;16.67854348;1.58070666;1.56354508;-0.19050042;-0.05788716;0.00000000;0.00000000
1279;127.90000000;0.00000000;14.75066381;16.65939555;1.56983830;1.56276441;-0.19473613;-0.05541749;0.00000000;0.00000000
1280;128.00000000;0.00000000;14.84868521;16.63986190;1.56489620;1.56875737;-0.20158392;-0.10472541;0.00000000;0.00000000
1281;128.10000000;0.00000000;14.94650455;16.61937362;1.56535409;1.56213580;-0.21568122;-0.13053731;0.00000000;0.00000000
1282;128.20000000;0.00000000;15.04393609;16.59708457;1.57034413;1.55972217;-0.22769138;-0.09078748;0.00000000;0.00000000
1283;128.30000000;0.00000000;15.14124148;16.57425122;1.58109393;1.56105958;-0.23383871;-0.07336290;0.00000000;0.00000000
1284;128.40000000;0.00000000;15.23839128;16.55076609;1.58146254;1.56665705;-0.24236396;-0.08689415;0.00000000;0.00000000
1285;128.50000000;0.00000000;15.33529343;16.52627698;1.57808686;1.57959716;-0.25121754;-0.08313859;0.00000000;0.00000000
1286;128.60000000;0.00000000;15.43201284;16.50107519;1.57588140;1.57944321;-0.25899168;-0.12782123;0.00000000;0.00000000
1287;128.70000000;0.00000000;15.52852257;16.47508244;1.57919180;1.57685018;-0.27678179;-0.19860023;0.00000000;0.00000000
1288;128.80000000;0.00000000;15.62427934;16.44645743;1.56460104;1.58331392;-0.29871172;-0.17931674;0.00000000;0.00000000
1289;128.90000000;0.00000000;15.71955471;16.41625882;1.55236475;1.59764548;-0.31264514;-0.12488885;0.00000000;0.00000000
1290;129.00000000;0.00000000;15.81448033;16.38497562;1.54536506;1.59627391;-0.32368949;-0.10961009;0.00000000;0.00000000
1291;129.10000000;0.00000000;15.90906590;16.35267988;1.54374573;1.60192917;-0.33456715;-0.11065643;0.00000000;0.00000000
1292;129.20000000;0.00000000;16.00328795;16.31933931;1.54748571;1.59675983;-0.34582078;-0.11919867;0.00000000;0.00000000
1293;129.30000000;0.00000000;16.09712234;16.28492322;1.55218275;1.58244431;-0.35840689;-0.13758569;0.00000000;0.00000000
1294;129.40000000;0.00000000;16.19047331;16.24922246;1.54842433;1.57572744;-0.37333792;-0.15154790;0.00000000;0.00000000
1295;129.50000000;0.00000000;16.28323869;16.21201992;1.54559948;1.57345041;-0.38871647;-0.18037023;0.00000000;0.00000000
1296;129.60000000;0.00000000;16.37544610;16.17346588;1.54570481;1.57074578;-0.40941196;-0.22504291;0.00000000;0.00000000
1297;129.70000000;0.00000000;16.46659317;16.13245649;1.54959385;1.57705974;-0.43372505;-0.21394732;0.00000000;0.00000000
1298;129.80000000;0.00000000;16.55682278;16.08946357;1.55772190;1.59179988;-0.45220143;-0.16682165;0.00000000;0.00000000
1299;129.90000000;0.00000000;16.64639300;16.04511458;1.55876119;1.60429636;-0.46708938;-0.14856005;0.00000000;0.00000000
1300;130.00000000;0.00000000;16.73530120;15.99945518;1.55295014;1.60116611;-0.48191344;-0.14959515;0.00000000;0.00000000
1301;130.10000000;0.00000000;16.82351566;15.95247140;1.55206627;1.60438293;-0.49700841;-0.15231802;0.00000000;0.00000000
1302;130.20000000;0.00000000;16.91100369;15.90414986;1.53898070;1.61530393;-0.51237704;-0.15507259;0.00000000;0.00000000
1303;130.30000000;0.00000000;16.99773153;15.85447782;1.53002284;1.62474586;-0.52802293;-0.15786613;0.00000000;0.00000000
1304;130.40000000;0.00000000;17.08366436;15.80344306;1.52598779;1.63396524;-0.54395027;-0.17073318;0.00000000;0.00000000
1305;130.50000000;0.00000000;17.16876617;15.75103401;1.52688726;1.62936837;-0.56216957;-0.21495640;0.00000000;0.00000000
1306;130.60000000;0.00000000;17.25277685;15.69690625;1.53228354;1.61994480;-0.58694155;-0.26013122;0.00000000;0.00000000
1307;130.70000000;0.00000000;17.33517695;15.64034835;1.54125501;1.61957111;-0.61419581;-0.22244161;0.00000000;0.00000000
1308;130.80000000;0.00000000;17.41612237;15.58171782;1.55411154;1.62787426;-0.63142987;-0.15965792;0.00000000;0.00000000
1309;130.90000000;0.00000000;17.49652927;15.52235027;1.56898628;1.63407564;-0.64612739;-0.20220547;0.00000000;0.00000000
1310;131.00000000;0.00000000;17.57571650;15.46136602;1.58185653;1.64028394;-0.67187096;-0.26070476;0.00000000;0.00000000
1311;131.10000000;0.00000000;17.65295678;15.39794284;1.56510067;1.65496077;-0.69826834;-0.23680963;0.00000000;0.00000000
1312;131.20000000;0.00000000;17.72881265;15.33286745;1.55213382;1.62803269;-0.71923289;-0.20712303;0.00000000;0.00000000
1313;131.30000000;0.00000000;17.80332693;15.26626196;1.54350146;1.60208099;-0.73969295;-0.20748516;0.00000000;0.00000000
1314;131.40000000;0.00000000;17.87645569;15.19813923;1.53926018;1.58405671;-0.76072992;-0.21403109;0.00000000;0.00000000
1315;131.50000000;0.00000000;17.94810113;15.12845984;1.53935240;1.57433510;-0.78249917;-0.22049434;0.00000000;0.00000000
1316;131.60000000;0.00000000;18.01819463;15.05721972;1.53854134;1.57312513;-0.80482879;-0.22527536;0.00000000;0.00000000
1317;131.70000000;0.00000000;18.08665849;14.98441056;1.53546805;1.57619652;-0.82755424;-0.22810979;0.00000000;0.00000000
1318;131.80000000;0.00000000;18.15344470;14.91005719;1.53531419;1.58154491;-0.85045074;-0.22997925;0.00000000;0.00000000
1319;131.90000000;0.00000000;18.21850641;14.83418725;1.53936516;1.58918334;-0.87355009;-0.23663031;0.00000000;0.00000000
1320;132.00000000;0.00000000;18.28179057;14.75682519;1.54756209;1.59913159;-0.89777681;-0.21264525;0.00000000;0.00000000
1321;132.10000000;0.00000000;18.34310264;14.67789117;1.55963644;1.61158311;-0.91607914;-0.17743366;0.00000000;0.00000000
1322;132.20000000;0.00000000;18.40351286;14.59826543;1.56473162;1.61543034;-0.93326354;-0.19856534;0.00000000;0.00000000
1323;132.30000000;0.00000000;18.46207350;14.51727514;1.56200602;1.59464132;-0.95579221;-0.22913546;0.00000000;0.00000000
1324;132.40000000;0.00000000;18.51883340;14.43501292;1.56346760;1.58210511;-0.97909063;-0.24279822;0.00000000;0.00000000
1325;132.50000000;0.00000000;18.57355563;14.35138622;1.56885679;1.57827229;-1.00435185;-0.25645393;0.00000000;0.00000000
1326;132.60000000;0.00000000;18.62608634;14.26636658;1.57798658;1.57337657;-1.03038141;-0.26068328;0.00000000;0.00000000
1327;132.70000000;0.00000000;18.67638251;14.18000631;1.59077749;1.56970897;-1.05648851;-0.25527121;0.00000000;0.00000000
1328;132.80000000;0.00000000;18.72440456;14.09236069;1.60014788;1.57500316;-1.08143566;-0.23942150;0.00000000;0.00000000
1329;132.90000000;0.00000000;18.77033321;14.00359534;1.59144377;1.58893202;-1.10437281;-0.23404614;0.00000000;0.00000000
1330;133.00000000;0.00000000;18.81428555;13.91383933;1.58677982;1.60831007;-1.12824489;-0.23654884;0.00000000;0.00000000
1331;133.10000000;0.00000000;18.85592597;13.82298224;1.58584368;1.59281264;-1.15168257;-0.23784185;0.00000000;0.00000000
1332;133.20000000;0.00000000;18.89562520;13.73126282;1.58665631;1.57992694;-1.17581326;-0.22284168;0.00000000;0.00000000
1333;133.30000000;0.00000000;18.93283526;13.63849971;1.58185054;1.57599529;-1.19625091;-0.17510658;0.00000000;0.00000000
1334;133.40000000;0.00000000;18.96875543;13.54522894;1.58196680;1.57977900;-1.21083457;-0.16673391;0.00000000;0.00000000
1335;133.50000000;0.00000000;19.00324472;13.45141923;1.58686171;1.59136370;-1.22959769;-0.20306158;0.00000000;0.00000000
1336;133.60000000;0.00000000;19.03564021;13.35686677;1.58830108;1.56701905;-1.25144689;-0.20606220;0.00000000;0.00000000
1337;133.70000000;0.00000000;19.06599781;13.26164223;1.57811786;1.54215413;-1.27081013;-0.18419699;0.00000000;0.00000000
1338;133.80000000;0.00000000;19.09470775;13.16590812;1.57250244;1.52515883;-1.28828629;-0.18640215;0.00000000;0.00000000
1339;133.90000000;0.00000000;19.12171887;13.06968196;1.57146141;1.51634689;-1.30809056;-0.20648344;0.00000000;0.00000000
1340;134.00000000;0.00000000;19.14661434;12.97289007;1.57458341;1.51628466;-1.32958298;-0.21747471;0.00000000;0.00000000
1341;134.10000000;0.00000000;19.16946512;12.87559394;1.58192584;1.52488962;-1.35158550;-0.22525553;0.00000000;0.00000000
1342;134.20000000;0.00000000;19.19007813;12.77780227;1.59324260;1.54219449;-1.37463408;-0.22992709;0.00000000;0.00000000
1343;134.30000000;0.00000000;19.20842094;12.67955792;1.60842179;1.56792491;-1.39757092;-0.23375159;0.00000000;0.00000000
1344;134.40000000;0.00000000;19.22452792;12.58092286;1.60748224;1.57547296;-1.42138440;-0.24795839;0.00000000;0.00000000
1345;134.50000000;0.00000000;19.23817226;12.48191909;1.59480510;1.56182949;-1.44716260;-0.26202175;0.00000000;0.00000000
1346;134.60000000;0.00000000;19.24917463;12.38258691;1.58566781;1.55082805;-1.47378875;-0.26559633;0.00000000;0.00000000
1347;134.70000000;0.00000000;19.25752999;12.28299677;1.57972377;1.54247340;-1.50028187;-0.26342927;0.00000000;0.00000000
1348;134.80000000;0.00000000;19.26325622;12.18322018;1.57184480;1.53674759;-1.52647460;-0.26040921;0.00000000;0.00000000
1349;134.90000000;0.00000000;19.26638548;12.08332746;1.56770019;1.53361851;-1.55236371;-0.25800197;0.00000000;0.00000000
1350;135.00000000;0.00000000;19.26694010;11.98338618;1.56734701;1.53306398;4.70511031;-0.25664729;0.00000000;0.00000000
1351;135.10000000;0.00000000;19.26493070;11.88346229;1.56533730;1.53507350;4.67949214;-0.25565240;0.00000000;0.00000000
1352;135.20000000;0.00000000;19.26036609;11.78362106;1.56077115;1.53963841;4.65397983;-0.25031441;0.00000000;0.00000000
1353;135.30000000;0.00000000;19.25326271;11.68392653;1.55914167;1.54674243;4.62942926;-0.24106301;0.00000000;0.00000000
1354;135.40000000;0.00000000;19.24380293;11.58442635;1.56155222;1.55620342;4.60576723;-0.24153676;0.00000000;0.00000000
1355;135.50000000;0.00000000;19.23199116;11.48517825;1.56798182;1.56801730;4.58112191;-0.24201997;0.00000000;0.00000000
1356;135.60000000;0.00000000;19.21764087;11.38626828;1.57818364;1.58237124;4.55736323;-0.23758207;0.00000000;0.00000000
1357;135.70000000;0.00000000;19.20112871;11.28769617;1.59244594;1.59888921;4.53360549;-0.23799023;0.00000000;0.00000000
1358;135.80000000;0.00000000;19.18209729;11.18958307;1.58370147;1.60495553;4.50976519;-0.23017240;0.00000000;0.00000000
1359;135.90000000;0.00000000;19.16090603;11.09191114;1.57002209;1.59944655;4.48757101;-0.21694728;0.00000000;0.00000000
1360;136.00000000;0.00000000;19.13753954;10.99473871;1.56039939;1.59296147;4.46637573;-0.22597802;0.00000000;0.00000000
1361;136.10000000;0.00000000;19.11222818;10.89805237;1.55514026;1.58096268;4.44237541;-0.25878484;0.00000000;0.00000000
1362;136.20000000;0.00000000;19.08422848;10.80212198;1.55350327;1.57801873;4.41461876;-0.27724976;0.00000000;0.00000000
1363;136.30000000;0.00000000;19.05359269;10.70699179;1.55262201;1.57041725;4.38692546;-0.27334802;0.00000000;0.00000000
1364;136.40000000;0.00000000;19.02032498;10.61275808;1.55234401;1.56756459;4.35994916;-0.24194290;0.00000000;0.00000000
1365;136.50000000;0.00000000;18.98460279;10.51941520;1.55588541;1.56243163;4.33853688;-0.19774436;0.00000000;0.00000000
1366;136.60000000;0.00000000;18.94732670;10.42668107;1.55762759;1.56434432;4.32040029;-0.20877608;0.00000000;0.00000000
1367;136.70000000;0.00000000;18.90824504;10.33470024;1.55851650;1.56969040;4.29678166;-0.22856399;0.00000000;0.00000000
1368;136.80000000;0.00000000;18.86663119;10.24382830;1.54955322;1.57639746;4.27468749;-0.24551187;0.00000000;0.00000000
1369;136.90000000;0.00000000;18.82352177;10.15365818;1.54105254;1.57773375;4.24767929;-0.30487844;0.00000000;0.00000000
1370;137.00000000;0.00000000;18.77706168;10.06516392;1.53526273;1.58092246;4.21371180;-0.28476613;0.00000000;0.00000000
1371;137.10000000;0.00000000;18.72792983;9.97812683;1.52828435;1.59203967;4.19072606;-0.21786232;0.00000000;0.00000000
1372;137.20000000;0.00000000;18.67745290;9.89186254;1.52489112;1.59492429;4.17013934;-0.23551971;0.00000000;0.00000000
1373;137.30000000;0.00000000;18.62478348;9.80692721;1.52548102;1.59757145;4.14362212;-0.26189438;0.00000000;0.00000000
1374;137.40000000;0.00000000;18.56980973;9.72346753;1.52987630;1.60344998;4.11776046;-0.23558699;0.00000000;0.00000000
1375;137.50000000;0.00000000;18.51281942;9.64136850;1.52990620;1.59762029;4.09650472;-0.20308480;0.00000000;0.00000000
1376;137.60000000;0.00000000;18.45434368;9.56031392;1.52460295;1.59984611;4.07714350;-0.22620944;0.00000000;0.00000000
1377;137.70000000;0.00000000;18.39422201;9.48048858;1.51834399;1.61032838;4.05126283;-0.26672823;0.00000000;0.00000000
1378;137.80000000;0.00000000;18.33163351;9.40257072;1.51481042;1.60714749;4.02379785;-0.25522635;0.00000000;0.00000000
1379;137.90000000;0.00000000;18.26721246;9.32615791;1.51549547;1.60586656;4.00021756;-0.24171604;0.00000000;0.00000000
1380;138.00000000;0.00000000;18.20101637;9.25127289;1.52042286;1.61313026;3.97545465;-0.21956606;0.00000000;0.00000000
1381;138.10000000;0.00000000;18.13288875;9.17814013;1.52395974;1.62908173;3.95630435;-0.17827180;0.00000000;0.00000000
1382;138.20000000;0.00000000;18.06387412;9.10584514;1.52627800;1.65212065;3.93980029;-0.18909565;0.00000000;0.00000000
1383;138.30000000;0.00000000;17.99337402;9.03500460;1.52651831;1.65579247;3.91848522;-0.21479155;0.00000000;0.00000000
1384;138.40000000;0.00000000;17.92134562;8.96572082;1.52457720;1.65773340;3.89684198;-0.21419350;0.00000000;0.00000000
1385;138.50000000;0.00000000;17.84784751;8.89799870;1.52049171;1.66181804;3.87564652;-0.20738052;0.00000000;0.00000000
1386;138.60000000;0.00000000;17.77294676;8.83182875;1.51431513;1.66799242;3.85536587;-0.19892657;0.00000000;0.00000000
1387;138.70000000;0.00000000;17.69676088;8.76714092;1.50617938;1.67612408;3.83586121;-0.19381081;0.00000000;0.00000000
1388;138.80000000;0.00000000;17.61933424;8.70394053;1.49611140;1.68618562;3.81660371;-0.19768342;0.00000000;0.00000000
1389;138.90000000;0.00000000;17.54071050;8.64223147;1.48413873;1.69814923;3.79632452;-0.20242243;0.00000000;0.00000000
1390;139.00000000;0.00000000;17.46078252;8.58222071;1.47535378;1.71005175;3.77611922;-0.19444460;0.00000000;0.00000000
1391;139.10000000;0.00000000;17.37973158;8.52373962;1.47141477;1.70061146;3.75743560;-0.18467021;0.00000000;0.00000000
1392;139.20000000;0.00000000;17.29762101;8.46675918;1.47242208;1.69593919;3.73918518;-0.18121102;0.00000000;0.00000000
1393;139.30000000;0.00000000;17.21449230;8.41127638;1.47839101;1.67460960;3.72119340;-0.18212143;0.00000000;0.00000000
1394;139.40000000;0.00000000;17.13038583;8.35728736;1.47359905;1.65829580;3.70276090;-0.19490494;0.00000000;0.00000000
1395;139.50000000;0.00000000;17.04526985;8.30490685;1.46385371;1.64125244;3.68221241;-0.21346127;0.00000000;0.00000000
1396;139.60000000;0.00000000;16.95901651;8.25441910;1.45868817;1.63237181;3.66006864;-0.20821921;0.00000000;0.00000000
1397;139.70000000;0.00000000;16.87166012;8.20585555;1.45814422;1.63180155;3.64056857;-0.18105542;0.00000000;0.00000000
1398;139.80000000;0.00000000;16.78349886;8.15876663;1.46276421;1.63901617;3.62385756;-0.16274956;0.00000000;0.00000000
1399;139.90000000;0.00000000;16.69456832;8.11314923;1.47251745;1.65389249;3.60801866;-0.15386707;0.00000000;0.00000000
1400;140.00000000;0.00000000;16.60496199;8.06887727;1.48745237;1.67607227;3.59308414;-0.14806337;0.00000000;0.00000000
1401;140.10000000;0.00000000;16.51471078;8.02593705;1.50743674;1.66337430;3.57840598;-0.15274240;0.00000000;0.00000000
1402;140.20000000;0.00000000;16.42384452;7.98431472;1.52744004;1.64475709;3.56253566;-0.16705458;0.00000000;0.00000000
1403;140.30000000;0.00000000;16.33227903;7.94426161;1.53612701;1.63002658;3.54499507;-0.17294516;0.00000000;0.00000000
1404;140.40000000;0.00000000;16.24000818;7.90585160;1.54103405;1.62120669;3.52794663;-0.19088553;0.00000000;0.00000000
1405;140.50000000;0.00000000;16.14712999;7.86894313;1.53808877;1.60971376;3.50681796;-0.20349289;0.00000000;0.00000000
1406;140.60000000;0.00000000;16.05331668;7.83446445;1.53903146;1.60016335;3.48724805;-0.16039309;0.00000000;0.00000000
1407;140.70000000;0.00000000;15.95905981;7.80121665;1.54514511;1.59813223;3.47473934;-0.12034045;0.00000000;0.00000000
1408;140.80000000;0.00000000;15.86441372;7.76909561;1.54829969;1.59462672;3.46317996;-0.12231402;0.00000000;0.00000000
1409;140.90000000;0.00000000;15.76941461;7.73803598;1.54703475;1.58409341;3.45027654;-0.13140649;0.00000000;0.00000000
1410;141.00000000;0.00000000;15.67397349;7.70836861;1.55076126;1.58128622;3.43689867;-0.12922056;0.00000000;0.00000000
1411;141.10000000;0.00000000;15.57817792;7.67986168;1.55968829;1.58600003;3.42443243;-0.12521181;0.00000000;0.00000000
1412;141.20000000;0.00000000;15.48202700;7.65258293;1.56862197;1.59823187;3.41185630;-0.12993028;0.00000000;0.00000000
1413;141.30000000;0.00000000;15.38554457;7.62649415;1.58167740;1.61235474;3.39844637;-0.15305718;0.00000000;0.00000000
1414;141.40000000;0.00000000;15.28870045;7.60180466;1.58656336;1.60237961;3.38124487;-0.15391892;0.00000000;0.00000000
1415;141.50000000;0.00000000;15.19137688;7.57904964;1.57915477;1.57956288;3.36766258;-0.10367314;0.00000000;0.00000000
1416;141.60000000;0.00000000;15.09389128;7.55699824;1.56358441;1.56308048;3.36051024;-0.07715605;0.00000000;0.00000000
1417;141.70000000;0.00000000;14.99625213;7.53563767;1.54978309;1.55357500;3.35223137;-0.07938616;0.00000000;0.00000000
1418;141.80000000;0.00000000;14.89841454;7.51520330;1.54140215;1.55141465;3.34463301;-0.07369677;0.00000000;0.00000000
1419;141.90000000;0.00000000;14.80046165;7.49532886;1.53890654;1.55625599;3.33749202;-0.06789716;0.00000000;0.00000000
1420;142.00000000;0.00000000;14.70234212;7.47629382;1.54204139;1.56831490;3.33105358;-0.05976816;0.00000000;0.00000000
1421;142.10000000;0.00000000;14.60414141;7.45768232;1.55119376;1.58073971;3.32553839;-0.05936856;0.00000000;0.00000000
1422;142.20000000;0.00000000;14.50581799;7.43973073;1.56332194;1.58281369;3.31917986;-0.05966368;0.00000000;0.00000000
1423;142.30000000;0.00000000;14.40738862;7.42236953;1.57763102;1.58598367;3.31360565;-0.13388996;0.00000000;0.00000000
1424;142.40000000;0.00000000;14.30887118;7.40551519;1.56339460;1.59593139;3.29240187;-0.21585842;0.00000000;0.00000000
1425;142.50000000;0.00000000;14.20980082;7.39234349;1.55003439;1.59235072;3.27043397;-0.13267598;0.00000000;0.00000000
1426;142.60000000;0.00000000;14.11063815;7.37983232;1.54237823;1.58325559;3.26586668;-0.03263438;0.00000000;0.00000000
1427;142.70000000;0.00000000;14.01144497;7.36756532;1.54093342;1.58068755;3.26390709;-0.01443003;0.00000000;0.00000000
1428;142.80000000;0.00000000;13.91223399;7.35544288;1.54581752;1.58457815;3.26298067;-0.00381980;0.00000000;0.00000000
1429;142.90000000;0.00000000;13.81301822;7.34335969;1.55707593;1.59477500;3.26314313;-0.02961175;0.00000000;0.00000000
1430;143.00000000;0.00000000;13.71381118;7.33120500;1.55889015;1.61104888;3.25705832;-0.05609277;0.00000000;0.00000000
1431;143.10000000;0.00000000;13.61445707;7.32033026;1.53892553;1.62086845;3.25192458;-0.00273914;0.00000000;0.00000000
1432;143.20000000;0.00000000;13.51513065;7.30919481;1.52552260;1.60971987;3.25651049;0.05883391;0.00000000;0.00000000
1433;143.30000000;0.00000000;13.41587939;7.29740915;1.51924766;1.60356476;3.26369136;0.07822994;0.00000000;0.00000000
1434;143.40000000;0.00000000;13.31672338;7.28484844;1.52031542;1.60284695;3.27215648;0.05159521;0.00000000;0.00000000
1435;143.50000000;0.00000000;13.21768619;7.27138424;1.52883990;1.60744374;3.27401040;-0.06202463;0.00000000;0.00000000
1436;143.60000000;0.00000000;13.11857753;7.25845597;1.54178098;1.61874780;3.25975156;-0.11846717;0.00000000;0.00000000
1437;143.70000000;0.00000000;13.01920141;7.24782173;1.55242387;1.63834559;3.25031697;-0.04428395;0.00000000;0.00000000
1438;143.80000000;0.00000000;12.91986695;7.23676577;1.53865932;1.63691412;3.25089477;0.01567729;0.00000000;0.00000000
1439;143.90000000;0.00000000;12.82049820;7.22601615;1.52400097;1.62617391;3.25345242;0.02775174;0.00000000;0.00000000
1440;144.00000000;0.00000000;12.72122175;7.21445221;1.51319937;1.61613705;3.25644511;-0.00691776;0.00000000;0.00000000
1441;144.10000000;0.00000000;12.62191906;7.20310803;1.50873357;1.60645798;3.25206887;-0.05216152;0.00000000;0.00000000
1442;144.20000000;0.00000000;12.52254442;7.19241336;1.51022824;1.60361792;3.24601281;-0.05450915;0.00000000;0.00000000
1443;144.30000000;0.00000000;12.42311157;7.18227274;1.51776158;1.60755708;3.24116704;-0.00834143;0.00000000;0.00000000
1444;144.40000000;0.00000000;12.32363769;7.17254162;1.52748932;1.61808167;3.24434452;0.04517241;0.00000000;0.00000000
1445;144.50000000;0.00000000;12.22427304;7.16176950;1.53825760;1.63363302;3.25020153;0.05986788;0.00000000;0.00000000
1446;144.60000000;0.00000000;12.12491993;7.15087385;1.54914962;1.65093685;3.25631810;0.06386540;0.00000000;0.00000000
1447;144.70000000;0.00000000;12.02569479;7.13888704;1.56113244;1.63894401;3.26297460;0.03247695;0.00000000;0.00000000
1448;144.80000000;0.00000000;11.92649548;7.12666971;1.54093456;1.62672071;3.26281349;-0.01158063;0.00000000;0.00000000
1449;144.90000000;0.00000000;11.82726427;7.11471461;1.52646901;1.61476016;3.26065848;-0.01520376;0.00000000;0.00000000
1450;145.00000000;0.00000000;11.72801321;7.10292495;1.51829183;1.60296546;3.25977274;-0.00504726;0.00000000;0.00000000
1451;145.10000000;0.00000000;11.62876090;7.09114564;1.51666095;1.59499094;3.25964903;-0.00297996;0.00000000;0.00000000
1452;145.20000000;0.00000000;11.52950691;7.07938053;1.52159356;1.59327306;3.25917675;-0.00801665;0.00000000;0.00000000
1453;145.30000000;0.00000000;11.43024352;7.06769498;1.53296120;1.59789762;3.25804570;-0.01460855;0.00000000;0.00000000
1454;145.40000000;0.00000000;11.33096320;7.05615442;1.54447726;1.60887513;3.25625504;0.01184475;0.00000000;0.00000000
1455;145.50000000;0.00000000;11.23165865;7.04482444;1.55578416;1.62614152;3.26041465;0.02884357;0.00000000;0.00000000
1456;145.60000000;0.00000000;11.13248064;7.03245871;1.56812358;1.63317888;3.26202375;-0.02480856;0.00000000;0.00000000
1457;145.70000000;0.00000000;11.03321675;7.02080965;1.57962375;1.62151370;3.25545293;-0.04820110;0.00000000;0.00000000
1458;145.80000000;0.00000000;10.93388190;7.00974797;1.56032987;1.61043780;3.25238353;-0.01809629;0.00000000;0.00000000
1459;145.90000000;0.00000000;10.83454463;6.99870809;1.54724252;1.60540424;3.25183368;0.02254616;0.00000000;0.00000000
1460;146.00000000;0.00000000;10.73519769;6.98775566;1.54045388;1.60667283;3.25689276;0.04085761;0.00000000;0.00000000
1461;146.10000000;0.00000000;10.63598073;6.97571166;1.53994726;1.60875701;3.26000520;0.02080528;0.00000000;0.00000000
1462;146.20000000;0.00000000;10.53670731;6.96414143;1.54052208;1.61588182;3.26105382;0.04647036;0.00000000;0.00000000
1463;146.30000000;0.00000000;10.43751733;6.95188956;1.54824762;1.62844028;3.26929927;0.07196622;0.00000000;0.00000000
1464;146.40000000;0.00000000;10.33844488;6.93868346;1.56146452;1.63875999;3.27544706;0.04261958;0.00000000;0.00000000
1465;146.50000000;0.00000000;10.23940809;6.92521225;1.57494734;1.62529891;3.27782319;0.02076234;0.00000000;0.00000000
1466;146.60000000;0.00000000;10.14039945;6.91153547;1.56447787;1.61163331;3.27959953;-0.01009830;0.00000000;0.00000000
1467;146.70000000;0.00000000;10.04141110;6.89771249;1.55027727;1.59782254;3.27580353;-0.05568630;0.00000000;0.00000000
1468;146.80000000;0.00000000;9.94230470;6.88478822;1.54153056;1.58490977;3.26846227;-0.01886205;0.00000000;0.00000000
1469;146.90000000;0.00000000;9.84312411;6.87242005;1.53867635;1.57442956;3.27203112;0.07682679;0.00000000;0.00000000
1470;147.00000000;0.00000000;9.74411453;6.85878898;1.54357807;1.56897978;3.28382763;0.07000177;0.00000000;0.00000000
1471;147.10000000;0.00000000;9.64525337;6.84408457;1.55597362;1.56880397;3.28603147;-0.01610416;0.00000000;0.00000000
1472;147.20000000;0.00000000;9.54630211;6.83001682;1.57003255;1.57562348;3.28060680;-0.02874827;0.00000000;0.00000000
1473;147.30000000;0.00000000;9.44728734;6.81638583;1.58365599;1.58914949;3.28028182;0.01556490;0.00000000;0.00000000
1474;147.40000000;0.00000000;9.34832453;6.80238206;1.59502895;1.60246026;3.28371978;0.00975178;0.00000000;0.00000000
1475;147.50000000;0.00000000;9.24940570;6.78807057;1.57751878;1.58813922;3.28223217;-0.03674274;0.00000000;0.00000000
1476;147.60000000;0.00000000;9.15040427;6.77436167;1.56559762;1.57846891;3.27637123;-0.03512798;0.00000000;0.00000000
1477;147.70000000;0.00000000;9.05132455;6.76121064;1.55943832;1.57565713;3.27520658;0.03165457;0.00000000;0.00000000
1478;147.80000000;0.00000000;8.95228881;6.74773202;1.56000314;1.57884913;3.28270214;0.09943439;0.00000000;0.00000000
1479;147.90000000;0.00000000;8.85342290;6.73309800;1.56811652;1.58717664;3.29509345;0.08443975;0.00000000;0.00000000
1480;148.00000000;0.00000000;8.75475163;6.71716949;1.58376085;1.59861350;3.29959009;-0.00193385;0.00000000;0.00000000
1481;148.10000000;0.00000000;8.65601798;6.70164638;1.58402432;1.60241762;3.29470668;-0.02781495;0.00000000;0.00000000
1482;148.20000000;0.00000000;8.55719593;6.68668232;1.56920398;1.58742495;3.29402710;0.01635489;0.00000000;0.00000000
1483;148.30000000;0.00000000;8.45843913;6.67129309;1.56108606;1.57200565;3.29797766;0.01922272;0.00000000;0.00000000
1484;148.40000000;0.00000000;8.35973826;6.65554868;1.55970479;1.55623003;3.29787165;-0.02817064;0.00000000;0.00000000
1485;148.50000000;0.00000000;8.26098048;6.64018075;1.56434003;1.54697344;3.29234354;-0.05247929;0.00000000;0.00000000
1486;148.60000000;0.00000000;8.16211163;6.62552853;1.57459845;1.54486813;3.28737579;-0.03171357;0.00000000;0.00000000
1487;148.70000000;0.00000000;8.06320577;6.61114253;1.56413809;1.54948946;3.28600082;0.03634329;0.00000000;0.00000000
1488;148.80000000;0.00000000;7.96430333;6.59676317;1.55064670;1.56051696;3.29464445;0.10084258;0.00000000;0.00000000
1489;148.90000000;0.00000000;7.86565913;6.58066935;1.54525452;1.57611123;3.30616934;0.07075705;0.00000000;0.00000000
1490;149.00000000;0.00000000;7.76710820;6.56401323;1.54688671;1.57435982;3.30879586;-0.00464410;0.00000000;0.00000000
1491;149.10000000;0.00000000;7.66855114;6.54740166;1.55491013;1.57230945;3.30524052;-0.02045854;0.00000000;0.00000000
1492;149.20000000;0.00000000;7.56988433;6.53144673;1.56861534;1.57726906;3.30470415;0.01153460;0.00000000;0.00000000
1493;149.30000000;0.00000000;7.47130812;6.51494066;1.56992905;1.58796137;3.30754744;-0.00478946;0.00000000;0.00000000
1494;149.40000000;0.00000000;7.37273485;6.49842512;1.56043149;1.59850599;3.30374626;-0.01307148;0.00000000;0.00000000
1495;149.50000000;0.00000000;7.27403604;6.48266894;1.55653394;1.58682724;3.30493314;0.06958815;0.00000000;0.00000000
1496;149.60000000;0.00000000;7.17550590;6.46592005;1.55431888;1.57811076;3.31766389;0.08546773;0.00000000;0.00000000
1497;149.70000000;0.00000000;7.07724091;6.44765642;1.55974296;1.57030433;3.32202669;0.02299192;0.00000000;0.00000000
1498;149.80000000;0.00000000;6.97885591;6.43004756;1.57085932;1.56950490;3.32226227;0.03466783;0.00000000;0.00000000
1499;149.90000000;0.00000000;6.88059887;6.41173751;1.57434186;1.57435005;3.32896025;0.05600131;0.00000000;0.00000000
1500;150.00000000;0.00000000;6.78245835;6.39281226;1.56335982;1.58487359;3.33346253;0.00629953;0.00000000;0.00000000
1501;150.10000000;0.00000000;6.68437077;6.37361832;1.55899609;1.57429094;3.33022016;-0.02980069;0.00000000;0.00000000
1502;150.20000000;0.00000000;6.58610958;6.35532988;1.56011171;1.56200786;3.32750240;-0.02799456;0.00000000;0.00000000
1503;150.30000000;0.00000000;6.48791889;6.33666934;1.54645515;1.55568207;3.32462125;-0.02653089;0.00000000;0.00000000
1504;150.40000000;0.00000000;6.38955392;6.31894740;1.53584659;1.55671878;3.32219622;-0.02176247;0.00000000;0.00000000
1505;150.50000000;0.00000000;6.29127368;6.30076327;1.53217006;1.56368717;3.32026875;0.02710821;0.00000000;0.00000000
1506;150.60000000;0.00000000;6.19284312;6.28342101;1.53415254;1.57781484;3.32761786;0.07436836;0.00000000;0.00000000
1507;150.70000000;0.00000000;6.09484043;6.26379431;1.54492687;1.58814648;3.33514243;0.03898602;0.00000000;0.00000000
1508;150.80000000;0.00000000;5.99667995;6.24497236;1.55751080;1.58988135;3.33541506;0.04269330;0.00000000;0.00000000
1509;150.90000000;0.00000000;5.89868782;6.22529218;1.57332508;1.59154204;3.34368109;0.03637759;0.00000000;0.00000000
1510;151.00000000;0.00000000;5.80085177;6.20485006;1.56152329;1.59826860;3.34269058;-0.01020953;0.00000000;0.00000000
1511;151.10000000;0.00000000;5.70282086;6.18536405;1.55508941;1.58921732;3.34163918;0.07527818;0.00000000;0.00000000
1512;151.20000000;0.00000000;5.60494212;6.16512772;1.55583124;1.57895196;3.35774622;0.12541356;0.00000000;0.00000000
1513;151.30000000;0.00000000;5.50759118;6.14249472;1.54601063;1.57252149;3.36672189;0.04702438;0.00000000;0.00000000
1514;151.40000000;0.00000000;5.41009164;6.12050474;1.53743336;1.57309001;3.36715109;0.04044275;0.00000000;0.00000000
1515;151.50000000;0.00000000;5.31275899;6.09778791;1.53607406;1.57925140;3.37481044;0.04045862;0.00000000;0.00000000
1516;151.60000000;0.00000000;5.21560783;6.07430703;1.54199126;1.59090120;3.37524282;-0.03656216;0.00000000;0.00000000
1517;151.70000000;0.00000000;5.11829510;6.05150610;1.55308582;1.58760449;3.36749801;-0.00978412;0.00000000;0.00000000
1518;151.80000000;0.00000000;5.02079208;6.02953285;1.54606784;1.58994928;3.37328599;0.11244989;0.00000000;0.00000000
1519;151.90000000;0.00000000;4.92375541;6.00560830;1.54447682;1.59655678;3.38998799;0.10929616;0.00000000;0.00000000
1520;152.00000000;0.00000000;4.82704095;5.98039110;1.54767718;1.59205997;3.39514523;0.02970275;0.00000000;0.00000000
1521;152.10000000;0.00000000;4.73025060;5.95546548;1.54750026;1.58073668;3.39592854;0.01037164;0.00000000;0.00000000
1522;152.20000000;0.00000000;4.63357588;5.93009683;1.53971445;1.57522661;3.39721955;0.00943102;0.00000000;0.00000000
1523;152.30000000;0.00000000;4.53685031;5.90492141;1.53819656;1.57624802;3.39781474;0.03508547;0.00000000;0.00000000
1524;152.40000000;0.00000000;4.44020590;5.87943770;1.54348192;1.58327249;3.40423665;0.06033210;0.00000000;0.00000000
1525;152.50000000;0.00000000;4.34381225;5.85302223;1.55280230;1.59558253;3.40988116;0.02157170;0.00000000;0.00000000
1526;152.60000000;0.00000000;4.24746094;5.82644894;1.54796970;1.60330611;3.40855099;-0.02621005;0.00000000;0.00000000
1527;152.70000000;0.00000000;4.15099630;5.80028972;1.54915333;1.61100642;3.40463915;-0.03538354;0.00000000;0.00000000
1528;152.80000000;0.00000000;4.05443988;5.77447102;1.55641564;1.60572121;3.40147428;-0.03232012;0.00000000;0.00000000
1529;152.90000000;0.00000000;3.95781147;5.74892288;1.56968688;1.59743004;3.39817513;-0.03540268;0.00000000;0.00000000
1530;153.00000000;0.00000000;3.86108708;5.72374192;1.58284643;1.59574916;3.39439374;-0.01550400;0.00000000;0.00000000
1531;153.10000000;0.00000000;3.76426814;5.69892526;1.58401005;1.60069626;3.39507433;0.04686717;0.00000000;0.00000000
1532;153.20000000;0.00000000;3.66758108;5.67361343;1.58026987;1.59387644;3.40376718;0.07278462;0.00000000;0.00000000
1533;153.30000000;0.00000000;3.57120822;5.64711738;1.58406724;1.58615068;3.40963126;0.03565505;0.00000000;0.00000000
1534;153.40000000;0.00000000;3.47482141;5.62067244;1.58708998;1.58475654;3.41089819;0.01428126;0.00000000;0.00000000
1535;153.50000000;0.00000000;3.37851598;5.59393227;1.57539019;1.58935259;3.41248751;0.02059147;0.00000000;0.00000000
1536;153.60000000;0.00000000;3.28221367;5.56718108;1.56320570;1.60017912;3.41501648;0.03851969;0.00000000;0.00000000
1537;153.70000000;0.00000000;3.18604471;5.53995414;1.55784727;1.61194785;3.42019144;0.05311240;0.00000000;0.00000000
1538;153.80000000;0.00000000;3.09002441;5.51220767;1.55391391;1.61292292;3.42563896;0.08227817;0.00000000;0.00000000
1539;153.90000000;0.00000000;2.99415794;5.48393465;1.55652861;1.61393567;3.43664708;0.12101640;0.00000000;0.00000000
1540;154.00000000;0.00000000;2.89877398;5.45408176;1.56717067;1.60601882;3.44984224;0.11190403;0.00000000;0.00000000
1541;154.10000000;0.00000000;2.80368749;5.42328914;1.55388737;1.60331583;3.45902788;0.08093715;0.00000000;0.00000000
1542;154.20000000;0.00000000;2.70886665;5.39168858;1.54354190;1.60598843;3.46602967;0.06619248;0.00000000;0.00000000
1543;154.30000000;0.00000000;2.61422017;5.35956730;1.53503403;1.61430925;3.47226638;0.09148732;0.00000000;0.00000000
1544;154.40000000;0.00000000;2.51980119;5.32678660;1.51595777;1.62804496;3.48432714;0.14662350;0.00000000;0.00000000
1545;154.50000000;0.00000000;2.42596552;5.29239494;1.49774187;1.64269434;3.50159108;0.14471314;0.00000000;0.00000000
1546;154.60000000;0.00000000;2.33273365;5.25637418;1.48776990;1.63127465;3.51326976;0.09191666;0.00000000;0.00000000
1547;154.70000000;0.00000000;2.23971865;5.21979705;1.48507254;1.62533314;3.51997441;0.08119384;0.00000000;0.00000000
1548;154.80000000;0.00000000;2.14697897;5.18252973;1.48983479;1.62478419;3.52950853;0.09306287;0.00000000;0.00000000
1549;154.90000000;0.00000000;2.05467804;5.14418562;1.50240006;1.62921490;3.53858699;0.09609497;0.00000000;0.00000000
1550;155.00000000;0.00000000;1.96262902;5.10524013;1.50737933;1.63909095;3.54872753;0.13800506;0.00000000;0.00000000
1551;155.10000000;0.00000000;1.87112459;5.06503204;1.49834649;1.63788834;3.56618800;0.17817451;0.00000000;0.00000000
1552;155.20000000;0.00000000;1.78049376;5.02289757;1.49806643;1.62260724;3.58436243;0.15273962;0.00000000;0.00000000
1553;155.30000000;0.00000000;1.69051284;4.97939162;1.50019924;1.61187021;3.59673592;0.10611381;0.00000000;0.00000000
1554;155.40000000;0.00000000;1.60095082;4.93502668;1.50339171;1.60633272;3.60558519;0.11212296;0.00000000;0.00000000
1555;155.50000000;0.00000000;1.51175291;4.88993457;1.50361366;1.60619167;3.61916051;0.16821213;0.00000000;0.00000000
1556;155.60000000;0.00000000;1.42343919;4.84316025;1.50434452;1.61036360;3.63922762;0.18136236;0.00000000;0.00000000
1557;155.70000000;0.00000000;1.33612246;4.79452586;1.50289336;1.61860601;3.65543298;0.14845420;0.00000000;0.00000000
1558;155.80000000;0.00000000;1.24936227;4.74490924;1.50779366;1.63182243;3.66891846;0.13010556;0.00000000;0.00000000
1559;155.90000000;0.00000000;1.16338823;4.69393747;1.52081549;1.62610126;3.68145410;0.16938421;0.00000000;0.00000000
1560;156.00000000;0.00000000;1.07789708;4.64216022;1.53485896;1.61468632;3.70279530;0.21530790;0.00000000;0.00000000
1561;156.10000000;0.00000000;0.99417579;4.58756610;1.53487683;1.60608483;3.72451568;0.15921581;0.00000000;0.00000000
1562;156.20000000;0.00000000;0.91101367;4.53212494;1.54239898;1.60266350;3.73463846;0.10127140;0.00000000;0.00000000
1563;156.30000000;0.00000000;0.82841568;4.47584777;1.54774417;1.60446214;3.74476996;0.10171805;0.00000000;0.00000000
1564;156.40000000;0.00000000;0.74639475;4.41873355;1.54595394;1.61145488;3.75498207;0.12594145;0.00000000;0.00000000
1565;156.50000000;0.00000000;0.66496381;4.36078159;1.55163834;1.60204843;3.76995825;0.18523236;0.00000000;0.00000000
1566;156.60000000;0.00000000;0.58470091;4.30124447;1.56564430;1.59500165;3.79202855;0.19857071;0.00000000;0.00000000
1567;156.70000000;0.00000000;0.50590617;4.23975583;1.58687484;1.59175864;3.80967239;0.14306911;0.00000000;0.00000000
1568;156.80000000;0.00000000;0.42778298;4.17741529;1.59184801;1.59370217;3.82064237;0.13809665;0.00000000;0.00000000
1569;156.90000000;0.00000000;0.35035530;4.11421214;1.58765063;1.60079002;3.83729172;0.19426483;0.00000000;0.00000000
1570;157.00000000;0.00000000;0.27435014;4.04930460;1.59195405;1.60863679;3.85949533;0.19751021;0.00000000;0.00000000
1571;157.10000000;0.00000000;0.19980624;3.98272801;1.59590549;1.61427032;3.87679376;0.16567809;0.00000000;0.00000000
1572;157.20000000;0.00000000;0.12609277;3.91523132;1.57590558;1.61866612;3.89263095;0.18146607;0.00000000;0.00000000
1573;157.30000000;0.00000000;0.05369818;3.84633062;1.56397450;1.62113661;3.91308698;0.19980913;0.00000000;0.00000000
1574;157.40000000;0.00000000;-0.01718844;3.77588004;1.56053660;1.62144490;3.93259278;0.16909187;0.00000000;0.00000000
1575;157.50000000;0.00000000;-0.08684458;3.70420434;1.56196463;1.62001682;3.94690535;0.13078164;0.00000000;0.00000000
1576;157.60000000;0.00000000;-0.15569014;3.63174910;1.56451703;1.61746433;3.95874911;0.14509121;0.00000000;0.00000000
1577;157.70000000;0.00000000;-0.22362851;3.55844428;1.56831163;1.61366960;3.97592359;0.20227057;0.00000000;0.00000000
1578;157.80000000;0.00000000;-0.28994621;3.48366637;1.57429381;1.60768719;3.99920322;0.20655156;0.00000000;0.00000000
1579;157.90000000;0.00000000;-0.35440012;3.40727778;1.58273278;1.60240525;4.01723390;0.16463204;0.00000000;0.00000000
1580;158.00000000;0.00000000;-0.41797800;3.33015836;1.59230806;1.60220826;4.03212963;0.15647603;0.00000000;0.00000000
1581;158.10000000;0.00000000;-0.48012516;3.25188719;1.57733958;1.60640392;4.04852911;0.15961005;0.00000000;0.00000000
1582;158.20000000;0.00000000;-0.54113924;3.17272525;1.56962227;1.61534949;4.06405164;0.17215862;0.00000000;0.00000000
1583;158.30000000;0.00000000;-0.60082545;3.09256458;1.56991035;1.62189165;4.08296083;0.19040889;0.00000000;0.00000000
1584;158.40000000;0.00000000;-0.65880142;3.01115448;1.57865250;1.60998235;4.10213342;0.16551530;0.00000000;0.00000000
1585;158.50000000;0.00000000;-0.71537469;2.92875884;1.58862644;1.59775965;4.11606389;0.12663867;0.00000000;0.00000000
1586;158.60000000;0.00000000;-0.77106289;2.84576135;1.58269341;1.58934782;4.12746115;0.14217525;0.00000000;0.00000000
1587;158.70000000;0.00000000;-0.82574400;2.76209685;1.57335915;1.58598979;4.14449894;0.18416107;0.00000000;0.00000000
1588;158.80000000;0.00000000;-0.87857043;2.67725311;1.57170238;1.58672899;4.16429337;0.17158938;0.00000000;0.00000000
1589;158.90000000;0.00000000;-0.92989567;2.59149289;1.57493202;1.59199663;4.17881682;0.13504591;0.00000000;0.00000000
1590;159.00000000;0.00000000;-0.98023675;2.50514897;1.58288847;1.60235599;4.19130255;0.13017220;0.00000000;0.00000000
1591;159.10000000;0.00000000;-1.02940406;2.41813494;1.59840147;1.61036015;4.20485126;0.12999615;0.00000000;0.00000000
1592;159.20000000;0.00000000;-1.07738727;2.33045882;1.58893176;1.61890081;4.21730178;0.13190562;0.00000000;0.00000000
1593;159.30000000;0.00000000;-1.12437349;2.24224623;1.57990582;1.61352407;4.23123238;0.16866769;0.00000000;0.00000000
1594;159.40000000;0.00000000;-1.16989528;2.15326817;1.57159194;1.59698820;4.25103532;0.19587258;0.00000000;0.00000000
1595;159.50000000;0.00000000;-1.21335317;2.06326159;1.57191638;1.58429003;4.27040690;0.15749831;0.00000000;0.00000000
1596;159.60000000;0.00000000;-1.25539499;1.97258569;1.58013923;1.57626839;4.28253498;0.10205902;0.00000000;0.00000000
1597;159.70000000;0.00000000;-1.29665680;1.88155222;1.59315302;1.57320368;4.29081870;0.08986519;0.00000000;0.00000000
1598;159.80000000;0.00000000;-1.33719055;1.79019248;1.59362153;1.57031080;4.30050802;0.10378725;0.00000000;0.00000000
1599;159.90000000;0.00000000;-1.37667972;1.69837864;1.59431579;1.57263592;4.31157615;0.10124735;0.00000000;0.00000000
1600;160.00000000;0.00000000;-1.41518135;1.60614412;1.60232787;1.58022106;4.32075749;0.09107478;0.00000000;0.00000000
1601;160.10000000;0.00000000;-1.45297887;1.51361855;1.58539782;1.57765299;4.32979111;0.13282420;0.00000000;0.00000000
1602;160.20000000;0.00000000;-1.48980628;1.42070749;1.57288179;1.57853543;4.34732233;0.16431522;0.00000000;0.00000000
1603;160.30000000;0.00000000;-1.52433736;1.32691322;1.56816582;1.58327947;4.36265415;0.10470379;0.00000000;0.00000000
1604;160.40000000;0.00000000;-1.55830063;1.23291178;1.56499153;1.59368905;4.36826308;0.06439751;0.00000000;0.00000000
1605;160.50000000;0.00000000;-1.59177737;1.13873611;1.55133268;1.58425583;4.37553365;0.11072822;0.00000000;0.00000000
1606;160.60000000;0.00000000;-1.62436993;1.04425157;1.54497200;1.57084632;4.39040873;0.14794741;0.00000000;0.00000000
1607;160.70000000;0.00000000;-1.65502850;0.94912793;1.54709878;1.56168874;4.40512314;0.10213105;0.00000000;0.00000000
1608;160.80000000;0.00000000;-1.68482708;0.85372460;1.55655501;1.55799346;4.41083494;0.04490463;0.00000000;0.00000000
1609;160.90000000;0.00000000;-1.71439892;0.75825069;1.57255370;1.56046629;4.41410406;0.03706948;0.00000000;0.00000000
1610;161.00000000;0.00000000;-1.74357297;0.66265501;1.58333294;1.55888960;4.41824884;0.04981591;0.00000000;0.00000000
1611;161.10000000;0.00000000;-1.77235237;0.56693920;1.57167012;1.55551294;4.42406724;0.08277313;0.00000000;0.00000000
1612;161.20000000;0.00000000;-1.80041080;0.47101468;1.56706157;1.55780226;4.43480346;0.08591095;0.00000000;0.00000000
1613;161.30000000;0.00000000;-1.82712853;0.37470306;1.57021300;1.56509164;4.44124943;0.03395204;0.00000000;0.00000000
1614;161.40000000;0.00000000;-1.85394928;0.27842007;1.56584508;1.57473913;4.44159387;0.00922890;0.00000000;0.00000000
1615;161.50000000;0.00000000;-1.88060066;0.18209004;1.55796930;1.56833872;4.44309521;0.01680941;0.00000000;0.00000000
1616;161.60000000;0.00000000;-1.90713220;0.08572692;1.55660925;1.56478792;4.44495575;0.05140168;0.00000000;0.00000000
1617;161.70000000;0.00000000;-1.93342460;-0.01070035;1.56190468;1.56736740;4.45337555;0.07347801;0.00000000;0.00000000
1618;161.80000000;0.00000000;-1.95832974;-0.10749654;1.57496187;1.57486677;4.45965135;0.06290879;0.00000000;0.00000000
1619;161.90000000;0.00000000;-1.98340998;-0.20424704;1.59401385;1.58880963;4.46595731;0.06271200;0.00000000;0.00000000
1620;162.00000000;0.00000000;-2.00709240;-0.30134964;1.59294643;1.59032701;4.47219375;0.01955500;0.00000000;0.00000000
1621;162.10000000;0.00000000;-2.03096407;-0.39840590;1.56905739;1.58599581;4.46986831;0.05675071;0.00000000;0.00000000
1622;162.20000000;0.00000000;-2.05509785;-0.49539731;1.54848258;1.58822584;4.48354389;0.13703863;0.00000000;0.00000000
1623;162.30000000;0.00000000;-2.07630581;-0.59306790;1.53714598;1.57860925;4.49727603;0.13001848;0.00000000;0.00000000
1624;162.40000000;0.00000000;-2.09776703;-0.69068540;1.53199966;1.56723295;4.50954759;0.12295308;0.00000000;0.00000000
1625;162.50000000;0.00000000;-2.11657134;-0.78884536;1.53607148;1.55947117;4.52186665;0.03865897;0.00000000;0.00000000
1626;162.60000000;0.00000000;-2.13562121;-0.88696181;1.54635821;1.55834420;4.51727938;-0.02300737;0.00000000;0.00000000
1627;162.70000000;0.00000000;-2.15532601;-0.98494875;1.56232660;1.56428342;4.51726517;0.03669107;0.00000000;0.00000000
1628;162.80000000;0.00000000;-2.17437860;-1.08306433;1.56185902;1.57589217;4.52461760;0.04087681;0.00000000;0.00000000
1629;162.90000000;0.00000000;-2.19264042;-1.18133023;1.56825063;1.58369093;4.52544054;-0.00419516;0.00000000;0.00000000
1630;163.00000000;0.00000000;-2.21153146;-1.27947685;1.58031503;1.57180609;4.52377856;0.01282963;0.00000000;0.00000000
1631;163.10000000;0.00000000;-2.23011982;-1.37768165;1.57147405;1.56591378;4.52800646;0.01395621;0.00000000;0.00000000
1632;163.20000000;0.00000000;-2.24818038;-1.47598496;1.55830644;1.56585317;4.52656981;-0.02936290;0.00000000;0.00000000
1633;163.30000000;0.00000000;-2.26705063;-1.57413484;1.54710041;1.57297956;4.52213388;-0.01746816;0.00000000;0.00000000
1634;163.40000000;0.00000000;-2.28598262;-1.67227419;1.54224065;1.58644533;4.52307617;0.03371985;0.00000000;0.00000000
1635;163.50000000;0.00000000;-2.30466813;-1.77046082;1.54410047;1.58004114;4.52887785;0.06082390;0.00000000;0.00000000
1636;163.60000000;0.00000000;-2.32245986;-1.86881183;1.55330855;1.57418834;4.53524095;0.05782871;0.00000000;0.00000000
1637;163.70000000;0.00000000;-2.33989437;-1.96722835;1.56010669;1.56919307;4.54044360;0.04870463;0.00000000;0.00000000
1638;163.80000000;0.00000000;-2.35666184;-2.06575955;1.54660924;1.56987918;4.54498188;0.02286196;0.00000000;0.00000000
1639;163.90000000;0.00000000;-2.37320236;-2.16433022;1.53972569;1.57668357;4.54501599;-0.03955668;0.00000000;0.00000000
1640;164.00000000;0.00000000;-2.38996328;-2.26286361;1.53909125;1.58997557;4.53707054;-0.07121626;0.00000000;0.00000000
1641;164.10000000;0.00000000;-2.40806718;-2.36115423;1.54357597;1.57852883;4.53077274;0.00547087;0.00000000;0.00000000
1642;164.20000000;0.00000000;-2.42606736;-2.45946632;1.55459196;1.56982073;4.53816472;0.05177480;0.00000000;0.00000000
1643;164.30000000;0.00000000;-2.44271664;-2.55801644;1.55766420;1.56607829;4.54112770;-0.01324659;0.00000000;0.00000000
1644;164.40000000;0.00000000;-2.46013322;-2.65642939;1.54558809;1.56948540;4.53551540;-0.03076891;0.00000000;0.00000000
1645;164.50000000;0.00000000;-2.47788769;-2.75478698;1.53957458;1.57956285;4.53497391;0.00620408;0.00000000;0.00000000
1646;164.60000000;0.00000000;-2.49541194;-2.85318721;1.53950390;1.59561888;4.53675622;0.00600666;0.00000000;0.00000000
1647;164.70000000;0.00000000;-2.51281588;-2.95160849;1.54067365;1.58460641;4.53617525;-0.02149968;0.00000000;0.00000000
1648;164.80000000;0.00000000;-2.53045418;-3.04998672;1.54807094;1.57746987;4.53245628;-0.02084829;0.00000000;0.00000000
1649;164.90000000;0.00000000;-2.54858976;-3.14827633;1.55177359;1.57715450;4.53200559;0.01756163;0.00000000;0.00000000
1650;165.00000000;0.00000000;-2.56631701;-3.24664016;1.53505000;1.58274832;4.53596861;0.03462519;0.00000000;0.00000000
1651;165.10000000;0.00000000;-2.58367300;-3.34507053;1.52508446;1.58992755;4.53893062;0.01300484;0.00000000;0.00000000
1652;165.20000000;0.00000000;-2.60081727;-3.44353787;1.52184769;1.60137943;4.53856957;-0.04224741;0.00000000;0.00000000
1653;165.30000000;0.00000000;-2.61824373;-3.54195222;1.52488135;1.61884165;4.53048114;-0.07374864;0.00000000;0.00000000
1654;165.40000000;0.00000000;-2.63697858;-3.64012950;1.53311335;1.61758943;4.52381985;-0.04107638;0.00000000;0.00000000
1655;165.50000000;0.00000000;-2.65571527;-3.73830643;1.54739462;1.60784487;4.52226587;-0.06694831;0.00000000;0.00000000
1656;165.60000000;0.00000000;-2.67475468;-3.83642254;1.53780918;1.60458874;4.51043018;-0.12006801;0.00000000;0.00000000
1657;165.70000000;0.00000000;-2.69580985;-3.93412846;1.53262948;1.60029884;4.49825227;-0.09048587;0.00000000;0.00000000
1658;165.80000000;0.00000000;-2.71723365;-4.03175425;1.53358164;1.58870488;4.49233301;-0.06175363;0.00000000;0.00000000
1659;165.90000000;0.00000000;-2.73944400;-4.12920400;1.54022768;1.58415347;4.48590154;-0.09446059;0.00000000;0.00000000
1660;166.00000000;0.00000000;-2.76212172;-4.22654605;1.54318873;1.58637959;4.47344089;-0.13780178;0.00000000;0.00000000
1661;166.10000000;0.00000000;-2.78675264;-4.32340858;1.52985045;1.59687329;4.45834118;-0.12078912;0.00000000;0.00000000
1662;166.20000000;0.00000000;-2.81235906;-4.42002100;1.52196163;1.61448835;4.44928307;-0.08670138;0.00000000;0.00000000
1663;166.30000000;0.00000000;-2.83874139;-4.51642416;1.51981190;1.63115747;4.44100091;-0.11270711;0.00000000;0.00000000
1664;166.40000000;0.00000000;-2.86594441;-4.61259873;1.52337745;1.62898152;4.42674165;-0.17462614;0.00000000;0.00000000
1665;166.50000000;0.00000000;-2.89506150;-4.70819878;1.52575043;1.63369331;4.40607568;-0.18525801;0.00000000;0.00000000
1666;166.60000000;0.00000000;-2.92621479;-4.80316658;1.51388181;1.64610549;4.38969004;-0.14028666;0.00000000;0.00000000
1667;166.70000000;0.00000000;-2.95845233;-4.89777180;1.50741295;1.64358377;4.37801835;-0.12652211;0.00000000;0.00000000
1668;166.80000000;0.00000000;-2.99181384;-4.99198667;1.50636773;1.64832088;4.36438562;-0.17377824;0.00000000;0.00000000
1669;166.90000000;0.00000000;-3.02661681;-5.08567310;1.50953459;1.65417440;4.34326270;-0.21026671;0.00000000;0.00000000
1670;167.00000000;0.00000000;-3.06392767;-5.17839556;1.49293978;1.64697086;4.32233228;-0.18404511;0.00000000;0.00000000
1671;167.10000000;0.00000000;-3.10262350;-5.27054971;1.48141731;1.63065623;4.30645368;-0.16163732;0.00000000;0.00000000
1672;167.20000000;0.00000000;-3.14286011;-5.36204172;1.47490893;1.62202724;4.29000481;-0.19859070;0.00000000;0.00000000
1673;167.30000000;0.00000000;-3.18456572;-5.45287236;1.47354892;1.62114305;4.26673554;-0.24432129;0.00000000;0.00000000
1674;167.40000000;0.00000000;-3.22901185;-5.54238660;1.47592490;1.62943697;4.24114056;-0.22755691;0.00000000;0.00000000
1675;167.50000000;0.00000000;-3.27530907;-5.63096202;1.48297679;1.64581765;4.22122415;-0.19620534;0.00000000;0.00000000
1676;167.60000000;0.00000000;-3.32328606;-5.71863788;1.49480347;1.65196423;4.20189949;-0.18423294;0.00000000;0.00000000
1677;167.70000000;0.00000000;-3.37297041;-5.80535679;1.51123774;1.64494491;4.18437757;-0.16838287;0.00000000;0.00000000
1678;167.80000000;0.00000000;-3.42399104;-5.89129998;1.50919444;1.64552726;4.16822291;-0.19240841;0.00000000;0.00000000
1679;167.90000000;0.00000000;-3.47645021;-5.97636758;1.51065945;1.65384103;4.14589588;-0.26021135;0.00000000;0.00000000
1680;168.00000000;0.00000000;-3.53124779;-6.05993421;1.51594826;1.67084009;4.11618064;-0.28783066;0.00000000;0.00000000
1681;168.10000000;0.00000000;-3.58866630;-6.14173539;1.52054799;1.66332545;4.08832975;-0.26108047;0.00000000;0.00000000
1682;168.20000000;0.00000000;-3.64803820;-6.22213074;1.50858454;1.65248522;4.06396455;-0.24184053;0.00000000;0.00000000
1683;168.30000000;0.00000000;-3.70937400;-6.30103896;1.50072298;1.65011022;4.03996164;-0.21983087;0.00000000;0.00000000
1684;168.40000000;0.00000000;-3.77253853;-6.37849640;1.49716201;1.65611014;4.01999837;-0.20625437;0.00000000;0.00000000
1685;168.50000000;0.00000000;-3.83697636;-6.45489479;1.49861214;1.66972286;3.99871077;-0.21409925;0.00000000;0.00000000
1686;168.60000000;0.00000000;-3.90338089;-6.52959424;1.50411988;1.67905727;3.97717852;-0.25485964;0.00000000;0.00000000
1687;168.70000000;0.00000000;-3.97104888;-6.60314853;1.51401066;1.65985646;3.94773884;-0.32900130;0.00000000;0.00000000
1688;168.80000000;0.00000000;-4.04173472;-6.67381171;1.52036998;1.63693291;3.91137826;-0.30526177;0.00000000;0.00000000
1689;168.90000000;0.00000000;-4.11456977;-6.74225651;1.53017631;1.62292701;3.88668649;-0.24699046;0.00000000;0.00000000
1690;169.00000000;0.00000000;-4.18865697;-6.80934366;1.54457854;1.61684211;3.86198017;-0.27824569;0.00000000;0.00000000
1691;169.10000000;0.00000000;-4.26478096;-6.87410494;1.56222798;1.62001225;3.83103735;-0.28760757;0.00000000;0.00000000
1692;169.20000000;0.00000000;-4.34287199;-6.93647898;1.57486544;1.60226320;3.80445866;-0.24319344;0.00000000;0.00000000
1693;169.30000000;0.00000000;-4.42233028;-6.99710487;1.58028937;1.58222185;3.78239866;-0.24863273;0.00000000;0.00000000
1694;169.40000000;0.00000000;-4.50309710;-7.05597445;1.58562609;1.57048569;3.75473211;-0.28825967;0.00000000;0.00000000
1695;169.50000000;0.00000000;-4.58577830;-7.11210726;1.59389861;1.56839654;3.72474673;-0.29261453;0.00000000;0.00000000
1696;169.60000000;0.00000000;-4.66992703;-7.16602978;1.60244437;1.57531147;3.69620920;-0.28873929;0.00000000;0.00000000
1697;169.70000000;0.00000000;-4.75567653;-7.21735499;1.60588869;1.56132632;3.66699887;-0.28115347;0.00000000;0.00000000
1698;169.80000000;0.00000000;-4.84282796;-7.26627129;1.61275087;1.54530884;3.63997851;-0.26840720;0.00000000;0.00000000
1699;169.90000000;0.00000000;-4.93122782;-7.31289149;1.62315425;1.53825178;3.61331743;-0.27179552;0.00000000;0.00000000
1700;170.00000000;0.00000000;-5.02086074;-7.35709251;1.63692382;1.54038458;3.58561941;-0.29982951;0.00000000;0.00000000
1701;170.10000000;0.00000000;-5.11170462;-7.39874595;1.65386204;1.53674767;3.55335153;-0.34021517;0.00000000;0.00000000
1702;170.20000000;0.00000000;-5.20398871;-7.43706888;1.66419756;1.52220926;3.51757637;-0.34633811;0.00000000;0.00000000
1703;170.30000000;0.00000000;-5.29757696;-7.47212150;1.66369753;1.51765831;3.48408391;-0.33263273;0.00000000;0.00000000
1704;170.40000000;0.00000000;-5.39222645;-7.50418360;1.66602553;1.50335960;3.45104983;-0.33167834;0.00000000;0.00000000
1705;170.50000000;0.00000000;-5.48792140;-7.53298016;1.67091249;1.48751988;3.41774824;-0.32759801;0.00000000;0.00000000
1706;170.60000000;0.00000000;-5.58450038;-7.55867338;1.67853185;1.48150449;3.38553022;-0.33155089;0.00000000;0.00000000
1707;170.70000000;0.00000000;-5.68185069;-7.58124802;1.68885214;1.48542536;3.35143806;-0.34301592;0.00000000;0.00000000
1708;170.80000000;0.00000000;-5.77995656;-7.60030180;1.70143107;1.49854101;3.31692704;-0.33945580;0.00000000;0.00000000
1709;170.90000000;0.00000000;-5.87863986;-7.61610990;1.71650257;1.48404754;3.28354690;-0.33573776;0.00000000;0.00000000
1710;171.00000000;0.00000000;-5.97780660;-7.62857764;1.72895081;1.47159333;3.24977949;-0.33332113;0.00000000;0.00000000
1711;171.10000000;0.00000000;-6.07733913;-7.63769081;1.73805323;1.46248817;3.21688267;-0.32287911;0.00000000;0.00000000
1712;171.20000000;0.00000000;-6.17710843;-7.64361149;1.74396880;1.45657156;3.18520367;-0.31527425;0.00000000;0.00000000
1713;171.30000000;0.00000000;-6.27700980;-7.64640418;1.74675971;1.45378051;3.15382782;-0.31429767;0.00000000;0.00000000
1714;171.40000000;0.00000000;-6.37694628;-7.64605667;1.74641179;1.45412869;3.12234413;-0.31384877;0.00000000;0.00000000
1715;171.50000000;0.00000000;-6.47681985;-7.64255765;1.74291173;1.45762897;3.09105807;-0.31043597;0.00000000;0.00000000
1716;171.60000000;0.00000000;-6.57653675;-7.63596185;1.73631236;1.46422817;3.06025694;-0.30887274;0.00000000;0.00000000
1717;171.70000000;0.00000000;-6.67600463;-7.62632100;1.72666357;1.47387609;3.02928352;-0.31314489;0.00000000;0.00000000
1718;171.80000000;0.00000000;-6.77512210;-7.61356465;1.71389307;1.48664500;2.99762796;-0.31905304;0.00000000;0.00000000
1719;171.90000000;0.00000000;-6.87378385;-7.59764941;1.69795575;1.50258052;2.96547291;-0.32274561;0.00000000;0.00000000
1720;172.00000000;0.00000000;-6.97188179;-7.57854859;1.67882367;1.50245166;2.93307884;-0.31500848;0.00000000;0.00000000
1721;172.10000000;0.00000000;-7.06931372;-7.55627740;1.66120187;1.49527005;2.90247122;-0.22503598;0.00000000;0.00000000
1722;172.20000000;0.00000000;-7.16606774;-7.53120883;1.64659450;1.49762740;2.88807164;-0.14399575;0.00000000;0.00000000
