id; s_m; d_m; x_m; y_m; d_right; d_left; psi_rad; kappa_radpm; vx_mps; ax_mps2
0;0.00000000;0.00000000;23.60000050;-10.57832789;1.48680878;1.62167209;3.06517108;-0.04471237;0.00000000;0.00000000
1;0.10000000;0.00000000;23.50033790;-10.57069665;1.49319682;1.62930336;3.06069984;-0.06632347;0.00000000;0.00000000
2;0.20000000;0.00000000;23.40074754;-10.56217451;1.50532290;1.63782564;3.05190638;-0.12874642;0.00000000;0.00000000
3;0.30000000;0.00000000;23.30123459;-10.55279179;1.52307815;1.64720865;3.03495056;-0.12064146;0.00000000;0.00000000
4;0.40000000;0.00000000;23.20199082;-10.54089795;1.54089931;1.65681465;3.02777809;-0.06800482;0.00000000;0.00000000
5;0.50000000;0.00000000;23.10262279;-10.53008876;1.53009107;1.63625365;3.02134959;-0.11017843;0.00000000;0.00000000
6;0.60000000;0.00000000;23.00354052;-10.51692001;1.51692421;1.62396764;3.00574240;-0.07209099;0.00000000;0.00000000
7;0.70000000;0.00000000;22.90455820;-10.50301488;1.50302185;1.61851823;3.00693139;-0.02787897;0.00000000;0.00000000
8;0.80000000;0.00000000;22.80544436;-10.49008171;1.49307918;1.61825203;3.00016661;-0.06831069;0.00000000;0.00000000
9;0.90000000;0.00000000;22.70666077;-10.47483892;1.48745825;1.62646990;2.99326926;-0.06347448;0.00000000;0.00000000
10;1.00000000;0.00000000;22.60773494;-10.46053982;1.48949608;1.63980624;2.98747171;-0.10023812;0.00000000;0.00000000
11;1.10000000;0.00000000;22.50913512;-10.44415273;1.49611383;1.64244814;2.97322163;-0.14519024;0.00000000;0.00000000
12;1.20000000;0.00000000;22.41065667;-10.42704039;1.50861071;1.63009808;2.95843367;-0.15058803;0.00000000;0.00000000
13;1.30000000;0.00000000;22.31258536;-10.40774484;1.51324008;1.62603854;2.94310402;-0.15216667;0.00000000;0.00000000
14;1.40000000;0.00000000;22.21467784;-10.38762179;1.50480403;1.62895893;2.92800033;-0.11536862;0.00000000;0.00000000
15;1.50000000;0.00000000;22.11723504;-10.36537318;1.50080674;1.64014142;2.92003030;-0.06558468;0.00000000;0.00000000
16;1.60000000;0.00000000;22.01966141;-10.34369230;1.50403991;1.65176259;2.91488340;-0.08766906;0.00000000;0.00000000
17;1.70000000;0.00000000;21.92245310;-10.32044189;1.51228037;1.64735668;2.90249649;-0.09459240;0.00000000;0.00000000
18;1.80000000;0.00000000;21.82544576;-10.29635050;1.52618183;1.64987205;2.89596492;-0.05235837;0.00000000;0.00000000
19;1.90000000;0.00000000;21.72854560;-10.27183126;1.52684113;1.65295041;2.89202482;-0.03817621;0.00000000;0.00000000
20;2.00000000;0.00000000;21.63173098;-10.24697616;1.52873926;1.62911810;2.88832968;-0.06626622;0.00000000;0.00000000
21;2.10000000;0.00000000;21.53501470;-10.22174149;1.53346593;1.61153280;2.87877157;-0.11164401;0.00000000;0.00000000
22;2.20000000;0.00000000;21.43869796;-10.19504168;1.52207275;1.60152447;2.86600087;-0.12333249;0.00000000;0.00000000
23;2.30000000;0.00000000;21.34265767;-10.16734530;1.51615833;1.59875220;2.85410507;-0.12163359;0.00000000;0.00000000
24;2.40000000;0.00000000;21.24700350;-10.13836171;1.51547848;1.60356284;2.84167416;-0.11914255;0.00000000;0.00000000
25;2.50000000;0.00000000;21.15168137;-10.10828646;1.52024248;1.61568785;2.83027656;-0.09926059;0.00000000;0.00000000
26;2.60000000;0.00000000;21.05671245;-10.07713000;1.53040198;1.63495823;2.82182204;-0.05078664;0.00000000;0.00000000
27;2.70000000;0.00000000;20.96191451;-10.04544804;1.52685279;1.64669764;2.82011924;-0.03342489;0.00000000;0.00000000
28;2.80000000;0.00000000;20.86705078;-10.01396784;1.52553336;1.63301076;2.81513706;-0.05512774;0.00000000;0.00000000
29;2.90000000;0.00000000;20.77257100;-9.98134212;1.52954894;1.62453947;2.80909369;-0.02480316;0.00000000;0.00000000
30;3.00000000;0.00000000;20.67809130;-9.94871646;1.54005510;1.61286946;2.81017643;0.00025905;0.00000000;0.00000000
31;3.10000000;0.00000000;20.58354114;-9.91629543;1.54749751;1.60712585;2.80914550;-0.05940368;0.00000000;0.00000000
32;3.20000000;0.00000000;20.48913008;-9.88347544;1.55298544;1.60801067;2.79829569;-0.10390672;0.00000000;0.00000000
33;3.30000000;0.00000000;20.39530558;-9.84901049;1.55103449;1.61682858;2.78836415;-0.09717581;0.00000000;0.00000000
34;3.40000000;0.00000000;20.30156375;-9.81432133;1.55527898;1.62831181;2.77886053;-0.09571251;0.00000000;0.00000000
35;3.50000000;0.00000000;20.20841232;-9.77807978;1.55884513;1.63949670;2.76922165;-0.08748328;0.00000000;0.00000000
36;3.60000000;0.00000000;20.11535660;-9.74159005;1.55956612;1.62906918;2.76136387;-0.08312247;0.00000000;0.00000000
37;3.70000000;0.00000000;20.02278758;-9.70388965;1.55841053;1.62604021;2.75259716;-0.05696033;0.00000000;0.00000000
38;3.80000000;0.00000000;19.93038591;-9.66577405;1.54903284;1.62756785;2.74997181;-0.03631645;0.00000000;0.00000000
39;3.90000000;0.00000000;19.83801370;-9.62758711;1.54599650;1.60955433;2.74533387;-0.06447378;0.00000000;0.00000000
40;4.00000000;0.00000000;19.74597255;-9.58861731;1.54856727;1.59775531;2.73707705;-0.06126533;0.00000000;0.00000000
41;4.10000000;0.00000000;19.65424350;-9.54891027;1.55676645;1.59295589;2.73308080;-0.02056673;0.00000000;0.00000000
42;4.20000000;0.00000000;19.56251377;-9.50920478;1.55648764;1.59441879;2.73296371;-0.00878275;0.00000000;0.00000000
43;4.30000000;0.00000000;19.47079402;-9.46947625;1.55966674;1.59349526;2.73132425;-0.05507767;0.00000000;0.00000000
44;4.40000000;0.00000000;19.37919675;-9.42947097;1.56891864;1.58655655;2.72194817;-0.12677164;0.00000000;0.00000000
45;4.50000000;0.00000000;19.28823887;-9.38802997;1.55971754;1.57966677;2.70596992;-0.12344652;0.00000000;0.00000000
46;4.60000000;0.00000000;19.19796483;-9.34511765;1.54899728;1.57788924;2.69725887;-0.08056845;0.00000000;0.00000000
47;4.70000000;0.00000000;19.10774191;-9.30209795;1.53928332;1.57363737;2.68985623;-0.07576848;0.00000000;0.00000000
48;4.80000000;0.00000000;19.01811434;-9.25785447;1.53397776;1.57708570;2.68210517;-0.04313809;0.00000000;0.00000000
49;4.90000000;0.00000000;18.92856913;-9.21344136;1.53498710;1.58397216;2.68122862;-0.00392582;0.00000000;0.00000000
50;5.00000000;0.00000000;18.83901800;-9.16904019;1.54249981;1.57427774;2.68132001;0.00057307;0.00000000;0.00000000
51;5.10000000;0.00000000;18.74946467;-9.12464345;1.55641345;1.56749658;2.68134323;-0.01273472;0.00000000;0.00000000
52;5.20000000;0.00000000;18.65991148;-9.08024644;1.57655345;1.56707477;2.67877307;-0.04708679;0.00000000;0.00000000
53;5.30000000;0.00000000;18.57058961;-9.03539098;1.57473278;1.57352815;2.67192587;-0.05767493;0.00000000;0.00000000
54;5.40000000;0.00000000;18.48165280;-8.98977183;1.57065216;1.56150896;2.66723808;-0.05654639;0.00000000;0.00000000
55;5.50000000;0.00000000;18.39275449;-8.94408043;1.57284376;1.54589161;2.66061659;-0.09697617;0.00000000;0.00000000
56;5.60000000;0.00000000;18.30442992;-8.89728770;1.58012857;1.53787028;2.64784285;-0.12804822;0.00000000;0.00000000
57;5.70000000;0.00000000;18.21672667;-8.84933971;1.59236660;1.53763513;2.63500695;-0.12469409;0.00000000;0.00000000
58;5.80000000;0.00000000;18.12963252;-8.80029529;1.60898732;1.54513261;2.62290403;-0.09299006;0.00000000;0.00000000
59;5.90000000;0.00000000;18.04311667;-8.75023933;1.60164087;1.55554297;2.61640894;-0.02123405;0.00000000;0.00000000
60;6.00000000;0.00000000;17.95666644;-8.70006743;1.57774551;1.55914364;2.61865722;0.03794802;0.00000000;0.00000000
61;6.10000000;0.00000000;17.86992618;-8.65040087;1.56047735;1.55679661;2.62399854;0.03279468;0.00000000;0.00000000
62;6.20000000;0.00000000;17.78294491;-8.60115532;1.54996080;1.56037612;2.62521616;-0.02099057;0.00000000;0.00000000
63;6.30000000;0.00000000;17.69608414;-8.55170025;1.54122155;1.57056207;2.61980043;-0.04093618;0.00000000;0.00000000
64;6.40000000;0.00000000;17.60964139;-8.50151550;1.53651404;1.58540757;2.61702892;-0.06656705;0.00000000;0.00000000
65;6.50000000;0.00000000;17.52305491;-8.45157903;1.53858708;1.58280928;2.60648702;-0.10642630;0.00000000;0.00000000
66;6.60000000;0.00000000;17.43768984;-8.39958330;1.54474764;1.58555511;2.59574366;-0.03945432;0.00000000;0.00000000
67;6.70000000;0.00000000;17.35219631;-8.34779810;1.55536421;1.58533732;2.59859615;-0.00630402;0.00000000;0.00000000
68;6.80000000;0.00000000;17.26653563;-8.29628999;1.54411522;1.57825868;2.59448285;-0.07205512;0.00000000;0.00000000
69;6.90000000;0.00000000;17.18147676;-8.24380674;1.53284852;1.57683645;2.58418513;-0.06040874;0.00000000;0.00000000
70;7.00000000;0.00000000;17.09689501;-8.19054555;1.52713734;1.58265093;2.58240111;0.02958393;0.00000000;0.00000000
71;7.10000000;0.00000000;17.01201935;-8.13775624;1.52851280;1.59052582;2.59010192;0.07213778;0.00000000;0.00000000
72;7.20000000;0.00000000;16.92662723;-8.08580392;1.53738042;1.59568434;2.59682866;-0.01068593;0.00000000;0.00000000
73;7.30000000;0.00000000;16.84104786;-8.03416052;1.54811981;1.60669766;2.58796473;-0.09327593;0.00000000;0.00000000
74;7.40000000;0.00000000;16.75659160;-7.98070354;1.54369796;1.61146858;2.57817347;-0.07539145;0.00000000;0.00000000
75;7.50000000;0.00000000;16.67204003;-7.92739440;1.54591594;1.58726402;2.57288644;-0.07320052;0.00000000;0.00000000
76;7.60000000;0.00000000;16.58815709;-7.87304951;1.55334522;1.57028552;2.56353337;-0.06165315;0.00000000;0.00000000
77;7.70000000;0.00000000;16.50461755;-7.81816827;1.54692242;1.56017494;2.56055581;-0.03188728;0.00000000;0.00000000
78;7.80000000;0.00000000;16.42105554;-7.76332205;1.53048977;1.55151275;2.55715591;-0.05320460;0.00000000;0.00000000
79;7.90000000;0.00000000;16.33789114;-7.70787405;1.51974439;1.54870540;2.54991489;-0.03958326;0.00000000;0.00000000
80;8.00000000;0.00000000;16.25513152;-7.65182305;1.51480297;1.55306669;2.54923926;0.01383280;0.00000000;0.00000000
81;8.10000000;0.00000000;16.17204189;-7.59626258;1.51703848;1.56323195;2.55268145;0.02686648;0.00000000;0.00000000
82;8.20000000;0.00000000;16.08889837;-7.54078265;1.52592883;1.57832146;2.55461256;-0.00371791;0.00000000;0.00000000
83;8.30000000;0.00000000;16.00559489;-7.48554358;1.54154764;1.58896976;2.55193787;-0.05936968;0.00000000;0.00000000
84;8.40000000;0.00000000;15.92275410;-7.42962286;1.56060320;1.60658671;2.54273862;-0.06410343;0.00000000;0.00000000
85;8.50000000;0.00000000;15.84048099;-7.37286064;1.57866163;1.61372444;2.53911718;-0.02546516;0.00000000;0.00000000
86;8.60000000;0.00000000;15.75804287;-7.31633825;1.59700838;1.60967714;2.53764559;-0.02877518;0.00000000;0.00000000
87;8.70000000;0.00000000;15.67593695;-7.25933397;1.59346979;1.61241447;2.53336214;-0.02854902;0.00000000;0.00000000
88;8.80000000;0.00000000;15.59398590;-7.20210732;1.58918088;1.62061423;2.53193578;-0.01291623;0.00000000;0.00000000
89;8.90000000;0.00000000;15.51204294;-7.14486904;1.59115761;1.60314021;2.53077890;-0.00733976;0.00000000;0.00000000
90;9.00000000;0.00000000;15.43022461;-7.08745299;1.59586513;1.58588158;2.53046783;0.01580288;0.00000000;0.00000000
91;9.10000000;0.00000000;15.34831765;-7.03016401;1.57513732;1.57174834;2.53393947;0.03387179;0.00000000;0.00000000
92;9.20000000;0.00000000;15.26610294;-6.97331763;1.56108405;1.56334997;2.53724219;-0.01947282;0.00000000;0.00000000
93;9.30000000;0.00000000;15.18382118;-6.91657220;1.55346940;1.56119716;2.53004491;-0.05586361;0.00000000;0.00000000
94;9.40000000;0.00000000;15.10243288;-6.85854807;1.55070684;1.56699113;2.52606947;-0.04008784;0.00000000;0.00000000
95;9.50000000;0.00000000;15.02060271;-6.80114866;1.55514342;1.57834670;2.52202734;-0.07378385;0.00000000;0.00000000
96;9.60000000;0.00000000;14.93968744;-6.74246940;1.54518543;1.59743046;2.51131270;-0.05998716;0.00000000;0.00000000
97;9.70000000;0.00000000;14.85910618;-6.68332990;1.53610019;1.60995618;2.51002991;-0.00860423;0.00000000;0.00000000
98;9.80000000;0.00000000;14.77834099;-6.62444270;1.53380208;1.59452909;2.50959185;-0.03161247;0.00000000;0.00000000
99;9.90000000;0.00000000;14.69781437;-6.56523468;1.53761123;1.57942480;2.50370742;-0.03105923;0.00000000;0.00000000
100;10.00000000;0.00000000;14.61774780;-6.50540108;1.54710909;1.57132078;2.50338001;0.02668937;0.00000000;0.00000000
101;10.10000000;0.00000000;14.53725707;-6.44613820;1.56213689;1.56884201;2.50904529;0.05648542;0.00000000;0.00000000
102;10.20000000;0.00000000;14.45651708;-6.38721517;1.57758287;1.57230430;2.51467709;0.01212310;0.00000000;0.00000000
103;10.30000000;0.00000000;14.37536399;-6.32886266;1.57431816;1.58138782;2.51146991;-0.04571286;0.00000000;0.00000000
104;10.40000000;0.00000000;14.29500573;-6.26942450;1.56668861;1.58310036;2.50553452;-0.02233247;0.00000000;0.00000000
105;10.50000000;0.00000000;14.21455162;-6.21011322;1.56557572;1.58213456;2.50700341;0.00220640;0.00000000;0.00000000
106;10.60000000;0.00000000;14.13401716;-6.15090998;1.57007778;1.58734006;2.50597580;-0.02098601;0.00000000;0.00000000
107;10.70000000;0.00000000;14.05368451;-6.09143303;1.55743256;1.59912616;2.50280621;-0.02947055;0.00000000;0.00000000
108;10.80000000;0.00000000;13.97352682;-6.03172035;1.55084481;1.58582558;2.50008169;-0.02545268;0.00000000;0.00000000
109;10.90000000;0.00000000;13.89351935;-5.97180647;1.55043429;1.57192493;2.49771568;-0.02073788;0.00000000;0.00000000
110;11.00000000;0.00000000;13.81364508;-5.91171512;1.54111011;1.56452185;2.49593411;-0.00219044;0.00000000;0.00000000
111;11.10000000;0.00000000;13.73385161;-5.85151655;1.53498685;1.56362101;2.49727759;0.03332180;0.00000000;0.00000000
112;11.20000000;0.00000000;13.65381654;-5.79164032;1.53235909;1.56869847;2.50259847;0.04172042;0.00000000;0.00000000
113;11.30000000;0.00000000;13.57338779;-5.73229488;1.53413859;1.57944090;2.50562167;-0.00870321;0.00000000;0.00000000
114;11.40000000;0.00000000;13.49299397;-5.67290501;1.54235067;1.59643641;2.50085783;-0.02418946;0.00000000;0.00000000
115;11.50000000;0.00000000;13.41313403;-5.61279580;1.55606722;1.62029836;2.50078378;0.01579305;0.00000000;0.00000000
116;11.60000000;0.00000000;13.33274682;-5.55339239;1.57073395;1.61748932;2.50401644;0.00687350;0.00000000;0.00000000
117;11.70000000;0.00000000;13.25249936;-5.49380033;1.55837349;1.59757649;2.50215848;-0.01487424;0.00000000;0.00000000
118;11.80000000;0.00000000;13.17233345;-5.43409863;1.55222691;1.58313635;2.50104159;-0.00866133;0.00000000;0.00000000
119;11.90000000;0.00000000;13.09221931;-5.37432747;1.55241804;1.56945333;2.50042622;-0.00363623;0.00000000;0.00000000
120;12.00000000;0.00000000;13.01212693;-5.31452713;1.54804583;1.56209545;2.50031434;0.00006091;0.00000000;0.00000000
121;12.10000000;0.00000000;12.93202616;-5.25473805;1.53984570;1.56110170;2.50043840;-0.00232458;0.00000000;0.00000000
122;12.20000000;0.00000000;12.85191896;-5.19495760;1.53501046;1.56648748;2.49984943;-0.01448260;0.00000000;0.00000000
123;12.30000000;0.00000000;12.77188868;-5.13507422;1.53654703;1.57832516;2.49754188;-0.02592030;0.00000000;0.00000000
124;12.40000000;0.00000000;12.69205821;-5.07492469;1.54423331;1.59667085;2.49466537;-0.02490053;0.00000000;0.00000000
125;12.50000000;0.00000000;12.61237378;-5.01458189;1.55806746;1.61712117;2.49256177;-0.01815776;0.00000000;0.00000000
126;12.60000000;0.00000000;12.53279711;-4.95409706;1.57794994;1.61835062;2.49103382;-0.01269854;0.00000000;0.00000000
127;12.70000000;0.00000000;12.45329744;-4.89351103;1.58229403;1.60002498;2.49002206;0.00176495;0.00000000;0.00000000
128;12.80000000;0.00000000;12.37384330;-4.83286527;1.56919498;1.58492299;2.49138681;0.03713074;0.00000000;0.00000000
129;12.90000000;0.00000000;12.29417985;-4.77249744;1.56054145;1.57241772;2.49744821;0.05059543;0.00000000;0.00000000
130;13.00000000;0.00000000;12.21399637;-4.71281932;1.54672061;1.56534075;2.50150589;0.01568257;0.00000000;0.00000000
131;13.10000000;0.00000000;12.13384432;-4.65309899;1.53591570;1.56468278;2.50058473;-0.00924278;0.00000000;0.00000000
132;13.20000000;0.00000000;12.05377092;-4.59327324;1.53143994;1.57053046;2.49965734;-0.00564043;0.00000000;0.00000000
133;13.30000000;0.00000000;11.97372977;-4.53340435;1.53342634;1.58273494;2.49945664;-0.00158610;0.00000000;0.00000000
134;13.40000000;0.00000000;11.89368040;-4.47354647;1.54191705;1.60108483;2.49934012;-0.00401399;0.00000000;0.00000000
135;13.50000000;0.00000000;11.81365321;-4.41365893;1.55675572;1.61491077;2.49865384;-0.01001309;0.00000000;0.00000000
136;13.60000000;0.00000000;11.73368608;-4.35369124;1.57770196;1.61230678;2.49733750;-0.01496122;0.00000000;0.00000000
137;13.70000000;0.00000000;11.65381688;-4.29359326;1.58198343;1.59831573;2.49566160;-0.01544857;0.00000000;0.00000000
138;13.80000000;0.00000000;11.57405121;-4.23335788;1.56978283;1.58449576;2.49424779;-0.00857129;0.00000000;0.00000000
139;13.90000000;0.00000000;11.49435221;-4.17303426;1.56179527;1.57495528;2.49394734;0.02879873;0.00000000;0.00000000
140;14.00000000;0.00000000;11.41462320;-4.11275130;1.54436954;1.56660711;2.50000753;0.05778854;0.00000000;0.00000000
141;14.10000000;0.00000000;11.33419893;-4.05339806;1.53443260;1.56229917;2.50550505;0.02283238;0.00000000;0.00000000
142;14.20000000;0.00000000;11.25381146;-3.99399500;1.53090875;1.56444074;2.50457401;-0.01235768;0.00000000;0.00000000
143;14.30000000;0.00000000;11.17349786;-3.93449213;1.53378008;1.57306728;2.50303351;-0.01833807;0.00000000;0.00000000
144;14.40000000;0.00000000;11.09329383;-3.87484170;1.54295173;1.58813170;2.50090640;-0.00709709;0.00000000;0.00000000
145;14.50000000;0.00000000;11.01323417;-3.81499775;1.55825575;1.60950913;2.50161409;0.02370419;0.00000000;0.00000000
146;14.60000000;0.00000000;10.93294681;-3.75546166;1.56623854;1.61899935;2.50564723;0.02395469;0.00000000;0.00000000
147;14.70000000;0.00000000;10.85240704;-3.69626542;1.55560081;1.59715175;2.50640503;-0.00748700;0.00000000;0.00000000
148;14.80000000;0.00000000;10.77202857;-3.63685038;1.55107157;1.58067156;2.50414983;0.00583098;0.00000000;0.00000000
149;14.90000000;0.00000000;10.69175688;-3.57729167;1.55279702;1.56627128;2.50757123;0.03021145;0.00000000;0.00000000
150;15.00000000;0.00000000;10.61097364;-3.51842796;1.56179127;1.55528766;2.51019212;0.02485752;0.00000000;0.00000000
151;15.10000000;0.00000000;10.53039053;-3.45929059;1.57674849;1.55102125;2.51254273;0.03032823;0.00000000;0.00000000
152;15.20000000;0.00000000;10.44933198;-3.40080769;1.59266708;1.55238097;2.51625777;-0.00517886;0.00000000;0.00000000
153;15.30000000;0.00000000;10.36831178;-3.34227075;1.60852265;1.56022230;2.51150696;-0.06744430;0.00000000;0.00000000
154;15.40000000;0.00000000;10.28781402;-3.28302137;1.61025397;1.57525223;2.50276891;-0.06834482;0.00000000;0.00000000
155;15.50000000;0.00000000;10.20782935;-3.22307770;1.58988238;1.57695949;2.49783800;-0.01606860;0.00000000;0.00000000
156;15.60000000;0.00000000;10.12791829;-3.16303621;1.57484325;1.58184618;2.49955519;0.00859190;0.00000000;0.00000000
157;15.70000000;0.00000000;10.04772804;-3.10336746;1.56651675;1.58858088;2.49955638;0.02929456;0.00000000;0.00000000
158;15.80000000;0.00000000;9.96781639;-3.04332583;1.56407919;1.57320410;2.50541410;0.05820446;0.00000000;0.00000000
159;15.90000000;0.00000000;9.88693265;-2.98460064;1.55755101;1.55751555;2.51119727;0.00333111;0.00000000;0.00000000
160;16.00000000;0.00000000;9.80633213;-2.92548745;1.54503327;1.54720203;2.50608032;-0.03747941;0.00000000;0.00000000
161;16.10000000;0.00000000;9.72605383;-2.86593777;1.53837686;1.54384913;2.50370139;-0.00007195;0.00000000;0.00000000
162;16.20000000;0.00000000;9.64573564;-2.80644189;1.53826735;1.54689394;2.50606593;0.02199665;0.00000000;0.00000000
163;16.30000000;0.00000000;9.56517628;-2.74727226;1.54504325;1.55596286;2.50810072;-0.02916182;0.00000000;0.00000000
164;16.40000000;0.00000000;9.48461737;-2.68810428;1.55821537;1.56804274;2.50023357;-0.09977786;0.00000000;0.00000000
165;16.50000000;0.00000000;9.40499887;-2.62767445;1.57177146;1.56740997;2.48814515;-0.07760730;0.00000000;0.00000000
166;16.60000000;0.00000000;9.32589303;-2.56657563;1.58249631;1.57397985;2.48471211;-0.02214814;0.00000000;0.00000000
167;16.70000000;0.00000000;9.24669141;-2.50560063;1.57290604;1.58600360;2.48371552;-0.01397173;0.00000000;0.00000000
168;16.80000000;0.00000000;9.16770797;-2.44434462;1.56746808;1.57253640;2.48191776;0.00995117;0.00000000;0.00000000
169;16.90000000;0.00000000;9.08872740;-2.38308625;1.55834296;1.55998965;2.48570575;0.01787462;0.00000000;0.00000000
170;17.00000000;0.00000000;9.00928174;-2.32243005;1.54425382;1.55203479;2.48549268;-0.02251334;0.00000000;0.00000000
171;17.10000000;0.00000000;8.93032589;-2.26113696;1.53574833;1.55129928;2.48120309;-0.01988304;0.00000000;0.00000000
172;17.20000000;0.00000000;8.85140321;-2.19980117;1.53366942;1.55704733;2.48151608;0.00504213;0.00000000;0.00000000
173;17.30000000;0.00000000;8.77240904;-2.13855754;1.53821336;1.56903895;2.48221151;-0.00666615;0.00000000;0.00000000
174;17.40000000;0.00000000;8.69340114;-2.07733158;1.54597754;1.58722475;2.48018285;-0.06336506;0.00000000;0.00000000
175;17.50000000;0.00000000;8.61465857;-2.01576988;1.55664869;1.61182733;2.46953850;-0.10393924;0.00000000;0.00000000
176;17.60000000;0.00000000;8.53697186;-1.95287596;1.56709729;1.61515386;2.45939500;-0.06194455;0.00000000;0.00000000
177;17.70000000;0.00000000;8.45949190;-1.88972758;1.57722071;1.60502497;2.45714959;-0.01940210;0.00000000;0.00000000
178;17.80000000;0.00000000;8.38208844;-1.82648544;1.56567918;1.59724878;2.45551458;-0.01916411;0.00000000;0.00000000
179;17.90000000;0.00000000;8.30481549;-1.76308412;1.55617539;1.59591379;2.45331677;-0.02029104;0.00000000;0.00000000
180;18.00000000;0.00000000;8.22769075;-1.69950235;1.55282608;1.60106367;2.45145637;-0.02127029;0.00000000;0.00000000
181;18.10000000;0.00000000;8.15065412;-1.63581385;1.55214836;1.61254218;2.44906271;-0.04376694;0.00000000;0.00000000
182;18.20000000;0.00000000;8.07383467;-1.57186361;1.55497565;1.62779044;2.44270298;-0.08032660;0.00000000;0.00000000
183;18.30000000;0.00000000;7.99761595;-1.50720178;1.54939548;1.61961574;2.43299739;-0.09622080;0.00000000;0.00000000
184;18.40000000;0.00000000;7.92205392;-1.44177399;1.53247451;1.61630349;2.42345882;-0.08060353;0.00000000;0.00000000
185;18.50000000;0.00000000;7.84708105;-1.37566867;1.52104776;1.61970825;2.41687668;-0.07474268;0.00000000;0.00000000
186;18.60000000;0.00000000;7.77238517;-1.30925034;1.51572065;1.60551933;2.40851029;-0.07172673;0.00000000;0.00000000
187;18.70000000;0.00000000;7.69852990;-1.24190075;1.51572153;1.59595538;2.40253134;-0.03208276;0.00000000;0.00000000
188;18.80000000;0.00000000;7.62463383;-1.17459424;1.52235858;1.59255989;2.40209373;-0.03321926;0.00000000;0.00000000
189;18.90000000;0.00000000;7.55083799;-1.10718046;1.53534213;1.59557804;2.39588749;-0.04496959;0.00000000;0.00000000
190;19.00000000;0.00000000;7.47778275;-1.03896168;1.55041555;1.60591286;2.39309982;-0.00937745;0.00000000;0.00000000
191;19.10000000;0.00000000;7.40436239;-0.97113609;1.54065352;1.62182498;2.39401200;-0.02322015;0.00000000;0.00000000
192;19.20000000;0.00000000;7.33118306;-0.90305092;1.53698762;1.64132017;2.38845579;-0.07041790;0.00000000;0.00000000
193;19.30000000;0.00000000;7.25852297;-0.83441557;1.53905957;1.64339225;2.37992842;-0.05558156;0.00000000;0.00000000
194;19.40000000;0.00000000;7.18651519;-0.76509215;1.54095556;1.64149418;2.37733947;-0.03129697;0.00000000;0.00000000
195;19.50000000;0.00000000;7.11420941;-0.69607953;1.54328169;1.63916562;2.37366902;-0.07532614;0.00000000;0.00000000
196;19.60000000;0.00000000;7.04271395;-0.62623081;1.54444443;1.63800124;2.36227425;-0.11381029;0.00000000;0.00000000
197;19.70000000;0.00000000;6.97200192;-0.55559079;1.54449415;1.63795037;2.35090697;-0.12279328;0.00000000;0.00000000
198;19.80000000;0.00000000;6.90211268;-0.48413476;1.54338529;1.63905830;2.33771559;-0.09689174;0.00000000;0.00000000
199;19.90000000;0.00000000;6.83328642;-0.41165154;1.54079829;1.64164424;2.33152862;-0.04766386;0.00000000;0.00000000
200;20.00000000;0.00000000;6.76428537;-0.33933479;1.53845266;1.64398886;2.32818282;-0.06312611;0.00000000;0.00000000
201;20.10000000;0.00000000;6.69594818;-0.26639529;1.53519682;1.64724329;2.31890340;-0.08297666;0.00000000;0.00000000
202;20.20000000;0.00000000;6.62830130;-0.19281080;1.53099628;1.65144196;2.31158749;-0.04419499;0.00000000;0.00000000
203;20.30000000;0.00000000;6.56103619;-0.11887655;1.52627808;1.65615794;2.31006440;-0.03064736;0.00000000;0.00000000
204;20.40000000;0.00000000;6.49361348;-0.04508600;1.52624440;1.66066086;2.30545802;-0.06431641;0.00000000;0.00000000
205;20.50000000;0.00000000;6.42703471;0.02946218;1.52642846;1.66424847;2.29720111;-0.05213529;0.00000000;0.00000000
206;20.60000000;0.00000000;6.36083973;0.10435594;1.53262889;1.64467102;2.29503096;-0.04902092;0.00000000;0.00000000
207;20.70000000;0.00000000;6.29458336;0.17919444;1.54536474;1.63091282;2.28739693;-0.11328890;0.00000000;0.00000000
208;20.80000000;0.00000000;6.22953946;0.25509016;1.56282444;1.62481167;2.27237318;-0.14366409;0.00000000;0.00000000
209;20.90000000;0.00000000;6.16556273;0.33188383;1.55879257;1.62624155;2.25866411;-0.13155053;0.00000000;0.00000000
210;21.00000000;0.00000000;6.10262681;0.40953063;1.55573979;1.62648348;2.24606307;-0.11068410;0.00000000;0.00000000
211;21.10000000;0.00000000;6.04060416;0.48791379;1.55793093;1.61342359;2.23652729;-0.08118406;0.00000000;0.00000000
212;21.20000000;0.00000000;5.97915764;0.56675030;1.56578145;1.60722083;2.22982626;-0.06173428;0.00000000;0.00000000
213;21.30000000;0.00000000;5.91819067;0.64595810;1.57933143;1.60782847;2.22418044;-0.05684812;0.00000000;0.00000000
214;21.40000000;0.00000000;5.85763859;0.72548296;1.57907247;1.61515489;2.21845663;-0.06093217;0.00000000;0.00000000
215;21.50000000;0.00000000;5.79758294;0.80538266;1.58022894;1.62920757;2.21199400;-0.06238461;0.00000000;0.00000000
216;21.60000000;0.00000000;5.73806358;0.88568375;1.58702342;1.64386166;2.20597971;-0.06356934;0.00000000;0.00000000
217;21.70000000;0.00000000;5.67897267;0.96630095;1.59441455;1.62902716;2.19928013;-0.06470817;0.00000000;0.00000000
218;21.80000000;0.00000000;5.62053467;1.04739220;1.58248545;1.61094420;2.19303808;-0.06620566;0.00000000;0.00000000
219;21.90000000;0.00000000;5.56245495;1.12874054;1.57637377;1.59935596;2.18603900;-0.09562344;0.00000000;0.00000000
220;22.00000000;0.00000000;5.50516006;1.21063862;1.57563016;1.58479869;2.17391339;-0.13846921;0.00000000;0.00000000
221;22.10000000;0.00000000;5.44907141;1.29336930;1.57975593;1.57645598;2.15834516;-0.14412696;0.00000000;0.00000000
222;22.20000000;0.00000000;5.39435150;1.37701498;1.58183710;1.56228845;2.14508800;-0.10311758;0.00000000;0.00000000
223;22.30000000;0.00000000;5.34047451;1.46120572;1.57207387;1.55157701;2.13772164;-0.06529493;0.00000000;0.00000000
224;22.40000000;0.00000000;5.28699298;1.54564821;1.56816293;1.54773050;2.13202901;-0.06059386;0.00000000;0.00000000
225;22.50000000;0.00000000;5.23407848;1.63044610;1.56994792;1.55100005;2.12560287;-0.06157652;0.00000000;0.00000000
226;22.60000000;0.00000000;5.18168657;1.71556903;1.57746293;1.56128757;2.11971371;-0.08062880;0.00000000;0.00000000
227;22.70000000;0.00000000;5.12977494;1.80098356;1.59067902;1.57840265;2.10947711;-0.09801803;0.00000000;0.00000000
228;22.80000000;0.00000000;5.07913649;1.88716138;1.58961389;1.59119045;2.10011011;-0.09146237;0.00000000;0.00000000
229;22.90000000;0.00000000;5.02883302;1.97353514;1.57827608;1.59236288;2.09118464;-0.10146751;0.00000000;0.00000000
230;23.00000000;0.00000000;4.97974214;2.06060101;1.57182402;1.58988058;2.07981660;-0.08836845;0.00000000;0.00000000
231;23.10000000;0.00000000;4.93141567;2.14809533;1.57083867;1.59454959;2.07351095;-0.05530420;0.00000000;0.00000000
232;23.20000000;0.00000000;4.88342551;2.23577548;1.57582112;1.60080537;2.06875576;-0.06438944;0.00000000;0.00000000
233;23.30000000;0.00000000;4.83593415;2.32372392;1.58268006;1.61298913;2.06063306;-0.06878399;0.00000000;0.00000000
234;23.40000000;0.00000000;4.78937464;2.41217210;1.58110938;1.61553536;2.05499897;-0.03308747;0.00000000;0.00000000
235;23.50000000;0.00000000;4.74287611;2.50065235;1.58578102;1.61976278;2.05401556;-0.02437811;0.00000000;0.00000000
236;23.60000000;0.00000000;4.69649065;2.58919194;1.59658198;1.61028171;2.05012335;-0.06321095;0.00000000;0.00000000
237;23.70000000;0.00000000;4.65068243;2.67803121;1.61287648;1.60300933;2.04137337;-0.09890048;0.00000000;0.00000000
238;23.80000000;0.00000000;4.60585418;2.76736745;1.59640034;1.60305100;2.03034325;-0.08974163;0.00000000;0.00000000
239;23.90000000;0.00000000;4.56201738;2.85719428;1.58241057;1.61041339;2.02342505;-0.04940775;0.00000000;0.00000000
240;24.00000000;0.00000000;4.51842881;2.94714360;1.57437687;1.62049174;2.02046170;-0.04709074;0.00000000;0.00000000
241;24.10000000;0.00000000;4.47512508;3.03722881;1.57235205;1.59588099;2.01400690;-0.08179821;0.00000000;0.00000000
242;24.20000000;0.00000000;4.43270171;3.12773247;1.57570157;1.57150244;2.00410206;-0.10616900;0.00000000;0.00000000
243;24.30000000;0.00000000;4.39119106;3.21865752;1.57828998;1.55417991;1.99277310;-0.10267713;0.00000000;0.00000000
244;24.40000000;0.00000000;4.35082865;3.31009991;1.57319915;1.54440586;1.98356663;-0.07290971;0.00000000;0.00000000
245;24.50000000;0.00000000;4.31099840;3.40177554;1.56335124;1.54164736;1.97819116;-0.04738670;0.00000000;0.00000000
246;24.60000000;0.00000000;4.27162134;3.49364671;1.55936551;1.54585485;1.97408929;-0.03402267;0.00000000;0.00000000
247;24.70000000;0.00000000;4.23254453;3.58564594;1.56145389;1.55680630;1.97138662;-0.03178562;0.00000000;0.00000000
248;24.80000000;0.00000000;4.19366464;3.67772860;1.56970394;1.56297874;1.96773217;-0.03440861;0.00000000;0.00000000
249;24.90000000;0.00000000;4.15526146;3.77001058;1.58372098;1.56370499;1.96450490;-0.01435824;0.00000000;0.00000000
250;25.00000000;0.00000000;4.11697672;3.86234228;1.58489553;1.56505462;1.96486052;0.01463898;0.00000000;0.00000000
251;25.10000000;0.00000000;4.07850775;3.95459729;1.56986209;1.57256997;1.96743270;0.03150633;0.00000000;0.00000000
252;25.20000000;0.00000000;4.03974862;4.04673064;1.55629395;1.58604987;1.97116179;0.04310893;0.00000000;0.00000000
253;25.30000000;0.00000000;4.00059276;4.13869597;1.54950004;1.60523065;1.97605448;0.05351794;0.00000000;0.00000000
254;25.40000000;0.00000000;3.96093399;4.23044550;1.54968595;1.62979877;1.98186538;0.04959933;0.00000000;0.00000000
255;25.50000000;0.00000000;3.92071188;4.32194986;1.55691595;1.64527726;1.98597435;0.01253196;0.00000000;0.00000000
256;25.60000000;0.00000000;3.88030031;4.41337072;1.57069120;1.62563418;1.98437177;0.00029689;0.00000000;0.00000000
257;25.70000000;0.00000000;3.84037171;4.50500349;1.58114438;1.60916327;1.98603373;0.05537560;0.00000000;0.00000000
258;25.80000000;0.00000000;3.79965675;4.59628894;1.57269443;1.59433602;1.99544689;0.10082461;0.00000000;0.00000000
259;25.90000000;0.00000000;3.75801071;4.68715272;1.57159496;1.58466253;2.00619865;0.09076469;0.00000000;0.00000000
260;26.00000000;0.00000000;3.71534290;4.77754047;1.56581374;1.58013325;2.01359983;0.05904581;0.00000000;0.00000000
261;26.10000000;0.00000000;3.67235596;4.86777895;1.54316965;1.58140277;2.01800781;0.06718216;0.00000000;0.00000000
262;26.20000000;0.00000000;3.62889313;4.95778666;1.52727099;1.57693376;2.02703626;0.11122942;0.00000000;0.00000000
263;26.30000000;0.00000000;3.58428498;5.04723204;1.51907552;1.57751796;2.04025370;0.14118876;0.00000000;0.00000000
264;26.40000000;0.00000000;3.53845830;5.13605945;1.51879956;1.57899586;2.05527401;0.18241715;0.00000000;0.00000000
265;26.50000000;0.00000000;3.49118511;5.22412190;1.52671556;1.55417012;2.07673713;0.17639627;0.00000000;0.00000000
266;26.60000000;0.00000000;3.44158769;5.31090304;1.54369420;1.53284444;2.09055327;0.13695876;0.00000000;0.00000000
267;26.70000000;0.00000000;3.39189664;5.39763059;1.56698153;1.51770748;2.10412888;0.16562693;0.00000000;0.00000000
268;26.80000000;0.00000000;3.33996351;5.48303002;1.59865523;1.50645336;2.12367865;0.15776742;0.00000000;0.00000000
269;26.90000000;0.00000000;3.28692117;5.56774761;1.63702384;1.50047971;2.13568236;0.11365140;0.00000000;0.00000000
270;27.00000000;0.00000000;3.23295191;5.65187741;1.64906735;1.50005533;2.14640893;0.11548133;0.00000000;0.00000000
271;27.10000000;0.00000000;3.17810458;5.73543747;1.64955064;1.50523564;2.15877863;0.14048804;0.00000000;0.00000000
272;27.20000000;0.00000000;3.12207324;5.81820272;1.64797161;1.48700165;2.17450654;0.14042649;0.00000000;0.00000000
273;27.30000000;0.00000000;3.06462443;5.89999747;1.65415985;1.45906435;2.18686393;0.10138890;0.00000000;0.00000000
274;27.40000000;0.00000000;3.00656120;5.98135787;1.66707493;1.43680887;2.19478432;0.07748162;0.00000000;0.00000000
275;27.50000000;0.00000000;2.94782359;6.06223285;1.68160208;1.42042594;2.20236025;0.09085212;0.00000000;0.00000000
276;27.60000000;0.00000000;2.88853449;6.14270392;1.69674668;1.41026845;2.21295474;0.11082013;0.00000000;0.00000000
277;27.70000000;0.00000000;2.82809894;6.22231305;1.71897434;1.40572095;2.22452428;0.09953555;0.00000000;0.00000000
278;27.80000000;0.00000000;2.76696388;6.30139086;1.73212526;1.40622873;2.23286185;0.09413497;0.00000000;0.00000000
279;27.90000000;0.00000000;2.70520860;6.37998203;1.73518052;1.40740145;2.24335127;0.11991304;0.00000000;0.00000000
280;28.00000000;0.00000000;2.64242873;6.45775930;1.74526715;1.41434767;2.25684446;0.08316169;0.00000000;0.00000000
281;28.10000000;0.00000000;2.57857345;6.53465775;1.76234166;1.40339650;2.25998361;0.02104765;0.00000000;0.00000000
282;28.20000000;0.00000000;2.51530589;6.61204008;1.78412116;1.39006469;2.26105399;0.04326740;0.00000000;0.00000000
283;28.30000000;0.00000000;2.45128761;6.68879987;1.80455855;1.38286759;2.26863709;0.06284574;0.00000000;0.00000000
284;28.40000000;0.00000000;2.38685363;6.76521400;1.80200765;1.38233594;2.27362314;0.05896144;0.00000000;0.00000000
285;28.50000000;0.00000000;2.32207261;6.84133214;1.79399995;1.38856158;2.28042938;0.05668392;0.00000000;0.00000000
286;28.60000000;0.00000000;2.25660442;6.91686216;1.76336874;1.39566991;2.28495992;0.01915575;0.00000000;0.00000000
287;28.70000000;0.00000000;2.19113530;6.99239139;1.73607163;1.40277716;2.28426053;0.00579779;0.00000000;0.00000000
288;28.80000000;0.00000000;2.12577284;7.06801291;1.71403831;1.41527014;2.28611948;0.03738543;0.00000000;0.00000000
289;28.90000000;0.00000000;2.06002397;7.14329752;1.69812174;1.43413511;2.29173761;0.05619212;0.00000000;0.00000000
290;29.00000000;0.00000000;1.99381632;7.21817942;1.68715893;1.45903078;2.29735790;0.05227355;0.00000000;0.00000000
291;29.10000000;0.00000000;1.92722489;7.29272078;1.65613688;1.48974567;2.30219232;0.02017646;0.00000000;0.00000000
292;29.20000000;0.00000000;1.86029594;7.36695947;1.63110274;1.50494628;2.30139319;-0.01440300;0.00000000;0.00000000
293;29.30000000;0.00000000;1.79382372;7.44160718;1.61128392;1.51073104;2.29931172;-0.01220811;0.00000000;0.00000000
294;29.40000000;0.00000000;1.72720449;7.51612375;1.59768054;1.51631887;2.29895157;-0.01890760;0.00000000;0.00000000
295;29.50000000;0.00000000;1.66078654;7.59081878;1.58998664;1.52229820;2.29553020;-0.02360924;0.00000000;0.00000000
296;29.60000000;0.00000000;1.59467869;7.66578953;1.58371704;1.53518736;2.29422972;-0.00137921;0.00000000;0.00000000
297;29.70000000;0.00000000;1.52845465;7.74065773;1.58202973;1.55425889;2.29525436;-0.01908011;0.00000000;0.00000000
298;29.80000000;0.00000000;1.46219328;7.81549288;1.57611929;1.57938968;2.29041370;-0.06052863;0.00000000;0.00000000
299;29.90000000;0.00000000;1.39669815;7.89099756;1.54438847;1.61129852;2.28314863;-0.06307188;0.00000000;0.00000000
300;30.00000000;0.00000000;1.33153114;7.96678750;1.51472900;1.62528154;2.27779933;-0.06865651;0.00000000;0.00000000
301;30.10000000;0.00000000;1.26684824;8.04298774;1.49057177;1.63523153;2.26941733;-0.07664591;0.00000000;0.00000000
302;30.20000000;0.00000000;1.20296088;8.11985941;1.47178579;1.64702963;2.26247014;-0.05684687;0.00000000;0.00000000
303;30.30000000;0.00000000;1.13934131;8.19695299;1.45927147;1.66432457;2.25804796;-0.04974514;0.00000000;0.00000000
304;30.40000000;0.00000000;1.07613629;8.27438671;1.44920829;1.68789061;2.25252112;-0.05631073;0.00000000;0.00000000
305;30.50000000;0.00000000;1.01337305;8.35217845;1.44235947;1.71749952;2.24678581;-0.05913954;0.00000000;0.00000000
306;30.60000000;0.00000000;0.95106072;8.43033163;1.43399304;1.75285277;2.24069321;-0.07264571;0.00000000;0.00000000
307;30.70000000;0.00000000;0.88925029;8.50888202;1.41605525;1.76645357;2.23225667;-0.11610555;0.00000000;0.00000000
308;30.80000000;0.00000000;0.82826806;8.58807207;1.40320958;1.77932605;2.21747210;-0.14907960;0.00000000;0.00000000
309;30.90000000;0.00000000;0.76880667;8.66841584;1.38848213;1.79408970;2.20244075;-0.13338837;0.00000000;0.00000000
310;31.00000000;0.00000000;0.71022949;8.74940710;1.37267897;1.79875975;2.19079442;-0.12093728;0.00000000;0.00000000
311;31.10000000;0.00000000;0.65265560;8.83111381;1.35616814;1.79491751;2.17825329;-0.15109715;0.00000000;0.00000000
312;31.20000000;0.00000000;0.59612915;8.91354711;1.34561975;1.79534986;2.16057499;-0.19582466;0.00000000;0.00000000
313;31.30000000;0.00000000;0.54148470;8.99723017;1.34019168;1.80358413;2.13908836;-0.18699719;0.00000000;0.00000000
314;31.40000000;0.00000000;0.48855291;9.08201365;1.33859189;1.81929154;2.12317555;-0.13589294;0.00000000;0.00000000
315;31.50000000;0.00000000;0.43659405;9.16740123;1.33787896;1.84141317;2.11190977;-0.13452839;0.00000000;0.00000000
316;31.60000000;0.00000000;0.38558639;9.25335489;1.34351456;1.85173388;2.09626988;-0.17740344;0.00000000;0.00000000
317;31.70000000;0.00000000;0.33632565;9.34032169;1.34128786;1.82962344;2.07642908;-0.18029569;0.00000000;0.00000000
318;31.80000000;0.00000000;0.28876587;9.42823513;1.34399116;1.81185138;2.06021074;-0.21296184;0.00000000;0.00000000
319;31.90000000;0.00000000;0.24235278;9.51675144;1.35280221;1.80075476;2.03383672;-0.26421833;0.00000000;0.00000000
320;32.00000000;0.00000000;0.19949387;9.60705051;1.35754400;1.79913857;2.00736707;-0.28178693;0.00000000;0.00000000
321;32.10000000;0.00000000;0.15782649;9.69790588;1.35738312;1.80438193;1.97747933;-0.30699004;0.00000000;0.00000000
322;32.20000000;0.00000000;0.12043935;9.79060228;1.35790424;1.80612054;1.94596907;-0.27687238;0.00000000;0.00000000
323;32.30000000;0.00000000;0.08457686;9.88390075;1.36413011;1.80113639;1.92210485;-0.28254039;0.00000000;0.00000000
324;32.40000000;0.00000000;0.05165575;9.97827305;1.37450517;1.79214304;1.88946099;-0.33715908;0.00000000;0.00000000
325;32.50000000;0.00000000;0.02195824;10.07370702;1.38866760;1.78606406;1.85467304;-0.35588201;0.00000000;0.00000000
326;32.60000000;0.00000000;-0.00432163;10.17013654;1.40632469;1.78912441;1.81828458;-0.37590068;0.00000000;0.00000000
327;32.70000000;0.00000000;-0.02700064;10.26747456;1.42717518;1.77302423;1.77949290;-0.40004517;0.00000000;0.00000000
328;32.80000000;0.00000000;-0.04572695;10.36564736;1.44587220;1.75428934;1.73827555;-0.37806324;0.00000000;0.00000000
329;32.90000000;0.00000000;-0.06031356;10.46451910;1.46044199;1.73969832;1.70388025;-0.33481372;0.00000000;0.00000000
330;33.00000000;0.00000000;-0.07224857;10.56375435;1.47236611;1.72776070;1.67131281;-0.36289367;0.00000000;0.00000000
331;33.10000000;0.00000000;-0.08036853;10.66336588;1.48048060;1.71963955;1.63130152;-0.40866017;0.00000000;0.00000000
332;33.20000000;0.00000000;-0.08433254;10.76322853;1.48444265;1.71567513;1.58958077;-0.37873562;0.00000000;0.00000000
333;33.30000000;0.00000000;-0.08412216;10.86316893;1.48423156;1.71588534;1.55555439;-0.32755671;0.00000000;0.00000000
334;33.40000000;0.00000000;-0.08128620;10.96307874;1.48139473;1.71872102;1.52406943;-0.34575441;0.00000000;0.00000000
335;33.50000000;0.00000000;-0.07478692;11.06280657;1.47489265;1.72521951;1.48640351;-0.34284265;0.00000000;0.00000000
336;33.60000000;0.00000000;-0.06444089;11.16221072;1.46454031;1.73556398;1.45550090;-0.25849489;0.00000000;0.00000000
337;33.70000000;0.00000000;-0.05179285;11.26135819;1.45643570;1.73922603;1.43470453;-0.22390168;0.00000000;0.00000000
338;33.80000000;0.00000000;-0.03732095;11.36025573;1.45332658;1.72417335;1.41072056;-0.25311150;0.00000000;0.00000000
339;33.90000000;0.00000000;-0.01993493;11.45867309;1.45413414;1.71506396;1.38408223;-0.26082191;0.00000000;0.00000000
340;34.00000000;0.00000000;-0.00021755;11.55665881;1.45943169;1.70064402;1.35855618;-0.24692933;0.00000000;0.00000000
341;34.10000000;0.00000000;0.02216836;11.65406119;1.46880932;1.69474462;1.33469637;-0.22412802;0.00000000;0.00000000
342;34.20000000;0.00000000;0.04653769;11.75099697;1.47713212;1.67922559;1.31373058;-0.22425965;0.00000000;0.00000000
343;34.30000000;0.00000000;0.07298767;11.84737716;1.47063020;1.65649730;1.28984444;-0.22721539;0.00000000;0.00000000
344;34.40000000;0.00000000;0.10195632;11.94303258;1.46828594;1.64215596;1.26828750;-0.18685571;0.00000000;0.00000000
345;34.50000000;0.00000000;0.13253874;12.03819260;1.47105295;1.63549980;1.25247329;-0.16692272;0.00000000;0.00000000
346;34.60000000;0.00000000;0.16451769;12.13288326;1.47911464;1.63641087;1.23490296;-0.16003729;0.00000000;0.00000000
347;34.70000000;0.00000000;0.19842453;12.22691055;1.47657214;1.64543828;1.22046584;-0.13354465;0.00000000;0.00000000
348;34.80000000;0.00000000;0.23312606;12.32064405;1.47650891;1.63589484;1.20819403;-0.10948072;0.00000000;0.00000000
349;34.90000000;0.00000000;0.26933029;12.41381119;1.48159792;1.62570642;1.19856969;-0.09437301;0.00000000;0.00000000
350;35.00000000;0.00000000;0.30583049;12.50686181;1.49306003;1.62194458;1.18931942;-0.11837024;0.00000000;0.00000000
351;35.10000000;0.00000000;0.34375208;12.59934328;1.50374686;1.61551896;1.17489564;-0.09727458;0.00000000;0.00000000
352;35.20000000;0.00000000;0.38292135;12.69130318;1.51930656;1.61556433;1.16986451;-0.03581036;0.00000000;0.00000000
353;35.30000000;0.00000000;0.42177155;12.78339834;1.54154011;1.60432835;1.16773357;-0.02035751;0.00000000;0.00000000
354;35.40000000;0.00000000;0.46133214;12.87518987;1.55730731;1.59529255;1.16579301;-0.03090774;0.00000000;0.00000000
355;35.50000000;0.00000000;0.50053927;12.96713307;1.57370539;1.58517003;1.16155202;-0.05882955;0.00000000;0.00000000
356;35.60000000;0.00000000;0.54087498;13.05858112;1.59501083;1.58254556;1.15402710;-0.05608838;0.00000000;0.00000000
357;35.70000000;0.00000000;0.58146109;13.14992336;1.60614931;1.58649850;1.15033435;-0.07381270;0.00000000;0.00000000
358;35.80000000;0.00000000;0.62247142;13.24107174;1.61575997;1.57822584;1.13926456;-0.12161492;0.00000000;0.00000000
359;35.90000000;0.00000000;0.66506850;13.33149062;1.62851659;1.56770377;1.12601136;-0.06988795;0.00000000;0.00000000
360;36.00000000;0.00000000;0.70848168;13.42152322;1.62112839;1.56441610;1.12528697;-0.01984379;0.00000000;0.00000000
361;36.10000000;0.00000000;0.75121076;13.51188247;1.61873816;1.54576019;1.12204261;-0.05351605;0.00000000;0.00000000
362;36.20000000;0.00000000;0.79520786;13.60163282;1.62110970;1.53184174;1.11458375;-0.07413665;0.00000000;0.00000000
363;36.30000000;0.00000000;0.83928075;13.69134596;1.62808202;1.52444830;1.10721528;-0.04504978;0.00000000;0.00000000
364;36.40000000;0.00000000;0.88459521;13.78043728;1.62983748;1.52497832;1.10557380;0.00542209;0.00000000;0.00000000
365;36.50000000;0.00000000;0.92896147;13.87000342;1.63875626;1.52251347;1.10829969;-0.02553494;0.00000000;0.00000000
366;36.60000000;0.00000000;0.97378920;13.95933973;1.64983077;1.50472726;1.10046681;-0.07467695;0.00000000;0.00000000
367;36.70000000;0.00000000;1.01955328;14.04820027;1.66351020;1.48840659;1.09336430;-0.04704692;0.00000000;0.00000000
368;36.80000000;0.00000000;1.06564623;14.13689230;1.66596237;1.47904561;1.09105743;-0.03074297;0.00000000;0.00000000
369;36.90000000;0.00000000;1.11182003;14.22554118;1.67190396;1.47649920;1.08721571;-0.02631182;0.00000000;0.00000000
370;37.00000000;0.00000000;1.15859309;14.31387647;1.66179510;1.48138533;1.08579507;0.01698649;0.00000000;0.00000000
371;37.10000000;0.00000000;1.20501909;14.40239476;1.65403694;1.49257434;1.09061301;0.02396584;0.00000000;0.00000000
372;37.20000000;0.00000000;1.25093886;14.49117676;1.65287069;1.50975129;1.09058823;0.00068412;0.00000000;0.00000000
373;37.30000000;0.00000000;1.29736918;14.57969262;1.65716731;1.53381950;1.09074983;0.01242913;0.00000000;0.00000000
374;37.40000000;0.00000000;1.34325994;14.66848886;1.66352068;1.53550927;1.09307406;0.01611458;0.00000000;0.00000000
375;37.50000000;0.00000000;1.38927823;14.75721947;1.65636105;1.53603016;1.09397275;0.02040000;0.00000000;0.00000000
376;37.60000000;0.00000000;1.43500907;14.84609757;1.65155695;1.54119756;1.09715406;0.01565395;0.00000000;0.00000000
377;37.70000000;0.00000000;1.48046193;14.93511928;1.65310724;1.54205316;1.09710354;-0.01907445;0.00000000;0.00000000
378;37.80000000;0.00000000;1.52620228;15.02399378;1.64986379;1.54969122;1.09333917;-0.06465670;0.00000000;0.00000000
379;37.90000000;0.00000000;1.57232339;15.11266946;1.65155031;1.53816034;1.08417219;-0.05078922;0.00000000;0.00000000
380;38.00000000;0.00000000;1.61968537;15.20069048;1.63043268;1.52425784;1.08318133;0.02138329;0.00000000;0.00000000
381;38.10000000;0.00000000;1.66598291;15.28927607;1.61029289;1.51562486;1.08844885;0.04732944;0.00000000;0.00000000
382;38.20000000;0.00000000;1.71241499;15.37779120;1.59601868;1.51370967;1.09264721;0.05352369;0.00000000;0.00000000
383;38.30000000;0.00000000;1.75796629;15.46676089;1.58891019;1.51739778;1.09915359;0.04122179;0.00000000;0.00000000
384;38.40000000;0.00000000;1.80324266;15.55587272;1.58838269;1.52256527;1.10089157;0.01181931;0.00000000;0.00000000
385;38.50000000;0.00000000;1.84848520;15.64500172;1.59417244;1.53291971;1.10151745;0.00702490;0.00000000;0.00000000
386;38.60000000;0.00000000;1.89364999;15.73417016;1.60482312;1.54957982;1.10229655;0.01243778;0.00000000;0.00000000
387;38.70000000;0.00000000;1.93875360;15.82336956;1.59496061;1.55737933;1.10400501;0.05025555;0.00000000;0.00000000
388;38.80000000;0.00000000;1.98361273;15.91269039;1.59090537;1.55680636;1.11234766;0.08148679;0.00000000;0.00000000
389;38.90000000;0.00000000;2.02722182;16.00262990;1.59451552;1.56001341;1.12030237;0.05309271;0.00000000;0.00000000
390;39.00000000;0.00000000;2.07065497;16.09265451;1.59926721;1.55284044;1.12296620;0.00096431;0.00000000;0.00000000
391;39.10000000;0.00000000;2.11378426;16.18282503;1.60428347;1.55160588;1.12049523;-0.00480026;0.00000000;0.00000000
392;39.20000000;0.00000000;2.15766140;16.27263312;1.60336347;1.54582296;1.12200615;0.05783097;0.00000000;0.00000000
393;39.30000000;0.00000000;2.20051633;16.36293008;1.60382047;1.54535954;1.13206142;0.08303940;0.00000000;0.00000000
394;39.40000000;0.00000000;2.24257890;16.45360284;1.60038199;1.55047576;1.13861403;0.05407117;0.00000000;0.00000000
395;39.50000000;0.00000000;2.28424833;16.54445697;1.60308874;1.56155612;1.14287566;0.04330272;0.00000000;0.00000000
396;39.60000000;0.00000000;2.32553657;16.63548499;1.61241652;1.57848854;1.14727458;0.04041127;0.00000000;0.00000000
397;39.70000000;0.00000000;2.36640502;16.72670208;1.59658573;1.57053288;1.15095791;0.01394347;0.00000000;0.00000000
398;39.80000000;0.00000000;2.40702145;16.81803149;1.58450324;1.56417682;1.15006327;0.03462956;0.00000000;0.00000000
399;39.90000000;0.00000000;2.44805231;16.90917364;1.57821472;1.56464950;1.15788382;0.10840831;0.00000000;0.00000000
400;40.00000000;0.00000000;2.48723556;17.00112763;1.58026027;1.56741847;1.17174493;0.10543548;0.00000000;0.00000000
401;40.10000000;0.00000000;2.52572514;17.09337415;1.58935228;1.56608932;1.17897092;0.03448258;0.00000000;0.00000000
402;40.20000000;0.00000000;2.56357537;17.18588465;1.60531050;1.57044142;1.17864145;-0.01098182;0.00000000;0.00000000
403;40.30000000;0.00000000;2.60212551;17.27810524;1.61556767;1.57654620;1.17677456;0.01586733;0.00000000;0.00000000
404;40.40000000;0.00000000;2.64032080;17.37047353;1.61578397;1.57809400;1.18181491;0.03051974;0.00000000;0.00000000
405;40.50000000;0.00000000;2.67793938;17.46307814;1.62178289;1.57038011;1.18287851;0.01206159;0.00000000;0.00000000
406;40.60000000;0.00000000;2.71593777;17.55552668;1.61442523;1.56504303;1.18422723;0.03693014;0.00000000;0.00000000
407;40.70000000;0.00000000;2.75330450;17.64822772;1.59867241;1.56413241;1.19026453;0.03305979;0.00000000;0.00000000
408;40.80000000;0.00000000;2.79018381;17.74112811;1.58958719;1.55261097;1.19083919;-0.00552070;0.00000000;0.00000000
409;40.90000000;0.00000000;2.82744591;17.83387687;1.58544443;1.54788463;1.18916039;-0.01237876;0.00000000;0.00000000
410;41.00000000;0.00000000;2.86463714;17.92665343;1.58274677;1.54952854;1.18836344;0.03007602;0.00000000;0.00000000
411;41.10000000;0.00000000;2.90204568;18.01933934;1.58611982;1.55783169;1.19517560;0.05458278;0.00000000;0.00000000
412;41.20000000;0.00000000;2.93796962;18.11261427;1.58612815;1.56584795;1.19927999;0.05151969;0.00000000;0.00000000
413;41.30000000;0.00000000;2.97461702;18.20560662;1.59126295;1.55651087;1.20547953;0.05349279;0.00000000;0.00000000
414;41.40000000;0.00000000;3.00938194;18.29932039;1.60461934;1.53909341;1.20997855;-0.03217215;0.00000000;0.00000000
415;41.50000000;0.00000000;3.04519156;18.39263990;1.59326059;1.52368074;1.19904510;-0.07283804;0.00000000;0.00000000
416;41.60000000;0.00000000;3.08199705;18.48557068;1.57632776;1.51578848;1.19541094;0.00151231;0.00000000;0.00000000
417;41.70000000;0.00000000;3.11848395;18.57862733;1.56594711;1.51412375;1.19934757;0.04108085;0.00000000;0.00000000
418;41.80000000;0.00000000;3.15455674;18.67184526;1.56235130;1.51860553;1.20362711;0.04111402;0.00000000;0.00000000
419;41.90000000;0.00000000;3.19024582;18.76521078;1.56555393;1.52921266;1.20757037;0.03771983;0.00000000;0.00000000
420;42.00000000;0.00000000;3.22558234;18.85871031;1.57547983;1.54585217;1.21117108;0.01556372;0.00000000;0.00000000
421;42.10000000;0.00000000;3.26059816;18.95233046;1.58944303;1.56487320;1.21068311;-0.00806222;0.00000000;0.00000000
422;42.20000000;0.00000000;3.29602533;19.04579392;1.60010773;1.55264924;1.20955864;0.03243417;0.00000000;0.00000000
423;42.30000000;0.00000000;3.33124995;19.13933072;1.60601907;1.54658540;1.21716995;0.08037412;0.00000000;0.00000000
424;42.40000000;0.00000000;3.36525090;19.23332414;1.59601791;1.54566358;1.22563346;0.05070640;0.00000000;0.00000000
425;42.50000000;0.00000000;3.39888879;19.32744816;1.59262661;1.55081095;1.22731123;-0.01865989;0.00000000;0.00000000
426;42.60000000;0.00000000;3.43257363;19.42155370;1.59545186;1.55129255;1.22190148;-0.04987724;0.00000000;0.00000000
427;42.70000000;0.00000000;3.46722793;19.51530837;1.60348696;1.54818960;1.21733578;-0.04755357;0.00000000;0.00000000
428;42.80000000;0.00000000;3.50177103;19.60910335;1.61778631;1.53824257;1.21239077;-0.00562859;0.00000000;0.00000000
429;42.90000000;0.00000000;3.53735071;19.70251031;1.59869634;1.53544692;1.21621006;0.03242168;0.00000000;0.00000000
430;43.00000000;0.00000000;3.57117660;19.79656709;1.58579608;1.53728413;1.21887511;0.01953693;0.00000000;0.00000000
431;43.10000000;0.00000000;3.60625795;19.89016250;1.57779319;1.54692436;1.22011745;0.05586634;0.00000000;0.00000000
432;43.20000000;0.00000000;3.63984950;19.98430156;1.57768670;1.56135120;1.23004837;0.03476925;0.00000000;0.00000000
433;43.30000000;0.00000000;3.67306519;20.07857551;1.58429801;1.56299627;1.22707130;-0.04120956;0.00000000;0.00000000
434;43.40000000;0.00000000;3.70721665;20.17251289;1.59616683;1.55566196;1.22180646;-0.02044351;0.00000000;0.00000000
435;43.50000000;0.00000000;3.74142312;20.26643180;1.59454619;1.55428006;1.22298260;0.01942101;0.00000000;0.00000000
436;43.60000000;0.00000000;3.77535402;20.36045064;1.58246065;1.55753004;1.22569066;0.02482359;0.00000000;0.00000000
437;43.70000000;0.00000000;3.80905133;20.45455349;1.57286295;1.55753894;1.22794732;0.02028856;0.00000000;0.00000000
438;43.80000000;0.00000000;3.84255758;20.54872457;1.56978745;1.54492213;1.22974838;0.03310521;0.00000000;0.00000000
439;43.90000000;0.00000000;3.87591572;20.64294823;1.57322680;1.53262834;1.23456836;0.05935160;0.00000000;0.00000000
440;44.00000000;0.00000000;3.90851128;20.73743411;1.58378141;1.52598699;1.24161869;0.02663305;0.00000000;0.00000000
441;44.10000000;0.00000000;3.94053673;20.83211633;1.59518467;1.52527513;1.23989497;-0.02810756;0.00000000;0.00000000
442;44.20000000;0.00000000;3.97345915;20.92649311;1.60625071;1.53204530;1.23599718;-0.01222977;0.00000000;0.00000000
443;44.30000000;0.00000000;4.00622257;21.02092522;1.62357186;1.54509865;1.23744901;0.01218903;0.00000000;0.00000000
444;44.40000000;0.00000000;4.03887082;21.11539723;1.61816009;1.55336024;1.23843499;0.00752224;0.00000000;0.00000000
445;44.50000000;0.00000000;4.07144798;21.20989378;1.61377109;1.53718849;1.23895346;0.00282202;0.00000000;0.00000000
446;44.60000000;0.00000000;4.10399825;21.30439959;1.61559452;1.52737157;1.23899939;0.00299317;0.00000000;0.00000000
447;44.70000000;0.00000000;4.13656672;21.39889913;1.62356207;1.52407999;1.23955210;-0.02817759;0.00000000;0.00000000
448;44.80000000;0.00000000;4.16901251;21.49344087;1.63773085;1.52720725;1.23336388;-0.02919744;0.00000000;0.00000000
449;44.90000000;0.00000000;4.20274779;21.58752945;1.63589454;1.53819697;1.23371261;0.01144184;0.00000000;0.00000000
450;45.00000000;0.00000000;4.23512703;21.68209208;1.62266381;1.55413633;1.23565224;0.00712639;0.00000000;0.00000000
451;45.10000000;0.00000000;4.26849667;21.77630966;1.61447260;1.55330412;1.23513789;0.00223941;0.00000000;0.00000000
452;45.20000000;0.00000000;4.30097291;21.87083818;1.61339326;1.54035937;1.23610013;-0.02705628;0.00000000;0.00000000
453;45.30000000;0.00000000;4.33416079;21.96511873;1.61774627;1.53458544;1.22972663;-0.04276785;0.00000000;0.00000000
454;45.40000000;0.00000000;4.36784018;22.05922807;1.62771939;1.53583066;1.22754656;-0.00604357;0.00000000;0.00000000
455;45.50000000;0.00000000;4.40143985;22.15336587;1.62904377;1.54347697;1.22851792;0.02628780;0.00000000;0.00000000
456;45.60000000;0.00000000;4.43493634;22.24754046;1.61733158;1.54648734;1.23280412;0.04501503;0.00000000;0.00000000
457;45.70000000;0.00000000;4.46772678;22.34195992;1.61249192;1.53026921;1.23752092;0.01320887;0.00000000;0.00000000
458;45.80000000;0.00000000;4.50033219;22.43644277;1.61010060;1.52026704;1.23544589;-0.00165278;0.00000000;0.00000000
459;45.90000000;0.00000000;4.53351443;22.53072603;1.61148659;1.51740968;1.23719037;0.02119631;0.00000000;0.00000000
460;46.00000000;0.00000000;4.56579120;22.62532558;1.62000714;1.52017201;1.23968515;-0.03336748;0.00000000;0.00000000
461;46.10000000;0.00000000;4.59850256;22.71977312;1.63415285;1.52993186;1.23051687;-0.08116140;0.00000000;0.00000000
462;46.20000000;0.00000000;4.63250843;22.81376499;1.63272829;1.54745020;1.22345287;-0.03855885;0.00000000;0.00000000
463;46.30000000;0.00000000;4.66655169;22.90774331;1.62940100;1.54973776;1.22280510;-0.00921738;0.00000000;0.00000000
464;46.40000000;0.00000000;4.70067930;23.00169103;1.63210996;1.54153024;1.22160939;0.02689952;0.00000000;0.00000000
465;46.50000000;0.00000000;4.73494721;23.09558768;1.64076610;1.53668838;1.22818501;0.06994516;0.00000000;0.00000000
466;46.60000000;0.00000000;4.76783620;23.18997559;1.64639109;1.53687700;1.23559843;0.00282532;0.00000000;0.00000000
467;46.70000000;0.00000000;4.80070820;23.28436997;1.62912942;1.54353378;1.22875007;-0.07517043;0.00000000;0.00000000
468;46.80000000;0.00000000;4.83488642;23.37829729;1.61648852;1.55796061;1.22056434;-0.04741077;0.00000000;0.00000000
469;46.90000000;0.00000000;4.86929931;23.47214089;1.60971634;1.56207964;1.21926792;-0.00822602;0.00000000;0.00000000
470;47.00000000;0.00000000;4.90372160;23.56598105;1.60912640;1.55387675;1.21891914;0.01893927;0.00000000;0.00000000
471;47.10000000;0.00000000;4.93819994;23.65980062;1.61467596;1.55214052;1.22305577;0.03787489;0.00000000;0.00000000
472;47.20000000;0.00000000;4.97184362;23.75391938;1.62723718;1.55594863;1.22649412;-0.00948766;0.00000000;0.00000000
473;47.30000000;0.00000000;5.00567473;23.84797030;1.63376558;1.55856225;1.22115824;-0.05001406;0.00000000;0.00000000
474;47.40000000;0.00000000;5.04032197;23.94172763;1.62345641;1.54548492;1.21649130;-0.02785236;0.00000000;0.00000000
475;47.50000000;0.00000000;5.07503077;24.03546219;1.61919753;1.53397620;1.21558777;-0.00092095;0.00000000;0.00000000
476;47.60000000;0.00000000;5.10984736;24.12915673;1.62098734;1.52904403;1.21630711;0.03847577;0.00000000;0.00000000
477;47.70000000;0.00000000;5.14442054;24.22293914;1.62917715;1.53037853;1.22328292;0.05689454;0.00000000;0.00000000
478;47.80000000;0.00000000;5.17792662;24.31711032;1.64159595;1.53709126;1.22768602;-0.02081454;0.00000000;0.00000000
479;47.90000000;0.00000000;5.21167281;24.41119419;1.62317627;1.55048479;1.21912001;-0.07874070;0.00000000;0.00000000
480;48.00000000;0.00000000;5.24678723;24.50477756;1.60930996;1.56481494;1.21193788;-0.03623343;0.00000000;0.00000000
481;48.10000000;0.00000000;5.28188186;24.59836835;1.60159460;1.55076769;1.21187333;-0.00328128;0.00000000;0.00000000
482;48.20000000;0.00000000;5.31700837;24.69194718;1.60006399;1.54311431;1.21128163;0.02822980;0.00000000;0.00000000
483;48.30000000;0.00000000;5.35221373;24.78549637;1.60468579;1.54200019;1.21751929;0.07063003;0.00000000;0.00000000
484;48.40000000;0.00000000;5.38616953;24.87950459;1.61680746;1.54602838;1.22540763;0.04464233;0.00000000;0.00000000
485;48.50000000;0.00000000;5.41989469;24.97359753;1.61800231;1.55623484;1.22644775;0.00216327;0.00000000;0.00000000
486;48.60000000;0.00000000;5.45365541;25.06767772;1.60295308;1.57277725;1.22584028;-0.03104922;0.00000000;0.00000000
487;48.70000000;0.00000000;5.48749485;25.16172962;1.59353409;1.57832962;1.22023791;-0.05125864;0.00000000;0.00000000
488;48.80000000;0.00000000;5.52230640;25.25542241;1.58931745;1.56739996;1.21558856;-0.00322058;0.00000000;0.00000000
489;48.90000000;0.00000000;5.55701792;25.34915290;1.59148649;1.55868104;1.21959379;0.03534343;0.00000000;0.00000000
490;49.00000000;0.00000000;5.59107902;25.44312476;1.60059829;1.54782432;1.22265724;0.01011050;0.00000000;0.00000000
491;49.10000000;0.00000000;5.62521658;25.53706885;1.61289626;1.54345928;1.22161589;-0.02275683;0.00000000;0.00000000
492;49.20000000;0.00000000;5.65947330;25.63096954;1.61607931;1.54568630;1.21810588;-0.06437671;0.00000000;0.00000000
493;49.30000000;0.00000000;5.69426849;25.72466892;1.61351987;1.55492139;1.20874055;-0.07606705;0.00000000;0.00000000
494;49.40000000;0.00000000;5.73027791;25.81791156;1.61091575;1.54574650;1.20289247;0.00898162;0.00000000;0.00000000
495;49.50000000;0.00000000;5.76616722;25.91119908;1.61463532;1.53321808;1.21053687;0.07358996;0.00000000;0.00000000
496;49.60000000;0.00000000;5.80074693;26.00498134;1.61718012;1.52574341;1.21761046;0.03480100;0.00000000;0.00000000
497;49.70000000;0.00000000;5.83531339;26.09876849;1.60098898;1.52478423;1.21749708;-0.00355782;0.00000000;0.00000000
498;49.80000000;0.00000000;5.86991436;26.19254291;1.59011200;1.53040349;1.21689889;-0.04070963;0.00000000;0.00000000
499;49.90000000;0.00000000;5.90459300;26.28628863;1.58539140;1.54257475;1.20935515;-0.07939641;0.00000000;0.00000000
500;50.00000000;0.00000000;5.94060419;26.37952875;1.58554064;1.56245300;1.20101961;-0.01824151;0.00000000;0.00000000
501;50.10000000;0.00000000;5.97684076;26.47268335;1.59173802;1.56038654;1.20570685;0.09128259;0.00000000;0.00000000
502;50.20000000;0.00000000;6.01197589;26.56625587;1.59972257;1.55052798;1.21927613;0.09638567;0.00000000;0.00000000
503;50.30000000;0.00000000;6.04567033;26.66035655;1.60092577;1.54554301;1.22498398;0.00082479;0.00000000;0.00000000
504;50.40000000;0.00000000;6.07973478;26.75432348;1.59346131;1.54740618;1.21944109;-0.06322700;0.00000000;0.00000000
505;50.50000000;0.00000000;6.11447137;26.84804775;1.59153395;1.55641203;1.21233858;-0.06005544;0.00000000;0.00000000
506;50.60000000;0.00000000;6.14986731;26.94152171;1.59517330;1.56030132;1.20743000;-0.00595237;0.00000000;0.00000000
507;50.70000000;0.00000000;6.18552123;27.03489764;1.60476711;1.54746313;1.21114811;0.04458289;0.00000000;0.00000000
508;50.80000000;0.00000000;6.22022219;27.12863511;1.62139265;1.53354261;1.21634658;0.02586256;0.00000000;0.00000000
509;50.90000000;0.00000000;6.25490440;27.22237951;1.62716798;1.52047613;1.21632062;-0.00650291;0.00000000;0.00000000
510;51.00000000;0.00000000;6.28961023;27.31611517;1.63179920;1.51393538;1.21504600;-0.04882767;0.00000000;0.00000000
511;51.10000000;0.00000000;6.32453087;27.40976967;1.61543694;1.51420921;1.20655509;-0.07863077;0.00000000;0.00000000
512;51.20000000;0.00000000;6.36082341;27.50290249;1.60368028;1.52252462;1.19931984;0.00472360;0.00000000;0.00000000
513;51.30000000;0.00000000;6.39709604;27.59604306;1.59812215;1.53728657;1.20749980;0.08560192;0.00000000;0.00000000
514;51.40000000;0.00000000;6.43185994;27.68975658;1.60041795;1.55676323;1.21644023;0.05063216;0.00000000;0.00000000
515;51.50000000;0.00000000;6.46646143;27.78353080;1.60650709;1.54295854;1.21762624;0.00798507;0.00000000;0.00000000
516;51.60000000;0.00000000;6.50100314;27.87732707;1.61091903;1.53321298;1.21803724;-0.02451967;0.00000000;0.00000000
517;51.70000000;0.00000000;6.53552753;27.97112971;1.59322671;1.52993083;1.21272230;-0.04047039;0.00000000;0.00000000
518;51.80000000;0.00000000;6.57106340;28.06455106;1.57907319;1.53425008;1.20994316;0.01538349;0.00000000;0.00000000
519;51.90000000;0.00000000;6.60610754;28.15815745;1.57168804;1.54451639;1.21579900;0.06726504;0.00000000;0.00000000
520;52.00000000;0.00000000;6.64054779;28.25199101;1.57128665;1.56049516;1.22339617;0.06502452;0.00000000;0.00000000
521;52.10000000;0.00000000;6.67416539;28.34611841;1.57810155;1.57560400;1.22880391;0.01038872;0.00000000;0.00000000
522;52.20000000;0.00000000;6.70758776;28.44031603;1.59138284;1.56177811;1.22547392;-0.04800045;0.00000000;0.00000000
523;52.30000000;0.00000000;6.74183278;28.53422101;1.59639500;1.55514206;1.21920382;-0.05693929;0.00000000;0.00000000
524;52.40000000;0.00000000;6.77643405;28.62799287;1.58611636;1.55529628;1.21408606;-0.01508575;0.00000000;0.00000000
525;52.50000000;0.00000000;6.81163751;28.72153999;1.58145528;1.56249958;1.21618667;0.00769814;0.00000000;0.00000000
526;52.60000000;0.00000000;6.84584471;28.81545690;1.58416486;1.56925282;1.21562569;0.00430315;0.00000000;0.00000000
527;52.70000000;0.00000000;6.88115363;28.90896586;1.59198621;1.55994335;1.21704730;0.04432582;0.00000000;0.00000000
528;52.80000000;0.00000000;6.91509427;29.00298130;1.60036845;1.54945749;1.22449085;0.00034122;0.00000000;0.00000000
529;52.90000000;0.00000000;6.94900761;29.09700658;1.58148600;1.54534974;1.21711554;-0.07299533;0.00000000;0.00000000
530;53.00000000;0.00000000;6.98433117;29.19051081;1.56726171;1.54920023;1.20989178;-0.03299432;0.00000000;0.00000000
531;53.10000000;0.00000000;7.01959936;29.28403633;1.55938671;1.55940221;1.21051668;0.00518066;0.00000000;0.00000000
532;53.20000000;0.00000000;7.05480616;29.37758498;1.55796362;1.57582618;1.21092792;0.03166268;0.00000000;0.00000000
533;53.30000000;0.00000000;7.08999741;29.47113948;1.56296125;1.58422800;1.21684921;0.07337800;0.00000000;0.00000000
534;53.40000000;0.00000000;7.12409286;29.56509566;1.57545536;1.57061035;1.22560352;0.03816331;0.00000000;0.00000000
535;53.50000000;0.00000000;7.15764081;29.65925193;1.59469974;1.55131322;1.22448187;-0.02029918;0.00000000;0.00000000
536;53.60000000;0.00000000;7.19194706;29.75313168;1.61474879;1.53908537;1.22154368;-0.00510435;0.00000000;0.00000000
537;53.70000000;0.00000000;7.22604644;29.84708567;1.61622967;1.53306945;1.22346100;0.00625610;0.00000000;0.00000000
538;53.80000000;0.00000000;7.25999229;29.94109587;1.60760052;1.53339470;1.22279490;0.01495766;0.00000000;0.00000000
539;53.90000000;0.00000000;7.29421705;30.03500499;1.60486408;1.54051495;1.22645254;0.04564452;0.00000000;0.00000000
540;54.00000000;0.00000000;7.32747535;30.12926397;1.60937197;1.54872950;1.23192380;0.02570143;0.00000000;0.00000000
541;54.10000000;0.00000000;7.36067146;30.22354483;1.62011137;1.53175280;1.23159282;-0.03340423;0.00000000;0.00000000
542;54.20000000;0.00000000;7.39399164;30.31778032;1.62111377;1.52129981;1.22524296;-0.05864883;0.00000000;0.00000000
543;54.30000000;0.00000000;7.42838239;30.41163204;1.60280354;1.51851023;1.21986305;-0.02506086;0.00000000;0.00000000
544;54.40000000;0.00000000;7.46271511;30.50550501;1.59063699;1.52223113;1.22023079;0.00101830;0.00000000;0.00000000
545;54.50000000;0.00000000;7.49703682;30.59938200;1.58470556;1.53246469;1.22006672;-0.00430927;0.00000000;0.00000000
546;54.60000000;0.00000000;7.53140035;30.69324369;1.58502306;1.54913699;1.21936893;-0.00513598;0.00000000;0.00000000
547;54.70000000;0.00000000;7.56585304;30.78707269;1.59153553;1.55836923;1.21903952;0.00294763;0.00000000;0.00000000
548;54.80000000;0.00000000;7.60027839;30.88091172;1.60429006;1.54940557;1.21995846;0.01178332;0.00000000;0.00000000
549;54.90000000;0.00000000;7.63455857;30.97480385;1.59754400;1.54340767;1.22139618;0.01258819;0.00000000;0.00000000
550;55.00000000;0.00000000;7.66871395;31.06874147;1.58248763;1.54373855;1.22247610;0.00830479;0.00000000;0.00000000
551;55.10000000;0.00000000;7.70279126;31.16270745;1.57373127;1.55044369;1.22305714;0.00330980;0.00000000;0.00000000
552;55.20000000;0.00000000;7.73683746;31.25668471;1.57133029;1.54066079;1.22313806;0.01907973;0.00000000;0.00000000
553;55.30000000;0.00000000;7.77089957;31.35065620;1.57526384;1.53036081;1.22687309;0.05996266;0.00000000;0.00000000
554;55.40000000;0.00000000;7.80424166;31.44488197;1.58625745;1.52578634;1.23513059;0.05029613;0.00000000;0.00000000
555;55.50000000;0.00000000;7.83674728;31.53940315;1.60428683;1.52686540;1.23693231;-0.01652852;0.00000000;0.00000000
556;55.60000000;0.00000000;7.86974983;31.63374905;1.60602661;1.53067355;1.23182489;-0.01797187;0.00000000;0.00000000
557;55.70000000;0.00000000;7.90321825;31.72793046;1.60091634;1.53973958;1.23333794;0.00271753;0.00000000;0.00000000
558;55.80000000;0.00000000;7.93593523;31.82237605;1.60283357;1.55141959;1.23236839;0.00296001;0.00000000;0.00000000
559;55.90000000;0.00000000;7.96958661;31.91649349;1.60997743;1.53763564;1.23392994;0.03754452;0.00000000;0.00000000
560;56.00000000;0.00000000;8.00200929;32.01104316;1.62167269;1.52896848;1.23987730;-0.01123616;0.00000000;0.00000000
561;56.10000000;0.00000000;8.03453915;32.10555523;1.63087989;1.52692318;1.23168271;-0.07730162;0.00000000;0.00000000
562;56.20000000;0.00000000;8.06850700;32.19956084;1.64461490;1.53293205;1.22441697;-0.03416773;0.00000000;0.00000000
563;56.30000000;0.00000000;8.10240703;32.29359092;1.62834724;1.54532476;1.22484916;0.00162194;0.00000000;0.00000000
564;56.40000000;0.00000000;8.13629360;32.38762586;1.61467496;1.56357774;1.22474136;0.03166092;0.00000000;0.00000000
565;56.50000000;0.00000000;8.17021391;32.48164863;1.60707881;1.54841541;1.23118135;0.07430314;0.00000000;0.00000000
566;56.60000000;0.00000000;8.20288582;32.57611020;1.60700373;1.53694287;1.23960199;0.05138452;0.00000000;0.00000000
567;56.70000000;0.00000000;8.23521795;32.67069086;1.61349243;1.53155949;1.24145825;0.00865738;0.00000000;0.00000000
568;56.80000000;0.00000000;8.26753964;32.76527510;1.62612170;1.53267854;1.24133347;-0.00359722;0.00000000;0.00000000
569;56.90000000;0.00000000;8.29989536;32.85984769;1.63493281;1.54033257;1.24073881;-0.00829097;0.00000000;0.00000000
570;57.00000000;0.00000000;8.33232951;32.95439341;1.62026720;1.53303989;1.23967527;-0.03069162;0.00000000;0.00000000
571;57.10000000;0.00000000;8.36488632;33.04889694;1.61115397;1.51776794;1.23460048;-0.07194573;0.00000000;0.00000000
572;57.20000000;0.00000000;8.39827712;33.14310498;1.60732857;1.50986014;1.22528613;-0.05870829;0.00000000;0.00000000
573;57.30000000;0.00000000;8.43258863;33.23698570;1.60873646;1.50952458;1.22285882;0.01578551;0.00000000;0.00000000
574;57.40000000;0.00000000;8.46643671;33.33103142;1.61682482;1.51530447;1.22844323;0.01979828;0.00000000;0.00000000
575;57.50000000;0.00000000;8.49969660;33.42528674;1.63162447;1.52699911;1.22681848;-0.00838612;0.00000000;0.00000000
576;57.60000000;0.00000000;8.53385046;33.51922296;1.63743671;1.54601117;1.22676601;-0.01617832;0.00000000;0.00000000
577;57.70000000;0.00000000;8.56712054;33.61347561;1.63544471;1.54346651;1.22358281;-0.05821927;0.00000000;0.00000000
578;57.80000000;0.00000000;8.60187236;33.70719422;1.63305344;1.53395373;1.21512215;-0.00707871;0.00000000;0.00000000
579;57.90000000;0.00000000;8.63673317;33.80087224;1.63665805;1.53103790;1.22216707;0.10897489;0.00000000;0.00000000
580;58.00000000;0.00000000;8.67016111;33.89507119;1.64152939;1.53311882;1.23691713;0.07000664;0.00000000;0.00000000
581;58.10000000;0.00000000;8.70224348;33.98973628;1.63173226;1.54027577;1.23616840;-0.05123774;0.00000000;0.00000000
582;58.20000000;0.00000000;8.73581190;34.08388349;1.62100092;1.55539190;1.22666958;-0.06013954;0.00000000;0.00000000
583;58.30000000;0.00000000;8.76968697;34.17792256;1.61606555;1.56464571;1.22414049;-0.02280235;0.00000000;0.00000000
584;58.40000000;0.00000000;8.80373172;34.27190031;1.61712412;1.55751383;1.22210911;-0.01936476;0.00000000;0.00000000
585;58.50000000;0.00000000;8.83798855;34.36580092;1.62411990;1.55102167;1.22026754;0.00890175;0.00000000;0.00000000
586;58.60000000;0.00000000;8.87237921;34.45965266;1.63416380;1.55095524;1.22388946;0.03455919;0.00000000;0.00000000
587;58.70000000;0.00000000;8.90595392;34.55379612;1.61813241;1.54970848;1.22717938;-0.01299810;0.00000000;0.00000000
588;58.80000000;0.00000000;8.93972504;34.64786853;1.60406048;1.54399097;1.22128984;-0.06012118;0.00000000;0.00000000
589;58.90000000;0.00000000;8.97440734;34.74161282;1.59516797;1.53622682;1.21515514;-0.04313372;0.00000000;0.00000000
590;59.00000000;0.00000000;9.00933142;34.83526727;1.59225374;1.53270015;1.21266310;-0.01210510;0.00000000;0.00000000
591;59.10000000;0.00000000;9.04448053;34.92883758;1.59536820;1.53592476;1.21273412;0.02780776;0.00000000;0.00000000
592;59.20000000;0.00000000;9.07939060;35.02249512;1.60496684;1.54392572;1.21822465;0.01543233;0.00000000;0.00000000
593;59.30000000;0.00000000;9.11350934;35.11644360;1.61916659;1.55294889;1.21582059;-0.01375784;0.00000000;0.00000000
594;59.40000000;0.00000000;9.14886972;35.20993329;1.60624047;1.56803483;1.21547308;0.02103447;0.00000000;0.00000000
595;59.50000000;0.00000000;9.18305455;35.30386019;1.60072159;1.55431843;1.22002748;0.00430338;0.00000000;0.00000000
596;59.60000000;0.00000000;9.21756222;35.39766898;1.60109098;1.54729535;1.21633376;-0.03426870;0.00000000;0.00000000
597;59.70000000;0.00000000;9.25243998;35.49134079;1.60729392;1.54710769;1.21317374;0.00782019;0.00000000;0.00000000
598;59.80000000;0.00000000;9.28753983;35.58492959;1.61941903;1.55360112;1.21789780;0.05231338;0.00000000;0.00000000
599;59.90000000;0.00000000;9.32153055;35.67892545;1.60864857;1.56529103;1.22363642;0.01909017;0.00000000;0.00000000
600;60.00000000;0.00000000;9.35555395;35.77291086;1.59403884;1.58325100;1.22171583;-0.02797581;0.00000000;0.00000000
601;60.10000000;0.00000000;9.38990591;35.86677663;1.58525835;1.57189051;1.21804126;-0.01633913;0.00000000;0.00000000
602;60.20000000;0.00000000;9.42461905;35.96050936;1.58236899;1.56209563;1.21844801;0.01840952;0.00000000;0.00000000
603;60.30000000;0.00000000;9.45889421;36.05440188;1.58625222;1.55819584;1.22172316;0.00885361;0.00000000;0.00000000
604;60.40000000;0.00000000;9.49299261;36.14835988;1.59658345;1.55302752;1.22021873;-0.03272892;0.00000000;0.00000000
605;60.50000000;0.00000000;9.52755047;36.24214980;1.61257381;1.55039258;1.21517738;-0.05186206;0.00000000;0.00000000
606;60.60000000;0.00000000;9.56259444;36.33575916;1.61135413;1.55272857;1.20984632;-0.04560005;0.00000000;0.00000000
607;60.70000000;0.00000000;9.59815031;36.42917526;1.60424301;1.55759147;1.20605737;-0.00402948;0.00000000;0.00000000
608;60.80000000;0.00000000;9.63390252;36.52251609;1.60313336;1.55071302;1.20904042;0.05067606;0.00000000;0.00000000
609;60.90000000;0.00000000;9.66890040;36.61614257;1.60905080;1.53856052;1.21619258;0.03471376;0.00000000;0.00000000
610;61.00000000;0.00000000;9.70331397;36.70998566;1.61864726;1.53222006;1.21598317;-0.03537888;0.00000000;0.00000000
611;61.10000000;0.00000000;9.73835120;36.80359785;1.60245867;1.53305151;1.20911680;-0.03367084;0.00000000;0.00000000
612;61.20000000;0.00000000;9.77405030;36.89695975;1.59168564;1.54108559;1.20924900;-0.00251126;0.00000000;0.00000000
613;61.30000000;0.00000000;9.80906277;36.99058121;1.58788061;1.55479109;1.20861455;-0.04785928;0.00000000;0.00000000
614;61.40000000;0.00000000;9.84488016;37.08389732;1.58581074;1.57192658;1.19967715;-0.05927994;0.00000000;0.00000000
615;61.50000000;0.00000000;9.88156018;37.17687743;1.58697991;1.56195534;1.19675856;0.00962404;0.00000000;0.00000000
616;61.60000000;0.00000000;9.91792166;37.26998288;1.59476699;1.55469899;1.20160196;0.03814702;0.00000000;0.00000000
617;61.70000000;0.00000000;9.95369938;37.36331415;1.59767742;1.55322588;1.20438797;0.01233262;0.00000000;0.00000000
618;61.80000000;0.00000000;9.98954157;37.45662092;1.58956566;1.54553982;1.20406848;-0.01122712;0.00000000;0.00000000
619;61.90000000;0.00000000;10.02537903;37.54992961;1.58772248;1.52713061;1.20214254;-0.03697052;0.00000000;0.00000000
620;62.00000000;0.00000000;10.06157968;37.64309588;1.59177538;1.51549416;1.19667438;-0.03768747;0.00000000;0.00000000
621;62.10000000;0.00000000;10.09843548;37.73600720;1.60136942;1.51109956;1.19460505;0.00479539;0.00000000;0.00000000
622;62.20000000;0.00000000;10.13502201;37.82902436;1.60183020;1.51301967;1.19763346;-0.00989581;0.00000000;0.00000000
623;62.30000000;0.00000000;10.17131382;37.92215576;1.60717847;1.52120383;1.19262589;-0.04646951;0.00000000;0.00000000
624;62.40000000;0.00000000;10.20883024;38.01480228;1.61738872;1.53715755;1.18833955;-0.05189392;0.00000000;0.00000000
625;62.50000000;0.00000000;10.24591969;38.10762060;1.62373563;1.55892204;1.18224710;-0.07040696;0.00000000;0.00000000
626;62.60000000;0.00000000;10.28456182;38.19980221;1.61278634;1.56330892;1.17425816;-0.04373736;0.00000000;0.00000000
627;62.70000000;0.00000000;10.32312948;38.29201606;1.60607748;1.55409602;1.17349963;-0.00973864;0.00000000;0.00000000
628;62.80000000;0.00000000;10.36191174;38.38413973;1.60534249;1.54333260;1.17231043;-0.01916554;0.00000000;0.00000000
629;62.90000000;0.00000000;10.40069862;38.47626158;1.60777375;1.53900406;1.16966652;-0.04678910;0.00000000;0.00000000
630;63.00000000;0.00000000;10.43996657;38.56817677;1.60745120;1.54168229;1.16295261;-0.06289381;0.00000000;0.00000000
631;63.10000000;0.00000000;10.47998691;38.65976957;1.61251756;1.53191192;1.15708776;-0.08724824;0.00000000;0.00000000
632;63.20000000;0.00000000;10.52033004;38.75121728;1.62338199;1.51858036;1.14550296;-0.11266417;0.00000000;0.00000000
633;63.30000000;0.00000000;10.56246159;38.84185835;1.60604253;1.51371481;1.13455493;-0.06601886;0.00000000;0.00000000
634;63.40000000;0.00000000;10.60479857;38.93240363;1.59272455;1.51566704;1.13229919;-0.02300550;0.00000000;0.00000000
635;63.50000000;0.00000000;10.64733859;39.02285365;1.58538373;1.52440850;1.12995383;-0.04405207;0.00000000;0.00000000
636;63.60000000;0.00000000;10.69009979;39.11319927;1.58408288;1.53984344;1.12348878;-0.09122156;0.00000000;0.00000000
637;63.70000000;0.00000000;10.73380394;39.20308792;1.58803553;1.56254928;1.11170951;-0.12072277;0.00000000;0.00000000
638;63.80000000;0.00000000;10.77868076;39.29239981;1.59694529;1.59245869;1.09934423;-0.13110161;0.00000000;0.00000000
639;63.90000000;0.00000000;10.82459489;39.38118131;1.61086790;1.60412758;1.08548919;-0.12531590;0.00000000;0.00000000
640;64.00000000;0.00000000;10.87192971;39.46921693;1.62924452;1.60880312;1.07428104;-0.11869061;0.00000000;0.00000000
641;64.10000000;0.00000000;10.91982377;39.55694964;1.63167634;1.60947517;1.06175107;-0.13156254;0.00000000;0.00000000
642;64.20000000;0.00000000;10.96934843;39.64376931;1.63666215;1.61753369;1.04796854;-0.10936265;0.00000000;0.00000000
643;64.30000000;0.00000000;11.01964192;39.73014799;1.62711404;1.61978540;1.03987854;-0.09059610;0.00000000;0.00000000
644;64.40000000;0.00000000;11.07056562;39.81615642;1.61430471;1.60113669;1.02984932;-0.12437191;0.00000000;0.00000000
645;64.50000000;0.00000000;11.12257862;39.90150421;1.59741842;1.58578577;1.01500416;-0.14042791;0.00000000;0.00000000
646;64.60000000;0.00000000;11.17603308;39.98596310;1.58248809;1.57632850;1.00176373;-0.15053593;0.00000000;0.00000000
647;64.70000000;0.00000000;11.23029060;40.06990823;1.57282503;1.57413099;0.98489697;-0.15405071;0.00000000;0.00000000
648;64.80000000;0.00000000;11.28656371;40.15251698;1.56706263;1.58068297;0.97095359;-0.10412541;0.00000000;0.00000000
649;64.90000000;0.00000000;11.34314132;40.23491736;1.56729632;1.59385425;0.96407189;-0.08848918;0.00000000;0.00000000
650;65.00000000;0.00000000;11.40054489;40.31674213;1.57288811;1.61309364;0.95325576;-0.12490652;0.00000000;0.00000000
651;65.10000000;0.00000000;11.45889027;40.39789754;1.58363329;1.60154715;0.93909059;-0.16489863;0.00000000;0.00000000
652;65.20000000;0.00000000;11.51858457;40.47805792;1.59462517;1.59603762;0.92027603;-0.18199495;0.00000000;0.00000000
653;65.30000000;0.00000000;11.57994187;40.55696129;1.58398351;1.59885951;0.90269160;-0.19200578;0.00000000;0.00000000
654;65.40000000;0.00000000;11.64242187;40.63497807;1.57817695;1.60932051;0.88187488;-0.21255579;0.00000000;0.00000000
655;65.50000000;0.00000000;11.70701136;40.71126088;1.56468515;1.62347315;0.86018044;-0.19167484;0.00000000;0.00000000
656;65.60000000;0.00000000;11.77281746;40.78649513;1.54341250;1.62115420;0.84353991;-0.16923310;0.00000000;0.00000000
657;65.70000000;0.00000000;11.83990719;40.86058392;1.52668706;1.62670673;0.82633382;-0.18829136;0.00000000;0.00000000
658;65.80000000;0.00000000;11.90826035;40.93350694;1.51466530;1.63941507;0.80588164;-0.22231234;0.00000000;0.00000000
659;65.90000000;0.00000000;11.97831679;41.00478314;1.50681381;1.65533464;0.78187135;-0.22180214;0.00000000;0.00000000
660;66.00000000;0.00000000;12.05009092;41.07434061;1.50314029;1.66345426;0.76152121;-0.16588044;0.00000000;0.00000000
661;66.10000000;0.00000000;12.12299856;41.14271566;1.49898058;1.64413895;0.74869526;-0.11281131;0.00000000;0.00000000
662;66.20000000;0.00000000;12.19653674;41.21041254;1.49484886;1.63165345;0.73895894;-0.16367657;0.00000000;0.00000000
663;66.30000000;0.00000000;12.27076247;41.27735552;1.48969738;1.62625053;0.71595995;-0.26175419;0.00000000;0.00000000
664;66.40000000;0.00000000;12.34733621;41.34159983;1.48097463;1.63055351;0.68660811;-0.25876104;0.00000000;0.00000000
665;66.50000000;0.00000000;12.42535931;41.40407076;1.47453113;1.64155853;0.66420774;-0.20552983;0.00000000;0.00000000
666;66.60000000;0.00000000;12.50472966;41.46481832;1.47266192;1.65473855;0.64550214;-0.18771155;0.00000000;0.00000000
667;66.70000000;0.00000000;12.58503527;41.52432773;1.47601980;1.66945874;0.62666543;-0.21313320;0.00000000;0.00000000
668;66.80000000;0.00000000;12.66663261;41.58203927;1.48390995;1.68636941;0.60287550;-0.24371530;0.00000000;0.00000000
669;66.90000000;0.00000000;12.74967267;41.63765860;1.48313956;1.70150372;0.57792237;-0.24899169;0.00000000;0.00000000
670;67.00000000;0.00000000;12.83404848;41.69122841;1.47406335;1.68599606;0.55307716;-0.24618297;0.00000000;0.00000000
671;67.10000000;0.00000000;12.91974858;41.74265447;1.46921406;1.67882996;0.52868578;-0.23181626;0.00000000;0.00000000
672;67.20000000;0.00000000;13.00664139;41.79204907;1.46880102;1.67995302;0.50671391;-0.24214124;0.00000000;0.00000000
673;67.30000000;0.00000000;13.09451906;41.83966124;1.47314671;1.68903121;0.48025753;-0.26826127;0.00000000;0.00000000
674;67.40000000;0.00000000;13.18390532;41.88439263;1.48100116;1.70712525;0.45306166;-0.24448998;0.00000000;0.00000000
675;67.50000000;0.00000000;13.27424814;41.92715996;1.48488870;1.71132748;0.43135953;-0.24653277;0.00000000;0.00000000
676;67.60000000;0.00000000;13.36548960;41.96796997;1.48765585;1.70889546;0.40375510;-0.28494321;0.00000000;0.00000000
677;67.70000000;0.00000000;13.45804588;42.00568325;1.48931850;1.69480724;0.37437089;-0.28948400;0.00000000;0.00000000
678;67.80000000;0.00000000;13.55152283;42.04106246;1.49516886;1.65929117;0.34585830;-0.30049355;0.00000000;0.00000000
679;67.90000000;0.00000000;13.64607213;42.07343700;1.50447760;1.62681817;0.31427218;-0.30997319;0.00000000;0.00000000
680;68.00000000;0.00000000;13.74158978;42.10284269;1.51313015;1.60198630;0.28386367;-0.30484784;0.00000000;0.00000000
681;68.10000000;0.00000000;13.83793467;42.12941139;1.50493219;1.58600987;0.25330261;-0.30987024;0.00000000;0.00000000
682;68.20000000;0.00000000;13.93506679;42.15292670;1.50019483;1.57515296;0.22188962;-0.30860971;0.00000000;0.00000000
683;68.30000000;0.00000000;14.03289298;42.17339483;1.49898347;1.57189702;0.19158067;-0.30829672;0.00000000;0.00000000
684;68.40000000;0.00000000;14.13127611;42.19098335;1.50150025;1.57791346;0.16023027;-0.32709455;0.00000000;0.00000000
685;68.50000000;0.00000000;14.23019140;42.20528136;1.50732573;1.59348555;0.12616176;-0.34085351;0.00000000;0.00000000
686;68.60000000;0.00000000;14.32954827;42.21613128;1.51627401;1.58454709;0.09205957;-0.33976509;0.00000000;0.00000000
687;68.70000000;0.00000000;14.42921529;42.22365535;1.52379285;1.57703605;0.05820874;-0.34655134;0.00000000;0.00000000
688;68.80000000;0.00000000;14.52908473;42.22775919;1.52789457;1.57293787;0.02274930;-0.35553100;0.00000000;0.00000000
689;68.90000000;0.00000000;14.62903808;42.22820197;1.52833670;1.57249665;-0.01289746;-0.35416646;0.00000000;0.00000000
690;69.00000000;0.00000000;14.72894362;42.22518137;1.52531513;1.57551869;-0.04808399;-0.35378810;0.00000000;0.00000000
691;69.10000000;0.00000000;14.82867321;42.21859531;1.51872607;1.58210987;-0.08365508;-0.35237483;0.00000000;0.00000000
692;69.20000000;0.00000000;14.92810589;42.20848146;1.50860570;1.59223613;-0.11855896;-0.35041832;0.00000000;0.00000000
693;69.30000000;0.00000000;15.02713063;42.19495554;1.49963989;1.60578531;-0.15373874;-0.35272676;0.00000000;0.00000000
694;69.40000000;0.00000000;15.12560123;42.17787728;1.48881517;1.62288560;-0.18910431;-0.35498899;0.00000000;0.00000000
695;69.50000000;0.00000000;15.22341987;42.15738751;1.47956617;1.64330134;-0.22473654;-0.35809196;0.00000000;0.00000000
696;69.60000000;0.00000000;15.32042114;42.13334182;1.47338851;1.66302781;-0.26072270;-0.35234703;0.00000000;0.00000000
697;69.70000000;0.00000000;15.41651178;42.10587145;1.47043359;1.64548706;-0.29520594;-0.33795955;0.00000000;0.00000000
698;69.80000000;0.00000000;15.51162830;42.07519740;1.47091995;1.63722231;-0.32831461;-0.34571739;0.00000000;0.00000000
699;69.90000000;0.00000000;15.60569099;42.04142890;1.47492301;1.63830382;-0.36434942;-0.37673148;0.00000000;0.00000000
700;70.00000000;0.00000000;15.69833949;42.00399011;1.46867882;1.64936854;-0.40366091;-0.37519319;0.00000000;0.00000000
701;70.10000000;0.00000000;15.78945983;41.96293843;1.45955268;1.67019398;-0.43938806;-0.33715903;0.00000000;0.00000000
702;70.20000000;0.00000000;15.87921192;41.91897407;1.45402147;1.68144916;-0.47109271;-0.32433811;0.00000000;0.00000000
703;70.30000000;0.00000000;15.96754914;41.87223019;1.45223128;1.69821684;-0.50425568;-0.34275193;0.00000000;0.00000000
704;70.40000000;0.00000000;16.05418366;41.82241746;1.45332532;1.70853522;-0.53964310;-0.34230218;0.00000000;0.00000000
705;70.50000000;0.00000000;16.13899453;41.76954390;1.45179404;1.72760985;-0.57271612;-0.33559884;0.00000000;0.00000000
706;70.60000000;0.00000000;16.22215446;41.71410867;1.45409273;1.74711344;-0.60676287;-0.35680338;0.00000000;0.00000000
707;70.70000000;0.00000000;16.30316036;41.65559455;1.44675991;1.74155288;-0.64407679;-0.35158821;0.00000000;0.00000000
708;70.80000000;0.00000000;16.38195620;41.59411356;1.43596008;1.74541312;-0.67708051;-0.30760526;0.00000000;0.00000000
709;70.90000000;0.00000000;16.45893748;41.53037403;1.42917378;1.75783532;-0.70559784;-0.29882761;0.00000000;0.00000000
710;71.00000000;0.00000000;16.53410166;41.46450038;1.42421775;1.77582519;-0.73684603;-0.32606983;0.00000000;0.00000000
711;71.10000000;0.00000000;16.60694395;41.39608441;1.41843109;1.78440231;-0.77081181;-0.33645813;0.00000000;0.00000000
712;71.20000000;0.00000000;16.67746394;41.32526053;1.41632945;1.77532894;-0.80413766;-0.32961501;0.00000000;0.00000000
713;71.30000000;0.00000000;16.74558876;41.25214347;1.41279781;1.77133690;-0.83673481;-0.32227230;0.00000000;0.00000000
714;71.40000000;0.00000000;16.81134554;41.17687557;1.40718444;1.77617155;-0.86859211;-0.31484019;0.00000000;0.00000000
715;71.50000000;0.00000000;16.87467755;41.09956768;1.40248849;1.77458040;-0.89970285;-0.30717923;0.00000000;0.00000000
716;71.60000000;0.00000000;16.93562745;41.02035623;1.40185804;1.76070414;-0.93002796;-0.31331295;0.00000000;0.00000000
717;71.70000000;0.00000000;16.99415798;40.93935014;1.40533625;1.74829631;-0.96236544;-0.31368595;0.00000000;0.00000000
718;71.80000000;0.00000000;17.04985718;40.85637108;1.41245318;1.72955118;-0.99276515;-0.27079896;0.00000000;0.00000000
719;71.90000000;0.00000000;17.10336334;40.77194922;1.42396466;1.71904318;-1.01652523;-0.24228818;0.00000000;0.00000000
720;72.00000000;0.00000000;17.15506147;40.68641188;1.44024773;1.71643228;-1.04122279;-0.27378171;0.00000000;0.00000000
721;72.10000000;0.00000000;17.20432952;40.59945897;1.44980766;1.72244017;-1.07128157;-0.30772230;0.00000000;0.00000000
722;72.20000000;0.00000000;17.25079277;40.51097463;1.46104693;1.72304397;-1.10276725;-0.30983982;0.00000000;0.00000000
723;72.30000000;0.00000000;17.29449201;40.42109206;1.47519299;1.70924277;-1.13324954;-0.29397300;0.00000000;0.00000000
724;72.40000000;0.00000000;17.33547870;40.32993941;1.48467551;1.70420398;-1.16156185;-0.26713993;0.00000000;0.00000000
725;72.50000000;0.00000000;17.37402353;40.23772199;1.48241941;1.70767949;-1.18667752;-0.25233137;0.00000000;0.00000000
726;72.60000000;0.00000000;17.41038252;40.14462403;1.48454218;1.69478543;-1.21202812;-0.25995258;0.00000000;0.00000000
727;72.70000000;0.00000000;17.44420378;40.05057326;1.49067131;1.67118901;-1.23866804;-0.26158018;0.00000000;0.00000000
728;72.80000000;0.00000000;17.47555398;39.95566901;1.49256611;1.65589742;-1.26434416;-0.25196999;0.00000000;0.00000000
729;72.90000000;0.00000000;17.50450373;39.86000396;1.48831186;1.64402285;-1.28906204;-0.24244438;0.00000000;0.00000000
730;73.00000000;0.00000000;17.53112652;39.76366414;1.48834154;1.63991963;-1.31283303;-0.23089677;0.00000000;0.00000000
731;73.10000000;0.00000000;17.55549776;39.66672901;1.49274871;1.64422645;-1.33524139;-0.18090109;0.00000000;0.00000000
732;73.20000000;0.00000000;17.57777843;39.56928969;1.49820976;1.64122152;-1.34901325;-0.14268661;0.00000000;0.00000000
733;73.30000000;0.00000000;17.59947130;39.47171781;1.50685705;1.63762313;-1.36377871;-0.19394140;0.00000000;0.00000000
734;73.40000000;0.00000000;17.61886523;39.37366300;1.51971946;1.64246355;-1.38780153;-0.23212334;0.00000000;0.00000000
735;73.50000000;0.00000000;17.63584671;39.27516323;1.52407694;1.65576853;-1.41020338;-0.21066640;0.00000000;0.00000000
736;73.60000000;0.00000000;17.65082909;39.17634049;1.50825135;1.64925507;-1.42993481;-0.19245632;0.00000000;0.00000000
737;73.70000000;0.00000000;17.66391107;39.07724904;1.49702324;1.63816675;-1.44869464;-0.15492283;0.00000000;0.00000000
738;73.80000000;0.00000000;17.67517585;38.97793500;1.49058901;1.63496229;-1.46091937;-0.10848424;0.00000000;0.00000000
739;73.90000000;0.00000000;17.68583177;38.87855034;1.49023055;1.63847440;-1.47039149;-0.12346789;0.00000000;0.00000000
740;74.00000000;0.00000000;17.69521309;38.77904157;1.49528706;1.64932122;-1.48561295;-0.16344612;0.00000000;0.00000000
741;74.10000000;0.00000000;17.70283870;38.67938261;1.50291571;1.66782857;-1.50308071;-0.17060193;0.00000000;0.00000000
742;74.20000000;0.00000000;17.70873863;38.57960664;1.50881761;1.69139900;-1.51973334;-0.15975393;0.00000000;0.00000000
743;74.30000000;0.00000000;17.71304150;38.47974811;1.51312171;1.68709469;-1.53503150;-0.13118698;0.00000000;0.00000000
744;74.40000000;0.00000000;17.71588640;38.37983691;1.51596737;1.68424890;-1.54597073;-0.08057642;0.00000000;0.00000000
745;74.50000000;0.00000000;17.71800374;38.27990514;1.51808529;1.68213088;-1.55114678;-0.06739059;0.00000000;0.00000000
746;74.60000000;0.00000000;17.71981421;38.17996962;1.51989633;1.68031975;-1.55944885;-0.10518896;0.00000000;0.00000000
747;74.70000000;0.00000000;17.72027205;38.08001812;1.52035465;1.67986134;4.71100073;-0.12041847;0.00000000;0.00000000
748;74.80000000;0.00000000;17.71953670;37.98006779;1.51961984;1.68059603;4.69965276;-0.09738623;0.00000000;0.00000000
749;74.90000000;0.00000000;17.71772611;37.88013079;1.51781001;1.68240570;4.69152349;-0.04134335;0.00000000;0.00000000
750;75.00000000;0.00000000;17.71536586;37.78020506;1.51545067;1.68476485;4.69138409;-0.00758921;0.00000000;0.00000000
751;75.10000000;0.00000000;17.71352740;37.68026823;1.51361298;1.68660239;4.69000565;-0.04327825;0.00000000;0.00000000
752;75.20000000;0.00000000;17.71089167;37.58034904;1.51097825;1.68923694;4.68272844;-0.06336238;0.00000000;0.00000000
753;75.30000000;0.00000000;17.70759892;37.48044913;1.50768677;1.69252822;4.67733317;-0.05237932;0.00000000;0.00000000
754;75.40000000;0.00000000;17.70388516;37.38056386;1.50397447;1.69624031;4.67225258;-0.08107119;0.00000000;0.00000000
755;75.50000000;0.00000000;17.69957762;37.28070553;1.49966874;1.70054584;4.66111893;-0.09805150;0.00000000;0.00000000
756;75.60000000;0.00000000;17.69364083;37.18092766;1.49373478;1.70647956;4.65264228;-0.04580376;0.00000000;0.00000000
757;75.70000000;0.00000000;17.68764084;37.08115357;1.48773774;1.71247648;4.65195818;-0.00615861;0.00000000;0.00000000
758;75.80000000;0.00000000;17.68156754;36.98138392;1.48166749;1.70576239;4.65141055;-0.00776192;0.00000000;0.00000000
759;75.90000000;0.00000000;17.67545828;36.88161648;1.47776393;1.68281984;4.65040579;-0.03966448;0.00000000;0.00000000
760;76.00000000;0.00000000;17.66918462;36.78186108;1.48044863;1.66573286;4.64347766;-0.06302867;0.00000000;0.00000000
761;76.10000000;0.00000000;17.66169360;36.68218795;1.48863843;1.65573460;4.63780006;-0.05932261;0.00000000;0.00000000
762;76.20000000;0.00000000;17.65428757;36.58250965;1.50352700;1.65165030;4.63161314;-0.08951372;0.00000000;0.00000000
763;76.30000000;0.00000000;17.64556392;36.48293796;1.52218247;1.65492847;4.61989732;-0.08143184;0.00000000;0.00000000
764;76.40000000;0.00000000;17.63582440;36.38345939;1.53598310;1.64197785;4.61532677;-0.05014262;0.00000000;0.00000000
765;76.50000000;0.00000000;17.62619096;36.28397192;1.52634334;1.62383550;4.60986879;-0.04505911;0.00000000;0.00000000
766;76.60000000;0.00000000;17.61536615;36.18460559;1.51551073;1.61289196;4.60631495;0.00579138;0.00000000;0.00000000
767;76.70000000;0.00000000;17.60502569;36.08518788;1.50516328;1.60761156;4.61102707;0.01039551;0.00000000;0.00000000
768;76.80000000;0.00000000;17.59513785;35.98572443;1.49526914;1.60808231;4.60839405;-0.06148619;0.00000000;0.00000000
769;76.90000000;0.00000000;17.58427403;35.88636278;1.48905279;1.61572811;4.59872983;-0.09511278;0.00000000;0.00000000
770;77.00000000;0.00000000;17.57246566;35.78710889;1.48858273;1.62753771;4.58937149;-0.09205787;0.00000000;0.00000000
771;77.10000000;0.00000000;17.55974412;35.68796786;1.49389487;1.62757791;4.58031825;-0.08415067;0.00000000;0.00000000
772;77.20000000;0.00000000;17.54614063;35.58894393;1.50495767;1.61502874;4.57254136;-0.03243670;0.00000000;0.00000000
773;77.30000000;0.00000000;17.53187868;35.49001285;1.52186498;1.60926885;4.57383091;0.01505549;0.00000000;0.00000000
774;77.40000000;0.00000000;17.51853061;35.39095393;1.52652619;1.60360307;4.57555246;-0.01949013;0.00000000;0.00000000
775;77.50000000;0.00000000;17.50460931;35.29197391;1.52606774;1.60405902;4.56993289;-0.05202595;0.00000000;0.00000000
776;77.60000000;0.00000000;17.49014875;35.19307121;1.53160138;1.61127154;4.56514727;-0.00637559;0.00000000;0.00000000
777;77.70000000;0.00000000;17.47528079;35.09422926;1.54319386;1.61334382;4.56865777;0.02881225;0.00000000;0.00000000
778;77.80000000;0.00000000;17.46151499;34.99522748;1.56152945;1.59700596;4.57090972;-0.02201026;0.00000000;0.00000000
779;77.90000000;0.00000000;17.44709230;34.89631924;1.54983084;1.58746994;4.56425572;-0.10573125;0.00000000;0.00000000
780;78.00000000;0.00000000;17.43201032;34.79750996;1.54308372;1.58486215;4.54976347;-0.13651897;0.00000000;0.00000000
781;78.10000000;0.00000000;17.41472728;34.69906116;1.53506588;1.59077516;4.53695192;-0.03231812;0.00000000;0.00000000
782;78.20000000;0.00000000;17.39711860;34.60067009;1.53320409;1.60323817;4.54329984;0.07101429;0.00000000;0.00000000
783;78.30000000;0.00000000;17.38108683;34.50200989;1.53944412;1.60346810;4.55115478;0.03845049;0.00000000;0.00000000
784;78.40000000;0.00000000;17.36502597;34.40335434;1.55208024;1.59128398;4.55098994;-0.00006236;0.00000000;0.00000000
785;78.50000000;0.00000000;17.34896167;34.30469935;1.56523820;1.58532403;4.55114231;0.00339759;0.00000000;0.00000000
786;78.60000000;0.00000000;17.33293087;34.20603891;1.56675615;1.58562100;4.55166946;0.00714685;0.00000000;0.00000000
787;78.70000000;0.00000000;17.31697058;34.10736704;1.57470135;1.59213410;4.55257168;0.01090010;0.00000000;0.00000000
788;78.80000000;0.00000000;17.30111784;34.00867783;1.58901433;1.60203056;4.55384948;-0.02340911;0.00000000;0.00000000
789;78.90000000;0.00000000;17.28540977;33.90996550;1.58659413;1.61459152;4.54788985;-0.05724080;0.00000000;0.00000000
790;79.00000000;0.00000000;17.26838205;33.81147327;1.57650100;1.59970875;4.54240132;-0.00974691;0.00000000;0.00000000
791;79.10000000;0.00000000;17.25159140;33.71293940;1.57294893;1.59043913;4.54594047;0.04187714;0.00000000;0.00000000
792;79.20000000;0.00000000;17.23526111;33.61432822;1.57620795;1.58695463;4.55077675;0.01435971;0.00000000;0.00000000
793;79.30000000;0.00000000;17.21942432;33.51563662;1.58219203;1.58926025;4.54881241;-0.02029641;0.00000000;0.00000000
794;79.40000000;0.00000000;17.20270687;33.41709109;1.59172602;1.59871360;4.54671746;0.02155662;0.00000000;0.00000000
795;79.50000000;0.00000000;17.18645675;33.31846700;1.58646687;1.60277206;4.55312374;0.07314006;0.00000000;0.00000000
796;79.60000000;0.00000000;17.17100321;33.21971501;1.57375187;1.58792347;4.56134548;0.08372484;0.00000000;0.00000000
797;79.70000000;0.00000000;17.15637695;33.12083718;1.56815720;1.57843829;4.56986871;0.05345642;0.00000000;0.00000000
798;79.80000000;0.00000000;17.14260896;33.02183626;1.56978959;1.57438387;4.57203676;0.01786019;0.00000000;0.00000000
799;79.90000000;0.00000000;17.12841159;32.92289590;1.57733422;1.57710133;4.57344074;0.02157666;0.00000000;0.00000000
800;80.00000000;0.00000000;17.11492172;32.82385725;1.59183789;1.58541614;4.57635209;-0.00147920;0.00000000;0.00000000
801;80.10000000;0.00000000;17.10130064;32.72483561;1.60156799;1.57388582;4.57314490;-0.00965552;0.00000000;0.00000000
802;80.20000000;0.00000000;17.08717564;32.62588459;1.59234713;1.56311568;4.57442099;0.02447943;0.00000000;0.00000000
803;80.30000000;0.00000000;17.07380748;32.52682966;1.59013498;1.55430056;4.57804079;0.03991354;0.00000000;0.00000000
804;80.40000000;0.00000000;17.06039921;32.42777896;1.59415883;1.55192660;4.58240369;0.05031125;0.00000000;0.00000000
805;80.50000000;0.00000000;17.04789599;32.32861186;1.60531529;1.55507270;4.58810304;0.06203937;0.00000000;0.00000000
806;80.60000000;0.00000000;17.03561758;32.22941460;1.62278617;1.56438604;4.59481157;0.07343624;0.00000000;0.00000000
807;80.70000000;0.00000000;17.02444608;32.13008952;1.62481297;1.57555630;4.60279029;0.05501989;0.00000000;0.00000000
808;80.80000000;0.00000000;17.01375208;32.03070890;1.61413476;1.55483582;4.60581555;0.02668998;0.00000000;0.00000000
809;80.90000000;0.00000000;17.00318145;31.93131512;1.60358004;1.53887589;4.60812828;0.03646861;0.00000000;0.00000000
810;81.00000000;0.00000000;16.99294725;31.83188628;1.59421841;1.52895816;4.61310927;0.06057913;0.00000000;0.00000000
811;81.10000000;0.00000000;16.98336735;31.73239275;1.58782523;1.52488137;4.62024411;0.10475869;0.00000000;0.00000000
812;81.20000000;0.00000000;16.97455301;31.63282852;1.58620524;1.52658123;4.63406101;0.15861391;0.00000000;0.00000000
813;81.30000000;0.00000000;16.96772641;31.53311603;1.59286088;1.53281943;4.65196689;0.12662064;0.00000000;0.00000000
814;81.40000000;0.00000000;16.96248242;31.43330047;1.60728681;1.53805669;4.65938514;0.04389192;0.00000000;0.00000000
815;81.50000000;0.00000000;16.95713554;31.33348995;1.62763372;1.54339674;4.66074528;0.04688494;0.00000000;0.00000000
816;81.60000000;0.00000000;16.95216312;31.23366091;1.65216606;1.54836301;4.66876212;0.10601404;0.00000000;0.00000000
817;81.70000000;0.00000000;16.94841724;31.13377887;1.64841996;1.55210458;4.68194808;0.14080770;0.00000000;0.00000000
818;81.80000000;0.00000000;16.94607895;31.03385459;1.64608153;1.55444015;4.69692366;0.15729896;0.00000000;0.00000000
819;81.90000000;0.00000000;16.94532590;30.93390646;1.64532839;1.55519163;-1.56977743;0.14522273;0.00000000;0.00000000
820;82.00000000;0.00000000;16.94628262;30.83396070;1.64628501;1.55423385;-1.55721710;0.10844268;0.00000000;0.00000000
821;82.10000000;0.00000000;16.94804035;30.73402182;1.64804262;1.55247515;-1.54808889;0.11886079;0.00000000;0.00000000
822;82.20000000;0.00000000;16.95082149;30.63411064;1.65082360;1.54969267;-1.53344494;0.17108215;0.00000000;0.00000000
823;82.30000000;0.00000000;16.95550480;30.53427079;1.65550663;1.54500681;-1.51387246;0.20287871;0.00000000;0.00000000
824;82.40000000;0.00000000;16.96219374;30.43454637;1.65823528;1.53831302;-1.49286920;0.21804838;0.00000000;0.00000000
825;82.50000000;0.00000000;16.97106544;30.33499317;1.63606864;1.52943281;-1.47026279;0.21059449;0.00000000;0.00000000
826;82.60000000;0.00000000;16.98225466;30.23567452;1.62208878;1.51822992;-1.45075030;0.16993951;0.00000000;0.00000000
827;82.70000000;0.00000000;16.99500441;30.13653716;1.61575723;1.51126201;-1.43627489;0.16257332;0.00000000;0.00000000
828;82.80000000;0.00000000;17.00906419;30.03758254;1.61691827;1.50956637;-1.41823563;0.20703767;0.00000000;0.00000000
829;82.90000000;0.00000000;17.02538037;29.93897691;1.62650834;1.51220174;-1.39486735;0.23598673;0.00000000;0.00000000
830;83.00000000;0.00000000;17.04404778;29.84078768;1.64447765;1.51321253;-1.37103829;0.22607796;0.00000000;0.00000000
831;83.10000000;0.00000000;17.06504289;29.74307211;1.66541731;1.51805941;-1.34965176;0.18373895;0.00000000;0.00000000
832;83.20000000;0.00000000;17.08789307;29.64576503;1.68204790;1.51371176;-1.33429050;0.17111582;0.00000000;0.00000000
833;83.30000000;0.00000000;17.11188026;29.54873940;1.66084903;1.49742806;-1.31542860;0.22603664;0.00000000;0.00000000
834;83.40000000;0.00000000;17.13838223;29.45237003;1.64804098;1.48510393;-1.28908317;0.26384971;0.00000000;0.00000000
835;83.50000000;0.00000000;17.16744633;29.35674170;1.64389680;1.47677889;-1.26265865;0.25406891;0.00000000;0.00000000
836;83.60000000;0.00000000;17.19900295;29.26190371;1.64843286;1.47257913;-1.23826939;0.24639974;0.00000000;0.00000000
837;83.70000000;0.00000000;17.23269590;29.16780457;1.66122517;1.47289731;-1.21337871;0.24570502;0.00000000;0.00000000
838;83.80000000;0.00000000;17.26893330;29.07465255;1.68252097;1.47727742;-1.18912838;0.20637947;0.00000000;0.00000000
839;83.90000000;0.00000000;17.30715058;28.98229306;1.71143586;1.48625889;-1.17210281;0.18479985;0.00000000;0.00000000
840;84.00000000;0.00000000;17.34653914;28.89042680;1.70626080;1.50022626;-1.15216841;0.21772728;0.00000000;0.00000000
841;84.10000000;0.00000000;17.38840681;28.79966519;1.69652049;1.49838022;-1.12855736;0.23260092;0.00000000;0.00000000
842;84.20000000;0.00000000;17.43208710;28.70976239;1.69464242;1.49045480;-1.10564823;0.23010356;0.00000000;0.00000000
843;84.30000000;0.00000000;17.47806595;28.62101755;1.69838446;1.48663707;-1.08253664;0.22707581;0.00000000;0.00000000
844;84.40000000;0.00000000;17.52585268;28.53323084;1.70199325;1.48748811;-1.06023307;0.22483129;0.00000000;0.00000000
845;84.50000000;0.00000000;17.57574148;28.44662762;1.71383104;1.49263431;-1.03757039;0.20374768;0.00000000;0.00000000
846;84.60000000;0.00000000;17.62745613;28.36109706;1.70586586;1.48811352;-1.01948353;0.16270010;0.00000000;0.00000000
847;84.70000000;0.00000000;17.68044808;28.27634889;1.70022987;1.48428449;-1.00503037;0.15246767;0.00000000;0.00000000
848;84.80000000;0.00000000;17.73461383;28.19234774;1.70185068;1.48578921;-0.98898999;0.18520747;0.00000000;0.00000000
849;84.90000000;0.00000000;17.79029439;28.10934656;1.70451822;1.49218916;-0.96798887;0.22265447;0.00000000;0.00000000
850;85.00000000;0.00000000;17.84793940;28.02769405;1.69990528;1.50285811;-0.94445910;0.21572093;0.00000000;0.00000000
851;85.10000000;0.00000000;17.90746678;27.94739882;1.68885794;1.51757104;-0.92484469;0.19527456;0.00000000;0.00000000
852;85.20000000;0.00000000;17.96827218;27.86806678;1.66213960;1.53069327;-0.90540419;0.19058833;0.00000000;0.00000000
853;85.30000000;0.00000000;18.03087372;27.79014872;1.64333717;1.54153836;-0.88672702;0.17712946;0.00000000;0.00000000
854;85.40000000;0.00000000;18.09459799;27.71314449;1.63189733;1.55093948;-0.86997830;0.18394278;0.00000000;0.00000000
855;85.50000000;0.00000000;18.15977131;27.63736993;1.62457682;1.55844251;-0.84993846;0.19590214;0.00000000;0.00000000
856;85.60000000;0.00000000;18.22652640;27.56298470;1.62321782;1.56384139;-0.83079787;0.16582423;0.00000000;0.00000000
857;85.70000000;0.00000000;18.29455595;27.48975565;1.62971996;1.56751977;-0.81677362;0.12536345;0.00000000;0.00000000
858;85.80000000;0.00000000;18.36337528;27.41726726;1.64335959;1.57011540;-0.80572518;0.13972675;0.00000000;0.00000000
859;85.90000000;0.00000000;18.43300747;27.34555792;1.66400178;1.57158519;-0.78882827;0.18697256;0.00000000;0.00000000
860;86.00000000;0.00000000;18.50423663;27.27543624;1.64982465;1.57080404;-0.76833067;0.16001536;0.00000000;0.00000000
861;86.10000000;0.00000000;18.57674606;27.20664397;1.63548126;1.56817637;-0.75682520;0.08925691;0.00000000;0.00000000
862;86.20000000;0.00000000;18.64957058;27.13817896;1.62761558;1.56509235;-0.75047929;0.09322600;0.00000000;0.00000000
863;86.30000000;0.00000000;18.72294679;27.07031294;1.62651568;1.56119403;-0.73817999;0.14356884;0.00000000;0.00000000
864;86.40000000;0.00000000;18.79743074;27.00366204;1.62733885;1.56203630;-0.72176552;0.19030596;0.00000000;0.00000000
865;86.50000000;0.00000000;18.87299703;26.93823926;1.61340103;1.56762794;-0.70011880;0.21423500;0.00000000;0.00000000
866;86.60000000;0.00000000;18.95029841;26.87487234;1.60147446;1.57687286;-0.67891852;0.17856690;0.00000000;0.00000000
867;86.70000000;0.00000000;19.02857035;26.81271116;1.59727933;1.59082713;-0.66440542;0.13826173;0.00000000;0.00000000
868;86.80000000;0.00000000;19.10767584;26.75161620;1.60068307;1.59762473;-0.65126617;0.13349399;0.00000000;0.00000000
869;86.90000000;0.00000000;19.18755318;26.69153377;1.61155742;1.59785388;-0.63770662;0.14576979;0.00000000;0.00000000
870;87.00000000;0.00000000;19.26828446;26.63260758;1.62653699;1.60289030;-0.62211221;0.14625510;0.00000000;0.00000000
871;87.10000000;0.00000000;19.34999849;26.57504382;1.61728578;1.60863991;-0.60845560;0.13434626;0.00000000;0.00000000
872;87.20000000;0.00000000;19.43231321;26.51834147;1.61413871;1.59368225;-0.59524296;0.12436485;0.00000000;0.00000000
873;87.30000000;0.00000000;19.51551860;26.46295760;1.59495802;1.58331154;-0.58358263;0.09925768;0.00000000;0.00000000
874;87.40000000;0.00000000;19.59913256;26.40819049;1.57879386;1.57847168;-0.57539143;0.09024781;0.00000000;0.00000000
875;87.50000000;0.00000000;19.68323347;26.35417749;1.56973965;1.57905613;-0.56553307;0.10126601;0.00000000;0.00000000
876;87.60000000;0.00000000;19.76791035;26.30106986;1.56809431;1.58216136;-0.55513822;0.10490918;0.00000000;0.00000000
877;87.70000000;0.00000000;19.85311806;26.24881553;1.57381370;1.56943326;-0.54455124;0.08489535;0.00000000;0.00000000
878;87.80000000;0.00000000;19.93890144;26.19751198;1.58692279;1.56189563;-0.53815915;0.04718101;0.00000000;0.00000000
879;87.90000000;0.00000000;20.02477017;26.14635122;1.60631907;1.56056968;-0.53511503;0.04471414;0.00000000;0.00000000
880;88.00000000;0.00000000;20.11086376;26.09557122;1.61601606;1.56519617;-0.52921632;0.07289186;0.00000000;0.00000000
881;88.10000000;0.00000000;20.19732861;26.04542786;1.61939602;1.57543033;-0.52053666;0.07902884;0.00000000;0.00000000
882;88.20000000;0.00000000;20.28429136;25.99614957;1.61697706;1.57757814;-0.51341056;0.03801896;0.00000000;0.00000000
883;88.30000000;0.00000000;20.37146355;25.94724276;1.61686852;1.56350884;-0.51293287;-0.00781594;0.00000000;0.00000000
884;88.40000000;0.00000000;20.45847316;25.89804767;1.62259812;1.55607765;-0.51497375;-0.01551371;0.00000000;0.00000000
885;88.50000000;0.00000000;20.54544500;25.84878545;1.63435561;1.55512590;-0.51603561;-0.02434973;0.00000000;0.00000000
886;88.60000000;0.00000000;20.63234960;25.79940588;1.63897935;1.56072343;-0.51984369;-0.02102211;0.00000000;0.00000000
887;88.70000000;0.00000000;20.71894374;25.74948270;1.62793879;1.57328523;-0.52024003;-0.00873767;0.00000000;0.00000000
888;88.80000000;0.00000000;20.80580968;25.70003396;1.62191544;1.56389969;-0.52159122;-0.02967224;0.00000000;0.00000000
889;88.90000000;0.00000000;20.89226767;25.64987749;1.61145635;1.55373391;-0.52617448;-0.02667897;0.00000000;0.00000000
890;89.00000000;0.00000000;20.97867660;25.59963464;1.60705802;1.55005971;-0.52692702;-0.01770512;0.00000000;0.00000000
891;89.10000000;0.00000000;21.06505956;25.54934777;1.60881845;1.55287515;-0.52971551;-0.04653263;0.00000000;0.00000000
892;89.20000000;0.00000000;21.15118681;25.49862389;1.60193877;1.55787218;-0.53623354;-0.07418138;0.00000000;0.00000000
893;89.30000000;0.00000000;21.23690727;25.44721502;1.59748606;1.55690170;-0.54455178;-0.08567846;0.00000000;0.00000000
894;89.40000000;0.00000000;21.32217848;25.39506554;1.59841488;1.56320116;-0.55336923;-0.08248940;0.00000000;0.00000000
895;89.50000000;0.00000000;21.40697779;25.34215386;1.60468558;1.57671262;-0.56104966;-0.07149352;0.00000000;0.00000000
896;89.60000000;0.00000000;21.49143814;25.28870061;1.61123775;1.57781938;-0.56766794;-0.08055623;0.00000000;0.00000000
897;89.70000000;0.00000000;21.57552899;25.23467157;1.59378052;1.56972490;-0.57716091;-0.09845618;0.00000000;0.00000000
898;89.80000000;0.00000000;21.65895939;25.17962447;1.58124684;1.56918631;-0.58735917;-0.09430216;0.00000000;0.00000000
899;89.90000000;0.00000000;21.74193273;25.12389034;1.57414468;1.57582529;-0.59602134;-0.08901683;0.00000000;0.00000000
900;90.00000000;0.00000000;21.82439680;25.06740633;1.57246686;1.58963148;-0.60516254;-0.08734627;0.00000000;0.00000000
901;90.10000000;0.00000000;21.90633625;25.01016543;1.55041534;1.61043333;-0.61349059;-0.07997276;0.00000000;0.00000000
902;90.20000000;0.00000000;21.98784793;24.95231593;1.53019768;1.62760424;-0.62115709;-0.08814250;0.00000000;0.00000000
903;90.30000000;0.00000000;22.06889998;24.89382551;1.51552872;1.63364713;-0.63111910;-0.12843080;0.00000000;0.00000000
904;90.40000000;0.00000000;22.14924011;24.83436565;1.50615808;1.63829872;-0.64684325;-0.16355983;0.00000000;0.00000000
905;90.50000000;0.00000000;22.22841369;24.77335514;1.50144806;1.63056676;-0.66383106;-0.18245116;0.00000000;0.00000000
906;90.60000000;0.00000000;22.30669100;24.71119782;1.50192952;1.63039797;-0.68333348;-0.19775092;0.00000000;0.00000000
907;90.70000000;0.00000000;22.38342371;24.64714758;1.48667360;1.63877632;-0.70338125;-0.17864418;0.00000000;0.00000000
908;90.80000000;0.00000000;22.45914480;24.58190405;1.47126418;1.65470485;-0.71906232;-0.15925632;0.00000000;0.00000000
909;90.90000000;0.00000000;22.53383059;24.51547985;1.46097129;1.66997439;-0.73523251;-0.15260686;0.00000000;0.00000000
910;91.00000000;0.00000000;22.60740075;24.44782358;1.45581392;1.67841318;-0.74958369;-0.13836628;0.00000000;0.00000000
911;91.10000000;0.00000000;22.68015163;24.37928142;1.45630330;1.69390986;-0.76290576;-0.16820736;0.00000000;0.00000000
912;91.20000000;0.00000000;22.75188873;24.30969343;1.45782225;1.71651009;-0.78322516;-0.21292705;0.00000000;0.00000000
913;91.30000000;0.00000000;22.82179299;24.23825431;1.45673647;1.72533683;-0.80549117;-0.20475880;0.00000000;0.00000000
914;91.40000000;0.00000000;22.89036674;24.16553565;1.45380486;1.72826819;-0.82417692;-0.16584425;0.00000000;0.00000000
915;91.50000000;0.00000000;22.95755534;24.09153206;1.44898464;1.73308798;-0.83866002;-0.14976127;0.00000000;0.00000000
916;91.60000000;0.00000000;23.02399591;24.01685596;1.44315952;1.73891256;-0.85412917;-0.18190361;0.00000000;0.00000000
917;91.70000000;0.00000000;23.08886242;23.94081027;1.43962096;1.74681948;-0.87504075;-0.21085322;0.00000000;0.00000000
918;91.80000000;0.00000000;23.15212057;23.86342401;1.42550287;1.75681284;-0.89629982;-0.21547234;0.00000000;0.00000000
919;91.90000000;0.00000000;23.21369382;23.78469280;1.41480706;1.75381652;-0.91813522;-0.20552769;0.00000000;0.00000000
920;92.00000000;0.00000000;23.27351124;23.70462132;1.40891825;1.73296879;-0.93740536;-0.18386167;0.00000000;0.00000000
921;92.10000000;0.00000000;23.33200664;23.62357420;1.40846524;1.71932420;-0.95490755;-0.18081575;0.00000000;0.00000000
922;92.20000000;0.00000000;23.38898440;23.54145924;1.41324144;1.71327225;-0.97356851;-0.19602506;0.00000000;0.00000000
923;92.30000000;0.00000000;23.44441486;23.45828618;1.42317436;1.71491358;-0.99411256;-0.23221321;0.00000000;0.00000000
924;92.40000000;0.00000000;23.49796636;23.37390784;1.43112687;1.72457946;-1.02001115;-0.24206285;0.00000000;0.00000000
925;92.50000000;0.00000000;23.54901701;23.28797598;1.43033867;1.71132259;-1.04252513;-0.20620360;0.00000000;0.00000000
926;92.60000000;0.00000000;23.59872207;23.20126181;1.43497102;1.70450247;-1.06125187;-0.20314898;0.00000000;0.00000000
927;92.70000000;0.00000000;23.64651848;23.11348007;1.44434564;1.70571528;-1.08315493;-0.21861465;0.00000000;0.00000000
928;92.80000000;0.00000000;23.69237954;23.02467034;1.45836246;1.69123193;-1.10497480;-0.20227368;0.00000000;0.00000000
929;92.90000000;0.00000000;23.73630241;22.93488390;1.47690369;1.67589080;-1.12360966;-0.18712538;0.00000000;0.00000000
930;93.00000000;0.00000000;23.77882344;22.84442490;1.49559881;1.66796643;-1.14239987;-0.18659575;0.00000000;0.00000000
931;93.10000000;0.00000000;23.81934150;22.75305244;1.50502188;1.66821284;-1.16092881;-0.18086546;0.00000000;0.00000000
932;93.20000000;0.00000000;23.85848139;22.66108134;1.51949229;1.65261695;-1.17857297;-0.19055772;0.00000000;0.00000000
933;93.30000000;0.00000000;23.89574958;22.56833853;1.53301289;1.62918540;-1.19904036;-0.16804924;0.00000000;0.00000000
934;93.40000000;0.00000000;23.93109180;22.47484575;1.55016988;1.61367060;-1.21218281;-0.11529500;0.00000000;0.00000000
935;93.50000000;0.00000000;23.96591093;22.38115212;1.55122149;1.60480352;-1.22209936;-0.13009108;0.00000000;0.00000000
936;93.60000000;0.00000000;23.99939141;22.28697850;1.55527498;1.60355725;-1.23820103;-0.17066817;0.00000000;0.00000000
937;93.70000000;0.00000000;24.03117471;22.19221573;1.56392962;1.58636100;-1.25623299;-0.18032621;0.00000000;0.00000000
938;93.80000000;0.00000000;24.06123795;22.09689579;1.57709515;1.57184577;-1.27426627;-0.17666619;0.00000000;0.00000000
939;93.90000000;0.00000000;24.08958371;22.00104820;1.57842871;1.56539230;-1.29156623;-0.17210177;0.00000000;0.00000000
940;94.00000000;0.00000000;24.11633187;21.90474411;1.57710483;1.56696766;-1.30868662;-0.15885454;0.00000000;0.00000000
941;94.10000000;0.00000000;24.14137999;21.80798153;1.58035089;1.56379843;-1.32333714;-0.11584087;0.00000000;0.00000000
942;94.20000000;0.00000000;24.16529635;21.71093070;1.58872740;1.55099442;-1.33185480;-0.10164346;0.00000000;0.00000000
943;94.30000000;0.00000000;24.18869243;21.61375582;1.60104724;1.54510051;-1.34366583;-0.14146170;0.00000000;0.00000000
944;94.40000000;0.00000000;24.21030961;21.51616807;1.61061553;1.54748532;-1.36014714;-0.16276478;0.00000000;0.00000000
945;94.50000000;0.00000000;24.23049083;21.41827286;1.59858898;1.55775586;-1.37621878;-0.15814056;0.00000000;0.00000000
946;94.60000000;0.00000000;24.24896078;21.32003982;1.59101305;1.57210872;-1.39177525;-0.15015168;0.00000000;0.00000000
947;94.70000000;0.00000000;24.26608698;21.22156383;1.58833268;1.57244669;-1.40624912;-0.11021886;0.00000000;0.00000000
948;94.80000000;0.00000000;24.28170583;21.12283814;1.57188334;1.57665797;-1.41381902;-0.03036450;0.00000000;0.00000000
949;94.90000000;0.00000000;24.29733925;21.02411397;1.55676735;1.58715086;-1.41232202;-0.01178154;0.00000000;0.00000000
950;95.00000000;0.00000000;24.31325373;20.92543477;1.54825504;1.58676429;-1.41617533;-0.08276689;0.00000000;0.00000000
951;95.10000000;0.00000000;24.32812562;20.82659467;1.54511597;1.57452944;-1.42887540;-0.13602103;0.00000000;0.00000000
952;95.20000000;0.00000000;24.34152849;20.72754520;1.54695465;1.57006447;-1.44337953;-0.10569404;0.00000000;0.00000000
953;95.30000000;0.00000000;24.35352732;20.62831562;1.55382094;1.57336830;-1.45001421;-0.01985937;0.00000000;0.00000000
954;95.40000000;0.00000000;24.36561494;20.52909528;1.56592153;1.58290064;-1.44735141;0.00251782;0.00000000;0.00000000
955;95.50000000;0.00000000;24.37814227;20.42992922;1.57846301;1.59820245;-1.44951064;-0.06476561;0.00000000;0.00000000
956;95.60000000;0.00000000;24.38980109;20.33065927;1.56867224;1.61045613;-1.46030453;-0.08441657;0.00000000;0.00000000
957;95.70000000;0.00000000;24.40018475;20.23124740;1.55048713;1.60006369;-1.46639396;-0.01646501;0.00000000;0.00000000
958;95.80000000;0.00000000;24.41063392;20.13184120;1.53865863;1.59447817;-1.46359753;0.03957469;0.00000000;0.00000000
959;95.90000000;0.00000000;24.42157357;20.03248752;1.53376159;1.59465562;-1.45847902;0.02295477;0.00000000;0.00000000
960;96.00000000;0.00000000;24.43303980;19.93319345;1.53589906;1.60055762;-1.45900658;-0.02536666;0.00000000;0.00000000
961;96.10000000;0.00000000;24.44387440;19.83383013;1.54388436;1.61327267;-1.46355235;-0.05203991;0.00000000;0.00000000
962;96.20000000;0.00000000;24.45443747;19.73443566;1.55444526;1.63228847;-1.46941456;-0.06718031;0.00000000;0.00000000
963;96.30000000;0.00000000;24.46410621;19.63495369;1.56411236;1.63624999;-1.47698841;-0.07533232;0.00000000;0.00000000
964;96.40000000;0.00000000;24.47316256;19.53541050;1.54167192;1.62720524;-1.48448103;-0.08194916;0.00000000;0.00000000
965;96.50000000;0.00000000;24.48133947;19.43579503;1.52324953;1.61903843;-1.49337824;-0.09308670;0.00000000;0.00000000
966;96.60000000;0.00000000;24.48862320;19.33610647;1.51033401;1.61176317;-1.50309836;-0.10349164;0.00000000;0.00000000
967;96.70000000;0.00000000;24.49486202;19.23635202;1.50291873;1.60553124;-1.51407657;-0.10668763;0.00000000;0.00000000
968;96.80000000;0.00000000;24.49995541;19.13652763;1.50098469;1.60044298;-1.52443589;-0.12493753;0.00000000;0.00000000
969;96.90000000;0.00000000;24.50412623;19.03666515;1.50477714;1.59627627;-1.53906408;-0.17739354;0.00000000;0.00000000
970;97.00000000;0.00000000;24.50629725;18.93674001;1.50694505;1.59410746;-1.55991460;-0.20477382;0.00000000;0.00000000
971;97.10000000;0.00000000;24.50630128;18.83679159;1.50694759;1.59410457;4.70316646;-0.17171499;0.00000000;0.00000000
972;97.20000000;0.00000000;24.50445376;18.73685473;1.50509902;1.59595303;4.68892771;-0.14703337;0.00000000;0.00000000
973;97.30000000;0.00000000;24.50161179;18.63694578;1.50225562;1.59879632;4.67375979;-0.14834279;0.00000000;0.00000000
974;97.40000000;0.00000000;24.49673397;18.53711087;1.49737509;1.60367660;4.65925915;-0.15042656;0.00000000;0.00000000
975;97.50000000;0.00000000;24.49099595;18.43732444;1.49163329;1.60941797;4.64367448;-0.15674320;0.00000000;0.00000000
976;97.60000000;0.00000000;24.48300925;18.33768991;1.48991138;1.61741088;4.62791051;-0.16317135;0.00000000;0.00000000
977;97.70000000;0.00000000;24.47412830;18.23813163;1.49399106;1.62629959;4.61104021;-0.21164066;0.00000000;0.00000000
978;97.80000000;0.00000000;24.46278505;18.13882302;1.49689760;1.63765575;4.58558238;-0.26598607;0.00000000;0.00000000
979;97.90000000;0.00000000;24.44884867;18.03984550;1.50285708;1.65161222;4.55784299;-0.23914673;0.00000000;0.00000000
980;98.00000000;0.00000000;24.43201654;17.94132094;1.51249940;1.66847482;4.53775304;-0.19270618;0.00000000;0.00000000
981;98.10000000;0.00000000;24.41411558;17.84298297;1.51425543;1.68641125;4.51930176;-0.22811972;0.00000000;0.00000000
982;98.20000000;0.00000000;24.39366008;17.74514747;1.49383329;1.68321255;4.49212909;-0.27989046;0.00000000;0.00000000
983;98.30000000;0.00000000;24.37044490;17.64793082;1.47232728;1.67928659;4.46332366;-0.30392600;0.00000000;0.00000000
984;98.40000000;0.00000000;24.34439058;17.55143733;1.45446895;1.68422743;4.43134389;-0.32770157;0.00000000;0.00000000
985;98.50000000;0.00000000;24.31501040;17.45590741;1.43987990;1.69847816;4.39778335;-0.33020608;0.00000000;0.00000000
986;98.60000000;0.00000000;24.28254344;17.36138010;1.42889364;1.71751983;4.36530268;-0.28917797;0.00000000;0.00000000
987;98.70000000;0.00000000;24.24702337;17.26795778;1.42160438;1.72244968;4.33994776;-0.24639335;0.00000000;0.00000000
988;98.80000000;0.00000000;24.20980490;17.17519294;1.41950266;1.73494179;4.31602401;-0.27650719;0.00000000;0.00000000
989;98.90000000;0.00000000;24.16985711;17.08357666;1.42147453;1.74234157;4.28464632;-0.32422260;0.00000000;0.00000000
990;99.00000000;0.00000000;24.12689698;16.99333414;1.40515662;1.75647741;4.25117949;-0.30258285;0.00000000;0.00000000
991;99.10000000;0.00000000;24.08091140;16.90459562;1.38841393;1.77936889;4.22412975;-0.26300822;0.00000000;0.00000000
992;99.20000000;0.00000000;24.03313177;16.81680309;1.37670774;1.78921047;4.19857784;-0.29012006;0.00000000;0.00000000
993;99.30000000;0.00000000;23.98267305;16.73052928;1.36912259;1.80403744;4.16610574;-0.35511916;0.00000000;0.00000000
994;99.40000000;0.00000000;23.92929979;16.64602763;1.36540191;1.78982810;4.12755401;-0.39106208;0.00000000;0.00000000
995;99.50000000;0.00000000;23.87234869;16.56390154;1.36469806;1.78541410;4.08789332;-0.34186927;0.00000000;0.00000000
996;99.60000000;0.00000000;23.81244715;16.48389395;1.36767824;1.79021509;4.05918016;-0.27556846;0.00000000;0.00000000
997;99.70000000;0.00000000;23.75086904;16.40516272;1.37583164;1.80264647;4.03277963;-0.29545080;0.00000000;0.00000000
998;99.80000000;0.00000000;23.68682716;16.32842665;1.38480948;1.81016855;4.00009000;-0.33154784;0.00000000;0.00000000
999;99.90000000;0.00000000;23.62023867;16.25388858;1.39043148;1.79592950;3.96647006;-0.33556141;0.00000000;0.00000000
1000;100.00000000;0.00000000;23.55118457;16.18162768;1.39269932;1.78947186;3.93297771;-0.36481456;0.00000000;0.00000000
1001;100.10000000;0.00000000;23.47975521;16.11171285;1.39162863;1.79054344;3.89350715;-0.39231626;0.00000000;0.00000000
1002;100.20000000;0.00000000;23.40521872;16.04512350;1.38601011;1.79616531;3.85451446;-0.35388320;0.00000000;0.00000000
1003;100.30000000;0.00000000;23.32855852;15.98098488;1.38030905;1.80502478;3.82273051;-0.31293934;0.00000000;0.00000000
1004;100.40000000;0.00000000;23.24993918;15.91926244;1.37872467;1.79454746;3.79192659;-0.30471157;0.00000000;0.00000000
1005;100.50000000;0.00000000;23.16947482;15.85996491;1.38133626;1.78067597;3.76178819;-0.29778998;0.00000000;0.00000000
1006;100.60000000;0.00000000;23.08727990;15.80309049;1.38818674;1.75876402;3.73236860;-0.26598851;0.00000000;0.00000000
1007;100.70000000;0.00000000;23.00346806;15.74862749;1.39928130;1.74520085;3.70859049;-0.23237166;0.00000000;0.00000000
1008;100.80000000;0.00000000;22.91866225;15.69572470;1.41554483;1.73914003;3.68589427;-0.24712523;0.00000000;0.00000000
1009;100.90000000;0.00000000;22.83246587;15.64512123;1.43598371;1.72469776;3.65916545;-0.26467095;0.00000000;0.00000000
1010;101.00000000;0.00000000;22.74495561;15.59682597;1.46043818;1.70349048;3.63296008;-0.29337258;0.00000000;0.00000000
1011;101.10000000;0.00000000;22.65622717;15.55080781;1.46325202;1.69051071;3.60049093;-0.32069103;0.00000000;0.00000000
1012;101.20000000;0.00000000;22.56577185;15.50829534;1.45698900;1.68728282;3.56882187;-0.27359541;0.00000000;0.00000000
1013;101.30000000;0.00000000;22.47430882;15.46798553;1.45514749;1.69238700;3.54577185;-0.22263821;0.00000000;0.00000000
1014;101.40000000;0.00000000;22.38198656;15.42968518;1.45798215;1.69502364;3.52429423;-0.21092185;0.00000000;0.00000000
1015;101.50000000;0.00000000;22.28887737;15.39334035;1.46554153;1.69045504;3.50358748;-0.20326557;0.00000000;0.00000000
1016;101.60000000;0.00000000;22.19504901;15.35889530;1.47782539;1.66550706;3.48364112;-0.20634730;0.00000000;0.00000000
1017;101.70000000;0.00000000;22.10056477;15.32629290;1.49478612;1.64154614;3.46231802;-0.21271830;0.00000000;0.00000000
1018;101.80000000;0.00000000;22.00535571;15.29588020;1.51591981;1.62567990;3.44109746;-0.19764812;0.00000000;0.00000000
1019;101.90000000;0.00000000;21.90957365;15.26731604;1.53576637;1.61778340;3.42278839;-0.17593238;0.00000000;0.00000000
1020;102.00000000;0.00000000;21.81331300;15.24040878;1.53023009;1.61776609;3.40591098;-0.16503902;0.00000000;0.00000000
1021;102.10000000;0.00000000;21.71662137;15.21509335;1.52860173;1.61521462;3.38978059;-0.17575544;0.00000000;0.00000000
1022;102.20000000;0.00000000;21.61954251;15.19130490;1.53192913;1.59559294;3.37075989;-0.20688044;0.00000000;0.00000000
1023;102.30000000;0.00000000;21.52196659;15.16968718;1.53953073;1.58427231;3.34840450;-0.20001749;0.00000000;0.00000000
1024;102.40000000;0.00000000;21.42392014;15.15026104;1.55132712;1.58144920;3.33075639;-0.15306869;0.00000000;0.00000000
1025;102.50000000;0.00000000;21.32563243;15.13209845;1.56815414;1.58621994;3.31779076;-0.12335990;0.00000000;0.00000000
1026;102.60000000;0.00000000;21.22711457;15.11522090;1.57718957;1.59853480;3.30608441;-0.10852507;0.00000000;0.00000000
1027;102.70000000;0.00000000;21.12842689;15.09936400;1.56192652;1.60012778;3.29608575;-0.09641878;0.00000000;0.00000000
1028;102.80000000;0.00000000;21.02959052;15.08445967;1.55199732;1.58519479;3.28680066;-0.08918316;0.00000000;0.00000000
1029;102.90000000;0.00000000;20.93062480;15.07043796;1.54757768;1.57732582;3.27824912;-0.08223591;0.00000000;0.00000000
1030;103.00000000;0.00000000;20.83154752;15.05722607;1.54878968;1.57658777;3.27035347;-0.11983471;0.00000000;0.00000000
1031;103.10000000;0.00000000;20.73237249;15.04476881;1.55567635;1.58062771;3.25428218;-0.15666475;0.00000000;0.00000000
1032;103.20000000;0.00000000;20.63292277;15.03474791;1.56570756;1.58972341;3.23902052;-0.09884869;0.00000000;0.00000000
1033;103.30000000;0.00000000;20.53341388;15.02532313;1.57514144;1.60559292;3.23451244;-0.03491888;0.00000000;0.00000000
1034;103.40000000;0.00000000;20.43387689;15.01619920;1.58427393;1.61626450;3.23203675;-0.01937587;0.00000000;0.00000000
1035;103.50000000;0.00000000;20.33432247;15.00726723;1.59321412;1.60733700;3.23063726;-0.01147349;0.00000000;0.00000000
1036;103.60000000;0.00000000;20.23476028;14.99842193;1.58123995;1.59849625;3.22974205;-0.00726765;0.00000000;0.00000000
1037;103.70000000;0.00000000;20.13519001;14.98966822;1.56204127;1.58974718;3.22918373;0.00182208;0.00000000;0.00000000
1038;103.80000000;0.00000000;20.03561800;14.98093409;1.54821542;1.58101784;3.23010647;-0.00781588;0.00000000;0.00000000
1039;103.90000000;0.00000000;19.93606414;14.97199665;1.54096700;1.57419863;3.22762056;-0.03079891;0.00000000;0.00000000
1040;104.00000000;0.00000000;19.83645178;14.96375785;1.53948387;1.57441190;3.22394668;-0.03122065;0.00000000;0.00000000
1041;104.10000000;0.00000000;19.73683535;14.95555217;1.54444831;1.58099042;3.22137643;-0.02427664;0.00000000;0.00000000
1042;104.20000000;0.00000000;19.63718165;14.94782550;1.55217506;1.59429647;3.21909136;0.00922754;0.00000000;0.00000000
1043;104.30000000;0.00000000;19.53752885;14.94007517;1.55992555;1.61367255;3.22322194;0.06435750;0.00000000;0.00000000
1044;104.40000000;0.00000000;19.43794170;14.93152547;1.56847555;1.63168423;3.23196286;0.03826778;0.00000000;0.00000000
1045;104.50000000;0.00000000;19.33844020;14.92203435;1.57796717;1.62218713;3.23087549;-0.03886720;0.00000000;0.00000000
1046;104.60000000;0.00000000;19.23884134;14.91370184;1.58630019;1.61384993;3.22418941;-0.00285804;0.00000000;0.00000000
1047;104.70000000;0.00000000;19.13922266;14.90554211;1.59446049;1.60568581;3.23030389;0.07493354;0.00000000;0.00000000
1048;104.80000000;0.00000000;19.03972819;14.89599178;1.57327776;1.59612962;3.23917612;0.04459397;0.00000000;0.00000000
1049;104.90000000;0.00000000;18.94026808;14.88606557;1.55666690;1.58619722;3.23922268;-0.01985652;0.00000000;0.00000000
1050;105.00000000;0.00000000;18.84077214;14.87650575;1.54598417;1.57663176;3.23520482;-0.01494990;0.00000000;0.00000000
1051;105.10000000;0.00000000;18.74123561;14.86737909;1.54128607;1.57192764;3.23623270;0.03054677;0.00000000;0.00000000
1052;105.20000000;0.00000000;18.64176178;14.85761497;1.54370144;1.57293142;3.24131417;0.02805651;0.00000000;0.00000000
1053;105.30000000;0.00000000;18.54232304;14.84747721;1.55293391;1.57989616;3.24184400;-0.00674731;0.00000000;0.00000000
1054;105.40000000;0.00000000;18.44285724;14.83760745;1.56278898;1.59337970;3.23996471;-0.01382817;0.00000000;0.00000000
1055;105.50000000;0.00000000;18.34338094;14.82784350;1.57253886;1.61305975;3.23907837;-0.00949948;0.00000000;0.00000000
1056;105.60000000;0.00000000;18.24389775;14.81815006;1.58221874;1.61868774;3.23806482;-0.01318451;0.00000000;0.00000000
1057;105.70000000;0.00000000;18.14440189;14.80858778;1.59176808;1.60914179;3.23644147;0.00746749;0.00000000;0.00000000
1058;105.80000000;0.00000000;18.04488781;14.79921740;1.57471120;1.59978753;3.23955831;0.05326814;0.00000000;0.00000000
1059;105.90000000;0.00000000;17.94545688;14.78903541;1.56038881;1.58962458;3.24709510;0.05143939;0.00000000;0.00000000
1060;106.00000000;0.00000000;17.84609529;14.77816614;1.55307245;1.57877697;3.24984619;0.00832814;0.00000000;0.00000000
1061;106.10000000;0.00000000;17.74671851;14.76743685;1.54932121;1.56841690;3.24876072;-0.00503382;0.00000000;0.00000000
1062;106.20000000;0.00000000;17.64733355;14.75678330;1.54850574;1.56446366;3.24883943;0.00626936;0.00000000;0.00000000
1063;106.30000000;0.00000000;17.54795846;14.74603837;1.55422332;1.56679789;3.25001460;0.01165087;0.00000000;0.00000000
1064;106.40000000;0.00000000;17.44859883;14.73515127;1.56512039;1.57534091;3.25116960;0.00879425;0.00000000;0.00000000
1065;106.50000000;0.00000000;17.34924879;14.72417680;1.57610510;1.59004687;3.25177345;0.02743433;0.00000000;0.00000000
1066;106.60000000;0.00000000;17.24990236;14.71316971;1.56518340;1.61080046;3.25665647;0.07328119;0.00000000;0.00000000
1067;106.70000000;0.00000000;17.15066867;14.70122604;1.54862921;1.60124126;3.26642968;0.07663182;0.00000000;0.00000000
1068;106.80000000;0.00000000;17.05155637;14.68827935;1.53941152;1.59094345;3.27198283;0.01136309;0.00000000;0.00000000
1069;106.90000000;0.00000000;16.95245703;14.67523372;1.53675361;1.58678719;3.26870230;-0.05539481;0.00000000;0.00000000
1070;107.00000000;0.00000000;16.85326542;14.66293803;1.53983576;1.58967453;3.26090387;-0.05487933;0.00000000;0.00000000
1071;107.10000000;0.00000000;16.75397471;14.65143954;1.54857635;1.59961468;3.25772644;-0.00885139;0.00000000;0.00000000
1072;107.20000000;0.00000000;16.65470346;14.63977405;1.56023867;1.61552392;3.25913359;0.01132492;0.00000000;0.00000000
1073;107.30000000;0.00000000;16.55544547;14.62799616;1.57201372;1.62826438;3.25999142;0.00583439;0.00000000;0.00000000
1074;107.40000000;0.00000000;16.45619436;14.61616037;1.55346876;1.61641705;3.26030047;0.00034760;0.00000000;0.00000000
1075;107.50000000;0.00000000;16.35694366;14.60432113;1.53889564;1.60456643;3.26006094;0.01515250;0.00000000;0.00000000
1076;107.60000000;0.00000000;16.25768690;14.59253289;1.53067277;1.59761515;3.26333097;0.06048623;0.00000000;0.00000000
1077;107.70000000;0.00000000;16.15851966;14.58004528;1.52965881;1.59601137;3.27215819;0.07102976;0.00000000;0.00000000
1078;107.80000000;0.00000000;16.05948645;14.56650669;1.53622082;1.59376856;3.27753692;0.00978224;0.00000000;0.00000000
1079;107.90000000;0.00000000;15.96045538;14.55295248;1.54814002;1.59777211;3.27411463;-0.06071511;0.00000000;0.00000000
1080;108.00000000;0.00000000;15.86133555;14.54009252;1.56044615;1.60868380;3.26539390;-0.06759641;0.00000000;0.00000000
1081;108.10000000;0.00000000;15.76208317;14.52826751;1.57224783;1.62670083;3.26059535;-0.02115625;0.00000000;0.00000000
1082;108.20000000;0.00000000;15.66284076;14.51635897;1.57183149;1.61676815;3.26116265;0.02031632;0.00000000;0.00000000
1083;108.30000000;0.00000000;15.56360185;14.50442134;1.55339566;1.60485099;3.26465862;0.06526555;0.00000000;0.00000000
1084;108.40000000;0.00000000;15.46444914;14.49181970;1.54190188;1.59302636;3.27421576;0.08121010;0.00000000;0.00000000
1085;108.50000000;0.00000000;15.36545653;14.47798753;1.53807675;1.58617868;3.28090064;0.03697878;0.00000000;0.00000000
1086;108.60000000;0.00000000;15.26647716;14.46406082;1.54083553;1.58551939;3.28161152;-0.00892726;0.00000000;0.00000000
1087;108.70000000;0.00000000;15.16750430;14.45008792;1.55009465;1.59110481;3.27911519;-0.05487456;0.00000000;0.00000000
1088;108.80000000;0.00000000;15.06845990;14.43665601;1.56353980;1.60345467;3.27063661;-0.06824558;0.00000000;0.00000000
1089;108.90000000;0.00000000;14.96926436;14.42436331;1.57584379;1.62300336;3.26546607;-0.02143982;0.00000000;0.00000000
1090;109.00000000;0.00000000;14.87008309;14.41195593;1.56506148;1.61195703;3.26634864;0.00609048;0.00000000;0.00000000
1091;109.10000000;0.00000000;14.77090939;14.39948815;1.54930056;1.59949062;3.26668416;0.00062097;0.00000000;0.00000000
1092;109.20000000;0.00000000;14.67173646;14.38701421;1.53988565;1.58992338;3.26647284;0.00813741;0.00000000;0.00000000
1093;109.30000000;0.00000000;14.57255750;14.37458836;1.53687872;1.58665623;3.26831165;0.05253516;0.00000000;0.00000000
1094;109.40000000;0.00000000;14.47343423;14.36175018;1.54078048;1.58926414;3.27697987;0.07672003;0.00000000;0.00000000
1095;109.50000000;0.00000000;14.37448558;14.34760689;1.55243032;1.59682334;3.28365565;0.02293821;0.00000000;0.00000000
1096;109.60000000;0.00000000;14.27553944;14.33344599;1.55399460;1.60718046;3.28156751;-0.05470832;0.00000000;0.00000000
1097;109.70000000;0.00000000;14.17653541;14.31971646;1.54118108;1.62004754;3.27271399;-0.07547247;0.00000000;0.00000000
1098;109.80000000;0.00000000;14.07735406;14.30730970;1.53334835;1.60762688;3.26647302;-0.02822064;0.00000000;0.00000000
1099;109.90000000;0.00000000;13.97818354;14.29481663;1.52606514;1.60019753;3.26706986;0.00323463;0.00000000;0.00000000
1100;110.00000000;0.00000000;13.87901707;14.28229149;1.52534349;1.59896169;3.26711994;-0.00223302;0.00000000;0.00000000
1101;110.10000000;0.00000000;13.77984780;14.26978849;1.53113828;1.60398813;3.26662326;-0.00770268;0.00000000;0.00000000
1102;110.20000000;0.00000000;13.68066894;14.25736186;1.54332208;1.61527249;3.26557941;-0.01317809;0.00000000;0.00000000
1103;110.30000000;0.00000000;13.58147381;14.24506593;1.55558908;1.63273857;3.26398764;-0.01037189;0.00000000;0.00000000
1104;110.40000000;0.00000000;13.48225592;14.23295511;1.55456053;1.63325892;3.26350503;0.02662188;0.00000000;0.00000000
1105;110.50000000;0.00000000;13.38305085;14.22075515;1.53636438;1.62107689;3.26931201;0.01774170;0.00000000;0.00000000
1106;110.60000000;0.00000000;13.28398251;14.20749316;1.52558480;1.60887814;3.26705337;-0.04819047;0.00000000;0.00000000
1107;110.70000000;0.00000000;13.18472143;14.19574122;1.51978762;1.60435322;3.25967392;-0.03591255;0.00000000;0.00000000
1108;110.80000000;0.00000000;13.08546591;14.18394250;1.52060012;1.60600132;3.25987086;-0.00077414;0.00000000;0.00000000
1109;110.90000000;0.00000000;12.98620947;14.17215147;1.52795722;1.61385805;3.25951909;-0.00626265;0.00000000;0.00000000
1110;111.00000000;0.00000000;12.88694567;14.16042259;1.53969414;1.62788755;3.25861833;-0.01679462;0.00000000;0.00000000
1111;111.10000000;0.00000000;12.78766817;14.14881039;1.55131444;1.64798561;3.25616017;-0.05927262;0.00000000;0.00000000
1112;111.20000000;0.00000000;12.68834984;14.13756989;1.54605730;1.63757393;3.24676381;-0.04239055;0.00000000;0.00000000
1113;111.30000000;0.00000000;12.58887341;14.12782549;1.52744412;1.62782842;3.24768206;0.04944167;0.00000000;0.00000000
1114;111.40000000;0.00000000;12.48957395;14.11640240;1.51689146;1.61965427;3.25665214;0.04484174;0.00000000;0.00000000
1115;111.50000000;0.00000000;12.39028657;14.10487482;1.51298838;1.61378147;3.25665041;-0.04140596;0.00000000;0.00000000
1116;111.60000000;0.00000000;12.29098829;14.09345221;1.51557585;1.61188686;3.24837095;-0.07617568;0.00000000;0.00000000
1117;111.70000000;0.00000000;12.19152365;14.08357023;1.51864967;1.61772802;3.24141527;-0.02834202;0.00000000;0.00000000
1118;111.80000000;0.00000000;12.09207487;14.07352994;1.52656938;1.62953297;3.24270255;0.00983082;0.00000000;0.00000000
1119;111.90000000;0.00000000;11.99263599;14.06339191;1.53670052;1.64723297;3.24338143;0.00410370;0.00000000;0.00000000
1120;112.00000000;0.00000000;11.89320093;14.05321660;1.54508903;1.65370950;3.24352329;0.00432771;0.00000000;0.00000000
1121;112.10000000;0.00000000;11.79376494;14.04305036;1.52277851;1.64353257;3.24424698;0.01290414;0.00000000;0.00000000
1122;112.20000000;0.00000000;11.69434473;14.03273114;1.50693402;1.63320239;3.24610411;-0.01979228;0.00000000;0.00000000
1123;112.30000000;0.00000000;11.59494771;14.02219569;1.49782442;1.62810927;3.24028852;-0.05526852;0.00000000;0.00000000
1124;112.40000000;0.00000000;11.49541421;14.01303352;1.49397523;1.63052276;3.23505041;-0.05060007;0.00000000;0.00000000
1125;112.50000000;0.00000000;11.39591212;14.00353993;1.49713805;1.63870883;3.23016851;-0.04466300;0.00000000;0.00000000
1126;112.60000000;0.00000000;11.29629393;13.99535000;1.50533574;1.65419764;3.22611781;0.00850638;0.00000000;0.00000000
1127;112.70000000;0.00000000;11.19671788;13.98666279;1.51403178;1.67503170;3.23186978;0.06398443;0.00000000;0.00000000
1128;112.80000000;0.00000000;11.09720053;13.97732744;1.52337746;1.67747371;3.23891469;0.03027803;0.00000000;0.00000000
1129;112.90000000;0.00000000;10.99775682;13.96723813;1.53347902;1.66739277;3.23792539;-0.00701854;0.00000000;0.00000000
1130;113.00000000;0.00000000;10.89822117;13.95809970;1.54262737;1.65826161;3.23751099;0.03932571;0.00000000;0.00000000
1131;113.10000000;0.00000000;10.79876905;13.94809280;1.55264636;1.64826349;3.24579053;0.03608621;0.00000000;0.00000000
1132;113.20000000;0.00000000;10.69939833;13.93730748;1.56344597;1.63748853;3.24472823;-0.05168212;0.00000000;0.00000000
1133;113.30000000;0.00000000;10.59992514;13.92751190;1.57325318;1.62770200;3.23545411;-0.08937439;0.00000000;0.00000000
1134;113.40000000;0.00000000;10.50037145;13.91857147;1.58220316;1.61876954;3.22685335;-0.03146851;0.00000000;0.00000000
1135;113.50000000;0.00000000;10.40074450;13.91048835;1.59029398;1.61069331;3.22916041;0.03672554;0.00000000;0.00000000
1136;113.60000000;0.00000000;10.30123334;13.90108868;1.59968241;1.60130277;3.23419846;0.01195470;0.00000000;0.00000000
1137;113.70000000;0.00000000;10.20169290;13.89200214;1.59170722;1.59222506;3.23155135;-0.01755627;0.00000000;0.00000000
1138;113.80000000;0.00000000;10.10213317;13.88312942;1.57125884;1.58336106;3.23068720;-0.00246770;0.00000000;0.00000000
1139;113.90000000;0.00000000;10.00257715;13.87421492;1.55701265;1.57588084;3.23105781;0.00860864;0.00000000;0.00000000
1140;114.00000000;0.00000000;9.90302401;13.86526841;1.54912996;1.57469017;3.23240893;0.01884080;0.00000000;0.00000000
1141;114.10000000;0.00000000;9.80349252;13.85608492;1.54791379;1.57959813;3.23482597;0.02578846;0.00000000;0.00000000
1142;114.20000000;0.00000000;9.70398384;13.84665728;1.55338704;1.58888775;3.23756663;0.05926099;0.00000000;0.00000000
1143;114.30000000;0.00000000;9.60450424;13.83692838;1.56311964;1.59984343;3.24667817;0.11574160;0.00000000;0.00000000
1144;114.40000000;0.00000000;9.50518994;13.82568968;1.57436345;1.61542411;3.26071495;0.12364087;0.00000000;0.00000000
1145;114.50000000;0.00000000;9.40602318;13.81317238;1.58688731;1.61320572;3.27140634;0.09852215;0.00000000;0.00000000
1146;114.60000000;0.00000000;9.30696722;13.79981214;1.60025542;1.59983988;3.28041938;0.09144055;0.00000000;0.00000000
1147;114.70000000;0.00000000;9.20804254;13.78550944;1.61456764;1.58553137;3.28969445;0.09343981;0.00000000;0.00000000
1148;114.80000000;0.00000000;9.10925118;13.77031405;1.62760564;1.57033019;3.29910734;0.09794762;0.00000000;0.00000000
1149;114.90000000;0.00000000;9.01061347;13.75415169;1.61664834;1.55416229;3.30928397;0.10681460;0.00000000;0.00000000
1150;115.00000000;0.00000000;8.91215186;13.73694887;1.60820645;1.54048381;3.32047026;0.12797529;0.00000000;0.00000000
1151;115.10000000;0.00000000;8.81390080;13.71858403;1.60604158;1.53203318;3.33487903;0.18802304;0.00000000;0.00000000
1152;115.20000000;0.00000000;8.71597928;13.69855202;1.61178449;1.52837967;3.35807487;0.22860308;0.00000000;0.00000000
1153;115.30000000;0.00000000;8.61868467;13.67565042;1.62656973;1.52832149;3.38059965;0.19456122;0.00000000;0.00000000
1154;115.40000000;0.00000000;8.52176012;13.65122771;1.62394774;1.53322753;3.39698711;0.16853847;0.00000000;0.00000000
1155;115.50000000;0.00000000;8.42526753;13.62514996;1.60821156;1.54278677;3.41430734;0.17590476;0.00000000;0.00000000
1156;115.60000000;0.00000000;8.32924734;13.59738517;1.60033114;1.53302392;3.43216806;0.18244108;0.00000000;0.00000000
1157;115.70000000;0.00000000;8.23374884;13.56787830;1.60049136;1.52792508;3.45079556;0.19066907;0.00000000;0.00000000
1158;115.80000000;0.00000000;8.13883076;13.53655681;1.60877576;1.52745187;3.47030188;0.19957094;0.00000000;0.00000000
1159;115.90000000;0.00000000;8.04455706;13.50334815;1.62514428;1.52529640;3.49070975;0.19575526;0.00000000;0.00000000
1160;116.00000000;0.00000000;7.95099730;13.46818012;1.64857102;1.50945422;3.50945293;0.18910259;0.00000000;0.00000000
1161;116.10000000;0.00000000;7.85803378;13.43146140;1.65290121;1.49846093;3.52853026;0.24269438;0.00000000;0.00000000
1162;116.20000000;0.00000000;7.76588497;13.39275063;1.64801715;1.49193643;3.55799181;0.31676677;0.00000000;0.00000000
1163;116.30000000;0.00000000;7.67525781;13.35062681;1.65291655;1.48835705;3.59188362;0.31499641;0.00000000;0.00000000
1164;116.40000000;0.00000000;7.58594448;13.30576488;1.65880374;1.48844782;3.62099109;0.28736814;0.00000000;0.00000000
1165;116.50000000;0.00000000;7.49791450;13.25843552;1.65631253;1.49246382;3.64935724;0.27150601;0.00000000;0.00000000
1166;116.60000000;0.00000000;7.41128950;13.20858204;1.66005590;1.50026344;3.67529229;0.25906736;0.00000000;0.00000000
1167;116.70000000;0.00000000;7.32582861;13.15675039;1.66919737;1.51236913;3.70117072;0.28229107;0.00000000;0.00000000
1168;116.80000000;0.00000000;7.24189956;13.10248264;1.65651951;1.51169938;3.73175050;0.31746704;0.00000000;0.00000000
1169;116.90000000;0.00000000;7.15977064;13.04552737;1.64691379;1.50036028;3.76466412;0.36733732;0.00000000;0.00000000
1170;117.00000000;0.00000000;7.07959286;12.98585616;1.64668544;1.48557619;3.80521797;0.39361117;0.00000000;0.00000000
1171;117.10000000;0.00000000;7.00235465;12.92243903;1.65724370;1.47267153;3.84338636;0.35277698;0.00000000;0.00000000
1172;117.20000000;0.00000000;6.92695671;12.85682378;1.67652009;1.46183323;3.87577336;0.34868482;0.00000000;0.00000000
1173;117.30000000;0.00000000;6.85397812;12.78853295;1.67755371;1.44951849;3.91312332;0.34921610;0.00000000;0.00000000
1174;117.40000000;0.00000000;6.78368851;12.71747502;1.67340989;1.44017720;3.94561658;0.33077825;0.00000000;0.00000000
1175;117.50000000;0.00000000;6.71529490;12.64458491;1.67659059;1.43510351;3.97927897;0.33919809;0.00000000;0.00000000
1176;117.60000000;0.00000000;6.64994255;12.56895650;1.68386112;1.43289111;4.01345620;0.34098579;0.00000000;0.00000000
1177;117.70000000;0.00000000;6.58669032;12.49156903;1.69386431;1.43490811;4.04747613;0.35019337;0.00000000;0.00000000
1178;117.80000000;0.00000000;6.52663219;12.41167432;1.70790704;1.43981926;4.08349488;0.39044840;0.00000000;0.00000000
1179;117.90000000;0.00000000;6.46912214;12.32994603;1.72505725;1.44850022;4.12556581;0.44213422;0.00000000;0.00000000
1180;118.00000000;0.00000000;6.41599647;12.24529590;1.74826909;1.45308942;4.17192172;0.41012274;0.00000000;0.00000000
1181;118.10000000;0.00000000;6.36629293;12.15858256;1.74599615;1.44977144;4.20759036;0.35456240;0.00000000;0.00000000
1182;118.20000000;0.00000000;6.31933804;12.07036424;1.73875435;1.44743485;4.24283420;0.35500332;0.00000000;0.00000000
1183;118.30000000;0.00000000;6.27586512;11.98036665;1.73391012;1.44808678;4.27859102;0.35469663;0.00000000;0.00000000
1184;118.40000000;0.00000000;6.23533514;11.88902096;1.72727535;1.45239327;4.31377352;0.33683457;0.00000000;0.00000000
1185;118.50000000;0.00000000;6.19829698;11.79619023;1.71887663;1.44910330;4.34595794;0.29473815;0.00000000;0.00000000
1186;118.60000000;0.00000000;6.16372258;11.70241474;1.69789847;1.44678402;4.37272115;0.29622440;0.00000000;0.00000000
1187;118.70000000;0.00000000;6.13170442;11.60773664;1.68529952;1.44351394;4.40520282;0.35578743;0.00000000;0.00000000
1188;118.80000000;0.00000000;6.10329747;11.51193609;1.68234855;1.44337796;4.44387864;0.35837451;0.00000000;0.00000000
1189;118.90000000;0.00000000;6.07869034;11.41506679;1.67873912;1.44621181;4.47687772;0.29858988;0.00000000;0.00000000
1190;119.00000000;0.00000000;6.05665889;11.31757979;1.65669078;1.45328721;4.50359662;0.26929907;0.00000000;0.00000000
1191;119.10000000;0.00000000;6.03726104;11.21953513;1.63728216;1.46449489;4.53073753;0.27580506;0.00000000;0.00000000
1192;119.20000000;0.00000000;6.02055132;11.12099703;1.62056578;1.47969255;4.55875763;0.28500836;0.00000000;0.00000000
1193;119.30000000;0.00000000;6.00667580;11.02202188;1.60668632;1.49354775;4.58773920;0.28851090;0.00000000;0.00000000
1194;119.40000000;0.00000000;5.99570263;10.92268248;1.59571093;1.50450812;4.61645981;0.28130647;0.00000000;0.00000000
1195;119.50000000;0.00000000;5.98753201;10.82307264;1.58753912;1.51267117;4.64400050;0.27081410;0.00000000;0.00000000
1196;119.60000000;0.00000000;5.98204433;10.72327756;1.58205086;1.51815480;4.67062263;0.26580044;0.00000000;0.00000000
1197;119.70000000;0.00000000;5.97918639;10.62337200;1.57919266;1.52101086;4.69716059;0.26512789;0.00000000;0.00000000
1198;119.80000000;0.00000000;5.97900066;10.52342478;1.57900678;1.52119573;-1.55953710;0.26126394;0.00000000;0.00000000
1199;119.90000000;0.00000000;5.98143683;10.42350529;1.58144272;1.52364591;-1.53377193;0.25376370;0.00000000;0.00000000
1200;120.00000000;0.00000000;5.98639958;10.32367707;1.58640498;1.53011150;-1.50878436;0.25701506;0.00000000;0.00000000
1201;120.10000000;0.00000000;5.99382450;10.22399889;1.59382905;1.54059921;-1.48236892;0.26367233;0.00000000;0.00000000
1202;120.20000000;0.00000000;6.00405219;10.12456934;1.60326786;1.55467951;-1.45604990;0.24753345;0.00000000;0.00000000
1203;120.30000000;0.00000000;6.01671096;10.02542254;1.58380422;1.57260266;-1.43286223;0.23197896;0.00000000;0.00000000
1204;120.40000000;0.00000000;6.03153650;9.92657778;1.57265141;1.58474758;-1.40965410;0.23160734;0.00000000;0.00000000
1205;120.50000000;0.00000000;6.04878111;9.82813047;1.57025544;1.58104730;-1.38654076;0.22658320;0.00000000;0.00000000
1206;120.60000000;0.00000000;6.06815805;9.73007807;1.56551776;1.58149256;-1.36433746;0.22332093;0.00000000;0.00000000
1207;120.70000000;0.00000000;6.08975558;9.63249524;1.55647379;1.58597866;-1.34187657;0.21524453;0.00000000;0.00000000
1208;120.80000000;0.00000000;6.11351623;9.53541123;1.55603858;1.59451914;-1.32128856;0.20095498;0.00000000;0.00000000
1209;120.90000000;0.00000000;6.13911351;9.43879622;1.56389766;1.58794719;-1.30168558;0.19035005;0.00000000;0.00000000
1210;121.00000000;0.00000000;6.16666181;9.34271587;1.58005011;1.58166362;-1.28321855;0.18938154;0.00000000;0.00000000
1211;121.10000000;0.00000000;6.19581058;9.24710750;1.58621055;1.58001581;-1.26380927;0.19356220;0.00000000;0.00000000
1212;121.20000000;0.00000000;6.22706771;9.15216615;1.57169790;1.58247708;-1.24450611;0.19745080;0.00000000;0.00000000
1213;121.30000000;0.00000000;6.25988503;9.05775386;1.56509938;1.58958821;-1.22431911;0.21489625;0.00000000;0.00000000
1214;121.40000000;0.00000000;6.29494656;8.96415767;1.56725602;1.58052854;-1.20152686;0.21040171;0.00000000;0.00000000
1215;121.50000000;0.00000000;6.33203027;8.87134310;1.57791249;1.57232910;-1.18223877;0.17444713;0.00000000;0.00000000
1216;121.60000000;0.00000000;6.37067670;8.77916564;1.58843192;1.56877307;-1.16663743;0.16442966;0.00000000;0.00000000
1217;121.70000000;0.00000000;6.41063904;8.68755073;1.57973877;1.57014958;-1.14935284;0.19383449;0.00000000;0.00000000
1218;121.80000000;0.00000000;6.45244490;8.59677152;1.57426499;1.57347753;-1.12787053;0.21060597;0.00000000;0.00000000
1219;121.90000000;0.00000000;6.49630539;8.50695709;1.57073004;1.56901778;-1.10723164;0.23293370;0.00000000;0.00000000
1220;122.00000000;0.00000000;6.54182161;8.41798102;1.57539967;1.55391302;-1.08128380;0.27918902;0.00000000;0.00000000
1221;122.10000000;0.00000000;6.59028054;8.33056478;1.58965476;1.53853842;-1.05139384;0.25134170;0.00000000;0.00000000
1222;122.20000000;0.00000000;6.64103723;8.24445699;1.61256414;1.52424946;-1.03101546;0.20605272;0.00000000;0.00000000
1223;122.30000000;0.00000000;6.69302038;8.15908357;1.63678588;1.51500049;-1.01018329;0.20708101;0.00000000;0.00000000
1224;122.40000000;0.00000000;6.74731865;8.07516618;1.64203865;1.50958070;-0.98959925;0.19610189;0.00000000;0.00000000
1225;122.50000000;0.00000000;6.80277066;7.99200562;1.65469280;1.50938995;-0.97096292;0.21586845;0.00000000;0.00000000
1226;122.60000000;0.00000000;6.86015548;7.91017406;1.67551626;1.51346696;-0.94642556;0.25088265;0.00000000;0.00000000
1227;122.70000000;0.00000000;6.91961560;7.82983992;1.67714510;1.51038585;-0.92078639;0.25664287;0.00000000;0.00000000
1228;122.80000000;0.00000000;6.98111766;7.75105939;1.68161112;1.49758911;-0.89509699;0.24486732;0.00000000;0.00000000
1229;122.90000000;0.00000000;7.04462416;7.67388586;1.69452103;1.48882796;-0.87181292;0.21153805;0.00000000;0.00000000
1230;123.00000000;0.00000000;7.10973154;7.59804818;1.70308710;1.48466380;-0.85278938;0.20052167;0.00000000;0.00000000
1231;123.10000000;0.00000000;7.17612952;7.52334419;1.69765050;1.48550477;-0.83170859;0.23028665;0.00000000;0.00000000
1232;123.20000000;0.00000000;7.24437361;7.45032007;1.70058282;1.48888608;-0.80673205;0.25121740;0.00000000;0.00000000
1233;123.30000000;0.00000000;7.31442225;7.37902125;1.70652023;1.48977083;-0.78146511;0.25775449;0.00000000;0.00000000
1234;123.40000000;0.00000000;7.38627177;7.30953373;1.72041560;1.48810187;-0.75518115;0.23485299;0.00000000;0.00000000
1235;123.50000000;0.00000000;7.45997136;7.24201278;1.71982975;1.48373592;-0.73449451;0.17229781;0.00000000;0.00000000
1236;123.60000000;0.00000000;7.53463253;7.17555738;1.69584589;1.47793809;-0.72072159;0.15739116;0.00000000;0.00000000
1237;123.70000000;0.00000000;7.61016322;7.11009246;1.67878771;1.47082680;-0.70301628;0.20656782;0.00000000;0.00000000
1238;123.80000000;0.00000000;7.68712521;7.04632629;1.66977243;1.46313233;-0.67940803;0.24295154;0.00000000;0.00000000
1239;123.90000000;0.00000000;7.76565579;6.98450379;1.66920991;1.45974722;-0.65442597;0.24966236;0.00000000;0.00000000
1240;124.00000000;0.00000000;7.84570537;6.92466172;1.67710709;1.46070516;-0.62947556;0.24920885;0.00000000;0.00000000
1241;124.10000000;0.00000000;7.92722185;6.86683332;1.69333631;1.46600159;-0.60458420;0.24848733;0.00000000;0.00000000
1242;124.20000000;0.00000000;8.01015098;6.81104825;1.71248045;1.47559382;-0.57977809;0.24751150;0.00000000;0.00000000
1243;124.30000000;0.00000000;8.09443660;6.75733252;1.70714681;1.48839689;-0.55508190;0.24929913;0.00000000;0.00000000
1244;124.40000000;0.00000000;8.18002106;6.70570853;1.69801431;1.48774830;-0.52991826;0.26853719;0.00000000;0.00000000
1245;124.50000000;0.00000000;8.26690217;6.65630094;1.69730499;1.49124244;-0.50137446;0.28293061;0.00000000;0.00000000
1246;124.60000000;0.00000000;8.35529600;6.60964235;1.67880947;1.49726942;-0.47333214;0.26513171;0.00000000;0.00000000
1247;124.70000000;0.00000000;8.44481650;6.56517946;1.66266280;1.49615627;-0.44834812;0.24668421;0.00000000;0.00000000
1248;124.80000000;0.00000000;8.53543164;6.52299363;1.65493710;1.49919089;-0.42399530;0.20652283;0.00000000;0.00000000
1249;124.90000000;0.00000000;8.62700827;6.48294298;1.65557034;1.49330501;-0.40704355;0.16466296;0.00000000;0.00000000
1250;125.00000000;0.00000000;8.71900126;6.44385295;1.66326619;1.48776033;-0.39106270;0.20438401;0.00000000;0.00000000
1251;125.10000000;0.00000000;8.81180791;6.40675051;1.67385703;1.48677357;-0.36616675;0.23425562;0.00000000;0.00000000
1252;125.20000000;0.00000000;8.90562319;6.37229095;1.66522753;1.48967365;-0.34421158;0.19413040;0.00000000;0.00000000
1253;125.30000000;0.00000000;8.99997361;6.33929639;1.66413166;1.49100351;-0.32734067;0.19023304;0.00000000;0.00000000
1254;125.40000000;0.00000000;9.09489986;6.30802087;1.67083697;1.48531950;-0.30616497;0.22606074;0.00000000;0.00000000
1255;125.50000000;0.00000000;9.19055580;6.27905257;1.68521525;1.48393090;-0.28212852;0.24247065;0.00000000;0.00000000
1256;125.60000000;0.00000000;9.28687623;6.25237455;1.66975777;1.48688570;-0.25767084;0.24846342;0.00000000;0.00000000
1257;125.70000000;0.00000000;9.38383296;6.22811842;1.66268441;1.49403756;-0.23243584;0.23548039;0.00000000;0.00000000
1258;125.80000000;0.00000000;9.48137821;6.20633317;1.66414222;1.50443013;-0.21057476;0.18146770;0.00000000;0.00000000
1259;125.90000000;0.00000000;9.57931138;6.18633620;1.67340435;1.48931763;-0.19614230;0.16189579;0.00000000;0.00000000
1260;126.00000000;0.00000000;9.67744473;6.16737535;1.67263748;1.47975922;-0.17819561;0.20936115;0.00000000;0.00000000
1261;126.10000000;0.00000000;9.77602951;6.15090608;1.66349606;1.47438599;-0.15427007;0.23455435;0.00000000;0.00000000
1262;126.20000000;0.00000000;9.87496077;6.13666049;1.66258246;1.47352917;-0.13128474;0.22567747;0.00000000;0.00000000
1263;126.30000000;0.00000000;9.97420066;6.12473872;1.67000412;1.47710376;-0.10913458;0.17747528;0.00000000;0.00000000
1264;126.40000000;0.00000000;10.07366842;6.11488810;1.68539096;1.48533492;-0.09578968;0.13253609;0.00000000;0.00000000
1265;126.50000000;0.00000000;10.17319203;6.10561889;1.70564495;1.49459464;-0.08262736;0.16692684;0.00000000;0.00000000
1266;126.60000000;0.00000000;10.27288330;6.09838994;1.69841443;1.50181742;-0.06240431;0.20073449;0.00000000;0.00000000
1267;126.70000000;0.00000000;10.37269834;6.09315265;1.69317622;1.50705096;-0.04248046;0.19490828;0.00000000;0.00000000
1268;126.80000000;0.00000000;10.47259734;6.08990089;1.68992398;1.51030064;-0.02342266;0.18427287;0.00000000;0.00000000
1269;126.90000000;0.00000000;10.57253900;6.08847099;1.68849380;1.51172941;-0.00562589;0.17275192;0.00000000;0.00000000
1270;127.00000000;0.00000000;10.67249047;6.08877630;1.68879885;1.51142337;0.01112773;0.12808192;0.00000000;0.00000000
1271;127.10000000;0.00000000;10.77242410;6.09069535;1.69071754;1.50950351;0.01999050;0.07530809;0.00000000;0.00000000
1272;127.20000000;0.00000000;10.87235680;6.09277226;1.69279408;1.50742579;0.02618935;0.09180008;0.00000000;0.00000000
1273;127.30000000;0.00000000;10.97225913;6.09593010;1.69595138;1.50426680;0.03835051;0.12586444;0.00000000;0.00000000
1274;127.40000000;0.00000000;11.07211013;6.10043666;1.70045715;1.49975843;0.05136223;0.12280696;0.00000000;0.00000000
1275;127.50000000;0.00000000;11.17189698;6.10619297;1.70621235;1.49399946;0.06291191;0.10522627;0.00000000;0.00000000
1276;127.60000000;0.00000000;11.27161796;6.11300466;1.71302266;1.48718419;0.07240749;0.08459247;0.00000000;0.00000000
1277;127.70000000;0.00000000;11.37127847;6.12065497;1.71176060;1.47952948;0.07983040;0.03363251;0.00000000;0.00000000
1278;127.80000000;0.00000000;11.47088796;6.12894635;1.69033136;1.47123300;0.07913399;0.00852272;0.00000000;0.00000000
1279;127.90000000;0.00000000;11.57055778;6.13645773;1.67382841;1.46371741;0.08153494;0.06801716;0.00000000;0.00000000
1280;128.00000000;0.00000000;11.67012094;6.14522689;1.66443829;1.45989551;0.09273742;0.12044924;0.00000000;0.00000000
1281;128.10000000;0.00000000;11.76959917;6.15496942;1.66199708;1.46193328;0.10562479;0.12394557;0.00000000;0.00000000
1282;128.20000000;0.00000000;11.86890419;6.16630176;1.66715615;1.46918759;0.11752654;0.07987040;0.00000000;0.00000000
1283;128.30000000;0.00000000;11.96812249;6.17840919;1.67903485;1.48238931;0.12159887;0.01643115;0.00000000;0.00000000
1284;128.40000000;0.00000000;12.06733668;6.19055056;1.68599867;1.50210710;0.12081277;0.01285916;0.00000000;0.00000000
1285;128.50000000;0.00000000;12.16657386;6.20250198;1.66969805;1.50337887;0.12417070;0.07361272;0.00000000;0.00000000
1286;128.60000000;0.00000000;12.26570200;6.21530910;1.66012956;1.49798176;0.13553531;0.09593857;0.00000000;0.00000000
1287;128.70000000;0.00000000;12.36463975;6.22951250;1.65795669;1.49783551;0.14335842;0.05667341;0.00000000;0.00000000
1288;128.80000000;0.00000000;12.46355734;6.24386925;1.64777434;1.50419129;0.14686999;0.03335978;0.00000000;0.00000000
1289;128.90000000;0.00000000;12.56239359;6.25876726;1.63012818;1.51657948;0.15003037;0.00384020;0.00000000;0.00000000
1290;129.00000000;0.00000000;12.66121841;6.27374894;1.61855756;1.52625628;0.14763803;-0.01533871;0.00000000;0.00000000
1291;129.10000000;0.00000000;12.76012597;6.28817405;1.61254657;1.51481082;0.14696263;0.00584935;0.00000000;0.00000000
1292;129.20000000;0.00000000;12.85896987;6.30302207;1.61314741;1.50948201;0.14880790;0.03481033;0.00000000;0.00000000
1293;129.30000000;0.00000000;12.95782304;6.31781203;1.61986866;1.51082056;0.15392470;0.08713868;0.00000000;0.00000000
1294;129.40000000;0.00000000;13.05650365;6.33366982;1.63375876;1.51767424;0.16623564;0.10935074;0.00000000;0.00000000
1295;129.50000000;0.00000000;13.15496325;6.35088901;1.64473870;1.52967515;0.17579485;0.07369812;0.00000000;0.00000000
1296;129.60000000;0.00000000;13.25332989;6.36863176;1.63195931;1.54753033;0.18097526;0.05041337;0.00000000;0.00000000
1297;129.70000000;0.00000000;13.35160587;6.38687013;1.62574156;1.54778365;0.18587752;0.02441707;0.00000000;0.00000000
1298;129.80000000;0.00000000;13.44979389;6.40557647;1.62613320;1.54742147;0.18585868;-0.00864703;0.00000000;0.00000000
1299;129.90000000;0.00000000;13.54806825;6.42381071;1.63217758;1.55398124;0.18414811;0.01895103;0.00000000;0.00000000
1300;130.00000000;0.00000000;13.64631567;6.44218027;1.62440389;1.55823402;0.18964888;0.04986169;0.00000000;0.00000000
1301;130.10000000;0.00000000;13.74438609;6.46149505;1.60807310;1.53976028;0.19412045;0.01831568;0.00000000;0.00000000
1302;130.20000000;0.00000000;13.84246958;6.48074337;1.58763022;1.52768387;0.19331202;-0.00939429;0.00000000;0.00000000
1303;130.30000000;0.00000000;13.94057109;6.49989955;1.57319057;1.52218323;0.19224160;-0.02990245;0.00000000;0.00000000
1304;130.40000000;0.00000000;14.03869554;6.51893784;1.56489415;1.52335579;0.18733153;-0.08226856;0.00000000;0.00000000
1305;130.50000000;0.00000000;14.13697551;6.53712881;1.56209745;1.53192212;0.17578788;-0.08997778;0.00000000;0.00000000
1306;130.60000000;0.00000000;14.23551313;6.55389682;1.56424614;1.54833334;0.16933597;-0.01396137;0.00000000;0.00000000
1307;130.70000000;0.00000000;14.33402290;6.57081865;1.57291224;1.55703963;0.17299561;0.01512896;0.00000000;0.00000000
1308;130.80000000;0.00000000;14.43243482;6.58830737;1.58840107;1.56159798;0.17236176;-0.03901765;0.00000000;0.00000000
1309;130.90000000;0.00000000;14.53096710;6.60510450;1.58887130;1.57320400;0.16519208;-0.06097799;0.00000000;0.00000000
1310;131.00000000;0.00000000;14.62961960;6.62118030;1.57943468;1.58418268;0.16016617;-0.01132654;0.00000000;0.00000000
1311;131.10000000;0.00000000;14.72831548;6.63698612;1.57532114;1.57969123;0.16292677;0.03823953;0.00000000;0.00000000
1312;131.20000000;0.00000000;14.82687790;6.65360638;1.57309501;1.58069238;0.16781407;-0.00328327;0.00000000;0.00000000
1313;131.30000000;0.00000000;14.92541387;6.67037604;1.57736416;1.58784585;0.16227012;-0.08140919;0.00000000;0.00000000
1314;131.40000000;0.00000000;15.02415341;6.68590227;1.57038952;1.60246028;0.15153223;-0.07695269;0.00000000;0.00000000
1315;131.50000000;0.00000000;15.12302818;6.70055230;1.55536628;1.60077124;0.14687958;-0.05376071;0.00000000;0.00000000
1316;131.60000000;0.00000000;15.22190740;6.71515899;1.54662629;1.59329927;0.14078009;-0.05748357;0.00000000;0.00000000
1317;131.70000000;0.00000000;15.32095363;6.72860181;1.54314362;1.59325508;0.13538287;-0.02775780;0.00000000;0.00000000
1318;131.80000000;0.00000000;15.41998680;6.74214059;1.54622515;1.59937307;0.13522853;-0.00381644;0.00000000;0.00000000
1319;131.90000000;0.00000000;15.51903713;6.75555283;1.55560913;1.61180491;0.13461958;0.02254288;0.00000000;0.00000000
1320;132.00000000;0.00000000;15.61808526;6.76897079;1.56903494;1.63027534;0.13973711;0.03308333;0.00000000;0.00000000
1321;132.10000000;0.00000000;15.71699280;6.78339605;1.56420785;1.61660435;0.14123624;-0.02809604;0.00000000;0.00000000
1322;132.20000000;0.00000000;15.81600144;6.79711109;1.55023766;1.60288933;0.13411790;-0.07909490;0.00000000;0.00000000
1323;132.30000000;0.00000000;15.91510411;6.81012679;1.54192574;1.58987418;0.12541726;-0.09467911;0.00000000;0.00000000
1324;132.40000000;0.00000000;16.01433629;6.82211695;1.53903605;1.58091203;0.11518208;-0.10967342;0.00000000;0.00000000
1325;132.50000000;0.00000000;16.11368479;6.83310142;1.54162066;1.57925421;0.10348258;-0.12599404;0.00000000;0.00000000
1326;132.60000000;0.00000000;16.21317070;6.84276661;1.54472215;1.58180320;0.08998327;-0.14249920;0.00000000;0.00000000
1327;132.70000000;0.00000000;16.31277995;6.85106516;1.55121948;1.58940002;0.07498274;-0.15859067;0.00000000;0.00000000
1328;132.80000000;0.00000000;16.41251059;6.85774174;1.55789165;1.60480552;0.05826514;-0.17075709;0.00000000;0.00000000
1329;132.90000000;0.00000000;16.51234039;6.86270575;1.56285284;1.62787974;0.04083132;-0.18067152;0.00000000;0.00000000
1330;133.00000000;0.00000000;16.61224155;6.86590156;1.56604700;1.63452085;0.02213083;-0.19464791;0.00000000;0.00000000
1331;133.10000000;0.00000000;16.71218514;6.86712920;1.56727378;1.63329226;0.00190174;-0.17426859;0.00000000;0.00000000
1332;133.20000000;0.00000000;16.81213156;6.86628170;1.56642563;1.63413835;-0.01272288;-0.13443123;0.00000000;0.00000000
1333;133.30000000;0.00000000;16.91207127;6.86458594;1.56472922;1.63583233;-0.02498450;-0.15585563;0.00000000;0.00000000
1334;133.40000000;0.00000000;17.01196547;6.86128790;1.56143007;1.63912716;-0.04389401;-0.18335210;0.00000000;0.00000000
1335;133.50000000;0.00000000;17.11176307;6.85581503;1.55595497;1.64459414;-0.06165492;-0.16143645;0.00000000;0.00000000
1336;133.60000000;0.00000000;17.21148209;6.84897111;1.54910792;1.65143017;-0.07618130;-0.17006295;0.00000000;0.00000000
1337;133.70000000;0.00000000;17.31107803;6.84060152;1.54073372;1.64463470;-0.09566751;-0.21840898;0.00000000;0.00000000
1338;133.80000000;0.00000000;17.41044750;6.82987830;1.53000325;1.62616034;-0.11986310;-0.24741742;0.00000000;0.00000000
1339;133.90000000;0.00000000;17.50952092;6.81670097;1.51681534;1.61613959;-0.14515100;-0.25850180;0.00000000;0.00000000
1340;134.00000000;0.00000000;17.60822045;6.80096804;1.50554808;1.61484679;-0.17156346;-0.25802013;0.00000000;0.00000000
1341;134.10000000;0.00000000;17.70645948;6.78257806;1.49817059;1.62241685;-0.19675502;-0.22258126;0.00000000;0.00000000
1342;134.20000000;0.00000000;17.80424870;6.76189296;1.49510387;1.63837150;-0.21607971;-0.20638791;0.00000000;0.00000000
1343;134.30000000;0.00000000;17.90170515;6.73972033;1.49719012;1.66058760;-0.23803261;-0.25406321;0.00000000;0.00000000
1344;134.40000000;0.00000000;17.99848661;6.71476453;1.50307391;1.68560292;-0.26689235;-0.28269380;0.00000000;0.00000000
1345;134.50000000;0.00000000;18.09450425;6.68700610;1.49406425;1.69395816;-0.29457137;-0.28037433;0.00000000;0.00000000
1346;134.60000000;0.00000000;18.18975805;6.65673315;1.47642140;1.69771060;-0.32296722;-0.26056183;0.00000000;0.00000000
1347;134.70000000;0.00000000;18.28404887;6.62356822;1.46236256;1.69146115;-0.34668373;-0.24326629;0.00000000;0.00000000
1348;134.80000000;0.00000000;18.37776253;6.58881185;1.45335886;1.67897895;-0.37162047;-0.29207247;0.00000000;0.00000000
1349;134.90000000;0.00000000;18.47028147;6.55098805;1.44790772;1.67567884;-0.40509823;-0.32155960;0.00000000;0.00000000
1350;135.00000000;0.00000000;18.56146148;6.51003884;1.44437876;1.68172647;-0.43593240;-0.31502751;0.00000000;0.00000000
1351;135.10000000;0.00000000;18.65147498;6.46658433;1.44017768;1.69638868;-0.46810373;-0.34766428;0.00000000;0.00000000
1352;135.20000000;0.00000000;18.73983440;6.41985659;1.42911025;1.72030660;-0.50546525;-0.37888054;0.00000000;0.00000000
1353;135.30000000;0.00000000;18.82635315;6.36980323;1.41847891;1.74226985;-0.54387984;-0.32403291;0.00000000;0.00000000
1354;135.40000000;0.00000000;18.91086482;6.31643178;1.41096933;1.75128628;-0.57027183;-0.26551592;0.00000000;0.00000000
1355;135.50000000;0.00000000;18.99462236;6.26188342;1.40912308;1.73708049;-0.59698302;-0.30755151;0.00000000;0.00000000
1356;135.60000000;0.00000000;19.07616348;6.20407549;1.41042337;1.73248624;-0.63178214;-0.32667814;0.00000000;0.00000000
1357;135.70000000;0.00000000;19.15592484;6.14383455;1.41578363;1.73666208;-0.66231865;-0.34147727;0.00000000;0.00000000
1358;135.80000000;0.00000000;19.23378614;6.08115710;1.42507854;1.74961584;-0.70007759;-0.37652504;0.00000000;0.00000000
1359;135.90000000;0.00000000;19.30877465;6.01507065;1.43136697;1.77246806;-0.73762366;-0.34248482;0.00000000;0.00000000
1360;136.00000000;0.00000000;19.38171341;5.94672947;1.43461528;1.78573438;-0.76857456;-0.28413742;0.00000000;0.00000000
1361;136.10000000;0.00000000;19.45246867;5.87613198;1.43472586;1.78290145;-0.79445114;-0.26013541;0.00000000;0.00000000
1362;136.20000000;0.00000000;19.52177442;5.80410929;1.43280377;1.76771806;-0.82060164;-0.32038924;0.00000000;0.00000000
1363;136.30000000;0.00000000;19.58874074;5.72991107;1.42768745;1.75854066;-0.85852899;-0.40801266;0.00000000;0.00000000
1364;136.40000000;0.00000000;19.65238347;5.65285016;1.42368373;1.74581976;-0.90220417;-0.41229088;0.00000000;0.00000000
1365;136.50000000;0.00000000;19.71261750;5.57309814;1.42234844;1.73796544;-0.94098717;-0.38196410;0.00000000;0.00000000
1366;136.60000000;0.00000000;19.77009891;5.49133560;1.42462489;1.73924707;-0.97859699;-0.37951749;0.00000000;0.00000000
1367;136.70000000;0.00000000;19.82416690;5.40728599;1.42979522;1.74925930;-1.01689067;-0.38138474;0.00000000;0.00000000
1368;136.80000000;0.00000000;19.87522260;5.32136783;1.43432540;1.72697265;-1.05487394;-0.38344220;0.00000000;0.00000000
1369;136.90000000;0.00000000;19.92275388;5.23346031;1.42633341;1.71426450;-1.09357911;-0.38622293;0.00000000;0.00000000
1370;137.00000000;0.00000000;19.96701131;5.14385391;1.42163221;1.70560400;-1.13211853;-0.39787809;0.00000000;0.00000000
1371;137.10000000;0.00000000;20.00763104;5.05254971;1.41993535;1.69597162;-1.17315472;-0.40406462;0.00000000;0.00000000
1372;137.20000000;0.00000000;20.04439064;4.95962443;1.42108331;1.69638237;-1.21293145;-0.38300133;0.00000000;0.00000000
1373;137.30000000;0.00000000;20.07762794;4.86537578;1.42549060;1.69086661;-1.24975499;-0.37359362;0.00000000;0.00000000
1374;137.40000000;0.00000000;20.10745171;4.76999302;1.43328574;1.68854992;-1.28765017;-0.39050119;0.00000000;0.00000000
1375;137.50000000;0.00000000;20.13345543;4.67350483;1.44402703;1.69610439;-1.32785523;-0.40962223;0.00000000;0.00000000
1376;137.60000000;0.00000000;20.15552112;4.57603664;1.45467428;1.70311360;-1.36957462;-0.42543081;0.00000000;0.00000000
1377;137.70000000;0.00000000;20.17339190;4.47772079;1.44130293;1.71432803;-1.41294139;-0.43052915;0.00000000;0.00000000
1378;137.80000000;0.00000000;20.18693130;4.37871086;1.42756945;1.71316594;-1.45568045;-0.42025507;0.00000000;0.00000000
1379;137.90000000;0.00000000;20.19634363;4.27922293;1.41660030;1.70375968;-1.49699240;-0.41343699;0.00000000;0.00000000
1380;138.00000000;0.00000000;20.20166568;4.17943121;1.40853241;1.69844025;-1.53836785;-0.41665289;0.00000000;0.00000000
1381;138.10000000;0.00000000;20.20282245;4.07950490;1.40336379;1.69728437;4.70286233;-0.42019750;0.00000000;0.00000000
1382;138.20000000;0.00000000;20.19976207;3.97961795;1.40030774;1.70034581;4.66077796;-0.41924998;0.00000000;0.00000000
1383;138.30000000;0.00000000;20.19251387;3.87994630;1.39307161;1.70759725;4.61901233;-0.41546883;0.00000000;0.00000000
1384;138.40000000;0.00000000;20.18112992;3.78066060;1.38171281;1.71898869;4.57768419;-0.41155537;0.00000000;0.00000000
1385;138.50000000;0.00000000;20.16567694;3.68192499;1.36693277;1.73445576;4.53670126;-0.41136285;0.00000000;0.00000000
1386;138.60000000;0.00000000;20.14620172;3.58390188;1.35528070;1.75395475;4.49541162;-0.42425037;0.00000000;0.00000000
1387;138.70000000;0.00000000;20.12265709;3.48677741;1.34677531;1.77753747;4.45185118;-0.43609510;0.00000000;0.00000000
1388;138.80000000;0.00000000;20.09472614;3.39081837;1.34112000;1.80552871;4.40819260;-0.42575501;0.00000000;0.00000000
1389;138.90000000;0.00000000;20.06279982;3.29611283;1.33871437;1.80759453;4.36670018;-0.40035138;0.00000000;0.00000000
1390;139.00000000;0.00000000;20.02700920;3.20279437;1.33966217;1.81920286;4.32812233;-0.40265949;0.00000000;0.00000000
1391;139.10000000;0.00000000;19.98787793;3.11083162;1.34445340;1.81143356;4.28616828;-0.43328735;0.00000000;0.00000000
1392;139.20000000;0.00000000;19.94439256;3.02084130;1.34668683;1.81185428;4.24146486;-0.43274111;0.00000000;0.00000000
1393;139.30000000;0.00000000;19.89720413;2.93273571;1.35049794;1.81428575;4.19962006;-0.41846090;0.00000000;0.00000000
1394;139.40000000;0.00000000;19.84634784;2.84669427;1.35747987;1.82384793;4.15777268;-0.41736017;0.00000000;0.00000000
1395;139.50000000;0.00000000;19.79195832;2.76284049;1.36762459;1.83162004;4.11614802;-0.47088392;0.00000000;0.00000000
1396;139.60000000;0.00000000;19.73412769;2.68133208;1.38083493;1.82977053;4.06359589;-0.56994425;0.00000000;0.00000000
1397;139.70000000;0.00000000;19.67124590;2.60365266;1.39129845;1.83107526;4.00215917;-0.54393344;0.00000000;0.00000000
1398;139.80000000;0.00000000;19.60385444;2.52983894;1.39583971;1.81154194;3.95480920;-0.46531008;0.00000000;0.00000000
1399;139.90000000;0.00000000;19.53390820;2.45845320;1.39685761;1.79861003;3.90909716;-0.46606974;0.00000000;0.00000000
1400;140.00000000;0.00000000;19.46006124;2.39110178;1.39226464;1.79373504;3.86159526;-0.39890608;0.00000000;0.00000000
1401;140.10000000;0.00000000;19.38365098;2.32666672;1.38379715;1.79829971;3.82931594;-0.30774299;0.00000000;0.00000000
1402;140.20000000;0.00000000;19.30561085;2.26421835;1.37277280;1.80671615;3.80004666;-0.29999215;0.00000000;0.00000000
1403;140.30000000;0.00000000;19.22556199;2.20436423;1.36196308;1.79626406;3.76931751;-0.28993505;0.00000000;0.00000000
1404;140.40000000;0.00000000;19.14383162;2.14682554;1.35557979;1.79419805;3.74205965;-0.26003614;0.00000000;0.00000000
1405;140.50000000;0.00000000;19.06063853;2.09142092;1.35396533;1.80027560;3.71731029;-0.25681052;0.00000000;0.00000000
1406;140.60000000;0.00000000;18.97616000;2.03799577;1.35736445;1.81418714;3.69069754;-0.24953685;0.00000000;0.00000000
1407;140.70000000;0.00000000;18.89013730;1.98709560;1.36514235;1.81065913;3.66740292;-0.21275376;0.00000000;0.00000000
1408;140.80000000;0.00000000;18.80326321;1.93766329;1.36423135;1.79886296;3.64814679;-0.18194369;0.00000000;0.00000000
1409;140.90000000;0.00000000;18.71534660;1.89011413;1.36237711;1.79070820;3.63101418;-0.16761701;0.00000000;0.00000000
1410;141.00000000;0.00000000;18.62683021;1.84368708;1.36657599;1.78048195;3.61462339;-0.17065974;0.00000000;0.00000000
1411;141.10000000;0.00000000;18.53740503;1.79904639;1.37604610;1.76912489;3.59688223;-0.14615016;0.00000000;0.00000000
1412;141.20000000;0.00000000;18.44729835;1.75578905;1.39113097;1.75546156;3.58539336;-0.09056039;0.00000000;0.00000000
1413;141.30000000;0.00000000;18.35686583;1.71321228;1.41241141;1.74192287;3.57877015;-0.07044045;0.00000000;0.00000000
1414;141.40000000;0.00000000;18.26619286;1.67115175;1.43978731;1.71967596;3.57130527;-0.08609392;0.00000000;0.00000000
1415;141.50000000;0.00000000;18.17513619;1.62993046;1.46367432;1.69882037;3.56155137;-0.08361102;0.00000000;0.00000000
1416;141.60000000;0.00000000;18.08365924;1.58964629;1.47697939;1.68438161;3.55458306;-0.04990193;0.00000000;0.00000000
1417;141.70000000;0.00000000;17.99203531;1.54969727;1.49469216;1.66446293;3.55157099;-0.02221388;0.00000000;0.00000000
1418;141.80000000;0.00000000;17.90031724;1.50996485;1.51427222;1.64009567;3.55014029;0.00751408;0.00000000;0.00000000
1419;141.90000000;0.00000000;17.80857938;1.47027817;1.52713169;1.62158322;3.55307380;0.03181326;0.00000000;0.00000000
1420;142.00000000;0.00000000;17.71709658;1.43000859;1.53592854;1.60844490;3.55650294;0.01712479;0.00000000;0.00000000
1421;142.10000000;0.00000000;17.62563310;1.38969371;1.55117819;1.60139992;3.55649876;0.00276564;0.00000000;0.00000000
1422;142.20000000;0.00000000;17.53414939;1.34942463;1.57259661;1.58223047;3.55705606;0.02159838;0.00000000;0.00000000
1423;142.30000000;0.00000000;17.44273096;1.30900785;1.59237502;1.56422590;3.56081844;0.05917616;0.00000000;0.00000000
1424;142.40000000;0.00000000;17.35155442;1.26805223;1.60352694;1.55187239;3.56889130;0.08533218;0.00000000;0.00000000
1425;142.50000000;0.00000000;17.26080085;1.22616497;1.62177877;1.53499786;3.57788487;0.09016422;0.00000000;0.00000000
1426;142.60000000;0.00000000;17.17037485;1.18357565;1.63662505;1.50354699;3.58692414;0.10394052;0.00000000;0.00000000
1427;142.70000000;0.00000000;17.08039347;1.14005471;1.64612715;1.47719294;3.59867297;0.13400113;0.00000000;0.00000000
1428;142.80000000;0.00000000;16.99099265;1.09535233;1.66289070;1.45593573;3.61372436;0.14634846;0.00000000;0.00000000
1429;142.90000000;0.00000000;16.90236129;1.04914247;1.68705877;1.43963190;3.62794267;0.17381079;0.00000000;0.00000000
1430;143.00000000;0.00000000;16.81426752;1.00191619;1.71345160;1.42899703;3.64848652;0.24319170;0.00000000;0.00000000
1431;143.10000000;0.00000000;16.72761202;0.95210634;1.72348985;1.42235288;3.67658101;0.31842408;0.00000000;0.00000000
1432;143.20000000;0.00000000;16.64231162;0.90000867;1.73067995;1.42005872;3.71217134;0.37843385;0.00000000;0.00000000
1433;143.30000000;0.00000000;16.55942149;0.84416413;1.74059124;1.42034263;3.75226778;0.36431263;0.00000000;0.00000000
1434;143.40000000;0.00000000;16.47856881;0.78540110;1.75633003;1.42409643;3.78503387;0.35683171;0.00000000;0.00000000
1435;143.50000000;0.00000000;16.39951100;0.72424623;1.76150972;1.43185376;3.82363412;0.45035441;0.00000000;0.00000000
1436;143.60000000;0.00000000;16.32343850;0.65942856;1.76765961;1.43981673;3.87510475;0.54534324;0.00000000;0.00000000
1437;143.70000000;0.00000000;16.25110013;0.59048911;1.78488624;1.44421871;3.93270277;0.59314217;0.00000000;0.00000000
1438;143.80000000;0.00000000;16.18298939;0.51736573;1.81319106;1.44957768;3.99373318;0.63651598;0.00000000;0.00000000
1439;143.90000000;0.00000000;16.11960282;0.44015362;1.82414163;1.45556159;4.06000596;0.69278477;0.00000000;0.00000000
1440;144.00000000;0.00000000;16.06175819;0.35868022;1.84082694;1.46140189;4.13229014;0.71109066;0.00000000;0.00000000
1441;144.10000000;0.00000000;16.01014681;0.27312420;1.86478893;1.46661291;4.20222409;0.69199961;0.00000000;0.00000000
1442;144.20000000;0.00000000;15.96422070;0.18437392;1.86439390;1.47210121;4.27069006;0.70517231;0.00000000;0.00000000
1443;144.30000000;0.00000000;15.92477251;0.09257450;1.82508217;1.47720273;4.34325856;0.72543289;0.00000000;0.00000000
1444;144.40000000;0.00000000;15.89217517;-0.00185613;1.79260363;1.48126377;4.41577664;0.70561974;0.00000000;0.00000000
1445;144.50000000;0.00000000;15.86640858;-0.09838924;1.76692361;1.47910261;4.48438250;0.65948305;0.00000000;0.00000000
1446;144.60000000;0.00000000;15.84702976;-0.19641359;1.74759984;1.47712992;4.54767325;0.63597819;0.00000000;0.00000000
1447;144.70000000;0.00000000;15.83365278;-0.29545012;1.73425232;1.47582957;4.61157814;0.63412020;0.00000000;0.00000000
1448;144.80000000;0.00000000;15.82692534;-0.39516469;1.72753476;1.47461213;4.67449729;0.60110149;0.00000000;0.00000000
1449;144.90000000;0.00000000;15.82608417;-0.49509787;1.72669564;1.47427721;-1.55138687;0.55886005;0.00000000;0.00000000
1450;145.00000000;0.00000000;15.83080292;-0.59491750;1.73141751;1.46955563;-1.49691601;0.52520921;0.00000000;0.00000000
1451;145.10000000;0.00000000;15.84083149;-0.69434556;1.71714876;1.46511562;-1.44634503;0.49202654;0.00000000;0.00000000
1452;145.20000000;0.00000000;15.85560464;-0.79317611;1.70504447;1.46270371;-1.39851070;0.47020083;0.00000000;0.00000000
1453;145.30000000;0.00000000;15.87508483;-0.89119172;1.70351893;1.46234028;-1.35230486;0.44772310;0.00000000;0.00000000
1454;145.40000000;0.00000000;15.89891548;-0.98823836;1.69746803;1.46434745;-1.30896608;0.41082953;0.00000000;0.00000000
1455;145.50000000;0.00000000;15.92680964;-1.08420749;1.69346375;1.46896485;-1.27013895;0.37682217;0.00000000;0.00000000
1456;145.60000000;0.00000000;15.95809884;-1.17911753;1.68353598;1.47680326;-1.23360165;0.34703871;0.00000000;0.00000000
1457;145.70000000;0.00000000;15.99292683;-1.27279926;1.68325207;1.48761620;-1.20073121;0.32393116;0.00000000;0.00000000
1458;145.80000000;0.00000000;16.03038708;-1.36545717;1.67340093;1.49876256;-1.16881542;0.32460771;0.00000000;0.00000000
1459;145.90000000;0.00000000;16.07112197;-1.45673148;1.66380699;1.50642666;-1.13580967;0.33072118;0.00000000;0.00000000
1460;146.00000000;0.00000000;16.11461736;-1.54672603;1.65384777;1.49695901;-1.10267118;0.30528566;0.00000000;0.00000000
1461;146.10000000;0.00000000;16.16130692;-1.63510026;1.65163925;1.49055160;-1.07475254;0.25712328;0.00000000;0.00000000
1462;146.20000000;0.00000000;16.20975509;-1.72252396;1.65746627;1.48883421;-1.05124653;0.25821833;0.00000000;0.00000000
1463;146.30000000;0.00000000;16.26054121;-1.80859765;1.66386739;1.49112363;-1.02310887;0.27242010;0.00000000;0.00000000
1464;146.40000000;0.00000000;16.31382366;-1.89314835;1.64769858;1.49717554;-0.99676251;0.22599327;0.00000000;0.00000000
1465;146.50000000;0.00000000;16.36907919;-1.97643787;1.63981711;1.50204894;-0.97791022;0.20448574;0.00000000;0.00000000
1466;146.60000000;0.00000000;16.42551741;-2.05892911;1.63943464;1.51127000;-0.95586536;0.23485438;0.00000000;0.00000000
1467;146.70000000;0.00000000;16.48439183;-2.13970455;1.64424077;1.52405831;-0.93093934;0.23353543;0.00000000;0.00000000
1468;146.80000000;0.00000000;16.54487126;-2.21928165;1.64467662;1.53755742;-0.90915827;0.20838697;0.00000000;0.00000000
1469;146.90000000;0.00000000;16.60720029;-2.29740746;1.63352003;1.54872431;-0.88926195;0.16619193;0.00000000;0.00000000
1470;147.00000000;0.00000000;16.67079825;-2.37451666;1.62397658;1.55827609;-0.87591989;0.13582845;0.00000000;0.00000000
1471;147.10000000;0.00000000;16.73519511;-2.45095811;1.61673659;1.56679133;-0.86209626;0.18178633;0.00000000;0.00000000
1472;147.20000000;0.00000000;16.80090145;-2.52628106;1.61738083;1.57359030;-0.83956262;0.22262951;0.00000000;0.00000000
1473;147.30000000;0.00000000;16.86867648;-2.59974326;1.61350024;1.57761129;-0.81757035;0.18756747;0.00000000;0.00000000
1474;147.40000000;0.00000000;16.93762803;-2.67210091;1.60356016;1.58001950;-0.80204913;0.15514597;0.00000000;0.00000000
1475;147.50000000;0.00000000;17.00764976;-2.74342342;1.60130363;1.58441555;-0.78654116;0.17856079;0.00000000;0.00000000
1476;147.60000000;0.00000000;17.07881130;-2.81360729;1.60199390;1.59347712;-0.76633697;0.20394951;0.00000000;0.00000000
1477;147.70000000;0.00000000;17.15166044;-2.88204612;1.60511031;1.59476157;-0.74575126;0.16097082;0.00000000;0.00000000
1478;147.80000000;0.00000000;17.22565376;-2.94924444;1.59833137;1.57824829;-0.73414281;0.09827784;0.00000000;0.00000000
1479;147.90000000;0.00000000;17.30007164;-3.01597329;1.58195123;1.56731395;-0.72609569;0.09568601;0.00000000;0.00000000
1480;148.00000000;0.00000000;17.37513513;-3.08197056;1.56971353;1.56091098;-0.71500560;0.11450951;0.00000000;0.00000000
1481;148.10000000;0.00000000;17.45101373;-3.14703178;1.56502213;1.55327228;-0.70319379;0.12159009;0.00000000;0.00000000
1482;148.20000000;0.00000000;17.52761792;-3.21123979;1.56782488;1.54451992;-0.69068759;0.12531887;0.00000000;0.00000000
1483;148.30000000;0.00000000;17.60510106;-3.27438384;1.57833925;1.53514794;-0.67813002;0.11588895;0.00000000;0.00000000
1484;148.40000000;0.00000000;17.68329162;-3.33664635;1.59616625;1.53112239;-0.66750980;0.09987036;0.00000000;0.00000000
1485;148.50000000;0.00000000;17.76209725;-3.39812964;1.61166260;1.53262308;-0.65815594;0.09219937;0.00000000;0.00000000
1486;148.60000000;0.00000000;17.84143988;-3.45891936;1.61638700;1.53745022;-0.64906992;0.07477921;0.00000000;0.00000000
1487;148.70000000;0.00000000;17.92135110;-3.51896156;1.61480486;1.54397899;-0.64320010;0.07264228;0.00000000;0.00000000
1488;148.80000000;0.00000000;18.00140279;-3.57881633;1.59225976;1.55667945;-0.63454146;0.10829225;0.00000000;0.00000000
1489;148.90000000;0.00000000;18.08233749;-3.63746261;1.57722931;1.57178481;-0.62154165;0.11066563;0.00000000;0.00000000
1490;149.00000000;0.00000000;18.16391727;-3.69521553;1.56188715;1.58272259;-0.61240834;0.08856384;0.00000000;0.00000000
1491;149.10000000;0.00000000;18.24591327;-3.75237619;1.54946503;1.59913280;-0.60382888;0.08309378;0.00000000;0.00000000
1492;149.20000000;0.00000000;18.32847283;-3.80872144;1.54442010;1.62058945;-0.59578958;0.06814362;0.00000000;0.00000000
1493;149.30000000;0.00000000;18.41137789;-3.86455680;1.54645045;1.62845392;-0.59020016;0.05284558;0.00000000;0.00000000
1494;149.40000000;0.00000000;18.49456176;-3.91997538;1.55225966;1.63257942;-0.58522047;0.04942664;0.00000000;0.00000000
1495;149.50000000;0.00000000;18.57801850;-3.97498211;1.56198061;1.64229757;-0.58031483;0.04914665;0.00000000;0.00000000
1496;149.60000000;0.00000000;18.66174222;-4.02958198;1.57846303;1.63708395;-0.57539114;0.08085304;0.00000000;0.00000000
1497;149.70000000;0.00000000;18.74573699;-4.08376450;1.56200617;1.63513446;-0.56414422;0.12521611;0.00000000;0.00000000
1498;149.80000000;0.00000000;18.83066745;-4.13646735;1.55152734;1.63754144;-0.55034791;0.10858333;0.00000000;0.00000000
1499;149.90000000;0.00000000;18.91612382;-4.18831113;1.54845435;1.63111035;-0.54242756;0.06348478;0.00000000;0.00000000
1500;150.00000000;0.00000000;19.00187858;-4.23966217;1.54277902;1.62692154;-0.53765096;0.04249995;0.00000000;0.00000000
1501;150.10000000;0.00000000;19.08782741;-4.29068786;1.54156915;1.62789725;-0.53392757;0.03771349;0.00000000;0.00000000
1502;150.20000000;0.00000000;19.17396239;-4.34139899;1.54715533;1.61588425;-0.53010826;0.05565764;0.00000000;0.00000000
1503;150.30000000;0.00000000;19.26029868;-4.39176679;1.55353681;1.60573886;-0.52279604;0.07433899;0.00000000;0.00000000
1504;150.40000000;0.00000000;19.34716544;-4.44121252;1.55489239;1.60071485;-0.51524046;0.05741916;0.00000000;0.00000000
1505;150.50000000;0.00000000;19.43425275;-4.49026987;1.55756960;1.60147767;-0.51131221;0.04532708;0.00000000;0.00000000
1506;150.60000000;0.00000000;19.52150580;-4.53903190;1.55487929;1.60685417;-0.50617505;0.07306734;0.00000000;0.00000000
1507;150.70000000;0.00000000;19.60909027;-4.58719065;1.54164158;1.60167115;-0.49669874;0.08064752;0.00000000;0.00000000
1508;150.80000000;0.00000000;19.69725191;-4.63429045;1.53601761;1.60151168;-0.49004554;0.05798482;0.00000000;0.00000000
1509;150.90000000;0.00000000;19.78547193;-4.68128085;1.53701140;1.60745561;-0.48510178;0.06567932;0.00000000;0.00000000
1510;151.00000000;0.00000000;19.87409490;-4.72750664;1.54393252;1.61870344;-0.47690968;0.07996541;0.00000000;0.00000000
1511;151.10000000;0.00000000;19.96307244;-4.77304512;1.54439146;1.63523397;-0.46910869;0.06806361;0.00000000;0.00000000
1512;151.20000000;0.00000000;20.05240506;-4.81788227;1.53718048;1.65687575;-0.46329695;0.04949678;0.00000000;0.00000000
1513;151.30000000;0.00000000;20.14190637;-4.86238371;1.53682737;1.65975341;-0.45920934;0.05047494;0.00000000;0.00000000
1514;151.40000000;0.00000000;20.23160256;-4.90648906;1.53657675;1.65637855;-0.45320197;0.06812824;0.00000000;0.00000000
1515;151.50000000;0.00000000;20.32163138;-4.94991165;1.53838163;1.64988083;-0.44558369;0.07400174;0.00000000;0.00000000
1516;151.60000000;0.00000000;20.41198946;-4.99264541;1.54741559;1.62858920;-0.43840162;0.03983240;0.00000000;0.00000000
1517;151.70000000;0.00000000;20.50263334;-5.03477068;1.56346341;1.60984738;-0.43761721;0.01512640;0.00000000;0.00000000
1518;151.80000000;0.00000000;20.59305886;-5.07736287;1.55866339;1.59766568;-0.43537634;0.04240473;0.00000000;0.00000000
1519;151.90000000;0.00000000;20.68389044;-5.11908140;1.54042343;1.59071686;-0.42913626;0.05595015;0.00000000;0.00000000
1520;152.00000000;0.00000000;20.77484041;-5.16054176;1.52879816;1.58974948;-0.42418631;0.08874255;0.00000000;0.00000000
1521;152.10000000;0.00000000;20.86608006;-5.20135880;1.52436061;1.59391575;-0.41138775;0.14847378;0.00000000;0.00000000
1522;152.20000000;0.00000000;20.95805448;-5.24047478;1.52831802;1.59134402;-0.39449155;0.14665750;0.00000000;0.00000000
1523;152.30000000;0.00000000;21.05062051;-5.27818578;1.53225902;1.57829299;-0.38205625;0.10963329;0.00000000;0.00000000
1524;152.40000000;0.00000000;21.14354507;-5.31500471;1.53364102;1.56829132;-0.37256489;0.09349908;0.00000000;0.00000000
1525;152.50000000;0.00000000;21.23681046;-5.35095195;1.54244616;1.56368796;-0.36335644;0.09038890;0.00000000;0.00000000
1526;152.60000000;0.00000000;21.33039763;-5.38605346;1.55760338;1.56456200;-0.35448711;0.07916500;0.00000000;0.00000000
1527;152.70000000;0.00000000;21.42428634;-5.42034088;1.56902669;1.56295316;-0.34752344;0.03682004;0.00000000;0.00000000
1528;152.80000000;0.00000000;21.51835383;-5.45413580;1.58613558;1.53379963;-0.34712311;0.01334274;0.00000000;0.00000000
1529;152.90000000;0.00000000;21.61227019;-5.48834811;1.59266395;1.51114418;-0.34485489;0.05518711;0.00000000;0.00000000
1530;153.00000000;0.00000000;21.70649016;-5.52171600;1.60007402;1.49395320;-0.33608568;0.12937153;0.00000000;0.00000000
1531;153.10000000;0.00000000;21.80099224;-5.55427605;1.60925115;1.48245982;-0.31898058;0.17247088;0.00000000;0.00000000
1532;153.20000000;0.00000000;21.89629862;-5.58440184;1.62705219;1.47509068;-0.30159151;0.13046366;0.00000000;0.00000000
1533;153.30000000;0.00000000;21.99187587;-5.61365631;1.65160273;1.47356383;-0.29288785;0.08288011;0.00000000;0.00000000
1534;153.40000000;0.00000000;22.08769192;-5.64211851;1.66975028;1.47798224;-0.28501549;0.11258237;0.00000000;0.00000000
1535;153.50000000;0.00000000;22.18371775;-5.66986452;1.68002638;1.48344377;-0.27037138;0.15422582;0.00000000;0.00000000
1536;153.60000000;0.00000000;22.28032221;-5.69550753;1.68371824;1.47373570;-0.25417032;0.12877944;0.00000000;0.00000000
1537;153.70000000;0.00000000;22.37719632;-5.72012811;1.69256626;1.46511418;-0.24461549;0.09298363;0.00000000;0.00000000
1538;153.80000000;0.00000000;22.47427673;-5.74392133;1.69179229;1.44775250;-0.23557360;0.12494266;0.00000000;0.00000000
1539;153.90000000;0.00000000;22.57157974;-5.76678601;1.69029888;1.43619670;-0.21962696;0.17307613;0.00000000;0.00000000
1540;154.00000000;0.00000000;22.66936243;-5.78746987;1.69334919;1.42931102;-0.20095837;0.15333317;0.00000000;0.00000000
1541;154.10000000;0.00000000;22.76745103;-5.80668656;1.70376004;1.42789970;-0.18896033;0.10192251;0.00000000;0.00000000
1542;154.20000000;0.00000000;22.86570885;-5.82501954;1.71724363;1.43257716;-0.18057387;0.13512610;0.00000000;0.00000000
1543;154.30000000;0.00000000;22.96410640;-5.84258845;1.72469571;1.44340563;-0.16193511;0.21308937;0.00000000;0.00000000
1544;154.40000000;0.00000000;23.06295956;-5.85724352;1.74077452;1.43922560;-0.13795600;0.20572271;0.00000000;0.00000000
1545;154.50000000;0.00000000;23.16208652;-5.87007559;1.73000244;1.42621960;-0.12079056;0.15385767;0.00000000;0.00000000
1546;154.60000000;0.00000000;23.26139900;-5.88133039;1.71874172;1.41565352;-0.10718446;0.13425578;0.00000000;0.00000000
1547;154.70000000;0.00000000;23.36083845;-5.89146067;1.70860680;1.40727808;-0.09393941;0.13146989;0.00000000;0.00000000
1548;154.80000000;0.00000000;23.46041442;-5.90008097;1.69998311;1.40446047;-0.08089048;0.12852251;0.00000000;0.00000000
1549;154.90000000;0.00000000;23.56008441;-5.90761301;1.69244851;1.40765735;-0.06823490;0.15097064;0.00000000;0.00000000
1550;155.00000000;0.00000000;23.65984697;-5.91371039;1.68634934;1.41375642;-0.05069636;0.18741903;0.00000000;0.00000000
1551;155.10000000;0.00000000;23.75971509;-5.91774224;1.68231653;1.41778920;-0.03075110;0.16595885;0.00000000;0.00000000
1552;155.20000000;0.00000000;23.85964290;-5.91985627;1.68020198;1.41990374;-0.01750459;0.11053277;0.00000000;0.00000000
1553;155.30000000;0.00000000;23.95958764;-5.92124128;1.67881656;1.42128916;-0.00864454;0.08639199;0.00000000;0.00000000
1554;155.40000000;0.00000000;24.05953760;-5.92158431;1.67847313;1.42163258;-0.00022619;0.07832508;0.00000000;0.00000000
1555;155.50000000;0.00000000;24.15949147;-5.92128650;1.67877056;1.42402421;0.00702047;0.09008011;0.00000000;0.00000000
1556;155.60000000;0.00000000;24.25943718;-5.92018090;1.67987568;1.43259705;0.01778983;0.09116226;0.00000000;0.00000000
1557;155.70000000;0.00000000;24.35935950;-5.91773051;1.68232536;1.44671213;0.02525292;0.05191641;0.00000000;0.00000000
1558;155.80000000;0.00000000;24.45927961;-5.91513322;1.68492192;1.46737220;0.02817311;0.05214599;0.00000000;0.00000000
1559;155.90000000;0.00000000;24.55918624;-5.91209927;1.68795502;1.49402855;0.03568212;0.11025394;0.00000000;0.00000000
1560;156.00000000;0.00000000;24.65905536;-5.90800177;1.69205135;1.50828550;0.05022390;0.17740927;0.00000000;0.00000000
1561;156.10000000;0.00000000;24.75882600;-5.90206415;1.69798699;1.50234457;0.07116398;0.19038967;0.00000000;0.00000000
1562;156.20000000;0.00000000;24.85843038;-5.89378945;1.69640402;1.49406381;0.08830184;0.13515186;0.00000000;0.00000000
1563;156.30000000;0.00000000;24.95794606;-5.88443564;1.67606645;1.48470248;0.09819435;0.08944337;0.00000000;0.00000000
1564;156.40000000;0.00000000;25.05737072;-5.87419161;1.66239273;1.47970067;0.10619051;0.04721004;0.00000000;0.00000000
1565;156.50000000;0.00000000;25.15672407;-5.86324760;1.65535707;1.48073825;0.10763636;-0.00671033;0.00000000;0.00000000
1566;156.60000000;0.00000000;25.25612134;-5.85271581;1.65392712;1.48891415;0.10484845;-0.00028506;0.00000000;0.00000000
1567;156.70000000;0.00000000;25.35553352;-5.84232602;1.65838839;1.50113465;0.10757934;0.03472638;0.00000000;0.00000000
1568;156.80000000;0.00000000;25.45487201;-5.83125148;1.66947758;1.51572825;0.11179372;0.00153394;0.00000000;0.00000000
1569;156.90000000;0.00000000;25.55419231;-5.82002422;1.65981567;1.52040876;0.10788613;-0.03474745;0.00000000;0.00000000
1570;157.00000000;0.00000000;25.65361466;-5.80972632;1.64206855;1.51113525;0.10484423;-0.00664376;0.00000000;0.00000000
1571;157.10000000;0.00000000;25.75300290;-5.79910337;1.63059304;1.50811553;0.10655738;-0.03646002;0.00000000;0.00000000
1572;157.20000000;0.00000000;25.85238900;-5.78846492;1.62521100;1.51169760;0.09755223;-0.09889086;0.00000000;0.00000000
1573;157.30000000;0.00000000;25.95195243;-5.77963360;1.62415223;1.52364754;0.08677921;-0.06990044;0.00000000;0.00000000
1574;157.40000000;0.00000000;26.05154512;-5.77113880;1.62889987;1.54232708;0.08357214;-0.03695668;0.00000000;0.00000000
1575;157.50000000;0.00000000;26.15116310;-5.76294627;1.63709487;1.56295209;0.07938787;-0.09030532;0.00000000;0.00000000
1576;157.60000000;0.00000000;26.25082319;-5.75528521;1.61478979;1.55529018;0.06551108;-0.15695278;0.00000000;0.00000000
1577;157.70000000;0.00000000;26.35062475;-5.74986060;1.59385529;1.54986510;0.04799732;-0.17823097;0.00000000;0.00000000
1578;157.80000000;0.00000000;26.45049129;-5.74569431;1.57773077;1.54569852;0.02986488;-0.19663061;0.00000000;0.00000000
1579;157.90000000;0.00000000;26.55041995;-5.74389196;1.56546849;1.54389601;0.00867119;-0.19074491;0.00000000;0.00000000
1580;158.00000000;0.00000000;26.65037182;-5.74396107;1.55765716;1.54396501;-0.00828410;-0.16333619;0.00000000;0.00000000
1581;158.10000000;0.00000000;26.75031054;-5.74554791;1.55472160;1.54555172;-0.02399604;-0.16292216;0.00000000;0.00000000
1582;158.20000000;0.00000000;26.85020997;-5.74875731;1.55151090;1.54876090;-0.04086853;-0.20506629;0.00000000;0.00000000
1583;158.30000000;0.00000000;26.95003704;-5.75371499;1.54655087;1.55371821;-0.06500930;-0.27537423;0.00000000;0.00000000
1584;158.40000000;0.00000000;27.04964911;-5.76174101;1.53851907;1.56174350;-0.09594338;-0.29344959;0.00000000;0.00000000
1585;158.50000000;0.00000000;27.14897569;-5.77286062;1.52738904;1.57286208;-0.12369922;-0.26659191;0.00000000;0.00000000
1586;158.60000000;0.00000000;27.24800162;-5.78640298;1.51383147;1.58640347;-0.14926176;-0.27010933;0.00000000;0.00000000
1587;158.70000000;0.00000000;27.34662827;-5.80258366;1.50264732;1.60258383;-0.17772108;-0.29264250;0.00000000;0.00000000
1588;158.80000000;0.00000000;27.44472009;-5.82173678;1.49504317;1.62173845;-0.20779026;-0.30084571;0.00000000;0.00000000
1589;158.90000000;0.00000000;27.54219724;-5.84381613;1.48870623;1.64382312;-0.23789023;-0.30647310;0.00000000;0.00000000
1590;159.00000000;0.00000000;27.63896144;-5.86883676;1.48207982;1.66800195;-0.26908488;-0.36576254;0.00000000;0.00000000
1591;159.10000000;0.00000000;27.73487327;-5.89695101;1.47897036;1.66485892;-0.31104273;-0.44267853;0.00000000;0.00000000
1592;159.20000000;0.00000000;27.82919380;-5.92999221;1.47743472;1.67286927;-0.35762059;-0.44510996;0.00000000;0.00000000
1593;159.30000000;0.00000000;27.92207673;-5.96690684;1.47852733;1.68544038;-0.40006473;-0.43211028;0.00000000;0.00000000
1594;159.40000000;0.00000000;28.01326236;-6.00782919;1.48202069;1.69713119;-0.44404265;-0.44918938;0.00000000;0.00000000
1595;159.50000000;0.00000000;28.10253573;-6.05275635;1.48780524;1.71599396;-0.48990260;-0.48834563;0.00000000;0.00000000
1596;159.60000000;0.00000000;28.18957866;-6.10185216;1.49555385;1.74257256;-0.54171177;-0.55442214;0.00000000;0.00000000
1597;159.70000000;0.00000000;28.27369792;-6.15575471;1.50432369;1.76715972;-0.60078703;-0.58328827;0.00000000;0.00000000
1598;159.80000000;0.00000000;28.35434155;-6.21476298;1.51352669;1.78518249;-0.65836943;-0.55898797;0.00000000;0.00000000
1599;159.90000000;0.00000000;28.43172253;-6.27798603;1.52355029;1.80672682;-0.71258462;-0.54849918;0.00000000;0.00000000
1600;160.00000000;0.00000000;28.50550804;-6.34537579;1.52807588;1.79666184;-0.76806926;-0.60420979;0.00000000;0.00000000
1601;160.10000000;0.00000000;28.57541943;-6.41678706;1.52740930;1.78351174;-0.83342658;-0.67550676;0.00000000;0.00000000
1602;160.20000000;0.00000000;28.63979484;-6.49322349;1.52580414;1.76635424;-0.90317062;-0.69123917;0.00000000;0.00000000
1603;160.30000000;0.00000000;28.69908850;-6.57364850;1.52428260;1.74007179;-0.97167441;-0.68759238;0.00000000;0.00000000
1604;160.40000000;0.00000000;28.75240855;-6.65814105;1.52208248;1.72606597;-1.04068909;-0.66977791;0.00000000;0.00000000
1605;160.50000000;0.00000000;28.80007331;-6.74595957;1.51987853;1.72432558;-1.10563000;-0.64191094;0.00000000;0.00000000
1606;160.60000000;0.00000000;28.84199925;-6.83664420;1.51445497;1.73475021;-1.16907128;-0.63440808;0.00000000;0.00000000
1607;160.70000000;0.00000000;28.87817010;-6.92979106;1.50661477;1.75693416;-1.23251161;-0.62510205;0.00000000;0.00000000
1608;160.80000000;0.00000000;28.90828837;-7.02506826;1.49896476;1.77608288;-1.29409169;-0.61580621;0.00000000;0.00000000
1609;160.90000000;0.00000000;28.93274667;-7.12196896;1.49206787;1.76737593;-1.35567285;-0.61629923;0.00000000;0.00000000
1610;161.00000000;0.00000000;28.95093477;-7.22024221;1.48543039;1.74921044;-1.41735154;-0.59356849;0.00000000;0.00000000
1611;161.10000000;0.00000000;28.96328387;-7.31941560;1.47959444;1.73687326;-1.47438655;-0.55542483;0.00000000;0.00000000
1612;161.20000000;0.00000000;28.97016759;-7.41911408;1.47500715;1.72999424;-1.52843650;-0.53231767;0.00000000;0.00000000
1613;161.30000000;0.00000000;28.97174471;-7.51903354;1.47187300;1.72841835;4.70233522;-0.51547910;0.00000000;0.00000000
1614;161.40000000;0.00000000;28.96815892;-7.61890037;1.46828928;1.73200563;4.65165298;-0.50044047;0.00000000;0.00000000
1615;161.50000000;0.00000000;28.95961718;-7.71846420;1.45975422;1.74055258;4.60224713;-0.48695765;0.00000000;0.00000000
1616;161.60000000;0.00000000;28.94619693;-7.81749072;1.44835159;1.72311952;4.55426145;-0.47544739;0.00000000;0.00000000
1617;161.70000000;0.00000000;28.92815387;-7.91577725;1.43911313;1.71572187;4.50715765;-0.46258793;0.00000000;0.00000000
1618;161.80000000;0.00000000;28.90547776;-8.01310346;1.43205073;1.71885620;4.46174387;-0.44032233;0.00000000;0.00000000
1619;161.90000000;0.00000000;28.87859271;-8.10935347;1.42760055;1.73207671;4.41909319;-0.41876405;0.00000000;0.00000000
1620;162.00000000;0.00000000;28.84770611;-8.20439675;1.42572758;1.75497203;4.37799106;-0.40426073;0.00000000;0.00000000
1621;162.10000000;0.00000000;28.81300729;-8.29811769;1.42055158;1.78647622;4.33824104;-0.39129209;0.00000000;0.00000000
1622;162.20000000;0.00000000;28.77466847;-8.39041222;1.41848860;1.78094006;4.29973264;-0.37743228;0.00000000;0.00000000
1623;162.30000000;0.00000000;28.73285890;-8.48119142;1.41805201;1.77516693;4.26275458;-0.36057520;0.00000000;0.00000000
1624;162.40000000;0.00000000;28.68780165;-8.57040820;1.40965686;1.77783254;4.22761760;-0.35229509;0.00000000;0.00000000
1625;162.50000000;0.00000000;28.63971653;-8.65803598;1.40490335;1.77227209;4.19229556;-0.35015791;0.00000000;0.00000000
1626;162.60000000;0.00000000;28.58847143;-8.74385445;1.40361296;1.75588314;4.15758602;-0.33655286;0.00000000;0.00000000
1627;162.70000000;0.00000000;28.53442651;-8.82793171;1.40614026;1.74314682;4.12498499;-0.32296792;0.00000000;0.00000000
1628;162.80000000;0.00000000;28.47770425;-8.91022091;1.41253833;1.73929913;4.09299243;-0.31811151;0.00000000;0.00000000
1629;162.90000000;0.00000000;28.41839864;-8.99066402;1.42279170;1.74435780;4.06136269;-0.30167275;0.00000000;0.00000000
1630;163.00000000;0.00000000;28.35659112;-9.06919852;1.43255563;1.74966769;4.03265788;-0.26894605;0.00000000;0.00000000
1631;163.10000000;0.00000000;28.29276390;-9.14611086;1.44181344;1.74040986;4.00757348;-0.25947297;0.00000000;0.00000000
1632;163.20000000;0.00000000;28.22709422;-9.22144861;1.44865292;1.73357044;3.98076329;-0.28139450;0.00000000;0.00000000
1633;163.30000000;0.00000000;28.15923834;-9.29482796;1.45255993;1.72966347;3.95129458;-0.30084951;0.00000000;0.00000000
1634;163.40000000;0.00000000;28.08923892;-9.36617302;1.45351205;1.72871138;3.92059339;-0.31581109;0.00000000;0.00000000
1635;163.50000000;0.00000000;28.01700112;-9.43525681;1.45345274;1.73094060;3.88813236;-0.29551770;0.00000000;0.00000000
1636;163.60000000;0.00000000;27.94251971;-9.50191085;1.45695613;1.72757281;3.86148985;-0.25319598;0.00000000;0.00000000
1637;163.70000000;0.00000000;27.86670786;-9.56704687;1.46527343;1.71166333;3.83749317;-0.26654730;0.00000000;0.00000000
1638;163.80000000;0.00000000;27.78912183;-9.63004481;1.47756847;1.70426019;3.80818039;-0.30377723;0.00000000;0.00000000
1639;163.90000000;0.00000000;27.70963315;-9.69061991;1.48822759;1.70578029;3.77673772;-0.29561228;0.00000000;0.00000000
1640;164.00000000;0.00000000;27.62824468;-9.74861525;1.50036353;1.69657667;3.74905793;-0.23313819;0.00000000;0.00000000
1641;164.10000000;0.00000000;27.54551432;-9.80470755;1.50535168;1.68726636;3.73011008;-0.20048405;0.00000000;0.00000000
1642;164.20000000;0.00000000;27.46198158;-9.85958099;1.51122404;1.68027937;3.70896112;-0.22767762;0.00000000;0.00000000
1643;164.30000000;0.00000000;27.37695540;-9.91212377;1.50028146;1.68198906;3.68457456;-0.24779914;0.00000000;0.00000000
1644;164.40000000;0.00000000;27.29083966;-9.96286347;1.49384532;1.68684055;3.65940129;-0.26958448;0.00000000;0.00000000
1645;164.50000000;0.00000000;27.20327405;-10.01106234;1.49115833;1.68083209;3.63065766;-0.26324978;0.00000000;0.00000000
1646;164.60000000;0.00000000;27.11438558;-10.05677017;1.49234794;1.66954557;3.60675134;-0.22855490;0.00000000;0.00000000
1647;164.70000000;0.00000000;27.02461940;-10.10072738;1.49826258;1.66220030;3.58494669;-0.23044620;0.00000000;0.00000000
1648;164.80000000;0.00000000;26.93382763;-10.14251433;1.49653951;1.66023645;3.56066210;-0.24237773;0.00000000;0.00000000
1649;164.90000000;0.00000000;26.84203822;-10.18205942;1.49860336;1.65704621;3.53647114;-0.23830395;0.00000000;0.00000000
1650;165.00000000;0.00000000;26.74933258;-10.21940618;1.50493851;1.65331408;3.51300131;-0.21742598;0.00000000;0.00000000
1651;165.10000000;0.00000000;26.65578781;-10.25460109;1.51443685;1.65012333;3.49298594;-0.16054872;0.00000000;0.00000000
1652;165.20000000;0.00000000;26.56165376;-10.28821078;1.50680036;1.64209934;3.48089156;-0.13381963;0.00000000;0.00000000
1653;165.30000000;0.00000000;26.46728182;-10.32113394;1.50374684;1.62693933;3.46622202;-0.15195900;0.00000000;0.00000000
1654;165.40000000;0.00000000;26.37220240;-10.35196782;1.50512749;1.61817797;3.45049976;-0.16254196;0.00000000;0.00000000
1655;165.50000000;0.00000000;26.27683786;-10.38190897;1.51219250;1.61650200;3.43371363;-0.19091625;0.00000000;0.00000000
1656;165.60000000;0.00000000;26.18077875;-10.40953352;1.52339772;1.62340844;3.41231651;-0.20698823;0.00000000;0.00000000
1657;165.70000000;0.00000000;26.08422352;-10.43536669;1.53919591;1.62341673;3.39231598;-0.21398600;0.00000000;0.00000000
1658;165.80000000;0.00000000;25.98714004;-10.45912683;1.54603261;1.62947083;3.36951931;-0.22975515;0.00000000;0.00000000
1659;165.90000000;0.00000000;25.88951288;-10.48053127;1.53962319;1.61976460;3.34636495;-0.22191199;0.00000000;0.00000000
1660;166.00000000;0.00000000;25.79143425;-10.49977164;1.53747844;1.60163531;3.32513692;-0.19030286;0.00000000;0.00000000
1661;166.10000000;0.00000000;25.69298429;-10.51701357;1.53979522;1.59162151;3.30830438;-0.14320824;0.00000000;0.00000000
1662;166.20000000;0.00000000;25.59430771;-10.53294283;1.54314625;1.58918023;3.29649527;-0.13754858;0.00000000;0.00000000
1663;166.30000000;0.00000000;25.49547747;-10.54785496;1.54983583;1.59404458;3.28079466;-0.17589145;0.00000000;0.00000000
1664;166.40000000;0.00000000;25.39635448;-10.56067769;1.56081624;1.60721522;3.26131698;-0.15756813;0.00000000;0.00000000
1665;166.50000000;0.00000000;25.29701322;-10.57173015;1.56713413;1.62801068;3.24928104;-0.12647605;0.00000000;0.00000000
1666;166.60000000;0.00000000;25.19760772;-10.58216353;1.54582075;1.61783819;3.23602177;-0.16662613;0.00000000;0.00000000
1667;166.70000000;0.00000000;25.09801005;-10.59057789;1.52873845;1.60942329;3.21595581;-0.19779000;0.00000000;0.00000000
1668;166.80000000;0.00000000;24.99826451;-10.59701470;1.51608245;1.60298619;3.19646377;-0.14931729;0.00000000;0.00000000
1669;166.90000000;0.00000000;24.89841271;-10.60154103;1.50803888;1.59845972;3.18609235;-0.10376036;0.00000000;0.00000000
1670;167.00000000;0.00000000;24.79855407;-10.60590763;1.50643839;1.59409299;3.17571170;-0.10339496;0.00000000;0.00000000
1671;167.10000000;0.00000000;24.69862983;-10.60836007;1.50889196;1.59164048;3.16541336;-0.10237297;0.00000000;0.00000000
1672;167.20000000;0.00000000;24.59870240;-10.61066913;1.51120212;1.58933136;3.15523710;-0.09868351;0.00000000;0.00000000
1673;167.30000000;0.00000000;24.49874894;-10.61108751;1.51162156;1.58891295;3.14567666;-0.09269517;0.00000000;0.00000000
1674;167.40000000;0.00000000;24.39879559;-10.61148556;1.51202070;1.58851486;3.13669807;-0.12830435;0.00000000;0.00000000
1675;167.50000000;0.00000000;24.29885087;-10.61010908;1.51064616;1.58989130;3.12001579;-0.11395847;0.00000000;0.00000000
1676;167.60000000;0.00000000;24.19893969;-10.60717263;1.50771311;1.59282769;3.11390638;-0.05657273;0.00000000;0.00000000
1677;167.70000000;0.00000000;24.09901920;-10.60457507;1.50511861;1.59542520;3.10870124;-0.04695401;0.00000000;0.00000000
1678;167.80000000;0.00000000;23.99914401;-10.60059869;1.50114702;1.59940150;3.10451557;-0.03708749;0.00000000;0.00000000
1679;167.90000000;0.00000000;23.89924873;-10.59716477;1.49771717;1.60283538;3.10128374;-0.11806782;0.00000000;0.00000000
1680;168.00000000;0.00000000;23.79940155;-10.59254293;1.49310120;1.60745715;3.08090201;-0.17408111;0.00000000;0.00000000
1681;168.10000000;0.00000000;23.69972916;-10.58504091;1.48620654;1.61495909;3.06646752;-0.14434488;0.00000000;0.00000000
