id; s_m; d_m; x_m; y_m; d_right; d_left; psi_rad; kappa_radpm; vx_mps; ax_mps2
0;0.00000000;0.00000000;17.54069183;-5.35589727;0.75610780;2.34445658;-2.94081789;-0.25144804;6.26556339;1.97707064
1;0.09999708;0.00000000;17.44248603;-5.37461037;0.77477681;2.32577836;-2.96569574;-0.24625270;6.29703797;2.08212804
2;0.19999417;0.00000000;17.34380637;-5.39090673;0.79104426;2.30950935;-2.99007144;-0.24119547;6.33001585;2.18061419
3;0.29999125;0.00000000;17.24480496;-5.40481262;0.80493028;2.29562518;-3.01393344;-0.23618647;6.36437041;2.27663078
4;0.39998833;0.00000000;17.14546004;-5.41638147;0.82417847;2.28407141;-3.03731269;-0.23134148;6.40004091;2.36578529
5;0.49998542;0.00000000;17.04591511;-5.42564526;0.85258866;2.27481852;-3.06020629;-0.22665530;6.43689886;2.44866435
6;0.59998250;0.00000000;16.94614605;-5.43265337;0.88933304;2.25012690;-3.08264671;-0.22210075;6.47482706;2.52671598
7;0.69997958;0.00000000;16.84628453;-5.43744217;0.92546444;2.22070548;-3.10462936;-0.21766706;6.51373272;2.60064432
8;0.79997667;0.00000000;16.74630466;-5.44005730;0.95254232;2.18455785;-3.12618287;-0.21335629;6.55353550;2.67056449
9;0.89997375;0.00000000;16.64632823;-5.44053867;0.97415272;2.14350291;3.13588259;-0.20914429;6.59415839;2.73769665
10;0.99997083;0.00000000;16.54632810;-5.43892853;1.00333746;2.10278904;3.11517128;-0.20503966;6.63554431;2.80179744
11;1.09996792;0.00000000;16.44641630;-5.43526971;1.03946493;2.05343392;3.09487252;-0.20103004;6.67763367;2.86353104
12;1.19996500;0.00000000;16.34656485;-5.42960132;1.08188405;2.00965095;3.07496324;-0.19711774;6.72037804;2.92288238
13;1.29996208;0.00000000;16.24687670;-5.42196835;1.12987786;1.97182276;3.05544727;-0.19328740;6.76372977;2.98062590
14;1.39995917;0.00000000;16.14732362;-5.41240709;1.18281063;1.94025137;3.03630408;-0.18954344;6.80765365;3.03661216
15;1.49995625;0.00000000;16.04799939;-5.40096411;1.24003152;1.91485674;3.01753694;-0.18587653;6.85211302;3.09132052
16;1.59995333;0.00000000;15.94887652;-5.38767317;1.27931285;1.87589368;2.99912735;-0.18228746;6.89707902;3.14474396
17;1.69995042;0.00000000;15.85003933;-5.37258179;1.30567195;1.82384432;2.98107892;-0.17874946;6.94252327;3.19819299
18;1.79994750;0.00000000;15.75146204;-5.35572182;1.33733662;1.77117398;2.96337624;-0.17528124;6.98843683;3.25077079
19;1.89994458;0.00000000;15.65321959;-5.33714129;1.37394693;1.72427667;2.94602334;-0.17183678;7.03479812;3.30476173
20;1.99994167;0.00000000;15.55528795;-5.31687066;1.41271905;1.68359450;2.92900791;-0.16845315;7.08161829;3.35832083
21;2.09993875;0.00000000;15.45773320;-5.29495814;1.44871214;1.64958692;2.91233211;-0.16511619;7.12888225;3.41217103
22;2.19993583;0.00000000;15.36053319;-5.27143298;1.47448387;1.62263602;2.89598383;-0.16183487;7.17658529;3.46585415
23;2.29993292;0.00000000;15.26374551;-5.24634280;1.50493912;1.60308419;2.87996338;-0.15862108;7.22471640;3.51874730
24;2.39993000;0.00000000;15.16735034;-5.21971572;1.53983312;1.59116973;2.86425891;-0.15545789;7.27325622;3.57173428
25;2.49992708;0.00000000;15.07139699;-5.19159814;1.57888015;1.57358139;2.84887115;-0.15233730;7.32219790;3.62523436
26;2.59992417;0.00000000;14.97586804;-5.16201750;1.62096651;1.54807660;2.83379091;-0.14926068;7.37154039;3.67916536
27;2.69992125;0.00000000;14.88080494;-5.13101880;1.66213077;1.52018450;2.81901817;-0.14622853;7.42128152;3.73348984
28;2.79991833;0.00000000;14.78619271;-5.09862908;1.70633348;1.47613288;2.80454474;-0.14323665;7.47141858;3.78843100
29;2.89991542;0.00000000;14.69206537;-5.06489158;1.72981420;1.43646344;2.79037032;-0.14028043;7.52195185;3.84423896
30;2.99991250;0.00000000;14.59841041;-5.02983323;1.75062647;1.40414809;2.77648830;-0.13735941;7.57288486;3.90093197
31;3.09990958;0.00000000;14.50525474;-4.99349528;1.77551075;1.37968858;2.76289806;-0.13446944;7.62422118;3.95874350
32;3.19990667;0.00000000;14.41258823;-4.95590480;1.80333094;1.36347915;2.74959414;-0.13161088;7.67596732;4.01764793
33;3.29990375;0.00000000;14.32043114;-4.91710085;1.81566549;1.35336282;2.73657564;-0.12877868;7.72812917;4.07794168
34;3.39990083;0.00000000;14.22877572;-4.87711090;1.83211745;1.33956262;2.72383820;-0.12597450;7.78071623;4.13952531
35;3.49989792;0.00000000;14.13763588;-4.83597159;1.85259999;1.32845275;2.71138048;-0.12319549;7.83373639;4.20257377
36;3.59989500;0.00000000;14.04700615;-4.79371097;1.87700649;1.32358961;2.69919898;-0.12044090;7.88719951;4.26713689
37;3.69989208;0.00000000;13.95689466;-4.75036323;1.90520718;1.30160357;2.68729361;-0.11767501;7.94111570;4.33547405
38;3.79988917;0.00000000;13.86729754;-4.70595719;1.93705968;1.28820278;2.67566398;-0.11492550;7.99552301;4.40586151
39;3.89988625;0.00000000;13.77821774;-4.66052502;1.95580108;1.28363105;2.66431035;-0.11215111;8.05043693;4.48099601
40;3.99988333;0.00000000;13.68965263;-4.61409649;1.94986699;1.27275531;2.65323379;-0.10938907;8.10590574;4.55850665
41;4.09988042;0.00000000;13.60160027;-4.56670172;1.94059651;1.26400796;2.64243218;-0.10665104;8.16194723;4.62724892
42;4.19987750;0.00000000;13.51405947;-4.51837120;1.93538606;1.25883212;2.63190362;-0.10393022;8.21844300;4.59442952
43;4.29987458;0.00000000;13.42702387;-4.46913249;1.93429612;1.24942091;2.62164629;-0.10122047;8.27415642;4.56204043
44;4.39987167;0.00000000;13.34049352;-4.41901674;1.93736083;1.23751937;2.61165963;-0.09852352;8.32910835;4.53007052
45;4.49986875;0.00000000;13.25445807;-4.36804913;1.93250172;1.23461964;2.60194181;-0.09583496;8.38331877;4.49850914
46;4.59986583;0.00000000;13.16891855;-4.31626151;1.92952402;1.24017816;2.59249277;-0.09315711;8.43680681;4.46734605
47;4.69986292;0.00000000;13.08386107;-4.26367677;1.93079440;1.22479878;2.58331059;-0.09048733;8.48959082;4.43657146
48;4.79986000;0.00000000;12.99928743;-4.21032742;1.93633085;1.21837006;2.57439547;-0.08782641;8.54168840;4.40617596
49;4.89985708;0.00000000;12.91518057;-4.15623414;1.94612357;1.22100671;2.56574560;-0.08517052;8.59311644;4.37615050
50;4.99985417;0.00000000;12.83154285;-4.10143003;1.96013298;1.23262374;2.55736156;-0.08252143;8.64389118;4.34648640
51;5.09985125;0.00000000;12.74835442;-4.04593377;1.97829630;1.24959527;2.54924161;-0.07987616;8.69402822;4.31717531
52;5.19984833;0.00000000;12.66561803;-3.98977896;1.97971004;1.25650820;2.54138656;-0.07723609;8.74354257;4.28820918
53;5.29984542;0.00000000;12.58331137;-3.93298238;1.96601890;1.25216314;2.53379473;-0.07459813;8.79244866;4.25958028
54;5.39984250;0.00000000;12.50143738;-3.87557811;1.95660368;1.25399317;2.52646717;-0.07196380;8.84076041;4.23128114
55;5.49983958;0.00000000;12.41997163;-3.81758118;1.95155157;1.26447094;2.51940233;-0.06933025;8.88849122;4.20330456
56;5.59983667;0.00000000;12.33891710;-3.75902605;1.95092393;1.26489529;2.51260138;-0.06669897;8.93565401;4.17564363
57;5.69983375;0.00000000;12.25824753;-3.69992620;1.94484664;1.24362421;2.50606292;-0.06406725;8.98226124;4.14829163
58;5.79983083;0.00000000;12.17796580;-3.64031636;1.93388526;1.23077822;2.49978821;-0.06143654;9.02832493;4.12124211
59;5.89982792;0.00000000;12.09804406;-3.58020863;1.92432085;1.22659383;2.49377600;-0.05880432;9.07385670;4.09448882
60;5.99982500;0.00000000;12.01848501;-3.51963797;1.91006836;1.22475930;2.48802763;-0.05617202;9.11886777;4.06802573
61;6.09982208;0.00000000;11.93925946;-3.45861522;1.89829873;1.23018824;2.48254199;-0.05353725;9.16336896;4.04184701
62;6.19981917;0.00000000;11.86036982;-3.39717552;1.89121498;1.24418574;2.47732046;-0.05090143;9.20737077;4.01594701
63;6.29981625;0.00000000;11.78178575;-3.33532862;1.88483477;1.26644472;2.47236210;-0.04826230;9.25088334;3.99032026
64;6.39981333;0.00000000;11.70350933;-3.27310976;1.87238397;1.28602720;2.46766829;-0.04562128;9.29391647;3.96496147
65;6.49981041;0.00000000;11.62550923;-3.21052777;1.86476179;1.30992149;2.46323825;-0.04297624;9.33647966;3.93986553
66;6.59980750;0.00000000;11.54778720;-3.14761795;1.85581929;1.33833294;2.45907333;-0.04032860;9.37858212;3.91502747
67;6.69980458;0.00000000;11.47031106;-3.08438832;1.83794664;1.35698631;2.45517292;-0.03767625;9.42023276;3.89044247
68;6.79980166;0.00000000;11.39308217;-3.02087423;1.82501159;1.36993832;2.45153836;-0.03502067;9.46144022;3.86610586
69;6.89979875;0.00000000;11.31606765;-2.95708302;1.81714343;1.38533811;2.44816918;-0.03235986;9.50221288;3.84201311
70;6.99979583;0.00000000;11.23926852;-2.89305008;1.81443652;1.37631757;2.44506665;-0.02969533;9.54255888;3.81815984
71;7.09979291;0.00000000;11.16265129;-2.82878218;1.79688686;1.36981524;2.44223047;-0.02702553;9.58248609;3.79454177
72;7.19979000;0.00000000;11.08621664;-2.76431472;1.78379842;1.37086736;2.43966180;-0.02435172;9.62200217;3.77115475
73;7.29978708;0.00000000;11.00993058;-2.69965404;1.77600731;1.37943034;2.43736057;-0.02166954;9.66111457;3.74799476
74;7.39978416;0.00000000;10.93379345;-2.63483556;1.77135688;1.39079502;2.43532814;-0.01898195;9.69983051;3.72505788
75;7.49978125;0.00000000;10.85777078;-2.56986522;1.75314401;1.40721317;2.43356419;-0.01629747;9.73815700;3.70234031
76;7.59977833;0.00000000;10.78186285;-2.50477860;1.74033425;1.43060435;2.43206880;-0.01361224;9.77610087;3.67983835
77;7.69977541;0.00000000;10.70603477;-2.43958111;1.73307129;1.44906470;2.43084106;-0.01094873;9.81366875;3.65754839
78;7.79977250;0.00000000;10.63028705;-2.37430833;1.72474923;1.45380326;2.42987907;-0.00829199;9.85086710;3.63546694
79;7.89976958;0.00000000;10.55458456;-2.30896508;1.70701312;1.44647905;2.42918299;-0.00562753;9.88770220;3.61359057
80;7.99976666;0.00000000;10.47892783;-2.24358700;1.69494619;1.44232840;2.42875373;-0.00295762;9.92418016;3.59191597
81;8.09976375;0.00000000;10.40328145;-2.17817879;1.68869379;1.44513137;2.42859174;-0.00028088;9.96030693;3.57043990
82;8.19976083;0.00000000;10.32764594;-2.11277627;1.68834876;1.45482057;2.42869769;0.00240093;9.99608830;3.54915921
83;8.29975791;0.00000000;10.25198568;-2.04738409;1.68405165;1.47123595;2.42907213;0.00508850;10.03152992;3.52807083
84;8.39975500;0.00000000;10.17630126;-1.98203829;1.66739546;1.48104803;2.42971549;0.00778068;10.06663728;3.50717177
85;8.49975208;0.00000000;10.10055690;-1.91674353;1.65669420;1.47859268;2.43062848;0.01047983;10.10141574;3.48645909
86;8.59974916;0.00000000;10.02475335;-1.85153609;1.65209315;1.48278723;2.43181152;0.01318402;10.13587053;3.46592996
87;8.69974625;0.00000000;9.94885468;-1.78642076;1.65366914;1.49354989;2.43326544;0.01589476;10.17000674;3.44558160
88;8.79974333;0.00000000;9.87286189;-1.72143408;1.66143116;1.51071113;2.43499050;0.01861029;10.20382935;3.42541129
89;8.89974041;0.00000000;9.79673900;-1.65658102;1.66938760;1.51411332;2.43698765;0.02133270;10.23734319;3.40541639
90;8.99973750;0.00000000;9.72048729;-1.59189843;1.68344051;1.50594812;2.43925704;0.02405994;10.27055301;3.38559431
91;9.09973458;0.00000000;9.64407082;-1.52739160;1.69625632;1.49754278;2.44179974;0.02679399;10.30346341;3.36594253
92;9.19973166;0.00000000;9.56749120;-1.46309764;1.69651173;1.48886742;2.44461579;0.02953274;10.33607890;3.34645859
93;9.29972875;0.00000000;9.49071264;-1.39902228;1.70294456;1.47987666;2.44770637;0.03227835;10.36840389;3.32714007
94;9.39972583;0.00000000;9.41373711;-1.33520291;1.71224574;1.47056440;2.45107137;0.03502858;10.40044268;3.30798463
95;9.49972291;0.00000000;9.33652907;-1.27164579;1.72189683;1.46090180;2.45471212;0.03778565;10.43219946;-5.76705708
96;9.59972000;0.00000000;9.25909092;-1.20838860;1.73192270;1.45086297;2.45862838;0.04054722;10.37677251;-7.81379641
97;9.69971708;0.00000000;9.18138747;-1.14543827;1.74235324;1.44041885;2.46282157;0.04331563;10.30119867;-7.58360001
98;9.79971416;0.00000000;9.10342154;-1.08283268;1.75628375;1.42954370;2.46729134;0.04608843;10.22731726;-7.35908693
99;9.89971125;0.00000000;9.02515852;-1.02057962;1.76992855;1.41820821;2.47203923;0.04886808;10.15510925;-7.14022816
100;9.99970833;0.00000000;8.94660160;-0.95871713;1.77675910;1.40638681;2.47706475;0.05165203;10.08455452;-6.92646962
101;10.09970541;0.00000000;8.86771692;-0.89725399;1.78909147;1.39404997;2.48236957;0.05444284;10.01563709;-6.71779600
102;10.19970250;0.00000000;8.78850804;-0.83622833;1.80196422;1.38117235;2.48795307;0.05723789;9.94833988;-6.51366508
103;10.29969958;0.00000000;8.70894206;-0.77565010;1.81588522;1.36772424;2.49381704;0.06003985;9.88265001;-6.31407262
104;10.39969666;0.00000000;8.62902284;-0.71555745;1.83574070;1.35368054;2.49996077;0.06284604;9.81855354;-6.11847431
105;10.49969375;0.00000000;8.54871871;-0.65596166;1.84554792;1.33901141;2.50638611;0.06565933;9.75604092;-5.92688145
106;10.59969083;0.00000000;8.46803373;-0.59690079;1.85894316;1.32369203;2.51309232;0.06847692;9.69510148;-5.73879564
107;10.69968791;0.00000000;8.38693773;-0.53838767;1.87490213;1.30769254;2.52008130;0.07130136;9.63572867;-5.55419061
108;10.79968500;0.00000000;8.30543491;-0.48046014;1.89480395;1.29098843;2.52735226;0.07413025;9.57791529;-5.37251976
109;10.89968208;0.00000000;8.22349692;-0.42313277;1.92042917;1.27354992;2.53490716;0.07696681;9.52165893;-5.19381537
110;10.99967916;0.00000000;8.14112789;-0.36644305;1.95157289;1.23110473;2.54274526;0.07980800;9.46695600;-5.01745732
111;11.09967625;0.00000000;8.05830170;-0.31040750;1.98800571;1.18938691;2.55086856;0.08265797;9.41380867;-4.84352493
112;11.19967333;0.00000000;7.97502221;-0.25506314;2.02946012;1.15406084;2.55927647;0.08551311;9.36221753;-4.67227182
113;11.29967041;0.00000000;7.89126588;-0.20042859;2.05733156;1.12569718;2.56797055;0.08836777;9.31217965;-4.50300020
114;11.39966750;0.00000000;7.80703630;-0.14654027;2.07874954;1.10435068;2.57694964;0.09122704;9.26369884;-4.33608710
115;11.49966458;0.00000000;7.72231291;-0.09341896;2.10105983;1.08213123;2.58621517;0.09408373;9.21677406;-4.17068283
116;11.59966166;0.00000000;7.63709877;-0.04110031;2.12428588;1.05900235;2.59576597;0.09694477;9.17141275;-4.00617697
117;11.69965875;0.00000000;7.55137685;0.01039257;2.14845687;1.03468748;2.60560377;0.09981443;9.12762837;-3.84248583
118;11.79965583;0.00000000;7.46514922;0.06102497;2.17359658;1.00939999;2.61572845;0.10269074;9.08543477;-3.67957216
119;11.89965291;0.00000000;7.37840299;0.11077111;2.19973332;0.98311380;2.62614130;0.10557108;9.04484560;-3.51690218
120;11.99965000;0.00000000;7.29113893;0.15959733;2.22689135;0.95580677;2.63684227;0.10845873;9.00587986;-3.35435014
121;12.09964708;0.00000000;7.20334888;0.20747515;2.25509785;0.92745516;2.64783244;0.11135197;8.96855739;-3.19144923
122;12.19964416;0.00000000;7.11503188;0.25437210;2.28437781;0.89803808;2.65911226;0.11425317;8.93290269;-3.02820009
123;12.29964125;0.00000000;7.02618521;0.30025682;2.31475691;0.86753536;2.67068234;0.11715883;8.89893972;-2.86391797
124;12.39963833;0.00000000;6.93680568;0.34509822;2.34626117;0.84403643;2.68254366;0.12007383;8.86669956;-2.69867465
125;12.49963541;0.00000000;6.84689684;0.38886196;2.37891439;0.83077363;2.69469631;0.12299349;8.83621197;-2.53170303
126;12.59963250;0.00000000;6.75645270;0.43151844;2.39259858;0.82821084;2.70714200;0.12592351;8.80751475;-2.36320172
127;12.69962958;0.00000000;6.66548392;0.47303028;2.40968676;0.80559956;2.71988009;0.12885723;8.78064289;-2.19219047
128;12.79962666;0.00000000;6.57398106;0.51336952;2.43202504;0.76921540;2.73291312;0.13180280;8.75564185;-2.01884223
129;12.89962375;0.00000000;6.48196299;0.55249569;2.45949107;0.74056558;2.74623970;0.13475338;8.73255447;-1.84220713
130;12.99962083;0.00000000;6.38941619;0.59038243;2.48900673;0.72335024;2.75986343;0.13771636;8.71143369;-1.66293276
131;13.09961791;0.00000000;6.29636788;0.62698667;2.49965945;0.70878021;2.77378163;0.14067825;8.69232420;-1.47930626
132;13.19961500;0.00000000;6.20280112;0.66228318;2.50429619;0.68271123;2.78799877;0.14365594;8.67528947;-1.29091733
133;13.29961208;0.00000000;6.10875167;0.69622669;2.50833157;0.64939274;2.80251218;0.14664890;8.66039673;-1.09776083
134;13.39960916;0.00000000;6.01419821;0.72879305;2.51779644;0.62887735;2.81732803;0.14965097;8.64771217;-0.90190305
135;13.49960625;0.00000000;5.91918617;0.75993497;2.53265387;0.62184894;2.83243977;0.15262880;8.63727679;-0.70261378
136;13.59960333;0.00000000;5.82369019;0.78962933;2.54228757;0.61505137;2.84785346;0.15558592;8.62913853;-0.54734117
137;13.69960041;0.00000000;5.72776551;0.81782904;2.53153740;0.61818189;2.86352509;0.15789762;8.62279344;-0.39363900
138;13.79959750;0.00000000;5.63138510;0.84451694;2.52628066;0.59557169;2.87943216;0.16013028;8.61822727;-0.32997653
139;13.89959458;0.00000000;5.53461856;0.86965256;2.52657576;0.58769263;2.89549192;0.16112714;8.61439771;-0.28665351
140;13.99959166;0.00000000;5.43742612;0.89323405;2.53243296;0.59511672;2.91165413;0.16183299;8.61106955;-0.28665351
141;14.09958875;0.00000000;5.33990538;0.91523451;2.54381066;0.61724469;2.92773009;0.15977656;8.60774011;-0.12478675
142;14.19958583;0.00000000;5.24199852;0.93568397;2.56062653;0.63750315;2.94360779;0.15751754;8.60629032;0.04661859
143;14.29958291;0.00000000;5.14382881;0.95458255;2.54566657;0.65621800;2.95914079;0.15323838;8.60683197;0.36210354
144;14.39958000;0.00000000;5.04533360;0.97198300;2.52828932;0.67347474;2.97425713;0.14904358;8.61103799;0.66177076
145;14.49957708;0.00000000;4.94663394;0.98790634;2.51238707;0.68928062;2.98895436;0.14497944;8.61871948;0.94342724
146;14.59957416;0.00000000;4.84767347;1.00240302;2.49790812;0.70368576;3.00325434;0.14101416;8.62965848;1.21064129
147;14.69957125;0.00000000;4.74855820;1.01549716;2.48482963;0.71670485;3.01717153;0.13739659;8.64367553;1.44584281
148;14.79956833;0.00000000;4.64923329;1.02723294;2.47310632;0.72838320;3.03073372;0.13383666;8.66038606;1.67199832
149;14.89956541;0.00000000;4.54979919;1.03763395;2.46271603;0.73873713;3.04395120;0.13057930;8.67967031;1.87135033
150;14.99956250;0.00000000;4.45019797;1.04673935;2.42864644;0.74780793;3.05685002;0.12735081;8.70120312;2.06546498
151;15.09955958;0.00000000;4.35052671;1.05457274;2.39828376;0.75561316;3.06941897;0.12408748;8.72490784;2.25967958
152;15.19955666;0.00000000;4.25072977;1.06117114;2.37294592;0.76219227;3.08166828;0.12087637;8.75076794;2.44774889
153;15.29955375;0.00000000;4.15089507;1.06656081;2.35278610;0.77465331;3.09359817;0.11777200;8.77869438;2.62592268
154;15.39955083;0.00000000;4.05097062;1.07077577;2.33789636;0.79059266;3.10522288;0.11469481;8.80855517;2.80080315
155;15.49954791;0.00000000;3.95103645;1.07384341;2.32835909;0.81743676;3.11653764;0.11164646;8.84029346;2.97262346
156;15.59954500;0.00000000;3.85104299;1.07579577;2.30141682;0.85419834;3.12755251;0.10862606;8.87385462;3.14179238
157;15.69954208;0.00000000;3.75106375;1.07666161;2.26655066;0.87687690;3.13826285;0.10562086;8.90918829;3.30964320
158;15.79953916;0.00000000;3.65105301;1.07647138;2.23662045;0.88016665;-3.13450827;0.10264628;8.94625873;3.47524495
159;15.89953625;0.00000000;3.55107554;1.07525488;2.21181762;0.89368249;-3.12439163;0.09972031;8.98501942;3.63743159
160;15.99953333;0.00000000;3.45109093;1.07304096;2.18921073;0.91700535;-3.11456397;0.09681786;9.02541075;3.79850414
161;16.09953041;0.00000000;3.35115477;1.06985984;2.17084527;0.94942742;-3.10502787;0.09393225;9.06739862;3.95926506
162;16.19952750;0.00000000;3.25123240;1.06573931;2.15789417;0.99009093;-3.09577732;0.09106696;9.11095756;4.07267747
163;16.29952458;0.00000000;3.15137005;1.06070995;2.12367833;1.00629605;-3.08681473;0.08820748;9.15554802;4.04644895
164;16.39952166;0.00000000;3.05153970;1.05479897;2.09172009;1.02805102;-3.07813566;0.08536752;9.19963726;4.02050013
165;16.49951875;0.00000000;2.95177735;1.04803694;2.06494698;1.05803731;-3.06974101;0.08254245;9.24323548;3.99482553
166;16.59951583;0.00000000;2.85206265;1.04045082;2.04352990;1.07303789;-3.06162706;0.07973367;9.28635257;3.96941980
167;16.69951291;0.00000000;2.75242070;1.03207066;2.02761693;1.09374134;-3.05379448;0.07692983;9.32899806;3.94427782
168;16.79951000;0.00000000;2.65283956;1.02292362;2.01730864;1.12227526;-3.04624104;0.07414011;9.37118122;3.91939457
169;16.89950708;0.00000000;2.55333297;1.01303895;2.01129859;1.15808239;-3.03896667;0.07135433;9.41291100;3.89476523
170;16.99950416;0.00000000;2.45389808;1.00244438;1.98918347;1.20053651;-3.03197016;0.06858036;9.45419609;3.87038510
171;17.09950125;0.00000000;2.35453683;0.99116800;1.96044414;1.21764454;-3.02525096;0.06580621;9.49504493;3.84624962
172;17.19949833;0.00000000;2.25525607;0.97923851;1.93470302;1.22986301;-3.01880895;0.06304164;9.53546568;3.82235438
173;17.29949541;0.00000000;2.15604555;0.96668253;1.90197522;1.24937549;-3.01264307;0.06027455;9.57546627;3.79869508
174;17.39949250;0.00000000;2.05692229;0.95353010;1.86474331;1.27586946;-3.00675411;0.05751478;9.61505440;3.77526756
175;17.49948958;0.00000000;1.95786372;0.93980607;1.83276304;1.30895192;-3.00114074;0.05474799;9.65423755;3.75206777
176;17.59948666;0.00000000;1.85889723;0.92554215;1.80009477;1.34815264;-2.99580462;0.05198656;9.69302297;3.72909178
177;17.69948375;0.00000000;1.75998797;0.91076123;1.76936879;1.39299135;-2.99074400;0.04921851;9.73141772;3.70633576
178;17.79948083;0.00000000;1.66117373;0.89549695;1.74432875;1.44130703;-2.98596106;0.04645363;9.76942866;3.68379599
179;17.89947791;0.00000000;1.56240770;0.87977005;1.71670628;1.45419503;-2.98145428;0.04367268;9.80706246;3.66146886
180;17.99947500;0.00000000;1.46373775;0.86361631;1.67749338;1.47334077;-2.97722669;0.04089313;9.84432560;3.63935084
181;18.09947208;0.00000000;1.36510561;0.84705435;1.64381507;1.49854152;-2.97327614;0.03810736;9.88122439;3.61743850
182;18.19946916;0.00000000;1.26656868;0.83012205;1.60275356;1.52950855;-2.96960539;0.03532134;9.91776497;3.59572851
183;18.29946625;0.00000000;1.16805878;0.81283600;1.55886649;1.56127054;-2.96621331;0.03250921;9.95395333;3.57421762
184;18.39946333;0.00000000;1.06964083;0.79523611;1.52061796;1.58624231;-2.96310374;0.02969455;9.98979527;3.55290266
185;18.49946041;0.00000000;0.97123888;0.77733745;1.48838739;1.60735364;-2.96027690;0.02683159;10.02529647;3.53178055
186;18.59945750;0.00000000;0.87292345;0.75918189;1.46257021;1.63231813;-2.95773763;0.02396434;10.06046245;3.51084827
187;18.69945458;0.00000000;0.77461232;0.74078342;1.44346172;1.66271562;-2.95548545;0.02106987;10.09529861;3.49010289
188;18.79945166;0.00000000;0.67638102;0.72218560;1.43131766;1.69825671;-2.95352386;0.01817030;10.12981018;3.46954156
189;18.89944874;0.00000000;0.57814163;0.70340132;1.42627676;1.72489282;-2.95185245;0.01525002;10.16400228;3.44916147
190;18.99944583;0.00000000;0.47997429;0.68447559;1.42838935;1.74486813;-2.95047406;0.01232359;10.19787990;3.42895992
191;19.09944291;0.00000000;0.38178615;0.66542037;1.42426471;1.77016672;-2.94938912;0.00936911;10.23144791;3.40893424
192;19.19943999;0.00000000;0.28366108;0.64628198;1.38103305;1.80056951;-2.94860042;0.00640760;10.26471107;3.38908183
193;19.29943708;0.00000000;0.18550243;0.62707180;1.33914419;1.83587784;-2.94810904;0.00341637;10.29767401;3.36940016
194;19.39943416;0.00000000;0.08739698;0.60783722;1.30364662;1.87580949;-2.94791732;0.00041763;10.33034125;3.34988676
195;19.49943124;0.00000000;-0.01075477;0.58858936;1.27501009;1.92013953;-2.94802701;-0.00261266;10.36271722;3.33053921
196;19.59942833;0.00000000;-0.10886388;0.56937648;1.24317330;1.95038488;-2.94843999;-0.00565066;10.39480623;3.31135514
197;19.69942541;0.00000000;-0.20703177;0.55020973;1.20768379;1.97668490;-2.94915871;-0.00872237;10.42661250;-7.90562351
198;19.79942249;0.00000000;-0.30516853;0.53113790;1.17955803;2.00769498;-2.95018456;-0.01180184;10.35051543;-10.84007455
199;19.89941958;0.00000000;-0.40337510;0.51217281;1.15927353;2.02636111;-2.95152068;-0.01491640;10.24525344;-10.54221866
200;19.99941666;0.00000000;-0.50156326;0.49336315;1.14723519;2.02174311;-2.95316791;-0.01803875;10.14183592;-10.25288347
201;20.09941374;0.00000000;-0.59983072;0.47472205;1.14366065;2.02224513;-2.95513003;-0.02119725;10.04023500;-9.97459440
202;20.19941083;0.00000000;-0.69809304;0.45629763;1.13083039;2.02789439;-2.95740739;-0.02436351;9.94039527;-9.70408381
203;20.29940791;0.00000000;-0.79644300;0.43810474;1.09570193;2.03868442;-2.96000431;-0.02756667;9.84229130;-9.44387848
204;20.39940499;0.00000000;-0.89480108;0.42019063;1.06855144;2.05455650;-2.96292070;-0.03077748;9.74586976;-9.19081095
205;20.49940208;0.00000000;-0.99325383;0.40257220;1.04994288;2.07543807;-2.96616133;-0.03402551;9.65110713;-8.94737271
206;20.59939916;0.00000000;-1.09172758;0.38529560;1.04031783;2.10119450;-2.96972573;-0.03728103;9.55795200;-8.71049693
207;20.69939624;0.00000000;-1.19030156;0.36838000;1.02526331;2.13007007;-2.97361901;-0.04057396;9.46638252;-8.48261902
208;20.79939333;0.00000000;-1.28890864;0.35187031;1.00718862;2.15276217;-2.97784041;-0.04387430;9.37634916;-8.26081529
209;20.89939041;0.00000000;-1.38761987;0.33578811;0.99840207;2.16394224;-2.98239525;-0.04721176;9.28783122;-8.04744950
210;20.99938749;0.00000000;-1.48637519;0.32017698;0.98907400;2.16672063;-2.98728258;-0.05055628;9.20078072;-7.83973840
211;21.09938458;0.00000000;-1.58523682;0.30506096;0.96204204;2.17460420;-2.99250777;-0.05393731;9.11517766;-7.63988470
212;21.19938166;0.00000000;-1.68415184;0.29048232;0.94434196;2.18756669;-2.99806982;-0.05732579;9.03097622;-7.44533164
213;21.29937874;0.00000000;-1.78317338;0.27646749;0.93645995;2.20413526;-3.00397407;-0.06074976;8.94815671;-7.25813873
214;21.39937583;0.00000000;-1.88225554;0.26305753;0.93643298;2.22296783;-3.01021948;-0.06418110;8.86667487;-7.07579681
215;21.49937291;0.00000000;-1.98144219;0.25028114;0.90881009;2.24672326;-3.01681136;-0.06764853;8.78651268;-6.90043062
216;21.59936999;0.00000000;-2.08069456;0.23817825;0.89094016;2.26149130;-3.02374883;-0.07112228;8.70762650;-6.72989052
217;21.69936708;0.00000000;-2.18004699;0.22677969;0.88337458;2.26664451;-3.03103660;-0.07462757;8.62999539;-6.56576385
218;21.79936416;0.00000000;-2.27946700;0.21612443;0.88634542;2.27692294;-3.03867399;-0.07814086;8.55357854;-6.40629178
219;21.89936124;0.00000000;-2.37898013;0.20624510;0.89393203;2.29229438;-3.04666537;-0.08168323;8.47835390;-6.25240329
220;21.99935833;0.00000000;-2.47855919;0.19717995;0.90300358;2.29804909;-3.05501026;-0.08523962;8.40428704;-6.10114886
221;22.09935541;0.00000000;-2.57822147;0.18896317;0.91122530;2.29474987;-3.06371475;-0.08884918;8.33137723;-5.95534673
222;22.19935249;0.00000000;-2.67794487;0.18163274;0.89823959;2.29669338;-3.07277962;-0.09247007;8.25958909;-5.81264153
223;22.29934958;0.00000000;-2.77773826;0.17522435;0.87021720;2.30160440;-3.08220972;-0.09613416;8.18891431;-5.67535989
224;22.39934666;0.00000000;-2.87758357;0.16977585;0.84902548;2.30992736;-3.09200596;-0.09980524;8.11931516;-5.54261172
225;22.49934374;0.00000000;-2.97748222;0.16532391;0.83829302;2.32351652;-3.10217070;-0.10349415;8.05076323;-5.41469816
226;22.59934083;0.00000000;-3.07741854;0.16190616;0.83838675;2.34231409;-3.11270431;-0.10719405;7.98322495;-5.29054701
227;22.69933791;0.00000000;-3.17738782;0.15955978;0.84073178;2.35956217;-3.12360964;-0.11091938;7.91667873;-5.17099591
228;22.79933499;0.00000000;-3.27737570;0.15832235;0.84196873;2.35832474;-3.13488767;-0.11465501;7.85109120;-5.05514532
229;22.89933208;0.00000000;-3.37737177;0.15823137;0.84205985;2.35823376;3.13664469;-0.11841327;7.78643908;-4.94351493
230;22.99932916;0.00000000;-3.47736189;0.15932443;0.84096719;2.35932680;3.12461544;-0.12218391;7.72269120;-4.83550176
231;23.09932624;0.00000000;-3.57733068;0.16163905;0.83865282;2.36164138;3.11220806;-0.12597501;7.65982292;-4.73146525
232;23.19932333;0.00000000;-3.67726325;0.16521281;0.83507881;2.35805382;3.09942092;-0.12977888;7.59780374;-4.63075464
233;23.29932041;0.00000000;-3.77713990;0.17008307;0.83020727;2.33700911;3.08625239;-0.13360493;7.53661050;-4.53409163
234;23.39931749;0.00000000;-3.87694403;0.17628731;0.82400029;2.32140924;3.07270044;-0.13743916;7.47620933;-4.44120830
235;23.49931458;0.00000000;-3.97665199;0.18386248;0.81642034;2.31140593;3.05876498;-0.14128469;7.41656863;-4.35221910
236;23.59931166;0.00000000;-4.07624432;0.19284565;0.80742984;2.30711204;3.04444400;-0.14513804;7.35765396;-4.26717409
237;23.69930874;0.00000000;-4.17569436;0.20327311;0.80579270;2.30859890;3.02973802;-0.14899693;7.29942887;-4.18544253
238;23.79930583;0.00000000;-4.27497921;0.21518124;0.81502143;2.31589349;3.01464501;-0.15287179;7.24186425;-4.10657672
239;23.89930291;0.00000000;-4.37406934;0.22860553;0.83471605;2.32897779;2.99916375;-0.15677009;7.18493607;-4.03065944
240;23.99929999;0.00000000;-4.47293799;0.24358170;0.85738755;2.33401161;2.98329121;-0.16068952;7.12861824;-3.95714594
241;24.09929708;0.00000000;-4.57155234;0.26014441;0.84091169;2.32588190;2.96702562;-0.16463998;7.07289134;-3.88639712
242;24.19929416;0.00000000;-4.66988131;0.27832849;0.82359162;2.32368009;2.95036330;-0.16861394;7.01773005;-3.81805569
243;24.29929124;0.00000000;-4.76788919;0.29816775;0.81358386;2.32746330;2.93330261;-0.17261809;6.96311326;-3.75229804
244;24.39928833;0.00000000;-4.86554025;0.31969578;0.80520138;2.32268632;2.91583974;-0.17664863;6.90901647;-3.68847523
245;24.49928541;0.00000000;-4.96279579;0.34294535;0.80742490;2.31841410;2.89797233;-0.18071869;6.85542377;-3.62739716
246;24.59928249;0.00000000;-5.05961522;0.36794858;0.82012750;2.32025708;2.87969608;-0.18481145;6.80230672;-3.56826046
247;24.69927958;0.00000000;-5.15595631;0.39473683;0.82595987;2.32824090;2.86100934;-0.18894390;6.74964780;-3.51124296
248;24.79927666;0.00000000;-5.25177363;0.42334036;0.82544117;2.34234075;2.84190700;-0.19311250;6.69742617;-3.45552869
249;24.89927374;0.00000000;-5.34702123;0.45378895;0.83505111;2.34873401;2.82238570;-0.19733535;6.64563253;-3.40223611
250;24.99927083;0.00000000;-5.44164895;0.48611087;0.84076676;2.35073244;2.80243981;-0.20158828;6.59424024;-3.35006742
251;25.09926791;0.00000000;-5.53560642;0.52033389;0.82945617;2.33612266;2.78206655;-0.20590093;6.54324159;-3.30012603
252;25.19926499;0.00000000;-5.62883899;0.55648395;0.82457997;2.32365862;2.76125928;-0.21024893;6.49261153;-3.25095667
253;25.29926208;0.00000000;-5.72129110;0.59458617;0.81615777;2.31754958;2.74001486;-0.21466669;6.44234679;-3.20276300
254;25.39925916;0.00000000;-5.81290392;0.63466406;0.79733195;2.31789266;2.71832473;-0.21915039;6.39244071;-3.15426955
255;25.49925624;0.00000000;-5.90361621;0.67673978;0.78860666;2.32472950;2.69618218;-0.22373133;6.34290649;-3.10770170
256;25.59925333;0.00000000;-5.99336518;0.72083465;0.79027507;2.33804518;2.67357793;-0.22835680;6.29372231;-3.06074380
257;25.69925041;0.00000000;-6.08208273;0.76696678;0.80222586;2.35034094;2.65050771;-0.23308453;6.24490269;-3.01624186
258;25.79924749;0.00000000;-6.16970276;0.81515501;0.79328879;2.35313563;2.62696084;-0.23784481;6.19641661;-2.97136584
259;25.89924458;0.00000000;-6.25614938;0.86541198;0.79065688;2.36198185;2.60293529;-0.24271023;6.14827805;-2.92786912
260;25.99924166;0.00000000;-6.34135408;0.91775408;0.79820509;2.35430276;2.57841778;-0.24763700;6.10047262;-2.88278340
261;26.09923874;0.00000000;-6.42523237;0.97218727;0.77295028;2.35333225;2.55340344;-0.25270342;6.05303448;-2.83986213
262;26.19923583;0.00000000;-6.50771345;1.02872587;0.75371579;2.35912958;2.52787688;-0.25781136;6.00593627;-2.79522101
263;26.29923291;0.00000000;-6.58870344;1.08736755;0.74242669;2.37169117;2.50183626;-0.26306599;5.95921493;-2.75115462
264;26.39922999;0.00000000;-6.66812974;1.14812450;0.73186325;2.39095550;2.47526219;-0.26840556;5.91286967;-2.70409108
265;26.49922708;0.00000000;-6.74588875;1.21098474;0.73220589;2.41679680;2.44814935;-0.27392911;5.86696048;-2.65928061
266;26.59922416;0.00000000;-6.82190600;1.27595894;0.74001998;2.43930910;2.42047686;-0.27948959;5.82145898;-2.61091203
267;26.69922124;0.00000000;-6.89606732;1.34302277;0.74504012;2.43736537;2.39224458;-0.28525244;5.77643640;-2.56167929
268;26.79921833;0.00000000;-6.96829682;1.41218519;0.74720799;2.43519661;2.36342398;-0.29113871;5.73191910;-2.50756649
269;26.89921541;0.00000000;-7.03846976;1.48340825;0.74646611;2.43593917;2.33400947;-0.29726418;5.68800474;-2.45311219
270;26.99921249;0.00000000;-7.10650766;1.55669935;0.74275552;2.43965375;2.30397027;-0.30349081;5.64471344;-2.39260150
271;27.09920958;0.00000000;-7.17227635;1.63200563;0.73602344;2.44639790;2.27330295;-0.30998716;5.60216775;-2.33004085
272;27.19920666;0.00000000;-7.23569325;1.70933099;0.72621127;2.45311074;2.24197102;-0.31662438;5.56042164;-2.25998836
273;27.29920374;0.00000000;-7.29661584;1.78860645;0.71651941;2.44464299;2.20996904;-0.32356367;5.51962901;-2.18590703
274;27.39920083;0.00000000;-7.35495539;1.86983004;0.71228316;2.44348060;2.17725580;-0.33068486;5.47988465;-2.10305114
275;27.49919791;0.00000000;-7.41056420;1.95291837;0.71053819;2.44970681;2.14382302;-0.33812580;5.44137278;-2.01387675
276;27.59919499;0.00000000;-7.46334396;2.03785781;0.71942898;2.46333479;2.10962758;-0.34578874;5.40423669;-1.91323252
277;27.69919208;0.00000000;-7.51314491;2.12455289;0.69907348;2.48429639;2.07465498;-0.35381965;5.36871855;-1.79886003
278;27.79918916;0.00000000;-7.55985459;2.21296837;0.66964432;2.51246671;2.03885392;-0.36226111;5.33510799;-1.67273415
279;27.89918624;0.00000000;-7.60332712;2.30300901;0.64203074;2.54537144;2.00219563;-0.37100738;5.30366291;-1.53554992
280;27.99918333;0.00000000;-7.64343013;2.39460017;0.62556714;2.55609842;1.96465227;-0.37999078;5.27463167;-1.38120028
281;28.09918041;0.00000000;-7.68002787;2.48765751;0.62107407;2.54792022;1.92618663;-0.38936608;5.24838139;-1.15966625
282;28.19917749;0.00000000;-7.71296565;2.58204830;0.61668363;2.54754500;1.88669575;-0.40075022;5.22623964;-0.91322790
283;28.29917458;0.00000000;-7.74210562;2.67771733;0.60669791;2.55508891;1.84602833;-0.41250526;5.20873694;-0.51567987
284;28.39917166;0.00000000;-7.76725042;2.77443577;0.59396714;2.56383004;1.80399006;-0.42877341;5.19882751;-0.10440427
285;28.49916874;0.00000000;-7.78824977;2.87225007;0.59344097;2.57669975;1.76028864;-0.44433044;5.19681896;-0.10440427
286;28.59916583;0.00000000;-7.80489774;2.97075037;0.60523436;2.59512765;1.71630019;-0.43640251;5.19480962;0.11889788
287;28.69916291;0.00000000;-7.81725450;3.07006253;0.61756263;2.58277414;1.67298616;-0.42909296;5.19709783;0.30585847
288;28.79915999;0.00000000;-7.82533318;3.16964817;0.62562487;2.57469752;1.63068582;-0.41780451;5.20297951;0.58496403
289;28.89915708;0.00000000;-7.82925038;3.26963872;0.62954029;2.57078039;1.58938450;-0.40780548;5.21420993;0.80748637
290;28.99915416;0.00000000;-7.82908772;3.36957367;0.62937605;2.57094334;1.54911190;-0.39826212;5.22967282;1.00201036
291;29.09915124;0.00000000;-7.82494096;3.46953423;0.62523032;2.55108363;1.50970468;-0.38945537;5.24879739;1.16405038
292;29.19914833;0.00000000;-7.81691690;3.56915781;0.62822112;2.52405238;1.47132931;-0.37853395;5.27092755;1.37591036
293;29.29914541;0.00000000;-7.80511716;3.66849661;0.64318050;2.50442046;1.43397577;-0.36828889;5.29696624;1.55813814
294;29.39914249;0.00000000;-7.78968092;3.76725403;0.66688099;2.49122440;1.39769194;-0.35777005;5.32629983;1.74058183
295;29.49913958;0.00000000;-7.77070796;3.86546661;0.69027878;2.46461824;1.36240118;-0.34790688;5.35887825;1.89794035
296;29.59913666;0.00000000;-7.74834448;3.96289794;0.72360943;2.42486662;1.32810719;-0.33825756;5.39417770;2.04518313
297;29.69913374;0.00000000;-7.72268409;4.05957115;0.76565963;2.39032176;1.29473482;-0.32910647;5.43195893;2.17525994
298;29.79913083;0.00000000;-7.69387053;4.15530028;0.79482154;2.36269370;1.26227319;-0.32035320;5.47185682;2.29248752
299;29.89912791;0.00000000;-7.66199133;4.25009883;0.81587906;2.32581558;1.23065091;-0.31204528;5.51359240;2.39639660
300;29.99912499;0.00000000;-7.62718335;4.34382014;0.83764227;2.28856945;1.19985599;-0.30402578;5.55688461;2.49262526
301;30.09912208;0.00000000;-7.58952942;4.43647178;0.86759713;2.25803344;1.16983622;-0.29636154;5.60156023;2.57962255
302;30.19911916;0.00000000;-7.54915875;4.52793748;0.90495506;2.23445791;1.14055625;-0.28938304;5.64742300;2.64730047
303;30.29911624;0.00000000;-7.50614538;4.61822396;0.94062800;2.21800110;1.11195208;-0.28268432;5.69410495;2.70923285
304;30.39911333;0.00000000;-7.46060909;4.70723462;0.96723535;2.20677602;1.08400432;-0.27639521;5.74148604;2.76128952
305;30.49911041;0.00000000;-7.41261870;4.79497372;0.99532194;2.18710376;1.05666531;-0.27037861;5.78937853;2.80817533
306;30.59910749;0.00000000;-7.36228445;4.88136545;1.02564873;2.13771702;1.02993070;-0.26440724;5.83768125;2.85765017
307;30.69910458;0.00000000;-7.30967424;4.96641155;1.06214177;2.08630791;1.00377858;-0.25864041;5.88642810;2.90414932
308;30.79910166;0.00000000;-7.25489088;5.05005510;1.10420539;2.04083188;0.97819489;-0.25311401;5.93555799;2.94638197
309;30.89909874;0.00000000;-7.19799981;5.13229726;1.15126242;2.00165878;0.95315082;-0.24777891;5.98499022;2.98605833
310;30.99909583;0.00000000;-7.13909585;5.21309489;1.20273193;1.96915056;0.92863893;-0.24252268;6.03467498;3.02719499
311;31.09909291;0.00000000;-7.07824370;5.29244828;1.25389714;1.92122040;0.90464221;-0.23743115;6.08463010;3.06652842
312;31.19908999;0.00000000;-7.01552977;5.37032837;1.28849823;1.87114915;0.88114984;-0.23246597;6.13481958;3.10541370
313;31.29908708;0.00000000;-6.95101843;5.44673441;1.31955629;1.82728582;0.85814567;-0.22764206;6.18523047;3.14318485
314;31.39908416;0.00000000;-6.88478753;5.52164896;1.35519826;1.79007102;0.83562028;-0.22290331;6.23583952;3.18192432
315;31.49908124;0.00000000;-6.81690134;5.59507084;1.39510025;1.75014388;0.81356212;-0.21828854;6.28665737;3.22000149
316;31.59907832;0.00000000;-6.74742965;5.66699248;1.43892832;1.69784473;0.79196052;-0.21377161;6.33766853;3.25836526
317;31.69907541;0.00000000;-6.67643636;5.73741277;1.48635489;1.65186731;0.77080544;-0.20936116;6.38887286;3.29656524
318;31.79907249;0.00000000;-6.60398352;5.80633228;1.53706431;1.61273274;0.75008749;-0.20501775;6.44026321;3.33613747
319;31.89906957;0.00000000;-6.53013468;5.87375046;1.56470461;1.58092672;0.72979987;-0.20076807;6.49185630;3.37586821
320;31.99906666;0.00000000;-6.45494483;5.93967478;1.58958538;1.55686882;0.70993593;-0.19652095;6.54364976;3.41956778
321;32.09906374;0.00000000;-6.37847717;6.00410617;1.61840670;1.53276739;0.69049411;-0.19234888;6.59569904;3.46402293
322;32.19906082;0.00000000;-6.30078064;6.06705797;1.65099304;1.48996927;0.67146620;-0.18821788;6.64800949;3.51066248
323;32.29905791;0.00000000;-6.22191731;6.12853302;1.68714934;1.45458079;0.65284927;-0.18415399;6.70060760;3.55825917
324;32.39905499;0.00000000;-6.14193043;6.18854907;1.72667991;1.42479312;0.63463356;-0.18016841;6.75350082;3.60624002
325;32.49905207;0.00000000;-6.06088060;6.24711050;1.76937643;1.38067139;0.61681453;-0.17624490;6.80668791;3.65528938
326;32.59904916;0.00000000;-5.97880547;6.30423850;1.80991754;1.34421488;0.59938341;-0.17238213;6.86017761;3.70541185
327;32.69904624;0.00000000;-5.89576396;6.35993912;1.83954995;1.31604047;0.58233734;-0.16857085;6.91397842;3.75699254
328;32.79904332;0.00000000;-5.81178883;6.41423627;1.87248611;1.28746269;0.56566832;-0.16481269;6.96810406;3.80990323
329;32.89904041;0.00000000;-5.72693697;6.46713792;1.90857558;1.24207093;0.54937424;-0.16109903;7.02256595;3.86452165
330;32.99903749;0.00000000;-5.64123692;6.51867002;1.94495873;1.20480359;0.53344777;-0.15743213;7.07738047;3.92069540
331;33.09903457;0.00000000;-5.55474338;6.56884246;1.98248839;1.16954544;0.51788742;-0.15380345;7.13256129;3.97882277
332;33.19903166;0.00000000;-5.46748109;6.61768284;2.01039432;1.14275767;0.50268650;-0.15021594;7.18812715;4.03872241
333;33.29902874;0.00000000;-5.37950243;6.66520295;2.03168780;1.12574656;0.48784400;-0.14666088;7.24409365;4.10082579
334;33.39902582;0.00000000;-5.29082877;6.71143164;2.05621775;1.08894231;0.47335389;-0.14314178;7.30048177;4.16493040
335;33.49902291;0.00000000;-5.20151007;6.75638255;2.08389424;1.04377036;0.45921554;-0.13965033;7.35730901;4.23147080
336;33.59901999;0.00000000;-5.11156469;6.80008552;2.11462572;1.00570801;0.44542351;-0.13619037;7.41459812;4.30023277
337;33.69901707;0.00000000;-5.02104012;6.84255593;2.14830248;0.97776732;0.43197747;-0.13275380;7.47236822;4.37166696
338;33.79901416;0.00000000;-4.92995206;6.88382439;2.18481949;0.96079808;0.41887254;-0.12934484;7.53064371;4.44554343
339;33.89901124;0.00000000;-4.83834546;6.92390794;2.22037415;0.95535691;0.40610859;-0.12595551;7.58944513;4.52233230
340;33.99900832;0.00000000;-4.74623365;6.96283774;2.23357329;0.93727581;0.39368132;-0.12259004;7.64879844;4.60181068
341;34.09900541;0.00000000;-4.65365907;7.00063239;2.24993677;0.89939634;0.38159075;-0.11924106;7.70872576;4.68444030
342;34.19900249;0.00000000;-4.56063288;7.03732349;2.26942901;0.86847327;0.36983303;-0.11591356;7.76925438;4.76995836
343;34.29899957;0.00000000;-4.46719509;7.07293105;2.29199665;0.84942831;0.35840826;-0.11259981;7.83040723;4.81934910
344;34.39899666;0.00000000;-4.37335490;7.10748700;2.31758220;0.84303323;0.34731304;-0.10930485;7.89171205;4.78389204
345;34.49899374;0.00000000;-4.27914988;7.14101262;2.34611125;0.83953908;0.33654756;-0.10602114;7.95209844;4.74893777
346;34.59899082;0.00000000;-4.18458750;7.17354011;2.36125047;0.82664894;0.32610891;-0.10275227;8.01159344;4.71447190
347;34.69898791;0.00000000;-4.08970298;7.20509192;2.36811658;0.79500751;0.31599742;-0.09949246;8.07022282;4.68048072
348;34.79898499;0.00000000;-3.99450220;7.23570043;2.37818317;0.76433928;0.30621052;-0.09624584;8.12801115;4.64695114
349;34.89898207;0.00000000;-3.89901817;7.26538913;2.39143944;0.74183037;0.29674858;-0.09300642;8.18498188;4.61387066
350;34.99897916;0.00000000;-3.80325527;7.29419059;2.40786524;0.73332796;0.28760932;-0.08977963;8.24115741;4.58122735
351;35.09897624;0.00000000;-3.70724441;7.32212920;2.42742402;0.73928539;0.27879300;-0.08655894;8.29655918;4.54900978
352;35.19897332;0.00000000;-3.61098864;7.34923761;2.43031487;0.75147498;0.27029771;-0.08334735;8.35120768;4.51720701
353;35.29897041;0.00000000;-3.51451683;7.37554106;2.43308579;0.72504698;0.26212389;-0.08013985;8.40512253;4.48580855
354;35.39896749;0.00000000;-3.41783082;7.40107228;2.43915703;0.69940695;0.25426989;-0.07694097;8.45832255;4.45480436
355;35.49896457;0.00000000;-3.32095761;7.42585723;2.44853463;0.68522744;0.24673605;-0.07374563;8.51082576;4.42418481
356;35.59896166;0.00000000;-3.22389786;7.44992871;2.46121308;0.68622862;0.23952068;-0.07056368;8.56264949;4.39394062
357;35.69895874;0.00000000;-3.12667701;7.47331321;2.47717068;0.70231444;0.23262363;-0.06738607;8.61381035;4.36406292
358;35.79895582;0.00000000;-3.02929455;7.49604353;2.49255010;0.70533941;0.22604439;-0.06419548;8.66432432;4.33454314
359;35.89895291;0.00000000;-2.93177433;7.51814686;2.49190554;0.68344517;0.21978495;-0.06100101;8.71420675;4.30537306
360;35.99894999;0.00000000;-2.83411505;7.53965629;2.49119987;0.66215607;0.21384565;-0.05777871;8.76347242;4.27654478
361;36.09894707;0.00000000;-2.73633902;7.56059985;2.49392872;0.64126180;0.20822962;-0.05454872;8.81213554;4.24805065
362;36.19894416;0.00000000;-2.63844423;7.58101100;2.50011326;0.62075020;0.20293627;-0.05131777;8.86020982;4.21988333
363;36.29894124;0.00000000;-2.54045192;7.60091833;2.50975911;0.61153854;0.19796636;-0.04808616;8.90770847;4.19203574
364;36.39893832;0.00000000;-2.44235921;7.62035537;2.52285939;0.60820093;0.19331894;-0.04486443;8.95464421;4.16450103
365;36.49893541;0.00000000;-2.34418602;7.63935104;2.53939049;0.62159534;0.18899375;-0.04164405;9.00102932;4.13727262
366;36.59893249;0.00000000;-2.24592841;7.65793890;2.54879194;0.64235197;0.18499083;-0.03841164;9.04687566;4.11034412
367;36.69892957;0.00000000;-2.14760636;7.67614805;2.54228779;0.62420532;0.18131165;-0.03517653;9.09219468;4.08370938
368;36.79892666;0.00000000;-2.04921450;7.69401181;2.53935463;0.60640959;0.17793347;-0.03251384;9.13699743;4.05736244
369;36.89892374;0.00000000;-1.95077162;7.71155440;2.54003244;0.59331417;0.17480731;-0.03001289;9.18129462;4.03129756
370;36.99892082;0.00000000;-1.85227182;7.72880080;2.54434176;0.59721558;0.17187413;-0.02898079;9.22509658;4.00550915
371;37.09891791;0.00000000;-1.75372588;7.74576105;2.55227559;0.61778051;0.16900675;-0.02836900;9.26841331;3.97999183
372;37.19891499;0.00000000;-1.65512988;7.76244237;2.55462818;0.63768910;0.16621169;-0.02746947;9.31125451;3.95474038
373;37.29891207;0.00000000;-1.55648935;7.77885265;2.54751016;0.62125556;0.16351397;-0.02648693;9.35362954;3.92974973
374;37.39890916;0.00000000;-1.45780391;7.79500198;2.54404051;0.60508546;0.16091733;-0.02543031;9.39554748;3.90501499
375;37.49890624;0.00000000;-1.35907958;7.81090001;2.54424480;0.59909774;0.15842827;-0.02435285;9.43701715;3.88053140
376;37.59890332;0.00000000;-1.26031484;7.82655788;2.54813289;0.60741348;0.15604653;-0.02328479;9.47804708;3.85629434
377;37.69890041;0.00000000;-1.16151614;7.84198539;2.55410653;0.61943596;0.15377143;-0.02221897;9.51864553;3.83229936
378;37.79889749;0.00000000;-1.06268131;7.85719368;2.55722034;0.64451014;0.15160296;-0.02115071;9.55882055;3.80854209
379;37.89889457;0.00000000;-0.96381654;7.87219260;2.54618330;0.62946873;0.14954141;-0.02008183;9.59857992;3.78501832
380;37.99889166;0.00000000;-0.86491974;7.88699326;2.53883881;0.61462736;0.14758669;-0.01901341;9.63793121;3.76172396
381;38.09888874;0.00000000;-0.76599715;7.90160555;2.53523000;0.59997575;0.14573885;-0.01794497;9.67688178;3.73865503
382;38.19888582;0.00000000;-0.66704640;7.91604061;2.53538334;0.60108967;0.14399776;-0.01687769;9.71543875;3.71580765
383;38.29888291;0.00000000;-0.56807351;7.93030834;2.53930882;0.61874649;0.14236341;-0.01581056;9.75360907;3.69317807
384;38.39887999;0.00000000;-0.46907586;7.94441992;2.53540781;0.65159374;0.14083594;-0.01473827;9.79139949;3.67076261
385;38.49887707;0.00000000;-0.37005992;7.95838525;2.52453258;0.64189908;0.13941585;-0.01366464;9.82881657;3.64855773
386;38.59887416;0.00000000;-0.27102258;7.97221559;2.51744858;0.62810485;0.13810266;-0.01260195;9.86586668;3.62655995
387;38.69887124;0.00000000;-0.17197045;7.98592076;2.51419884;0.61443832;0.13689551;-0.01154210;9.90255605;3.60476590
388;38.79886832;0.00000000;-0.07290108;7.99951187;2.51480871;0.60088838;0.13579701;-0.01041261;9.93889070;3.58317230
389;38.89886541;0.00000000;0.02618140;8.01299969;2.51928661;0.59205069;0.13481332;-0.00926176;9.97487654;3.56177594
390;38.99886249;0.00000000;0.12527684;8.02639518;2.52762282;0.60007514;0.13392082;-0.00872959;10.01051929;3.54057370
391;39.09885957;0.00000000;0.22438428;8.03970420;2.53978526;0.62430644;0.13306538;-0.00837978;10.04582453;3.51956254
392;39.19885666;0.00000000;0.32350296;8.05292997;2.55300382;0.64726633;0.13223651;-0.00824760;10.08079771;3.49873950
393;39.29885374;0.00000000;0.42263242;8.06607396;2.54774422;0.63410524;0.13141518;-0.00817954;10.11544413;3.47810169
394;39.39885082;0.00000000;0.52177275;8.07913689;2.53742922;0.62102593;0.13060049;-0.00811550;10.14976896;3.45764629
395;39.49884791;0.00000000;0.62092337;8.09211932;2.53094491;0.61342702;0.12979211;-0.00805257;10.18377725;3.43737054
396;39.59884499;0.00000000;0.72008462;8.10502193;2.52832134;0.61119266;0.12899007;-0.00798849;10.21747391;3.41727177
397;39.69884207;0.00000000;0.81925599;8.11784531;2.52957119;0.62523317;0.12819446;-0.00792412;10.25086375;3.39734735
398;39.79883916;0.00000000;0.91843768;8.13059012;2.53010646;0.65450143;0.12740528;-0.00786008;10.28395144;3.37759472
399;39.89883624;0.00000000;1.01762914;8.14325695;2.51666971;0.65853108;0.12662249;-0.00779613;10.31674156;3.35801138
400;39.99883332;0.00000000;1.11683065;8.15584648;2.50707462;0.64603647;0.12584610;-0.00773209;10.34923858;3.33859489
401;40.09883041;0.00000000;1.21604167;8.16835927;2.50136606;0.63361122;0.12507612;-0.00766803;10.38144685;3.31934287
402;40.19882749;0.00000000;1.31526245;8.18079601;2.49957131;0.63691374;0.12431254;-0.00760401;10.41337063;3.30025298
403;40.29882457;0.00000000;1.41449247;8.19315728;2.50169942;0.65570581;0.12355536;-0.00753999;10.44501408;3.28132295
404;40.39882166;0.00000000;1.51373196;8.20544375;2.50774105;0.68872013;0.12280459;-0.00747598;10.47638128;3.26255054
405;40.49881874;0.00000000;1.61298043;8.21765600;2.49859106;0.68244448;0.12206021;-0.00741196;10.50747618;3.24393358
406;40.59881582;0.00000000;1.71223811;8.22979472;2.48964597;0.67032085;0.12132224;-0.00734796;10.53830269;3.22546994
407;40.69881291;0.00000000;1.81150449;8.24186047;2.48462287;0.66384422;0.12059066;-0.00728395;10.56886459;3.20715753
408;40.79880999;0.00000000;1.91077983;8.25385394;2.48141031;0.67011670;0.11986549;-0.00721996;10.59916560;3.18899431
409;40.89880707;0.00000000;2.01006360;8.26577572;2.48045906;0.67953535;0.11914671;-0.00715597;10.62920937;3.17097828
410;40.99880416;0.00000000;2.10935607;8.27762646;2.48346553;0.70326022;0.11843434;-0.00709198;10.65899943;3.15310750
411;41.09880124;0.00000000;2.20865674;8.28940677;2.47091739;0.71104869;0.11772836;-0.00702800;10.68853928;3.13538004
412;41.19879832;0.00000000;2.30796584;8.30111731;2.45893887;0.69932115;0.11702878;-0.00696402;10.71783232;3.11779404
413;41.29879541;0.00000000;2.40728289;8.31275866;2.45091538;0.68766313;0.11633559;-0.00690005;10.74688189;3.10034765
414;41.39879249;0.00000000;2.50660814;8.32433151;2.44688643;0.68684433;0.11564881;-0.00683608;10.77569124;3.08303909
415;41.49878957;0.00000000;2.60594108;8.33583644;2.44687241;0.70051567;0.11496842;-0.00677212;10.80426358;3.06586658
416;41.59878666;0.00000000;2.70528198;8.34727411;2.44955170;0.72786055;0.11429442;-0.00670816;10.83260204;3.04882841
417;41.69878374;0.00000000;2.80463035;8.35864513;2.43437466;0.74228478;0.11362683;-0.00664420;10.86070969;3.03192288
418;41.79878082;0.00000000;2.90398643;8.36995016;2.42316623;0.73102688;0.11296562;-0.00658026;10.88858952;3.01514833
419;41.89877791;0.00000000;3.00334975;8.38118978;2.41598231;0.71983595;0.11231081;-0.00651631;10.91624450;2.99850313
420;41.99877499;0.00000000;3.10272055;8.39236468;2.41285948;0.71025681;0.11166240;-0.00645237;10.94367749;2.98198570
421;42.09877207;0.00000000;3.20209836;8.40347544;2.41381414;0.71474200;0.11102038;-0.00638843;10.97089134;2.96559447
422;42.19876916;0.00000000;3.30148342;8.41452274;2.40504463;0.73303281;0.11038475;-0.00632450;10.99788881;2.94932791
423;42.29876624;0.00000000;3.40087528;8.42550716;2.39063934;0.75450063;0.10975551;-0.00626057;11.02467264;2.93318451
424;42.39876332;0.00000000;3.50027417;8.43642937;2.38028883;0.76357099;0.10913267;-0.00619665;11.05124547;2.91716279
425;42.49876041;0.00000000;3.59967963;8.44728996;2.37404682;0.75271066;0.10851622;-0.00613273;11.07760994;2.90126131
426;42.59875749;0.00000000;3.69909191;8.45808962;2.37194638;0.74212610;0.10790616;-0.00606882;11.10376861;2.88547865
427;42.69875457;0.00000000;3.79851055;8.46882892;2.37399913;0.73796169;0.10730249;-0.00600491;11.12972400;2.86981341
428;42.79875166;0.00000000;3.89793580;8.47950854;2.36119250;0.74733607;0.10670521;-0.00594100;11.15547858;2.85426421
429;42.89874874;0.00000000;3.99736720;8.49012908;2.34759688;0.76975410;0.10611432;-0.00587709;11.18103477;2.83882972
430;42.99874582;0.00000000;4.09680499;8.50069119;2.33814388;0.80020915;0.10552983;-0.00581321;11.20639495;2.82350862
431;43.09874291;0.00000000;4.19624874;8.51119549;2.33288455;0.78969052;0.10495172;-0.00574932;11.23156147;2.80829960
432;43.19873999;0.00000000;4.29569868;8.52164262;2.33184789;0.77922928;0.10438000;-0.00568542;11.25653662;2.79320139
433;43.29873707;0.00000000;4.39515437;8.53203320;2.33504015;0.77996874;0.10381467;-0.00562150;11.28132264;2.77821275
434;43.39873416;0.00000000;4.49461606;8.54236789;2.34244470;0.79346740;0.10325573;-0.00555763;11.30592177;2.76333243
435;43.49873124;0.00000000;4.59408331;8.55264728;2.35272803;0.81909403;0.10270317;-0.00549377;11.33033615;2.74855923
436;43.59872832;0.00000000;4.69355636;8.56287204;2.35678869;0.83746810;0.10215700;-0.00543011;11.35456794;2.73389197
437;43.69872541;0.00000000;4.79303478;8.57304278;2.34396026;0.82731661;0.10161718;-0.00536649;11.37861923;2.71932948
438;43.79872249;0.00000000;4.89251881;8.58316014;2.33298633;0.82028654;0.10108373;-0.00530294;11.40249208;2.70487060
439;43.89871957;0.00000000;4.99200802;8.59322473;2.32451172;0.82294827;0.10055663;-0.00523940;11.42618851;2.69051421
440;43.99871666;0.00000000;5.09150266;8.60323721;2.32026721;0.82867452;0.10003588;-0.00517584;11.44971053;2.67625920
441;44.09871374;0.00000000;5.19100230;8.61319818;2.32027668;0.84631144;0.09952149;-0.00511228;11.47306007;2.66210449
442;44.19871082;0.00000000;5.29050719;8.62310830;2.31343020;0.87513867;0.09901345;-0.00504873;11.49623907;2.64804898
443;44.29870790;0.00000000;5.39001690;8.63296816;2.29747731;0.86714621;0.09851177;-0.00498519;11.51924941;2.63409164
444;44.39870499;0.00000000;5.48953168;8.64277844;2.28574202;0.85732949;0.09801644;-0.00492165;11.54209297;2.62023143
445;44.49870207;0.00000000;5.58905111;8.65253972;2.27829018;0.85497434;0.09752747;-0.00485811;11.56477155;2.60646731
446;44.59869915;0.00000000;5.68857544;8.66225267;2.27516449;0.86430910;0.09704485;-0.00479457;11.58728697;2.59279829
447;44.69869624;0.00000000;5.78810425;8.67191788;2.27638341;0.88496331;0.09656858;-0.00473104;11.60964099;2.57922338
448;44.79869332;0.00000000;5.88763778;8.68153603;2.27118994;0.91617118;0.09609867;-0.00466751;11.63183534;2.56574160
449;44.89869040;0.00000000;5.98717563;8.69110770;2.25606611;0.91012399;0.09563511;-0.00460398;11.65387175;2.55235200
450;44.99868749;0.00000000;6.08671803;8.70063356;2.24525223;0.90088133;0.09517790;-0.00454046;11.67575189;2.53905363
451;45.09868457;0.00000000;6.18626459;8.71011421;2.23881143;0.90273431;0.09472704;-0.00447694;11.69747743;2.52584557
452;45.19868165;0.00000000;6.28581554;8.71955031;2.23678212;0.91561497;0.09428254;-0.00441342;11.71904999;2.51272690
453;45.29867874;0.00000000;6.38537050;8.72894245;2.23823612;0.93270658;0.09384438;-0.00434991;11.74047117;2.49969672
454;45.39867582;0.00000000;6.48492968;8.73829131;2.23863372;0.95664175;0.09341258;-0.00428640;11.76174256;2.48675415
455;45.49867290;0.00000000;6.58449270;8.74759748;2.22020604;0.95244136;0.09298713;-0.00422289;11.78286571;2.47389832
456;45.59866999;0.00000000;6.68405980;8.75686161;2.20611934;0.94318158;0.09256803;-0.00415938;11.80384216;2.46112835
457;45.69866707;0.00000000;6.78363060;8.76608432;2.19645781;0.93829865;0.09215528;-0.00409588;11.82467340;2.44844342
458;45.79866415;0.00000000;6.88320531;8.77526627;2.19128060;0.94408310;0.09174888;-0.00403238;11.84536092;2.43584268
459;45.89866124;0.00000000;6.98278357;8.78440804;2.19062015;0.96034156;0.09134882;-0.00396888;11.86590619;2.42332532
460;45.99865832;0.00000000;7.08236559;8.79351031;2.18446916;0.98655576;0.09095512;-0.00390539;11.88631064;2.41089052
461;46.09865540;0.00000000;7.18195102;8.80257367;2.16693595;0.99788826;0.09056777;-0.00384190;11.90657569;2.39853748
462;46.19865249;0.00000000;7.28154006;8.81159879;2.15386897;0.98885497;0.09018676;-0.00377841;11.92670274;2.38626543
463;46.29864957;0.00000000;7.38113237;8.82058627;2.14535050;0.98794276;0.08981211;-0.00371492;11.94669315;2.37407358
464;46.39864665;0.00000000;7.48072815;8.82953676;2.14143543;0.99714583;0.08944380;-0.00365143;11.96654830;2.36196117
465;46.49864374;0.00000000;7.58032705;8.83845088;2.14214965;1.01618876;0.08908184;-0.00358795;11.98626950;2.34992746
466;46.59864082;0.00000000;7.67992928;8.84732927;2.14748917;1.04453296;0.08872623;-0.00352447;12.00585809;2.33797169
467;46.69863790;0.00000000;7.77953450;8.85617254;2.13780827;1.04427670;0.08837697;-0.00346099;12.02531534;2.32609315
468;46.79863499;0.00000000;7.87914290;8.86498136;2.12129212;1.03731597;0.08803406;-0.00339752;12.04464255;2.31429109
469;46.89863207;0.00000000;7.97875416;8.87375632;2.10935834;1.03589350;0.08769749;-0.00333404;12.06384097;2.30256483
470;46.99862915;0.00000000;8.07836848;8.88249808;2.08473256;1.03887817;0.08736727;-0.00327057;12.08291184;2.29091365
471;47.09862624;0.00000000;8.17798551;8.89120725;2.06450186;1.05144041;0.08704339;-0.00320710;12.10185638;2.27933686
472;47.19862332;0.00000000;8.27760546;8.89988449;2.04892520;1.07324336;0.08672586;-0.00314363;12.12067580;2.26783378
473;47.29862040;0.00000000;8.37722801;8.90853040;2.03810997;1.09150329;0.08641468;-0.00308017;12.13937129;2.25640374
474;47.39861749;0.00000000;8.47685334;8.91714563;2.03213279;1.08824236;0.08610985;-0.00301670;12.15794403;2.24504608
475;47.49861457;0.00000000;8.57648114;8.92573080;2.03103704;1.09417911;0.08581136;-0.00295324;12.17639516;2.23376014
476;47.59861165;0.00000000;8.67611160;8.93428656;2.03483123;1.10916525;0.08551922;-0.00288978;12.19472583;2.22254528
477;47.69860874;0.00000000;8.77574440;8.94281351;2.02147855;1.13284104;0.08523342;-0.00282632;12.21293717;2.21140085
478;47.79860582;0.00000000;8.87537973;8.95131232;2.00691926;1.14969568;0.08495397;-0.00276287;12.23103027;2.20032624
479;47.89860290;0.00000000;8.97501728;8.95978359;1.99723887;1.14121685;0.08468086;-0.00269941;12.24900624;2.18932081
480;47.99859999;0.00000000;9.07465724;8.96822798;1.99203437;1.14133137;0.08441410;-0.00263596;12.26686616;2.17838397
481;48.09859707;0.00000000;9.17429930;8.97664609;1.98749775;1.15019894;0.08415369;-0.00257251;12.28461108;2.16751510
482;48.19859415;0.00000000;9.27394363;8.98503858;1.98796133;1.16246856;0.08389962;-0.00250906;12.30224206;2.15671360
483;48.29859124;0.00000000;9.37358996;8.99340606;1.97637558;1.18029937;0.08365189;-0.00244561;12.31976014;2.14597890
484;48.39858832;0.00000000;9.47323844;9.00174917;1.95824540;1.19831706;0.08341051;-0.00238216;12.33716633;2.13531041
485;48.49858540;0.00000000;9.57288880;9.01006854;1.94506977;1.19000185;0.08317547;-0.00231872;12.35446165;2.12470755
486;48.59858249;0.00000000;9.67254119;9.01836482;1.93695041;1.18481521;0.08294678;-0.00225527;12.37164710;2.11416976
487;48.69857957;0.00000000;9.77219535;9.02663861;1.93395166;1.18807493;0.08272443;-0.00219183;12.38872364;2.10369649
488;48.79857665;0.00000000;9.87185141;9.03489057;1.93609793;1.19971155;0.08250843;-0.00212839;12.40569226;2.09328717
489;48.89857374;0.00000000;9.97150913;9.04312131;1.91800454;1.21948463;0.08229877;-0.00206495;12.42255391;2.08294127
490;48.99857082;0.00000000;10.07116865;9.05133148;1.90101533;1.24700663;0.08209545;-0.00200151;12.43930954;2.07265824
491;49.09856790;0.00000000;10.17082971;9.05952169;1.88915345;1.24076131;0.08189848;-0.00193807;12.45596008;2.06243756
492;49.19856499;0.00000000;10.27049245;9.06769260;1.88251644;1.23874729;0.08170785;-0.00187463;12.47250644;2.05227870
493;49.29856207;0.00000000;10.37015663;9.07584482;1.88116024;1.24480774;0.08152356;-0.00181119;12.48894954;2.04218114
494;49.39855915;0.00000000;10.46982238;9.08397900;1.88509688;1.25882545;0.08134562;-0.00174776;12.50529028;2.03214437
495;49.49855624;0.00000000;10.56948945;9.09209575;1.88601800;1.28053847;0.08117402;-0.00168432;12.52152954;2.02216789
496;49.59855332;0.00000000;10.66915798;9.10019571;1.86518993;1.30358579;0.08100876;-0.00162089;12.53766820;2.01225119
497;49.69855040;0.00000000;10.76882774;9.10827952;1.84952494;1.30447845;0.08084985;-0.00155746;12.55370711;2.00239378
498;49.79854749;0.00000000;10.86849883;9.11634781;1.83915556;1.31302382;0.08069728;-0.00149403;12.56964714;1.99259518
499;49.89854457;0.00000000;10.96817105;9.12440121;1.83417228;1.32907368;0.08055105;-0.00143060;12.58548913;1.98285490
500;49.99854165;0.00000000;11.06784450;9.13244035;1.83461960;1.35236026;0.08041117;-0.00136717;12.60123391;1.97317246
501;50.09853874;0.00000000;11.16751897;9.14046586;1.82477140;1.35954805;0.08027763;-0.00130374;12.61688231;1.96354740
502;50.19853582;0.00000000;11.26719456;9.14847838;1.80510061;1.35565214;0.08015043;-0.00124031;12.63243512;1.95397925
503;50.29853290;0.00000000;11.36687107;9.15647853;1.79079327;1.35913466;0.08002958;-0.00117688;12.64789317;1.94446755
504;50.39852999;0.00000000;11.46654859;9.16446696;1.78197918;1.36993871;0.07991506;-0.00111345;12.66325723;1.93501185
505;50.49852707;0.00000000;11.56622694;9.17244428;1.77874064;1.38789269;0.07980689;-0.00105002;12.67852810;1.92561169
506;50.59852415;0.00000000;11.66590618;9.18041114;1.78110871;1.41272343;0.07970506;-0.00098659;12.69370655;1.91626664
507;50.69852124;0.00000000;11.76558615;9.18836817;1.78292565;1.41236792;0.07960958;-0.00092317;12.70879334;1.90697626
508;50.79851832;0.00000000;11.86526691;9.19631599;1.76437938;1.41118067;0.07952044;-0.00085974;12.72378923;1.89774011
509;50.89851540;0.00000000;11.96494830;9.20425524;1.75134640;1.41707505;0.07943764;-0.00079631;12.73869496;1.88855777
510;50.99851249;0.00000000;12.06463037;9.21218656;1.73995883;1.42415750;0.07936118;-0.00073289;12.75351127;1.87942881
511;51.09850957;0.00000000;12.16431298;9.22011057;1.71695643;1.43733932;0.07929106;-0.00066946;12.76823890;1.87035281
512;51.19850665;0.00000000;12.26399616;9.22802791;1.69418261;1.45728580;0.07922729;-0.00060604;12.78287856;1.86132935
513;51.29850374;0.00000000;12.36367978;9.23593921;1.67706553;1.46413670;0.07916986;-0.00054261;12.79743096;1.85235804
514;51.39850082;0.00000000;12.46336387;9.24384510;1.66578019;1.45862312;0.07911877;-0.00047919;12.81189682;1.84343846
515;51.49849790;0.00000000;12.56304829;9.25174621;1.66044617;1.45995868;0.07907402;-0.00041576;12.82627682;1.83457022
516;51.59849499;0.00000000;12.66273309;9.25964318;1.65340641;1.46812406;0.07903562;-0.00035233;12.84057165;1.82575291
517;51.69849207;0.00000000;12.76241812;9.26753663;1.63174082;1.48300582;0.07900356;-0.00028891;12.85478200;1.81698615
518;51.79848915;0.00000000;12.86210342;9.27542721;1.61598052;1.50440405;0.07897784;-0.00022548;12.86890853;1.80826954
519;51.89848624;0.00000000;12.96178886;9.28331553;1.60629996;1.51688575;0.07895846;-0.00016206;12.88295192;1.79960272
520;51.99848332;0.00000000;13.06147446;9.29120225;1.60280995;1.51391557;0.07894543;-0.00009863;12.89691282;1.79098529
521;52.09848040;0.00000000;13.16116011;9.29908797;1.60437616;1.51754412;0.07893874;-0.00003520;12.91079188;1.78241688
522;52.19847749;0.00000000;13.26084582;9.30697335;1.60726194;1.52772374;0.07893839;0.00002822;12.92458974;1.77389713
523;52.29847457;0.00000000;13.36053148;9.31485901;1.59192196;1.54432429;0.07894438;0.00009165;12.93830704;1.76542566
524;52.39847165;0.00000000;13.46021708;9.32274559;1.57180019;1.56486867;0.07895672;0.00015508;12.95194440;1.75700211
525;52.49846874;0.00000000;13.55990255;9.33063370;1.55785102;1.58796035;0.07897540;0.00021851;12.96550246;1.74862613
526;52.59846582;0.00000000;13.65958786;9.33852400;1.55024170;1.60332485;0.07900042;0.00028194;12.97898182;1.74029735
527;52.69846290;0.00000000;13.75927294;9.34641711;1.54906632;1.62128225;0.07903178;0.00034537;12.99238309;1.73201543
528;52.79845999;0.00000000;13.85895775;9.35431366;1.55434009;1.64512905;0.07906949;0.00040880;13.00570687;1.72378002
529;52.89845707;0.00000000;13.95864223;9.36221428;1.52980658;1.64111208;0.07911354;0.00047223;13.01895377;1.71559078
530;52.99845415;0.00000000;14.05832634;9.37011962;1.51121421;1.64261185;0.07916393;0.00053566;13.03212436;1.70744736
531;53.09845124;0.00000000;14.15801003;9.37803029;1.49908087;1.65017569;0.07922067;0.00059909;13.04521923;1.69934943
532;53.19844832;0.00000000;14.25769324;9.38594693;1.49356460;1.66372026;0.07928375;0.00066252;13.05823896;1.69129665
533;53.29844540;0.00000000;14.35737594;9.39387018;1.47798188;1.68310055;0.07935317;0.00072595;13.07118412;1.68328870
534;53.39844249;0.00000000;14.45705804;9.40180066;1.46047817;1.69877730;0.07942894;0.00078939;13.08405527;1.67532525
535;53.49843957;0.00000000;14.55673954;9.40973902;1.44345037;1.69638221;0.07951104;0.00085282;13.09685296;1.66740597
536;53.59843665;0.00000000;14.65642034;9.41768587;1.43322178;1.69774672;0.07959949;0.00091626;13.10957776;1.65953054
537;53.69843374;0.00000000;14.75610043;9.42564185;1.42993894;1.70141594;0.07969429;0.00097970;13.12223020;1.65169866
538;53.79843082;0.00000000;14.85577972;9.43360761;1.43365022;1.71092199;0.07979543;0.00104313;13.13481083;1.64391000
539;53.89842790;0.00000000;14.95545820;9.44158376;1.42150818;1.72616781;0.07990291;0.00110657;13.14732018;1.63616426
540;53.99842499;0.00000000;15.05513578;9.44957093;1.39943981;1.74700253;0.08001674;0.00117001;13.15975878;1.62846112
541;54.09842207;0.00000000;15.15481244;9.45756978;1.38427202;1.74443033;0.08013691;0.00123345;13.17212716;1.62080029
542;54.19841915;0.00000000;15.25448809;9.46558091;1.37623364;1.74406574;0.08026342;0.00129690;13.18442583;1.61318145
543;54.29841624;0.00000000;15.35416274;9.47360497;1.37545030;1.74941334;0.08039628;0.00136034;13.19665531;1.60560433
544;54.39841332;0.00000000;15.45383625;9.48164259;1.38193497;1.76042045;0.08053548;0.00142379;13.20881611;1.59806861
545;54.49841040;0.00000000;15.55350866;9.48969440;1.37190104;1.77698129;0.08068103;0.00148723;13.22090872;1.59057401
546;54.59840749;0.00000000;15.65317982;9.49776104;1.35143101;1.79894185;0.08083292;0.00155068;13.23293364;1.58312023
547;54.69840457;0.00000000;15.75284978;9.50584313;1.33815516;1.82299656;0.08099115;0.00161413;13.24489138;1.57570700
548;54.79840165;0.00000000;15.85251839;9.51394130;1.33228921;1.83538525;0.08115573;0.00167758;13.25678241;1.56833403
549;54.89839874;0.00000000;15.95218568;9.52205620;1.32860081;1.84998435;0.08132666;0.00174103;13.26860722;1.56100103
550;54.99839582;0.00000000;16.05185151;9.53018845;1.33057410;1.86791492;0.08150393;0.00180448;13.28036628;1.55370773
551;55.09839290;0.00000000;16.15151593;9.53833868;1.33208999;1.86273078;0.08168755;0.00186794;13.29206008;1.54645385
552;55.19838999;0.00000000;16.25117876;9.54650753;1.30646314;1.86062559;0.08187751;0.00193139;13.30368907;1.53923912
553;55.29838707;0.00000000;16.35084008;9.55469563;1.28812895;1.86387130;0.08207381;0.00199485;13.31525372;1.53206327
554;55.39838415;0.00000000;16.45049969;9.56290360;1.27740209;1.87243943;0.08227646;0.00205831;13.32675450;1.52492604
555;55.49838124;0.00000000;16.55015768;9.57113209;1.25489636;1.88625684;0.08248546;0.00212177;13.33819185;1.51782714
556;55.59837832;0.00000000;16.64981385;9.57938172;1.23054389;1.90520870;0.08270081;0.00218523;13.34956622;1.51076634
557;55.69837540;0.00000000;16.74946830;9.58765313;1.21398644;1.91509234;0.08292250;0.00224870;13.36087807;1.50374335
558;55.79837249;0.00000000;16.84912080;9.59594695;1.20554590;1.91475478;0.08315053;0.00231216;13.37212783;1.49675793
559;55.89836957;0.00000000;16.94877146;9.60426381;1.20539341;1.91961023;0.08338492;0.00237563;13.38331594;1.48980983
560;55.99836665;0.00000000;17.04842006;9.61260433;1.21353272;1.92961883;0.08362565;0.00243910;13.39444283;1.48289877
561;56.09836374;0.00000000;17.14806671;9.62096917;1.22187793;1.94470042;0.08387272;0.00250257;13.40550894;1.47602453
562;56.19836082;0.00000000;17.24771117;9.62935894;1.20207553;1.96473753;0.08412614;0.00256605;13.41651468;1.46918684
563;56.29835790;0.00000000;17.34735357;9.63777428;1.17980429;1.96660395;0.08438592;0.00262952;13.42746048;1.46238547
564;56.39835499;0.00000000;17.44699366;9.64621582;1.16574038;1.96290501;0.08465203;0.00269300;13.43834676;1.45562016
565;56.49835207;0.00000000;17.54663157;9.65468419;1.16018291;1.96426938;0.08492450;0.00275648;13.44917392;1.44889069
566;56.59834915;0.00000000;17.64626703;9.66318003;1.16325446;1.97068591;0.08520331;0.00281996;13.45994238;1.44219679
567;56.69834623;0.00000000;17.74590021;9.67170396;1.17106846;1.98210491;0.08548848;0.00288344;13.47065254;1.43553825
568;56.79834332;0.00000000;17.84553081;9.68025661;1.14265777;1.99843998;0.08577998;0.00294693;13.48130480;1.42891483
569;56.89834040;0.00000000;17.94515901;9.68883864;1.12249556;2.01957126;0.08607784;0.00301041;13.49189956;1.42232629
570;56.99833748;0.00000000;18.04478449;9.69745064;1.11103168;2.03841777;0.08638205;0.00307391;13.50243721;1.41577240
571;57.09833457;0.00000000;18.14440745;9.70609328;1.10853662;2.05094785;0.08669261;0.00313740;13.51291815;1.40925293
572;57.19833165;0.00000000;18.24402757;9.71476716;1.11507124;2.06821147;0.08700951;0.00320089;13.52334275;1.40276766
573;57.29832873;0.00000000;18.34364503;9.72347293;1.09417083;2.08005109;0.08733277;0.00326439;13.53371141;1.39631637
574;57.39832582;0.00000000;18.44325951;9.73221122;1.07596508;2.07952696;0.08766237;0.00332789;13.54402450;1.38989882
575;57.49832290;0.00000000;18.54287122;9.74098266;1.06687457;2.08377366;0.08799832;0.00339139;13.55428240;1.38351480
576;57.59831998;0.00000000;18.64247980;9.74978787;1.05830631;2.09184141;0.08834063;0.00345489;13.56448547;1.37716409
577;57.69831707;0.00000000;18.74208549;9.75862751;1.03603473;2.10102607;0.08868928;0.00351839;13.57463410;1.37084648
578;57.79831415;0.00000000;18.84168790;9.76750218;1.01099297;2.11486939;0.08904429;0.00358191;13.58472864;1.36456174
579;57.89831123;0.00000000;18.94128729;9.77641253;0.99544728;2.12443865;0.08940564;0.00364542;13.59476946;1.35830967
580;57.99830832;0.00000000;19.04088326;9.78535918;0.98984585;2.12066403;0.08977335;0.00370892;13.60475691;1.35209006
581;58.09830540;0.00000000;19.14047607;9.79434278;0.99435737;2.12156401;0.09014740;0.00377242;13.61469136;1.34590269
582;58.19830248;0.00000000;19.24006531;9.80336394;1.00337629;2.12713202;0.09052781;0.00383597;13.62457315;1.33974735
583;58.29829957;0.00000000;19.33965126;9.81242331;0.98359133;2.13733095;0.09091458;0.00389952;13.63440263;1.33362385
584;58.39829665;0.00000000;19.43923350;9.82152150;0.96087360;2.15209431;0.09130769;0.00396300;13.64418016;1.32753198
585;58.49829373;0.00000000;19.53881230;9.83065916;0.94824994;2.17132842;0.09170715;0.00402645;13.65390606;1.32147154
586;58.59829082;0.00000000;19.63838723;9.83983690;0.94612516;2.16927981;0.09211296;0.00409003;13.66358069;1.31544232
587;58.69828790;0.00000000;19.73795858;9.84905539;0.95068067;2.17152263;0.09252513;0.00415363;13.67320439;1.30944413
588;58.79828498;0.00000000;19.83752591;9.85831521;0.95932420;2.17831695;0.09294370;0.00421807;13.68277747;1.30347677
589;58.89828207;0.00000000;19.93708952;9.86761705;0.95967794;2.18961980;0.09336873;0.00428267;13.69230029;1.29754004
590;58.99827915;0.00000000;20.03664893;9.87696151;0.93195315;2.20536118;0.09380023;0.00434767;13.70177315;1.29163375
591;59.09827623;0.00000000;20.13620448;9.88634926;0.91225123;2.22544632;0.09423823;0.00441274;13.71119640;1.28575772
592;59.19827332;0.00000000;20.23575567;9.89578093;0.90329755;2.24666714;0.09468274;0.00447770;13.72057035;1.27991174
593;59.29827040;0.00000000;20.33530283;9.90525720;0.90541168;2.25948907;0.09513375;0.00454264;13.72989533;1.27409563
594;59.39826748;0.00000000;20.43484547;9.91477866;0.91493981;2.27605123;0.09559124;0.00460758;13.73917164;1.26830921
595;59.49826457;0.00000000;20.53438392;9.92434600;0.90612150;2.28257047;0.09605524;0.00467253;13.74839961;1.26255228
596;59.59826165;0.00000000;20.63391768;9.93395983;0.87864717;2.28291849;0.09652572;0.00473749;13.75757954;1.25682467
597;59.69825873;0.00000000;20.73344709;9.94362083;0.86201243;2.28759444;0.09700271;0.00480246;13.76671175;1.25112618
598;59.79825582;0.00000000;20.83297162;9.95332961;0.85684957;2.29657123;0.09748619;0.00486743;13.77579655;1.24545665
599;59.89825290;0.00000000;20.93249165;9.96308685;0.86336503;2.30979810;0.09797617;0.00493239;13.78483422;1.23981589
600;59.99824998;0.00000000;21.03200662;9.97289315;0.87315641;2.32720189;0.09847264;0.00499737;13.79382509;1.23420371
601;60.09824707;0.00000000;21.13151691;9.98274920;0.87609824;2.32730906;0.09897561;0.00506234;13.80276943;1.22861995
602;60.19824415;0.00000000;21.23102196;9.99265561;0.85118071;2.32864745;0.09948508;0.00512732;13.81166756;1.22306444
603;60.29824123;0.00000000;21.33052216;10.00261305;0.83731193;2.33028775;0.10000104;0.00519230;13.82051977;1.21753698
604;60.39823832;0.00000000;21.43001693;10.01262213;0.82443274;2.33615924;0.10052351;0.00525729;13.82932634;1.21203742
605;60.49823540;0.00000000;21.52950668;10.02268354;0.82363385;2.34622954;0.10105247;0.00532228;13.83808756;-10.53476324
606;60.59823248;0.00000000;21.62899080;10.03279787;0.83376078;2.36044423;0.10158793;0.00538727;13.76175047;-11.70326613
607;60.69822957;0.00000000;21.72846972;10.04296582;0.84337997;2.36209551;0.10212989;0.00545226;13.67644658;-11.69497104
608;60.79822665;0.00000000;21.82794281;10.05318798;0.81060246;2.36051946;0.10267835;0.00551726;13.59066831;-11.68697718
609;60.89822373;0.00000000;21.92741053;10.06346504;0.78927035;2.36312238;0.10323331;0.00558226;13.50440439;-11.67928340
610;60.99822082;0.00000000;22.02687221;10.07379760;0.78032365;2.36988986;0.10379477;0.00564726;13.41764321;-11.67189049
611;61.09821790;0.00000000;22.12632832;10.08418635;0.78418700;2.38078576;0.10436273;0.00571227;13.33037281;-11.66479741
612;61.19821498;0.00000000;22.22577820;10.09463188;0.79463355;2.39575305;0.10493719;0.00577728;13.24258086;-11.65800490
613;61.29821207;0.00000000;22.32522231;10.10513490;0.80272106;2.40260918;0.10551815;0.00584229;13.15425463;-11.65151201
614;61.39820915;0.00000000;22.42465998;10.11569597;0.77258187;2.40214019;0.10610562;0.00590731;13.06538099;-11.64531944
615;61.49820623;0.00000000;22.52409169;10.12631582;0.75464671;2.40577206;0.10669958;0.00597232;12.97594638;-11.63942628
616;61.59820332;0.00000000;22.62351674;10.13699501;0.74979263;2.41348561;0.10730005;0.00603734;12.88593680;-11.63383324
617;61.69820040;0.00000000;22.72293563;10.14773426;0.75039614;2.42524129;0.10790702;0.00610237;12.79533776;-11.62853958
618;61.79819748;0.00000000;22.82234764;10.15853414;0.75939987;2.43921800;0.10852048;0.00616739;12.70413430;-11.62354593
619;61.89819457;0.00000000;22.92175328;10.16939537;0.77022162;2.43411807;0.10914046;0.00623242;12.61231093;-11.61885157
620;61.99819165;0.00000000;23.02115182;10.18031851;0.75329595;2.43060053;0.10976693;0.00629745;12.51985161;-11.61445714
621;62.09818873;0.00000000;23.12054378;10.19130427;0.72670803;2.43113138;0.11039991;0.00636249;12.42673975;-11.61036206
622;62.19818582;0.00000000;23.21992840;10.20235323;0.71333290;2.43570733;0.11103939;0.00642752;12.33295812;-11.60656691
623;62.29818290;0.00000000;23.31930623;10.21346611;0.71391414;2.44430504;0.11168538;0.00649256;12.23848889;-11.60307119
624;62.39817998;0.00000000;23.41867650;10.22464346;0.72510645;2.45688159;0.11233787;0.00655760;12.14331354;-11.59987546
625;62.49817707;0.00000000;23.51803974;10.23588602;0.69687000;2.46986638;0.11299686;0.00662265;12.04741285;-11.59697932
626;62.59817415;0.00000000;23.61739519;10.24719433;0.67331862;2.46738424;0.11366236;0.00668769;11.95076684;-11.59438330
627;62.69817123;0.00000000;23.71674338;10.25856912;0.66421058;2.46888616;0.11433436;0.00675274;11.85335476;-11.59208698
628;62.79816832;0.00000000;23.81608354;10.27001096;0.67013577;2.47436423;0.11501287;0.00681780;11.75515501;-11.59009091
629;62.89816540;0.00000000;23.91541621;10.28152056;0.68163110;2.48379152;0.11569788;0.00688285;11.65614511;-11.58839530
630;62.99816248;0.00000000;24.01474059;10.29309849;0.69319569;2.49712260;0.11638940;0.00694790;11.55630163;-11.58700034
631;63.09815957;0.00000000;24.11405725;10.30474546;0.68281987;2.50334184;0.11708742;0.00701296;11.45560015;-11.58590411
632;63.19815665;0.00000000;24.21336537;10.31646203;0.66305536;2.49792443;0.11779195;0.00707803;11.35401522;-11.58510835
633;63.29815373;0.00000000;24.31266553;10.32824894;0.64566918;2.49643304;0.11850299;0.00714310;11.25152023;-11.58462027
634;63.39815082;0.00000000;24.41195687;10.34010672;0.64203133;2.49887407;0.11922053;0.00720813;11.14808733;-11.58443451
635;63.49814790;0.00000000;24.51124002;10.35203611;0.65391980;2.50523538;0.11994457;0.00727314;11.04368742;-11.58443445
636;63.59814498;0.00000000;24.61051409;10.36403767;0.66583448;2.51548655;0.12067512;0.00733839;10.93829111;-11.58452172
637;63.69814207;0.00000000;24.70977970;10.37611212;0.65439749;2.52794221;0.12141220;0.00740367;10.83186852;-11.58490689
638;63.79813915;0.00000000;24.80903600;10.38826001;0.62499569;2.52340642;0.12215577;0.00746800;10.72438632;-11.58570485
639;63.89813623;0.00000000;24.90828353;10.40048206;0.61081335;2.52275447;0.12290576;0.00753221;10.61580842;-11.58681584
640;63.99813332;0.00000000;25.00752131;10.41277880;0.61290860;2.52598872;0.12366234;0.00760033;10.50609789;-11.58779282
641;64.09813040;0.00000000;25.10675034;10.42515103;0.62529408;2.53309366;0.12442578;0.00766890;10.39522015;-11.58903567
642;64.19812748;0.00000000;25.20596987;10.43759934;0.63775623;2.54403619;0.12519540;0.00772209;10.28313485;-11.59222551
643;64.29812457;0.00000000;25.30517939;10.45012422;0.63064484;2.54995490;0.12597016;0.00777353;10.16978293;-11.49559863
644;64.39812165;0.00000000;25.40437957;10.46272758;0.60535901;2.53850756;0.12679495;0.00885371;10.05611417;-11.38536299
645;64.49811873;0.00000000;25.50356753;10.47541864;0.59607948;2.53087399;0.12774180;0.01008381;9.94225458;-11.02034164
646;64.59811582;0.00000000;25.60273928;10.48821272;0.59309140;2.52707296;0.12892900;0.01400256;9.83078949;-10.63506115
647;64.69811290;0.00000000;25.70189865;10.50114638;0.60159509;2.52708584;0.13054453;0.01830696;9.72200966;-10.35437952
648;64.79810998;0.00000000;25.80102521;10.51425915;0.61466626;2.53087059;0.13254898;0.02166659;9.61491843;-10.09920755
649;64.89810707;0.00000000;25.90013603;10.52758838;0.62795614;2.53651432;0.13487672;0.02488605;9.50930459;-9.87450831
650;64.99810415;0.00000000;25.99920123;10.54116228;0.64149194;2.54398484;0.13751688;0.02789571;9.40489392;-9.66318236
651;65.09810123;0.00000000;26.09824060;10.55501420;0.65030906;2.54755974;0.14045553;0.03087499;9.30158318;-9.46038564
652;65.19809832;0.00000000;26.19722475;10.56917015;0.61767284;2.53981673;0.14369263;0.03387519;9.19931669;-9.26764212
653;65.29809540;0.00000000;26.29617182;10.58366299;0.60044792;2.53565675;0.14723031;0.03687571;9.09801919;-9.08531804
654;65.39809248;0.00000000;26.39505348;10.59851889;0.59999731;2.53506846;0.15106724;0.03986870;8.99760761;-8.91257534
655;65.49808957;0.00000000;26.49388632;10.61377061;0.61529261;2.53802431;0.15520384;0.04286103;8.89800425;-8.74708460
656;65.59808665;0.00000000;26.59264219;10.62944413;0.63101408;2.54448144;0.15964034;0.04587953;8.79915415;-8.59051657
657;65.69808373;0.00000000;26.69133524;10.64557220;0.62800723;2.55438455;0.16437949;0.04890104;8.70098043;-8.42695671
658;65.79808082;0.00000000;26.78993694;10.66218106;0.60195499;2.54987172;0.16942948;0.05213603;8.60358752;-8.27070759
659;65.89807790;0.00000000;26.88846257;10.67930579;0.59238497;2.54435108;0.17480642;0.05539844;8.50691630;-8.03508110
660;65.99807498;0.00000000;26.98687886;10.69697530;0.60012237;2.54219894;0.18056221;0.05989865;8.41193531;-7.79757745
661;66.09807207;0.00000000;27.08520111;10.71523648;0.61532497;2.54337996;0.18678709;0.06459344;8.31872500;-7.54824908
662;66.19806915;0.00000000;27.18339015;10.73413025;0.63424834;2.54784189;0.19349524;0.06963104;8.22748928;-7.30694711
663;66.29806623;0.00000000;27.28145815;10.75370982;0.65222691;2.54636446;0.20071334;0.07472551;8.13819594;-7.07867516
664;66.39806332;0.00000000;27.37936421;10.77401892;0.63495968;2.52666969;0.20843881;0.07979517;8.05074775;-6.86155560
665;66.49806040;0.00000000;27.47711777;10.79511132;0.62089127;2.50665622;0.21667188;0.08485985;7.96506549;-6.65818555
666;66.59805748;0.00000000;27.57467598;10.81702950;0.62212932;2.48966300;0.22540793;0.08987061;7.88103229;-6.46505559
667;66.69805457;0.00000000;27.67204616;10.83982655;0.64007573;2.47569912;0.23464553;0.09487461;7.79857016;-6.28045379
668;66.79805165;0.00000000;27.76918292;10.86354322;0.66371280;2.46477105;0.24438284;0.09989317;7.71761896;-6.10442162
669;66.89804873;0.00000000;27.86609046;10.88823219;0.68275021;2.45686734;0.25462383;0.10491997;7.63811454;-5.93674159
670;66.99804582;0.00000000;27.96272132;10.91393324;0.66287092;2.45196983;0.26536639;0.10995313;7.55999207;-5.77687897
671;67.09804290;0.00000000;28.05907574;10.94069850;0.65885613;2.45004550;0.27661420;0.11499669;7.48319036;-5.62429044
672;67.19803998;0.00000000;28.15510405;10.96856652;0.67104160;2.44934887;0.28836556;0.12005546;7.40765231;-5.47883184
673;67.29803707;0.00000000;28.25080255;10.99758890;0.69862888;2.43408600;0.30062503;0.12512767;7.33331973;-5.34046690
674;67.39803415;0.00000000;28.34611895;11.02780275;0.72857017;2.42161395;0.31339061;0.13020987;7.26013196;-5.20843692
675;67.49803123;0.00000000;28.44104505;11.05925881;0.75929503;2.41192427;0.32666698;0.13531241;7.18803583;-5.08274474
676;67.59802832;0.00000000;28.53552605;11.09199265;0.75301973;2.40500356;0.34045282;0.14043192;7.11697546;-4.96279770
677;67.69802540;0.00000000;28.62954830;11.12605373;0.76135530;2.38335795;0.35475345;0.14557689;7.04690068;-4.84867217
678;67.79802248;0.00000000;28.72305487;11.16147612;0.77575182;2.35834318;0.36956801;0.15074321;6.97775773;-4.73964953
679;67.89801957;0.00000000;28.81602623;11.19830768;0.80021133;2.33417783;0.38490241;0.15594308;6.90950076;-4.63597183
680;67.99801665;0.00000000;28.90840305;11.23658081;0.83740745;2.31025303;0.40075656;0.16116969;6.84207815;-4.53682993
681;68.09801373;0.00000000;29.00015933;11.27634132;0.87681980;2.28886182;0.41713692;0.16643842;6.77544787;-4.44261127
682;68.19801082;0.00000000;29.09123342;11.31761989;0.88491176;2.27003333;0.43404432;0.17173992;6.70956016;-4.35238608
683;68.29800790;0.00000000;29.18159225;11.36045975;0.89551846;2.25378144;0.45148579;0.17709357;6.64437700;-4.26666857
684;68.39800498;0.00000000;29.27117181;11.40488978;0.91867271;2.24011637;0.46946333;0.18248766;6.57985083;-4.18441600
685;68.49800207;0.00000000;29.35993143;11.45095001;0.95350638;2.22683490;0.48798458;0.18794567;6.51594798;-4.10628616
686;68.59799915;0.00000000;29.44780465;11.49866743;0.99883094;2.20421806;0.50705301;0.19345293;6.45262310;-4.03111083
687;68.69799623;0.00000000;29.53474267;11.54807821;1.02083251;2.16116647;0.52667688;0.19903754;6.38984712;-3.95965565
688;68.79799332;0.00000000;29.62067643;11.59920731;1.04333633;2.12011929;0.54686141;0.20468247;6.32757759;-3.89063432
689;68.89799040;0.00000000;29.70554854;11.65208627;1.07661605;2.08115609;0.56761561;0.21042055;6.26579077;-3.82496018
690;68.99798748;0.00000000;29.78928712;11.70673789;1.11974702;2.04436141;0.58894680;0.21623120;6.20444714;-3.76119960
691;69.09798457;0.00000000;29.87182576;11.76318821;1.15284326;2.00981442;0.61086472;0.22215299;6.14352881;-3.70036757
692;69.19798165;0.00000000;29.95308941;11.82145763;1.16117833;1.97529168;0.63337918;0.22816268;6.08300044;-3.64090508
693;69.29797873;0.00000000;30.03300232;11.88156576;1.18019873;1.94097921;0.65650085;0.23430432;6.02285103;-3.58391038
694;69.39797581;0.00000000;30.11148588;11.94353032;1.20944912;1.90291598;0.68024245;0.24055226;5.96305068;-3.52765317
695;69.49797290;0.00000000;30.18845461;12.00736342;1.24825081;1.85967849;0.70461581;0.24695760;5.90359749;-3.47349993
696;69.59796998;0.00000000;30.26382583;12.07307964;1.29578198;1.81862164;0.72963697;0.25348683;5.84446607;-3.41950935
697;69.69796706;0.00000000;30.33750413;12.14068246;1.35114436;1.77986426;0.75531866;0.26019958;5.78566346;-3.36693397
698;69.79796415;0.00000000;30.40940210;12.21018272;1.40460496;1.74351874;0.78168087;0.26706478;5.72717509;-3.31369006
699;69.89796123;0.00000000;30.47941428;12.28157397;1.43383001;1.70213697;0.80873835;0.27414898;5.66902248;-3.26126900
700;69.99795831;0.00000000;30.54744780;12.35486262;1.47181113;1.65583313;0.83651562;0.28141291;5.61120139;-3.20722548
701;70.09795540;0.00000000;30.61338682;12.43003069;1.51792182;1.60693274;0.86502922;0.28893685;5.55375141;-3.15323625
702;70.19795248;0.00000000;30.67713225;12.50707922;1.57148174;1.54535391;0.89430916;0.29667389;5.49668317;-3.09663749
703;70.29794956;0.00000000;30.73855779;12.58597697;1.63176614;1.48550947;0.92437392;0.30471389;5.44005666;-3.03969338
704;70.39794665;0.00000000;30.79755730;12.66671832;1.69807980;1.42759351;0.95525889;0.31298801;5.38389222;-2.97903906
705;70.49794373;0.00000000;30.85399423;12.74925675;1.76972947;1.37185112;0.98698337;0.32161153;5.32827411;-2.91804380
706;70.59794081;0.00000000;30.90775467;12.83357822;1.82699549;1.31852705;1.01958858;0.33047368;5.27322608;-2.85230972
707;70.69793790;0.00000000;30.95869215;12.91961796;1.87379313;1.26792208;1.05309210;0.33972767;5.21885696;-2.78297135
708;70.79793498;0.00000000;31.00668481;13.00735166;1.92751509;1.21763850;1.08754539;0.34933310;5.16525798;-2.70564178
709;70.89793206;0.00000000;31.05157611;13.09669336;1.98759995;1.16002095;1.12297641;0.35944322;5.11260965;-2.62368471
710;70.99792915;0.00000000;31.09323475;13.18760658;2.05351365;1.10475287;1.15944636;0.36992716;5.06103307;-2.53157871
711;71.09792623;0.00000000;31.13149470;13.27998080;2.12468225;1.04618416;1.19698233;0.38097726;5.01076389;-2.42438445
712;71.19792331;0.00000000;31.16621513;13.37376486;2.19768856;0.99093272;1.23566546;0.39275661;4.96214591;-2.29687070
713;71.29792040;0.00000000;31.19721855;13.46881851;2.24281759;0.93959278;1.27556327;0.40542673;4.91564149;-2.15642212
714;71.39791748;0.00000000;31.22434986;13.56507400;2.29436362;0.89114438;1.31676968;0.41864210;4.87157669;-1.99409592
715;71.49791456;0.00000000;31.24742186;13.66235445;2.35243776;0.83944366;1.35932238;0.43268811;4.83047119;-1.77919744
716;71.59791165;0.00000000;31.26626812;13.76056871;2.41660854;0.78252314;1.40336857;0.44868132;4.79349797;-1.50977756
717;71.69790873;0.00000000;31.28068460;13.85949886;2.45949460;0.73082330;1.44911026;0.46648588;4.76189837;-1.19997978
718;71.79790581;0.00000000;31.29047583;13.95904263;2.49529107;0.68547337;1.49670247;0.48524267;4.73663247;-0.81115704
719;71.89790290;0.00000000;31.29542209;14.05889084;2.50463936;0.64778665;1.54624484;0.50620551;4.71947671;-0.45488569
720;71.99789998;0.00000000;31.29531061;14.15892177;2.50475056;0.61901311;1.59787075;0.52432663;4.70982865;-0.08568753
721;72.09789706;0.00000000;31.28995997;14.25873026;2.51010233;0.60036976;1.65112178;0.54138557;4.70800902;-0.08568753
722;72.19789415;0.00000000;31.27922969;14.35815347;2.52083636;0.59268442;1.70529444;0.53255045;4.70618869;0.11933840
723;72.29789123;0.00000000;31.26323366;14.45681549;2.53684181;0.59648295;1.75737761;0.50961167;4.70872370;0.61513622
724;72.39788831;0.00000000;31.24222456;14.55457909;2.55786821;0.61176479;1.80716895;0.48568227;4.72176901;1.08547488
725;72.49788540;0.00000000;31.21650394;14.65117231;2.57075848;0.63788195;1.85449379;0.46117664;4.74470138;1.53087502
726;72.59788248;0.00000000;31.18633918;14.74651827;2.53010060;0.66951242;1.89962581;0.44308534;4.77685642;1.80130834
727;72.69787956;0.00000000;31.15199336;14.84039858;2.49698124;0.70213467;1.94315790;0.42791470;4.81441673;1.99192804
728;72.79787665;0.00000000;31.11365105;14.93274944;2.46851313;0.74058740;1.98526040;0.41436637;4.85561350;2.13934665
729;72.89787373;0.00000000;31.07152552;15.02341349;2.42233131;0.77515167;2.02602191;0.40102269;4.89947337;2.28071607
730;72.99787081;0.00000000;31.02578993;15.11233447;2.36930816;0.80589103;2.06545558;0.38772344;4.94580319;2.42134690
731;73.09786790;0.00000000;30.97664535;15.19940863;2.32282062;0.83334101;2.10358948;0.37516486;4.99451944;2.54499423
732;73.19786498;0.00000000;30.92426698;15.28457826;2.28321979;0.86804780;2.14056587;0.36461012;5.04521639;2.62073620
733;73.29786206;0.00000000;30.86881643;15.36778600;2.25082267;0.90923284;2.17650341;0.35414661;5.09689517;2.69943084
734;73.39785915;0.00000000;30.81046522;15.44896309;2.20808423;0.95608744;2.21140594;0.34416137;5.14958356;2.77094113
735;73.49785623;0.00000000;30.74933186;15.52811420;2.15892344;1.00787665;2.24534914;0.33468252;5.20311281;2.83468948
736;73.59785331;0.00000000;30.68560991;15.60514421;2.10162782;1.06361049;2.27834728;0.32546772;5.25730960;2.89744966
737;73.69785040;0.00000000;30.61938453;15.68009426;2.05016014;1.11618886;2.31044817;0.31646010;5.31213491;2.96079371
738;73.79784748;0.00000000;30.55085826;15.75287103;2.00081434;1.15366359;2.34165552;0.30794160;5.36758034;3.01654145
739;73.89784456;0.00000000;30.48007992;15.82354705;1.95017976;1.19290072;2.37204241;0.29968376;5.42348684;3.07132881
740;73.99784165;0.00000000;30.40726188;15.89202666;1.90618742;1.23632946;2.40160459;0.29181370;5.47982274;3.12119991
741;74.09783873;0.00000000;30.33242816;15.95839553;1.84552927;1.28360874;2.43041042;0.28419164;5.53648617;3.17026681
742;74.19783581;0.00000000;30.25578789;16.02256982;1.78830672;1.33429802;2.45845135;0.27686349;5.59345277;3.21690195
743;74.29783290;0.00000000;30.17735005;16.08463773;1.73732451;1.38810724;2.48578755;0.26975228;5.65067036;3.26335302
744;74.39782998;0.00000000;30.09731661;16.14452990;1.69319002;1.44464228;2.51240861;0.26288680;5.70812816;3.30847178
745;74.49782706;0.00000000;30.01568606;16.20233330;1.65636247;1.50277424;2.53836937;0.25622864;5.76579589;3.35331488
746;74.59782415;0.00000000;29.93265049;16.25799331;1.62734615;1.55869010;2.56365986;0.24977555;5.82366256;3.39774090
747;74.69782123;0.00000000;29.84820205;16.31159297;1.58907344;1.61189198;2.58832854;0.24350873;5.88171522;3.44218250
748;74.79781831;0.00000000;29.76252055;16.36309222;1.53723497;1.66317618;2.61236620;0.23741610;5.93994869;3.48685193
749;74.89781540;0.00000000;29.67559445;16.41256917;1.48754796;1.71257270;2.63581543;0.23148670;5.99836148;3.53193582
750;74.99781248;0.00000000;29.58759056;16.45999696;1.44001884;1.76001612;2.65866690;0.22569296;6.05695526;3.57824401
751;75.09780956;0.00000000;29.49849571;16.50544857;1.39455840;1.80555028;2.68095749;0.22004656;6.11574484;3.62515365
752;75.19780665;0.00000000;29.40846325;16.54890905;1.35116616;1.84913868;2.70267889;0.21451158;6.17473437;3.67384898
753;75.29780373;0.00000000;29.31747977;16.59044636;1.30975989;1.89083144;2.72386294;0.20910669;6.23394681;3.72344213
754;75.39780081;0.00000000;29.22568506;16.63005605;1.27033283;1.93061282;2.74450243;0.20379533;6.29339015;3.77521421
755;75.49779790;0.00000000;29.13306623;16.66780153;1.23280910;1.96834423;2.76462482;0.19859782;6.35309219;3.82820654
756;75.59779498;0.00000000;29.03975002;16.70368722;1.19717649;2.00407723;2.78422374;0.19347716;6.41306474;3.88379589
757;75.69779206;0.00000000;28.94572448;16.73777261;1.16324236;2.03804897;2.80332278;0.18845698;6.47334040;3.94087863
758;75.79778915;0.00000000;28.85110388;16.77006961;1.13075648;2.07026143;2.82191657;0.18350150;6.53393363;4.00085961
759;75.89778623;0.00000000;28.75587737;16.80063432;1.10003797;2.10076470;2.84002532;0.17863382;6.59487962;4.06264543
760;75.99778331;0.00000000;28.66014747;16.82948490;1.07106109;2.12957083;2.85764449;0.17382041;6.65619581;4.12762141
761;76.09778040;0.00000000;28.56390452;16.85667456;1.04376969;2.15672929;2.87479136;0.16908398;6.71791953;4.19469857
762;76.19777748;0.00000000;28.46723998;16.88222664;1.01813479;2.18225972;2.89146222;0.16439340;6.78007065;4.26523125
763;76.29777456;0.00000000;28.37014532;16.90619192;0.99410348;2.20621064;2.90767174;0.15976942;6.84268803;4.33820797
764;76.39777165;0.00000000;28.27270170;16.92859798;0.97164412;2.22860744;2.92341687;0.15518432;6.90579436;4.41489874
765;76.49776873;0.00000000;28.17490182;16.94949354;0.95070649;2.24949750;2.93871009;0.15065781;6.96942965;4.49433067
766;76.59776581;0.00000000;28.07681706;16.96890963;0.92575429;2.26891060;2.95354900;0.14616329;7.03361853;4.57779101
767;76.69776290;0.00000000;27.97844143;16.98689324;0.87582370;2.28911821;2.96794396;0.14171891;7.09840272;4.66437492
768;76.79775998;0.00000000;27.87983704;17.00347820;0.83304914;2.31210232;2.98189319;0.13730140;7.16380966;4.75527390
769;76.89775706;0.00000000;27.78099906;17.01871012;0.79465652;2.33782606;2.99540527;0.13292819;7.22988215;4.84961269
770;76.99775415;0.00000000;27.68198106;17.03262496;0.76876007;2.36622970;3.00847939;0.12858377;7.29664924;4.94823854
771;77.09775123;0.00000000;27.58277979;17.04526706;0.75618960;2.39396255;3.02112287;0.12427411;7.36415026;5.05087985
772;77.19774831;0.00000000;27.48344027;17.05667412;0.74484606;2.42381652;3.03333410;0.11997382;7.43241922;5.04882802
773;77.29774540;0.00000000;27.38396129;17.06688958;0.73468495;2.45625815;3.04511797;0.11568442;7.50003945;5.00992472
774;77.39774248;0.00000000;27.28437946;17.07595283;0.72566849;2.47622044;3.05646932;0.11136099;7.56654131;4.97163036
775;77.49773956;0.00000000;27.18469520;17.08390720;0.71775277;2.48416940;3.06739039;0.10704918;7.63196203;4.93392520
776;77.59773665;0.00000000;27.08493792;17.09079361;0.71089841;2.49105165;3.07787815;0.10272056;7.69633684;4.89679055
777;77.69773373;0.00000000;26.98510978;17.09665528;0.70506204;2.49691031;3.08793494;0.09841826;7.75969911;4.86020869
778;77.79773081;0.00000000;26.88523297;17.10153398;0.70020322;2.50178683;3.09756212;0.09413577;7.82208052;4.82416280
779;77.89772790;0.00000000;26.78531181;17.10547240;0.69627947;2.50572380;3.10676227;0.08986870;7.88351115;4.78863690
780;77.99772498;0.00000000;26.68536114;17.10851266;0.69324966;2.50876312;3.11553561;0.08560535;7.94401961;4.75361578
781;78.09772206;0.00000000;26.58538734;17.11069721;0.69107180;2.51094715;3.12388336;0.08135340;8.00363311;4.71908496
782;78.19771915;0.00000000;26.48539892;17.11206839;0.68970422;2.51231809;3.13180606;0.07710534;8.06237759;4.68503063
783;78.29771623;0.00000000;26.38540373;17.11266858;0.68910517;2.51291822;3.13930430;0.07285981;8.12027778;4.65143964
784;78.39771331;0.00000000;26.28540471;17.11254022;0.68923252;2.51278992;-3.13680794;0.06860411;8.17735728;4.61829940
785;78.49771040;0.00000000;26.18541215;17.11172586;0.66399807;2.51197560;-3.13015999;0.06437040;8.23363862;4.58559790
786;78.59770748;0.00000000;26.08542268;17.11026779;0.62532203;2.51391858;-3.12393281;0.06017340;8.28914337;4.55332365
787;78.69770456;0.00000000;25.98545048;17.10820822;0.60156228;2.51923123;-3.11812527;0.05600016;8.34389213;4.52146564
788;78.79770165;0.00000000;25.88548592;17.10558869;0.59446580;2.52793418;-3.11273154;0.05187344;8.39790466;4.49001333
789;78.89769873;0.00000000;25.78554173;17.10245079;0.59760402;2.54003220;-3.10774614;0.04811359;8.45119987;4.45895662
790;78.99769581;0.00000000;25.68560943;17.09883105;0.60122421;2.55551410;-3.10307292;0.04535229;8.50379589;4.42828582
791;79.09769290;0.00000000;25.58569637;17.09475820;0.60529772;2.57434549;-3.09867439;0.04270920;8.55571013;4.39799162
792;79.19768998;0.00000000;25.48579939;17.09025830;0.60979847;2.59036424;-3.09451948;0.04039098;8.60695931;4.36806507
793;79.29768706;0.00000000;25.38592346;17.08535504;0.61470281;2.58546228;-3.09059622;0.03808194;8.65755947;4.33849758
794;79.39768415;0.00000000;25.28606474;17.08007136;0.61998779;2.58018007;-3.08690269;0.03578964;8.70752607;4.30928089
795;79.49768123;0.00000000;25.18622839;17.07443049;0.62563024;2.57454091;-3.08343855;0.03349516;8.75687394;4.28040703
796;79.59767831;0.00000000;25.08640859;17.06845509;0.63160743;2.56856740;-3.08020401;0.03119662;8.80561739;4.25186833
797;79.69767540;0.00000000;24.98661071;17.06216850;0.63789610;2.56228295;-3.07719939;0.02889899;8.85377019;4.22365743
798;79.79767248;0.00000000;24.88682857;17.05559335;0.64447354;2.55571013;-3.07442431;0.02660322;8.90134560;4.19576719
799;79.89766956;0.00000000;24.78706719;17.04875297;0.65131649;2.54887233;-3.07187892;0.02430603;8.94835641;4.16819074
800;79.99766665;0.00000000;24.68731968;17.04166994;0.65840232;2.54179205;-3.06956334;0.02200609;8.99481496;4.14092146
801;80.09766373;0.00000000;24.58759111;17.03436764;0.64070845;2.53449275;-3.06747780;0.01970903;9.04073318;4.11395294
802;80.19766081;0.00000000;24.48787397;17.02686857;0.61198474;2.52699684;-3.06562136;0.01742006;9.08612255;4.08727899
803;80.29765790;0.00000000;24.38817379;17.01919609;0.59895862;2.52028802;-3.06399317;0.01518596;9.13099419;4.06089364
804;80.39765498;0.00000000;24.28848247;17.01137185;0.59270685;2.51738417;-3.06257872;0.01310335;9.17535884;4.03479110
805;80.49765206;0.00000000;24.18880403;17.00341716;0.59735069;2.51831953;-3.06136710;0.01143520;9.21922690;4.00896579
806;80.59764915;0.00000000;24.08913301;16.99534731;0.60539447;2.52310551;-3.06024984;0.01091037;9.26260840;3.98341227
807;80.69764623;0.00000000;23.98947129;16.98716876;0.61354723;2.53172646;-3.05918343;0.01051071;9.30551308;3.95812532
808;80.79764331;0.00000000;23.88981779;16.97888511;0.62180543;2.54414712;-3.05813511;0.01045623;9.34795034;3.93309984
809;80.89764040;0.00000000;23.79017312;16.97049728;0.63016814;2.56031297;-3.05709221;0.01040392;9.38992932;3.90833092
810;80.99763748;0.00000000;23.69053712;16.96200577;0.63863488;2.56203981;-3.05605419;0.01035695;9.43145885;3.88381378
811;81.09763456;0.00000000;23.59091024;16.95341110;0.64720513;2.55344336;-3.05502089;0.01030935;9.47254750;3.85954379
812;81.19763165;0.00000000;23.49129201;16.94471371;0.65587849;2.54474420;-3.05399244;0.01026024;9.51320358;3.83551646
813;81.29762873;0.00000000;23.39168295;16.93591413;0.66465439;2.53594285;-3.05296890;0.01021132;9.55343515;3.81172743
814;81.39762581;0.00000000;23.29208273;16.92701283;0.67353242;2.52703978;-3.05195022;0.01016287;9.59325005;3.78817247
815;81.49762290;0.00000000;23.19249182;16.91801034;0.68251203;2.51803552;-3.05093639;0.01011438;9.63265586;3.76484745
816;81.59761998;0.00000000;23.09290986;16.90890710;0.69159279;2.50893054;-3.04992741;0.01006579;9.67165996;3.74174839
817;81.69761706;0.00000000;22.99333731;16.89970365;0.68631595;2.49972536;-3.04892329;0.01001722;9.71026953;3.71887140
818;81.79761415;0.00000000;22.89377383;16.89040044;0.65265124;2.49283198;-3.04792402;0.00996869;9.74849152;3.69621271
819;81.89761123;0.00000000;22.79421988;16.88099801;0.63324714;2.48983898;-3.04692961;0.00992016;9.78633271;3.67376863
820;81.99760831;0.00000000;22.69467510;16.87149681;0.62942339;2.49076091;-3.04594004;0.00987164;9.82379968;3.65153559
821;82.09760539;0.00000000;22.59513995;16.86189737;0.63903336;2.49559391;-3.04495534;0.00982314;9.86089884;3.62951013
822;82.19760248;0.00000000;22.49561407;16.85220014;0.64874148;2.50431584;-3.04397547;0.00977464;9.89763643;3.60768884
823;82.29759956;0.00000000;22.39609792;16.84240566;0.65854725;2.51688669;-3.04300046;0.00972615;9.93401850;3.58606843
824;82.39759664;0.00000000;22.29659115;16.83251437;0.66845019;2.53298259;-3.04203030;0.00967767;9.97005097;3.56464569
825;82.49759373;0.00000000;22.19709419;16.82252682;0.67844979;2.52298731;-3.04106499;0.00962920;10.00573959;3.54341749
826;82.59759081;0.00000000;22.09760670;16.81244344;0.68854558;2.51289609;-3.04010452;0.00958075;10.04108995;3.52238078
827;82.69758789;0.00000000;21.99812911;16.80226477;0.69873706;2.50270944;-3.03914889;0.00953230;10.07610754;3.50153258
828;82.79758498;0.00000000;21.89866108;16.79199126;0.70902375;2.49242784;-3.03819811;0.00948386;10.11079765;3.48086999
829;82.89758206;0.00000000;21.79920302;16.78162345;0.71940515;2.48205181;-3.03725218;0.00943542;10.14516549;3.46039019
830;82.99757914;0.00000000;21.69975460;16.77116178;0.72988079;2.47158181;-3.03631108;0.00938700;10.17921612;3.44009041
831;83.09757623;0.00000000;21.60031623;16.76060679;0.70716863;2.46101836;-3.03537483;0.00933859;10.21295446;3.41996796
832;83.19757331;0.00000000;21.50088758;16.74995892;0.68141782;2.45036194;-3.03444342;0.00929018;10.24638533;3.40002021
833;83.29757039;0.00000000;21.40146904;16.73921871;0.66984791;2.43961306;-3.03351685;0.00924178;10.27951344;3.38024460
834;83.39756748;0.00000000;21.30206029;16.72838661;0.67318996;2.43261035;-3.03259511;0.00919340;10.31234337;3.36063861
835;83.49756456;0.00000000;21.20266172;16.71746314;0.68253747;2.42961448;-3.03167822;0.00914502;10.34487960;3.34119979
836;83.59756164;0.00000000;21.10327300;16.70644876;0.69355247;2.43064075;-3.03076616;0.00909665;10.37712650;3.32192576
837;83.69755873;0.00000000;21.00389452;16.69534400;0.70465838;2.43568454;-3.02985895;0.00904828;10.40908834;3.30281417
838;83.79755581;0.00000000;20.90452595;16.68414930;0.71585473;2.44472149;-3.02895656;0.00899993;10.44076931;3.28386274
839;83.89755289;0.00000000;20.80516768;16.67286520;0.72714101;2.45770798;-3.02805901;0.00895158;10.47217347;3.26506924
840;83.99754998;0.00000000;20.70581937;16.66149215;0.73851676;2.46156508;-3.02716630;0.00890325;10.50330481;3.24643147
841;84.09754706;0.00000000;20.60648139;16.65003067;0.74998146;2.45010913;-3.02627841;0.00885492;10.53416723;3.22794731
842;84.19754414;0.00000000;20.50715343;16.63848121;0.76153465;2.43856552;-3.02539536;0.00880659;10.56476455;3.20961465
843;84.29754123;0.00000000;20.40783586;16.62684431;0.77317582;2.42693480;-3.02451715;0.00875828;10.59510048;3.19143146
844;84.39753831;0.00000000;20.30852834;16.61512041;0.78490451;2.41521742;-3.02364376;0.00870997;10.62517867;3.17339573
845;84.49753539;0.00000000;20.20923124;16.60331004;0.79672021;2.40341393;-3.02277520;0.00866167;10.65500269;3.15550550
846;84.59753248;0.00000000;20.10994424;16.59141365;0.80862245;2.39152480;-3.02191147;0.00861338;10.68457604;3.13775886
847;84.69752956;0.00000000;20.01066769;16.57943177;0.80190638;2.38065035;-3.02105258;0.00856510;10.71390212;3.12015391
848;84.79752664;0.00000000;19.91140127;16.56736484;0.77996804;2.37385633;-3.02019850;0.00851682;10.74298428;3.10268883
849;84.89752373;0.00000000;19.81214533;16.55521339;0.76356948;2.37117833;-3.01934926;0.00846855;10.77182579;3.08536181
850;84.99752081;0.00000000;19.71289955;16.54297788;0.76016710;2.36862530;-3.01850484;0.00842029;10.80042986;3.06817109
851;85.09751789;0.00000000;19.61366427;16.53065882;0.76993277;2.37014023;-3.01766525;0.00837203;10.82879963;3.05111492
852;85.19751498;0.00000000;19.51443918;16.51825668;0.78229644;2.37578321;-3.01683049;0.00832378;10.85693818;3.03419163
853;85.29751206;0.00000000;19.41522460;16.50577196;0.79474419;2.38552541;-3.01600054;0.00827554;10.88484852;3.01739954
854;85.39750914;0.00000000;19.31602024;16.49320513;0.80727553;2.39323621;-3.01517543;0.00822731;10.91253360;3.00073702
855;85.49750623;0.00000000;19.21682640;16.48055670;0.81988992;2.38058395;-3.01435513;0.00817908;10.93999632;2.98420248
856;85.59750331;0.00000000;19.11764278;16.46782714;0.83258688;2.36785073;-3.01353966;0.00813086;10.96723952;2.96779434
857;85.69750039;0.00000000;19.01846970;16.45501695;0.84536586;2.35503709;-3.01272901;0.00808265;10.99426597;2.95151108
858;85.79749748;0.00000000;18.91930686;16.44212659;0.85822639;2.34214350;-3.01192317;0.00803444;11.02107840;2.93535118
859;85.89749456;0.00000000;18.82015455;16.42915658;0.87116791;2.32917048;-3.01112216;0.00798624;11.04767950;2.91931317
860;85.99749164;0.00000000;18.72101249;16.41610738;0.88418997;2.31611850;-3.01032597;0.00793804;11.07407187;2.90339558
861;86.09748873;0.00000000;18.62188096;16.40297950;0.86513829;2.30298811;-3.00953460;0.00788985;11.10025811;2.88759700
862;86.19748581;0.00000000;18.52275967;16.38977340;0.84428030;2.28977976;-3.00874805;0.00784167;11.12624072;2.87191602
863;86.29748289;0.00000000;18.42364891;16.37648959;0.83503528;2.27649400;-3.00796631;0.00779349;11.15202220;2.85635128
864;86.39747998;0.00000000;18.32454840;16.36312853;0.83778728;2.26550703;-3.00718940;0.00774532;11.17760496;2.84090142
865;86.49747706;0.00000000;18.22545840;16.34969074;0.85125247;2.25882019;-3.00641730;0.00769716;11.20299140;2.82556513
866;86.59747414;0.00000000;18.12637863;16.33617667;0.86479443;2.25647216;-3.00565001;0.00764900;11.22818387;2.81034109
867;86.69747123;0.00000000;18.02730937;16.32258683;0.87841264;2.25847697;-3.00488754;0.00760084;11.25318465;2.79522804
868;86.79746831;0.00000000;17.92825033;16.30892168;0.89210666;2.26482355;-3.00412988;0.00755270;11.27799601;2.78022471
869;86.89746539;0.00000000;17.82920178;16.29518174;0.90587597;2.27547602;-3.00337704;0.00750456;11.30262017;2.76532988
870;86.99746248;0.00000000;17.73016343;16.28136746;0.91972012;2.28171127;-3.00262902;0.00745642;11.32705931;2.75054233
871;87.09745956;0.00000000;17.63113554;16.26747935;0.93363860;2.26780856;-3.00188580;0.00740829;11.35131556;2.73586087
872;87.19745664;0.00000000;17.53211783;16.25351786;0.94763095;2.25383256;-3.00114740;0.00736016;11.37539104;2.72128433
873;87.29745373;0.00000000;17.43311055;16.23948353;0.96169666;2.23978379;-3.00041381;0.00731204;11.39928780;2.70681157
874;87.39745081;0.00000000;17.33411344;16.22537678;0.97583529;2.22566272;-2.99968504;0.00726393;11.42300787;2.69244144
875;87.49744789;0.00000000;17.23512673;16.21119815;0.96131126;2.21146987;-2.99896107;0.00721582;11.44655325;2.67817285
876;87.59744498;0.00000000;17.13615014;16.19694808;0.94732682;2.19720571;-2.99824191;0.00716772;11.46992591;2.66400469
877;87.69744206;0.00000000;17.03718392;16.18262709;0.94114919;2.18287078;-2.99752757;0.00711962;11.49312776;2.64993589
878;87.79743914;0.00000000;16.93822780;16.16823563;0.93838317;2.17222532;-2.99681803;0.00707152;11.51616071;2.63596539
879;87.89743623;0.00000000;16.83928200;16.15377421;0.94630630;2.16607792;-2.99611331;0.00702343;11.53902661;2.62209216
880;87.99743331;0.00000000;16.74034626;16.13924329;0.96085009;2.16446740;-2.99541339;0.00697535;11.56172730;2.60831516
881;88.09743039;0.00000000;16.64142080;16.12464338;0.97546377;2.16740433;-2.99471828;0.00692727;11.58426459;2.59463339
882;88.19742748;0.00000000;16.54250536;16.10997492;0.99014687;2.17487080;-2.99402797;0.00687919;11.60664024;2.58104586
883;88.29742456;0.00000000;16.44360015;16.09523845;1.00489887;2.18315446;-2.99334248;0.00683111;11.62885599;2.56755160
884;88.39742164;0.00000000;16.34470491;16.08043440;1.01971932;2.18069003;-2.99266179;0.00678303;11.65091357;2.55414964
885;88.49741873;0.00000000;16.24581985;16.06556329;1.03460768;2.16583809;-2.99198591;0.00673498;11.67281466;2.54083904
886;88.59741581;0.00000000;16.14694472;16.05062558;1.04956351;2.15092056;-2.99131483;0.00668701;11.69456092;2.52761888
887;88.69741289;0.00000000;16.04807971;16.03562176;1.06458628;2.13593799;-2.99064855;0.00663897;11.71615398;2.51448822
888;88.79740998;0.00000000;15.94922457;16.02055230;1.07967552;2.12089085;-2.98998708;0.00659077;11.73759546;2.50144618
889;88.89740706;0.00000000;15.85037949;16.00541771;1.06536107;2.10577973;-2.98933044;0.00654241;11.75888693;2.48849187
890;88.99740414;0.00000000;15.75154423;15.99021844;1.04868948;2.09107231;-2.98867865;0.00649370;11.78002995;2.47562440
891;89.09740123;0.00000000;15.65271896;15.97495501;1.04146009;2.08100648;-2.98803174;0.00644497;11.80102606;2.46284292
892;89.19739831;0.00000000;15.55390345;15.95962787;1.04386858;2.07565024;-2.98738969;0.00639622;11.82187677;2.45014659
893;89.29739539;0.00000000;15.45509786;15.94423755;1.05584853;2.07504055;-2.98675253;0.00634749;11.84258356;2.43753456
894;89.39739248;0.00000000;15.35630196;15.92878450;1.07128603;2.07918209;-2.98612023;0.00629879;11.86314789;2.42500602
895;89.49738956;0.00000000;15.25751592;15.91326925;1.08678738;2.08804705;-2.98549281;0.00625008;11.88357122;2.41256015
896;89.59738664;0.00000000;15.15873949;15.89769224;1.10235211;2.09770032;-2.98487025;0.00620135;11.90385496;2.40019615
897;89.69738373;0.00000000;15.05997283;15.88205400;1.11797965;2.08206603;-2.98425257;0.00615262;11.92400051;2.38791324
898;89.79738081;0.00000000;14.96121572;15.86635498;1.13366952;2.06637179;-2.98363976;0.00610392;11.94400925;2.37571063
899;89.89737789;0.00000000;14.86246831;15.85059570;1.14942117;2.05061816;-2.98303183;0.00605521;11.96388253;2.36358757
900;89.99737498;0.00000000;14.76373036;15.83477661;1.16523411;2.03480563;-2.98242876;0.00600650;11.98362169;2.35154331
901;90.09737206;0.00000000;14.66500203;15.81889824;1.14556865;2.01893475;-2.98183056;0.00595780;12.00322806;2.33957709
902;90.19736914;0.00000000;14.56628308;15.80296103;1.13417691;2.00300603;-2.98123723;0.00590910;12.02270293;2.32768818
903;90.29736623;0.00000000;14.46757366;15.78696552;1.13160043;1.98702003;-2.98064878;0.00586040;12.04204757;2.31587587
904;90.39736331;0.00000000;14.36887353;15.77091214;1.13789861;1.97269770;-2.98006519;0.00581171;12.06126326;2.30413944
905;90.49736039;0.00000000;14.27018284;15.75480142;1.14677409;1.96331227;-2.97948647;0.00576302;12.08035123;2.29247819
906;90.59735748;0.00000000;14.17150137;15.73863382;1.16200791;1.95893516;-2.97891262;0.00571433;12.09931271;2.28089142
907;90.69735456;0.00000000;14.07282923;15.72240984;1.17818063;1.95960044;-2.97834363;0.00566565;12.11814891;2.26937846
908;90.79735164;0.00000000;13.97416622;15.70612995;1.19441181;1.96530346;-2.97777952;0.00561697;12.13686102;2.25793863
909;90.89734873;0.00000000;13.87551245;15.68979466;1.21070087;1.97600109;-2.97722027;0.00556829;12.15545022;2.24657126
910;90.99734581;0.00000000;13.77686771;15.67340443;1.22704729;1.97348056;-2.97666589;0.00551961;12.17391766;2.23527570
911;91.09734289;0.00000000;13.67823212;15.65695976;1.24345049;1.95702494;-2.97611638;0.00547093;12.19226449;2.22405130
912;91.19733998;0.00000000;13.57960545;15.64046113;1.25990997;1.94051604;-2.97557174;0.00542226;12.21049182;2.21289743
913;91.29733706;0.00000000;13.48098782;15.62390903;1.27642515;1.92395442;-2.97503196;0.00537359;12.22860079;2.20181345
914;91.39733414;0.00000000;13.38237903;15.60730393;1.29299554;1.90734057;-2.97449705;0.00532492;12.24659247;2.19079874
915;91.49733123;0.00000000;13.28377916;15.59064634;1.28423418;1.89067504;-2.97396701;0.00527626;12.26446795;2.17985270
916;91.59732831;0.00000000;13.18518802;15.57393672;1.27061714;1.87710871;-2.97344183;0.00522760;12.28222829;2.16897471
917;91.69732539;0.00000000;13.08660571;15.55717557;1.26483574;1.86443003;-2.97292152;0.00517893;12.29987456;2.15816418
918;91.79732248;0.00000000;12.98803201;15.54036336;1.26699676;1.85609111;-2.97240607;0.00513028;12.31740778;2.14742052
919;91.89731956;0.00000000;12.88946703;15.52350060;1.27705940;1.85306714;-2.97189550;0.00508162;12.33482898;2.13674314
920;91.99731664;0.00000000;12.79091056;15.50658773;1.29400760;1.85538458;-2.97138978;0.00503296;12.35213917;2.12613148
921;92.09731373;0.00000000;12.69236268;15.48962529;1.31100629;1.86302399;-2.97088893;0.00498431;12.36933935;2.11558496
922;92.19731081;0.00000000;12.59382320;15.47261371;1.32805498;1.87308210;-2.97039295;0.00493566;12.38643050;2.10510303
923;92.29730789;0.00000000;12.49529219;15.45555351;1.34515317;1.85599373;-2.96990183;0.00488701;12.40341360;2.09468513
924;92.39730498;0.00000000;12.39676947;15.43844516;1.36230037;1.83885768;-2.96941557;0.00483836;12.42028960;2.08433072
925;92.49730206;0.00000000;12.29825510;15.42128915;1.37949608;1.82167448;-2.96893418;0.00478971;12.43705945;2.07403926
926;92.59729914;0.00000000;12.19974889;15.40408594;1.39139177;1.80444463;-2.96845766;0.00474107;12.45372408;2.06381022
927;92.69729623;0.00000000;12.10125091;15.38683605;1.37509785;1.78716867;-2.96798600;0.00469243;12.47028442;2.05364306
928;92.79729331;0.00000000;12.00276098;15.36953993;1.36599560;1.77452997;-2.96751920;0.00464378;12.48674137;2.04353728
929;92.89729039;0.00000000;11.90427915;15.35219809;1.36422848;1.76742078;-2.96705727;0.00459514;12.50309584;2.03349235
930;92.99728748;0.00000000;11.80580524;15.33481098;1.36982441;1.76590838;-2.96660020;0.00454650;12.51934872;2.02350778
931;93.09728456;0.00000000;11.70733931;15.31737912;1.38269349;1.77000758;-2.96614799;0.00449787;12.53550087;2.01358306
932;93.19728164;0.00000000;11.60888116;15.29990297;1.40018503;1.77968011;-2.96570065;0.00444923;12.55155317;2.00371770
933;93.29727873;0.00000000;11.51043086;15.28238301;1.41772174;1.78269224;-2.96525817;0.00440059;12.56750647;1.99391120
934;93.39727581;0.00000000;11.41198822;15.26481973;1.43530311;1.76516195;-2.96482056;0.00435196;12.58336161;1.98416310
935;93.49727289;0.00000000;11.31355329;15.24721362;1.45292862;1.74759104;-2.96438781;0.00430333;12.59911943;1.97447290
936;93.59726998;0.00000000;11.21512589;15.22956515;1.47059778;1.72998006;-2.96395992;0.00425469;12.61478075;1.96484014
937;93.69726706;0.00000000;11.11670606;15.21187480;1.48831008;1.71232961;-2.96353689;0.00420606;12.63034639;1.95526435
938;93.79726414;0.00000000;11.01829363;15.19414306;1.50606501;1.69464025;-2.96311873;0.00415743;12.64581715;1.94574508
939;93.89726123;0.00000000;10.91988863;15.17637041;1.50119328;1.67735036;-2.96270543;0.00410880;12.66119383;1.93628186
940;93.99725831;0.00000000;10.82149089;15.15855733;1.49241733;1.66585273;-2.96229699;0.00406017;12.67647720;1.92687425
941;94.09725539;0.00000000;10.72310044;15.14070430;1.48750743;1.66026820;-2.96189342;0.00401155;12.69166805;1.91752181
942;94.19725248;0.00000000;10.62471711;15.12281180;1.48935065;1.65927773;-2.96149471;0.00396292;12.70676714;1.90822409
943;94.29724956;0.00000000;10.52634092;15.10488032;1.49792158;1.65994609;-2.96110086;0.00391429;12.72177522;1.89898067
944;94.39724664;0.00000000;10.42797172;15.08691032;1.51310543;1.66658587;-2.96071187;0.00386567;12.73669305;1.88979110
945;94.49724372;0.00000000;10.32960951;15.06890232;1.53110689;1.66893766;-2.96032775;0.00381704;12.75152136;1.88065498
946;94.59724081;0.00000000;10.23125415;15.05085676;1.54914776;1.65090416;-2.95994849;0.00376842;12.76626089;1.87157187
947;94.69723789;0.00000000;10.13290563;15.03277414;1.56722748;1.63283558;-2.95957409;0.00371979;12.78091235;1.86254136
948;94.79723497;0.00000000;10.03456380;15.01465494;1.58534555;1.61473248;-2.95920455;0.00367117;12.79547646;1.85356305
949;94.89723206;0.00000000;9.93622867;14.99649965;1.57227558;1.59659543;-2.95883988;0.00362254;12.80995393;1.84463653
950;94.99722914;0.00000000;9.83790009;14.97830872;1.56406569;1.57842501;-2.95848006;0.00357392;12.82434545;1.83576140
951;95.09722622;0.00000000;9.73957804;14.96008267;1.56226213;1.56022180;-2.95812511;0.00352530;12.83865171;1.82693725
952;95.19722331;0.00000000;9.64126240;14.94182195;1.56688653;1.54376548;-2.95777502;0.00347668;12.85287340;1.81816371
953;95.29722039;0.00000000;9.54295314;14.92352705;1.57788190;1.53363102;-2.95742980;0.00342805;12.86701118;1.80944037
954;95.39721747;0.00000000;9.44465013;14.90519845;1.59511601;1.52994454;-2.95708943;0.00337943;12.88106573;1.80076687
955;95.49721456;0.00000000;9.34635335;14.88683664;1.61344193;1.53275305;-2.95675393;0.00333081;12.89503769;1.79214281
956;95.59721164;0.00000000;9.24806266;14.86844208;1.63180305;1.54202155;-2.95642329;0.00328219;12.90892773;1.78356782
957;95.69720872;0.00000000;9.14977804;14.85001527;1.65019882;1.55004962;-2.95609751;0.00323356;12.92273649;1.77504154
958;95.79720581;0.00000000;9.05149936;14.83155668;1.66862870;1.53158077;-2.95577660;0.00318494;12.93646460;1.76656359
959;95.89720289;0.00000000;8.95322659;14.81306679;1.68709216;1.51308230;-2.95546054;0.00313632;12.95011269;1.75813361
960;95.99719997;0.00000000;8.85495960;14.79454608;1.70558867;1.49455475;-2.95514935;0.00308770;12.96368139;1.74975124
961;96.09719706;0.00000000;8.75669835;14.77599503;1.69580193;1.47599871;-2.95484302;0.00303908;12.97717131;1.74141613
962;96.19719414;0.00000000;8.65844272;14.75741412;1.69094556;1.45741473;-2.95454155;0.00299045;12.99058306;1.73312792
963;96.29719122;0.00000000;8.56019268;14.73880383;1.69202528;1.43880340;-2.95424495;0.00294183;13.00391725;1.72488627
964;96.39718831;0.00000000;8.46194809;14.72016463;1.69747738;1.42355801;-2.95395320;0.00289321;13.01717446;1.71669083
965;96.49718539;0.00000000;8.36370892;14.70149701;1.70475426;1.41520198;-2.95366632;0.00284459;13.03035529;1.70854126
966;96.59718247;0.00000000;8.26547505;14.68280145;1.71785915;1.41385795;-2.95338430;0.00279596;13.04346033;1.70043722
967;96.69717956;0.00000000;8.16724642;14.66407843;1.73662423;1.41954632;-2.95310715;0.00274734;13.05649015;1.69237838
968;96.79717664;0.00000000;8.06902292;14.64532842;1.75535173;1.43133111;-2.95283485;0.00269871;13.06944531;1.68436441
969;96.89717372;0.00000000;7.97080451;14.62655190;1.77407317;1.42688464;-2.95256742;0.00265009;13.08232639;1.67639499
970;96.99717081;0.00000000;7.87259105;14.60774936;1.79282341;1.40804865;-2.95230485;0.00260147;13.09513394;1.66846978
971;97.09716789;0.00000000;7.77438251;14.58892127;1.78690168;1.38918841;-2.95204714;0.00255284;13.10786852;1.66058847
972;97.19716497;0.00000000;7.67617876;14.57006810;1.77943406;1.37030445;-2.95179430;0.00250422;13.12053068;1.65275074
973;97.29716206;0.00000000;7.57797975;14.55119035;1.77759427;1.35139734;-2.95154631;0.00245559;13.13312094;1.64495628
974;97.39715914;0.00000000;7.47978537;14.53228848;1.78139926;1.33246763;-2.95130319;0.00240696;13.14563986;1.63720477
975;97.49715622;0.00000000;7.38159555;14.51336299;1.79081257;1.31883917;-2.95106493;0.00235834;13.15808796;1.62949592
976;97.59715331;0.00000000;7.28341018;14.49441433;1.80574601;1.31268445;-2.95083154;0.00230971;13.17046577;1.62182940
977;97.69715039;0.00000000;7.18522921;14.47544300;1.82474039;1.31410898;-2.95060301;0.00226108;13.18277379;1.61420493
978;97.79714747;0.00000000;7.08705251;14.45644947;1.84375833;1.32308874;-2.95037934;0.00221245;13.19501256;1.60662221
979;97.89714456;0.00000000;6.98888003;14.43743422;1.86279932;1.33821677;-2.95016053;0.00216382;13.20718257;1.59908093
980;97.99714164;0.00000000;6.89071166;14.41839773;1.87738584;1.31925623;-2.94994659;0.00211519;13.21928434;1.59158081
981;98.09713872;0.00000000;6.79254733;14.39934048;1.86725971;1.30027988;-2.94973750;0.00206656;13.23131835;1.58412156
982;98.19713581;0.00000000;6.69438693;14.38026293;1.86247572;1.28118965;-2.94953329;0.00201793;13.24328510;1.57670288
983;98.29713289;0.00000000;6.59623038;14.36116559;1.86307456;1.26203667;-2.94933393;0.00196930;13.25518509;1.56932450
984;98.39712997;0.00000000;6.49807759;14.34204891;1.86905055;1.24286524;-2.94913944;0.00192066;13.26701879;1.56198614
985;98.49712706;0.00000000;6.39992848;14.32291338;1.88035196;1.23126856;-2.94894981;0.00187203;13.27878668;1.55468751
986;98.59712414;0.00000000;6.30178296;14.30375949;1.89688311;1.22771469;-2.94876504;0.00182339;13.29048923;1.54742834
987;98.69712122;0.00000000;6.20364092;14.28458769;1.91541471;1.23227373;-2.94858514;0.00177476;13.30212692;1.54020835
988;98.79711831;0.00000000;6.10550229;14.26539848;1.93460739;1.24485702;-2.94841010;0.00172612;13.31370021;1.53302728
989;98.89711539;0.00000000;6.00736697;14.24619233;1.95381871;1.24640027;-2.94823993;0.00167748;13.32520956;1.52588486
990;98.99711247;0.00000000;5.90923488;14.22696972;1.97304814;1.22721694;-2.94807461;0.00162885;13.33665543;1.51878082
991;99.09710956;0.00000000;5.81110592;14.20773112;1.97586921;1.20802182;-2.94791417;0.00158021;13.34803825;1.51171490
992;99.19710664;0.00000000;5.71298001;14.18847702;1.96858466;1.18881561;-2.94775858;0.00153157;13.35935849;1.50468684
993;99.29710372;0.00000000;5.61485703;14.16920789;1.96638020;1.16959901;-2.94760786;0.00148293;13.37061659;1.49769638
994;99.39710081;0.00000000;5.51673693;14.14992421;1.96927239;1.15192429;-2.94746201;0.00143428;13.38181298;1.49074326
995;99.49709789;0.00000000;5.41861958;14.13062646;1.97723839;1.14274380;-2.94732101;0.00138564;13.39294809;1.48382723
996;99.59709497;0.00000000;5.32050491;14.11131511;1.99021679;1.13479944;-2.94718489;0.00133700;13.40402235;1.47694805
997;99.69709206;0.00000000;5.22239282;14.09199064;2.00810993;1.13467255;-2.94705362;0.00128835;13.41503620;1.47010545
998;99.79708914;0.00000000;5.12428323;14.07265354;2.02742836;1.14331249;-2.94692722;0.00123971;13.42599005;1.46329920
999;99.89708622;0.00000000;5.02617603;14.05330427;2.04676101;1.15330386;-2.94680569;0.00119106;13.43688431;1.45652906
1000;99.99708331;0.00000000;4.92807114;14.03394332;2.06610736;1.13394471;-2.94668902;0.00114241;13.44771941;1.44979477
1001;100.09708039;0.00000000;4.82996845;14.01457116;2.05913654;1.11457762;-2.94657721;0.00109376;13.45849575;1.44309610
1002;100.19707747;0.00000000;4.73186790;13.99518828;2.05423562;1.09520326;-2.94647027;0.00104511;13.46921374;1.43643281
1003;100.29707456;0.00000000;4.63376935;13.97579513;2.05420701;1.07582231;-2.94636820;0.00099646;13.47987377;1.42980467
1004;100.39707164;0.00000000;4.53567276;13.95639222;2.05905043;1.05643546;-2.94627099;0.00094781;13.49047625;1.42321145
1005;100.49706872;0.00000000;4.43757799;13.93698001;2.06873117;1.04074840;-2.94617864;0.00089916;13.50102157;1.41665290
1006;100.59706581;0.00000000;4.33948498;13.91755898;2.08318132;1.03452346;-2.94609116;0.00085050;13.51151012;1.41012882
1007;100.69706289;0.00000000;4.24139361;13.89812960;2.10230205;1.03793141;-2.94600855;0.00080185;13.52194229;1.40363896
1008;100.79705997;0.00000000;4.14330381;13.87869236;2.12169807;1.05087899;-2.94593080;0.00075319;13.53231846;1.39718310
1009;100.89705706;0.00000000;4.04521546;13.85924773;2.12519664;1.05948198;-2.94585791;0.00070453;13.54263901;1.39076102
1010;100.99705414;0.00000000;3.94712850;13.83979620;2.12205780;1.03999567;-2.94578989;0.00065587;13.55290432;1.38437250
1011;101.09705122;0.00000000;3.84904279;13.82033822;2.12235608;1.02050514;-2.94572674;0.00060721;13.56311476;1.37801732
1012;101.19704831;0.00000000;3.75095828;13.80087430;2.12420875;1.00101102;-2.94566846;0.00055855;13.57327069;1.37169526
1013;101.29704539;0.00000000;3.65287485;13.78140489;2.13076344;0.98807887;-2.94561503;0.00050989;13.58337250;1.36540611
1014;101.39704247;0.00000000;3.55479242;13.76193049;2.14197650;0.98517280;-2.94556648;0.00046123;13.59342053;1.35914965
1015;101.49703956;0.00000000;3.45671087;13.74245156;2.15777484;0.99023331;-2.94552279;0.00041256;13.60341515;1.35292568
1016;101.59703664;0.00000000;3.35863015;13.72296858;2.17728401;0.99807999;-2.94548397;0.00036390;13.61335671;1.34673398
1017;101.69703372;0.00000000;3.26055012;13.70348203;2.19679795;1.00464919;-2.94545001;0.00031523;13.62324557;1.34057434
1018;101.79703081;0.00000000;3.16247072;13.68399240;2.21631615;0.98509034;-2.94542092;0.00026657;13.63308208;1.33444657
1019;101.89702789;0.00000000;3.06439182;13.66450015;2.21748148;0.96552986;-2.94539670;0.00021790;13.64286658;1.32835045
1020;101.99702497;0.00000000;2.96631337;13.64500576;2.21208136;0.94596829;-2.94537735;0.00016923;13.65259941;1.32228579
1021;102.09702206;0.00000000;2.86823522;13.62550971;2.21119651;0.92640618;-2.94536286;0.00012056;13.66228093;1.31625237
1022;102.19701914;0.00000000;2.77015733;13.60601248;2.21483189;0.90684410;-2.94535324;0.00007189;13.67191146;1.31025002
1023;102.29701622;0.00000000;2.67207956;13.58651454;2.22296482;0.89702457;-2.94534848;0.00002322;13.68149134;1.30427851
1024;102.39701331;0.00000000;2.57400186;13.56701638;2.23554573;0.89829748;-2.94534859;-0.00002546;13.69102091;1.29833767
1025;102.49701039;0.00000000;2.47592408;13.54751847;2.25249962;0.91061679;-2.94535357;-0.00007413;13.70050048;1.29242730
1026;102.59700747;0.00000000;2.37784618;13.52802128;2.27200496;0.92842548;-2.94536342;-0.00012281;13.70993039;1.28654720
1027;102.69700456;0.00000000;2.27976802;13.50852530;2.27116251;0.90899800;-2.94537813;-0.00017148;13.71931096;1.28069719
1028;102.79700164;0.00000000;2.18168955;13.48903100;2.26744609;0.88957933;-2.94539771;-0.00022016;13.72864251;1.27487707
1029;102.89699872;0.00000000;2.08361063;13.46953886;2.26813430;0.87017039;-2.94542216;-0.00026884;13.73792536;1.26908666
1030;102.99699581;0.00000000;1.98553121;13.45004935;2.27322267;0.85252454;-2.94545148;-0.00031752;13.74715982;1.26332577
1031;103.09699289;0.00000000;1.88745113;13.43056296;2.28268129;0.84640644;-2.94548566;-0.00036620;13.75634620;1.25759422
1032;103.19698997;0.00000000;1.78937038;13.41108017;2.29605318;0.85206494;-2.94552472;-0.00041487;13.76548482;1.25189183
1033;103.29698706;0.00000000;1.69128879;13.39160143;2.30988213;0.86927057;-2.94556864;-0.00046356;13.77457598;1.24621840
1034;103.39698414;0.00000000;1.59320633;13.37212725;2.32792362;0.87212782;-2.94561743;-0.00051225;13.78361998;1.24057378
1035;103.49698122;0.00000000;1.49512283;13.35265809;2.33809515;0.85266376;-2.94567108;-0.00056094;13.79261713;1.23495776
1036;103.59697831;0.00000000;1.39703828;13.33319444;2.33187148;0.83320983;-2.94572961;-0.00060959;13.80156773;1.22937019
1037;103.69697539;0.00000000;1.29895251;13.31373676;2.32992074;0.81376680;-2.94579300;-0.00065828;13.81047206;1.22381088
1038;103.79697247;0.00000000;1.20086549;13.29428554;2.33225318;0.79948627;-2.94586126;-0.00070700;13.81933043;1.21827965
1039;103.89696956;0.00000000;1.10277707;13.27484125;2.33885550;0.78590246;-2.94593440;-0.00075566;13.82814313;1.21277635
1040;103.99696664;0.00000000;1.00468720;13.25540438;2.34969121;0.78437922;-2.94601239;-0.00080421;13.83691045;1.20730079
1041;104.09696372;0.00000000;0.90659574;13.23597539;2.34608855;0.79553144;-2.94609523;-0.00085250;13.84563266;1.20185281
1042;104.19696081;0.00000000;0.80850267;13.21655476;2.34123867;0.81693251;-2.94618287;-0.00090036;13.85431006;1.19643223
1043;104.29695789;0.00000000;0.71040780;13.19714297;2.34064568;0.79747295;-2.94627529;-0.00094814;13.86294293;1.19103889
1044;104.39695497;0.00000000;0.61231113;13.17774048;2.34431234;0.77802501;-2.94637249;-0.00099579;13.87153155;1.18567263
1045;104.49695206;0.00000000;0.51421250;13.15834775;2.35221825;0.75858929;-2.94647445;-0.00104349;13.88007620;1.18033328
1046;104.59694914;0.00000000;0.41611188;13.13896527;2.36432042;0.73916647;-2.94658118;-0.00109127;13.88857714;1.17502067
1047;104.69694622;0.00000000;0.31800910;13.11959348;2.38055439;0.72878219;-2.94669269;-0.00113905;13.89703466;1.16973465
1048;104.79694331;0.00000000;0.21990416;13.10023287;2.39993535;0.73204871;-2.94680898;-0.00118681;13.90544902;1.16447505
1049;104.89694039;0.00000000;0.12179688;13.08088390;2.41770296;0.74878786;-2.94693005;-0.00123457;13.91382049;1.15924172
1050;104.99693747;0.00000000;0.02368726;13.06154705;2.41189498;0.76311293;-2.94705589;-0.00128233;13.92214934;1.15403450
1051;105.09693456;0.00000000;-0.07442489;13.04222278;2.40867470;0.74385420;-2.94718651;-0.00133009;13.93043583;1.14885323
1052;105.19693164;0.00000000;-0.17253956;13.02291156;2.40959022;0.72446108;-2.94732190;-0.00137786;13.93868022;1.14369775
1053;105.29692872;0.00000000;-0.27065694;13.00361385;2.41463636;0.71849610;-2.94746207;-0.00142562;13.94688278;1.13856791
1054;105.39692581;0.00000000;-0.36877702;12.98433014;2.42378682;0.71817755;-2.94760702;-0.00147339;13.95504375;1.13346356
1055;105.49692289;0.00000000;-0.46689998;12.96506087;2.43699493;0.72687572;-2.94775674;-0.00152116;13.96316340;1.12838455
1056;105.59691997;0.00000000;-0.56502584;12.94580654;2.45419468;0.74604067;-2.94791124;-0.00156893;13.97124198;1.12333072
1057;105.69691706;0.00000000;-0.66315475;12.92656760;2.46410937;0.72685836;-2.94807052;-0.00161670;13.97927974;1.11830193
1058;105.79691414;0.00000000;-0.76128673;12.90734452;2.45827106;0.70769982;-2.94823457;-0.00166447;13.98727693;1.11329802
1059;105.89691122;0.00000000;-0.85942195;12.88813778;2.45647619;0.68856612;-2.94840340;-0.00171224;13.99523380;1.10831886
1060;105.99690831;0.00000000;-0.95756042;12.86894784;2.45873315;0.66945844;-2.94857701;-0.00176002;14.00315059;0.77372872
1061;106.09690539;0.00000000;-1.05570230;12.84977517;2.46503031;0.65375054;-2.94875539;-0.00180779;14.00867473;-12.38951952
1062;106.19690247;0.00000000;-1.15384761;12.83062025;2.47533639;0.65316715;-2.94893855;-0.00185557;13.91995460;-12.37540489
1063;106.29689956;0.00000000;-1.25199651;12.81148353;2.48286412;0.66774837;-2.94912649;-0.00190334;13.83076741;-12.36153182
1064;106.39689664;0.00000000;-1.35014901;12.79236550;2.47818320;0.69240990;-2.94931921;-0.00195112;13.74110232;-12.34789996
1065;106.49689372;0.00000000;-1.44830528;12.77326662;2.47751323;0.67329328;-2.94951671;-0.00199890;13.65094814;-12.33450868
1066;106.59689081;0.00000000;-1.54646532;12.75418736;2.48085700;0.66243314;-2.94971898;-0.00204668;13.56029333;-12.32135770
1067;106.69688789;0.00000000;-1.64462931;12.73512818;2.48812096;0.66658638;-2.94992603;-0.00209446;13.46912601;-12.30844642
1068;106.79688497;0.00000000;-1.74279725;12.71608958;2.49559141;0.68015749;-2.95013786;-0.00214224;13.37743391;-12.29577456
1069;106.89688206;0.00000000;-1.84096930;12.69707199;2.50323542;0.69822641;-2.95035447;-0.00219002;13.28520436;-12.28334157
1070;106.99687914;0.00000000;-1.93914548;12.67807591;2.49594379;0.67915755;-2.95057585;-0.00223781;13.19242428;-12.27114708
1071;107.09687622;0.00000000;-2.03732594;12.65910179;2.49262323;0.66011167;-2.95080202;-0.00228559;13.09908014;-12.25919053
1072;107.19687330;0.00000000;-2.13551070;12.64015012;2.49328911;0.64167722;-2.95103296;-0.00233338;13.00515797;-12.24747176
1073;107.29687039;0.00000000;-2.23369992;12.62122136;2.49793778;0.63588780;-2.95126868;-0.00238116;12.91064332;-12.23599028
1074;107.39686747;0.00000000;-2.33189360;12.60231598;2.50654660;0.64574456;-2.95150918;-0.00242895;12.81552122;-12.22474568
1075;107.49686455;0.00000000;-2.43009191;12.58343444;2.50796895;0.67055835;-2.95175445;-0.00247674;12.71977619;-12.21373745
1076;107.59686164;0.00000000;-2.52829485;12.56457724;2.50185468;0.66530294;-2.95200451;-0.00252453;12.62339218;-12.20296545
1077;107.69685872;0.00000000;-2.62650259;12.54574481;2.49970359;0.64658006;-2.95225934;-0.00257231;12.52635255;-12.19242926
1078;107.79685580;0.00000000;-2.72471513;12.52693766;2.50152543;0.63033403;-2.95251896;-0.00262010;12.42864005;-12.18212852
1079;107.89685289;0.00000000;-2.82293264;12.50815623;2.50731106;0.62976816;-2.95278335;-0.00266789;12.33023677;-12.17206278
1080;107.99684997;0.00000000;-2.92115511;12.48940101;2.51703268;0.64492420;-2.95305252;-0.00271568;12.23112412;-12.16223184
1081;108.09684705;0.00000000;-3.01938272;12.47067246;2.53064446;0.67067364;-2.95332647;-0.00276347;12.13128278;-12.15263528
1082;108.19684414;0.00000000;-3.11761545;12.45197106;2.53078444;0.65197073;-2.95360520;-0.00281127;12.03069266;-12.14327298
1083;108.29684122;0.00000000;-3.21585348;12.43329727;2.52590209;0.63330023;-2.95388871;-0.00285906;11.92933284;-12.13414461
1084;108.39683830;0.00000000;-3.31409680;12.41465157;2.52494502;0.62213092;-2.95417699;-0.00290685;11.82718157;-12.12524938
1085;108.49683539;0.00000000;-3.41234558;12.39603443;2.52791720;0.61680700;-2.95447006;-0.00295464;11.72421617;-12.11658674
1086;108.59683247;0.00000000;-3.51059981;12.37744632;2.53480434;0.62242208;-2.95476791;-0.00300244;11.62041299;-12.10815862
1087;108.69682955;0.00000000;-3.60885967;12.35888770;2.54203477;0.64374179;-2.95507053;-0.00305023;11.51574735;-12.09996537
1088;108.79682664;0.00000000;-3.70712513;12.34035906;2.53436957;0.64109196;-2.95537793;-0.00309801;11.41019345;-12.09199886
1089;108.89682372;0.00000000;-3.80539637;12.32186086;2.53060457;0.62253304;-2.95569012;-0.00314582;11.30372440;-12.08425643
1090;108.99682080;0.00000000;-3.90367338;12.30339358;2.53075671;0.60400646;-2.95600708;-0.00319370;11.19631209;-12.07676704
1091;109.09681789;0.00000000;-4.00195636;12.28495768;2.53482481;0.59826743;-2.95632883;-0.00324142;11.08792683;-12.06953891
1092;109.19681497;0.00000000;-4.10024526;12.26655364;2.54278959;0.60914829;-2.95665534;-0.00328888;10.97853743;-12.06254470
1093;109.29681205;0.00000000;-4.19854020;12.24818192;2.55461413;0.63579676;-2.95698659;-0.00333631;10.86811141;-12.05579125
1094;109.39680914;0.00000000;-4.29684122;12.22984301;2.55499110;0.63099851;-2.95732258;-0.00338365;10.75661460;-12.03912919
1095;109.49680622;0.00000000;-4.39514762;12.21153754;2.55219401;0.61283512;-2.95766503;-0.00352046;10.64410644;-12.00749377
1096;109.59680330;0.00000000;-4.49346052;12.19326675;2.54963949;0.59613852;-2.95803096;-0.00379826;10.53069671;-11.89609278
1097;109.69680039;0.00000000;-4.59178029;12.17503351;2.53632285;0.59601948;-2.95843916;-0.00482336;10.41712168;-11.66456571
1098;109.79679747;0.00000000;-4.69010866;12.15684847;2.52684734;0.60465158;-2.95903156;-0.00702484;10.30454167;-11.41606605
1099;109.89679455;0.00000000;-4.78845173;12.13873221;2.52123482;0.62213591;-2.95984911;-0.00948596;10.19315616;-11.13674486
1100;109.99679164;0.00000000;-4.88681022;12.12070982;2.51948654;0.62074621;-2.96094119;-0.01235633;10.08331039;-10.85743701
1101;110.09678872;0.00000000;-4.98519268;12.10280868;2.52158201;0.60286640;-2.96232265;-0.01534868;9.97505510;-10.57171583
1102;110.19678580;0.00000000;-5.08360016;12.08505910;2.52748164;0.59194623;-2.96401663;-0.01853183;9.86850763;-10.27219814
1103;110.29678289;0.00000000;-5.18204252;12.06749160;2.53712756;0.59797216;-2.96603417;-0.02198968;9.76386517;-9.94487781
1104;110.39677997;0.00000000;-5.28052098;12.05014128;2.53026218;0.62048346;-2.96842770;-0.02588245;9.66147740;-9.63078362
1105;110.49677705;0.00000000;-5.37904753;12.03304528;2.52487064;0.63361719;-2.97121058;-0.02978212;9.56127842;-9.32860618
1106;110.59677414;0.00000000;-5.47762116;12.01624338;2.52313560;0.62889198;-2.97438438;-0.03369635;9.46321183;-9.03858860
1107;110.69677122;0.00000000;-5.57625435;11.99977313;2.52502542;0.64028280;-2.97794974;-0.03761614;9.36721481;-8.75984840
1108;110.79676830;0.00000000;-5.67494511;11.98367461;2.53049270;0.66463704;-2.98190765;-0.04154517;9.27323000;-8.49328474
1109;110.89676539;0.00000000;-5.77370537;11.96798567;2.53947561;0.66900775;-2.98625833;-0.04546675;9.18118659;-8.23844376
1110;110.99676247;0.00000000;-5.87253237;11.95274646;2.53985089;0.65385948;-2.99100044;-0.04937961;9.09101461;-7.99448547
1111;111.09675955;0.00000000;-5.97143721;11.93799485;2.52954982;0.64088149;-2.99613383;-0.05328753;9.00264939;-7.76096976
1112;111.19675664;0.00000000;-6.07041534;11.92377103;2.52039907;0.63443802;-3.00165745;-0.05718995;8.91602756;-7.53697026
1113;111.29675372;0.00000000;-6.16947718;11.91011292;2.50217030;0.63853151;-3.00757147;-0.06109282;8.83109265;-7.32184865
1114;111.39675080;0.00000000;-6.26861652;11.89706079;2.48722505;0.65856343;-3.01387576;-0.06499906;8.74779231;-7.11631767
1115;111.49674789;0.00000000;-6.36784274;11.88465279;2.47558323;0.68465380;-3.02057068;-0.06889433;8.66606302;-6.92038867
1116;111.59674497;0.00000000;-6.46714779;11.87292916;2.46725421;0.67293197;-3.02765370;-0.07277312;8.58583781;-6.73393747
1117;111.69674205;0.00000000;-6.56653989;11.86192800;2.46223250;0.66193304;-3.03512450;-0.07663179;8.50704783;-6.55743180
1118;111.79673914;0.00000000;-6.66600890;11.85168923;2.46050051;0.65883716;-3.04297861;-0.08045871;8.42961533;-6.38832993
1119;111.89673622;0.00000000;-6.76556168;11.84225064;2.46202685;0.67159167;-3.05121579;-0.08428439;8.35348944;-6.22633692
1120;111.99673330;0.00000000;-6.86518576;11.83365184;2.46558791;0.69936384;-3.05983498;-0.08810916;8.27862035;-6.07095996
1121;112.09673039;0.00000000;-6.96488649;11.82593074;2.44975765;0.72687809;-3.06883722;-0.09193649;8.20496181;-5.92182371
1122;112.19672747;0.00000000;-7.06464914;11.81912689;2.43373293;0.73203553;-3.07822193;-0.09576855;8.13246998;-5.77905403
1123;112.29672455;0.00000000;-7.16447727;11.81327843;2.42078142;0.74709250;-3.08799048;-0.09960025;8.06109738;-5.64253021
1124;112.39672164;0.00000000;-7.26435377;11.80842475;2.41091694;0.76809049;-3.09814140;-0.10343027;7.99079582;-5.51136400
1125;112.49671872;0.00000000;-7.36428002;11.80460412;2.40413923;0.80206367;-3.10867626;-0.10726944;7.92152619;-5.38517153
1126;112.59671580;0.00000000;-7.46423655;11.80185572;2.39198160;0.80215967;-3.11959513;-0.11112131;7.85325247;-5.26428166
1127;112.69671289;0.00000000;-7.56422234;11.80021809;2.36779234;0.80052293;-3.13090018;-0.11497826;7.78593274;-5.14859783
1128;112.79670997;0.00000000;-7.66421549;11.79973016;2.34648833;0.80003525;3.14059498;-0.11883949;7.71952454;-5.03756142
1129;112.89670705;0.00000000;-7.76421217;11.80043057;2.32811143;0.80421104;3.12851741;-0.12271209;7.65399087;-4.93105725
1130;112.99670414;0.00000000;-7.86418799;11.80235786;2.31269744;0.82183571;3.11605280;-0.12659609;7.58929467;-4.82879102
1131;113.09670122;0.00000000;-7.96413594;11.80555074;2.30026816;0.85211039;3.10319830;-0.13049480;7.52540122;-4.73066218
1132;113.19669830;0.00000000;-8.06402928;11.81004737;2.29083645;0.89377801;3.08995400;-0.13440844;7.46227570;-4.63636386
1133;113.29669539;0.00000000;-8.16385739;11.81588643;2.28156711;0.91608269;3.07631660;-0.13834105;7.39988601;-4.54584917
1134;113.39669247;0.00000000;-8.26359115;11.82310561;2.24920764;0.92329499;3.06228583;-0.14229231;7.33819934;-4.45871618
1135;113.49668955;0.00000000;-8.36321574;11.83174345;2.21951139;0.93192370;3.04785796;-0.14626853;7.27718712;-4.37499809
1136;113.59668664;0.00000000;-8.46269987;11.84183714;2.19255635;0.94200564;3.03303206;-0.15026827;7.21681913;-4.29435838
1137;113.69668372;0.00000000;-8.56202419;11.85342492;2.16840976;0.96059619;3.01780402;-0.15429721;7.15706865;-4.21673553
1138;113.79668080;0.00000000;-8.66115516;11.86654343;2.14528683;0.99044822;3.00217235;-0.15835604;7.09790879;-4.14174078
1139;113.89667789;0.00000000;-8.76006827;11.88123037;2.12251735;1.03061464;2.98613227;-0.16245200;7.03931710;-4.06951215
1140;113.99667497;0.00000000;-8.85872787;11.89752184;2.10265725;1.07994073;2.96968155;-0.16658220;6.98126826;-3.99954250
1141;114.09667205;0.00000000;-8.95710363;11.91545469;2.08474777;1.11641522;2.95281509;-0.17075683;6.92374330;-3.93194386
1142;114.19666914;0.00000000;-9.05515815;11.93506454;2.06516795;1.13608926;2.93552954;-0.17497376;6.86672087;-3.86621553
1143;114.29666622;0.00000000;-9.15285452;11.95638699;2.04388394;1.15744322;2.91781934;-0.17924367;6.81018612;-3.80252724
1144;114.39666330;0.00000000;-9.25015368;11.97945722;2.02086285;1.18038295;2.89967994;-0.18356344;6.75412109;-3.74025883
1145;114.49666039;0.00000000;-9.34701147;12.00430915;1.99607375;1.20509816;2.88110535;-0.18794693;6.69851638;-3.67951572
1146;114.59665747;0.00000000;-9.44338731;12.03097762;1.96948546;1.23162670;2.86208929;-0.19239257;6.64336060;-3.61982088
1147;114.69665455;0.00000000;-9.53922909;12.05949431;1.94107122;1.26000371;2.84262523;-0.19691172;6.58864910;-3.56138911
1148;114.79665164;0.00000000;-9.63449480;12.08989389;1.91072043;1.29026858;2.82270545;-0.20150045;6.53437372;-3.50341891
1149;114.89664872;0.00000000;-9.72912354;12.12220505;1.87828926;1.32245523;2.80232312;-0.20617802;6.48053829;-3.44596042
1150;114.99664580;0.00000000;-9.82307201;12.15646246;1.84390982;1.35660505;2.78146771;-0.21094430;6.42714591;-3.38851215
1151;115.09664289;0.00000000;-9.91626981;12.19269114;1.80756223;1.39275047;2.76013186;-0.21581211;6.37420755;-3.33104343
1152;115.19663997;0.00000000;-10.00867225;12.23092596;1.76921947;1.43093541;2.73830267;-0.22078317;6.32173494;-3.27279578
1153;115.29663705;0.00000000;-10.10019868;12.27118730;1.72887134;1.47119032;2.71597224;-0.22587678;6.26975220;-3.21333835
1154;115.39663414;0.00000000;-10.19080291;12.31351056;1.68649671;1.51356225;2.69312356;-0.23110428;6.21829106;-3.15271001
1155;115.49663122;0.00000000;-10.28039290;12.35791033;1.64209965;1.55807913;2.66974789;-0.23646510;6.16738357;-3.09168422
1156;115.59662830;0.00000000;-10.36892103;12.40442286;1.59566876;1.60479181;2.64582778;-0.24193960;6.11705005;-3.02956649
1157;115.69662539;0.00000000;-10.45628365;12.45305548;1.54722976;1.65372484;2.62135618;-0.24754547;6.06732277;-2.96911736
1158;115.79662247;0.00000000;-10.54243127;12.50384473;1.49678874;1.68587047;2.59631831;-0.25320962;6.01818905;-2.90591509
1159;115.89661955;0.00000000;-10.62724843;12.55678834;1.44380260;1.71285258;2.57070931;-0.25904933;5.96970966;-2.84133615
1160;115.99661664;0.00000000;-10.71068376;12.61192308;1.38829772;1.74757794;2.54450506;-0.26502572;5.92192391;-2.77245506
1161;116.09661372;0.00000000;-10.79260923;12.66923593;1.33503208;1.78961147;2.51769839;-0.27121693;5.87492195;-2.69801154
1162;116.19661080;0.00000000;-10.87297082;12.72876477;1.28491923;1.83849708;2.49025400;-0.27765407;5.82881818;-2.61740378
1163;116.29660789;0.00000000;-10.95162666;12.79048446;1.23835123;1.89369721;2.46216056;-0.28434810;5.78374065;-2.52918169
1164;116.39660497;0.00000000;-11.02851844;12.85443444;1.19569042;1.95471902;2.43337526;-0.29133217;5.73984619;-2.43306784
1165;116.49660205;0.00000000;-11.10349124;12.92057650;1.15736681;2.01723567;2.40388644;-0.29860267;5.69730067;-2.32448597
1166;116.59659914;0.00000000;-11.17648026;12.98895076;1.11151056;2.06199345;2.37364081;-0.30627903;5.65635495;-2.20483286
1167;116.69659622;0.00000000;-11.24731486;13.05950216;1.04556814;2.10771283;2.34262033;-0.31429729;5.61724110;-2.07642021
1168;116.79659330;0.00000000;-11.31592269;13.13227162;0.98279876;2.15373093;2.31077510;-0.32256131;5.58015462;-1.93572317
1169;116.89659039;0.00000000;-11.38212287;13.20718773;0.92389994;2.20605286;2.27809939;-0.33114883;5.54535772;-1.77435930
1170;116.99658747;0.00000000;-11.44583199;13.28428634;0.86960084;2.26429823;2.24452633;-0.34027841;5.51326861;-1.59960270
1171;117.09658455;0.00000000;-11.50685422;13.36347334;0.81586003;2.32798294;2.21002937;-0.34966718;5.48417902;-1.44525120
1172;117.19658164;0.00000000;-11.56509714;13.44478005;0.76343330;2.39672223;2.17463239;-0.35820450;5.45776307;-1.23402348
1173;117.29657872;0.00000000;-11.62036593;13.52808346;0.71784648;2.47001395;2.13836558;-0.36831532;5.43510628;-0.82889257
1174;117.39657580;0.00000000;-11.67255006;13.61341063;0.68039195;2.53270223;2.10073970;-0.38416394;5.41983455;-0.42570966
1175;117.49657289;0.00000000;-11.72139250;13.70063369;0.65241693;2.59393882;2.06152427;-0.39903486;5.41197442;-0.19181295
1176;117.59656997;0.00000000;-11.76674778;13.78978212;0.62340187;2.65635002;2.02119053;-0.40754928;5.40842913;-0.11299253
1177;117.69656705;0.00000000;-11.80840502;13.88064315;0.60200581;2.71479398;1.98005869;-0.41055808;5.40633959;-0.11299253
1178;117.79656414;0.00000000;-11.84634062;13.97317851;0.59272360;2.75365974;1.93998619;-0.39076736;5.40424925;0.47437840
1179;117.89656122;0.00000000;-11.88061698;14.06708356;0.59632075;2.71939346;1.90189799;-0.37157072;5.41301976;0.99941512
1180;117.99655830;0.00000000;-11.91139128;14.16223105;0.61275133;2.68863726;1.86562697;-0.35383155;5.43145101;1.44769117
1181;118.09655539;0.00000000;-11.93877383;14.25838508;0.64116764;2.66127567;1.83111357;-0.33737541;5.45803901;1.83435846
1182;118.19655247;0.00000000;-11.96289866;14.35542306;0.66716705;2.61465385;1.79804648;-0.32399287;5.49154358;2.11274836
1183;118.29654955;0.00000000;-11.98386641;14.45318628;0.70243613;2.54714847;1.76631569;-0.31071993;5.52988139;2.38009689
1184;118.39654664;0.00000000;-12.00178724;14.55155542;0.74680570;2.48424916;1.73590110;-0.29765279;5.57275459;2.63616029
1185;118.49654372;0.00000000;-12.01677342;14.65042036;0.79883245;2.42626738;1.70677758;-0.28498020;5.61985857;2.87743048
1186;118.59654080;0.00000000;-12.02893516;14.74966313;0.85717318;2.34862165;1.67889309;-0.27278769;5.67082707;3.10329878
1187;118.69653789;0.00000000;-12.03838676;14.84921361;0.92068881;2.27162978;1.65221874;-0.26072254;5.72528788;3.32707866
1188;118.79653497;0.00000000;-12.04523907;14.94896402;0.98841071;2.19653863;1.62674580;-0.24882613;5.78310623;3.54888971
1189;118.89653205;0.00000000;-12.04960811;15.04887033;1.05958995;2.12241967;1.60244997;-0.23705287;5.84414878;3.77164475
1190;118.99652914;0.00000000;-12.05160763;15.14883617;1.13220291;2.05040180;1.57933792;-0.22526216;5.90833156;4.00151251
1191;119.09652622;0.00000000;-12.05135493;15.24883790;1.20277551;1.98039219;1.55739537;-0.21357594;5.97567243;4.23544546
1192;119.19652330;0.00000000;-12.04896703;15.34879634;1.27124234;1.91090203;1.53662215;-0.20195502;6.04613309;4.47606948
1193;119.29652039;0.00000000;-12.04456027;15.44870260;1.33884950;1.84324569;1.51700165;-0.19044291;6.11971512;4.72296032
1194;119.39651747;0.00000000;-12.03825272;15.54849189;1.40547363;1.77737290;1.49853227;-0.17899987;6.19640845;4.97878384
1195;119.49651455;0.00000000;-12.03015880;15.64816716;1.46999178;1.71303962;1.48119959;-0.16763234;6.27624135;5.24448039
1196;119.59651164;0.00000000;-12.02039656;15.74767918;1.53310242;1.64910504;1.46500562;-0.15629114;6.35925081;5.52324047
1197;119.69650872;0.00000000;-12.00907874;15.84703988;1.59535063;1.58666685;1.44993991;-0.14500192;6.44551680;5.61258992
1198;119.79650580;0.00000000;-11.99632296;15.94621401;1.65671875;1.52566162;1.43600508;-0.13372980;6.53201133;5.56348153
1199;119.89650288;0.00000000;-11.98224037;16.04522067;1.71716439;1.45340882;1.42319267;-0.12249906;6.61663327;5.51538034
1200;119.99649997;0.00000000;-11.96694771;16.14403666;1.78024131;1.37539364;1.41150518;-0.11127768;6.69946862;5.46824108
1201;120.09649705;0.00000000;-11.95055467;16.24268676;1.83834707;1.30114406;1.40093622;-0.10008387;6.78059703;5.42202176
1202;120.19649413;0.00000000;-11.93317678;16.34115859;1.89166831;1.23128533;1.39148844;-0.08889169;6.86009248;5.37668339
1203;120.29649122;0.00000000;-11.91492257;16.43948101;1.94794867;1.16651244;1.38315717;-0.07772050;6.93802379;5.33218965
1204;120.39648830;0.00000000;-11.89590627;16.53765070;2.00701464;1.10764298;1.37594429;-0.06655101;7.01445514;5.28850669
1205;120.49648538;0.00000000;-11.87623557;16.63569914;2.06871961;1.05234440;1.36984647;-0.05539499;7.08944648;5.24560284
1206;120.59648247;0.00000000;-11.85602336;16.73363061;2.13139102;0.99779651;1.36486531;-0.04423686;7.16305392;5.20344847
1207;120.69647955;0.00000000;-11.83537685;16.83147779;2.19453670;0.94393637;1.36099871;-0.03309027;7.23533004;5.16201576
1208;120.79647663;0.00000000;-11.81440775;16.92925105;2.26009485;0.88906512;1.35824715;-0.02194548;7.30632423;5.12127861
1209;120.89647372;0.00000000;-11.79322318;17.02698246;2.32794771;0.83772758;1.35660960;-0.01079815;7.37608295;5.08121243
1210;120.99647080;0.00000000;-11.77193387;17.12468739;2.38878927;0.79041511;1.35608788;0.00036296;7.44464992;5.04179406
1211;121.09646788;0.00000000;-11.75064749;17.22239587;2.42495537;0.75347001;1.35668174;0.01150151;7.51206642;5.00300166
1212;121.19646497;0.00000000;-11.72947389;17.32012694;2.46354001;0.72836397;1.35838743;0.02261434;7.57837140;4.96481455
1213;121.29646205;0.00000000;-11.70852091;17.41790786;2.48485727;0.69363731;1.36120656;0.03381385;7.64360170;4.92721322
1214;121.39645913;0.00000000;-11.68789887;17.51575861;2.50384215;0.65348638;1.36515411;0.04514214;7.70779222;4.89017915
1215;121.49645622;0.00000000;-11.66771866;17.61370072;2.52708190;0.61497429;1.37021744;0.05561121;7.77097601;4.85369478
1216;121.59645330;0.00000000;-11.64808250;17.71175484;2.55456018;0.59050338;1.37624162;0.06487766;7.83318446;4.81774345
1217;121.69645038;0.00000000;-11.62908367;17.80992640;2.58622539;0.58175688;1.38313986;0.07161782;7.89444738;4.78230932
1218;121.79644747;0.00000000;-11.61078539;17.90823674;2.61089995;0.58936858;1.39046267;0.07483759;7.95479311;4.74737732
1219;121.89644455;0.00000000;-11.59322437;18.00667206;2.59335482;0.60696178;1.39806648;0.07618381;8.01424863;4.71293309
1220;121.99644163;0.00000000;-11.57641101;18.10524592;2.57655698;0.62380600;1.40562571;0.07500087;8.07283967;4.67896294
1221;122.09643872;0.00000000;-11.56033788;18.20393875;2.56049898;0.63990849;1.41305199;0.07317886;8.13059073;4.64545383
1222;122.19643580;0.00000000;-11.54498623;18.30275103;2.54516185;0.65528750;1.42023737;0.07053174;8.18752522;4.61239327
1223;122.29643288;0.00000000;-11.53033221;18.40166673;2.53052176;0.66996693;1.42715656;0.06782364;8.24366551;4.57976935
1224;122.39642997;0.00000000;-11.51634905;18.50068149;2.51655183;0.68397338;1.43379921;0.06503199;8.29903296;4.54757066
1225;122.49642705;0.00000000;-11.50301046;18.59978243;2.48141683;0.69733331;1.44016443;0.06233153;8.35364805;4.51578629
1226;122.59642413;0.00000000;-11.49028959;18.69896667;2.44710299;0.71390637;1.44626807;0.05974374;8.40753035;4.48440578
1227;122.69642122;0.00000000;-11.47816174;18.79822341;2.41701584;0.74180971;1.45211497;0.05726069;8.46069865;4.45341909
1228;122.79641830;0.00000000;-11.46660228;18.89754960;2.39072721;0.77057851;1.45772336;0.05491030;8.51317094;4.42281661
1229;122.89641538;0.00000000;-11.45558840;18.99693754;2.34029013;0.81024993;1.46309674;0.05256511;8.56496451;4.39258910
1230;122.99641247;0.00000000;-11.44509705;19.09638244;2.28904825;0.85933427;1.46823632;0.05023003;8.61609594;4.36272767
1231;123.09640955;0.00000000;-11.43510536;19.19587838;2.23905547;0.89137164;1.47314203;0.04787715;8.66658118;4.33322380
1232;123.19640663;0.00000000;-11.42559010;19.29542106;2.19291466;0.92947991;1.47781072;0.04549946;8.71643555;4.30406926
1233;123.29640372;0.00000000;-11.41652786;19.39500579;2.15085319;0.97598934;1.48224165;0.04312532;8.76567382;4.27525616
1234;123.39640080;0.00000000;-11.40789512;19.49462906;2.11309313;1.02455799;1.48643566;0.04075778;8.81431017;4.24677689
1235;123.49639788;0.00000000;-11.39966845;19.59428698;2.07984709;1.06161769;1.49039277;0.03838208;8.86235829;4.21862410
1236;123.59639497;0.00000000;-11.39182435;19.69397555;2.04716294;1.09856251;1.49411161;0.03599754;8.90983135;4.19079073
1237;123.69639205;0.00000000;-11.38433913;19.79369188;2.00638730;1.14255973;1.49759201;0.03361078;8.95674206;4.16326994
1238;123.79638913;0.00000000;-11.37718911;19.89343264;1.95739559;1.19061825;1.50083348;0.03122099;9.00310269;4.13605514
1239;123.89638622;0.00000000;-11.37035050;19.99319543;1.91266376;1.23367470;1.50383599;0.02882994;9.04892507;4.10913999
1240;123.99638330;0.00000000;-11.36379952;20.09297746;1.86808086;1.28284944;1.50659928;0.02643796;9.09422064;4.08251832
1241;124.09638038;0.00000000;-11.35751234;20.19277678;1.81913806;1.33748722;1.50912318;0.02403531;9.13900043;4.05618419
1242;124.19637747;0.00000000;-11.35146505;20.29259072;1.77470354;1.37096230;1.51140594;0.02162163;9.18327512;4.03013186
1243;124.29637455;0.00000000;-11.34563358;20.39241766;1.73510136;1.39348124;1.51344770;0.01921990;9.22705505;4.00435576
1244;124.39637163;0.00000000;-11.33999400;20.49225548;1.70064671;1.42250607;1.51525012;0.01683008;9.27035019;3.97885050
1245;124.49636872;0.00000000;-11.33452245;20.59210274;1.67163489;1.45767027;1.51681463;0.01448056;9.31317022;3.95361089
1246;124.59636580;0.00000000;-11.32919552;20.69195781;1.64598877;1.49856270;1.51814719;0.01217184;9.35552450;3.92863186
1247;124.69636288;0.00000000;-11.32399011;20.79181956;1.60677736;1.54474874;1.51924935;0.00987927;9.39742210;3.90390851
1248;124.79635997;0.00000000;-11.31888338;20.89168626;1.57304881;1.59578797;1.52012342;0.00760295;9.43887181;3.87943610
1249;124.89635705;0.00000000;-11.31385257;20.99155710;1.54514005;1.62647382;1.52076988;0.00532518;9.47988215;3.85521003
1250;124.99635413;0.00000000;-11.30887494;21.09143034;1.49702511;1.65515464;1.52118840;0.00304583;9.52046139;3.83122583
1251;125.09635122;0.00000000;-11.30392773;21.19130533;1.44671944;1.68499949;1.52137911;0.00076927;9.56061755;3.80747915
1252;125.19634830;0.00000000;-11.29898821;21.29118047;1.40175922;1.72014065;1.52134233;-0.00150465;9.60035841;3.78396579
1253;125.29634538;0.00000000;-11.29403365;21.39105521;1.36265218;1.76028173;1.52107822;-0.00377776;9.63969152;3.76068165
1254;125.39634247;0.00000000;-11.28904138;21.49092778;1.32989332;1.80510901;1.52058683;-0.00605023;9.67862423;3.73762277
1255;125.49633955;0.00000000;-11.28398866;21.59079776;1.29770171;1.84794377;1.51986828;-0.00831998;9.71716367;3.71478526
1256;125.59633663;0.00000000;-11.27885288;21.69066306;1.25829404;1.87399760;1.51892294;-0.01058733;9.75531677;3.69216538
1257;125.69633372;0.00000000;-11.27361136;21.79052315;1.22569504;1.90505049;1.51775090;-0.01285369;9.79309025;3.66975948
1258;125.79633080;0.00000000;-11.26824151;21.89037603;1.20043761;1.94088320;1.51635230;-0.01511900;9.83049069;3.64756398
1259;125.89632788;0.00000000;-11.26272068;21.99022118;1.17755678;1.98024261;1.51472717;-0.01738470;9.86752445;3.62557544
1260;125.99632497;0.00000000;-11.25702630;22.09005621;1.14689218;2.00757719;1.51287541;-0.01965159;9.90419773;3.60379047
1261;126.09632205;0.00000000;-11.25113570;22.18988067;1.10637125;2.03963842;1.51079719;-0.02190843;9.94051657;3.58220581
1262;126.19631913;0.00000000;-11.24502648;22.28969116;1.07345336;2.07622754;1.50849404;-0.02415606;9.97648686;3.56081824
1263;126.29631622;0.00000000;-11.23867614;22.38948685;1.04883229;2.10440255;1.50596497;-0.02644786;10.01211431;3.53962466
1264;126.39631330;0.00000000;-11.23206191;22.48926487;1.03307894;2.13314642;1.50320358;-0.02878145;10.04740450;3.51862203
1265;126.49631038;0.00000000;-11.22516047;22.58902389;1.01464555;2.16639886;1.50020700;-0.03118765;10.08236287;3.49780738
1266;126.59630747;0.00000000;-11.21794795;22.68876066;0.97211917;2.18300060;1.49696439;-0.03366674;10.11699472;3.47717784
1267;126.69630455;0.00000000;-11.21039962;22.78847342;0.93804053;2.19573805;1.49347373;-0.03614775;10.15130521;3.45673057
1268;126.79630163;0.00000000;-11.20249098;22.88815738;0.91333239;2.21327969;1.48973491;-0.03863136;10.18529937;3.43646284
1269;126.89629872;0.00000000;-11.19419729;22.98781041;0.89874310;2.23553648;1.48574792;-0.04110333;10.21898214;3.41637197
1270;126.99629580;0.00000000;-11.18549413;23.08742792;0.88551579;2.26225494;1.48151476;-0.04356264;10.25235828;3.39645533
1271;127.09629288;0.00000000;-11.17635706;23.18700704;0.87638193;2.28960753;1.47703545;-0.04602852;10.28543249;3.37671036
1272;127.19628997;0.00000000;-11.16676178;23.28654270;0.86679050;2.32138311;1.47230905;-0.04850308;10.31820934;3.35713458
1273;127.29628705;0.00000000;-11.15668378;23.38603128;0.85671710;2.34331819;1.46733498;-0.05098030;10.35069328;3.33772554
1274;127.39628413;0.00000000;-11.14609881;23.48546647;0.84613767;2.35390249;1.46211313;-0.05346049;10.38288866;3.31848086
1275;127.49628122;0.00000000;-11.13498235;23.58484420;0.83502789;2.36501836;1.45664302;-0.05594467;10.41479975;3.29939821
1276;127.59627830;0.00000000;-11.12331019;23.68415756;0.82336380;2.37669008;1.45092433;-0.05843331;10.44643069;3.28047531
1277;127.69627538;0.00000000;-11.11105785;23.78340165;0.81112123;2.38894215;1.44495649;-0.06092722;10.47778555;3.26170994
1278;127.79627247;0.00000000;-11.09820116;23.88256859;0.79827643;2.40179882;1.43873899;-0.06342773;10.50886830;3.24309992
1279;127.89626955;0.00000000;-11.08471567;23.98165265;0.78480539;2.41528463;1.43227107;-0.06593465;10.53968283;3.22464312
1280;127.99626663;0.00000000;-11.07057728;24.08064487;0.77068465;2.42942374;1.42555217;-0.06844856;10.57023292;3.20633747
1281;128.09626372;0.00000000;-11.05576154;24.17953878;0.75589044;2.44424075;1.41858147;-0.07097035;10.60052228;3.18818091
1282;128.19626080;0.00000000;-11.04024448;24.27832420;0.74039975;2.45975976;1.41135817;-0.07350157;10.63055456;3.17017146
1283;128.29625788;0.00000000;-11.02400162;24.37699373;0.72418921;2.47600540;1.40388127;-0.07604134;10.66033330;2.91913240
1284;128.39625497;0.00000000;-11.00700913;24.47553591;0.70723643;2.48391735;1.39615001;-0.07859015;10.68768055;-0.76095089
1285;128.49625205;0.00000000;-10.98924255;24.57394255;0.68951867;2.47665397;1.38816326;-0.08115200;10.68055850;-2.93657371
1286;128.59624913;0.00000000;-10.97067821;24.67220063;0.67101453;2.47422679;1.37991958;-0.08372893;10.65302925;-2.68720832
1287;128.69624622;0.00000000;-10.95129160;24.77030100;0.65170224;2.47667589;1.37141757;-0.08631669;10.62777522;-2.43508897
1288;128.79624330;0.00000000;-10.93105925;24.86822899;0.63156192;2.48401236;1.36265635;-0.08891554;10.60483864;-2.17909612
1289;128.89624038;0.00000000;-10.90995667;24.96597473;0.61425689;2.49621849;1.35363443;-0.09153150;10.58427117;-1.91843428
1290;128.99623747;0.00000000;-10.88796068;25.06352162;0.61207240;2.51324770;1.34434993;-0.09416755;10.56613082;-1.64383578
1291;129.09623455;0.00000000;-10.86504639;25.16085994;0.62514154;2.53502788;1.33479861;-0.09690112;10.55056221;-1.35472541
1292;129.19623163;0.00000000;-10.84119066;25.25796872;0.64121895;2.54125441;1.32496755;-0.09973170;10.53771444;-1.12596272
1293;129.29622872;0.00000000;-10.81636744;25.35483681;0.61637431;2.54276655;1.31486817;-0.10199081;10.52702426;-0.94889196
1294;129.39622580;0.00000000;-10.79055855;25.45144373;0.59888176;2.54922122;1.30458113;-0.10375972;10.51800679;-0.76554186
1295;129.49622288;0.00000000;-10.76374876;25.54777752;0.59679381;2.56059806;1.29411636;-0.10555781;10.51072609;-0.57755621
1296;129.59621997;0.00000000;-10.73592365;25.64382294;0.60894556;2.54980107;1.28347046;-0.10736763;10.50522989;-0.47073518
1297;129.69621705;0.00000000;-10.70706942;25.73956413;0.61532191;2.53476599;1.27266518;-0.10842476;10.50074811;-0.42593950
1298;129.79621413;0.00000000;-10.67717871;25.83498798;0.59834917;2.52468626;1.26179878;-0.10891217;10.49669116;-0.42593950
1299;129.89621122;0.00000000;-10.64625069;25.93008114;0.59676097;2.51962749;1.25089938;-0.10884495;10.49263265;-0.40893149
1300;129.99620830;0.00000000;-10.61428970;26.02483191;0.61067808;2.51962007;1.24003914;-0.10836885;10.48873472;-0.34733682
1301;130.09620538;0.00000000;-10.58130376;26.11923140;0.60039546;2.52465934;1.22923305;-0.10765935;10.48542277;-0.26153486
1302;130.19620247;0.00000000;-10.54730368;26.21326987;0.59932851;2.53470759;1.21851120;-0.10678682;10.48292828;-0.15981762
1303;130.29619955;0.00000000;-10.51230123;26.30694041;0.61370698;2.54969597;1.20787783;-0.10586269;10.48140366;-0.05475572
1304;130.39619663;0.00000000;-10.47630936;26.40023470;0.63186004;2.56316858;1.19733990;-0.10490424;10.48088125;0.05173031
1305;130.49619372;0.00000000;-10.43934068;26.49314662;0.64823467;2.56910587;1.18689715;-0.10396111;10.48137480;0.15421619
1306;130.59619080;0.00000000;-10.40140820;26.58566901;0.63364492;2.56660939;1.17654797;-0.10303050;10.48284598;0.25315611
1307;130.69618788;0.00000000;-10.36252440;26.67779596;0.63364035;2.55430251;1.16629143;-0.10210738;10.48526059;0.34923144
1308;130.79618497;0.00000000;-10.32270204;26.76952094;0.64823030;2.54688594;1.15612682;-0.10119274;10.48859066;0.44244985
1309;130.89618205;0.00000000;-10.28195351;26.86083838;0.65497613;2.52801670;1.14605307;-0.10029079;10.49280808;0.53245760
1310;130.99617913;0.00000000;-10.24029126;26.95174251;0.65539895;2.50462234;1.13606898;-0.09939858;10.49788120;0.61969222
1311;131.09617622;0.00000000;-10.19772755;27.04222802;0.64621312;2.48601365;1.12617367;-0.09851546;10.50378239;0.70432923
1312;131.19617330;0.00000000;-10.15427444;27.13229000;0.64704238;2.47229175;1.11636620;-0.09764093;10.51048554;0.78651633
1313;131.29617038;0.00000000;-10.10994416;27.22192323;0.66217485;2.46353097;1.10664573;-0.09677654;10.51796582;0.86617546
1314;131.39616747;0.00000000;-10.06474840;27.31112355;0.66405546;2.45977648;1.09701121;-0.09592061;10.52619756;0.94357886
1315;131.49616455;0.00000000;-10.01869933;27.39988589;0.66570019;2.45547298;1.08746190;-0.09507336;10.53515758;1.01878391
1316;131.59616163;0.00000000;-9.97180823;27.48820693;0.68068583;2.45038565;1.07799686;-0.09423392;10.54482319;1.09196479
1317;131.69615872;0.00000000;-9.92408725;27.57608163;0.70870015;2.45031574;1.06861540;-0.09340313;10.55517327;1.16310141
1318;131.79615580;0.00000000;-9.87554724;27.66350745;0.73591274;2.45508220;1.05931655;-0.09257983;10.56618646;1.23239167
1319;131.89615288;0.00000000;-9.82620037;27.75047942;0.72868169;2.43822993;1.05009973;-0.09176446;10.57784323;1.29985354
1320;131.99614997;0.00000000;-9.77605703;27.83699576;0.72909499;2.42629917;1.04096398;-0.09095613;10.59012420;1.36564728
1321;132.09614705;0.00000000;-9.72512941;27.92305154;0.74219768;2.41935591;1.03190879;-0.09015538;10.60301146;1.42977289
1322;132.19614413;0.00000000;-9.67342743;28.00864573;0.76628434;2.41743554;1.02293322;-0.08936137;10.61648709;1.49238117
1323;132.29614121;0.00000000;-9.62096335;28.09377339;0.78371568;2.40288624;1.01403682;-0.08857449;10.63053459;1.55347909
1324;132.39613830;0.00000000;-9.56774657;28.17843425;0.77113707;2.38984132;1.00521864;-0.08779394;10.64513750;1.61321024
1325;132.49613538;0.00000000;-9.51378943;28.26262336;0.77054680;2.37922637;0.99647833;-0.08701996;10.66028072;1.67159466
1326;132.59613246;0.00000000;-9.45910082;28.34634117;0.78197968;2.37365114;0.98781497;-0.08625204;10.67594934;1.72873536
1327;132.69612955;0.00000000;-9.40369318;28.42958271;0.80170979;2.37314406;0.97922822;-0.08549072;10.69212941;1.78461292
1328;132.79612663;0.00000000;-9.34757488;28.51234911;0.82059888;2.36525842;0.97071714;-0.08473524;10.70880682;1.83935768
1329;132.89612371;0.00000000;-9.29075845;28.59463536;0.83865189;2.34660116;0.96228148;-0.08398562;10.72596869;1.89300567
1330;132.99612080;0.00000000;-9.23325171;28.67644335;0.85587526;2.32665588;0.95392034;-0.08324126;10.74360249;1.94566417
1331;133.09611788;0.00000000;-9.17506733;28.75776797;0.85573453;2.31169470;0.94563356;-0.08250188;10.76169670;1.99739939
1332;133.19611496;0.00000000;-9.11621258;28.83861176;0.84125910;2.30014074;0.93742027;-0.08176775;10.78024045;2.04821496
1333;133.29611205;0.00000000;-9.05670028;28.91896961;0.83772384;2.29111680;0.92928019;-0.08104218;10.79922289;2.09775499
1334;133.39610913;0.00000000;-8.99653714;28.99884463;0.84527328;2.28724474;0.92121213;-0.08032247;10.81862994;2.14636910
1335;133.49610621;0.00000000;-8.93573608;29.07823163;0.85842014;2.26821174;0.91321583;-0.07961269;10.83845077;2.19360991
1336;133.59610330;0.00000000;-8.87430313;29.15713441;0.87077779;2.24651915;0.90528990;-0.07890903;10.85867047;2.23995564
1337;133.69610038;0.00000000;-8.81225138;29.23554760;0.88725365;2.22988627;0.89743428;-0.07821138;10.87927858;2.28544718
1338;133.79609746;0.00000000;-8.74958628;29.31347558;0.91368975;2.21841996;0.88964791;-0.07751886;10.90026507;2.33021456
1339;133.89609455;0.00000000;-8.68632106;29.39091293;0.94076605;2.20839215;0.88193076;-0.07683238;10.92162112;2.37417186
1340;133.99609163;0.00000000;-8.62246061;29.46786452;0.97555219;2.19912986;0.87428174;-0.07615052;10.94333717;2.41751168
1341;134.09608871;0.00000000;-8.55801828;29.54432493;0.99182464;2.18672877;0.86670088;-0.07547513;10.96540545;2.46003387
1342;134.19608580;0.00000000;-8.49299837;29.62029954;0.99956306;2.15680010;0.85918702;-0.07480443;10.98781639;2.50197384
1343;134.29608288;0.00000000;-8.42741440;29.69578288;1.01351475;2.13187625;0.85174025;-0.07413899;11.01056262;2.54328075
1344;134.39607996;0.00000000;-8.36127010;29.77078079;1.03625343;2.11212735;0.84435952;-0.07347786;11.03363632;2.58409133
1345;134.49607705;0.00000000;-8.29457914;29.84528776;1.06722086;2.09769564;0.83704492;-0.07282201;11.05703096;2.62430241
1346;134.59607413;0.00000000;-8.22734470;29.91931009;1.09475319;2.08868445;0.82979541;-0.07217026;11.08073909;2.66407767
1347;134.69607121;0.00000000;-8.15958057;29.99284227;1.09882424;2.08460807;0.82261113;-0.07152335;11.10475479;2.70333963
1348;134.79606830;0.00000000;-8.09128941;30.06589097;1.11112878;2.07368165;0.81549103;-0.07088033;11.12907144;2.74222138
1349;134.89606538;0.00000000;-8.02248514;30.13845071;1.13147825;2.04882123;0.80843532;-0.07024182;11.15368367;2.78066212
1350;134.99606246;0.00000000;-7.95316989;30.21052852;1.15945593;2.02928118;0.80144296;-0.06960700;11.17858558;2.81877828
1351;135.09605955;0.00000000;-7.88335771;30.28211895;1.18026711;2.01521268;0.79451418;-0.06897639;11.20377234;2.82509327
1352;135.19605663;0.00000000;-7.81305024;30.35322936;1.19164580;2.00672395;0.78764797;-0.06834928;11.22895885;2.80987268
1353;135.29605371;0.00000000;-7.74226162;30.42385435;1.21053546;1.97284563;0.78084459;-0.06772607;11.25395375;2.79476303
1354;135.39605080;0.00000000;-7.67099301;30.49400157;1.23659872;1.94291867;0.77410304;-0.06710619;11.27875930;2.77976308
1355;135.49604788;0.00000000;-7.59925866;30.56366571;1.25754778;1.91839999;0.76742362;-0.06648993;11.30337771;2.76487157
1356;135.59604496;0.00000000;-7.52705928;30.63285464;1.26811271;1.89856332;0.76080534;-0.06587684;11.32781117;2.75008732
1357;135.69604205;0.00000000;-7.45440917;30.70156317;1.28574353;1.86166482;0.75424852;-0.06526710;11.35206181;2.73540912
1358;135.79603913;0.00000000;-7.38130864;30.76979940;1.31016177;1.83011597;0.74775220;-0.06466037;11.37613173;2.72083581
1359;135.89603621;0.00000000;-7.30777202;30.83755823;1.32613486;1.80419606;0.74131671;-0.06405676;11.40002301;2.70636623
1360;135.99603330;0.00000000;-7.23379924;30.90484796;1.34077669;1.78414300;0.73494113;-0.06345600;11.42373765;2.69199926
1361;136.09603038;0.00000000;-7.15940465;30.97166363;1.35731453;1.77015306;0.72862578;-0.06285812;11.44727767;2.67773378
1362;136.19602746;0.00000000;-7.08458782;31.03801368;1.36952813;1.76236383;0.72236978;-0.06226296;11.47064502;2.66356870
1363;136.29602455;0.00000000;-7.00936310;31.10389333;1.37865046;1.76085274;0.71617346;-0.06167046;11.49384163;2.64950296
1364;136.39602163;0.00000000;-6.93372974;31.16931112;1.39429559;1.76169932;0.71003596;-0.06108055;11.51686939;2.63553548
1365;136.49601871;0.00000000;-6.85770205;31.23426246;1.41167051;1.74566651;0.70395762;-0.06049311;11.53973017;2.62166523
1366;136.59601580;0.00000000;-6.78127900;31.29875597;1.41343610;1.73585979;0.69793760;-0.05990812;11.56242579;2.60789119
1367;136.69601288;0.00000000;-6.70447483;31.36278727;1.42165267;1.73238043;0.69197627;-0.05932542;11.58495805;2.59421234
1368;136.79600996;0.00000000;-6.62728827;31.42636502;1.43621578;1.71550531;0.68607279;-0.05874505;11.60732874;2.58062771
1369;136.89600705;0.00000000;-6.54973346;31.48948508;1.45693883;1.70019914;0.68022753;-0.05816679;11.62953958;2.56713631
1370;136.99600413;0.00000000;-6.47180891;31.55215613;1.48357054;1.68173604;0.67443969;-0.05759075;11.65159230;2.55373719
1371;137.09600121;0.00000000;-6.39352866;31.61437426;1.51580145;1.65478918;0.66870965;-0.05701665;11.67348859;2.54042940
1372;137.19599830;0.00000000;-6.31489101;31.67614816;1.55066579;1.63408859;0.66303662;-0.05644468;11.69523009;2.52721201
1373;137.29599538;0.00000000;-6.23590987;31.73747416;1.58250436;1.61165450;0.65742098;-0.05587449;11.71681844;2.51408411
1374;137.39599246;0.00000000;-6.15658339;31.79836094;1.59659092;1.59271933;0.65186198;-0.05530632;11.73825526;2.50104479
1375;137.49598955;0.00000000;-6.07692531;31.85880510;1.61621183;1.58044953;0.64635998;-0.05473980;11.75954213;2.48809317
1376;137.59598663;0.00000000;-5.99693365;31.91881526;1.64117533;1.56452926;0.64091427;-0.05417520;11.78068059;2.47522837
1377;137.69598371;0.00000000;-5.91662196;31.97838831;1.65648463;1.53753185;0.63552521;-0.05361213;11.80167218;2.46244954
1378;137.79598080;0.00000000;-5.83598817;32.03753280;1.66442358;1.49318542;0.63019210;-0.05305087;11.82251842;2.44975582
1379;137.89597788;0.00000000;-5.75504562;32.09624589;1.67776985;1.45487040;0.62491529;-0.05249102;11.84322079;2.43714638
1380;137.99597496;0.00000000;-5.67379216;32.15453608;1.69640217;1.42306601;0.61969414;-0.05193290;11.86378076;2.42462041
1381;138.09597205;0.00000000;-5.59224089;32.21240081;1.72015193;1.39821514;0.61452897;-0.05137608;11.88419975;2.41217707
1382;138.19596913;0.00000000;-5.51038964;32.26984847;1.74881747;1.38068613;0.60941917;-0.05082089;11.90447920;2.39981559
1383;138.29596621;0.00000000;-5.42825125;32.32687682;1.78216349;1.36672601;0.60436505;-0.05026691;11.92462051;2.38753517
1384;138.39596330;0.00000000;-5.34582353;32.38349414;1.80060453;1.34438368;0.59936603;-0.04971448;11.94462504;2.37533503
1385;138.49596038;0.00000000;-5.26311903;32.43969848;1.80171238;1.32970275;0.59442241;-0.04916317;11.96449416;2.36321442
1386;138.59595746;0.00000000;-5.18013559;32.49549801;1.80381905;1.32002355;0.58953363;-0.04861331;11.98422920;2.35117257
1387;138.69595455;0.00000000;-5.09688547;32.55089109;1.80596575;1.30726222;0.58469999;-0.04806449;12.00383149;2.33920875
1388;138.79595163;0.00000000;-5.01336653;32.60588573;1.81315385;1.30255765;0.57992096;-0.04751706;12.02330231;2.32732223
1389;138.89594871;0.00000000;-4.92959071;32.66048064;1.82532845;1.28695370;0.57519682;-0.04697057;12.04264296;2.31551227
1390;138.99594580;0.00000000;-4.84555594;32.71468368;1.84239676;1.27053648;0.57052708;-0.04642540;12.06185468;2.30377817
1391;139.09594288;0.00000000;-4.76127383;32.76849385;1.86422794;1.25451673;0.56591198;-0.04588111;12.08093873;2.29211923
1392;139.19593996;0.00000000;-4.67674240;32.82191888;1.89066345;1.24679671;0.56135108;-0.04533806;12.09989632;2.28053475
1393;139.29593705;0.00000000;-4.59197289;32.87495807;1.92151584;1.24752586;0.55684461;-0.04479582;12.11872867;2.26902406
1394;139.39593413;0.00000000;-4.50696344;32.92761900;1.95658288;1.21576154;0.55239214;-0.04425474;12.13743697;2.25758647
1395;139.49593121;0.00000000;-4.42172492;32.97990129;1.97990666;1.18857069;0.54799389;-0.04371444;12.15602239;2.24622133
1396;139.59592830;0.00000000;-4.33625560;33.03181235;1.99166605;1.16975738;0.54364947;-0.04317524;12.17448609;2.23492798
1397;139.69592538;0.00000000;-4.25056595;33.08335211;2.00787747;1.15972573;0.53935907;-0.04263672;12.19282921;2.22370577
1398;139.79592246;0.00000000;-4.16465441;33.13452782;2.02847942;1.15869795;0.53512234;-0.04209923;12.21105287;2.21255406
1399;139.89591955;0.00000000;-4.07853104;33.18533971;2.04132063;1.15356984;0.53093945;-0.04156240;12.22915819;2.20147223
1400;139.99591663;0.00000000;-3.99219445;33.23579485;2.05363090;1.15273769;0.52681006;-0.04102656;12.24714627;2.19045966
1401;140.09591371;0.00000000;-3.90565431;33.28589380;2.06005383;1.11900237;0.52273435;-0.04049138;12.26501818;2.17951573
1402;140.19591080;0.00000000;-3.81890939;33.33564345;2.06236992;1.08141234;0.51871199;-0.03995712;12.28277498;2.16863983
1403;140.29590788;0.00000000;-3.73196894;33.38504465;2.06912289;1.05240409;0.51474315;-0.03942316;12.30041774;2.15783137
1404;140.39590496;0.00000000;-3.64483192;33.43410414;2.08027510;1.03269451;0.51082756;-0.03888999;12.31794749;2.14708976
1405;140.49590205;0.00000000;-3.55750719;33.48282304;2.09576078;1.02281742;0.50696533;-0.03835815;12.33536525;2.13641443
1406;140.59589913;0.00000000;-3.46999390;33.53120792;2.11549054;1.02305193;0.50315613;-0.03782724;12.35267203;2.12580479
1407;140.69589621;0.00000000;-3.38230043;33.57926021;2.13639293;1.02906423;0.49940014;-0.03729554;12.36986882;2.11526027
1408;140.79589330;0.00000000;-3.29442625;33.62698627;2.14084591;1.02236173;0.49569721;-0.03676447;12.38695663;2.10478033
1409;140.89589038;0.00000000;-3.20637926;33.67438785;2.14747762;1.00844081;0.49204769;-0.03622852;12.40393640;2.09436440
1410;140.99588746;0.00000000;-3.11815914;33.72147121;2.15836716;0.98542332;0.48845170;-0.03569272;12.42080911;2.08401194
1411;141.09588455;0.00000000;-3.02977344;33.76823839;2.17345519;0.95399207;0.48490945;-0.03515484;12.43757569;2.07372242
1412;141.19588163;0.00000000;-2.94122204;33.81469554;2.19266075;0.93262374;0.48142091;-0.03461742;12.45423709;2.06349529
1413;141.29587871;0.00000000;-2.85251209;33.86084498;2.21588097;0.92201405;0.47798613;-0.03408102;12.47079422;2.05333004
1414;141.39587580;0.00000000;-2.76364375;33.90669266;2.24125748;0.92252861;0.47460489;-0.03354528;12.48724800;2.04322614
1415;141.49587288;0.00000000;-2.67462366;33.95224119;2.24787961;0.91810119;0.47127725;-0.03301007;12.50359932;2.03318309
1416;141.59586996;0.00000000;-2.58545224;33.99749637;2.25858616;0.90306937;0.46800305;-0.03247540;12.51984907;2.02320037
1417;141.69586705;0.00000000;-2.49613571;34.04246104;2.27043909;0.86607010;0.46478235;-0.03194090;12.53599812;2.01327749
1418;141.79586413;0.00000000;-2.40667470;34.08714085;2.28114868;0.83972790;0.46161503;-0.03140691;12.55204735;2.00341395
1419;141.89586121;0.00000000;-2.31707505;34.13153888;2.28075430;0.82505992;0.45850114;-0.03087318;12.56799760;1.99360927
1420;141.99585830;0.00000000;-2.22733761;34.17566064;2.28337063;0.82268521;0.45544056;-0.03033990;12.58384973;1.98386296
1421;142.09585538;0.00000000;-2.13746778;34.21950943;2.29005182;0.83270380;0.45243333;-0.02980687;12.59960456;1.97417454
1422;142.19585246;0.00000000;-2.04746667;34.26309063;2.30076783;0.83857376;0.44947935;-0.02927424;12.61526291;1.96454355
1423;142.29584955;0.00000000;-1.95733927;34.30640775;2.31546757;0.80636028;0.44657865;-0.02874179;12.63082561;1.95496951
1424;142.39584663;0.00000000;-1.86708693;34.34946605;2.33408113;0.78592188;0.44373114;-0.02820972;12.64629345;1.94545198
1425;142.49584371;0.00000000;-1.77671422;34.39226923;2.35627033;0.77818211;0.44093686;-0.02767781;12.66166724;1.93599048
1426;142.59584080;0.00000000;-1.68622273;34.43482244;2.35524368;0.78351205;0.43819573;-0.02714624;12.67694774;1.92658459
1427;142.69583788;0.00000000;-1.59561664;34.47712958;2.35818913;0.80144351;0.43550777;-0.02661480;12.69213574;1.91723384
1428;142.79583496;0.00000000;-1.50489778;34.51919565;2.36509714;0.78471483;0.43287291;-0.02608366;12.70723201;1.90793781
1429;142.89583205;0.00000000;-1.41406991;34.56102478;2.37593829;0.75453735;0.43029118;-0.02555263;12.72223729;1.89869605
1430;142.99582913;0.00000000;-1.32313513;34.60262183;2.38692954;0.72822745;0.42776253;-0.02502186;12.73715234;1.88950814
1431;143.09582621;0.00000000;-1.23209681;34.64399112;2.38237113;0.71530409;0.42528695;-0.02449119;12.75197790;1.88037366
1432;143.19582330;0.00000000;-1.14095727;34.68513740;2.38176071;0.71648672;0.42286442;-0.02396075;12.76671470;1.87129218
1433;143.29582038;0.00000000;-1.04971950;34.72606515;2.38510662;0.72782630;0.42049494;-0.02343037;12.78136345;1.86226330
1434;143.39581746;0.00000000;-0.95838607;34.76677903;2.39239752;0.73147745;0.41817848;-0.02290020;12.79592488;1.85328659
1435;143.49581455;0.00000000;-0.86695959;34.80728367;2.40360273;0.69976254;0.41591503;-0.02237008;12.81039968;1.84436166
1436;143.59581163;0.00000000;-0.77544285;34.84758365;2.41867300;0.67967881;0.41370459;-0.02184014;12.82478856;1.83548811
1437;143.69580871;0.00000000;-0.68383813;34.88768375;2.43754180;0.66472106;0.41154713;-0.02131023;12.83909220;1.82666553
1438;143.79580580;0.00000000;-0.59214843;34.92758843;2.44829870;0.66052965;0.40944266;-0.02078047;12.85331128;1.81789354
1439;143.89580288;0.00000000;-0.50037567;34.96730265;2.44839516;0.67157869;0.40739116;-0.02025073;12.86744649;1.80917175
1440;143.99579996;0.00000000;-0.40852307;35.00683077;2.45237001;0.69434374;0.40539263;-0.01972111;12.88149847;1.80049978
1441;144.09579705;0.00000000;-0.31659224;35.04617787;2.46020973;0.66707132;0.40344705;-0.01919151;12.89546790;1.79187724
1442;144.19579413;0.00000000;-0.22458659;35.08534825;2.47188268;0.65429715;0.40155443;-0.01866201;12.90935542;1.78330377
1443;144.29579121;0.00000000;-0.13250742;35.12434712;2.48734021;0.65407862;0.39971476;-0.01813247;12.92316167;1.77477898
1444;144.39578830;0.00000000;-0.04035834;35.16317869;2.50651721;0.65798251;0.39792804;-0.01760300;12.93688730;1.76630252
1445;144.49578538;0.00000000;0.05185967;35.20184830;2.50530301;0.65273015;0.39619425;-0.01707366;12.95053294;1.75787401
1446;144.59578246;0.00000000;0.14414279;35.24036008;2.50625427;0.65930065;0.39451341;-0.01654441;12.96409919;1.74949311
1447;144.69577955;0.00000000;0.23649033;35.27871948;2.51102526;0.62501820;0.39288550;-0.01601455;12.97758669;1.74115945
1448;144.79577663;0.00000000;0.32889829;35.31693058;2.51959943;0.60479754;0.39131059;-0.01548467;12.99099604;1.73287269
1449;144.89577371;0.00000000;0.42136624;35.35499892;2.53194355;0.60091344;0.38978855;-0.01495706;13.00432783;1.72463247
1450;144.99577079;0.00000000;0.51389005;35.39292853;2.54800773;0.61367108;0.38831926;-0.01442966;13.01758268;-3.99928411
1451;145.09576788;0.00000000;0.60646967;35.43072508;2.54965477;0.61739709;0.38690308;-0.01389395;12.98682507;-10.30846054
1452;145.19576496;0.00000000;0.69910037;35.46839242;2.55147321;0.61774002;0.38554055;-0.01335771;12.90720703;-10.41859434
1453;145.29576204;0.00000000;0.79178275;35.50593606;2.55707001;0.60351921;0.38421557;-0.01317058;12.82623621;-10.46917085
1454;145.39575913;0.00000000;0.88451323;35.54335709;2.55871265;0.59119212;0.38290639;-0.01301374;12.74435413;-10.42107802
1455;145.49575621;0.00000000;0.97729328;35.58065650;2.55017905;0.59576390;0.38157351;-0.01371351;12.66232235;-10.31890670
1456;145.59575329;0.00000000;1.07012455;35.61782870;2.54541094;0.61686461;0.38016350;-0.01448747;12.58056780;-10.22504837
1457;145.69575038;0.00000000;1.16300889;35.65486616;2.54058994;0.62113387;0.37867768;-0.01522729;12.49902941;-10.13446514
1458;145.79574746;0.00000000;1.25595075;35.69176263;2.53247002;0.62919417;0.37711814;-0.01596407;12.41768506;-10.04913598
1459;145.89574454;0.00000000;1.34895030;35.72851028;2.52812261;0.62428218;0.37548571;-0.01668451;12.33649601;-9.96666161
1460;145.99574163;0.00000000;1.44201206;35.76510312;2.52755986;0.63543549;0.37378133;-0.01740375;12.25544204;-9.88684794
1461;146.09573871;0.00000000;1.53513631;35.80153354;2.53077713;0.62326617;0.37200507;-0.01812283;12.17450400;-9.80968203
1462;146.19573579;0.00000000;1.62832746;35.83779554;2.53775294;0.62249430;0.37015688;-0.01884168;12.09366233;-9.73365693
1463;146.29573288;0.00000000;1.72158573;35.87388147;2.54844910;0.63372916;0.36823638;-0.01957052;12.01290947;-9.66006651
1464;146.39572996;0.00000000;1.81491552;35.90978525;2.56092023;0.63667241;0.36624288;-0.02030048;11.93222682;-9.61121209
1465;146.49572704;0.00000000;1.90831691;35.94549931;2.54644401;0.64012026;0.36418364;-0.02087323;11.85140711;-9.56629348
1466;146.59572413;0.00000000;2.00179357;35.98101869;2.53562330;0.61943162;0.36206841;-0.02143231;11.77041408;-9.56608152
1467;146.69572121;0.00000000;2.09534352;36.01633781;2.52850085;0.59530275;0.35993197;-0.02123826;11.68886167;-9.62617470
1468;146.79571829;0.00000000;2.18897156;36.05145940;2.52120937;0.58764175;0.35782122;-0.02097699;11.60621852;-9.57808756
1469;146.89571538;0.00000000;2.28266898;36.08638091;2.51424109;0.59708249;0.35567281;-0.02210467;11.52339996;-9.44934041
1470;146.99571246;0.00000000;2.37644965;36.12109755;2.51101711;0.62285801;0.35339998;-0.02335155;11.44110719;-9.24248200
1471;147.09570954;0.00000000;2.47030570;36.15559216;2.51153894;0.64956658;0.35097341;-0.02523358;11.36003923;-9.03442562
1472;147.19570663;0.00000000;2.56425401;36.18985184;2.51578640;0.66678171;0.34835314;-0.02717210;11.28023310;-8.83806542
1473;147.29570371;0.00000000;2.65829038;36.22385450;2.52372103;0.67616054;0.34554122;-0.02906533;11.20161137;-8.64784376
1474;147.39570079;0.00000000;2.75242897;36.25758507;2.51689825;0.64992799;0.34254024;-0.03095471;11.12414397;-8.46138879
1475;147.49569788;0.00000000;2.84666779;36.29102273;2.49182150;0.63876024;0.33934982;-0.03285793;11.04782108;-8.28011183
1476;147.59569496;0.00000000;2.94101952;36.32415183;2.47021745;0.64346024;0.33596884;-0.03476233;10.97261940;-8.10468309
1477;147.69569204;0.00000000;3.03548246;36.35695158;2.45216095;0.65282077;0.33239782;-0.03666091;10.89850849;-7.93420275
1478;147.79568913;0.00000000;3.13006822;36.38940590;2.43771094;0.65773776;0.32863684;-0.03855969;10.82546502;-7.76886222
1479;147.89568621;0.00000000;3.22477533;36.42149424;2.42691410;0.66691501;0.32468624;-0.04045567;10.75346297;-7.60818635
1480;147.99568329;0.00000000;3.31961438;36.45320016;2.41979985;0.69098748;0.32054593;-0.04235156;10.68247972;-7.45126972
1481;148.09568038;0.00000000;3.41458421;36.48450327;2.41638229;0.72849550;0.31621587;-0.04425406;10.61250029;-7.29846701
1482;148.19567746;0.00000000;3.50969405;36.51538658;2.41665798;0.76235016;0.31169531;-0.04615892;10.54350566;-7.15048043
1483;148.29567454;0.00000000;3.60494348;36.54582995;2.42060665;0.75435754;0.30698459;-0.04805866;10.47546931;-7.00647800
1484;148.39567163;0.00000000;3.70033958;36.57581568;2.42819150;0.73282201;0.30208380;-0.04995951;10.40837175;-6.87095930
1485;148.49566871;0.00000000;3.79588283;36.60532407;2.42809706;0.72506835;0.29699489;-0.05181870;10.34214923;-6.73959193
1486;148.59566579;0.00000000;3.89157901;36.63433739;2.39358947;0.73155334;0.29172035;-0.05367456;10.27677827;-6.61378060
1487;148.69566288;0.00000000;3.98742844;36.66283636;2.36229981;0.75192622;0.28626111;-0.05551266;10.21222082;-6.49138518
1488;148.79565996;0.00000000;4.08343550;36.69080309;2.33433995;0.78333540;0.28061803;-0.05735209;10.14845875;-6.37167237
1489;148.89565704;0.00000000;4.17960101;36.71821864;2.30981417;0.79440221;0.27479069;-0.05919908;10.08548054;-6.25493514
1490;148.99565413;0.00000000;4.27592695;36.74506438;2.28881547;0.81820535;0.26877844;-0.06105002;10.02327128;-6.14143647
1491;149.09565121;0.00000000;4.37241541;36.77132170;2.27142401;0.85369643;0.26258103;-0.06290149;9.96181287;-6.03086247
1492;149.19564829;0.00000000;4.46906635;36.79697138;2.25770562;0.89946714;0.25619840;-0.06475578;9.90108976;-5.92326687
1493;149.29564538;0.00000000;4.56588240;36.82199495;2.24770937;0.88964775;0.24963021;-0.06661156;9.84108528;-5.81828865
1494;149.39564246;0.00000000;4.66286165;36.84637273;2.24146715;0.88182390;0.24287632;-0.06847177;9.78178592;-5.71598006
1495;149.49563954;0.00000000;4.76000728;36.87008636;2.23899189;0.88030538;0.23593613;-0.07033514;9.72317711;-5.61609899
1496;149.59563663;0.00000000;4.85731512;36.89311563;2.24027761;0.89078466;0.22880952;-0.07220352;9.66524630;-5.51880959
1497;149.69563371;0.00000000;4.95478920;36.91544231;2.23111308;0.91286667;0.22149576;-0.07407450;9.60797878;-5.42377730
1498;149.79563079;0.00000000;5.05242309;36.93704572;2.21082189;0.93949519;0.21399486;-0.07595099;9.55136286;-5.33113498
1499;149.89562788;0.00000000;5.15022149;36.95790769;2.18600702;0.96399973;0.20630589;-0.07783092;9.49538501;-5.24054629
1500;149.99562496;0.00000000;5.24817566;36.97800712;2.16476592;0.99868359;0.19842890;-0.07971737;9.44003485;-5.15219441
1501;150.09562204;0.00000000;5.34629093;36.99732587;2.14718565;1.02034011;0.19036274;-0.08160773;9.38529963;-5.06572594
1502;150.19561913;0.00000000;5.44455618;37.01584248;2.13334057;1.04335048;0.18210757;-0.08350538;9.33116999;-4.98133211
1503;150.29561621;0.00000000;5.54297739;37.03353876;2.11969376;1.06392670;0.17366200;-0.08540762;9.27763418;-4.89864414
1504;150.39561329;0.00000000;5.64154096;37.05039294;2.08772294;1.06576138;0.16502625;-0.08731813;9.22468405;-4.81786753
1505;150.49561038;0.00000000;5.74025348;37.06638677;2.05926908;1.07180568;0.15619870;-0.08923402;9.17230889;-4.73862530
1506;150.59560746;0.00000000;5.83909883;37.08149823;2.03446666;1.08792722;0.14717964;-0.09115923;9.12050180;-4.66112979
1507;150.69560454;0.00000000;5.93808413;37.09570894;2.01039493;1.11370756;0.13796717;-0.09309075;9.06925323;-4.58500013
1508;150.79560163;0.00000000;6.03719071;37.10899669;1.98157272;1.14466329;0.12856167;-0.09503269;9.01855759;-4.51045100
1509;150.89559871;0.00000000;6.13642615;37.12134293;1.95468029;1.18044732;0.11896094;-0.09698200;8.96840661;-4.43709658
1510;150.99559579;0.00000000;6.23576918;37.13272536;1.93164563;1.22423383;0.10916544;-0.09894297;8.91879609;-4.36513601
1511;151.09559288;0.00000000;6.33522779;37.14312515;1.90534174;1.27521777;0.09917262;-0.10091271;8.86971938;-4.29420321
1512;151.19558996;0.00000000;6.43477803;37.15252001;1.87614168;1.32422393;0.08898304;-0.10289538;8.82117375;-4.22450754
1513;151.29558704;0.00000000;6.53442826;37.16089081;1.84193933;1.33981574;0.07859381;-0.10488794;8.77315390;-4.15566330
1514;151.39558413;0.00000000;6.63415179;37.16821531;1.81106723;1.33946269;0.06800557;-0.10689490;8.72565877;-4.08779569
1515;151.49558121;0.00000000;6.73395728;37.17447402;1.78422838;1.34761842;0.05721502;-0.10891426;8.67868571;-4.02059683
1516;151.59557829;0.00000000;6.83381523;37.17964487;1.76106088;1.36414758;0.04622281;-0.11094965;8.63223550;-3.95427410
1517;151.69557538;0.00000000;6.93373448;37.18370794;1.72322095;1.38877210;0.03502531;-0.11299792;8.58630643;-3.88846684
1518;151.79557246;0.00000000;7.03368280;37.18664142;1.67866365;1.42108247;0.02362330;-0.11506348;8.54090085;-3.82317552
1519;151.89556954;0.00000000;7.13366907;37.18842490;1.63793253;1.46059011;0.01201268;-0.11714590;8.49602110;-3.75813291
1520;151.99556663;0.00000000;7.23365812;37.18903693;1.60131485;1.50673375;0.00019413;-0.11924842;8.45167261;-3.69318949
1521;152.09556371;0.00000000;7.33365894;37.18845654;1.56907511;1.55894591;-0.01183710;-0.12137266;8.40786260;-3.62833257
1522;152.19556079;0.00000000;7.43363335;37.18666272;1.54147994;1.60803781;-0.02408039;-0.12351833;8.36459851;-3.56444176
1523;152.29555788;0.00000000;7.53359019;37.18363387;1.51017748;1.63826252;-0.03654022;-0.12567254;8.32187723;-3.50053738
1524;152.39555496;0.00000000;7.63348853;37.17934966;1.46897018;1.66165202;-0.04921493;-0.12784865;8.27970734;-3.43868009
1525;152.49555204;0.00000000;7.73333684;37.17378798;1.43235324;1.69185501;-0.06210859;-0.13001649;8.23807245;-3.37662376
1526;152.59554913;0.00000000;7.83309106;37.16692956;1.40068203;1.72852181;-0.07521834;-0.13220797;8.19698314;-3.31562479
1527;152.69554621;0.00000000;7.93275955;37.15875187;1.37427393;1.77127421;-0.08854935;-0.13440410;8.15643470;-3.25423532
1528;152.79554329;0.00000000;8.03229504;37.14923673;1.35342762;1.81968363;-0.10209927;-0.13662564;8.11644004;-3.19214144
1529;152.89554038;0.00000000;8.13170549;37.13836107;1.32507779;1.86750907;-0.11587471;-0.13887661;8.07701611;-3.12923510
1530;152.99553746;0.00000000;8.23094080;37.12610773;1.28174705;1.89012517;-0.12987477;-0.14115791;8.03818141;-3.06573051
1531;153.09553454;0.00000000;8.33000791;37.11245288;1.24362358;1.91904252;-0.14410632;-0.14346547;7.99995201;-3.00119465
1532;153.19553163;0.00000000;8.42885403;37.09738050;1.21119686;1.95398873;-0.15856807;-0.14580504;7.96234958;-2.93547396
1533;153.29552871;0.00000000;8.52748500;37.08086603;1.18490858;1.99467146;-0.17326762;-0.14817800;7.92539798;-2.86827089
1534;153.39552579;0.00000000;8.62584503;37.06289476;1.14655609;2.03717256;-0.18820401;-0.15058786;7.88912515;-2.79997951
1535;153.49552288;0.00000000;8.72393866;37.04344138;1.09493809;2.05664142;-0.20338521;-0.15302718;7.85355436;-2.73014843
1536;153.59551996;0.00000000;8.82170765;37.02249257;1.04894283;2.07761027;-0.21880970;-0.15550173;7.81871488;-2.65732314
1537;153.69551704;0.00000000;8.91915418;37.00002253;1.00931222;2.10010575;-0.23448677;-0.15803325;7.78465498;-2.58240778
1538;153.79551413;0.00000000;9.01621856;36.97601908;0.97681992;2.12414171;-0.25041670;-0.16060526;7.75141192;-2.50547787
1539;153.89551121;0.00000000;9.11290019;36.95045588;0.95142158;2.14974575;-0.26660807;-0.16321453;7.71902233;-2.42545974
1540;153.99550829;0.00000000;9.20913609;36.92332258;0.92449836;2.17693054;-0.28306038;-0.16587645;7.68753719;-2.34156887
1541;154.09550538;0.00000000;9.30492382;36.89459220;0.89594122;2.20572486;-0.29978470;-0.16860134;7.65701821;-2.25518643
1542;154.19550246;0.00000000;9.40019868;36.86425576;0.86539713;2.23614085;-0.31678082;-0.17136321;7.62750967;-2.15415128
1543;154.29549954;0.00000000;9.49495340;36.83228628;0.83320870;2.26820801;-0.33406700;-0.17436237;7.59921615;-2.04872196
1544;154.39549663;0.00000000;9.58912355;36.79867414;0.79937114;2.30180367;-0.35165397;-0.17741944;7.57220929;-1.93381079
1545;154.49549371;0.00000000;9.68269509;36.76339176;0.76386742;2.33695887;-0.36955577;-0.18061572;7.54662857;-1.81351099
1546;154.59549079;0.00000000;9.77560166;36.72643016;0.72670168;2.37380487;-0.38777804;-0.18387440;7.52256014;-1.69027336
1547;154.69548788;0.00000000;9.86782544;36.68776142;0.69683894;2.39731191;-0.40632925;-0.18714704;7.50005775;-1.56057562
1548;154.79548496;0.00000000;9.95929688;36.64737916;0.67863559;2.41413573;-0.42520862;-0.19048821;7.47922190;-1.41886911
1549;154.89548204;0.00000000;10.04999362;36.60525661;0.67300614;2.43680605;-0.44443234;-0.19398589;7.46022753;-1.27066753
1550;154.99547913;0.00000000;10.13984645;36.56138749;0.67171707;2.46518162;-0.46400638;-0.19753306;7.44317598;-1.12023863
1551;155.09547621;0.00000000;10.22882469;36.51574751;0.63698761;2.49909655;-0.48393486;-0.20104573;7.42811062;-0.95808352
1552;155.19547329;0.00000000;10.31685842;36.46833282;0.61425824;2.53747619;-0.50421790;-0.20468193;7.41520171;-0.74581009
1553;155.29547038;0.00000000;10.40391346;36.41911927;0.60529835;2.55029246;-0.52490690;-0.20909922;7.40513732;-0.52227336
1554;155.39546746;0.00000000;10.48990761;36.36810390;0.60817332;2.56899107;-0.54604012;-0.21357513;7.39808131;-0.35840340
1555;155.49546454;0.00000000;10.57480220;36.31526010;0.59723914;2.57206859;-0.56756113;-0.21684812;7.39323532;-0.21114290
1556;155.59546163;0.00000000;10.65852590;36.26059138;0.59706820;2.56292911;-0.58940723;-0.21970899;7.39037895;-0.21114290
1557;155.69545871;0.00000000;10.74103324;36.20410646;0.59942376;2.55985445;-0.61115722;-0.21533524;7.38752149;0.03699751
1558;155.79545579;0.00000000;10.82231328;36.14585235;0.61575920;2.56283547;-0.63247512;-0.21100605;7.38802227;0.27167509
1559;155.89545288;0.00000000;10.90233788;36.08590303;0.62999036;2.55402418;-0.65334464;-0.20643748;7.39169848;0.50961443
1560;155.99544996;0.00000000;10.98111745;36.02430713;0.64216098;2.54186691;-0.67376490;-0.20198508;7.39858949;0.73190082
1561;156.09544704;0.00000000;11.05862816;35.96113949;0.65227132;2.53463769;-0.69375035;-0.19776901;7.40847503;0.93317018
1562;156.19544413;0.00000000;11.13488232;35.89644477;0.66039729;2.53331813;-0.71332033;-0.19364153;7.42105996;1.12284872
1563;156.29544121;0.00000000;11.20986178;35.83029239;0.66660729;2.52915659;-0.73248193;-0.18963175;7.43617469;1.30022315
1564;156.39543829;0.00000000;11.28358105;35.76272313;0.67093810;2.49279321;-0.75124769;-0.18568957;7.45363878;1.46892122
1565;156.49543538;0.00000000;11.35602533;35.69380395;0.68797723;2.46173373;-0.76962181;-0.18183358;7.47331966;1.62859375
1566;156.59543246;0.00000000;11.42721234;35.62357124;0.71696284;2.43614764;-0.78761541;-0.17804406;7.49507945;1.78099083
1567;156.69542954;0.00000000;11.49712996;35.55209015;0.75654197;2.41186197;-0.80523264;-0.17433909;7.51880335;1.92564708
1568;156.79542663;0.00000000;11.56579860;35.47939283;0.77855694;2.38624783;-0.82248395;-0.17068967;7.54437022;2.06473342
1569;156.89542371;0.00000000;11.63320901;35.40554215;0.80393130;2.36626718;-0.83937211;-0.16711042;7.57168783;2.19785328
1570;156.99542079;0.00000000;11.69938318;35.33056715;0.83899003;2.34474891;-0.85590684;-0.16358344;7.60065882;2.32645308
1571;157.09541788;0.00000000;11.76431508;35.25452797;0.88259455;2.30931949;-0.87208867;-0.16008644;7.63120511;2.45219132
1572;157.19541496;0.00000000;11.82802829;35.17745083;0.91619274;2.27926137;-0.88792450;-0.15663155;7.66327055;2.57467650
1573;157.29541204;0.00000000;11.89051980;35.09939356;0.94731523;2.23746557;-0.90341582;-0.15322724;7.69679386;2.69370673
1574;157.39540912;0.00000000;11.95181467;35.02037934;0.96886705;2.19115054;-0.91857037;-0.14986132;7.73171141;2.81028872
1575;157.49540621;0.00000000;12.01191223;34.94046395;0.98858507;2.14987210;-0.93338791;-0.14651926;7.76797288;2.92555268
1576;157.59540329;0.00000000;12.07083864;34.85966817;1.01640930;2.11389444;-0.94787455;-0.14321492;7.80554266;3.03888529
1577;157.69540037;0.00000000;12.12859603;34.77804515;1.05171576;2.08347606;-0.96203155;-0.13995248;7.84437732;3.15024733
1578;157.79539746;0.00000000;12.18521123;34.69561345;1.09380909;2.05883158;-0.97586524;-0.13672092;7.88443318;3.26052508
1579;157.89539454;0.00000000;12.24068867;34.61242369;1.11950879;2.03767076;-0.98937586;-0.13351695;7.92567805;3.37011168
1580;157.99539162;0.00000000;12.29505584;34.52849240;1.14335773;2.01555617;-1.00256877;-0.13034120;7.96808479;3.47914514
1581;158.09538871;0.00000000;12.34831937;34.44386773;1.17403566;1.97328229;-1.01544423;-0.12719138;8.01162805;3.58793764
1582;158.19538579;0.00000000;12.40050722;34.35856441;1.20869443;1.93644309;-1.02800711;-0.12406595;8.05628640;3.69674774
1583;158.29538287;0.00000000;12.45162808;34.27262808;1.22962548;1.90533709;-1.04025741;-0.12096147;8.10204163;3.80595179
1584;158.39537996;0.00000000;12.50171027;34.18607188;1.25009014;1.88021769;-1.05219941;-0.11787829;8.14888009;3.91567322
1585;158.49537704;0.00000000;12.55076442;34.09893897;1.27695047;1.86130519;-1.06383296;-0.11481228;8.19678953;4.02633129
1586;158.59537412;0.00000000;12.59881911;34.01124109;1.30984250;1.83784030;-1.07516183;-0.11176470;8.24576263;4.13797942
1587;158.69537121;0.00000000;12.64588678;33.92301894;1.34834314;1.80703434;-1.08618571;-0.10873093;8.29579249;4.25107126
1588;158.79536829;0.00000000;12.69199621;33.83428304;1.36849840;1.78214222;-1.09690794;-0.10571363;8.34687741;4.36555915
1589;158.89536537;0.00000000;12.73716150;33.74507166;1.38527906;1.76362439;-1.10732829;-0.10270953;8.39901476;4.48180606
1590;158.99536246;0.00000000;12.78141153;33.65539425;1.40798505;1.72625809;-1.11744973;-0.09971909;8.45220586;4.45837019
1591;159.09535954;0.00000000;12.82476197;33.56528667;1.43635817;1.69418256;-1.12727182;-0.09673745;8.50478877;4.42770663
1592;159.19535662;0.00000000;12.86724176;33.47475749;1.47009928;1.66843366;-1.13679708;-0.09376859;8.55669022;4.39741949
1593;159.29535371;0.00000000;12.90886799;33.38384019;1.50886774;1.64928461;-1.14602539;-0.09081070;8.60792691;4.36749985
1594;159.39535079;0.00000000;12.94966961;33.29254259;1.54969768;1.63693665;-1.15495909;-0.08786605;8.65851490;4.33793910
1595;159.49534787;0.00000000;12.98966494;33.20089580;1.58273243;1.61087039;-1.16359877;-0.08493919;8.70846960;4.30872900
1596;159.59534496;0.00000000;13.02888282;33.10890699;1.59508663;1.57189770;-1.17194675;-0.08202145;8.75780586;4.27986157
1597;159.69534204;0.00000000;13.06734267;33.01660496;1.61275232;1.53325493;-1.18000283;-0.07911060;8.80653796;4.25132918
1598;159.79533912;0.00000000;13.10507323;32.92399641;1.63275015;1.50104613;-1.18776868;-0.07620739;8.85467966;4.22312444
1599;159.89533621;0.00000000;13.14209503;32.83110790;1.65502379;1.47567002;-1.19524406;-0.07330930;8.90224421;4.19524022
1600;159.99533329;0.00000000;13.17843671;32.73794582;1.68225641;1.45745371;-1.20243035;-0.07041787;8.94924442;4.16766967
1601;160.09533037;0.00000000;13.21411982;32.64453452;1.71423485;1.44664166;-1.20932742;-0.06753151;8.99569259;4.14040616
1602;160.19532746;0.00000000;13.24917286;32.55088024;1.74936910;1.44217591;-1.21593644;-0.06465005;9.04160065;4.11344330
1603;160.29532454;0.00000000;13.28361830;32.45700515;1.78391113;1.41706036;-1.22225713;-0.06177038;9.08698008;4.08677489
1604;160.39532162;0.00000000;13.31748453;32.36291547;1.81788644;1.38303617;-1.22829032;-0.05889484;9.13184199;4.06039497
1605;160.49531871;0.00000000;13.35079488;32.26863130;1.85131621;1.34959023;-1.23403583;-0.05602104;9.17619711;4.03429775
1606;160.59531579;0.00000000;13.38357760;32.17415892;1.85450923;1.31669353;-1.23949433;-0.05315029;9.22005583;4.00847765
1607;160.69531287;0.00000000;13.41585681;32.07951642;1.86230853;1.28432102;-1.24466560;-0.05027984;9.26342818;3.98292925
1608;160.79530996;0.00000000;13.44766060;31.98471030;1.87491831;1.25244405;-1.24955010;-0.04741168;9.30632388;3.95764731
1609;160.89530704;0.00000000;13.47901382;31.88975668;1.89226959;1.22603156;-1.25414765;-0.04454323;9.34875235;3.93262675
1610;160.99530412;0.00000000;13.50994443;31.79466238;1.91426160;1.20778837;-1.25845857;-0.04167636;9.39072271;3.90786266
1611;161.09530121;0.00000000;13.54047793;31.69944169;1.94076280;1.19806024;-1.26248266;-0.03880853;9.43224378;3.88335026
1612;161.19529829;0.00000000;13.57064213;31.60410179;1.97100661;1.19702593;-1.26622011;-0.03594169;9.47332413;3.85908493
1613;161.29529537;0.00000000;13.60046311;31.50865524;2.00091343;1.20000936;-1.26967074;-0.03307342;9.51397207;3.83506217
1614;161.39529246;0.00000000;13.62996854;31.41310971;2.03051012;1.17039634;-1.27283464;-0.03020564;9.55419566;3.81127763
1615;161.49528954;0.00000000;13.65918506;31.31747609;2.05774958;1.14108586;-1.27571163;-0.02733606;9.59400271;3.78772707
1616;161.59528662;0.00000000;13.68814015;31.22176262;2.05935528;1.11205040;-1.27830171;-0.02446654;9.63340082;3.76440638
1617;161.69528371;0.00000000;13.71686097;31.12597868;2.06556216;1.08326288;-1.28060472;-0.02159500;9.67239736;3.74131158
1618;161.79528079;0.00000000;13.74537483;31.03013310;2.07635735;1.05469619;-1.28262060;-0.01872311;9.71099949;3.71843877
1619;161.89527787;0.00000000;13.77370932;30.93423390;2.09169813;1.03196843;-1.28434915;-0.01584878;9.74921418;3.69578419
1620;161.99527496;0.00000000;13.80189159;30.83829056;2.11151320;1.01875142;-1.28579026;-0.01297401;9.78704820;3.67334415
1621;162.09527204;0.00000000;13.82994963;30.74230985;2.13419840;1.01538773;-1.28694380;-0.01009733;9.82450812;3.65111510
1622;162.19526912;0.00000000;13.85791042;30.64630199;2.15825519;1.02194611;-1.28780965;-0.00721935;9.86160035;3.62909354
1623;162.29526621;0.00000000;13.88580228;30.55027262;2.18621616;1.01475146;-1.28838747;-0.00433722;9.89833113;3.60727610
1624;162.39526329;0.00000000;13.91365204;30.45423273;2.19854013;0.98679095;-1.28867707;-0.00145508;9.93470650;3.58565948
1625;162.49526037;0.00000000;13.94148833;30.35818703;2.20114303;0.95885392;-1.28867851;0.00142630;9.97073238;3.56424047
1626;162.59525746;0.00000000;13.96933775;30.26214726;2.20828977;0.93857827;-1.28839177;0.00431085;10.00641452;3.54301593
1627;162.69525454;0.00000000;13.99722920;30.16611738;2.21996536;0.92239325;-1.28781601;0.00720473;10.04175851;3.52198283
1628;162.79525162;0.00000000;14.02518915;30.07010993;2.23612674;0.91279318;-1.28695086;0.01009771;10.07676982;3.50113819
1629;162.89524871;0.00000000;14.05324675;29.97412829;2.25670650;0.91399563;-1.28579670;0.01298604;10.11145377;3.48047910
1630;162.99524579;0.00000000;14.08142819;29.87818583;2.25915393;0.91977622;-1.28435359;0.01588510;10.14581553;3.46000274
1631;163.09524287;0.00000000;14.10976283;29.78228550;2.26378321;0.89127311;-1.28261849;0.01881742;10.17986018;3.43970636
1632;163.19523996;0.00000000;14.13827702;29.68644156;2.27299365;0.86259645;-1.28059003;0.02176343;10.21359263;3.41958726
1633;163.29523704;0.00000000;14.16700067;29.59065692;2.28675955;0.84380173;-1.27826430;0.02475195;10.24701771;3.39964280
1634;163.39523412;0.00000000;14.19596036;29.49494676;2.30502759;0.83637050;-1.27563977;0.02773991;10.28014011;-6.99929880
1635;163.49523121;0.00000000;14.22518641;29.39931412;2.32069411;0.84057404;-1.27271665;0.03072349;10.21182950;-8.94145007
1636;163.59522829;0.00000000;14.25470511;29.30377501;2.32603071;0.84610869;-1.26949522;0.03370732;10.12389371;-8.69292177
1637;163.69522537;0.00000000;14.28454672;29.20833258;2.33364030;0.81753888;-1.26597546;0.03668890;10.03766358;-8.45281019
1638;163.79522246;0.00000000;14.31473718;29.11300375;2.33489166;0.80016019;-1.26215759;0.03967282;9.95309889;-8.22059428
1639;163.89521954;0.00000000;14.34530673;29.01779191;2.33587956;0.79425531;-1.25804097;0.04266076;9.87016244;-7.99615339
1640;163.99521662;0.00000000;14.37628100;28.92271495;2.34156734;0.78917547;-1.25362562;0.04565051;9.78881620;-7.77916815
1641;164.09521371;0.00000000;14.40769017;28.82777672;2.35195089;0.79255386;-1.24891106;0.04864200;9.70902334;-7.56927055
1642;164.19521079;0.00000000;14.43955949;28.73299615;2.36332623;0.76414364;-1.24389742;0.05163582;9.63074890;-7.36615574
1643;164.29520787;0.00000000;14.47191908;28.63837760;2.36733078;0.74760833;-1.23858410;0.05463203;9.55395919;-7.16951793
1644;164.39520496;0.00000000;14.50479374;28.54394114;2.37608458;0.74371224;-1.23297124;0.05763088;9.47862197;-6.97909223
1645;164.49520204;0.00000000;14.53821346;28.44969181;2.38956553;0.75262184;-1.22705816;0.06063229;9.40470609;-6.79458139
1646;164.59519912;0.00000000;14.57220259;28.35565075;2.40772205;0.75318817;-1.22084503;0.06363666;9.33218195;-6.61570265
1647;164.69519621;0.00000000;14.60679092;28.26182390;2.43047935;0.75055600;-1.21433107;0.06664438;9.26102144;-6.44218370
1648;164.79519329;0.00000000;14.64200225;28.16823370;2.44773658;0.75421566;-1.20751639;0.06965584;9.19119790;-6.27391700
1649;164.89519037;0.00000000;14.67786618;28.07488692;2.45693733;0.73811089;-1.20040021;0.07266962;9.12268448;-6.11047335
1650;164.99518746;0.00000000;14.71440584;27.98180745;2.47087244;0.72365430;-1.19298271;0.07568818;9.05545764;-5.95163414
1651;165.09518454;0.00000000;14.75165064;27.88900294;2.46759059;0.72211484;-1.18526282;0.07871164;8.98949503;-5.79715368
1652;165.19518162;0.00000000;14.78962296;27.79649879;2.45741892;0.72326775;-1.17724063;0.08174053;8.92477585;-5.64691342
1653;165.29517871;0.00000000;14.82835196;27.70430375;2.45210404;0.70933624;-1.16891501;0.08477391;8.86127950;-5.50055912
1654;165.39517579;0.00000000;14.86785920;27.61244476;2.45170874;0.70851928;-1.16028608;0.08781387;8.79898827;-5.35795938
1655;165.49517287;0.00000000;14.90817352;27.52093174;2.45626570;0.69385017;-1.15135252;0.09085975;8.73788498;-5.21861694
1656;165.59516996;0.00000000;14.94931556;27.42979338;2.46577693;0.66644716;-1.14211431;0.09391574;8.67795719;-5.08221783
1657;165.69516704;0.00000000;14.99131383;27.33904079;2.48021576;0.64313740;-1.13256946;0.09698379;8.61919527;-4.94792282
1658;165.79516412;0.00000000;15.03418800;27.24870451;2.49952402;0.62896087;-1.12271758;0.10007298;8.56159865;-4.81433141
1659;165.89516121;0.00000000;15.07796635;27.15879704;2.52362001;0.62952386;-1.11255405;0.10320028;8.50518273;-4.68251696
1660;165.99515829;0.00000000;15.12266779;27.06935096;2.55239299;0.64475721;-1.10207754;0.10634921;8.44995012;-4.55126124
1661;166.09515537;0.00000000;15.16832042;26.98038047;2.55866657;0.65583876;-1.09128350;0.10953454;8.39591754;-4.42210370
1662;166.19515246;0.00000000;15.21494222;26.89192027;2.56133976;0.64071753;-1.08017074;0.11273265;8.34308315;-4.29501846
1663;166.29514954;0.00000000;15.26256094;26.80398629;2.55742468;0.62697930;-1.06873719;0.11594146;8.29144486;-4.16932417
1664;166.39514662;0.00000000;15.31119318;26.71661526;2.54831806;0.62788183;-1.05698245;0.11916829;8.24100827;-4.04462007
1665;166.49514371;0.00000000;15.36086606;26.62982482;2.54430460;0.64333215;-1.04490338;0.12241650;8.19178350;-3.92207354
1666;166.59514079;0.00000000;15.41159458;26.54365415;2.54544188;0.62017815;-1.03249930;0.12566640;8.14376602;-3.80311698
1667;166.69513787;0.00000000;15.46340517;26.45812232;2.55175537;0.60594628;-1.01977145;0.12889394;8.09693299;-3.69612032
1668;166.79513496;0.00000000;15.51631026;26.37327113;2.56323695;0.59812913;-1.00672310;0.13197037;8.05115652;-3.61393147
1669;166.89513204;0.00000000;15.57033394;26.28911958;2.57643216;0.59890485;-0.99338987;0.13469709;8.00614490;-3.53424411
1670;166.99512912;0.00000000;15.62548220;26.20570930;2.58342913;0.61405036;-0.97978408;0.13741295;7.96187967;-3.45942183
1671;167.09512621;0.00000000;15.68177534;26.12305876;2.59254562;0.59850338;-0.96590960;0.14007993;7.91831193;-3.38312879
1672;167.19512329;0.00000000;15.73921646;26.04121086;2.60685374;0.59806595;-0.95176750;0.14279596;7.87547190;-3.30423073
1673;167.29512037;0.00000000;15.79782458;25.96018581;2.60596062;0.59754984;-0.93734899;0.14557791;7.83340481;-3.22638409
1674;167.39511746;0.00000000;15.85760177;25.88002815;2.60561296;0.61167798;-0.92265214;0.14836605;7.79210965;-3.15044790
1675;167.49511454;0.00000000;15.91856569;25.80076080;2.60886790;0.62451749;-0.90767684;0.15114505;7.75157414;-3.07343610
1676;167.59511162;0.00000000;15.98071663;25.72242900;2.61553407;0.63587837;-0.89242271;0.15396216;7.71182419;-2.99495832
1677;167.69510871;0.00000000;16.04407006;25.64505858;2.60896737;0.64572867;-0.87688382;0.15682223;7.67289112;-2.91505176
1678;167.79510579;0.00000000;16.10862505;25.56869578;2.60061341;0.65403240;-0.86105783;0.15972287;7.63480614;-2.83330799
1679;167.89510287;0.00000000;16.17439513;25.49336955;2.59742768;0.66075773;-0.84493864;0.16266897;7.59760619;-2.74969580
1680;167.99509996;0.00000000;16.24137814;25.41912712;2.59598518;0.66586971;-0.82852356;0.16565884;7.56132903;-2.66366526
1681;168.09509704;0.00000000;16.30958513;25.34600087;2.58677610;0.66933621;-0.81180616;0.16869940;7.52602014;-2.57497210
1682;168.19509412;0.00000000;16.37901268;25.27403904;2.58309718;0.67112291;-0.79478305;0.17179207;7.49172875;-2.48302834
1683;168.29509121;0.00000000;16.44966907;25.20327756;2.58302288;0.67119719;-0.77744688;0.17494390;7.45851249;-2.38793354
1684;168.39508829;0.00000000;16.52154967;25.13376568;2.57767719;0.66952502;-0.75979370;0.17814954;7.42642820;-2.28891729
1685;168.49508537;0.00000000;16.59465957;25.06554304;2.56085404;0.66607320;-0.74181605;0.18141860;7.39554363;-2.18583128
1686;168.59508246;0.00000000;16.66899275;24.99865995;2.54965228;0.66080784;-0.72350926;0.18474912;7.36592914;-2.07780887
1687;168.69507954;0.00000000;16.74455069;24.93315988;2.54418248;0.65369525;-0.70486513;0.18815149;7.33766737;-1.96490097
1688;168.79507662;0.00000000;16.82132562;24.86909456;2.54451775;0.64470152;-0.68587826;0.19161888;7.31084084;-1.84642337
1689;168.89507371;0.00000000;16.89931543;24.80651089;2.53746603;0.63379264;-0.66654046;0.19515719;7.28554184;-1.72181689
1690;168.99507079;0.00000000;16.97851015;24.74546222;2.53079674;0.62093488;-0.64684610;0.19876919;7.26187073;-1.58987043
1691;169.09506787;0.00000000;17.05890381;24.68599876;2.53005555;0.60609427;-0.62678534;0.20246875;7.23994487;-1.45032003
1692;169.19506496;0.00000000;17.14048346;24.62817604;2.53528486;0.60439214;-0.60635144;0.20625099;7.21988547;-1.30220793
1693;169.29506204;0.00000000;17.22323937;24.57204734;2.54536171;0.61515479;-0.58553395;0.21012287;7.20182700;-1.14512515
1694;169.39505912;0.00000000;17.30715447;24.51767094;2.53660248;0.62232505;-0.56432616;0.21407969;7.18590939;-0.97813550
1695;169.49505621;0.00000000;17.39221608;24.46510221;2.52620900;0.61777561;-0.54271710;0.21812528;7.17228502;-0.79495487
1696;169.59505329;0.00000000;17.47840199;24.41440245;2.51866488;0.62714293;-0.52069771;0.22236151;7.16119306;-0.59391245
1697;169.69505037;0.00000000;17.56569642;24.36563012;2.51730007;0.62015020;-0.49824099;0.22679813;7.15289501;-0.39475173
1698;169.79504746;0.00000000;17.65406832;24.31885298;2.52216911;0.60127916;-0.47534574;0.23104128;7.14737428;-0.19733335
1699;169.89504454;0.00000000;17.74350318;24.27412672;2.53327630;0.59167118;-0.45203995;0.23508442;7.14461290;-0.19733335
1700;169.99504162;0.00000000;17.83395152;24.23151824;2.55056867;0.59651602;-0.42846653;0.23448634;7.14185046;-0.15739762
1701;170.09503870;0.00000000;17.92538836;24.19103447;2.55576094;0.61547620;-0.40521962;0.23045101;7.13964631;0.05580457
1702;170.19503579;0.00000000;18.01772185;24.15267318;2.56320301;0.62449797;-0.38238266;0.22629829;7.14042786;0.26491880
1703;170.29503287;0.00000000;18.11091566;24.11640482;2.53734288;0.62608845;-0.35995932;0.22217399;7.14413691;0.46322326
1704;170.39502995;0.00000000;18.20488010;24.08222032;2.51737870;0.64030788;-0.33794054;0.21830150;7.15061775;0.64028804
1705;170.49502704;0.00000000;18.29958105;24.05009084;2.50341771;0.64246922;-0.31629406;0.21463077;7.15956619;0.79999781
1706;170.59502412;0.00000000;18.39493710;24.02000522;2.49553442;0.62649517;-0.29501242;0.21103395;7.17073099;0.94998586
1707;170.69502120;0.00000000;18.49091962;23.99193477;2.49375206;0.62417134;-0.27408473;0.20752148;7.18396649;1.09043276
1708;170.79501829;0.00000000;18.58745268;23.96586525;2.49805008;0.63568377;-0.25350223;0.20420223;7.19912875;1.21636209
1709;170.89501537;0.00000000;18.68450909;23.94176958;2.50836340;0.64386409;-0.23323945;0.20105972;7.21600444;1.32937903
1710;170.99501245;0.00000000;18.78201952;23.91963242;2.52458065;0.62400265;-0.21329532;0.19775643;7.23440309;1.44777863
1711;171.09500954;0.00000000;18.87995827;23.89942581;2.52973686;0.61785777;-0.19368897;0.19437496;7.25438732;1.56735307
1712;171.19500662;0.00000000;18.97826094;23.88112807;2.52831112;0.62587088;-0.17443964;0.19039950;7.27596020;1.71567173
1713;171.29500370;0.00000000;19.07690423;23.86470348;2.53273978;0.63543939;-0.15561442;0.18611043;7.29950143;1.87754760
1714;171.39500079;0.00000000;19.17582776;23.85011867;2.54294742;0.65004406;-0.13721953;0.18176862;7.32517711;2.03918566
1715;171.49499787;0.00000000;19.27500792;23.83733330;2.53737040;0.66284466;-0.11925970;0.17743730;7.35296165;2.19765679
1716;171.59499495;0.00000000;19.37439255;23.82631048;2.52634451;0.67387874;-0.10172939;0.17319509;7.38278833;2.34919466
1717;171.69499204;0.00000000;19.47395884;23.81701002;2.51704199;0.68318678;-0.08461906;0.16902096;7.41453901;2.49548143
1718;171.79498912;0.00000000;19.57366237;23.80939414;2.50942477;0.69080748;-0.06792430;0.16488915;7.44811859;2.63840680
1719;171.89498620;0.00000000;19.67348308;23.80342292;2.50345278;0.69678118;-0.05164043;0.16079760;7.48345752;2.77849570
1720;171.99498329;0.00000000;19.77338219;23.79905771;2.49908718;0.70114744;-0.03576390;0.15675006;7.52049329;2.91591514
1721;172.09498037;0.00000000;19.87334178;23.79625877;2.49628813;0.70394643;-0.02028966;0.15274445;7.55916566;3.05113420
1722;172.19497745;0.00000000;19.97332865;23.79498697;2.49501633;0.70521806;-0.00521443;0.14877289;7.59942067;3.18493150
1723;172.29497454;0.00000000;20.07332676;23.79520280;2.48086149;0.70500223;0.00946536;0.14483273;7.64121471;3.31776391
1724;172.39497162;0.00000000;20.17330825;23.79686683;2.45833517;0.70333902;0.02375396;0.14096797;7.68451011;3.44731823
1725;172.49496870;0.00000000;20.27325904;23.79994015;2.44109357;0.70495885;0.03765978;0.13715808;7.72923923;3.57507064
1726;172.59496579;0.00000000;20.37315587;23.80438394;2.42921569;0.71924900;0.05118687;0.13340637;7.77535417;3.70105364
1727;172.69496287;0.00000000;20.47298664;23.81016011;2.42274460;0.74551468;0.06434154;0.12969620;7.82280778;3.82649482
1728;172.79495995;0.00000000;20.57273224;23.81723037;2.41770281;0.78257925;0.07712632;0.12601022;7.87156898;3.95267220
1729;172.89495704;0.00000000;20.67238251;23.82555707;2.38748763;0.78423261;0.08954365;0.12234533;7.92162291;4.07998300
1730;172.99495412;0.00000000;20.77192230;23.83510216;2.36231253;0.79676018;0.10159527;0.11869274;7.97295945;4.20918638
1731;173.09495120;0.00000000;20.87134277;23.84582811;2.33992209;0.82022669;0.11328218;0.11505427;8.02557756;4.34036869
1732;173.19494829;0.00000000;20.97063261;23.85769727;2.31354970;0.84643239;0.12461386;0.11168402;8.07947669;4.45714291
1733;173.29494537;0.00000000;21.06978404;23.87067464;2.29233644;0.85063660;0.13562203;0.10848781;8.13445426;4.56563304
1734;173.39494245;0.00000000;21.16878867;23.88472684;2.27639762;0.86180442;0.14631035;0.10527165;8.19038742;4.61073059
1735;173.49493954;0.00000000;21.26763993;23.89982046;2.26581437;0.88319873;0.15667581;0.10204567;8.24648806;4.57812848
1736;173.59493662;0.00000000;21.36633228;23.91592204;2.26063084;0.91412972;0.16671896;0.09881696;8.30181693;4.54595103
1737;173.69493370;0.00000000;21.46486032;23.93299797;2.26085246;0.95369565;0.17643885;0.09558852;8.35639444;4.51418737
1738;173.79493079;0.00000000;21.56322126;23.95101503;2.25913397;0.97729011;0.18583652;0.09236916;8.41024013;4.48282704
1739;173.89492787;0.00000000;21.66141083;23.96993969;2.23574904;0.97834769;0.19491249;0.08915737;8.46337275;4.45186004
1740;173.99492495;0.00000000;21.75942873;23.98973919;2.21084536;0.98868086;0.20366752;0.08594280;8.51581026;4.42127677
1741;174.09492204;0.00000000;21.85727179;24.01038011;2.19066266;1.00803457;0.21210067;0.08272698;8.56756990;4.39106801
1742;174.19491912;0.00000000;21.95494197;24.03182998;2.16300778;1.03593287;0.22021259;0.07951284;8.61866822;4.36122489
1743;174.29491620;0.00000000;22.05243721;24.05405546;2.12539992;1.07173561;0.22800293;0.07630020;8.66912115;4.33173890
1744;174.39491329;0.00000000;22.14976150;24.07702450;2.07921487;1.11470869;0.23547225;0.07308650;8.71894397;4.30260185
1745;174.49491037;0.00000000;22.24691379;24.10070384;2.03756608;1.12681970;0.24261989;0.06987202;8.76815142;4.27380584
1746;174.59490745;0.00000000;22.34389987;24.12506182;2.00070761;1.12872499;0.24944667;0.06666972;8.81675765;4.24534327
1747;174.69490454;0.00000000;22.44071971;24.15006540;1.96888104;1.13877740;0.25595369;0.06347569;8.86477633;4.21720683
1748;174.79490162;0.00000000;22.53738058;24.17568347;1.94230305;1.15679560;0.26214100;0.06026435;8.91222061;4.18938945
1749;174.89489870;0.00000000;22.63388360;24.20188310;1.92116197;1.18244484;0.26800595;0.05703926;8.95910317;4.16188431
1750;174.99489579;0.00000000;22.73023729;24.22863315;1.90560675;1.21527206;0.27354592;0.05372164;9.00543626;4.13468484
1751;175.09489287;0.00000000;22.82644422;24.25589993;1.88264589;1.25474183;0.27874844;0.05033260;9.05123169;4.10778470
1752;175.19488995;0.00000000;22.92251438;24.28365106;1.86390806;1.28304607;0.28361159;0.04692345;9.09650087;4.08117773
1753;175.29488704;0.00000000;23.01845160;24.31185216;1.84267576;1.30752950;0.28813251;0.04349807;9.14125482;4.05485801
1754;175.39488412;0.00000000;23.11426699;24.34047083;1.82542284;1.33864387;0.29231126;0.04008349;9.18550422;4.02881980
1755;175.49488120;0.00000000;23.20996516;24.36947278;1.81392695;1.37596897;0.29614914;0.03667663;9.22925935;4.00305755
1756;175.59487829;0.00000000;23.30555807;24.39882606;1.78190294;1.39845263;0.29964626;0.03326539;9.27253020;3.97756587
1757;175.69487537;0.00000000;23.40105105;24.42849660;1.75125005;1.40937165;0.30280192;0.02984980;9.31532642;3.95233957
1758;175.79487245;0.00000000;23.49645676;24.45845259;1.72614493;1.42693867;0.30561610;0.02643643;9.35765735;3.92737361
1759;175.89486954;0.00000000;23.59178122;24.48866014;1.69547133;1.45094432;0.30808905;0.02302406;9.39953206;3.90266308
1760;175.99486662;0.00000000;23.68703760;24.51908763;1.64956771;1.48110842;0.31022072;0.01961027;9.44095932;3.87820326
1761;176.09486370;0.00000000;23.78223241;24.54970129;1.60366041;1.51608871;0.31201092;0.01619465;9.48194763;3.85398955
1762;176.19486079;0.00000000;23.87737923;24.58046963;1.56250907;1.53409033;0.31345953;0.01277879;9.52250525;3.83001747
1763;176.29485787;0.00000000;23.97248492;24.61135896;1.52692899;1.55675577;0.31456656;0.00936212;9.56264019;3.80628271
1764;176.39485495;0.00000000;24.06756339;24.64233788;1.49728317;1.57520163;0.31533185;0.00594446;9.60236022;3.78278106
1765;176.49485204;0.00000000;24.16262167;24.67337274;1.47389741;1.59810456;0.31575536;0.00252541;9.64167288;3.75950843
1766;176.59484912;0.00000000;24.25767387;24.70443217;1.45703840;1.62272813;0.31583677;-0.00089828;9.68058550;3.73646084
1767;176.69484620;0.00000000;24.35272707;24.73548248;1.44690078;1.65305177;0.31557558;-0.00432624;9.71910521;3.71363445
1768;176.79484329;0.00000000;24.44779559;24.76649229;1.43201764;1.68880126;0.31497235;-0.00772477;9.75723892;3.69102550
1769;176.89484037;0.00000000;24.54288612;24.79742804;1.39698559;1.72966945;0.31403113;-0.01110079;9.79499336;3.66863033
1770;176.99483745;0.00000000;24.63801290;24.82825890;1.36827122;1.77533408;0.31275420;-0.01440659;9.83237507;3.64644540
1771;177.09483454;0.00000000;24.73318192;24.85895202;1.34624764;1.81270452;0.31115105;-0.01765811;9.86939042;3.62446725
1772;177.19483162;0.00000000;24.82840698;24.88947769;1.33121370;1.83619827;0.30922223;-0.02092476;9.90604561;3.60269251
1773;177.29482870;0.00000000;24.92369362;24.91980337;1.32121842;1.86496348;0.30696592;-0.02420373;9.94234666;3.58111790
1774;177.39482579;0.00000000;25.01905547;24.94989899;1.29899595;1.89879229;0.30438167;-0.02748032;9.97829944;3.55974023
1775;177.49482287;0.00000000;25.11449751;24.97973178;1.26340115;1.91024359;0.30147001;-0.03075599;10.01390968;3.53855639
1776;177.59481995;0.00000000;25.21003304;25.00927157;1.23459949;1.92599296;0.29823061;-0.03403262;10.04918294;3.51756335
1777;177.69481704;0.00000000;25.30566626;25.03848537;1.21304435;1.94593731;0.29466361;-0.03731083;10.08412465;3.49675815
1778;177.79481412;0.00000000;25.40141009;25.06734285;1.18138714;1.96299359;0.29076862;-0.04059003;10.11874009;3.47613790
1779;177.89481120;0.00000000;25.49726791;25.09581077;1.14417794;1.98533994;0.28654577;-0.04387109;10.15303444;3.45569980
1780;177.99480829;0.00000000;25.59325205;25.12385859;1.11429901;2.01283221;0.28199464;-0.04715211;10.18701272;3.43544109
1781;178.09480537;0.00000000;25.68936492;25.15145281;1.09232188;2.04529181;0.27711556;-0.05043434;10.22067984;-3.51164127
1782;178.19480245;0.00000000;25.78561816;25.17856265;1.05793340;2.07978190;0.27190799;-0.05371887;10.18626470;-6.55580275
1783;178.29479954;0.00000000;25.88201311;25.20515435;1.01834993;2.11740658;0.26637200;-0.05700646;10.12170274;-6.28985952
1784;178.39479662;0.00000000;25.97856061;25.23119680;0.98679405;2.15952424;0.26050700;-0.06029520;10.05937031;-6.02879993
1785;178.49479370;0.00000000;26.07526077;25.25665598;0.96402480;2.17847908;0.25431321;-0.06358667;9.99926029;-5.77243964
1786;178.59479079;0.00000000;26.17212339;25.28150044;0.95064053;2.20133885;0.24779004;-0.06687821;9.94136570;-5.52015314
1787;178.69478787;0.00000000;26.26914738;25.30569590;0.94700757;2.22909358;0.24093789;-0.07017159;9.88568428;-5.26795370
1788;178.79478495;0.00000000;26.36634120;25.32921053;0.95237402;2.25441941;0.23375500;-0.07350299;9.83225272;-5.01656743
1789;178.89478204;0.00000000;26.46370276;25.35200957;0.92477704;2.27380748;0.22623717;-0.07686091;9.78109960;-4.76525445
1790;178.99477912;0.00000000;26.56123906;25.37406015;0.89156482;2.29625057;0.21838238;-0.08024868;9.73226008;-4.51433658
1791;179.09477620;0.00000000;26.65894681;25.39532682;0.86786629;2.31752175;0.21018743;-0.08365840;9.68576509;-4.26608086
1792;179.19477329;0.00000000;26.75683131;25.41577585;0.85443981;2.34195672;0.20165145;-0.08706127;9.64162092;-4.01941298
1793;179.29477037;0.00000000;26.85488788;25.43537149;0.84399531;2.36026939;0.19277563;-0.09046357;9.59984348;-3.77259258
1794;179.39476745;0.00000000;26.95311969;25.45407969;0.79809534;2.37146028;0.18355891;-0.09387877;9.56046538;-3.52527892
1795;179.49476454;0.00000000;27.05152086;25.47186456;0.76172180;2.37853999;0.17400016;-0.09730528;9.52352157;-3.27694919
1796;179.59476162;0.00000000;27.15009220;25.48869144;0.73625615;2.38434965;0.16409813;-0.10074331;9.48905119;-3.02698473
1797;179.69475870;0.00000000;27.24882640;25.50452419;0.72282130;2.39532436;0.15385174;-0.10419393;9.45709856;-2.77445546
1798;179.79475579;0.00000000;27.34772124;25.51932754;0.72134843;2.41142668;0.14325950;-0.10766144;9.42771649;-2.51931413
1799;179.89475287;0.00000000;27.44676882;25.53306523;0.69463783;2.43258648;0.13231987;-0.11114012;9.40095687;-2.26015945
1800;179.99474995;0.00000000;27.54596353;25.54570138;0.68057859;2.45277802;0.12103162;-0.11463903;9.37688495;-1.99626476
1801;180.09474704;0.00000000;27.64529646;25.55719958;0.66873457;2.46915019;0.10939218;-0.11815932;9.35557214;-1.72658201
1802;180.19474412;0.00000000;27.74475836;25.56752331;0.66796170;2.49058490;0.09739967;-0.12170536;9.33709932;-1.45081369
1803;180.29474120;0.00000000;27.84433860;25.57663583;0.64241190;2.51698388;0.08505126;-0.12527258;9.32154866;-1.16844778
1804;180.39473829;0.00000000;27.94402468;25.58450019;0.61262213;2.51550348;0.07234539;-0.12885838;9.30900568;-0.87848576
1805;180.49473537;0.00000000;28.04380457;25.59107947;0.59697612;2.50892389;0.05927970;-0.13246517;9.29956422;-0.64201898
1806;180.59473245;0.00000000;28.14365927;25.59633689;0.59655498;2.50366627;0.04587703;-0.13539474;9.29265810;-0.42746288
1807;180.69472954;0.00000000;28.24358040;25.60024217;0.60045700;2.49976089;0.03220681;-0.13801217;9.28805709;-0.35135708
1808;180.79472662;0.00000000;28.34353848;25.60276932;0.60298241;2.49723369;0.01833339;-0.13900445;9.28427354;-0.33296860
1809;180.89472370;0.00000000;28.44353211;25.60390708;0.60411987;2.49609593;0.00441695;-0.13932243;9.28068658;-0.33296860
1810;180.99472079;0.00000000;28.54352267;25.60365247;0.60386538;2.49635053;-0.00949813;-0.13874807;9.27709823;-0.27400153
1811;181.09471787;0.00000000;28.64351065;25.60201047;0.60222393;2.49799252;-0.02332777;-0.13784436;9.27414432;-0.18845862
1812;181.19471495;0.00000000;28.74345734;25.59899123;0.61011981;2.50101169;-0.03704467;-0.13634205;9.27211207;-0.05396115
1813;181.29471204;0.00000000;28.84336237;25.59460926;0.62640176;2.49409079;-0.05059321;-0.13462971;9.27153010;0.09474686
1814;181.39470912;0.00000000;28.94319091;25.58888316;0.64814695;2.47530553;-0.06397288;-0.13299930;9.27255193;0.23230564
1815;181.49470620;0.00000000;29.04294251;25.58182933;0.68275818;2.45701181;-0.07719358;-0.13141604;9.27505682;0.36214943
1816;181.59470329;0.00000000;29.14258452;25.57346597;0.67583983;2.43380683;-0.09025592;-0.12984945;9.27896044;0.48723374
1817;181.69470037;0.00000000;29.24211769;25.56380873;0.68192348;2.41580192;-0.10316339;-0.12830034;9.28420975;0.60773164
1818;181.79469745;0.00000000;29.34151072;25.55287622;0.70110026;2.40310460;-0.11591560;-0.12676229;9.29075311;0.72442982
1819;181.89469454;0.00000000;29.44076531;25.54068371;0.73235657;2.38616338;-0.12851593;-0.12524543;9.29854694;0.83665571
1820;181.99469162;0.00000000;29.53985141;25.52725015;0.77423481;2.34273640;-0.14096595;-0.12378241;9.30754003;0.94179414
1821;182.09468870;0.00000000;29.63877147;25.51258999;0.82513156;2.30397948;-0.15327245;-0.12234813;9.31765286;1.04227378
1822;182.19468579;0.00000000;29.73749682;25.49672187;0.83283819;2.27013073;-0.16543999;-0.12105202;9.32883184;1.12876142
1823;182.29468287;0.00000000;29.83603089;25.47965847;0.85013436;2.24139951;-0.17748329;-0.11981444;9.34092336;1.20854357
1824;182.39467995;0.00000000;29.93434558;25.46141716;0.87740965;2.21798169;-0.18940531;-0.11866062;9.35385219;1.27960286
1825;182.49467704;0.00000000;30.03244468;25.44200904;0.91378187;2.20003511;-0.20121560;-0.11754574;9.36752176;1.34607841
1826;182.59467412;0.00000000;30.13030133;25.42145081;0.95821535;2.17988933;-0.21291265;-0.11640236;9.38187997;1.41403345
1827;182.69467120;0.00000000;30.22791950;25.39975330;1.00965650;2.16259690;-0.22449585;-0.11526263;9.39693941;1.48066215
1828;182.79466828;0.00000000;30.32527386;25.37693376;1.03656660;2.14896366;-0.23596597;-0.11416206;9.41268261;1.54289453
1829;182.89466537;0.00000000;30.42236843;25.35300261;1.05119043;2.13919758;-0.24732825;-0.11308466;9.42905954;1.60226381
1830;182.99466245;0.00000000;30.51917929;25.32797682;1.07386822;2.12343394;-0.25858228;-0.11200912;9.44603659;1.66075501
1831;183.09465953;0.00000000;30.61571051;25.30186646;1.09948482;2.10548540;-0.26972992;-0.11094513;9.46360125;1.71755928
1832;183.19465662;0.00000000;30.71193965;25.27468860;1.11261149;2.06330846;-0.28077119;-0.10989576;9.48173246;1.77246299
1833;183.29465370;0.00000000;30.80787059;25.24645305;1.13337252;2.02158078;-0.29170897;-0.10886154;9.50040698;1.82548319
1834;183.39465078;0.00000000;30.90348247;25.21717675;1.16136337;1.98504253;-0.30254311;-0.10783439;9.51960181;1.87741078
1835;183.49464787;0.00000000;30.99877889;25.18686932;1.19608617;1.95397479;-0.31327570;-0.10681946;9.53930238;1.92782760
1836;183.59464495;0.00000000;31.09374059;25.15554753;1.23697547;1.92863957;-0.32390700;-0.10582130;9.55948975;1.97636820
1837;183.69464203;0.00000000;31.18837087;25.12322081;1.27192668;1.90124648;-0.33443982;-0.10483745;9.58014125;2.02331027
1838;183.79463912;0.00000000;31.28265198;25.08990565;1.28901362;1.85882499;-0.34487348;-0.10384373;9.60123724;2.07092828
1839;183.89463620;0.00000000;31.37658693;25.05561148;1.31251483;1.82188253;-0.35520835;-0.10285636;9.62278183;2.11774613
1840;183.99463328;0.00000000;31.47015959;25.02035478;1.34209803;1.79075665;-0.36544231;-0.10182150;9.64476371;2.16880932
1841;184.09463037;0.00000000;31.56337282;24.98414546;1.37738060;1.76574522;-0.37557227;-0.10078078;9.66722381;2.22022815
1842;184.19462745;0.00000000;31.65621221;24.94700028;1.41443098;1.74710559;-0.38559827;-0.09975081;9.69016248;2.27047525
1843;184.29462453;0.00000000;31.74868047;24.90892925;1.42797682;1.72764353;-0.39552224;-0.09873186;9.71356426;2.31956559
1844;184.39462162;0.00000000;31.84076459;24.86994876;1.44735498;1.69516166;-0.40534452;-0.09772492;9.73741394;2.36744640
1845;184.49461870;0.00000000;31.93246696;24.83006870;1.47234452;1.66608772;-0.41506703;-0.09672912;9.76169584;2.41423640
1846;184.59461578;0.00000000;32.02377593;24.78930502;1.50025920;1.62127460;-0.42469016;-0.09574376;9.78639561;2.46003691
1847;184.69461287;0.00000000;32.11469362;24.74766755;1.52957617;1.58241170;-0.43421558;-0.09476839;9.81149999;2.50492443
1848;184.79460995;0.00000000;32.20520965;24.70517178;1.56386586;1.54994379;-0.44364362;-0.09380211;9.83699661;2.54901460
1849;184.89460703;0.00000000;32.29532593;24.66182748;1.60281711;1.52427099;-0.45297578;-0.09284504;9.86287434;2.59232515
1850;184.99460412;0.00000000;32.38503326;24.61764970;1.64610195;1.50573537;-0.46221241;-0.09189668;9.88912232;2.63493007
1851;185.09460120;0.00000000;32.47433333;24.57264818;1.67212602;1.49459357;-0.47135488;-0.09095700;9.91573047;2.67685687
1852;185.19459828;0.00000000;32.56321807;24.52683750;1.69355575;1.48549001;-0.48040356;-0.09002505;9.94268910;2.71822286
1853;185.29459537;0.00000000;32.65168899;24.48022737;1.71967906;1.46256120;-0.48935965;-0.08910107;9.96998974;2.75902534
1854;185.39459245;0.00000000;32.73973909;24.43283192;1.74846369;1.43389629;-0.49822352;-0.08818427;9.99762393;2.79936395
1855;185.49458953;0.00000000;32.82736972;24.38466084;1.77640897;1.40608638;-0.50699625;-0.08727491;10.02558431;2.83923033
1856;185.59458662;0.00000000;32.91457486;24.33572781;1.80351865;1.37912468;-0.51567823;-0.08637210;10.05386345;2.87873483
1857;185.69458370;0.00000000;33.00135574;24.28604248;1.83093481;1.35300203;-0.52427042;-0.08547618;10.08245508;2.91785726
1858;185.79458078;0.00000000;33.08770729;24.23561810;1.86251757;1.32771148;-0.53277319;-0.08458628;10.11135277;2.95670468
1859;185.89457787;0.00000000;33.17363062;24.18446431;1.88215254;1.30324408;-0.54118741;-0.08370279;10.14055120;2.99525063
1860;185.99457495;0.00000000;33.25912152;24.13259390;1.90443765;1.27959276;-0.54951346;-0.08282482;10.17004480;3.03360234
1861;186.09457203;0.00000000;33.34418105;24.08001650;1.92637727;1.25660944;-0.55775210;-0.08195280;10.19982912;3.07172812
1862;186.19456912;0.00000000;33.42880580;24.02674446;1.94852536;1.23436164;-0.56590373;-0.08108587;10.22989940;3.10973285
1863;186.29456620;0.00000000;33.51299678;23.97278740;1.97306831;1.21291305;-0.57396901;-0.08022446;10.26025195;3.14758161
1864;186.39456328;0.00000000;33.59675134;23.91815723;2.00154732;1.19225628;-0.58194832;-0.07936773;10.29088276;3.18537646
1865;186.49456037;0.00000000;33.68007046;23.86286356;2.01463764;1.17238327;-0.58984228;-0.07851614;10.32178884;3.22308067
1866;186.59455745;0.00000000;33.76295221;23.80691788;2.02959895;1.15328655;-0.59765125;-0.07766885;10.35296683;3.26079272
1867;186.69455453;0.00000000;33.84539754;23.75032976;2.04857791;1.13495818;-0.60537577;-0.07682632;10.38441436;3.29847550
1868;186.79455162;0.00000000;33.92740520;23.69311030;2.07147088;1.09891886;-0.61301621;-0.07598778;10.41612872;3.29860332
1869;186.89454870;0.00000000;34.00897615;23.63526904;2.09815671;1.05649646;-0.62057304;-0.07515365;10.44774803;3.27968705
1870;186.99454578;0.00000000;34.09010975;23.57681665;2.12849887;1.02284579;-0.62804664;-0.07432320;10.47909143;3.26092823
1871;187.09454287;0.00000000;34.17080699;23.51776268;2.16234977;0.99884732;-0.63543740;-0.07349684;10.51016288;3.24232466
1872;187.19453995;0.00000000;34.25106780;23.45811738;2.19856633;0.98432629;-0.64274570;-0.07267388;10.54096627;3.22387423
1873;187.29453703;0.00000000;34.33089322;23.39789027;2.21243020;0.97052220;-0.64997189;-0.07185471;10.57150537;3.20557485
1874;187.39453412;0.00000000;34.41028371;23.33709123;2.22558182;0.95742747;-0.65711634;-0.07103869;10.60178391;3.18742449
1875;187.49453120;0.00000000;34.48924038;23.27572972;2.23802856;0.94503446;-0.66417934;-0.07022618;10.63180551;3.16942115
1876;187.59452828;0.00000000;34.56776418;23.21381525;2.24977784;0.91748141;-0.67116127;-0.06941678;10.66157372;3.15156289
1877;187.69452537;0.00000000;34.64585628;23.15135725;2.26228017;0.87751497;-0.67806242;-0.06861068;10.69109201;3.13384778
1878;187.79452245;0.00000000;34.72351812;23.08836486;2.27843139;0.84818639;-0.68488310;-0.06780715;10.72036378;3.11627397
1879;187.89451953;0.00000000;34.80075092;23.02484744;2.29816161;0.83061682;-0.69162356;-0.06700656;10.74939237;3.09883962
1880;187.99451662;0.00000000;34.87755657;22.96081381;2.32138650;0.82158196;-0.69828412;-0.06620846;10.77818102;3.08154294
1881;188.09451370;0.00000000;34.95393639;22.89627325;2.34800887;0.81717230;-0.70486497;-0.06541310;10.80673294;3.06438216
1882;188.19451078;0.00000000;35.02989264;22.83123426;2.37669535;0.82094627;-0.71136644;-0.06462016;10.83505124;3.04735557
1883;188.29450787;0.00000000;35.10542678;22.76570605;2.38376955;0.80046282;-0.71778872;-0.06382980;10.86313899;3.03046147
1884;188.39450495;0.00000000;35.18054142;22.69969679;2.39020717;0.79280443;-0.72413211;-0.06304164;10.89099919;3.01369822
1885;188.49450203;0.00000000;35.25523813;22.63321560;2.39848884;0.78699414;-0.73039676;-0.06225583;10.91863477;2.99706418
1886;188.59449912;0.00000000;35.32951987;22.56627038;2.40482350;0.78180638;-0.73658298;-0.06147209;10.94604863;2.98055776
1887;188.69449620;0.00000000;35.40338833;22.49887014;2.40597646;0.77723333;-0.74269090;-0.06069054;10.97324359;2.96417742
1888;188.79449328;0.00000000;35.47684678;22.43102249;2.40994449;0.77326716;-0.74872081;-0.05991094;11.00022241;2.94792161
1889;188.89449037;0.00000000;35.54989703;22.36273635;2.41404006;0.73545395;-0.75467281;-0.05913335;11.02698781;2.93178883
1890;188.99448745;0.00000000;35.62254265;22.29401905;2.42167203;0.70766951;-0.76054720;-0.05835759;11.05354246;2.91577760
1891;189.09448453;0.00000000;35.69478558;22.22487941;2.43281444;0.69390651;-0.76634406;-0.05758367;11.07988896;2.89988650
1892;189.19448162;0.00000000;35.76662966;22.15532447;2.44742676;0.69228999;-0.77206366;-0.05681154;11.10602988;2.88411408
1893;189.29447870;0.00000000;35.83807697;22.08536298;2.46545418;0.69124062;-0.77770610;-0.05604115;11.13196774;2.86845896
1894;189.39447578;0.00000000;35.90913158;22.01500173;2.48682958;0.69075082;-0.78327162;-0.05527231;11.15770500;2.85291978
1895;189.49447287;0.00000000;35.97979572;21.94424932;2.49187730;0.68907882;-0.78876029;-0.05450498;11.18324408;2.83749519
1896;189.59446995;0.00000000;36.05007370;21.87311229;2.49126986;0.65206769;-0.79417236;-0.05373954;11.20858736;2.82218386
1897;189.69446703;0.00000000;36.11996788;21.80159916;2.49200338;0.62946184;-0.79950794;-0.05297581;11.23373717;2.80698452
1898;189.79446412;0.00000000;36.18948275;21.72971625;2.49621628;0.62282449;-0.80476724;-0.05221258;11.25869581;2.79189587
1899;189.89446120;0.00000000;36.25862085;21.65747192;2.50389842;0.62502099;-0.80995019;-0.05145012;11.28346553;2.77691668
1900;189.99445828;0.00000000;36.32738686;21.58487230;2.51502545;0.62773187;-0.81505713;-0.05069265;11.30804852;2.76204571
1901;190.09445537;0.00000000;36.39578347;21.51192555;2.52955894;0.63849544;-0.82008849;-0.04993803;11.33244698;2.74728175
1902;190.19445245;0.00000000;36.46381569;21.43863739;2.54744791;0.65070049;-0.82504408;-0.04917232;11.35666301;2.73262363
1903;190.29444953;0.00000000;36.53148596;21.36501643;2.54622183;0.64036104;-0.82992268;-0.04840358;11.38069873;0.65599754
1904;190.39444662;0.00000000;36.59879991;21.29106772;2.54756192;0.64504897;-0.83472964;-0.04778268;11.38646123;-6.30499332
1905;190.49444370;0.00000000;36.66575868;21.21679940;2.53589462;0.61657520;-0.83948000;-0.04722804;11.33095483;-6.43219003
1906;190.59444078;0.00000000;36.73236594;21.14221508;2.52765985;0.59483821;-0.84419330;-0.04720617;11.27404705;-6.49100789
1907;190.69443787;0.00000000;36.79862018;21.06731736;2.52289208;0.58996200;-0.84892454;-0.04742118;11.21632619;-6.48237004
1908;190.79443495;0.00000000;36.86451765;20.99210663;2.52160852;0.59655085;-0.85369587;-0.04818075;11.15838416;-6.41509963
1909;190.89443203;0.00000000;36.93005307;20.91657801;2.51079777;0.60932075;-0.85856420;-0.04918805;11.10074567;-6.32778451
1910;190.99442912;0.00000000;36.99521523;20.84072887;2.50096795;0.63086159;-0.86353928;-0.05037426;11.04359699;-6.23238096
1911;191.09442620;0.00000000;37.05999560;20.76455112;2.49257394;0.62170042;-0.86864011;-0.05164480;10.98701937;-6.13894587
1912;191.19442328;0.00000000;37.12438083;20.68804088;2.48765744;0.62902895;-0.87386802;-0.05291771;10.93100367;-6.04748236
1913;191.29442037;0.00000000;37.18836110;20.61119004;2.48622636;0.63808248;-0.87922341;-0.05419260;10.87554045;-5.95726649
1914;191.39441745;0.00000000;37.25192326;20.53399447;2.48827405;0.64767261;-0.88470649;-0.05547521;10.82062667;-5.86854704
1915;191.49441453;0.00000000;37.31505686;20.45644669;2.49377913;0.67146938;-0.89031826;-0.05676318;10.76625684;-5.78454019
1916;191.59441162;0.00000000;37.37774867;20.37854257;2.50270573;0.67493594;-0.89605804;-0.05802851;10.71239525;-5.70368444
1917;191.69440870;0.00000000;37.43998790;20.30027533;2.50355087;0.67863988;-0.90192351;-0.05928397;10.65902005;-5.62805856
1918;191.79440578;0.00000000;37.50176158;20.22164114;2.49163892;0.69056430;-0.90791353;-0.06051079;10.60608927;-5.55567803
1919;191.89440287;0.00000000;37.56305878;20.14263401;2.47978367;0.70309034;-0.91402518;-0.06172574;10.55357884;-5.48504894
1920;191.99439995;0.00000000;37.62386682;20.06325047;2.47130399;0.71622963;-0.92025837;-0.06294172;10.50147840;-5.41597090
1921;192.09439703;0.00000000;37.68417426;19.98348546;2.45321168;0.72999409;-0.92661327;-0.06416031;10.44977923;-5.34824230
1922;192.19439412;0.00000000;37.74396852;19.90333540;2.43771048;0.74439540;-0.93309021;-0.06538312;10.39847435;-5.28185952
1923;192.29439120;0.00000000;37.80323756;19.82279599;2.42266067;0.75944545;-0.93968966;-0.06661001;10.34755660;-5.21712069
1924;192.39438828;0.00000000;37.86196881;19.74186363;2.40984382;0.77515601;-0.94641188;-0.06783804;10.29701578;-5.15380081
1925;192.49438537;0.00000000;37.92014965;19.66053478;2.39367093;0.79153890;-0.95325701;-0.06906909;10.24684360;-5.09193717
1926;192.59438245;0.00000000;37.97776750;19.57880587;2.37358193;0.79103948;-0.96022540;-0.07030264;10.19703124;-5.03136417
1927;192.69437953;0.00000000;38.03480918;19.49667420;2.35585857;0.77868641;-0.96731729;-0.07154010;10.14757127;-4.97217072
1928;192.79437662;0.00000000;38.09126211;19.41413619;2.33838185;0.77979015;-0.97453312;-0.07278044;10.09845520;-4.91419172
1929;192.89437370;0.00000000;38.14711251;19.33119001;2.32435537;0.79430664;-0.98187313;-0.07402514;10.04967601;-4.85751998
1930;192.99437078;0.00000000;38.20234778;19.24783209;2.30509798;0.81311761;-0.98933785;-0.07527313;10.00122553;-4.80198532
1931;193.09436787;0.00000000;38.25695359;19.16406148;2.27920401;0.84071243;-0.99692752;-0.07652597;9.95309716;-4.74767589
1932;193.19436495;0.00000000;38.31091727;19.07987465;2.25669639;0.86565064;-1.00464276;-0.07778268;9.90528322;-4.69442588
1933;193.29436203;0.00000000;38.36422393;18.99527156;2.23418914;0.87797571;-1.01248382;-0.07904479;9.85777753;-4.64232680
1934;193.39435912;0.00000000;38.41686084;18.91024874;2.21430973;0.90097027;-1.02045143;-0.08031130;9.81057284;-4.59121309
1935;193.49435620;0.00000000;38.46881254;18.82480710;2.19800733;0.92475636;-1.02854585;-0.08158381;9.76366344;-4.54117190
1936;193.59435328;0.00000000;38.52006622;18.73894322;2.18534993;0.94934638;-1.03676791;-0.08286134;9.71704254;-4.49204074
1937;193.69435037;0.00000000;38.57060588;18.65265898;2.17638962;0.97475161;-1.04511789;-0.08414551;9.67070493;-4.44390859
1938;193.79434745;0.00000000;38.62041857;18.56595107;2.17115967;1.00069988;-1.05359674;-0.08543534;9.62464431;-4.39661434
1939;193.89434453;0.00000000;38.66948778;18.47882235;2.15569384;1.02742027;-1.06220475;-0.08673247;9.57885593;-4.35023651
1940;193.99434162;0.00000000;38.71780040;18.39126966;2.12789740;1.05498866;-1.07094298;-0.08803604;9.53333409;-4.30461971
1941;194.09433870;0.00000000;38.76533943;18.30329685;2.09926025;1.08341585;-1.07981175;-0.08934768;9.48807463;-4.25985201
1942;194.19433578;0.00000000;38.81209157;18.21490092;2.07304788;1.10762952;-1.08881226;-0.09066641;9.44307230;-4.21577616
1943;194.29433287;0.00000000;38.85803932;18.12608677;2.05049196;1.11131811;-1.09794484;-0.09199396;9.39832346;-4.17244861
1944;194.39432995;0.00000000;38.90316918;18.03685161;2.02169255;1.12483282;-1.10721082;-0.09332968;9.35382374;-4.12972832
1945;194.49432703;0.00000000;38.94746317;17.94720136;1.98097247;1.14564329;-1.11661060;-0.09467516;9.30957018;-4.08771496
1946;194.59432412;0.00000000;38.99090756;17.85713349;1.94365761;1.16966952;-1.12614562;-0.09602928;9.26555869;-4.04624393
1947;194.69432120;0.00000000;39.03348391;17.76665502;1.90994017;1.20245792;-1.13581629;-0.09739393;9.22178685;-4.00529854
1948;194.79431828;0.00000000;39.07517821;17.67576370;1.88000189;1.24332652;-1.14562423;-0.09876934;9.17825235;-3.96479856
1949;194.89431537;0.00000000;39.11597161;17.58446764;1.85401712;1.27817539;-1.15557000;-0.10015647;9.13495373;-3.92491869
1950;194.99431245;0.00000000;39.15584978;17.49276489;1.83214149;1.30941602;-1.16565529;-0.10155329;9.09188753;-3.88544753
1951;195.09430953;0.00000000;39.19479346;17.40066473;1.81371053;1.34716473;-1.17588052;-0.10296234;9.04905255;-3.84614773
1952;195.19430661;0.00000000;39.23278804;17.30816555;1.79530031;1.36867696;-1.18624770;-0.10438654;9.00645018;-3.80699880
1953;195.29430370;0.00000000;39.26981377;17.21527791;1.75918290;1.38911040;-1.19675775;-0.10582620;8.96408207;-3.76834287
1954;195.39430078;0.00000000;39.30585570;17.12200048;1.72311555;1.41334109;-1.20741273;-0.10727715;8.92194602;-3.72998172
1955;195.49429786;0.00000000;39.34089370;17.02834510;1.69117024;1.44266834;-1.21821307;-0.10874191;8.88004201;-3.69255258
1956;195.59429495;0.00000000;39.37491247;16.93431087;1.66357172;1.47919387;-1.22916072;-0.11021252;8.83836281;-3.65562543
1957;195.69429203;0.00000000;39.40789160;16.83991097;1.64053038;1.52240599;-1.24025541;-0.11169442;8.79690590;-3.61907202
1958;195.79428911;0.00000000;39.43981554;16.74514498;1.62222683;1.55876768;-1.25149942;-0.11318928;8.75567017;-3.58266673
1959;195.89428620;0.00000000;39.47066360;16.65002753;1.59820122;1.58032126;-1.26289320;-0.11470007;8.71465706;-3.54652147
1960;195.99428328;0.00000000;39.50041989;16.55455863;1.56677356;1.60890788;-1.27443928;-0.11622538;8.67386673;-3.51042447
1961;196.09428036;0.00000000;39.52906340;16.45875440;1.54007470;1.64416888;-1.28613822;-0.11776804;8.63330178;-3.47453078
1962;196.19427745;0.00000000;39.55657789;16.36261536;1.49849519;1.68569765;-1.29799275;-0.11932606;8.59296304;-3.43860761
1963;196.29427453;0.00000000;39.58294210;16.26615916;1.45157568;1.73304814;-1.31000341;-0.12090259;8.55285405;-3.40277344
1964;196.39427161;0.00000000;39.60813940;16.16938687;1.40908146;1.76520188;-1.32217316;-0.12249608;8.51297700;-3.36679913
1965;196.49426870;0.00000000;39.63214829;16.07231778;1.37141955;1.78379087;-1.33450263;-0.12410969;8.47333685;-3.33083166
1966;196.59426578;0.00000000;39.65495176;15.97495353;1.33898450;1.79926607;-1.34699500;-0.12574143;8.43393683;-3.29463002
1967;196.69426286;0.00000000;39.67652813;15.87731512;1.31215650;1.82133084;-1.35965094;-0.12739465;8.39478312;-3.25830764
1968;196.79425995;0.00000000;39.69685997;15.77940480;1.27289491;1.84976386;-1.37247388;-0.12906777;8.35588063;-3.22162062
1969;196.89425703;0.00000000;39.71592546;15.68124539;1.22999086;1.88428506;-1.38546456;-0.13076424;8.31723727;-3.18470227
1970;196.99425411;0.00000000;39.73370674;15.58283984;1.19270345;1.92458017;-1.39862669;-0.13248212;8.27885945;-3.14731602
1971;197.09425120;0.00000000;39.75018192;15.48421279;1.16156801;1.97029919;-1.41196108;-0.13422476;8.24075658;-3.10955354
1972;197.19424828;0.00000000;39.76533270;15.38536794;1.13627832;2.02108605;-1.42547166;-0.13599078;8.20293706;-3.07111291
1973;197.29424536;0.00000000;39.77913714;15.28633196;1.10295555;2.06547758;-1.43915940;-0.13778446;8.16541314;-3.03201778
1974;197.39424245;0.00000000;39.79157647;15.18710953;1.07656330;2.08900881;-1.45302865;-0.13960535;8.12819697;-2.99226877
1975;197.49423953;0.00000000;39.80262881;15.08772897;1.05761081;2.11833292;-1.46708053;-0.14145325;8.09130086;-2.95178533
1976;197.59423661;0.00000000;39.81227491;14.98819606;1.04485222;2.14823098;-1.48131938;-0.14332916;8.05473834;-2.91012519
1977;197.69423370;0.00000000;39.82049299;14.88854114;1.01085958;2.18048136;-1.49574668;-0.14523950;8.01852865;-2.86767428
1978;197.79423078;0.00000000;39.82726331;14.78877119;0.96397920;2.20617547;-1.51036739;-0.14717806;7.98268649;-2.82420179
1979;197.89422786;0.00000000;39.83256423;14.68891888;0.92316384;2.23743956;-1.52518251;-0.14914800;7.94722969;-2.77940428
1980;197.99422495;0.00000000;39.83637559;14.58899227;0.89030498;2.27405938;-1.54019728;-0.15115359;7.91218017;-2.73314351
1981;198.09422203;0.00000000;39.83867602;14.48902593;0.86630079;2.28648274;-1.55541354;-0.15319642;7.87756195;-2.68537009
1982;198.19421911;0.00000000;39.83944485;14.38902954;0.85188220;2.30264492;-1.57083689;-0.15527664;7.84340002;-2.63582684
1983;198.29421620;0.00000000;39.83866101;14.28903994;0.84217071;2.32451204;-1.58646929;-0.15739757;7.80972304;-2.58486760
1984;198.39421328;0.00000000;39.83630338;14.18906857;0.80908698;2.35194287;-1.60231656;-0.15955266;7.77655550;-2.53222767
1985;198.49421036;0.00000000;39.83235133;14.08915413;0.76927347;2.36773759;-1.61838013;-0.16174523;7.74392567;-2.47541674
1986;198.59420745;0.00000000;39.82678344;13.98931040;0.73932839;2.37330659;-1.63466722;-0.16401468;7.71189444;-2.41550145
1987;198.69420453;0.00000000;39.81957924;13.88957759;0.72047288;2.38051280;-1.65118368;-0.16634187;7.68050973;-2.35173291
1988;198.79420161;0.00000000;39.81071657;13.78997206;0.71164082;2.38937856;-1.66793691;-0.16873740;7.64982985;-2.28437651
1989;198.89419870;0.00000000;39.80017520;13.69053662;0.70114225;2.39992453;-1.68493205;-0.17119473;7.61991042;-2.21638259
1990;198.99419578;0.00000000;39.78793251;13.59129031;0.68895688;2.41217361;-1.70217495;-0.17366202;7.59076882;-2.14641385
1991;199.09419286;0.00000000;39.77396906;13.49227748;0.67506972;2.42614577;-1.71966464;-0.17615994;7.56244015;-2.05704061
1992;199.19418995;0.00000000;39.75826265;13.39352109;0.65946278;2.44186369;-1.73741768;-0.17898236;7.53519110;-1.95851969
1993;199.29418703;0.00000000;39.74079205;13.29506591;0.64347187;2.45934938;-1.75546273;-0.18194601;7.50915523;-1.85137794
1994;199.39418411;0.00000000;39.72153218;13.19694053;0.64100493;2.47862871;-1.77381021;-0.18503575;7.48446040;-1.73721981
1995;199.49418120;0.00000000;39.70046092;13.09919238;0.65218621;2.49972495;-1.79247136;-0.18821706;7.46121396;-1.61614092
1996;199.59417828;0.00000000;39.67755269;13.00185387;0.66548606;2.52266493;-1.81145537;-0.19148131;7.43952250;-1.48809923
1997;199.69417536;0.00000000;39.65278607;12.90497634;0.65285824;2.52619033;-1.83076894;-0.19482158;7.41949350;-1.34827498
1998;199.79417245;0.00000000;39.62613540;12.80859459;0.62962566;2.52379487;-1.85042414;-0.19831405;7.40129966;-1.19808887
1999;199.89416953;0.00000000;39.59758033;12.71276583;0.60677927;2.52009458;-1.87043406;-0.20192203;7.38509485;-1.04262578
2000;199.99416661;0.00000000;39.56709472;12.61752826;0.59792334;2.52237720;-1.89080730;-0.20554356;7.37096376;-0.87908642
2001;200.09416370;0.00000000;39.53465990;12.52294249;0.60364245;2.53066144;-1.91154366;-0.20921812;7.35902810;-0.77787253
2002;200.19416078;0.00000000;39.50025364;12.42905233;0.60982499;2.54492061;-1.93259917;-0.21168407;7.34845049;-0.68446965
2003;200.29415786;0.00000000;39.46386843;12.33591319;0.59854221;2.56507373;-1.95387917;-0.21394632;7.33913038;-0.59479564
2004;200.39415495;0.00000000;39.42549816;12.24357108;0.60171300;2.56015990;-1.97538099;-0.21607985;7.33102169;-0.49707012
2005;200.49415203;0.00000000;39.38514278;12.15208217;0.61049577;2.54898563;-1.99709780;-0.21829484;7.32423839;-0.35880412
2006;200.59414911;0.00000000;39.34279939;12.06149615;0.60116940;2.54388058;-2.01906511;-0.22116296;7.31933803;-0.20694314
2007;200.69414620;0.00000000;39.29846266;11.97186771;0.60156616;2.54491170;-2.04133078;-0.22416783;7.31651022;-0.20694314
2008;200.79414328;0.00000000;39.25213542;11.88325832;0.60058038;2.55209533;-2.06371752;-0.22303480;7.31368132;-0.13690021
2009;200.89414036;0.00000000;39.20383845;11.79569482;0.59895644;2.54996436;-2.08593455;-0.22131378;7.31180929;-0.03867770
2010;200.99413745;0.00000000;39.15362270;11.70922876;0.60999193;2.55124837;-2.10789392;-0.21767189;7.31128031;0.15774096
2011;201.09413453;0.00000000;39.10153137;11.62386718;0.62121835;2.55861573;-2.12946987;-0.21385788;7.31343743;0.35474939
2012;201.19413161;0.00000000;39.04763151;11.53964686;0.64274183;2.53997128;-2.15066791;-0.21014605;7.31828634;0.53809820
2013;201.29412870;0.00000000;38.99196915;11.45657080;0.66219389;2.52059747;-2.17150124;-0.20653228;7.32563522;0.70899952
2014;201.39412578;0.00000000;38.93460749;11.37466841;0.67959995;2.50325428;-2.19197571;-0.20299533;7.33530689;0.86947777
2015;201.49412286;0.00000000;38.87559078;11.29394123;0.69499092;2.48791099;-2.21210216;-0.19954598;7.34715031;1.01970491
2016;201.59411995;0.00000000;38.81497922;11.21441321;0.70839492;2.47454188;-2.23188648;-0.19617612;7.36101574;1.16081611
2017;201.69411703;0.00000000;38.75281520;11.13608435;0.71984321;2.46311687;-2.25133895;-0.19288563;7.37676820;1.29343265
2018;201.79411411;0.00000000;38.68915610;11.05897405;0.73120481;2.45360930;-2.27046536;-0.18967664;7.39428077;1.41798992
2019;201.89411120;0.00000000;38.62404169;10.98308007;0.75393246;2.44351038;-2.28927538;-0.18653410;7.41343226;1.53581441
2020;201.99410828;0.00000000;38.55752720;10.90841851;0.78706066;2.40848101;-2.30777281;-0.18344622;7.43411943;1.64798720
2021;202.09410536;0.00000000;38.48965007;10.83498501;0.81650829;2.37890062;-2.32596584;-0.18042528;7.45625372;1.75420298
2022;202.19410245;0.00000000;38.42046320;10.76279233;0.82377124;2.35495890;-2.34385913;-0.17746976;7.47974264;1.85489915
2023;202.29409953;0.00000000;38.35000213;10.69183481;0.84119602;2.33680506;-2.36146066;-0.17457113;7.50449991;1.95087275
2024;202.39409661;0.00000000;38.27831742;10.62212246;0.86819095;2.31461804;-2.37877904;-0.17182899;7.53045033;2.03675366
2025;202.49409370;0.00000000;38.20544063;10.55364751;0.90391980;2.29230989;-2.39582693;-0.16913537;7.55744805;2.11903285
2026;202.59409078;0.00000000;38.13142123;10.48641961;0.93715103;2.26480632;-2.41260958;-0.16654923;7.58543441;2.19451923
2027;202.69408786;0.00000000;38.05628695;10.42042890;0.96205571;2.22454651;-2.42913749;-0.16401508;7.61430931;2.26664981
2028;202.79408495;0.00000000;37.98008594;10.35568395;0.97497637;2.18781561;-2.44541329;-0.16152842;7.64401877;2.33584488
2029;202.89408203;0.00000000;37.90284362;10.29217376;0.99624530;2.15664124;-2.46144365;-0.15908431;7.67451486;2.40253323
2030;202.99407911;0.00000000;37.82460651;10.22990494;1.02471013;2.13125638;-2.47723175;-0.15670468;7.70575570;2.46553616
2031;203.09407620;0.00000000;37.74539715;10.16886501;1.04397463;2.11184897;-2.49278490;-0.15436178;7.73768465;2.52663379
2032;203.19407328;0.00000000;37.66526137;10.10905972;1.07079145;2.09458125;-2.50810498;-0.15206697;7.77026871;2.58523347
2033;203.29407036;0.00000000;37.58421893;10.05047516;1.10462994;2.06804161;-2.52319861;-0.14980900;7.80346765;2.64210797
2034;203.39406745;0.00000000;37.50231449;9.99311578;1.13640476;2.02376570;-2.53806749;-0.14759408;7.83725166;2.69695167
2035;203.49406453;0.00000000;37.41956584;9.93696699;1.15208065;1.98491201;-2.55271762;-0.14541150;7.87158740;2.75049479
2036;203.59406161;0.00000000;37.33601610;9.88203170;1.17467902;1.95179865;-2.56715036;-0.14326786;7.90645124;2.80238282
2037;203.69405870;0.00000000;37.25168121;9.82829470;1.20382918;1.92470293;-2.58137135;-0.14115452;7.94181537;2.85321359
2038;203.79405578;0.00000000;37.16660292;9.77575757;1.23907813;1.89351956;-2.59538164;-0.13907492;7.97765990;2.90281324
2039;203.89405286;0.00000000;37.08079548;9.72440466;1.27993935;1.85520353;-2.60918644;-0.13702326;8.01396301;2.95159468
2040;203.99404995;0.00000000;36.99429918;9.67423616;1.32589839;1.82288446;-2.62278658;-0.13500203;8.05070835;2.99943138
2041;204.09404703;0.00000000;36.90712676;9.62523612;1.34603536;1.79686739;-2.63618689;-0.13300649;8.08787819;3.04666481
2042;204.19404411;0.00000000;36.81931702;9.57740345;1.36949082;1.77741831;-2.64938805;-0.13103799;8.12545930;3.09323267
2043;204.29404120;0.00000000;36.73088138;9.53072195;1.39241939;1.75742549;-2.66239450;-0.12909326;8.16343784;3.13937741
2044;204.39403828;0.00000000;36.64185709;9.48518931;1.40088668;1.73068618;-2.67520680;-0.12717297;8.20180312;3.18507526
2045;204.49403536;0.00000000;36.55225439;9.44078919;1.41513122;1.71063632;-2.68782907;-0.12527454;8.24054434;3.23052029
2046;204.59403245;0.00000000;36.46210901;9.39751811;1.43499516;1.69750032;-2.70026174;-0.12339807;8.27965314;3.27572162
2047;204.69402953;0.00000000;36.37143010;9.35535966;1.46026692;1.66813968;-2.71250862;-0.12154177;8.31912143;3.32081807
2048;204.79402661;0.00000000;36.28025183;9.31430926;1.49068179;1.64145217;-2.72457008;-0.11970550;8.35894285;3.36583292
2049;204.89402370;0.00000000;36.18858245;9.27435047;1.52594894;1.61746640;-2.73644964;-0.11788785;8.39911142;3.41087774
2050;204.99402078;0.00000000;36.09645454;9.23547768;1.54642624;1.59906697;-2.74814758;-0.11608828;8.43962252;3.45600089
2051;205.09401786;0.00000000;36.00387550;9.19767448;1.55570326;1.58792313;-2.75966717;-0.11430567;8.48047217;3.50129344
2052;205.19401495;0.00000000;35.91087633;9.16093428;1.57017718;1.57474379;-2.77100863;-0.11253959;8.52165750;3.54679555
2053;205.29401203;0.00000000;35.81746376;9.12524075;1.58972320;1.55475551;-2.78217496;-0.11078949;8.56317610;3.59255646
2054;205.39400911;0.00000000;35.72366717;9.09058638;1.61416912;1.54211269;-2.79316641;-0.10905473;8.60502616;3.63863030
2055;205.49400620;0.00000000;35.62949268;9.05695494;1.64331266;1.53697929;-2.80398574;-0.10733415;8.64720649;3.68511258
2056;205.59400328;0.00000000;35.53496808;9.02433808;1.65117458;1.52455021;-2.81463303;-0.10562598;8.68971698;3.73214420
2057;205.69400036;0.00000000;35.44009887;8.99271964;1.65600655;1.49756070;-2.82511075;-0.10393131;8.73255909;3.77964955
2058;205.79399745;0.00000000;35.34491133;8.96209052;1.66580386;1.47788756;-2.83541935;-0.10225400;8.77573336;3.82734084
2059;205.89399453;0.00000000;35.24941060;8.93243475;1.68049614;1.46580869;-2.84556137;-0.10058699;8.81923704;3.87577022
2060;205.99399161;0.00000000;35.15362121;8.90374247;1.69996980;1.46149824;-2.85553558;-0.09890944;8.86307358;3.92658333
2061;206.09398870;0.00000000;35.05754809;8.87599767;1.72269819;1.46388155;-2.86534302;-0.09724006;8.90726485;3.97832233
2062;206.19398578;0.00000000;34.96121425;8.84918959;1.71872934;1.44975940;-2.87498246;-0.09556043;8.95181592;4.03247542
2063;206.29398286;0.00000000;34.86462418;8.82330208;1.71961805;1.42378909;-2.88445488;-0.09389123;8.99674830;4.08739904
2064;206.39397995;0.00000000;34.76779956;8.79832367;1.72537328;1.40473629;-2.89376068;-0.09223563;9.04206480;4.11317061
2065;206.49397703;0.00000000;34.67074458;8.77423835;1.73596301;1.39353895;-2.90290179;-0.09058974;9.08743891;4.08650516
2066;206.59397411;0.00000000;34.57347932;8.75103414;1.75131401;1.39037233;-2.91187844;-0.08895334;9.13229561;4.06012815
2067;206.69397120;0.00000000;34.47600774;8.72869516;1.77131835;1.39527480;-2.92069220;-0.08732476;9.17664564;4.03403378
2068;206.79396828;0.00000000;34.37834844;8.70720897;1.79279703;1.40764446;-2.92934310;-0.08570267;9.22049936;4.00821646
2069;206.89396536;0.00000000;34.28050503;8.68655975;1.81344214;1.38705774;-2.93783248;-0.08408794;9.26386681;3.98267080
2070;206.99396245;0.00000000;34.18249486;8.66673467;1.81125411;1.36729531;-2.94616044;-0.08247999;9.30675772;3.95739154
2071;207.09395953;0.00000000;34.08432122;8.64771799;1.80716882;1.34900896;-2.95432822;-0.08087863;9.34918148;3.93237362
2072;207.19395661;0.00000000;33.98600013;8.62949650;1.80706395;1.33877312;-2.96233588;-0.07928263;9.39114723;3.90761211
2073;207.29395370;0.00000000;33.88753463;8.61205454;1.80721342;1.33675677;-2.97018448;-0.07769237;9.43266377;3.88310225
2074;207.39395078;0.00000000;33.78893951;8.59537856;1.81211258;1.34298138;-2.97787406;-0.07610670;9.47373969;3.85883940
2075;207.49394786;0.00000000;33.69021751;8.57945297;1.82173883;1.35731795;-2.98540555;-0.07452614;9.51438327;3.83481909
2076;207.59394495;0.00000000;33.59138227;8.56426395;1.83603231;1.36427958;-2.99277897;-0.07294930;9.55460258;3.81103695
2077;207.69394203;0.00000000;33.49243625;8.54979592;1.82770953;1.34981727;-2.99999514;-0.07137691;9.59440543;3.78748875
2078;207.79393911;0.00000000;33.39339197;8.53603482;1.81504201;1.33606218;-3.00705403;-0.06980749;9.63379942;3.76417038
2079;207.89393619;0.00000000;33.29425164;8.52296513;1.80712763;1.32605927;-3.01395636;-0.06824194;9.67279191;3.74107785
2080;207.99393328;0.00000000;33.19502673;8.51057256;1.80404538;1.32423939;-3.02070209;-0.06667866;9.71139007;3.71820728
2081;208.09393036;0.00000000;33.09571918;8.49884159;1.80583562;1.32381559;-3.02729182;-0.06511867;9.74960086;3.69555490
2082;208.19392744;0.00000000;32.99633946;8.48775777;1.81249928;1.33113567;-3.03372548;-0.06356012;9.78743104;3.67311703
2083;208.29392453;0.00000000;32.89688925;8.47730559;1.79647430;1.34649066;-3.04000358;-0.06200436;9.82488719;3.65089010
2084;208.39392161;0.00000000;32.79737811;8.46747043;1.78141665;1.36777464;-3.04612601;-0.06044947;9.86197572;3.62887063
2085;208.49391869;0.00000000;32.69780744;8.45823678;1.77127981;1.35853411;-3.05209321;-0.05889692;9.89870284;3.60705525
2086;208.59391578;0.00000000;32.59818593;8.44958988;1.76616481;1.35565150;-3.05790505;-0.05734466;9.93507463;3.58544066
2087;208.69391286;0.00000000;32.49851471;8.44151423;1.76613077;1.36070587;-3.06356188;-0.05579442;9.97109699;3.56402364
2088;208.79390994;0.00000000;32.39880169;8.43399492;1.76837269;1.37359400;-3.06906361;-0.05424452;10.00677566;3.54280107
2089;208.89390703;0.00000000;32.29904768;8.42701648;1.77300324;1.39408362;-3.07441053;-0.05269599;10.04211625;3.52176990
2090;208.99390411;0.00000000;32.19925989;8.42056389;1.77945484;1.42091423;-3.07960243;-0.05114614;10.07712420;3.50092715
2091;209.09390119;0.00000000;32.09943883;8.41462165;1.77303802;1.41497736;-3.08463951;-0.04959792;10.11180484;3.48026994
2092;209.19389828;0.00000000;31.99959107;8.40917464;1.74987740;1.40953506;-3.08952175;-0.04805063;10.14616335;3.45979543
2093;209.29389536;0.00000000;31.89971677;8.40420738;1.73171317;1.40585191;-3.09424939;-0.04650344;10.18020480;3.43950086
2094;209.39389244;0.00000000;31.79982194;8.39970466;1.71872015;1.40973627;-3.09882196;-0.04495136;10.21393410;3.41938355
2095;209.49388953;0.00000000;31.69990639;8.39565096;1.71103152;1.42111077;-3.10323945;-0.04340128;10.24735608;3.39944085
2096;209.59388661;0.00000000;31.59997564;8.39203099;1.70873479;1.43978225;-3.10750216;-0.04185617;10.28047542;3.37967022
2097;209.69388369;0.00000000;31.50002919;8.38882926;1.71186704;1.46117282;-3.11161045;-0.04030951;10.31329672;3.36006914
2098;209.79388078;0.00000000;31.40007207;8.38603046;1.71466379;1.48605787;-3.11556335;-0.03875156;10.34582445;3.34063517
2099;209.89387786;0.00000000;31.30010342;8.38361897;1.69485853;1.48364627;-3.11936052;-0.03718988;10.37806297;3.32136591
2100;209.99387494;0.00000000;31.20012793;8.38157928;1.66949431;1.48160650;-3.12300029;-0.03560829;10.41001656;3.30225902
2101;210.09387203;0.00000000;31.10014435;8.37989557;1.64945961;1.47992274;-3.12648198;-0.03402599;10.44168939;3.28331224
2102;210.19386911;0.00000000;31.00015708;8.37855207;1.63496695;1.48256476;-3.12980505;-0.03243795;10.47308554;3.26452330
2103;210.29386619;0.00000000;30.90016451;8.37753289;1.62618010;1.49224135;-3.13296939;-0.03084999;10.50420898;3.24589005
2104;210.39386328;0.00000000;30.80017078;8.37682219;1.62320794;1.50880121;-3.13597480;-0.02926057;10.53506362;3.22741033
2105;210.49386036;0.00000000;30.70017385;8.37640406;1.61820707;1.53200616;-3.13882134;-0.02767076;10.56565325;3.20908207
2106;210.59385744;0.00000000;30.60017773;8.37626263;1.59169739;1.56154406;-3.14150867;-0.02607795;10.59598161;3.19090321
2107;210.69385453;0.00000000;30.50017995;8.37638196;1.56751070;1.57716050;3.13914853;-0.02448470;10.62605234;3.17287175
2108;210.79385161;0.00000000;30.40018444;8.37674612;1.54671071;1.57755224;3.13677997;-0.02288843;10.65586900;3.15498574
2109;210.89384869;0.00000000;30.30018829;8.37733915;1.53193976;1.58449599;3.13457098;-0.02129170;10.68543508;3.13724325
2110;210.99384578;0.00000000;30.20019543;8.37814507;1.52338980;1.59789030;3.13252187;-0.01969209;10.71475400;3.11964241
2111;211.09384286;0.00000000;30.10020248;8.37914790;1.51539630;1.61755980;3.13063268;-0.01809199;10.74382909;3.10218139
2112;211.19383994;0.00000000;30.00021345;8.38033161;1.48246304;1.64326299;3.12890370;-0.01648901;10.77266363;3.08485837
2113;211.29383703;0.00000000;29.90022449;8.38168021;1.45550611;1.67470797;3.12733497;-0.01488555;10.80126083;3.06767159
2114;211.39383411;0.00000000;29.80023974;8.38317761;1.43487941;1.68568042;3.12592679;-0.01327932;10.82962381;3.05061933
2115;211.49383119;0.00000000;29.70025489;8.38480781;1.42087375;1.69303177;3.12467919;-0.01167264;10.85775566;3.03369988
2116;211.59382828;0.00000000;29.60027428;8.38655468;1.41370266;1.70325750;3.12359244;-0.01006332;10.88565938;3.01691160
2117;211.69382536;0.00000000;29.50029312;8.38840219;1.41185564;1.71934736;3.12266658;-0.00845359;10.91333794;3.00025283
2118;211.79382244;0.00000000;29.40031600;8.39033418;1.40808999;1.74112239;3.12190187;-0.00684139;10.94079421;2.98372200
2119;211.89381953;0.00000000;29.30033770;8.39233461;1.37458674;1.76835825;3.12129834;-0.00522884;10.96803104;2.96731753
2120;211.99381661;0.00000000;29.20036306;8.39438726;1.34763644;1.79469331;3.12085622;-0.00361402;10.99505121;2.95103789
2121;212.09381369;0.00000000;29.10038648;8.39647610;1.32765270;1.80140241;3.12057556;-0.00199892;11.02185744;2.93488157
2122;212.19381078;0.00000000;29.00041310;8.39858485;1.31458165;1.81362806;3.12045653;-0.00038173;11.04845241;2.91884709
2123;212.29380786;0.00000000;28.90043693;8.40069749;1.30212027;1.83124463;3.12049921;0.00123563;11.07483874;2.90293299
2124;212.39380494;0.00000000;28.80046346;8.40279771;1.29728217;1.85408180;3.12070373;0.00285482;11.10101900;2.88713786
2125;212.49380203;0.00000000;28.70048634;8.40486945;1.27500212;1.88193546;3.12107015;0.00447412;11.12699571;2.87146030
2126;212.59379911;0.00000000;28.60051145;8.40689640;1.24176150;1.91456981;3.12159859;0.00609512;11.15277135;2.85589893
2127;212.69379619;0.00000000;28.50053211;8.40886248;1.21591687;1.95173219;3.12228913;0.00771609;11.17834836;2.84045240
2128;212.79379328;0.00000000;28.40055459;8.41075135;1.19796481;1.98771589;3.12314181;0.00933829;11.20372910;2.82511940
2129;212.89379036;0.00000000;28.30057196;8.41254692;1.15965586;2.01260894;3.12415672;0.01096046;11.22891594;2.80989862
2130;212.99378744;0.00000000;28.20059089;8.41423285;1.12720431;2.01755975;3.12533390;0.01258397;11.25391117;2.79478878
2131;213.09378453;0.00000000;28.10060424;8.41579302;1.10301674;2.02731188;3.12667343;0.01420731;11.27871704;2.77978864
2132;213.19378161;0.00000000;28.00061907;8.41721108;1.08766257;2.04177981;3.12817531;0.01583155;11.30333577;2.76489695
2133;213.29377869;0.00000000;27.90062812;8.41847091;1.07595306;2.06084940;3.12983964;0.01745527;11.32776954;-6.18141593
2134;213.39377578;0.00000000;27.80063885;8.41955616;1.04446862;2.08437720;3.13166624;0.01907859;11.27307038;-9.89362101
2135;213.49377286;0.00000000;27.70064389;8.42045068;1.01382735;2.11220045;3.13365524;0.02070293;11.18496532;-9.72562534
2136;213.59376994;0.00000000;27.60065114;8.42113816;0.99207989;2.14413446;3.13580693;0.02233290;11.09767457;-9.56323664
2137;213.69376703;0.00000000;27.50065322;8.42160234;0.98032311;2.17030559;3.13812169;0.02396355;11.01116657;-9.40590795
2138;213.79376411;0.00000000;27.40065838;8.42182689;0.97893433;2.19376692;3.14059967;0.02559833;10.92541361;-9.25406313
2139;213.89376119;0.00000000;27.30065937;8.42179547;0.97343899;2.22124234;-3.13994411;0.02723274;10.84038302;-9.10754685
2140;213.99375828;0.00000000;27.20066476;8.42149175;0.93495179;2.24199446;-3.13713925;0.02886706;10.75604238;-8.96627761
2141;214.09375536;0.00000000;27.10066747;8.42089937;0.90619563;2.25691658;-3.13417087;0.03050097;10.67235890;-8.83015138
2142;214.19375244;0.00000000;27.00067644;8.42000203;0.88813508;2.27583935;-3.13103926;0.03213442;10.58929959;-8.69905032
2143;214.29374953;0.00000000;26.90068482;8.41878333;0.88144291;2.29864946;-3.12774418;0.03376750;10.50683142;-8.57291293
2144;214.39374661;0.00000000;26.80070185;8.41722708;0.84780805;2.32145479;-3.12428598;0.03539987;10.42492081;-8.45160227
2145;214.49374369;0.00000000;26.70072107;8.41531683;0.82148538;2.32772479;-3.12066441;0.03703193;10.34353434;-8.33510556
2146;214.59374078;0.00000000;26.60075196;8.41303644;0.80696422;2.33789057;-3.11687985;0.03866297;10.26263758;-8.22325233
2147;214.69373786;0.00000000;26.50078855;8.41036947;0.79353155;2.35188616;-3.11293204;0.04029381;10.18219660;-8.11606898
2148;214.79373494;0.00000000;26.40084049;8.40729987;0.77040195;2.36962646;-3.10882137;0.04192345;10.10217606;-8.01336494
2149;214.89373203;0.00000000;26.30090245;8.40381115;0.73549951;2.39101330;-3.10454757;0.04355306;10.02254134;-7.91520482
2150;214.99372911;0.00000000;26.20098418;8.39988737;0.71345210;2.41593223;-3.10011107;0.04518134;9.94325602;-7.82137368
2151;215.09372619;0.00000000;26.10108114;8.39551204;0.70548106;2.43889688;-3.09551154;0.04680982;9.86428462;-7.73197767
2152;215.19372328;0.00000000;26.00120308;8.39066930;0.71032291;2.45195115;-3.09074943;0.04843687;9.78558944;-7.64678459
2153;215.29372036;0.00000000;25.90134636;8.38534268;0.68623448;2.46851436;-3.08582441;0.05006436;9.70713389;-7.56590820
2154;215.39371744;0.00000000;25.80152064;8.37951639;0.65473910;2.48849915;-3.08073690;0.05169064;9.62887900;-7.48911475
2155;215.49371453;0.00000000;25.70172350;8.37317401;0.63804635;2.50890294;-3.07548653;0.05331779;9.55078696;-7.41665498
2156;215.59371161;0.00000000;25.60196434;8.36629983;0.63733810;2.52086678;-3.07007374;0.05494271;9.47281605;-7.34813672
2157;215.69370869;0.00000000;25.50224183;8.35887747;0.64112949;2.53617848;-3.06449824;0.05656941;9.39492732;-7.28336168
2158;215.79370578;0.00000000;25.40256515;8.35089131;0.64911425;2.55165703;-3.05876002;0.05819996;9.31708267;-7.22387068
2159;215.89370286;0.00000000;25.30293486;8.34232502;0.64941669;2.54749044;-3.05285862;0.05981645;9.23922602;-7.17524535
2160;215.99369994;0.00000000;25.20335951;8.33316323;0.62226285;2.54664769;-3.04680041;0.06135246;9.16123847;-7.13067278
2161;216.09369703;0.00000000;25.10384065;8.32339055;0.59765544;2.54911664;-3.04058853;0.06288641;9.08307202;-7.09076176
2162;216.19369411;0.00000000;25.00438770;8.31299253;0.58984184;2.55487215;-3.03422395;0.06441086;9.00467025;-7.03174998
2163;216.29369119;0.00000000;24.90500028;8.30195376;0.59949421;2.56387708;-3.02770435;0.06622011;8.92624094;-6.86738128
2164;216.39368828;0.00000000;24.80569196;8.29025597;0.61111826;2.57607689;-3.02092307;0.06941288;8.84897402;-6.70344567
2165;216.49368536;0.00000000;24.70646297;8.27786862;0.62342882;2.57786831;-3.01382138;0.07268470;8.77289526;-6.51701993
2166;216.59368244;0.00000000;24.60733024;8.26476041;0.63645678;2.56476022;-3.00637081;0.07633420;8.69829438;-6.33702177
2167;216.69367953;0.00000000;24.50829761;8.25089549;0.65023857;2.55089578;-2.99855472;0.07998834;8.62513523;-6.16403680
2168;216.79367661;0.00000000;24.40938112;8.23623922;0.66480878;2.53624048;-2.99037388;0.08363549;8.55337281;-5.99870378
2169;216.89367369;0.00000000;24.31058961;8.22075602;0.66293533;2.52075893;-2.98182802;0.08726294;8.48295235;-5.84933950
2170;216.99367078;0.00000000;24.21193759;8.20441164;0.63623991;2.50619829;-2.97292765;0.09075105;8.41371778;-5.70622944
2171;217.09366786;0.00000000;24.11343781;8.18717265;0.62550116;2.49465893;-2.96367817;0.09422939;8.34562366;-5.57445916
2172;217.19366494;0.00000000;24.01510426;8.16900631;0.63156895;2.48614927;-2.95408594;0.09762203;8.27856116;-5.44739408
2173;217.29366203;0.00000000;23.91695392;8.14988115;0.65075597;2.48066735;-2.94415386;0.10102046;8.21249827;-5.32765925
2174;217.39365911;0.00000000;23.81899959;8.12976507;0.67094334;2.47819971;-2.93388392;0.10438373;8.14736934;-5.21284303
2175;217.49365619;0.00000000;23.72126393;8.10862837;0.69216244;2.47872202;-2.92327724;0.10774492;8.08313608;-5.10888436
2176;217.59365328;0.00000000;23.62375745;8.08643905;0.71444647;2.48219898;-2.91233961;0.11101158;8.01968465;-5.00849953
2177;217.69365036;0.00000000;23.52650843;8.06316993;0.73782483;2.46326356;-2.90107494;0.11429223;7.95698883;-4.91294978
2178;217.79364744;0.00000000;23.42952552;8.03878936;0.76233056;2.43885922;-2.88948215;0.11756588;7.89500538;-4.81997970
2179;217.89364453;0.00000000;23.33284318;8.01327223;0.78799172;2.41331971;-2.87756153;0.12086689;7.83371828;-4.72902931
2180;217.99364161;0.00000000;23.23646794;7.98658610;0.81484236;2.38661382;-2.86530798;0.12420358;7.77311802;-4.64055857
2181;218.09363869;0.00000000;23.14044127;7.95870787;0.84264960;2.35871980;-2.85272057;0.12756790;7.71318865;-4.55462403
2182;218.19363578;0.00000000;23.04476737;7.92960371;0.87148243;2.32960571;-2.83979411;0.13095824;7.65391278;-4.47093521
2183;218.29363286;0.00000000;22.94949458;7.89925292;0.90158153;2.29925306;-2.82652860;0.13437887;7.59527616;-4.38972811
2184;218.39362994;0.00000000;22.85462551;7.86762040;0.93298705;2.26762962;-2.81291812;0.13782520;7.53726077;-4.31039095
2185;218.49362703;0.00000000;22.76021518;7.83468822;0.96572026;2.23472098;-2.79896311;0.14130730;7.47985607;-4.23311389
2186;218.59362411;0.00000000;22.66626497;7.80041993;0.99982323;2.20049492;-2.78465625;0.14482144;7.42304848;-4.15743982
2187;218.69362119;0.00000000;22.57283655;7.76480068;1.03531530;2.16494207;-2.76999829;0.14837539;7.36683006;-4.08356464
2188;218.79361828;0.00000000;22.47993047;7.72779261;1.07224057;2.12803079;-2.75498068;0.15196532;7.31118978;-4.01098626
2189;218.89361536;0.00000000;22.38761481;7.68938422;1.11061636;2.08975799;-2.73960456;0.15560018;7.25612308;-3.93984238
2190;218.99361244;0.00000000;22.29589001;7.64953633;1.15048880;2.05009356;-2.72385998;0.15927719;7.20162319;-3.86968386
2191;219.09360953;0.00000000;22.20483018;7.60824105;1.19187323;2.00870643;-2.70774832;0.16300464;7.14768931;-3.80056764
2192;219.19360661;0.00000000;22.11443643;7.56545797;1.23481773;1.96574568;-2.69125819;0.16678129;7.09431963;-3.73211303
2193;219.29360369;0.00000000;22.02478849;7.52118304;1.27933573;1.92132404;-2.67439112;0.17061435;7.04151761;-3.66424888
2194;219.39360078;0.00000000;21.93588898;7.47537481;1.32547717;1.87541422;-2.65713421;0.17450507;6.98928765;-3.59668469
2195;219.49359786;0.00000000;21.84782275;7.42803325;1.37256650;1.82803297;-2.63948900;0.17845904;6.93763835;-3.52917114
2196;219.59359494;0.00000000;21.76059492;7.37911623;1.41212955;1.78126654;-2.62144097;0.18248105;6.88658204;-3.46157141
2197;219.69359203;0.00000000;21.67429487;7.32862777;1.43658077;1.73734307;-2.60299150;0.18657356;6.83613328;-3.39338643
2198;219.79358911;0.00000000;21.58893128;7.27652554;1.46806014;1.69643892;-2.58412444;0.19074650;6.78631422;-3.32462240
2199;219.89358619;0.00000000;21.50459754;7.22281768;1.50251126;1.65877357;-2.56484070;0.19499910;6.73714744;-3.25448530
2200;219.99358328;0.00000000;21.42130698;7.16746224;1.54444765;1.62452722;-2.54512231;0.19934754;6.68866784;-3.18326964
2201;220.09358036;0.00000000;21.33915631;7.11047133;1.59328105;1.59390897;-2.52496951;0.20378425;6.64090673;-3.10972277
2202;220.19357744;0.00000000;21.25816473;7.05180426;1.64843883;1.55212128;-2.50436254;0.20833537;6.59391505;-3.03434095
2203;220.29357453;0.00000000;21.17843184;6.99147701;1.70921285;1.49151817;-2.48330043;0.21298783;6.54773741;-2.95558699
2204;220.39357161;0.00000000;21.09998381;6.92945104;1.75218890;1.42948875;-2.46176145;0.21777396;6.50244301;-2.87417408
2205;220.49356869;0.00000000;21.02292259;6.86574599;1.79207604;1.36615305;-2.43974343;0.22267413;6.45809159;-2.78758475
2206;220.59356577;0.00000000;20.94728252;6.80032664;1.83851422;1.30101352;-2.41722191;0.22774285;6.41478342;-2.69743253
2207;220.69356286;0.00000000;20.87316742;6.73321584;1.89102225;1.23869625;-2.39419230;0.23293683;6.37259567;-2.60110616
2208;220.79355994;0.00000000;20.80062095;6.66438302;1.93721868;1.17536645;-2.37062945;0.23831203;6.33164825;-2.49943919
2209;220.89355702;0.00000000;20.72974951;6.59385512;1.98473434;1.11321171;-2.34652663;0.24384021;6.29205024;-2.39005850
2210;220.99355411;0.00000000;20.66060618;6.52160697;2.03811457;1.05481760;-2.32185596;0.24956962;6.25395063;-2.27249279
2211;221.09355119;0.00000000;20.59329906;6.44766878;2.09690852;1.00085345;-2.29660932;0.25549951;6.21750860;-2.13749689
2212;221.19354827;0.00000000;20.52789277;6.37202314;2.16070294;0.95203629;-2.27074259;0.26184444;6.18303536;-1.99881981
2213;221.29354536;0.00000000;20.46449769;6.29470102;2.22905694;0.90918686;-2.24423781;0.26823628;6.15062387;-1.86206007
2214;221.39354244;0.00000000;20.40319042;6.21569533;2.30158060;0.87314269;-2.21710117;0.27451566;6.12027555;-1.70505081
2215;221.49353952;0.00000000;20.34408593;6.13505158;2.36353613;0.83066314;-2.18932556;0.28123233;6.09235362;-1.52156218
2216;221.59353661;0.00000000;20.28726650;6.05276859;2.41760492;0.78930602;-2.16083885;0.28850954;6.06732800;-1.34060762
2217;221.69353369;0.00000000;20.23284637;5.96888427;2.47685207;0.74602231;-2.13163040;0.29554952;6.04519275;-1.15649619
2218;221.79353077;0.00000000;20.18092413;5.88342079;2.54092918;0.71022334;-2.10173313;0.30247749;6.02603210;-0.94928098
2219;221.89352786;0.00000000;20.13161385;5.79643139;2.60946760;0.68387402;-2.07111817;0.30978323;6.01025891;-0.73750808
2220;221.99352494;0.00000000;20.08501917;5.70795223;2.66001652;0.65438326;-2.03978375;0.31692402;5.99797590;-0.49870980
2221;222.09352202;0.00000000;20.04125998;5.61805854;2.71319991;0.62145362;-2.00772924;0.32445057;5.98965574;-0.22430118
2222;222.19351911;0.00000000;20.00043615;5.52678417;2.70045157;0.59994119;-1.97488345;0.33251031;5.98590986;-0.13841010
2223;222.29351619;0.00000000;19.96266947;5.43420717;2.66272125;0.59136152;-1.94132559;0.33516337;5.98359722;-0.13841010
2224;222.39351327;0.00000000;19.92801883;5.34041949;2.62811799;0.59626167;-1.90820325;0.32740776;5.98128368;0.14843725
2225;222.49351036;0.00000000;19.89645214;5.24553423;2.59660252;0.61438495;-1.87586555;0.31831372;5.98376479;0.46421906
2226;222.59350744;0.00000000;19.86792315;5.14970569;2.56812394;0.63309306;-1.84463044;0.30651148;5.99151752;0.85798747
2227;222.69350452;0.00000000;19.84234018;5.05303105;2.54258707;0.66046741;-1.81455094;0.29515556;6.00582007;1.21433570
2228;222.79350161;0.00000000;19.81962492;4.95565748;2.47213129;0.69852610;-1.78558493;0.28426931;6.02600487;1.53702508
2229;222.89349869;0.00000000;19.79968422;4.85766504;2.40573430;0.74570657;-1.75768354;0.27388395;6.05145691;1.82876660
2230;222.99349577;0.00000000;19.78243685;4.75917522;2.34389034;0.80043627;-1.73079538;0.26395544;6.08160122;2.09439645
2231;223.09349286;0.00000000;19.76779345;4.66025408;2.28691957;0.86132724;-1.70488611;0.25428682;6.11594150;2.34386689
2232;223.19348994;0.00000000;19.75567117;4.56100156;2.23213509;0.92718797;-1.67993088;0.24488713;6.15414496;2.57885472
2233;223.29348702;0.00000000;19.74598201;4.46147205;2.17864281;0.97463955;-1.65590214;0.23572870;6.19590640;2.80214425
2234;223.39348411;0.00000000;19.73864227;4.36175068;2.13058781;1.02668279;-1.63277969;0.22677683;6.24096696;3.01654488
2235;223.49348119;0.00000000;19.73356534;4.26188019;2.08828248;1.08367008;-1.61054156;0.21802678;6.28911440;3.22349050
2236;223.59347827;0.00000000;19.73066719;4.16193021;2.05202953;1.13358695;-1.58916979;0.20945573;6.34016082;3.42497693
2237;223.69347536;0.00000000;19.72986303;4.06193352;1.98914526;1.17131625;-1.56864711;0.20100440;6.39395141;3.62436941
2238;223.79347244;0.00000000;19.73106884;3.96194756;1.92773479;1.21434372;-1.54896632;0.19265190;6.45038506;3.82339471
2239;223.89346952;0.00000000;19.73420081;3.86199719;1.87125734;1.25865573;-1.53011344;0.18441548;6.50938738;4.02212093
2240;223.99346661;0.00000000;19.73917511;3.76212745;1.82012940;1.30455931;-1.51208188;0.17624676;6.57088463;4.22336430
2241;224.09346369;0.00000000;19.74590911;3.66235538;1.77475161;1.35481043;-1.49486262;0.16813879;6.63484536;4.42815462
2242;224.19346077;0.00000000;19.75431926;3.56271522;1.73551910;1.40892972;-1.47845315;0.16007803;6.70125198;4.63780915
2243;224.29345786;0.00000000;19.76432382;3.46321733;1.70278736;1.44953686;-1.46284544;0.15207204;6.77010435;4.85269489
2244;224.39345494;0.00000000;19.77583974;3.36388762;1.65480994;1.49440297;-1.44803831;0.14409226;6.84140509;5.07484751
2245;224.49345202;0.00000000;19.78878622;3.26472998;1.59408662;1.54234541;-1.43402704;0.13610281;6.91518354;5.30673269
2246;224.59344911;0.00000000;19.80308046;3.16576133;1.53533917;1.58955211;-1.42081930;0.12806929;6.99150048;5.30163076
2247;224.69344619;0.00000000;19.81864152;3.06698044;1.48007217;1.64042066;-1.40841315;0.12003470;7.06692113;5.25849456
2248;224.79344327;0.00000000;19.83538661;2.96839639;1.43073074;1.69467671;-1.39681344;0.11197294;7.14094129;5.21611659
2249;224.89344036;0.00000000;19.85323499;2.87000334;1.38787755;1.75206597;-1.38601839;0.10392151;7.21361458;5.17446852
2250;224.99343744;0.00000000;19.87210445;2.77180334;1.35206140;1.80149447;-1.37602962;0.09586372;7.28499135;5.13352372
2251;225.09343452;0.00000000;19.89191481;2.67378674;1.32377786;1.83512705;-1.36684578;0.08780498;7.35511888;5.09325718
2252;225.19343161;0.00000000;19.91258466;2.57594949;1.30344167;1.87269491;-1.35846936;0.07973067;7.42404172;5.05364531
2253;225.29342869;0.00000000;19.93403419;2.47827880;1.28297694;1.91403734;-1.35089995;0.07165051;7.49180185;5.01466587
2254;225.39342577;0.00000000;19.95618273;2.38076532;1.23687730;1.94915459;-1.34414002;0.06355301;7.55843892;4.97629786
2255;225.49342286;0.00000000;19.97895071;2.28339380;1.18061213;1.98267678;-1.33818976;0.05544567;7.62399039;4.93852142
2256;225.59341994;0.00000000;20.00225808;2.18615051;1.12345196;2.01751395;-1.33305165;0.04731942;7.68849172;4.90131772
2257;225.69341702;0.00000000;20.02602538;2.08901837;1.07202486;2.05619598;-1.32872630;0.03918223;7.75197652;4.86466895
2258;225.79341411;0.00000000;20.05017307;1.99198008;1.02080166;2.09858232;-1.32521588;0.03102758;7.81447665;4.82855816
2259;225.89341119;0.00000000;20.07462165;1.89501745;0.97744131;2.12953563;-1.32252120;0.02286143;7.87602240;4.79296928
2260;225.99340827;0.00000000;20.09929193;1.79811051;0.94295123;2.15041187;-1.32064417;0.01467920;7.93664253;4.75788701
2261;226.09340536;0.00000000;20.12410426;1.70124056;0.91825171;2.17554693;-1.31958572;0.00648623;7.99636444;4.72329677
2262;226.19340244;0.00000000;20.14897961;1.60438591;0.90406356;2.20487329;-1.31934738;-0.00172045;8.05521422;4.68918469
2263;226.29339952;0.00000000;20.17383803;1.50752801;0.90080177;2.23830239;-1.31993009;-0.00993686;8.11321673;4.65553752
2264;226.39339661;0.00000000;20.19860047;1.41064432;0.85531906;2.27572973;-1.32133508;-0.01816494;8.17039571;4.62234262
2265;226.49339369;0.00000000;20.22318655;1.31371713;0.81097272;2.31703483;-1.32356326;-0.02640153;8.22677383;4.58958791
2266;226.59339077;0.00000000;20.24751698;1.21672399;0.77678023;2.36208809;-1.32661560;-0.03464803;8.28237275;4.55726182
2267;226.69338786;0.00000000;20.27151082;1.11964866;0.75404398;2.39646323;-1.33049298;-0.04290283;8.33721322;4.52535330
2268;226.79338494;0.00000000;20.29508834;1.02246975;0.74373229;2.41231393;-1.33519631;-0.05116756;8.39131506;4.49385176
2269;226.89338202;0.00000000;20.31816793;0.92517314;0.71252376;2.42379051;-1.34072654;-0.05944035;8.44469731;4.46274704
2270;226.99337911;0.00000000;20.34066915;0.82773944;0.69025997;2.43748634;-1.34708449;-0.06772354;8.49737818;-1.48763372
2271;227.09337619;0.00000000;20.36250962;0.73015733;0.68139822;2.45584506;-1.35427131;-0.07601864;8.47985365;-6.31565164
2272;227.19337327;0.00000000;20.38360802;0.63241038;0.67498764;2.47884321;-1.36228842;-0.08432960;8.40504756;-5.83090677
2273;227.29337036;0.00000000;20.40388105;0.53449062;0.65285874;2.49372903;-1.37113735;-0.09265701;8.33538704;-5.35469426
2274;227.39336744;0.00000000;20.42324623;0.43638569;0.64470438;2.50428357;-1.38082023;-0.10100839;8.27089895;-4.88560464
2275;227.49336452;0.00000000;20.44161932;0.33809117;0.65096823;2.51976229;-1.39133911;-0.10937264;8.21161842;-4.42053011
2276;227.59336161;0.00000000;20.45891643;0.23960054;0.62777376;2.54015548;-1.40269536;-0.11776302;8.15760975;-4.00826536
2277;227.69335869;0.00000000;20.47505231;0.14091603;0.60474559;2.53906015;-1.41487425;-0.12542243;8.10832702;-3.65442482
2278;227.79335577;0.00000000;20.48994991;0.04203539;0.59651932;2.53662394;-1.42775651;-0.13223144;8.06313236;-3.44137905
2279;227.89335286;0.00000000;20.50353904;-0.05702948;0.60363467;2.53944816;-1.44126855;-0.13691687;8.02033963;-3.38083299
2280;227.99334994;0.00000000;20.51577210;-0.15627442;0.61585325;2.54756136;-1.45507801;-0.13928150;7.97807626;-3.34563264
2281;228.09334702;0.00000000;20.52662179;-0.25567886;0.62669244;2.56093583;-1.46911480;-0.14127907;7.93603137;-3.33519533
2282;228.19334411;0.00000000;20.53606643;-0.35522835;0.63612963;2.56393890;-1.48332395;-0.14291747;7.89389474;-3.32101099
2283;228.29334119;0.00000000;20.54408736;-0.45490227;0.64414544;2.55591738;-1.49770002;-0.14464563;7.85171264;-3.30350494
2284;228.39333827;0.00000000;20.55066576;-0.55468169;0.65072048;2.54933861;-1.51225453;-0.14645772;7.80952685;-3.28531792
2285;228.49333536;0.00000000;20.55578219;-0.65454692;0.65583487;2.54422197;-1.52699192;-0.14831207;7.76734609;-3.26570546
2286;228.59333244;0.00000000;20.55941698;-0.75447695;0.65946862;2.54058707;-1.54191782;-0.15022153;7.72518888;-3.24633950
2287;228.69332952;0.00000000;20.56155028;-0.85445062;0.66160156;2.52472642;-1.55703641;-0.15215933;7.68305241;-3.22748294
2288;228.79332661;0.00000000;20.56216221;-0.95444442;0.66221349;2.50007837;-1.57234969;-0.15412180;7.64093034;-3.20850208
2289;228.89332369;0.00000000;20.56123302;-1.05443651;0.66128441;2.48073670;-1.58786099;-0.15612030;7.59882457;-3.18885100
2290;228.99332077;0.00000000;20.55874296;-1.15440113;0.65879423;2.46685101;-1.60357436;-0.15816483;7.55674422;-3.16922877
2291;229.09331786;0.00000000;20.55467215;-1.25431495;0.66354875;2.45853730;-1.61949427;-0.16024416;7.51468934;-3.14952894
2292;229.19331494;0.00000000;20.54900097;-1.35414931;0.68152023;2.45587524;-1.63562359;-0.16236091;7.47266141;-3.12961938
2293;229.29331202;0.00000000;20.54170959;-1.45387985;0.70969983;2.45890492;-1.65196684;-0.16451817;7.43066369;-3.10918776
2294;229.39330911;0.00000000;20.53277868;-1.55347532;0.73440125;2.46762593;-1.66852785;-0.16672227;7.38870378;-3.08853288
2295;229.49330619;0.00000000;20.52218843;-1.65290985;0.72718124;2.45592050;-1.68531175;-0.16896866;7.34678535;-3.06735388
2296;229.59330327;0.00000000;20.50991990;-1.75214921;0.72858557;2.44498113;-1.70232226;-0.17126359;7.30491629;-3.04579008
2297;229.69330036;0.00000000;20.49595335;-1.85116608;0.74188363;2.43980828;-1.71956503;-0.17360532;7.26310277;-3.02350702
2298;229.79329744;0.00000000;20.48027039;-1.94992314;0.76642994;2.42031776;-1.73704415;-0.17600085;7.22135569;-3.00068212
2299;229.89329452;0.00000000;20.46285138;-2.04839146;0.76299440;2.40014699;-1.75476588;-0.17844763;7.17968378;-2.97697593
2300;229.99329161;0.00000000;20.44367864;-2.14653045;0.74833313;2.38577246;-1.77273463;-0.18095287;7.13810068;-2.95257018
2301;230.09328869;0.00000000;20.42273267;-2.24430939;0.74508077;2.37732807;-1.79095724;-0.18351383;7.09661782;-2.92707181
2302;230.19328577;0.00000000;20.39999669;-2.34168430;0.75336097;2.37490598;-1.80943850;-0.18613884;7.05525245;-2.90063780
2303;230.29328286;0.00000000;20.37545139;-2.43862246;0.77277560;2.37563905;-1.82818596;-0.18882546;7.01402000;-2.87288012
2304;230.39327994;0.00000000;20.34908111;-2.53507631;0.77376171;2.35810309;-1.84720484;-0.19158200;6.97294180;-2.84394794
2305;230.49327702;0.00000000;20.32086683;-2.63101096;0.76716309;2.34660905;-1.86650345;-0.19440596;6.93203753;-2.81338446
2306;230.59327411;0.00000000;20.29079420;-2.72637508;0.77161325;2.34127928;-1.88608749;-0.19730702;6.89133396;-2.78134294
2307;230.69327119;0.00000000;20.25884461;-2.82113126;0.75994366;2.34218642;-1.90596613;-0.20028232;6.85085626;-2.74742951
2308;230.79326827;0.00000000;20.22500526;-2.91522437;0.73745903;2.34935243;-1.92614554;-0.20334019;6.81063592;-2.71163076
2309;230.89326536;0.00000000;20.18925809;-3.00861431;0.72609867;2.36274836;-1.94663568;-0.20648085;6.77070537;-2.67335080
2310;230.99326244;0.00000000;20.15159218;-3.10124173;0.72635914;2.38229305;-1.96744368;-0.20971670;6.73110665;-2.63310842
2311;231.09325952;0.00000000;20.11199021;-3.19306341;0.73819625;2.40786154;-1.98858051;-0.21303606;6.69187495;-2.59036171
2312;231.19325661;0.00000000;20.07044339;-3.28401589;0.75889834;2.41111632;-2.01005283;-0.21644993;6.65305442;-2.54448778
2313;231.29325369;0.00000000;20.02693558;-3.37405238;0.74809837;2.41083263;-2.03187267;-0.21997083;6.61469957;-2.49511948
2314;231.39325077;0.00000000;19.98146025;-3.46310550;0.73143873;2.41688735;-2.05404937;-0.22360523;6.57687168;-2.44351383
2315;231.49324786;0.00000000;19.93400267;-3.55112427;0.72601699;2.42926675;-2.07659500;-0.22732285;6.53961410;-2.38816714
2316;231.59324494;0.00000000;19.88455936;-3.63803673;0.73204921;2.44790382;-2.09951662;-0.23115539;6.50299416;-2.32859076
2317;231.69324202;0.00000000;19.83311768;-3.72378765;0.74921910;2.44598855;-2.12282869;-0.23511076;6.46708810;-2.26438002
2318;231.79323911;0.00000000;19.77967720;-3.80830090;0.71778050;2.43552774;-2.14654158;-0.23919418;6.43197992;-2.19456246
2319;231.89323619;0.00000000;19.72422789;-3.89151598;0.69401871;2.43153176;-2.17067081;-0.24342328;6.39777039;-2.11863324
2320;231.99323327;0.00000000;19.66677231;-3.97335275;0.68175633;2.43407740;-2.19522967;-0.24780351;6.36457003;-2.03636048
2321;232.09323036;0.00000000;19.60730400;-4.05374428;0.68157669;2.44318641;-2.22023479;-0.25233260;6.33249489;-1.94698698
2322;232.19322744;0.00000000;19.54582889;-4.13260638;0.69344484;2.45882414;-2.24569987;-0.25701953;6.30167481;-1.84899195
2323;232.29322452;0.00000000;19.48234507;-4.20986530;0.66956181;2.48090395;-2.27164314;-0.26188993;6.27226577;-1.74185682
2324;232.39322161;0.00000000;19.41686199;-4.28543285;0.65005696;2.50928641;-2.29808219;-0.26694266;6.24443405;-1.62429408
2325;232.49321869;0.00000000;19.34938392;-4.35922703;0.64295663;2.53632944;-2.32503641;-0.27219306;6.21836854;-1.49591654
2326;232.59321577;0.00000000;19.27992324;-4.43115648;0.64470149;2.53779255;-2.35252523;-0.27763116;6.19426612;-1.35337147
2327;232.69321286;0.00000000;19.20849265;-4.50112981;0.64367188;2.53882292;-2.38056921;-0.28331762;6.17237931;-1.19625915
2328;232.79320994;0.00000000;19.13510755;-4.56905234;0.63981481;2.54268504;-2.40919444;-0.28923351;6.15296851;-1.02130920
2329;232.89320702;0.00000000;19.05979104;-4.63482214;0.63307823;2.54943416;-2.43842347;-0.29542762;6.13634790;-0.82848866
2330;232.99320410;0.00000000;18.98256136;-4.69834108;0.62340970;2.55912637;-2.46828588;-0.30185964;6.12283208;-0.61278175
2331;233.09320119;0.00000000;18.90345363;-4.75949697;0.61076075;2.57181578;-2.49880445;-0.30860971;6.11281604;-0.37190665
2332;233.19319827;0.00000000;18.82249183;-4.81818599;0.59885772;2.58555922;-2.53001649;-0.31567666;6.10672914;-0.25646618
2333;233.29319535;0.00000000;18.73973276;-4.87428671;0.59795323;2.58455907;-2.56177183;-0.31920595;6.10252808;-0.14385568
2334;233.39319244;0.00000000;18.65520771;-4.92772880;0.59723025;2.59061133;-2.59385743;-0.32247594;6.10017038;-0.14385568
2335;233.49318952;0.00000000;18.56904205;-4.97840802;0.60662209;2.59155088;-2.62591554;-0.31838117;6.09781177;0.01779045
2336;233.59318660;0.00000000;18.48125812;-5.02634528;0.60194578;2.59218776;-2.65753274;-0.31383137;6.09810351;0.18583640
2337;233.69318369;0.00000000;18.39206722;-5.07147864;0.61066061;2.58693949;-2.68864383;-0.30862949;6.10115011;0.36766403
2338;233.79318077;0.00000000;18.30146539;-5.11386636;0.61312605;2.58613400;-2.71926983;-0.30376942;6.10717310;0.52595485
2339;233.89317785;0.00000000;18.20967647;-5.15346096;0.60779634;2.54655761;-2.74930133;-0.29701979;6.11577887;0.74605004
2340;233.99317494;0.00000000;18.11669756;-5.19033363;0.61116709;2.50972230;-2.77868316;-0.29051857;6.12796515;0.94528959
2341;234.09317202;0.00000000;18.02273925;-5.22447223;0.62776937;2.47563273;-2.80736806;-0.28336487;6.14337116;1.15962355
2342;234.19316910;0.00000000;17.92780176;-5.25595133;0.65666872;2.44420742;-2.83536415;-0.27647766;6.16221772;1.35453681
2343;234.29316619;0.00000000;17.83207835;-5.28477926;0.68528878;2.41543444;-2.86267215;-0.26986263;6.18415933;1.53157594
2344;234.39316327;0.00000000;17.73556514;-5.31102641;0.71139655;2.38923903;-2.88934241;-0.26346845;6.20887533;1.69422773
2345;234.49316035;0.00000000;17.63843904;-5.33471069;0.73498512;2.36560234;-2.91537503;-0.25734876;6.23610203;1.84163376
2346;234.59315744;0.00000000;17.54069183;-5.35589727;0.75610780;2.34445658;-2.94081789;-0.25144804;6.26556339;1.97707064
