id; s_m; d_m; x_m; y_m; d_right; d_left; psi_rad; kappa_radpm; vx_mps; ax_mps2
0;0.00000000;0.00000000;16.89356020;-18.07661334;1.55908537;1.54860166;3.10809799;-0.02535622;0.00000000;0.00000000
1;0.10000000;0.00000000;16.79367600;-18.07326650;1.56539669;1.54762046;3.10556236;-0.03774586;0.00000000;0.00000000
2;0.20000000;0.00000000;16.69381005;-18.06941317;1.57752418;1.55147485;3.10054882;-0.04955820;0.00000000;0.00000000
3;0.30000000;0.00000000;16.59396443;-18.06506497;1.59534618;1.55582432;3.09565072;-0.04840302;0.00000000;0.00000000
4;0.40000000;0.00000000;16.49414102;-18.06023353;1.61868533;1.56065725;3.09086821;-0.04724687;0.00000000;0.00000000
5;0.50000000;0.00000000;16.39434156;-18.05493052;1.63467320;1.56596200;3.08620135;-0.04609019;0.00000000;0.00000000
6;0.60000000;0.00000000;16.29456760;-18.04916758;1.62890788;1.57172694;3.08165017;0.04631364;0.00000000;0.00000000
7;0.70000000;0.00000000;16.19482054;-18.04295639;1.62269376;1.57794043;3.09546408;0.14019861;0.00000000;0.00000000
8;0.80000000;0.00000000;16.09492616;-18.03995187;1.61968903;1.58094578;3.10968990;0.05208586;0.00000000;0.00000000
9;0.90000000;0.00000000;15.99504279;-18.03658076;1.61631756;1.58431782;3.10588125;-0.03821431;0.00000000;0.00000000
10;1.00000000;0.00000000;15.89517349;-18.03281539;1.61255158;1.58808426;3.10204703;0.00543139;0.00000000;0.00000000
11;1.10000000;0.00000000;15.79531890;-18.02867844;1.60841378;1.59222243;3.10696753;0.04566715;0.00000000;0.00000000
12;1.20000000;0.00000000;15.69541755;-18.02589605;1.60563129;1.59500560;3.11118046;0.03774709;0.00000000;0.00000000
13;1.30000000;0.00000000;15.59553166;-18.02260060;1.60233551;1.59830196;3.11451695;0.02929887;0.00000000;0.00000000
14;1.40000000;0.00000000;15.49561395;-18.02048490;1.60021992;1.60041829;3.11704024;-0.02136052;0.00000000;0.00000000
15;1.50000000;0.00000000;15.39571272;-18.01769357;1.59742849;1.60321039;3.11024484;-0.06726338;0.00000000;0.00000000
16;1.60000000;0.00000000;15.29583289;-18.01422015;1.59395464;1.60668480;3.10358756;-0.02251578;0.00000000;0.00000000
17;1.70000000;0.00000000;15.19597768;-18.01009897;1.58983262;1.61080721;3.10574169;0.01889323;0.00000000;0.00000000
18;1.80000000;0.00000000;15.09608391;-18.00705589;1.58678933;1.61385115;3.10736621;-0.02984193;0.00000000;0.00000000
19;1.90000000;0.00000000;14.99621588;-18.00325916;1.58299199;1.61764898;3.09977330;-0.03301384;0.00000000;0.00000000
20;2.00000000;0.00000000;14.89637976;-17.99869952;1.57843116;1.62221007;3.10076344;0.04986195;0.00000000;0.00000000
21;2.10000000;0.00000000;14.79650446;-17.99510057;1.57483171;1.62581006;3.10974569;0.04010342;0.00000000;0.00000000
22;2.20000000;0.00000000;14.69660257;-17.99233507;1.57206613;1.62857634;3.10878412;-0.01433152;0.00000000;0.00000000
23;2.30000000;0.00000000;14.59673442;-17.98854405;1.56827450;1.63236847;3.10687939;0.02002337;0.00000000;0.00000000
24;2.40000000;0.00000000;14.49684376;-17.98539800;1.56512820;1.63551543;3.11278880;0.05219997;0.00000000;0.00000000
25;2.50000000;0.00000000;14.39693764;-17.98278754;1.56251771;1.63812663;3.11731938;0.03713336;0.00000000;0.00000000
26;2.60000000;0.00000000;14.29702252;-17.98054673;1.56027698;1.64036811;3.12021547;0.02106288;0.00000000;0.00000000
27;2.70000000;0.00000000;14.19710292;-17.97851499;1.55824537;1.64240048;3.12153196;-0.03630382;0.00000000;0.00000000
28;2.80000000;0.00000000;14.09718223;-17.97653726;1.55626778;1.64437884;3.11295471;-0.08936597;0.00000000;0.00000000
29;2.90000000;0.00000000;13.99731278;-17.97279184;1.55252177;1.64812537;3.10365876;-0.05272258;0.00000000;0.00000000
30;3.00000000;0.00000000;13.89744612;-17.96895685;1.54868614;1.65196151;3.10241019;-0.01769359;0.00000000;0.00000000
31;3.10000000;0.00000000;13.79758574;-17.96496204;1.54469059;1.65595754;3.10012004;-0.02965448;0.00000000;0.00000000
32;3.20000000;0.00000000;13.69773771;-17.96066967;1.54039726;1.66025126;3.09647930;-0.04286936;0.00000000;0.00000000
33;3.30000000;0.00000000;13.59790909;-17.95594784;1.53567410;1.65577772;3.09154617;-0.05305969;0.00000000;0.00000000
34;3.40000000;0.00000000;13.49810833;-17.95067058;1.53039497;1.63436742;3.08586736;-0.06221053;0.00000000;0.00000000
35;3.50000000;0.00000000;13.39833981;-17.94481526;1.52453715;1.61942914;3.07910407;-0.07529886;0.00000000;0.00000000
36;3.60000000;0.00000000;13.29861968;-17.93818856;1.51790696;1.60717671;3.07080759;-0.08835214;0.00000000;0.00000000
37;3.70000000;0.00000000;13.19896230;-17.93067869;1.51039226;1.60030437;3.06143364;-0.14138747;0.00000000;0.00000000
38;3.80000000;0.00000000;13.09938419;-17.92218375;1.50189078;1.60064627;3.04253009;-0.20425533;0.00000000;0.00000000
39;3.90000000;0.00000000;13.00008629;-17.91091282;1.49650050;1.60998715;3.02058257;-0.18164592;0.00000000;0.00000000
40;4.00000000;0.00000000;12.90097757;-17.89805666;1.49617843;1.62283269;3.00620091;-0.14165684;0.00000000;0.00000000
41;4.10000000;0.00000000;12.80204121;-17.88393410;1.50124560;1.63694343;2.99225121;-0.14246750;0.00000000;0.00000000
42;4.20000000;0.00000000;12.70333044;-17.86831834;1.51141693;1.65254606;2.97770741;-0.14804089;0.00000000;0.00000000
43;4.30000000;0.00000000;12.60484728;-17.85132446;1.52669960;1.66127340;2.96264303;-0.15947173;0.00000000;0.00000000
44;4.40000000;0.00000000;12.50665283;-17.83274239;1.51218506;1.64960288;2.94581306;-0.16722159;0.00000000;0.00000000
45;4.50000000;0.00000000;12.40879931;-17.81244424;1.49334807;1.64568516;2.92919871;-0.15950722;0.00000000;0.00000000
46;4.60000000;0.00000000;12.31127606;-17.79061009;1.47946571;1.64939854;2.91391162;-0.15672329;0.00000000;0.00000000
47;4.70000000;0.00000000;12.21408822;-17.76732995;1.46591347;1.66060509;2.89785405;-0.16714389;0.00000000;0.00000000
48;4.80000000;0.00000000;12.11731889;-17.74237627;1.45571253;1.66680724;2.88048284;-0.16936950;0.00000000;0.00000000
49;4.90000000;0.00000000;12.02099869;-17.71573445;1.45058567;1.66519108;2.86398015;-0.16406861;0.00000000;0.00000000
50;5.00000000;0.00000000;11.92510370;-17.68760048;1.45078370;1.67111254;2.84766912;-0.17359249;0.00000000;0.00000000
51;5.10000000;0.00000000;11.82970531;-17.65783172;1.44980542;1.68464532;2.82926165;-0.18263453;0.00000000;0.00000000
52;5.20000000;0.00000000;11.73490983;-17.62618695;1.43435382;1.70585944;2.81114221;-0.18562735;0.00000000;0.00000000
53;5.30000000;0.00000000;11.64065004;-17.59298042;1.42410818;1.73338595;2.79213618;-0.19370619;0.00000000;0.00000000
54;5.40000000;0.00000000;11.54712339;-17.55775520;1.41868750;1.73905956;2.77240098;-0.18501773;0.00000000;0.00000000
55;5.50000000;0.00000000;11.45424515;-17.52085412;1.41850058;1.73437382;2.75513264;-0.16930972;0.00000000;0.00000000
56;5.60000000;0.00000000;11.36199198;-17.48242101;1.42369117;1.71441226;2.73853903;-0.17742560;0.00000000;0.00000000
57;5.70000000;0.00000000;11.27039200;-17.44245962;1.43366631;1.69213384;2.71964752;-0.19484577;0.00000000;0.00000000
58;5.80000000;0.00000000;11.17966172;-17.40057156;1.42965646;1.67762701;2.69956988;-0.18960870;0.00000000;0.00000000
59;5.90000000;0.00000000;11.08974106;-17.35696585;1.43072737;1.67088466;2.68172578;-0.17286356;0.00000000;0.00000000
60;6.00000000;0.00000000;11.00056064;-17.31186584;1.42548201;1.67177253;2.66499717;-0.16771857;0.00000000;0.00000000
61;6.10000000;0.00000000;10.91214864;-17.26527644;1.42426582;1.68028660;2.64818206;-0.16861346;0.00000000;0.00000000
62;6.20000000;0.00000000;10.82453359;-17.21720254;1.42837080;1.69631870;2.63127448;-0.17500999;0.00000000;0.00000000
63;6.30000000;0.00000000;10.73774437;-17.16764903;1.43774106;1.70262405;2.61318007;-0.18360455;0.00000000;0.00000000
64;6.40000000;0.00000000;10.65192365;-17.11643516;1.45204809;1.69016312;2.59455357;-0.20814448;0.00000000;0.00000000
65;6.50000000;0.00000000;10.56704133;-17.06368427;1.46665221;1.68108210;2.57155117;-0.25205622;0.00000000;0.00000000
66;6.60000000;0.00000000;10.48367622;-17.00858400;1.48321152;1.67933358;2.54414232;-0.25929103;0.00000000;0.00000000
67;6.70000000;0.00000000;10.40181939;-16.95126722;1.50056708;1.68155778;2.51969296;-0.22257769;0.00000000;0.00000000
68;6.80000000;0.00000000;10.32124248;-16.89215461;1.51574800;1.66639762;2.49962678;-0.19065235;0.00000000;0.00000000
69;6.90000000;0.00000000;10.24174576;-16.83159554;1.52914210;1.65302136;2.48156249;-0.18295033;0.00000000;0.00000000
70;7.00000000;0.00000000;10.16335415;-16.76960908;1.54074496;1.64298338;2.46303672;-0.19196814;0.00000000;0.00000000
71;7.10000000;0.00000000;10.08615171;-16.70614382;1.55046062;1.64088641;2.44316887;-0.19656142;0.00000000;0.00000000
72;7.20000000;0.00000000;10.01028329;-16.64109117;1.55810981;1.64154427;2.42372443;-0.18789568;0.00000000;0.00000000
73;7.30000000;0.00000000;9.93560960;-16.57467491;1.56394946;1.64957383;2.40558973;-0.18129130;0.00000000;0.00000000
74;7.40000000;0.00000000;9.86215336;-16.50691707;1.56797922;1.66536112;2.38746617;-0.18119626;0.00000000;0.00000000
75;7.50000000;0.00000000;9.78993704;-16.43783972;1.57019893;1.65308998;2.36935048;-0.18113425;0.00000000;0.00000000
76;7.60000000;0.00000000;9.71898292;-16.36746502;1.57060867;1.63339797;2.35123932;-0.18404398;0.00000000;0.00000000
77;7.70000000;0.00000000;9.64931313;-16.29581523;1.56920868;1.62144445;2.33254168;-0.16718066;0.00000000;0.00000000
78;7.80000000;0.00000000;9.58103637;-16.22283345;1.56588205;1.61752299;2.31780319;-0.14447416;0.00000000;0.00000000
79;7.90000000;0.00000000;9.51350714;-16.14915985;1.56153784;1.62078691;2.30364685;-0.16314373;0.00000000;0.00000000
80;8.00000000;0.00000000;9.44732691;-16.07427797;1.55538592;1.62693395;2.28517445;-0.18659369;0.00000000;0.00000000
81;8.10000000;0.00000000;9.38256888;-15.99816495;1.54735859;1.63495428;2.26632811;-0.18869754;0.00000000;0.00000000
82;8.20000000;0.00000000;9.31925849;-15.92084359;1.53745428;1.63644101;2.24743494;-0.19129986;0.00000000;0.00000000
83;8.30000000;0.00000000;9.25742108;-15.84233733;1.52567206;1.62409805;2.22806814;-0.22038689;0.00000000;0.00000000
84;8.40000000;0.00000000;9.19715107;-15.76262062;1.51453353;1.61206428;2.20335756;-0.25068765;0.00000000;0.00000000
85;8.50000000;0.00000000;9.13926464;-15.68115150;1.50698393;1.59964362;2.17793061;-0.20497216;0.00000000;0.00000000
86;8.60000000;0.00000000;9.08312364;-15.59847249;1.50391936;1.59552987;2.16236313;-0.14391735;0.00000000;0.00000000
87;8.70000000;0.00000000;9.02780195;-15.51524175;1.50650283;1.59865532;2.14914714;-0.15771477;0.00000000;0.00000000
88;8.80000000;0.00000000;8.97386844;-15.43111209;1.51404265;1.60963650;2.13082017;-0.19223299;0.00000000;0.00000000
89;8.90000000;0.00000000;8.92163699;-15.34591499;1.52611226;1.62865835;2.11070054;-0.19802798;0.00000000;0.00000000
90;9.00000000;0.00000000;8.87113057;-15.25968214;1.53905271;1.62312096;2.09121458;-0.16726612;0.00000000;0.00000000
91;9.10000000;0.00000000;8.82225504;-15.17250904;1.53711918;1.61776148;2.07724732;-0.15116352;0.00000000;0.00000000
92;9.20000000;0.00000000;8.77417438;-15.08489451;1.53370493;1.61947526;2.06098187;-0.19252961;0.00000000;0.00000000
93;9.30000000;0.00000000;8.72816050;-14.99617872;1.53445735;1.62296309;2.03874140;-0.20512487;0.00000000;0.00000000
94;9.40000000;0.00000000;8.68402532;-14.90651694;1.53960713;1.61473116;2.01995690;-0.18427555;0.00000000;0.00000000
95;9.50000000;0.00000000;8.64137682;-14.81613712;1.53170106;1.61245023;2.00188629;-0.19554273;0.00000000;0.00000000
96;9.60000000;0.00000000;8.60051182;-14.72494253;1.52661105;1.61831106;1.98084835;-0.20630294;0.00000000;0.00000000
97;9.70000000;0.00000000;8.56170452;-14.63285310;1.51523983;1.63250244;1.96062570;-0.18056079;0.00000000;0.00000000
98;9.80000000;0.00000000;8.52455764;-14.54007415;1.50861142;1.64313354;1.94473619;-0.18487479;0.00000000;0.00000000
99;9.90000000;0.00000000;8.48869626;-14.44679865;1.50721121;1.62170313;1.92365074;-0.23623149;0.00000000;0.00000000
100;10.00000000;0.00000000;8.45549428;-14.35253787;1.50959855;1.60903320;1.89748990;-0.23054759;0.00000000;0.00000000
101;10.10000000;0.00000000;8.42455749;-14.25750645;1.51619564;1.60489930;1.87754122;-0.16681165;0.00000000;0.00000000
102;10.20000000;0.00000000;8.39514087;-14.16199354;1.51474352;1.60857394;1.86412757;-0.13229918;0.00000000;0.00000000
103;10.30000000;0.00000000;8.36676454;-14.06616711;1.50737587;1.61950003;1.85108138;-0.13547581;0.00000000;0.00000000
104;10.40000000;0.00000000;8.33985045;-13.96992154;1.50509514;1.63795557;1.83703240;-0.14158930;0.00000000;0.00000000
105;10.50000000;0.00000000;8.31417778;-13.87333688;1.50815856;1.65769881;1.82276352;-0.14952274;0.00000000;0.00000000
106;10.60000000;0.00000000;8.29002136;-13.77636423;1.50959950;1.65746251;1.80712786;-0.15927244;0.00000000;0.00000000
107;10.70000000;0.00000000;8.26738133;-13.67902530;1.49811611;1.66479471;1.79090904;-0.17392990;0.00000000;0.00000000
108;10.80000000;0.00000000;8.24638284;-13.58132110;1.49156631;1.66288096;1.77234188;-0.19588059;0.00000000;0.00000000
109;10.90000000;0.00000000;8.22737291;-13.48321233;1.48966908;1.65770064;1.75173292;-0.20435111;0.00000000;0.00000000
110;11.00000000;0.00000000;8.21041821;-13.38472568;1.49238261;1.66062372;1.73147165;-0.20098467;0.00000000;0.00000000
111;11.10000000;0.00000000;8.19539809;-13.28592513;1.49980993;1.67147805;1.71153599;-0.20339164;0.00000000;0.00000000
112;11.20000000;0.00000000;8.18238250;-13.18684004;1.51181485;1.68901513;1.69079333;-0.21371892;0.00000000;0.00000000
113;11.30000000;0.00000000;8.17147283;-13.08750090;1.52236371;1.67809938;1.66879220;-0.22284040;0.00000000;0.00000000
114;11.40000000;0.00000000;8.16282825;-12.98793765;1.53099786;1.66945101;1.64622524;-0.22661067;0.00000000;0.00000000
115;11.50000000;0.00000000;8.15641153;-12.88820429;1.53740855;1.66303212;1.62347007;-0.22674385;0.00000000;0.00000000
116;11.60000000;0.00000000;8.15230541;-12.78834841;1.54151188;1.65892494;1.60087647;-0.22349563;0.00000000;0.00000000
117;11.70000000;0.00000000;8.15040040;-12.68842758;1.54341601;1.65701941;1.57877094;-0.22228544;0.00000000;0.00000000
118;11.80000000;0.00000000;8.15071158;-12.58849060;1.54310482;1.65733012;1.55641939;-0.22363940;0.00000000;0.00000000
119;11.90000000;0.00000000;8.15327370;-12.48858697;1.54054250;1.65989133;1.53404306;-0.22222072;0.00000000;0.00000000
120;12.00000000;0.00000000;8.15805543;-12.38876575;1.53575929;1.66467128;1.51197524;-0.22194394;0.00000000;0.00000000
121;12.10000000;0.00000000;8.16502283;-12.28907384;1.52878816;1.67163561;1.48965427;-0.22415959;0.00000000;0.00000000
122;12.20000000;0.00000000;8.17425437;-12.18956732;1.51954945;1.68086238;1.46714333;-0.25049159;0.00000000;0.00000000
123;12.30000000;0.00000000;8.18570142;-12.09029058;1.50809092;1.67233601;1.43955595;-0.29368911;0.00000000;0.00000000
124;12.40000000;0.00000000;8.20040465;-11.99145774;1.49336789;1.66276753;1.40840550;-0.28557934;0.00000000;0.00000000
125;12.50000000;0.00000000;8.21800993;-11.89308728;1.48107079;1.66116086;1.38244009;-0.24136899;0.00000000;0.00000000
126;12.60000000;0.00000000;8.23782628;-11.79513810;1.47320530;1.66309447;1.36013171;-0.22088804;0.00000000;0.00000000
127;12.70000000;0.00000000;8.25980165;-11.69765033;1.46988969;1.67320490;1.33826248;-0.22176693;0.00000000;0.00000000
128;12.80000000;0.00000000;8.28388197;-11.60066070;1.47120103;1.67108115;1.31577832;-0.25056508;0.00000000;0.00000000
129;12.90000000;0.00000000;8.31021699;-11.50426135;1.47695929;1.66664037;1.28814946;-0.29611437;0.00000000;0.00000000
130;13.00000000;0.00000000;8.33961359;-11.40876211;1.48625495;1.65764820;1.25655545;-0.31036383;0.00000000;0.00000000
131;13.10000000;0.00000000;8.37198377;-11.31421553;1.49081685;1.65068047;1.22607670;-0.30600627;0.00000000;0.00000000
132;13.20000000;0.00000000;8.40714386;-11.22068485;1.48883230;1.64733798;1.19535419;-0.28799659;0.00000000;0.00000000
133;13.30000000;0.00000000;8.44525824;-11.12830452;1.49038223;1.64894004;1.16847738;-0.26369564;0.00000000;0.00000000
134;13.40000000;0.00000000;8.48539834;-11.03678572;1.49418442;1.65859919;1.14261507;-0.30205984;0.00000000;0.00000000
135;13.50000000;0.00000000;8.52823283;-10.94651075;1.48705794;1.66069824;1.10806541;-0.35036199;0.00000000;0.00000000
136;13.60000000;0.00000000;8.57458955;-10.85799376;1.48102738;1.67269138;1.07254267;-0.33541502;0.00000000;0.00000000
137;13.70000000;0.00000000;8.62372993;-10.77097660;1.47856509;1.67715417;1.04098241;-0.33635409;0.00000000;0.00000000
138;13.80000000;0.00000000;8.67557837;-10.68555993;1.47970836;1.67973643;1.00527185;-0.35709533;0.00000000;0.00000000
139;13.90000000;0.00000000;8.73079576;-10.60228194;1.48360427;1.68984838;0.96956334;-0.33930186;0.00000000;0.00000000
140;14.00000000;0.00000000;8.78861384;-10.52077279;1.49047940;1.70009621;0.93741148;-0.31906870;0.00000000;0.00000000
141;14.10000000;0.00000000;8.84906945;-10.44121455;1.47603776;1.69754884;0.90574960;-0.33636466;0.00000000;0.00000000
142;14.20000000;0.00000000;8.91192960;-10.36352708;1.46522747;1.70391617;0.87013854;-0.38779250;0.00000000;0.00000000
143;14.30000000;0.00000000;8.97788688;-10.28848112;1.45711905;1.72009637;0.82819110;-0.41239588;0.00000000;0.00000000
144;14.40000000;0.00000000;9.04702966;-10.21633973;1.45152732;1.73215987;0.78765937;-0.36573732;0.00000000;0.00000000
145;14.50000000;0.00000000;9.11885844;-10.14687059;1.44901596;1.73382950;0.75504364;-0.31428102;0.00000000;0.00000000
146;14.60000000;0.00000000;9.19256399;-10.07938292;1.44461808;1.73822827;0.72480316;-0.32372011;0.00000000;0.00000000
147;14.70000000;0.00000000;9.26846323;-10.01438030;1.43690759;1.74593900;0.69029962;-0.35005208;0.00000000;0.00000000
148;14.80000000;0.00000000;9.34664383;-9.95213763;1.42562483;1.73474221;0.65479275;-0.35152880;0.00000000;0.00000000
149;14.90000000;0.00000000;9.42696652;-9.89268233;1.41657815;1.72871446;0.61999386;-0.34395222;0.00000000;0.00000000
150;15.00000000;0.00000000;9.50928872;-9.83602549;1.40453938;1.72717637;0.58600230;-0.33545015;0.00000000;0.00000000
151;15.10000000;0.00000000;9.59346682;-9.78216256;1.39619807;1.72321198;0.55290382;-0.32616226;0.00000000;0.00000000
152;15.20000000;0.00000000;9.67935819;-9.73107431;1.39172353;1.72829223;0.52076985;-0.29506645;0.00000000;0.00000000
153;15.30000000;0.00000000;9.76682297;-9.68272815;1.39125751;1.74223459;0.49389053;-0.26223233;0.00000000;0.00000000
154;15.40000000;0.00000000;9.85533730;-9.63632786;1.39575260;1.74451621;0.46832339;-0.30994685;0.00000000;0.00000000
155;15.50000000;0.00000000;9.94515963;-9.59251504;1.40447599;1.74222882;0.43190116;-0.35843756;0.00000000;0.00000000
156;15.60000000;0.00000000;10.03681337;-9.55268117;1.41587900;1.72946841;0.39663587;-0.30507554;0.00000000;0.00000000
157;15.70000000;0.00000000;10.12950080;-9.51530681;1.43156038;1.72508800;0.37088606;-0.25024472;0.00000000;0.00000000
158;15.80000000;0.00000000;10.22308677;-9.48024264;1.45155431;1.71940726;0.34658693;-0.23798307;0.00000000;0.00000000
159;15.90000000;0.00000000;10.31748049;-9.44741505;1.46851656;1.71533387;0.32328944;-0.22804742;0.00000000;0.00000000
160;16.00000000;0.00000000;10.41259794;-9.41674804;1.47180115;1.69789461;0.30097744;-0.25600671;0.00000000;0.00000000
161;16.10000000;0.00000000;10.50836176;-9.38816406;1.47509669;1.67672827;0.27208810;-0.28323902;0.00000000;0.00000000
162;16.20000000;0.00000000;10.60508731;-9.36304207;1.47983058;1.66488710;0.24432964;-0.23923133;0.00000000;0.00000000
163;16.30000000;0.00000000;10.70228962;-9.33981580;1.48932592;1.66094628;0.22424183;-0.19328887;0.00000000;0.00000000
164;16.40000000;0.00000000;10.79994912;-9.31859845;1.50338480;1.66506917;0.20567187;-0.17206840;0.00000000;0.00000000
165;16.50000000;0.00000000;10.89794642;-9.29899752;1.52227411;1.67462613;0.18982815;-0.15291519;0.00000000;0.00000000
166;16.60000000;0.00000000;10.99622950;-9.28088482;1.54034099;1.66010403;0.17508883;-0.14320712;0.00000000;0.00000000
167;16.70000000;0.00000000;11.09476173;-9.26418085;1.55700790;1.64339527;0.16118673;-0.16062271;0.00000000;0.00000000
168;16.80000000;0.00000000;11.19351034;-9.24880748;1.57235123;1.62801876;0.14296429;-0.19069863;0.00000000;0.00000000
169;16.90000000;0.00000000;11.29257784;-9.23570595;1.58543129;1.61491548;0.12304700;-0.18864605;0.00000000;0.00000000
170;17.00000000;0.00000000;11.39186120;-9.22427707;1.59684423;1.60348559;0.10523508;-0.17578509;0.00000000;0.00000000
171;17.10000000;0.00000000;11.49133331;-9.21471235;1.60639761;1.59392032;0.08788999;-0.15725469;0.00000000;0.00000000
172;17.20000000;0.00000000;11.59095406;-9.20673361;1.61436848;1.58594128;0.07378414;-0.13626158;0.00000000;0.00000000
173;17.30000000;0.00000000;11.69065995;-9.19997846;1.62111778;1.57918596;0.06063767;-0.10693390;0.00000000;0.00000000
174;17.40000000;0.00000000;11.79045646;-9.19462140;1.62647106;1.57382882;0.05239736;-0.05242092;0.00000000;0.00000000
175;17.50000000;0.00000000;11.89026586;-9.18951005;1.63157896;1.56871741;0.05015349;-0.02523968;0.00000000;0.00000000
176;17.60000000;0.00000000;11.99008547;-9.18460091;1.63648491;1.56380822;0.04734942;-0.06134491;0.00000000;0.00000000
177;17.70000000;0.00000000;12.08992005;-9.18004947;1.64103353;1.55925676;0.03788450;-0.11441599;0.00000000;0.00000000
178;17.80000000;0.00000000;12.18981358;-9.17703068;1.64405090;1.55623797;0.02446622;-0.08237271;0.00000000;0.00000000
179;17.90000000;0.00000000;12.28973618;-9.17515975;1.64592116;1.55436703;0.02140996;-0.02419668;0.00000000;0.00000000
180;18.00000000;0.00000000;12.38964726;-9.17275160;1.64832833;1.55195888;0.01962689;-0.00580146;0.00000000;0.00000000
181;18.10000000;0.00000000;12.48957599;-9.17123701;1.64984243;1.55044430;0.02024967;0.01608190;0.00000000;0.00000000
182;18.20000000;0.00000000;12.58948416;-9.16870441;1.65237398;1.54791171;0.02284327;0.03745063;0.00000000;0.00000000
183;18.30000000;0.00000000;12.68940371;-9.16667150;1.65440614;1.54587880;0.02773980;0.06054555;0.00000000;0.00000000
184;18.40000000;0.00000000;12.78928182;-9.16316064;1.65791523;1.54236797;0.03495238;0.04076670;0.00000000;0.00000000
185;18.50000000;0.00000000;12.88916168;-9.15968664;1.66138752;1.53889399;0.03589314;-0.02245773;0.00000000;0.00000000
186;18.60000000;0.00000000;12.98903347;-9.15598785;1.66508442;1.53519524;0.03046083;-0.04491039;0.00000000;0.00000000
187;18.70000000;0.00000000;13.08894478;-9.15359920;1.66747213;1.53280662;0.02691106;0.02269046;0.00000000;0.00000000
188;18.80000000;0.00000000;13.18884021;-9.15060954;1.67046046;1.52981700;0.03499892;0.09963770;0.00000000;0.00000000
189;18.90000000;0.00000000;13.28869998;-9.14660513;1.67446274;1.52581265;0.04683860;0.08852716;0.00000000;0.00000000
190;19.00000000;0.00000000;13.38849630;-9.14125108;1.67981329;1.52045873;0.05270436;0.01888933;0.00000000;0.00000000
191;19.10000000;0.00000000;13.48830244;-9.13607545;1.68498568;1.51528323;0.05061647;0.02719214;0.00000000;0.00000000
192;19.20000000;0.00000000;13.58812066;-9.13113817;1.68992000;1.51034609;0.05814278;0.09103409;0.00000000;0.00000000
193;19.30000000;0.00000000;13.68783643;-9.12446090;1.69659226;1.50366910;0.06882328;0.15359762;0.00000000;0.00000000
194;19.40000000;0.00000000;13.78752640;-9.11739270;1.68833341;1.49660125;0.08886231;0.21163255;0.00000000;0.00000000
195;19.50000000;0.00000000;13.88688819;-9.10672600;1.67020564;1.48593551;0.11114979;0.14180079;0.00000000;0.00000000
196;19.60000000;0.00000000;13.98616410;-9.09522279;1.65875036;1.47443372;0.11722247;0.05054898;0.00000000;0.00000000
197;19.70000000;0.00000000;14.08539645;-9.08334920;1.65364071;1.46570053;0.12125959;0.08469041;0.00000000;0.00000000
198;19.80000000;0.00000000;14.18457622;-9.07104479;1.65499657;1.46332057;0.13416055;0.15242526;0.00000000;0.00000000
199;19.90000000;0.00000000;14.28346341;-9.05661584;1.66450041;1.46561747;0.15174464;0.14446971;0.00000000;0.00000000
200;20.00000000;0.00000000;14.38214828;-9.04083204;1.68030617;1.47333878;0.16305449;0.10556114;0.00000000;0.00000000
201;20.10000000;0.00000000;14.48068888;-9.02416928;1.68572028;1.48687116;0.17285687;0.10172787;0.00000000;0.00000000
202;20.20000000;0.00000000;14.57904472;-9.00645405;1.67644362;1.50352595;0.18340006;0.13247493;0.00000000;0.00000000
203;20.30000000;0.00000000;14.67721170;-8.98771737;1.67413440;1.50342122;0.19935186;0.19100974;0.00000000;0.00000000
204;20.40000000;0.00000000;14.77494147;-8.96687599;1.67992788;1.50780335;0.22160201;0.20484919;0.00000000;0.00000000
205;20.50000000;0.00000000;14.87217550;-8.94379161;1.68914803;1.51648571;0.24032169;0.16554498;0.00000000;0.00000000
206;20.60000000;0.00000000;14.96906710;-8.91930401;1.66786788;1.50730836;0.25471101;0.14754002;0.00000000;0.00000000
207;20.70000000;0.00000000;15.06559627;-8.89343138;1.65227694;1.49074985;0.26982970;0.15166551;0.00000000;0.00000000
208;20.80000000;0.00000000;15.16170327;-8.86602570;1.64421613;1.47730335;0.28504411;0.15591683;0.00000000;0.00000000
209;20.90000000;0.00000000;15.25740089;-8.83722812;1.64365933;1.46909134;0.30101307;0.16478106;0.00000000;0.00000000
210;21.00000000;0.00000000;15.35258420;-8.80676736;1.65090285;1.46591322;0.31800032;0.21180605;0.00000000;0.00000000
211;21.10000000;0.00000000;15.44724439;-8.77473704;1.65912282;1.46788885;0.34337428;0.25233172;0.00000000;0.00000000
212;21.20000000;0.00000000;15.54076094;-8.73948704;1.66111790;1.47324298;0.36846667;0.20773965;0.00000000;0.00000000
213;21.30000000;0.00000000;15.63370243;-8.70274555;1.67061050;1.48373620;0.38492221;0.17925592;0.00000000;0.00000000
214;21.40000000;0.00000000;15.72600877;-8.66443732;1.68764348;1.49744195;0.40431785;0.19390536;0.00000000;0.00000000
215;21.50000000;0.00000000;15.81745268;-8.62412025;1.70231833;1.48040639;0.42370328;0.19220027;0.00000000;0.00000000
216;21.60000000;0.00000000;15.90820290;-8.58226380;1.70566275;1.46814017;0.44275790;0.19392420;0.00000000;0.00000000
217;21.70000000;0.00000000;15.99804124;-8.53849344;1.69721345;1.46049635;0.46248812;0.19462727;0.00000000;0.00000000
218;21.80000000;0.00000000;16.08706857;-8.49309006;1.69339903;1.45784720;0.48168336;0.19560401;0.00000000;0.00000000
219;21.90000000;0.00000000;16.17515924;-8.44590460;1.68955805;1.46003122;0.50160892;0.18843361;0.00000000;0.00000000
220;22.00000000;0.00000000;16.26230693;-8.39699049;1.69358794;1.46707001;0.51937008;0.16806688;0.00000000;0.00000000
221;22.10000000;0.00000000;16.34867018;-8.34670393;1.70504747;1.47927539;0.53522230;0.16166250;0.00000000;0.00000000
222;22.20000000;0.00000000;16.43422422;-8.29505150;1.69094613;1.48668985;0.55170258;0.18441334;0.00000000;0.00000000
223;22.30000000;0.00000000;16.51888294;-8.24194645;1.67871464;1.48362283;0.57210496;0.20373560;0.00000000;0.00000000
224;22.40000000;0.00000000;16.60226083;-8.18684561;1.67474675;1.48491261;0.59244970;0.20552469;0.00000000;0.00000000
225;22.50000000;0.00000000;16.68469259;-8.13033842;1.67407205;1.49122102;0.61320990;0.23350860;0.00000000;0.00000000
226;22.60000000;0.00000000;16.76570957;-8.07182551;1.68052435;1.50173079;0.63915142;0.24393460;0.00000000;0.00000000
227;22.70000000;0.00000000;16.84509425;-8.01112379;1.69555393;1.49926156;0.66199682;0.20004837;0.00000000;0.00000000
228;22.80000000;0.00000000;16.92335352;-7.94897208;1.71435227;1.48677510;0.67916109;0.16548692;0.00000000;0.00000000
229;22.90000000;0.00000000;17.00061035;-7.88557956;1.71711868;1.47934795;0.69509421;0.16644586;0.00000000;0.00000000
230;23.00000000;0.00000000;17.07684921;-7.82096640;1.68568134;1.47706398;0.71245026;0.19172886;0.00000000;0.00000000
231;23.10000000;0.00000000;17.15185617;-7.75493370;1.65870142;1.47965765;0.73343998;0.20065535;0.00000000;0.00000000
232;23.20000000;0.00000000;17.22531793;-7.68717654;1.63966525;1.48369187;0.75258133;0.20282073;0.00000000;0.00000000
233;23.30000000;0.00000000;17.29774830;-7.61831598;1.62806113;1.48621638;0.77400412;0.21204605;0.00000000;0.00000000
234;23.40000000;0.00000000;17.36824182;-7.54747306;1.62531248;1.48596950;0.79499054;0.19628295;0.00000000;0.00000000
235;23.50000000;0.00000000;17.43771845;-7.47563443;1.62698264;1.48429957;0.81326071;0.18711591;0.00000000;0.00000000
236;23.60000000;0.00000000;17.50557203;-7.40226868;1.63088028;1.48336611;0.83241373;0.16753077;0.00000000;0.00000000
237;23.70000000;0.00000000;17.57224577;-7.32782301;1.63637576;1.48756002;0.84676687;0.13502711;0.00000000;0.00000000
238;23.80000000;0.00000000;17.63796848;-7.25253659;1.64621890;1.49716469;0.85941915;0.12603928;0.00000000;0.00000000
239;23.90000000;0.00000000;17.70273737;-7.17642767;1.66020881;1.51208529;0.87197472;0.12825269;0.00000000;0.00000000
240;24.00000000;0.00000000;17.76654967;-7.09951402;1.65461311;1.52171755;0.88506969;0.18678282;0.00000000;0.00000000
241;24.10000000;0.00000000;17.82930252;-7.02173603;1.63697091;1.51108552;0.90933129;0.23980374;0.00000000;0.00000000
242;24.20000000;0.00000000;17.88931015;-6.94181644;1.61782615;1.50167698;0.93303043;0.17897483;0.00000000;0.00000000
243;24.30000000;0.00000000;17.94830896;-6.86115024;1.60593802;1.49763260;0.94512625;0.11830903;0.00000000;0.00000000
244;24.40000000;0.00000000;18.00636482;-6.77980391;1.60137746;1.49908858;0.95669224;0.12909456;0.00000000;0.00000000
245;24.50000000;0.00000000;18.06348125;-6.69779580;1.60419394;1.50604209;0.97094517;0.15859701;0.00000000;0.00000000
246;24.60000000;0.00000000;18.11919126;-6.61483327;1.61489316;1.51183669;0.98841164;0.16050125;0.00000000;0.00000000
247;24.70000000;0.00000000;18.17340916;-6.53087976;1.62983909;1.52229338;1.00304542;0.14440621;0.00000000;0.00000000
248;24.80000000;0.00000000;18.22667048;-6.44631773;1.62463743;1.53806928;1.01729288;0.14431123;0.00000000;0.00000000
249;24.90000000;0.00000000;18.27847520;-6.36085238;1.61767284;1.54632149;1.03190766;0.12819166;0.00000000;0.00000000
250;25.00000000;0.00000000;18.32924379;-6.27476750;1.61312578;1.54811753;1.04293122;0.12746854;0.00000000;0.00000000
251;25.10000000;0.00000000;18.37915134;-6.18818166;1.60351463;1.55535212;1.05740137;0.15231298;0.00000000;0.00000000
252;25.20000000;0.00000000;18.42740446;-6.10066955;1.59463870;1.54938513;1.07339381;0.13295326;0.00000000;0.00000000
253;25.30000000;0.00000000;18.47451749;-6.01253222;1.58912033;1.54833548;1.08399202;0.09345809;0.00000000;0.00000000
254;25.40000000;0.00000000;18.52090752;-5.92401210;1.59069466;1.55291143;1.09208543;0.08828537;0.00000000;0.00000000
255;25.50000000;0.00000000;18.56658794;-5.83512344;1.59932232;1.56308166;1.10164910;0.14012252;0.00000000;0.00000000
256;25.60000000;0.00000000;18.61127422;-5.74573661;1.59374883;1.56832354;1.12010993;0.17465976;0.00000000;0.00000000
257;25.70000000;0.00000000;18.65364274;-5.65522169;1.58956490;1.55800039;1.13658105;0.13238606;0.00000000;0.00000000
258;25.80000000;0.00000000;18.69536311;-5.56440613;1.59237096;1.55333441;1.14658715;0.09960469;0.00000000;0.00000000
259;25.90000000;0.00000000;18.73591157;-5.47306218;1.60269616;1.55380613;1.15650199;0.09363262;0.00000000;0.00000000
260;26.00000000;0.00000000;18.77582284;-5.38143763;1.61385202;1.55999766;1.16531367;0.11119747;0.00000000;0.00000000
261;26.10000000;0.00000000;18.81475479;-5.28939446;1.61793160;1.57147612;1.17874148;0.13755661;0.00000000;0.00000000
262;26.20000000;0.00000000;18.85218932;-5.19673617;1.62145355;1.57479578;1.19282499;0.11058833;0.00000000;0.00000000
263;26.30000000;0.00000000;18.88851430;-5.10363140;1.61434080;1.57231201;1.20085915;0.06349832;0.00000000;0.00000000
264;26.40000000;0.00000000;18.92445718;-5.01037838;1.59158611;1.56434452;1.20552466;0.06478259;0.00000000;0.00000000
265;26.50000000;0.00000000;18.95991160;-4.91693931;1.57537442;1.56221806;1.21381567;0.12257401;0.00000000;0.00000000
266;26.60000000;0.00000000;18.99430193;-4.82310675;1.56652013;1.56534571;1.23003946;0.13816798;0.00000000;0.00000000
267;26.70000000;0.00000000;19.02670670;-4.72856583;1.56612214;1.55715432;1.24144926;0.07859515;0.00000000;0.00000000
268;26.80000000;0.00000000;19.05894832;-4.63396914;1.56711027;1.55305281;1.24575849;0.04119070;0.00000000;0.00000000
269;26.90000000;0.00000000;19.09053709;-4.53915247;1.57440573;1.54286986;1.24968740;0.03480821;0.00000000;0.00000000
270;27.00000000;0.00000000;19.12203439;-4.44430535;1.58099002;1.53895516;1.25272013;0.02992723;0.00000000;0.00000000
271;27.10000000;0.00000000;19.15304742;-4.34929901;1.58980995;1.53899876;1.25567285;0.05428203;0.00000000;0.00000000
272;27.20000000;0.00000000;19.18398407;-4.25426754;1.60489623;1.53557087;1.26357654;0.09452968;0.00000000;0.00000000
273;27.30000000;0.00000000;19.21349030;-4.15878658;1.61232263;1.52499708;1.27457878;0.07705983;0.00000000;0.00000000
274;27.40000000;0.00000000;19.24232853;-4.06309749;1.60167017;1.52023057;1.27898850;0.03008762;0.00000000;0.00000000
275;27.50000000;0.00000000;19.27099270;-3.96735610;1.59739384;1.52184409;1.28059631;0.01386620;0.00000000;0.00000000
276;27.60000000;0.00000000;19.29952309;-3.87157474;1.59950271;1.52985931;1.28176174;0.02893014;0.00000000;0.00000000
277;27.70000000;0.00000000;19.32796403;-3.77576676;1.58831860;1.54422212;1.28638234;0.06140616;0.00000000;0.00000000
278;27.80000000;0.00000000;19.35560718;-3.67972893;1.58041889;1.54349158;1.29404297;0.06707953;0.00000000;0.00000000
279;27.90000000;0.00000000;19.38257694;-3.58349654;1.57951896;1.54498691;1.29979824;0.06105861;0.00000000;0.00000000
280;28.00000000;0.00000000;19.40911297;-3.48714633;1.58538044;1.53809387;1.30625470;0.04871200;0.00000000;0.00000000
281;28.10000000;0.00000000;19.43483791;-3.39057368;1.59831579;1.52722027;1.30954064;0.00268163;0.00000000;0.00000000
282;28.20000000;0.00000000;19.46074084;-3.29404864;1.61715497;1.52302596;1.30679102;-0.03245990;0.00000000;0.00000000
283;28.30000000;0.00000000;19.48699631;-3.19761946;1.62280126;1.52574676;1.30304866;-0.00058004;0.00000000;0.00000000
284;28.40000000;0.00000000;19.51362069;-3.10129199;1.61312745;1.53536298;1.30667501;0.07259037;0.00000000;0.00000000
285;28.50000000;0.00000000;19.53917605;-3.00467514;1.61071989;1.52743643;1.31756674;0.10647262;0.00000000;0.00000000
286;28.60000000;0.00000000;19.56369599;-2.90779039;1.61557354;1.52357959;1.32796954;0.06508940;0.00000000;0.00000000
287;28.70000000;0.00000000;19.58723596;-2.81066211;1.62686136;1.52526280;1.33058462;-0.01137553;0.00000000;0.00000000
288;28.80000000;0.00000000;19.61124902;-2.71364971;1.62161724;1.53395513;1.32569443;-0.00863416;0.00000000;0.00000000
289;28.90000000;0.00000000;19.63573776;-2.61675646;1.62203364;1.54287750;1.32885779;0.03019562;0.00000000;0.00000000
290;29.00000000;0.00000000;19.65913660;-2.51959398;1.62971129;1.53344828;1.33173356;0.07094876;0.00000000;0.00000000
291;29.10000000;0.00000000;19.68306772;-2.42256121;1.62878921;1.53104855;1.34304754;0.11007474;0.00000000;0.00000000
292;29.20000000;0.00000000;19.70426201;-2.32489488;1.62225199;1.53236083;1.35374850;0.01609673;0.00000000;0.00000000
293;29.30000000;0.00000000;19.72611110;-2.22737232;1.62118817;1.54083676;1.34626688;-0.03877292;0.00000000;0.00000000
294;29.40000000;0.00000000;19.74876448;-2.13003355;1.62545439;1.54534073;1.34599392;0.00153034;0.00000000;0.00000000
295;29.50000000;0.00000000;19.77066675;-2.03252317;1.63658977;1.53637482;1.34657295;0.00354943;0.00000000;0.00000000
296;29.60000000;0.00000000;19.79320736;-1.93515838;1.63138412;1.53453642;1.34670381;0.00356875;0.00000000;0.00000000
297;29.70000000;0.00000000;19.81508408;-1.83764244;1.63194548;1.53851969;1.34728670;0.00335404;0.00000000;0.00000000
298;29.80000000;0.00000000;19.83751113;-1.74025157;1.63805153;1.54807878;1.34737461;0.00287955;0.00000000;0.00000000
299;29.90000000;0.00000000;19.85937068;-1.64273191;1.63489749;1.54064234;1.34786261;0.03329893;0.00000000;0.00000000
300;30.00000000;0.00000000;19.88170264;-1.54531932;1.61861166;1.53940059;1.35403440;0.10419415;0.00000000;0.00000000
301;30.10000000;0.00000000;19.90235562;-1.44754264;1.61009718;1.53761254;1.36870144;0.09128881;0.00000000;0.00000000
302;30.20000000;0.00000000;19.92182096;-1.34951695;1.60897453;1.54110152;1.37229216;0.01130166;0.00000000;0.00000000
303;30.30000000;0.00000000;19.94177223;-1.25158946;1.60912051;1.55152680;1.37096177;-0.01198022;0.00000000;0.00000000
304;30.40000000;0.00000000;19.96149833;-1.15361593;1.61429641;1.56803898;1.36989612;-0.01321217;0.00000000;0.00000000
305;30.50000000;0.00000000;19.98165824;-1.05573131;1.61379433;1.55839502;1.36831934;-0.01464730;0.00000000;0.00000000
306;30.60000000;0.00000000;20.00169320;-0.95782047;1.60169672;1.55166256;1.36696666;-0.01638341;0.00000000;0.00000000
307;30.70000000;0.00000000;20.02211782;-0.85999089;1.59538048;1.55175022;1.36504266;0.00894407;0.00000000;0.00000000
308;30.80000000;0.00000000;20.04252940;-0.76215783;1.59532568;1.55274241;1.36875547;0.08068339;0.00000000;0.00000000
309;30.90000000;0.00000000;20.06222713;-0.66417871;1.60224481;1.54088417;1.38117934;0.11855381;0.00000000;0.00000000
310;31.00000000;0.00000000;20.08020032;-0.56587607;1.61330326;1.53369910;1.39246623;0.06372628;0.00000000;0.00000000
311;31.10000000;0.00000000;20.09768138;-0.46747823;1.59957887;1.53250746;1.39392459;-0.00602000;0.00000000;0.00000000
312;31.20000000;0.00000000;20.11536910;-0.36911611;1.59181217;1.53803241;1.39126223;-0.02931491;0.00000000;0.00000000
313;31.30000000;0.00000000;20.13337383;-0.27081289;1.58997797;1.54590999;1.38806161;-0.00920842;0.00000000;0.00000000
314;31.40000000;0.00000000;20.15169083;-0.17256592;1.59410184;1.54036716;1.38942055;0.03829601;0.00000000;0.00000000
315;31.50000000;0.00000000;20.16942855;-0.07421285;1.60503569;1.52866893;1.39572081;0.06710017;0.00000000;0.00000000
316;31.60000000;0.00000000;20.18650612;0.02425685;1.61439038;1.52278061;1.40284058;0.07294405;0.00000000;0.00000000
317;31.70000000;0.00000000;20.20284154;0.12285223;1.61000531;1.52268752;1.41030962;0.07100977;0.00000000;0.00000000
318;31.80000000;0.00000000;20.21844632;0.22156614;1.61255605;1.52840321;1.41704254;0.04335282;0.00000000;0.00000000
319;31.90000000;0.00000000;20.23345270;0.32037300;1.62187623;1.53999588;1.41898019;-0.01065090;0.00000000;0.00000000
320;32.00000000;0.00000000;20.24867460;0.41914516;1.63704008;1.52710983;1.41491236;-0.04107346;0.00000000;0.00000000
321;32.10000000;0.00000000;20.26448434;0.51782675;1.63088999;1.51547891;1.41076550;-0.04436391;0.00000000;0.00000000
322;32.20000000;0.00000000;20.28052488;0.61646911;1.62268705;1.51061956;1.40603957;-0.03110226;0.00000000;0.00000000
323;32.30000000;0.00000000;20.29726662;0.71499694;1.61990657;1.51307256;1.40454504;0.01489028;0.00000000;0.00000000
324;32.40000000;0.00000000;20.31360226;0.81359286;1.62369684;1.52168904;1.40901763;0.04826303;0.00000000;0.00000000
325;32.50000000;0.00000000;20.32946198;0.91226637;1.63408185;1.53629584;1.41419765;0.04045450;0.00000000;0.00000000
326;32.60000000;0.00000000;20.34477528;1.01102606;1.64874433;1.54290779;1.41710853;-0.00225790;0.00000000;0.00000000
327;32.70000000;0.00000000;20.36006008;1.10978892;1.63345045;1.52858262;1.41374607;-0.02095988;0.00000000;0.00000000
328;32.80000000;0.00000000;20.37603719;1.20844353;1.61746417;1.51934260;1.41291655;0.02426637;0.00000000;0.00000000
329;32.90000000;0.00000000;20.39148602;1.30718217;1.60576279;1.51611106;1.41859934;0.04762436;0.00000000;0.00000000
330;33.00000000;0.00000000;20.40634084;1.40601185;1.60083014;1.51886054;1.42244143;0.00461401;0.00000000;0.00000000
331;33.10000000;0.00000000;20.42103034;1.50486526;1.59920121;1.52798922;1.41952214;-0.01917938;0.00000000;0.00000000
332;33.20000000;0.00000000;20.43646195;1.60360666;1.60019095;1.54344595;1.41860555;0.02532419;0.00000000;0.00000000
333;33.30000000;0.00000000;20.45133280;1.70243401;1.60796999;1.54016029;1.42458698;0.06287677;0.00000000;0.00000000
334;33.40000000;0.00000000;20.46558208;1.80135283;1.62250041;1.52491468;1.43118091;0.05913952;0.00000000;0.00000000
335;33.50000000;0.00000000;20.47914835;1.90036757;1.61494639;1.51542882;1.43641489;0.01577254;0.00000000;0.00000000
336;33.60000000;0.00000000;20.49236130;1.99942952;1.60759021;1.51214485;1.43433541;-0.01367651;0.00000000;0.00000000
337;33.70000000;0.00000000;20.50633926;2.09838713;1.60565773;1.51622901;1.43367958;0.03019714;0.00000000;0.00000000
338;33.80000000;0.00000000;20.51968224;2.19743232;1.61057798;1.52622272;1.44037484;0.06167689;0.00000000;0.00000000
339;33.90000000;0.00000000;20.53233388;2.29656814;1.62234402;1.53887552;1.44601496;0.01787741;0.00000000;0.00000000
340;34.00000000;0.00000000;20.54455871;2.39575701;1.64054689;1.55110184;1.44395033;-0.01558686;0.00000000;0.00000000
341;34.10000000;0.00000000;20.55761962;2.49483988;1.63594478;1.56416490;1.44289759;0.02764520;0.00000000;0.00000000
342;34.20000000;0.00000000;20.57005334;2.59400339;1.62352087;1.57660099;1.44947937;0.06837057;0.00000000;0.00000000
343;34.30000000;0.00000000;20.58180886;2.69324954;1.61363753;1.57560162;1.45657170;0.07276374;0.00000000;0.00000000
344;34.40000000;0.00000000;20.59283477;2.79257936;1.61064376;1.55954176;1.46403211;0.07084658;0.00000000;0.00000000
345;34.50000000;0.00000000;20.60310822;2.89198998;1.61460036;1.54901809;1.47074102;0.05909859;0.00000000;0.00000000
346;34.60000000;0.00000000;20.61280041;2.99145906;1.62528544;1.54246054;1.47585183;0.04869845;0.00000000;0.00000000
347;34.70000000;0.00000000;20.62205721;3.09096958;1.64185522;1.53764380;1.48048071;0.04346787;0.00000000;0.00000000
348;34.80000000;0.00000000;20.63082813;3.19052408;1.65978783;1.53882695;1.48454541;-0.00095153;0.00000000;0.00000000
349;34.90000000;0.00000000;20.63927561;3.29010578;1.65429085;1.54615848;1.48029040;-0.04053079;0.00000000;0.00000000
350;35.00000000;0.00000000;20.64889342;3.38958210;1.64466844;1.55576362;1.47643925;0.00214419;0.00000000;0.00000000
351;35.10000000;0.00000000;20.65810772;3.48909660;1.63545000;1.56496643;1.48071924;0.04504895;0.00000000;0.00000000
352;35.20000000;0.00000000;20.66687367;3.58865157;1.62668039;1.56492697;1.48544904;0.04955476;0.00000000;0.00000000
353;35.30000000;0.00000000;20.67514621;3.68824875;1.61840466;1.54218226;1.49063019;0.04996995;0.00000000;0.00000000
354;35.40000000;0.00000000;20.68288008;3.78788919;1.61066806;1.52512250;1.49544303;0.00506893;0.00000000;0.00000000
355;35.50000000;0.00000000;20.69019352;3.88756082;1.60749215;1.51405885;1.49164398;-0.03749580;0.00000000;0.00000000
356;35.60000000;0.00000000;20.69868424;3.98713968;1.60934452;1.51072575;1.48794387;0.00456888;0.00000000;0.00000000
357;35.70000000;0.00000000;20.70673512;4.08675506;1.61782056;1.51355637;1.49255776;0.04811760;0.00000000;0.00000000
358;35.80000000;0.00000000;20.71430660;4.18640801;1.63285579;1.52113284;1.49756739;0.04882960;0.00000000;0.00000000
359;35.90000000;0.00000000;20.72135902;4.28609903;1.65430947;1.52818961;1.50232368;0.00342437;0.00000000;0.00000000
360;36.00000000;0.00000000;20.72798218;4.38581902;1.66604458;1.53481667;1.49825226;-0.04135314;0.00000000;0.00000000
361;36.10000000;0.00000000;20.73584612;4.48544936;1.65819149;1.54268604;1.49405305;0.00009680;0.00000000;0.00000000
362;36.20000000;0.00000000;20.74330658;4.58511072;1.65074108;1.55015141;1.49827163;0.04388224;0.00000000;0.00000000
363;36.30000000;0.00000000;20.75032965;4.68480386;1.64372717;1.55717887;1.50282950;0.04727917;0.00000000;0.00000000
364;36.40000000;0.00000000;20.75688132;4.78452908;1.63718373;1.56373440;1.50772746;0.04829190;0.00000000;0.00000000
365;36.50000000;0.00000000;20.76292748;4.88428621;1.63114483;1.56978389;1.51248788;0.00236563;0.00000000;0.00000000
366;36.60000000;0.00000000;20.76852938;4.98406890;1.62554940;1.55814213;1.50820058;-0.04465177;0.00000000;0.00000000
367;36.70000000;0.00000000;20.77543069;5.08377057;1.61865737;1.53628168;1.50355753;-0.00380303;0.00000000;0.00000000
368;36.80000000;0.00000000;20.78195896;5.18349735;1.61213765;1.52031709;1.50743998;0.04023956;0.00000000;0.00000000
369;36.90000000;0.00000000;20.78808589;5.28324960;1.60601847;1.51040735;1.51160544;0.04307207;0.00000000;0.00000000
370;37.00000000;0.00000000;20.79378312;5.38302730;1.60059891;1.50664379;1.51605439;0.04590925;0.00000000;0.00000000
371;37.10000000;0.00000000;20.79902224;5.48283010;1.60186858;1.50833721;1.52078729;0.04712749;0.00000000;0.00000000
372;37.20000000;0.00000000;20.80377476;5.58265726;1.60983984;1.51033747;1.52547989;0.00066135;0.00000000;0.00000000
373;37.30000000;0.00000000;20.80807697;5.68250456;1.62437791;1.51463888;1.52091956;-0.04843268;0.00000000;0.00000000
374;37.40000000;0.00000000;20.81373977;5.78228424;1.64354404;1.52030050;1.51579336;-0.00817263;0.00000000;0.00000000
375;37.50000000;0.00000000;20.81906543;5.88208249;1.66881052;1.52562513;1.51928503;0.03604943;0.00000000;0.00000000
376;37.60000000;0.00000000;20.82403130;5.98189928;1.66943665;1.53059008;1.52300324;0.03831606;0.00000000;0.00000000
377;37.70000000;0.00000000;20.82861468;6.08173437;1.66485361;1.53517267;1.52694824;0.04058504;0.00000000;0.00000000
378;37.80000000;0.00000000;20.83279285;6.18158724;1.66067574;1.53935016;1.53112025;0.04285591;0.00000000;0.00000000
379;37.90000000;0.00000000;20.83654306;6.28145709;1.65692577;1.54309978;1.53551943;0.04512813;0.00000000;0.00000000
380;38.00000000;0.00000000;20.83984254;6.38134285;1.65362649;1.54639876;1.54014588;0.04644182;0.00000000;0.00000000
381;38.10000000;0.00000000;20.84266851;6.48124313;1.65080066;1.54922432;1.54480779;-0.00058569;0.00000000;0.00000000
382;38.20000000;0.00000000;20.84503654;6.58115514;1.64843274;1.55159199;1.54002874;-0.05156596;0.00000000;0.00000000
383;38.30000000;0.00000000;20.84881722;6.68102385;1.64465231;1.55537213;1.53449460;-0.01187829;0.00000000;0.00000000
384;38.40000000;0.00000000;20.85229094;6.78090372;1.64117882;1.55884535;1.53765308;0.03243452;0.00000000;0.00000000
385;38.50000000;0.00000000;20.85544069;6.88079433;1.63802926;1.56199467;1.54098150;0.03413422;0.00000000;0.00000000
386;38.60000000;0.00000000;20.85824945;6.98069511;1.63522065;1.56480305;1.54447992;0.03583439;0.00000000;0.00000000
387;38.70000000;0.00000000;20.86070021;7.08060531;1.63277001;1.56725348;1.54814838;0.03753470;0.00000000;0.00000000
388;38.80000000;0.00000000;20.86277594;7.18052400;1.63069437;1.56932892;1.55198687;0.03923478;0.00000000;0.00000000
389;38.90000000;0.00000000;20.86445962;7.28045007;1.62901075;1.57101235;1.55599534;0.04038692;0.00000000;0.00000000
390;39.00000000;0.00000000;20.86573425;7.38038220;1.62773615;1.57228676;1.56006425;-0.00719329;0.00000000;0.00000000
391;39.10000000;0.00000000;20.86660471;7.48031854;1.62686572;1.57315702;1.55455668;-0.05954309;0.00000000;0.00000000
392;39.20000000;0.00000000;20.86898001;7.58023057;1.62449054;1.57553201;1.54815563;-0.02043544;0.00000000;0.00000000
393;39.30000000;0.00000000;20.87112976;7.68014771;1.62234089;1.57768148;1.55046959;0.02370502;0.00000000;0.00000000
394;39.40000000;0.00000000;20.87304264;7.78006966;1.62042808;1.57959411;1.55289664;0.02483591;0.00000000;0.00000000
395;39.50000000;0.00000000;20.87470736;7.87999606;1.61876342;1.58125860;1.55543677;0.02596683;0.00000000;0.00000000
396;39.60000000;0.00000000;20.87611260;7.97992644;1.61735824;1.58266362;1.55809000;0.02709764;0.00000000;0.00000000
397;39.70000000;0.00000000;20.87724704;8.07986026;1.61622383;1.58331348;1.56085630;0.02796816;0.00000000;0.00000000
398;39.80000000;0.00000000;20.87809938;8.17979689;1.61537151;1.55208522;1.56368363;-0.02014691;0.00000000;0.00000000
399;39.90000000;0.00000000;20.87866871;8.27973546;1.61480218;1.52649583;1.55682692;-0.07360127;0.00000000;0.00000000
400;40.00000000;0.00000000;20.88089140;8.37965100;1.61257960;1.50874584;1.54896338;-0.03508585;0.00000000;0.00000000
401;40.10000000;0.00000000;20.88303235;8.47956833;1.61317500;1.49738790;1.54980975;0.00874580;0.00000000;0.00000000
402;40.20000000;0.00000000;20.88508590;8.57948750;1.61560863;1.49256231;1.55071254;0.00925610;0.00000000;0.00000000
403;40.30000000;0.00000000;20.88704643;8.67940853;1.62265810;1.49432673;1.55166097;-0.03365692;0.00000000;0.00000000
404;40.40000000;0.00000000;20.88891045;8.77933139;1.63588970;1.49618791;1.54398115;-0.07089081;0.00000000;0.00000000
405;40.50000000;0.00000000;20.89240544;8.87921052;1.65346693;1.49967791;1.53748281;-0.01585463;0.00000000;0.00000000
406;40.60000000;0.00000000;20.89556794;8.97910074;1.67714733;1.50283595;1.54081023;0.03326945;0.00000000;0.00000000
407;40.70000000;0.00000000;20.89839818;9.07900092;1.69543125;1.50566222;1.54413670;0.03326898;0.00000000;0.00000000
408;40.80000000;0.00000000;20.90089604;9.17890996;1.69293327;1.50815658;1.54746402;0.03327723;0.00000000;0.00000000
409;40.90000000;0.00000000;20.90306142;9.27882676;1.69076786;1.51031886;1.55079214;0.03328462;0.00000000;0.00000000
410;41.00000000;0.00000000;20.90489421;9.37875022;1.68893510;1.51214893;1.55412095;0.03329090;0.00000000;0.00000000
411;41.10000000;0.00000000;20.90639434;9.47867922;1.68743505;1.51364667;1.55745033;0.03329608;0.00000000;0.00000000
412;41.20000000;0.00000000;20.90756174;9.57861266;1.68626775;1.51481198;1.56078016;0.03330015;0.00000000;0.00000000
413;41.30000000;0.00000000;20.90839634;9.67854944;1.68543324;1.51564476;1.56411036;0.03330311;0.00000000;0.00000000
414;41.40000000;0.00000000;20.90889812;9.77848844;1.68493153;1.51614494;1.56744079;0.03330497;0.00000000;0.00000000
415;41.50000000;0.00000000;20.90906705;9.87842855;1.68476263;1.51631245;1.57077135;0.03330571;0.00000000;0.00000000
416;41.60000000;0.00000000;20.90890311;9.97836868;1.68492651;1.51614727;1.57410193;0.03330535;0.00000000;0.00000000
417;41.70000000;0.00000000;20.90840632;10.07830770;1.68542315;1.51564935;1.57743242;0.03330388;0.00000000;0.00000000
418;41.80000000;0.00000000;20.90757670;10.17824452;1.68625251;1.51481868;1.58076271;0.03330129;0.00000000;0.00000000
419;41.90000000;0.00000000;20.90641427;10.27817802;1.68741452;1.51365527;1.58409268;0.03329760;0.00000000;0.00000000
420;42.00000000;0.00000000;20.90491910;10.37810709;1.68890912;1.51215912;1.58742223;0.03329280;0.00000000;0.00000000
421;42.10000000;0.00000000;20.90309124;10.47803063;1.69073622;1.51033028;1.59075124;0.03328690;0.00000000;0.00000000
422;42.20000000;0.00000000;20.90093077;10.57794753;1.69289572;1.50816878;1.59407961;0.03327989;0.00000000;0.00000000
423;42.30000000;0.00000000;20.89843779;10.67785669;1.69538750;1.50567469;1.59740722;0.03327177;0.00000000;0.00000000
424;42.40000000;0.00000000;20.89561241;10.77775700;1.68129387;1.50284808;1.60073396;-0.00953460;0.00000000;0.00000000
425;42.50000000;0.00000000;20.89245474;10.87764736;1.65599619;1.49968903;1.59550030;-0.09593592;0.00000000;0.00000000
426;42.60000000;0.00000000;20.89067519;10.97757163;1.63506340;1.49790849;1.58154678;-0.09785581;0.00000000;0.00000000
427;42.70000000;0.00000000;20.89030604;11.07751105;1.61863719;1.49753817;1.57592913;-0.01326790;0.00000000;0.00000000
428;42.80000000;0.00000000;20.88964925;11.17744915;1.60855194;1.49688030;1.57889319;0.02978765;0.00000000;0.00000000
429;42.90000000;0.00000000;20.88868765;11.27738478;1.60494446;1.50228300;1.58188666;0.02936926;0.00000000;0.00000000
430;43.00000000;0.00000000;20.88743255;11.37731715;1.60619955;1.51398655;1.58476705;0.02823824;0.00000000;0.00000000
431;43.10000000;0.00000000;20.88589527;11.47724558;1.60773685;1.53185749;1.58753431;0.02710696;0.00000000;0.00000000
432;43.20000000;0.00000000;20.88408712;11.57716948;1.60954506;1.55569403;1.59018844;0.02597556;0.00000000;0.00000000
433;43.30000000;0.00000000;20.88201941;11.67708835;1.61161287;1.58523762;1.59272942;-0.01768943;0.00000000;0.00000000
434;43.40000000;0.00000000;20.87970347;11.77700177;1.61392896;1.58629976;1.58665055;-0.05685895;0.00000000;0.00000000
435;43.50000000;0.00000000;20.87885068;11.87693815;1.61478173;1.58544740;1.58135763;-0.00552113;0.00000000;0.00000000
436;43.60000000;0.00000000;20.87759252;11.97687047;1.61603988;1.58418972;1.58554633;0.04212361;0.00000000;0.00000000
437;43.70000000;0.00000000;20.87590256;12.07679642;1.61772988;1.58250031;1.58978235;0.04150981;0.00000000;0.00000000
438;43.80000000;0.00000000;20.87379782;12.17671450;1.61983473;1.58039622;1.59384829;0.03980856;0.00000000;0.00000000
439;43.90000000;0.00000000;20.87129534;12.27662341;1.62233741;1.57789448;1.59774407;0.03810688;0.00000000;0.00000000
440;44.00000000;0.00000000;20.86841215;12.37652206;1.62522091;1.57501214;1.60146967;0.03640519;0.00000000;0.00000000
441;44.10000000;0.00000000;20.86516531;12.47640955;1.62846819;1.57176627;1.60502511;0.03470387;0.00000000;0.00000000
442;44.20000000;0.00000000;20.86157183;12.57628517;1.63206223;1.56817390;1.60841044;-0.00912207;0.00000000;0.00000000
443;44.30000000;0.00000000;20.85764876;12.67614839;1.63598602;1.56425207;1.60320069;-0.04886790;0.00000000;0.00000000
444;44.40000000;0.00000000;20.85509613;12.77605575;1.63853887;1.56170023;1.59863686;0.00107934;0.00000000;0.00000000
445;44.50000000;0.00000000;20.85208472;12.87595059;1.64155063;1.55868976;1.60341656;0.04816560;0.00000000;0.00000000
446;44.60000000;0.00000000;20.84857716;12.97582925;1.64505873;1.55518331;1.60826998;0.00547641;0.00000000;0.00000000
447;44.70000000;0.00000000;20.84459625;13.07569016;1.64904039;1.55120372;1.60451184;-0.03485862;0.00000000;0.00000000
448;44.80000000;0.00000000;20.84183950;13.17559211;1.65179741;1.54844786;1.60129826;0.01409436;0.00000000;0.00000000
449;44.90000000;0.00000000;20.83850049;13.27547651;1.65513689;1.54510994;1.60733071;0.06062900;0.00000000;0.00000000
450;45.00000000;0.00000000;20.83453865;13.37533814;1.65909946;1.54114945;1.61342406;0.01783324;0.00000000;0.00000000
451;45.10000000;0.00000000;20.82998266;13.47517444;1.66365650;1.53659510;1.61089736;-0.02308110;0.00000000;0.00000000
452;45.20000000;0.00000000;20.82652552;13.57505462;1.66711416;1.53313913;1.60880784;0.02480228;0.00000000;0.00000000
453;45.30000000;0.00000000;20.82238679;13.67490904;1.67125372;1.52900188;1.61585782;0.07076451;0.00000000;0.00000000
454;45.40000000;0.00000000;20.81752172;13.77473071;1.67612001;1.52413868;1.62296074;0.06930816;0.00000000;0.00000000
455;45.50000000;0.00000000;20.81196494;13.87451627;1.67009301;1.51858420;1.62971945;0.06586756;0.00000000;0.00000000
456;45.60000000;0.00000000;20.80575102;13.97426307;1.64966913;1.51237307;1.63613425;0.02138999;0.00000000;0.00000000
457;45.70000000;0.00000000;20.79891452;14.07396914;1.63572909;1.50553988;1.63399745;-0.02005927;0.00000000;0.00000000
458;45.80000000;0.00000000;20.79312696;14.17374136;1.62530323;1.49975493;1.63212240;0.02602697;0.00000000;0.00000000
459;45.90000000;0.00000000;20.78666442;14.27347230;1.61730502;1.49553371;1.63920284;0.07136871;0.00000000;0.00000000
460;46.00000000;0.00000000;20.77946461;14.37315273;1.61620061;1.49613493;1.64639614;0.06992439;0.00000000;0.00000000
461;46.10000000;0.00000000;20.77156799;14.47278040;1.62196410;1.49733602;1.65318772;0.02568426;0.00000000;0.00000000
462;46.20000000;0.00000000;20.76301491;14.57235386;1.63051341;1.50453176;1.65153299;-0.01631560;0.00000000;0.00000000
463;46.30000000;0.00000000;20.75544807;14.67200687;1.63807735;1.51926023;1.64992460;0.02759342;0.00000000;0.00000000
464;46.40000000;0.00000000;20.74721534;14.77160724;1.64630677;1.53969664;1.65705168;0.07234032;0.00000000;0.00000000
465;46.50000000;0.00000000;20.73822883;14.87114246;1.65528950;1.54493442;1.66439266;0.07111958;0.00000000;0.00000000
466;46.60000000;0.00000000;20.72853471;14.97061126;1.66497943;1.53523384;1.67127559;0.06654900;0.00000000;0.00000000
467;46.70000000;0.00000000;20.71817891;15.07001337;1.67533069;1.52487079;1.67770246;0.02326395;0.00000000;0.00000000
468;46.80000000;0.00000000;20.70720708;15.16934938;1.67759359;1.51389098;1.67592838;-0.01925871;0.00000000;0.00000000
469;46.90000000;0.00000000;20.69720408;15.26878719;1.65754514;1.50388145;1.67385072;0.02112422;0.00000000;0.00000000
470;47.00000000;0.00000000;20.68664512;15.36816783;1.64389582;1.49331537;1.68015323;0.06529901;0.00000000;0.00000000
471;47.10000000;0.00000000;20.67538949;15.46747201;1.63694806;1.48670417;1.68691052;0.06502554;0.00000000;0.00000000
472;47.20000000;0.00000000;20.66348845;15.56670092;1.63673653;1.48614703;1.69315834;0.05994582;0.00000000;0.00000000
473;47.30000000;0.00000000;20.65099285;15.66585674;1.64321328;1.49170131;1.69889969;0.05489649;0.00000000;0.00000000
474;47.40000000;0.00000000;20.63795320;15.76494251;1.65624984;1.50334899;1.70413763;0.04987755;0.00000000;0.00000000
475;47.50000000;0.00000000;20.62441956;15.86396204;1.66975035;1.52099879;1.70887520;0.04488835;0.00000000;0.00000000
476;47.60000000;0.00000000;20.61044164;15.96291985;1.66769496;1.51761786;1.71311530;0.00476758;0.00000000;0.00000000
477;47.70000000;0.00000000;20.59606879;16.06182109;1.65393390;1.50361261;1.70982871;-0.03831719;0.00000000;0.00000000
478;47.80000000;0.00000000;20.58274181;16.16086744;1.64508183;1.49722164;1.70545187;-0.00571417;0.00000000;0.00000000
479;47.90000000;0.00000000;20.56923525;16.25989062;1.64245591;1.49730697;1.70868588;0.00416064;0.00000000;0.00000000
480;48.00000000;0.00000000;20.55526775;16.35884986;1.64636973;1.50358469;1.70628399;-0.03119304;0.00000000;0.00000000
481;48.10000000;0.00000000;20.54223720;16.45793560;1.65525543;1.51162069;1.70244727;-0.00182481;0.00000000;0.00000000
482;48.20000000;0.00000000;20.52902947;16.55699900;1.66451184;1.52556904;1.70591903;0.04162375;0.00000000;0.00000000
483;48.30000000;0.00000000;20.51531107;16.65599303;1.64826607;1.52187931;1.71077202;0.04550115;0.00000000;0.00000000
484;48.40000000;0.00000000;20.50114246;16.75492367;1.63627026;1.51034114;1.71501926;0.07510526;0.00000000;0.00000000
485;48.50000000;0.00000000;20.48658364;16.85379768;1.63071795;1.50496956;1.72579307;0.12116398;0.00000000;0.00000000
486;48.60000000;0.00000000;20.47028748;16.95239551;1.63303819;1.50446645;1.73925206;0.10159700;0.00000000;0.00000000
487;48.70000000;0.00000000;20.45307285;17.05084177;1.64237557;1.50966236;1.74611247;0.05498718;0.00000000;0.00000000
488;48.80000000;0.00000000;20.43542459;17.14921126;1.65812918;1.52098408;1.75024949;0.03868532;0.00000000;0.00000000
489;48.90000000;0.00000000;20.41739600;17.24751180;1.66674675;1.52894576;1.75384953;0.03333290;0.00000000;0.00000000
490;49.00000000;0.00000000;20.39903991;17.34575175;1.65509721;1.52184622;1.75691607;0.02801313;0.00000000;0.00000000
491;49.10000000;0.00000000;20.38040877;17.44393994;1.64971149;1.52101332;1.75945216;0.02272153;0.00000000;0.00000000
492;49.20000000;0.00000000;20.36155462;17.54208558;1.65059813;1.52651001;1.76146038;0.04260915;0.00000000;0.00000000
493;49.30000000;0.00000000;20.34252925;17.64019820;1.65570408;1.53832046;1.76797399;0.07602227;0.00000000;0.00000000
494;49.40000000;0.00000000;20.32239890;17.73808626;1.64725416;1.52995521;1.77666483;0.05399364;0.00000000;0.00000000
495;49.50000000;0.00000000;20.30167115;17.83585338;1.64429876;1.51137938;1.77877272;-0.00004493;0.00000000;0.00000000
496;49.60000000;0.00000000;20.28112754;17.93365934;1.64270313;1.49761489;1.77665585;-0.02351412;0.00000000;0.00000000
497;49.70000000;0.00000000;20.26081391;18.03151329;1.63692336;1.49067402;1.77406990;-0.02821762;0.00000000;0.00000000
498;49.80000000;0.00000000;20.24077642;18.12942412;1.62429941;1.49069912;1.77101232;-0.01325623;0.00000000;0.00000000
499;49.90000000;0.00000000;20.22106158;18.22740039;1.61743340;1.49773684;1.77141865;0.02142946;0.00000000;0.00000000
500;50.00000000;0.00000000;20.20094490;18.32529308;1.61713813;1.51095979;1.77529822;0.01162759;0.00000000;0.00000000
501;50.10000000;0.00000000;20.18047053;18.42311305;1.61806767;1.51356916;1.77374417;-0.04268815;0.00000000;0.00000000
502;50.20000000;0.00000000;20.16065794;18.52106912;1.60671850;1.51567221;1.76676059;-0.05577149;0.00000000;0.00000000
503;50.30000000;0.00000000;20.14155182;18.61916536;1.60081722;1.52505357;1.76258987;-0.02016713;0.00000000;0.00000000
504;50.40000000;0.00000000;20.12255706;18.71728302;1.60103096;1.54098454;1.76272716;-0.02228992;0.00000000;0.00000000
505;50.50000000;0.00000000;20.10342412;18.81537341;1.60761028;1.54025447;1.75813189;-0.04710202;0.00000000;0.00000000
506;50.60000000;0.00000000;20.08533199;18.91366101;1.61520578;1.53975655;1.75330676;0.02282587;0.00000000;0.00000000
507;50.70000000;0.00000000;20.06714748;19.01192626;1.62716900;1.54563858;1.76269706;0.10217521;0.00000000;0.00000000
508;50.80000000;0.00000000;20.04721259;19.10985787;1.62914654;1.55615990;1.77374180;0.06846737;0.00000000;0.00000000
509;50.90000000;0.00000000;20.02686068;19.20770388;1.61390201;1.55362668;1.77639053;0.00730857;0.00000000;0.00000000
510;51.00000000;0.00000000;20.00640724;19.30552869;1.59463731;1.55238721;1.77520351;-0.02526626;0.00000000;0.00000000
511;51.10000000;0.00000000;19.98628771;19.40342261;1.58112618;1.55791230;1.77133728;-0.03968675;0.00000000;0.00000000
512;51.20000000;0.00000000;19.96659129;19.50140267;1.57342624;1.57022021;1.76726616;-0.05041266;0.00000000;0.00000000
513;51.30000000;0.00000000;19.94726953;19.59945696;1.57167292;1.55603241;1.76125475;-0.07422213;0.00000000;0.00000000
514;51.40000000;0.00000000;19.92875256;19.69766650;1.57544952;1.54596691;1.75242174;-0.09682281;0.00000000;0.00000000
515;51.50000000;0.00000000;19.91116588;19.79604722;1.58459094;1.54327096;1.74189019;-0.06431100;0.00000000;0.00000000
516;51.60000000;0.00000000;19.89472141;19.89462526;1.59879442;1.54819584;1.73955953;-0.02066345;0.00000000;0.00000000
517;51.70000000;0.00000000;19.87759354;19.99308668;1.61043278;1.55883654;1.73775750;-0.06841996;0.00000000;0.00000000
518;51.80000000;0.00000000;19.86150462;20.09172231;1.59605274;1.56813564;1.72587554;-0.12846224;0.00000000;0.00000000
519;51.90000000;0.00000000;19.84672143;20.19056135;1.58560798;1.55756977;1.71206505;-0.14120476;0.00000000;0.00000000
520;52.00000000;0.00000000;19.83336294;20.28960216;1.57998359;1.55481368;1.69763459;-0.15040158;0.00000000;0.00000000
521;52.10000000;0.00000000;19.82143821;20.38882562;1.57922567;1.55991564;1.68198473;-0.16794016;0.00000000;0.00000000
522;52.20000000;0.00000000;19.81118591;20.48823400;1.58310454;1.57303200;1.66404656;-0.18835158;0.00000000;0.00000000
523;52.30000000;0.00000000;19.80282808;20.58781871;1.59136644;1.59417472;1.64431442;-0.20446240;0.00000000;0.00000000
524;52.40000000;0.00000000;19.79650594;20.68755254;1.59767944;1.60369672;1.62315408;-0.20247420;0.00000000;0.00000000
525;52.50000000;0.00000000;19.79236889;20.78740018;1.60181181;1.59956524;1.60381958;-0.16914039;0.00000000;0.00000000
526;52.60000000;0.00000000;19.78990691;20.88730958;1.60427174;1.59710641;1.58932600;-0.16603663;0.00000000;0.00000000
527;52.70000000;0.00000000;19.78866558;20.98723538;1.60551206;1.59586727;1.57061225;-0.22455650;0.00000000;0.00000000
528;52.80000000;0.00000000;19.78994370;21.08715989;1.60423403;1.59714656;1.54441470;-0.25839231;0.00000000;0.00000000
529;52.90000000;0.00000000;19.79393724;21.18701207;1.60023962;1.60114223;1.51893379;-0.22652511;0.00000000;0.00000000
530;53.00000000;0.00000000;19.80030414;21.28674816;1.59386944;1.60751362;1.49910968;-0.21490397;0.00000000;0.00000000
531;53.10000000;0.00000000;19.80825258;21.38636320;1.58591481;1.61546940;1.47595300;-0.27295349;0.00000000;0.00000000
532;53.20000000;0.00000000;19.81922913;21.48568902;1.57492481;1.62646043;1.44451898;-0.30923951;0.00000000;0.00000000
533;53.30000000;0.00000000;19.83341999;21.58460533;1.56070992;1.64067651;1.41410509;-0.27811535;0.00000000;0.00000000
534;53.40000000;0.00000000;19.85041539;21.68308748;1.54367938;1.65770868;1.38889591;-0.27205689;0.00000000;0.00000000
535;53.50000000;0.00000000;19.86957316;21.78116096;1.52447652;1.65669757;1.35969372;-0.33327781;0.00000000;0.00000000
536;53.60000000;0.00000000;19.89228511;21.87847064;1.50766070;1.65132974;1.32224035;-0.38520952;0.00000000;0.00000000
537;53.70000000;0.00000000;19.91872753;21.97483132;1.49350498;1.65241299;1.28265181;-0.39723571;0.00000000;0.00000000
538;53.80000000;0.00000000;19.94906374;22.07003590;1.48189470;1.65017694;1.24279321;-0.37030361;0.00000000;0.00000000
539;53.90000000;0.00000000;19.98309653;22.16398764;1.47306733;1.65787387;1.20859109;-0.33785337;0.00000000;0.00000000
540;54.00000000;0.00000000;20.01987386;22.25690812;1.46805863;1.65971531;1.17522254;-0.37607048;0.00000000;0.00000000
541;54.10000000;0.00000000;20.06009469;22.34837661;1.46610756;1.66379258;1.13337699;-0.44527387;0.00000000;0.00000000
542;54.20000000;0.00000000;20.10450563;22.43788765;1.46634069;1.67840618;1.08616776;-0.48166879;0.00000000;0.00000000
543;54.30000000;0.00000000;20.15317354;22.52516182;1.46284208;1.69590147;1.03704323;-0.43618690;0.00000000;0.00000000
544;54.40000000;0.00000000;20.20615581;22.60989341;1.46057800;1.71547545;0.99893038;-0.38384046;0.00000000;0.00000000
545;54.50000000;0.00000000;20.26133004;22.69320995;1.46253897;1.74307115;0.96027514;-0.45178950;0.00000000;0.00000000
546;54.60000000;0.00000000;20.32069156;22.77358724;1.46620716;1.75251811;0.90857248;-0.50695293;0.00000000;0.00000000
547;54.70000000;0.00000000;20.38416244;22.85075315;1.47146016;1.76480238;0.85888456;-0.47933069;0.00000000;0.00000000
548;54.80000000;0.00000000;20.45120802;22.92484785;1.47644583;1.75360799;0.81270635;-0.45573090;0.00000000;0.00000000
549;54.90000000;0.00000000;20.52152165;22.99582701;1.47691675;1.73265784;0.76773838;-0.42897705;0.00000000;0.00000000
550;55.00000000;0.00000000;20.59495089;23.06360137;1.47291938;1.72171796;0.72691094;-0.41766801;0.00000000;0.00000000
551;55.10000000;0.00000000;20.67083414;23.12862103;1.46755174;1.70920518;0.68420478;-0.46603481;0.00000000;0.00000000
552;55.20000000;0.00000000;20.74977380;23.18988106;1.46413396;1.70149410;0.63370397;-0.47906248;0.00000000;0.00000000
553;55.30000000;0.00000000;20.83182587;23.24691826;1.46228652;1.69973025;0.58839228;-0.44620916;0.00000000;0.00000000
554;55.40000000;0.00000000;20.91599610;23.30078951;1.46345748;1.69647523;0.54446214;-0.42378549;0.00000000;0.00000000
555;55.50000000;0.00000000;21.00274235;23.35041014;1.46377672;1.68331885;0.50363518;-0.37222061;0.00000000;0.00000000
556;55.60000000;0.00000000;21.09102607;23.39723663;1.46408343;1.66187592;0.47001802;-0.36320325;0.00000000;0.00000000
557;55.70000000;0.00000000;21.18089775;23.44091105;1.46767704;1.64973992;0.43099453;-0.37439501;0.00000000;0.00000000
558;55.80000000;0.00000000;21.27256568;23.48071313;1.47379441;1.64786824;0.39513902;-0.35618871;0.00000000;0.00000000
559;55.90000000;0.00000000;21.36533339;23.51783454;1.48092040;1.65493604;0.35975679;-0.34664077;0.00000000;0.00000000
560;56.00000000;0.00000000;21.45958244;23.55105485;1.47473292;1.67207707;0.32581086;-0.29626581;0.00000000;0.00000000
561;56.10000000;0.00000000;21.55466989;23.58180205;1.47269370;1.67468175;0.30050363;-0.27385901;0.00000000;0.00000000
562;56.20000000;0.00000000;21.65047817;23.61021117;1.47498583;1.66920015;0.27103906;-0.34591064;0.00000000;0.00000000
563;56.30000000;0.00000000;21.74719385;23.63530006;1.48059511;1.64416944;0.23132150;-0.40236525;0.00000000;0.00000000
564;56.40000000;0.00000000;21.84494161;23.65601465;1.48843189;1.62350012;0.19056601;-0.35552003;0.00000000;0.00000000
565;56.50000000;0.00000000;21.94339527;23.67314865;1.49928494;1.60640019;0.16021749;-0.27270717;0.00000000;0.00000000
566;56.60000000;0.00000000;22.04223426;23.68789766;1.50934850;1.59167856;0.13602458;-0.25549213;0.00000000;0.00000000
567;56.70000000;0.00000000;22.14140134;23.70024970;1.52171806;1.57934732;0.10911906;-0.29618560;0.00000000;0.00000000
568;56.80000000;0.00000000;22.24087855;23.70965998;1.53113800;1.56995077;0.07678746;-0.30436796;0.00000000;0.00000000
569;56.90000000;0.00000000;22.34063804;23.71557872;1.53705951;1.56403867;0.04824547;-0.25288245;0.00000000;0.00000000
570;57.00000000;0.00000000;22.44050403;23.71929849;1.54077986;1.56032258;0.02621097;-0.21919130;0.00000000;0.00000000
571;57.10000000;0.00000000;22.54042827;23.72081661;1.54229781;1.55880623;0.00440721;-0.22021330;0.00000000;0.00000000
572;57.20000000;0.00000000;22.64036310;23.72017932;1.54166098;1.55944448;-0.01783169;-0.25920077;0.00000000;0.00000000
573;57.30000000;0.00000000;22.74025409;23.71725300;1.53873747;1.56237216;-0.04743294;-0.28615517;0.00000000;0.00000000
574;57.40000000;0.00000000;22.83997903;23.71070384;1.53219779;1.56892556;-0.07506273;-0.23034107;0.00000000;0.00000000
575;57.50000000;0.00000000;22.93956231;23.70226422;1.52377298;1.57737220;-0.09350115;-0.18311602;0.00000000;0.00000000
576;57.60000000;0.00000000;23.03897754;23.69204284;1.51375248;1.58760410;-0.11168593;-0.18388464;0.00000000;0.00000000
577;57.70000000;0.00000000;23.13818529;23.67998813;1.50844806;1.59967379;-0.13027808;-0.18282008;0.00000000;0.00000000
578;57.80000000;0.00000000;23.23714871;23.66607842;1.50788497;1.61360401;-0.14824995;-0.17763117;0.00000000;0.00000000
579;57.90000000;0.00000000;23.33585822;23.65046654;1.51221822;1.62924245;-0.16580431;-0.17619957;0.00000000;0.00000000
580;58.00000000;0.00000000;23.43427103;23.63309185;1.52133841;1.62510072;-0.18348986;-0.17414772;0.00000000;0.00000000
581;58.10000000;0.00000000;23.53236667;23.61399904;1.53519749;1.61610324;-0.20063386;-0.17192909;0.00000000;0.00000000
582;58.20000000;0.00000000;23.63012667;23.59326068;1.54073562;1.61493738;-0.21787568;-0.16992698;0.00000000;0.00000000
583;58.30000000;0.00000000;23.72750686;23.57079697;1.53994649;1.62170728;-0.23461925;-0.16945738;0.00000000;0.00000000
584;58.40000000;0.00000000;23.82451955;23.54679667;1.54405759;1.63470801;-0.25176715;-0.15910792;0.00000000;0.00000000
585;58.50000000;0.00000000;23.92107436;23.52100654;1.55276366;1.62833338;-0.26644084;-0.15024671;0.00000000;0.00000000
586;58.60000000;0.00000000;24.01734382;23.49416912;1.55438621;1.62916497;-0.28181649;-0.16279854;0.00000000;0.00000000
587;58.70000000;0.00000000;24.11305996;23.46542248;1.54897781;1.62308003;-0.29900055;-0.15715402;0.00000000;0.00000000
588;58.80000000;0.00000000;24.20834928;23.43529331;1.54856170;1.60550024;-0.31324730;-0.12923994;0.00000000;0.00000000
589;58.90000000;0.00000000;24.30320645;23.40383179;1.55318794;1.59540061;-0.32484853;-0.10805300;0.00000000;0.00000000
590;59.00000000;0.00000000;24.39777157;23.37149984;1.55479295;1.59244274;-0.33485790;-0.13065638;0.00000000;0.00000000
591;59.10000000;0.00000000;24.49197980;23.33814588;1.55243231;1.59683056;-0.35097981;-0.19349999;0.00000000;0.00000000
592;59.20000000;0.00000000;24.58544464;23.30278536;1.55436193;1.60634865;-0.37355789;-0.20733452;0.00000000;0.00000000
593;59.30000000;0.00000000;24.67804693;23.26521464;1.56033309;1.60026668;-0.39244671;-0.15804035;0.00000000;0.00000000
594;59.40000000;0.00000000;24.77011831;23.22634562;1.56838323;1.58550915;-0.40516596;-0.14578740;0.00000000;0.00000000
595;59.50000000;0.00000000;24.86173595;23.18643115;1.56686281;1.57555159;-0.42160419;-0.19958270;0.00000000;0.00000000
596;59.60000000;0.00000000;24.95247352;23.14455967;1.56956726;1.57404278;-0.44508250;-0.22998481;0.00000000;0.00000000
597;59.70000000;0.00000000;25.04211913;23.10038758;1.56859710;1.58140648;-0.46760116;-0.17927152;0.00000000;0.00000000
598;59.80000000;0.00000000;25.13088630;23.05446982;1.56774765;1.58874282;-0.48093681;-0.14905632;0.00000000;0.00000000
599;59.90000000;0.00000000;25.21932445;23.00792146;1.57255043;1.59857848;-0.49741242;-0.19565952;0.00000000;0.00000000
600;60.00000000;0.00000000;25.30652705;22.95910614;1.58109760;1.61247002;-0.52006871;-0.20828305;0.00000000;0.00000000
601;60.10000000;0.00000000;25.39276263;22.90860156;1.59395087;1.60733995;-0.53906903;-0.16893377;0.00000000;0.00000000
602;60.20000000;0.00000000;25.47804683;22.85650903;1.60384998;1.59079430;-0.55385546;-0.13716680;0.00000000;0.00000000
603;60.30000000;0.00000000;25.56275412;22.80347499;1.59104245;1.58150811;-0.56650239;-0.15600580;0.00000000;0.00000000
604;60.40000000;0.00000000;25.64668965;22.74924461;1.58126132;1.57993077;-0.58505662;-0.19237528;0.00000000;0.00000000
605;60.50000000;0.00000000;25.72936867;22.69310623;1.57140262;1.58694195;-0.60497744;-0.18628218;0.00000000;0.00000000
606;60.60000000;0.00000000;25.81108392;22.63557108;1.56616779;1.57618964;-0.62231306;-0.17915459;0.00000000;0.00000000
607;60.70000000;0.00000000;25.89177015;22.57659831;1.56553412;1.56917864;-0.64080836;-0.20266962;0.00000000;0.00000000
608;60.80000000;0.00000000;25.97130267;22.51607977;1.56934697;1.57044466;-0.66284698;-0.19614106;0.00000000;0.00000000
609;60.90000000;0.00000000;26.04930675;22.45361314;1.57702804;1.58050921;-0.68003657;-0.13878204;0.00000000;0.00000000
610;61.00000000;0.00000000;26.12671240;22.39039652;1.56166777;1.59494356;-0.69060339;-0.12041891;0.00000000;0.00000000
611;61.10000000;0.00000000;26.20338100;22.32629372;1.54964053;1.58970599;-0.70412036;-0.14507045;0.00000000;0.00000000
612;61.20000000;0.00000000;26.27904695;22.26101018;1.54245300;1.59228902;-0.71961748;-0.15495111;0.00000000;0.00000000
613;61.30000000;0.00000000;26.35369304;22.19456155;1.54017532;1.60265376;-0.73511058;-0.15801986;0.00000000;0.00000000
614;61.40000000;0.00000000;26.42730202;22.12696337;1.54283018;1.58601457;-0.75122146;-0.16507528;0.00000000;0.00000000
615;61.50000000;0.00000000;26.49977081;22.05814236;1.54540864;1.57180424;-0.76812563;-0.16600026;0.00000000;0.00000000
616;61.60000000;0.00000000;26.57105294;21.98809449;1.54628119;1.56556972;-0.78442151;-0.15902490;0.00000000;0.00000000
617;61.70000000;0.00000000;26.64123861;21.91695062;1.54560363;1.56624818;-0.79993061;-0.16844340;0.00000000;0.00000000
618;61.80000000;0.00000000;26.71031207;21.84472784;1.54337654;1.56947334;-0.81811019;-0.19615638;0.00000000;0.00000000
619;61.90000000;0.00000000;26.77785972;21.77108552;1.53906582;1.58109289;-0.83916189;-0.19484680;0.00000000;0.00000000
620;62.00000000;0.00000000;26.84383263;21.69601893;1.53263304;1.60095907;-0.85707955;-0.16246549;0.00000000;0.00000000
621;62.10000000;0.00000000;26.90870406;21.61999717;1.52962655;1.61063094;-0.87165499;-0.14871658;0.00000000;0.00000000
622;62.20000000;0.00000000;26.97246253;21.54303772;1.53168996;1.60584019;-0.88682286;-0.17820607;0.00000000;0.00000000
623;62.30000000;0.00000000;27.03499968;21.46508157;1.53868217;1.60883561;-0.90729620;-0.20457140;0.00000000;0.00000000
624;62.40000000;0.00000000;27.09555327;21.38557804;1.54649439;1.62050277;-0.92773714;-0.17881239;0.00000000;0.00000000
625;62.50000000;0.00000000;27.15485053;21.30513324;1.55399900;1.63544014;-0.94305868;-0.15111973;0.00000000;0.00000000
626;62.60000000;0.00000000;27.21293929;21.22381253;1.55042385;1.65184974;-0.95796109;-0.14870797;0.00000000;0.00000000
627;62.70000000;0.00000000;27.26981232;21.14163724;1.55179970;1.65259890;-0.97280027;-0.14809098;0.00000000;0.00000000
628;62.80000000;0.00000000;27.32546247;21.05862851;1.55811928;1.63637907;-0.98757929;-0.15022572;0.00000000;0.00000000
629;62.90000000;0.00000000;27.37988269;20.97480736;1.54465188;1.62762112;-1.00284541;-0.17199322;0.00000000;0.00000000
630;63.00000000;0.00000000;27.43297278;20.89013854;1.53012017;1.62655090;-1.02197793;-0.19420300;0.00000000;0.00000000
631;63.10000000;0.00000000;27.48414788;20.80429470;1.51978227;1.62485324;-1.04168601;-0.17773352;0.00000000;0.00000000
632;63.20000000;0.00000000;27.53386190;20.71759667;1.50866643;1.62282223;-1.05752463;-0.15264143;0.00000000;0.00000000
633;63.30000000;0.00000000;27.58229171;20.63017646;1.50201862;1.62840806;-1.07221430;-0.15951849;0.00000000;0.00000000
634;63.40000000;0.00000000;27.62943640;20.54205758;1.50054335;1.64152111;-1.08942833;-0.17890186;0.00000000;0.00000000
635;63.50000000;0.00000000;27.67482608;20.45302662;1.50374181;1.65512538;-1.10799467;-0.17286624;0.00000000;0.00000000
636;63.60000000;0.00000000;27.71866660;20.36321911;1.51182667;1.65007322;-1.12400158;-0.15942363;0.00000000;0.00000000
637;63.70000000;0.00000000;27.76118472;20.27277782;1.51091191;1.65150983;-1.13987940;-0.16948808;0.00000000;0.00000000
638;63.80000000;0.00000000;27.80215062;20.18162603;1.50325064;1.65053083;-1.15789920;-0.17377492;0.00000000;0.00000000
639;63.90000000;0.00000000;27.84138273;20.08971077;1.49548113;1.64355292;-1.17463438;-0.15739485;0.00000000;0.00000000
640;64.00000000;0.00000000;27.87927697;19.99723515;1.49291924;1.64122552;-1.18937817;-0.16030948;0.00000000;0.00000000
641;64.10000000;0.00000000;27.91578217;19.90420286;1.49554641;1.64224212;-1.20669628;-0.17237723;0.00000000;0.00000000
642;64.20000000;0.00000000;27.95045184;19.81046913;1.49813544;1.64758447;-1.22385361;-0.17158962;0.00000000;0.00000000
643;64.30000000;0.00000000;27.98374448;19.71623720;1.49216949;1.65155692;-1.24101420;-0.18162133;0.00000000;0.00000000
644;64.40000000;0.00000000;28.01517716;19.62136941;1.49092036;1.66348844;-1.26017788;-0.17711095;0.00000000;0.00000000
645;64.50000000;0.00000000;28.04483403;19.52593272;1.49450089;1.66443744;-1.27643639;-0.15792466;0.00000000;0.00000000
646;64.60000000;0.00000000;28.07316563;19.43009387;1.50335167;1.65251110;-1.29176281;-0.15300076;0.00000000;0.00000000
647;64.70000000;0.00000000;28.09988327;19.33379429;1.49554925;1.64391015;-1.30703654;-0.14874835;0.00000000;0.00000000
648;64.80000000;0.00000000;28.12527440;19.23713521;1.48988619;1.64136171;-1.32151248;-0.14987408;0.00000000;0.00000000
649;64.90000000;0.00000000;28.14919311;19.14010276;1.48939761;1.64640731;-1.33701136;-0.15461205;0.00000000;0.00000000
650;65.00000000;0.00000000;28.17157601;19.04270449;1.49357725;1.65903552;-1.35243489;-0.14596915;0.00000000;0.00000000
651;65.10000000;0.00000000;28.19249071;18.94498023;1.47846632;1.66336596;-1.36620519;-0.12578235;0.00000000;0.00000000
652;65.20000000;0.00000000;28.21218339;18.84700094;1.46876287;1.67396462;-1.37759136;-0.11004835;0.00000000;0.00000000
653;65.30000000;0.00000000;28.23086775;18.74882411;1.46479706;1.66262924;-1.38821486;-0.09407395;0.00000000;0.00000000
654;65.40000000;0.00000000;28.24847431;18.65044892;1.46654750;1.64730534;-1.39640615;-0.05815211;0.00000000;0.00000000
655;65.50000000;0.00000000;28.26554803;18.55197818;1.47454493;1.63848684;-1.39984528;-0.04836227;0.00000000;0.00000000
656;65.60000000;0.00000000;28.28247753;18.45348413;1.48907724;1.63588425;-1.40607860;-0.08118631;0.00000000;0.00000000
657;65.70000000;0.00000000;28.29832228;18.35480872;1.50491062;1.64047834;-1.41608254;-0.09689288;0.00000000;0.00000000
658;65.80000000;0.00000000;28.31327797;18.25599494;1.51985725;1.65201065;-1.42545718;-0.10441092;0.00000000;0.00000000
659;65.90000000;0.00000000;28.32726996;18.15703980;1.52478949;1.66633997;-1.43696473;-0.14625784;0.00000000;0.00000000
660;66.00000000;0.00000000;28.33994693;18.05791359;1.51038613;1.65365280;-1.45470874;-0.16389083;0.00000000;0.00000000
661;66.10000000;0.00000000;28.35041924;17.95852418;1.49833597;1.64317372;-1.46974289;-0.10872604;0.00000000;0.00000000
662;66.20000000;0.00000000;28.36011094;17.85905520;1.48784178;1.63347632;-1.47645395;-0.07071653;0.00000000;0.00000000
663;66.30000000;0.00000000;28.36924836;17.75953379;1.48346202;1.62433389;-1.48388620;-0.11110855;0.00000000;0.00000000
664;66.40000000;0.00000000;28.37746012;17.65993594;1.48487909;1.62041106;-1.49867566;-0.13675970;0.00000000;0.00000000
665;66.50000000;0.00000000;28.38365031;17.56018777;1.49098359;1.62466865;-1.51123814;-0.08420700;0.00000000;0.00000000
666;66.60000000;0.00000000;28.38935755;17.46041070;1.49668248;1.63551462;-1.51551706;-0.04164259;0.00000000;0.00000000
667;66.70000000;0.00000000;28.39469390;17.36061315;1.50201142;1.65270898;-1.51956666;-0.04264266;0.00000000;0.00000000
668;66.80000000;0.00000000;28.39959285;17.26079320;1.50690396;1.67612030;-1.52404560;-0.04096598;0.00000000;0.00000000
669;66.90000000;0.00000000;28.40403502;17.16095179;1.51134070;1.68989918;-1.52775985;-0.03723299;0.00000000;0.00000000
670;67.00000000;0.00000000;28.40819233;17.06109804;1.51549314;1.68574613;-1.53149219;-0.06965210;0.00000000;0.00000000
671;67.10000000;0.00000000;28.41188900;16.96122890;1.51918569;1.68205325;-1.54169027;-0.09843810;0.00000000;0.00000000
672;67.20000000;0.00000000;28.41400898;16.86131113;1.52130388;1.67993545;-1.55117981;-0.09138411;0.00000000;0.00000000
673;67.30000000;0.00000000;28.41580966;16.76138941;1.52310306;1.67813679;-1.55996710;-0.08405435;0.00000000;0.00000000
674;67.40000000;0.00000000;28.41617341;16.66144983;1.52346659;1.67777420;-1.56799068;-0.07639522;0.00000000;0.00000000
675;67.50000000;0.00000000;28.41637044;16.56151168;1.52366344;1.67757832;4.70793917;-0.06844889;0.00000000;0.00000000
676;67.60000000;0.00000000;28.41528401;16.46157739;1.52257733;1.67866563;4.70150484;-0.06021499;0.00000000;0.00000000
677;67.70000000;0.00000000;28.41419498;16.36164461;1.52148858;1.67975558;4.69589617;-0.04312018;0.00000000;0.00000000
678;67.80000000;0.00000000;28.41198765;16.26172889;1.51928156;1.65836959;4.69288081;0.00736030;0.00000000;0.00000000
679;67.90000000;0.00000000;28.41029594;16.16180328;1.51759021;1.63272051;4.69736823;0.00517303;0.00000000;0.00000000
680;68.00000000;0.00000000;28.40898543;16.06187243;1.51628003;1.61249111;4.69391542;-0.07126546;0.00000000;0.00000000
681;68.10000000;0.00000000;28.40660373;15.96196139;1.51389858;1.59933144;4.68311514;-0.09305482;0.00000000;0.00000000
682;68.20000000;0.00000000;28.40313513;15.86208220;1.51042975;1.59343419;4.67530445;-0.00201681;0.00000000;0.00000000
683;68.30000000;0.00000000;28.39919318;15.76222443;1.51295108;1.59426748;4.68271178;0.05777688;0.00000000;0.00000000
684;68.40000000;0.00000000;28.39720455;15.66230484;1.52398145;1.59625610;4.68685983;-0.02747055;0.00000000;0.00000000
685;68.50000000;0.00000000;28.39409108;15.56241398;1.54032352;1.59936955;4.67721767;-0.05474928;0.00000000;0.00000000
686;68.60000000;0.00000000;28.39017605;15.46255091;1.56212179;1.60328457;4.67590997;-0.01568199;0.00000000;0.00000000
687;68.70000000;0.00000000;28.38680132;15.36266821;1.59042863;1.60665930;4.67408127;-0.05445315;0.00000000;0.00000000
688;68.80000000;0.00000000;28.38252108;15.26282021;1.58909959;1.61093955;4.66501934;-0.08271385;0.00000000;0.00000000
689;68.90000000;0.00000000;28.37733674;15.16301506;1.58391635;1.61612391;4.65753850;-0.03263958;0.00000000;0.00000000
690;69.00000000;0.00000000;28.37156315;15.06324246;1.57814411;1.62189756;4.65849143;0.00752359;0.00000000;0.00000000
691;69.10000000;0.00000000;28.36656903;14.96342736;1.57315104;1.62689174;4.65904322;-0.03061885;0.00000000;0.00000000
692;69.20000000;0.00000000;28.36090552;14.86364799;1.56748889;1.61899618;4.65236766;-0.05906059;0.00000000;0.00000000
693;69.30000000;0.00000000;28.35457924;14.76390844;1.56116431;1.59926467;4.64723110;-0.00856579;0.00000000;0.00000000
694;69.40000000;0.00000000;28.34789105;14.66419331;1.55447807;1.58595926;4.65065450;0.03295960;0.00000000;0.00000000
695;69.50000000;0.00000000;28.34224779;14.56441261;1.54883626;1.57287608;4.65382302;-0.00456534;0.00000000;0.00000000
696;69.60000000;0.00000000;28.33619158;14.46465612;1.54520656;1.56550722;4.64974143;-0.03416029;0.00000000;0.00000000
697;69.70000000;0.00000000;28.32973399;14.36492479;1.54763242;1.56490282;4.64699096;0.00954041;0.00000000;0.00000000
698;69.80000000;0.00000000;28.32312919;14.26520412;1.55633815;1.57081711;4.65164951;0.03552367;0.00000000;0.00000000
699;69.90000000;0.00000000;28.31760108;14.16541707;1.57115258;1.57633865;4.65409569;-0.01684125;0.00000000;0.00000000
700;70.00000000;0.00000000;28.31148417;14.06566438;1.58695107;1.58244806;4.64828126;-0.05727354;0.00000000;0.00000000
701;70.10000000;0.00000000;28.30479604;13.96594833;1.60825932;1.58912771;4.64264098;-0.04935125;0.00000000;0.00000000
702;70.20000000;0.00000000;28.29755428;13.86627095;1.60433203;1.59636004;4.63841101;0.00205210;0.00000000;0.00000000
703;70.30000000;0.00000000;28.29002288;13.76661601;1.59679683;1.60388154;4.64305140;0.04686694;0.00000000;0.00000000
704;70.40000000;0.00000000;28.28370649;13.66687559;1.59047793;1.61019051;4.64778440;0.01062042;0.00000000;0.00000000
705;70.50000000;0.00000000;28.27711868;13.56715272;1.58388736;1.61677051;4.64517549;-0.02496490;0.00000000;0.00000000
706;70.60000000;0.00000000;28.27028195;13.46744660;1.57704763;1.60999099;4.64279142;-0.02271809;0.00000000;0.00000000
707;70.70000000;0.00000000;28.26321873;13.36775627;1.56998118;1.58732238;4.64063187;-0.02047444;0.00000000;0.00000000
708;70.80000000;0.00000000;28.25595142;13.26808060;1.56271043;1.57089999;4.63869653;-0.01823379;0.00000000;0.00000000
709;70.90000000;0.00000000;28.24850238;13.16841834;1.56012675;1.56089871;4.63698511;-0.01599593;0.00000000;0.00000000
710;71.00000000;0.00000000;28.24089393;13.06876812;1.56377888;1.55741991;4.63549734;-0.00954173;0.00000000;0.00000000
711;71.10000000;0.00000000;28.23314838;12.96912847;1.57364553;1.56048494;4.63507676;0.03544931;0.00000000;0.00000000
712;71.20000000;0.00000000;28.22545621;12.86948585;1.58979821;1.56818135;4.64258720;0.06646855;0.00000000;0.00000000
713;71.30000000;0.00000000;28.21920814;12.76974112;1.61339511;1.57443231;4.64837047;0.01502253;0.00000000;0.00000000
714;71.40000000;0.00000000;28.21266891;12.67001505;1.61956324;1.58097469;4.64559171;-0.02638313;0.00000000;0.00000000
715;71.50000000;0.00000000;28.20586661;12.57030657;1.61276733;1.58778041;4.64309385;-0.02357625;0.00000000;0.00000000
716;71.60000000;0.00000000;28.19882926;12.47061440;1.60573687;1.59482141;4.64087646;-0.02077350;0.00000000;0.00000000
717;71.70000000;0.00000000;28.19158484;12.37093706;1.59849981;1.60206970;4.63893915;-0.01797457;0.00000000;0.00000000
718;71.80000000;0.00000000;28.18416127;12.27127290;1.59108405;1.59127440;4.63728155;-0.01517909;0.00000000;0.00000000
719;71.90000000;0.00000000;28.17658644;12.17162012;1.58351744;1.57105005;4.63590333;-0.01238660;0.00000000;0.00000000
720;72.00000000;0.00000000;28.16888819;12.07197679;1.57582777;1.55711324;4.63480423;-0.00959661;0.00000000;0.00000000
721;72.10000000;0.00000000;28.16109432;11.97234090;1.56804283;1.54960578;4.63398401;-0.00680858;0.00000000;0.00000000
722;72.20000000;0.00000000;28.15323261;11.87271033;1.56107694;1.54859333;4.63344251;-0.00402192;0.00000000;0.00000000
723;72.30000000;0.00000000;28.14533084;11.77308293;1.56045340;1.55049100;4.63317962;-0.00123605;0.00000000;0.00000000
724;72.40000000;0.00000000;28.13741676;11.67345651;1.56620752;1.55610765;4.63319530;0.00154967;0.00000000;0.00000000
725;72.50000000;0.00000000;28.12951811;11.57382887;1.57829706;1.56400281;4.63348956;0.00433584;0.00000000;0.00000000
726;72.60000000;0.00000000;28.12166265;11.47419781;1.59660531;1.57185492;4.63406247;0.00712306;0.00000000;0.00000000
727;72.70000000;0.00000000;28.11387817;11.37456118;1.62042192;1.57963622;4.63491417;0.00991194;0.00000000;0.00000000
728;72.80000000;0.00000000;28.10619244;11.27491689;1.61273555;1.58731894;4.63604486;0.01270304;0.00000000;0.00000000
729;72.90000000;0.00000000;28.09863329;11.17526291;1.60517582;1.59487526;4.63745478;0.01549688;0.00000000;0.00000000
730;73.00000000;0.00000000;28.09122857;11.07559735;1.59777060;1.60227733;4.63914423;0.01829393;0.00000000;0.00000000
731;73.10000000;0.00000000;28.08400618;10.97591840;1.59054777;1.60949727;4.64111356;0.02109462;0.00000000;0.00000000
732;73.20000000;0.00000000;28.07699407;10.87622444;1.58353528;1.61650711;4.64336316;0.02389930;0.00000000;0.00000000
733;73.30000000;0.00000000;28.07022023;10.77651402;1.57676111;1.62327888;4.64589342;0.02670822;0.00000000;0.00000000
734;73.40000000;0.00000000;28.06371271;10.67678585;1.57025332;1.62479160;4.64870480;0.02857106;0.00000000;0.00000000
735;73.50000000;0.00000000;28.05749962;10.57703892;1.56404001;1.59990949;4.65160763;-0.01773187;0.00000000;0.00000000
736;73.60000000;0.00000000;28.05157121;10.47727489;1.55837646;1.58068316;4.64515843;-0.06797984;0.00000000;0.00000000
737;73.70000000;0.00000000;28.04407209;10.37761637;1.55418300;1.56917218;4.63801167;-0.02788180;0.00000000;0.00000000
738;73.80000000;0.00000000;28.03671834;10.27794703;1.55655439;1.56382983;4.63958207;0.01682378;0.00000000;0.00000000
739;73.90000000;0.00000000;28.02953227;10.17826546;1.56548299;1.56469694;4.64137642;0.01906474;0.00000000;0.00000000
740;74.00000000;0.00000000;28.02253624;10.07857036;1.58087970;1.57169857;4.64339501;0.02130857;0.00000000;0.00000000
741;74.10000000;0.00000000;28.01575266;9.97886059;1.60257978;1.57848740;4.64563814;0.02356851;0.00000000;0.00000000
742;74.20000000;0.00000000;28.00920396;9.87913511;1.61627559;1.58504098;4.64810872;0.02583790;0.00000000;0.00000000
743;74.30000000;0.00000000;28.00291315;9.77939303;1.60998174;1.59132954;4.65080572;0.02808562;0.00000000;0.00000000
744;74.40000000;0.00000000;27.99690246;9.67963368;1.60396838;1.59733029;4.65372584;0.03032489;0.00000000;0.00000000
745;74.50000000;0.00000000;27.99119427;9.57985657;1.59825786;1.60302935;4.65687069;0.03257846;0.00000000;0.00000000
746;74.60000000;0.00000000;27.98581115;9.48006139;1.59287278;1.60840413;4.66024153;0.03483978;0.00000000;0.00000000
747;74.70000000;0.00000000;27.98077575;9.38024806;1.58783575;1.61343198;4.66383865;-0.01139060;0.00000000;0.00000000
748;74.80000000;0.00000000;27.97611071;9.28041675;1.58316945;1.61809025;4.65796341;-0.06399828;0.00000000;0.00000000
749;74.90000000;0.00000000;27.96990284;9.18066962;1.57695864;1.62428818;4.65103899;-0.02561518;0.00000000;0.00000000
750;75.00000000;0.00000000;27.96385575;9.08091247;1.57090883;1.63032581;4.65284038;0.01938280;0.00000000;0.00000000
751;75.10000000;0.00000000;27.95800727;8.98114348;1.56505787;1.63616536;4.65491555;0.02159631;0.00000000;0.00000000
752;75.20000000;0.00000000;27.95237426;8.88136210;1.55942262;1.62341439;4.65715964;0.02328626;0.00000000;0.00000000
753;75.30000000;0.00000000;27.94697362;8.78156787;1.55401999;1.60007324;4.65957280;0.02497799;0.00000000;0.00000000
754;75.40000000;0.00000000;27.94182225;8.68176046;1.54886690;1.58246288;4.66215524;0.02667149;0.00000000;0.00000000
755;75.50000000;0.00000000;27.93693710;8.58193967;1.54975675;1.57075931;4.66490710;0.02836668;0.00000000;0.00000000
756;75.60000000;0.00000000;27.93233513;8.48210543;1.55735587;1.56507819;4.66782857;0.03006347;0.00000000;0.00000000
757;75.70000000;0.00000000;27.92803330;8.38225781;1.57158357;1.56546820;4.67091980;0.03176173;0.00000000;0.00000000
758;75.80000000;0.00000000;27.92404863;8.28239703;1.59227854;1.56945366;4.67418092;0.03346128;0.00000000;0.00000000
759;75.90000000;0.00000000;27.92039813;8.18252347;1.61920884;1.57310487;4.67761205;0.03516189;0.00000000;0.00000000
760;76.00000000;0.00000000;27.91709881;8.08263770;1.62375517;1.57640481;4.68121330;0.03686331;0.00000000;0.00000000
761;76.10000000;0.00000000;27.91416773;7.98274045;1.62082483;1.57933645;4.68498471;0.03856521;0.00000000;0.00000000
762;76.20000000;0.00000000;27.91162193;7.88283265;1.61827961;1.58188275;4.68892634;0.08215597;0.00000000;0.00000000
763;76.30000000;0.00000000;27.90947845;7.78291540;1.61613657;1.58402667;4.70141591;0.07463124;0.00000000;0.00000000
764;76.40000000;0.00000000;27.90942880;7.68297598;1.61608694;1.58407665;4.70385259;-0.02960031;0.00000000;0.00000000
765;76.50000000;0.00000000;27.90777228;7.58305001;1.61443072;1.58573356;4.69549585;-0.04289200;0.00000000;0.00000000
766;76.60000000;0.00000000;27.90605236;7.48312454;1.61271112;1.58745386;4.69527419;0.00026948;0.00000000;0.00000000
767;76.70000000;0.00000000;27.90435153;7.38319875;1.61101060;1.58915509;4.69554974;0.00360136;0.00000000;0.00000000
768;76.80000000;0.00000000;27.90268669;7.28327236;1.60934606;1.59082032;4.69599446;0.00529303;0.00000000;0.00000000
769;76.90000000;0.00000000;27.90107473;7.18334509;1.60773439;1.59243266;4.69660835;0.00698483;0.00000000;0.00000000
770;77.00000000;0.00000000;27.89953258;7.08341673;1.60619251;1.59397519;4.69739142;0.00867679;0.00000000;0.00000000
771;77.10000000;0.00000000;27.89807713;6.98348707;1.60473730;1.59543102;4.69834370;0.01036895;0.00000000;0.00000000
772;77.20000000;0.00000000;27.89672529;6.88355595;1.60338569;1.59678322;4.69946521;0.01206132;0.00000000;0.00000000
773;77.30000000;0.00000000;27.89549399;6.78362327;1.60215458;1.59801488;4.70075597;0.01375389;0.00000000;0.00000000
774;77.40000000;0.00000000;27.89440013;6.68368900;1.60106089;1.59910909;4.70221599;0.01544666;0.00000000;0.00000000
775;77.50000000;0.00000000;27.89346064;6.58375316;1.60012153;1.60004892;4.70384530;0.01713957;0.00000000;0.00000000
776;77.60000000;0.00000000;27.89269244;6.48381585;1.59935343;1.60081747;4.70564391;0.01883259;0.00000000;0.00000000
777;77.70000000;0.00000000;27.89211244;6.38387728;1.59877351;1.60139780;4.70761182;0.02052563;0.00000000;0.00000000
778;77.80000000;0.00000000;27.89173758;6.28393773;1.59839869;1.60177300;4.70974903;-0.02464320;0.00000000;0.00000000
779;77.90000000;0.00000000;27.89158477;6.18399759;1.59824591;1.60192615;4.70268318;-0.07774774;0.00000000;0.00000000
780;78.00000000;0.00000000;27.88979768;6.08407399;1.59645917;1.60371366;4.69419948;-0.04312013;0.00000000;0.00000000
781;78.10000000;0.00000000;27.88794926;5.98415082;1.59461111;1.60556250;4.69405915;0.00124542;0.00000000;0.00000000
782;78.20000000;0.00000000;27.88613411;5.88422704;1.59279631;1.60737807;4.69444857;0.00445803;0.00000000;0.00000000
783;78.30000000;0.00000000;27.88436351;5.78430246;1.59102605;1.60914909;4.69495076;0.00558579;0.00000000;0.00000000
784;78.40000000;0.00000000;27.88264873;5.68437691;1.58931159;1.61086428;4.69556573;0.00671365;0.00000000;0.00000000
785;78.50000000;0.00000000;27.88100103;5.58445023;1.58766420;1.61251239;4.69629349;0.00784162;0.00000000;0.00000000
786;78.60000000;0.00000000;27.87943169;5.48452229;1.58609515;1.61408213;4.69713405;0.00896972;0.00000000;0.00000000
787;78.70000000;0.00000000;27.87795198;5.38459299;1.58461570;1.61556223;4.69808743;0.01009795;0.00000000;0.00000000
788;78.80000000;0.00000000;27.87657319;5.28466224;1.58323714;1.61694141;4.69915364;0.01122631;0.00000000;0.00000000
789;78.90000000;0.00000000;27.87530658;5.18473000;1.58197074;1.61820840;4.70033269;0.01235479;0.00000000;0.00000000
790;79.00000000;0.00000000;27.87416343;5.08479628;1.58082777;1.61935192;4.70162460;0.01348338;0.00000000;0.00000000
791;79.10000000;0.00000000;27.87315503;4.98486111;1.57981952;1.62036069;4.70302937;0.01461207;0.00000000;0.00000000
792;79.20000000;0.00000000;27.87229265;4.88492457;1.57895727;1.62122342;4.70454701;-0.03062673;0.00000000;0.00000000
793;79.30000000;0.00000000;27.87158759;4.78498680;1.57825230;1.62192884;4.69690402;-0.08422830;0.00000000;0.00000000
794;79.40000000;0.00000000;27.86919776;4.68507600;1.57586304;1.62431919;4.68770135;-0.01018448;0.00000000;0.00000000
795;79.50000000;0.00000000;27.86665354;4.58516813;1.57331944;1.62686396;4.69486713;0.07180788;0.00000000;0.00000000
796;79.60000000;0.00000000;27.86569579;4.48523325;1.57236185;1.62782209;4.70206293;0.02589970;0.00000000;0.00000000
797;79.70000000;0.00000000;27.86458961;4.38529913;1.57125584;1.62892864;4.70004707;-0.02252948;0.00000000;0.00000000
798;79.80000000;0.00000000;27.86322894;4.28536815;1.56989542;1.63028970;4.69755704;-0.02433509;0.00000000;0.00000000
799;79.90000000;0.00000000;27.86162510;4.18544077;1.56829188;1.63189396;4.69518005;-0.02320463;0.00000000;0.00000000
800;80.00000000;0.00000000;27.85978939;4.08551739;1.56645653;1.63373012;4.69291611;-0.02207422;0.00000000;0.00000000
801;80.10000000;0.00000000;27.85773310;3.98559829;1.56440070;1.63578688;4.69076521;-0.02094396;0.00000000;0.00000000
802;80.20000000;0.00000000;27.85546755;3.88568372;1.56213567;1.63805294;4.68872732;-0.01981392;0.00000000;0.00000000
803;80.30000000;0.00000000;27.85300404;3.78577384;1.55967276;1.64051699;4.68680242;-0.01868416;0.00000000;0.00000000
804;80.40000000;0.00000000;27.85035386;3.68586873;1.55702326;1.64316775;4.68499049;-0.01755473;0.00000000;0.00000000
805;80.50000000;0.00000000;27.84752830;3.58596843;1.55419847;1.64599392;4.68329148;-0.01642568;0.00000000;0.00000000
806;80.60000000;0.00000000;27.84453866;3.48607290;1.55120967;1.64898422;4.68170535;-0.01529703;0.00000000;0.00000000
807;80.70000000;0.00000000;27.84139621;3.38618206;1.54806814;1.65212736;4.68023207;-0.01416879;0.00000000;0.00000000
808;80.80000000;0.00000000;27.83811223;3.28629577;1.54478516;1.65541207;4.67887159;-0.01304098;0.00000000;0.00000000
809;80.90000000;0.00000000;27.83469799;3.18641385;1.54137200;1.65882707;4.67762387;-0.01191360;0.00000000;0.00000000
810;81.00000000;0.00000000;27.83116476;3.08653607;1.53783991;1.66236109;4.67648887;-0.01078663;0.00000000;0.00000000
811;81.10000000;0.00000000;27.82752380;2.98666215;1.53420017;1.66600289;4.67546655;-0.00966006;0.00000000;0.00000000
812;81.20000000;0.00000000;27.82378636;2.88679180;1.53046401;1.66974119;4.67455686;-0.00853388;0.00000000;0.00000000
813;81.30000000;0.00000000;27.81996370;2.78692467;1.52664269;1.67356474;4.67375977;-0.00740804;0.00000000;0.00000000
814;81.40000000;0.00000000;27.81606706;2.68706040;1.52274745;1.67746230;4.67307525;-0.00628251;0.00000000;0.00000000
815;81.50000000;0.00000000;27.81210768;2.58719860;1.51878951;1.67684014;4.67250327;-0.00515726;0.00000000;0.00000000
816;81.60000000;0.00000000;27.80809679;2.48733885;1.51478013;1.65468663;4.67204380;-0.00403225;0.00000000;0.00000000
817;81.70000000;0.00000000;27.80404565;2.38748073;1.51073051;1.63284093;4.67169682;-0.00290743;0.00000000;0.00000000
818;81.80000000;0.00000000;27.79996547;2.28762379;1.50665190;1.61691696;4.67146231;0.03795213;0.00000000;0.00000000
819;81.90000000;0.00000000;27.79586749;2.18776758;1.50447255;1.60707955;4.67928725;0.07744612;0.00000000;0.00000000
820;82.00000000;0.00000000;27.79335053;2.08786019;1.51049992;1.60184120;4.68695154;0.03203069;0.00000000;0.00000000
821;82.10000000;0.00000000;27.79078362;1.98795292;1.51721143;1.60287915;4.68569338;-0.01595036;0.00000000;0.00000000
822;82.20000000;0.00000000;27.78801524;1.88805102;1.52971124;1.60564588;4.68376147;-0.01847279;0.00000000;0.00000000
823;82.30000000;0.00000000;27.78506232;1.78815441;1.54839293;1.60859706;4.68199883;-0.01678036;0.00000000;0.00000000
824;82.40000000;0.00000000;27.78194178;1.68826288;1.57305245;1.61171578;4.68040539;-0.01508864;0.00000000;0.00000000
825;82.50000000;0.00000000;27.77867052;1.58837618;1.58533658;1.61498513;4.67898110;-0.01339763;0.00000000;0.00000000
826;82.60000000;0.00000000;27.77526544;1.48849395;1.58193103;1.61838823;4.67772587;-0.01170731;0.00000000;0.00000000
827;82.70000000;0.00000000;27.77174342;1.38861577;1.57840850;1.62190820;4.67663964;-0.01001763;0.00000000;0.00000000
828;82.80000000;0.00000000;27.76812136;1.28874117;1.57478589;1.62552817;4.67572234;0.03093526;0.00000000;0.00000000
829;82.90000000;0.00000000;27.76441612;1.18886962;1.57108007;1.62923128;4.68282669;0.07106046;0.00000000;0.00000000
830;83.00000000;0.00000000;27.76221350;1.08895485;1.56887730;1.63143261;4.68993444;0.02721379;0.00000000;0.00000000
831;83.10000000;0.00000000;27.75992830;0.98904075;1.56659194;1.63371650;4.68826945;-0.02027917;0.00000000;0.00000000
832;83.20000000;0.00000000;27.75739295;0.88913268;1.56405637;1.63625044;4.68587860;-0.02277957;0.00000000;0.00000000
833;83.30000000;0.00000000;27.75463002;0.78923063;1.56129317;1.63901184;4.68371354;-0.02052229;0.00000000;0.00000000
834;83.40000000;0.00000000;27.75166207;0.68933447;1.55832490;1.64197816;4.68177414;-0.01826606;0.00000000;0.00000000
835;83.50000000;0.00000000;27.74851167;0.58944389;1.55517411;1.64512685;4.68006032;-0.01601089;0.00000000;0.00000000
836;83.60000000;0.00000000;27.74520133;0.48955847;1.55186334;1.64843539;4.67857197;-0.01375676;0.00000000;0.00000000
837;83.70000000;0.00000000;27.74175359;0.38967771;1.54841512;1.65188126;4.67730897;-0.01150361;0.00000000;0.00000000
838;83.80000000;0.00000000;27.73819096;0.28980097;1.54485196;1.65544197;4.67627124;0.02955306;0.00000000;0.00000000
839;83.90000000;0.00000000;27.73453593;0.18992757;1.54119637;1.65909504;4.68321958;0.07030140;0.00000000;0.00000000
840;84.00000000;0.00000000;27.73236159;0.09001230;1.53902188;1.66126818;4.69033152;0.02799509;0.00000000;0.00000000
841;84.10000000;0.00000000;27.73012746;-0.00990296;1.53678761;1.66350111;4.68881860;-0.01899795;0.00000000;0.00000000
842;84.20000000;0.00000000;27.72765077;-0.10981250;1.53431072;1.66597650;4.68653194;-0.02145625;0.00000000;0.00000000
843;84.30000000;0.00000000;27.72495972;-0.20971651;1.53161942;1.66866615;4.68452735;-0.06228182;0.00000000;0.00000000
844;84.40000000;0.00000000;27.72208250;-0.30961533;1.52874189;1.65998220;4.67407557;-0.11378043;0.00000000;0.00000000
845;84.50000000;0.00000000;27.71730393;-0.40943905;1.52396223;1.63515101;4.66177127;-0.08393548;0.00000000;0.00000000
846;84.60000000;0.00000000;27.71196948;-0.50923678;1.51862641;1.61667787;4.65728848;-0.03883622;0.00000000;0.00000000
847;84.70000000;0.00000000;27.70629600;-0.60901581;1.51295136;1.60456749;4.65400402;-0.03171480;0.00000000;0.00000000
848;84.80000000;0.00000000;27.70030612;-0.70877636;1.50695970;1.59894199;4.65094552;0.00857036;0.00000000;0.00000000
849;84.90000000;0.00000000;27.69402240;-0.80851884;1.50521707;1.59984731;4.65571810;0.04930324;0.00000000;0.00000000
850;85.00000000;0.00000000;27.68898506;-0.90833092;1.51134450;1.60488724;4.66080616;0.00853627;0.00000000;0.00000000
851;85.10000000;0.00000000;27.68371664;-1.00813210;1.52378670;1.61015844;4.65742535;-0.03842970;0.00000000;0.00000000
852;85.20000000;0.00000000;27.67800447;-1.10790888;1.54218272;1.61587384;4.65312022;-0.04163496;0.00000000;0.00000000
853;85.30000000;0.00000000;27.67187694;-1.20766103;1.56634972;1.62200505;4.64909836;-0.03880480;0.00000000;0.00000000
854;85.40000000;0.00000000;27.66536239;-1.30738866;1.57243657;1.62852375;4.64535926;-0.03597973;0.00000000;0.00000000
855;85.50000000;0.00000000;27.65848907;-1.40709221;1.56557183;1.63540168;4.64190241;-0.03315999;0.00000000;0.00000000
856;85.60000000;0.00000000;27.65128519;-1.50677244;1.55837738;1.64261063;4.63872727;-0.03034570;0.00000000;0.00000000
857;85.70000000;0.00000000;27.64377887;-1.60643036;1.55088134;1.65012247;4.63583327;0.00934686;0.00000000;0.00000000
858;85.80000000;0.00000000;27.63599816;-1.70606723;1.54311173;1.64836758;4.64059664;0.05069475;0.00000000;0.00000000
859;85.90000000;0.00000000;27.62944167;-1.80579081;1.53656366;1.62712421;4.64597222;0.01283874;0.00000000;0.00000000
860;86.00000000;0.00000000;27.62273260;-1.90550550;1.52986342;1.61195991;4.64316438;-0.03362514;0.00000000;0.00000000
861;86.10000000;0.00000000;27.61561612;-2.00519196;1.52322814;1.60330272;4.63924720;-0.03748144;0.00000000;0.00000000
862;86.20000000;0.00000000;27.60812606;-2.10485107;1.52276115;1.59767351;4.63566810;-0.03410438;0.00000000;0.00000000
863;86.30000000;0.00000000;27.60029618;-2.20448406;1.52850173;1.59620934;4.63242632;-0.03073492;0.00000000;0.00000000
864;86.40000000;0.00000000;27.59216013;-2.30409254;1.54041370;1.60130083;4.62952111;-0.02737288;0.00000000;0.00000000
865;86.50000000;0.00000000;27.58375148;-2.40367839;1.55270290;1.60970926;4.62695174;-0.02401789;0.00000000;0.00000000
866;86.60000000;0.00000000;27.57510368;-2.50324376;1.57072675;1.61835694;4.62471753;-0.02066943;0.00000000;0.00000000
867;86.70000000;0.00000000;27.56625012;-2.60279106;1.57279327;1.62721050;4.62281786;0.01785958;0.00000000;0.00000000
868;86.80000000;0.00000000;27.55722410;-2.70232288;1.56376821;1.63623663;4.62828945;0.05989465;0.00000000;0.00000000
869;86.90000000;0.00000000;27.54946057;-2.80195922;1.55600548;1.64400033;4.63479679;0.02613667;0.00000000;0.00000000
870;87.00000000;0.00000000;27.54173065;-2.90160002;1.54827641;1.64962317;4.63351678;-0.01991422;0.00000000;0.00000000
871;87.10000000;0.00000000;27.53371192;-3.00121801;1.54025869;1.62622124;4.63081394;-0.02507175;0.00000000;0.00000000
872;87.20000000;0.00000000;27.52544348;-3.10081560;1.53199139;1.60894633;4.62850243;-0.02116207;0.00000000;0.00000000
873;87.30000000;0.00000000;27.51696431;-3.20039548;1.52351351;1.59795832;4.62658153;-0.01725915;0.00000000;0.00000000
874;87.40000000;0.00000000;27.50831330;-3.29996060;1.51777324;1.59334834;4.62505060;-0.01336198;0.00000000;0.00000000
875;87.50000000;0.00000000;27.49952926;-3.39951407;1.51846920;1.59513279;4.62390913;-0.04756794;0.00000000;0.00000000
876;87.60000000;0.00000000;27.49065097;-3.49905919;1.52563126;1.60325168;4.61553702;-0.09690622;0.00000000;0.00000000
877;87.70000000;0.00000000;27.48020162;-3.59844826;1.53770361;1.61368440;4.60452789;-0.07590838;0.00000000;0.00000000
878;87.80000000;0.00000000;27.46913389;-3.69777375;1.55550659;1.62473436;4.60035534;-0.03065937;0.00000000;0.00000000
879;87.90000000;0.00000000;27.45785512;-3.79707550;1.56474261;1.63599530;4.59839602;0.01447730;0.00000000;0.00000000
880;88.00000000;0.00000000;27.44639825;-3.89635687;1.55327443;1.63396144;4.60325080;0.05664067;0.00000000;0.00000000
881;88.10000000;0.00000000;27.43608442;-3.99576119;1.54295169;1.61481178;4.60972415;0.02857596;0.00000000;0.00000000
882;88.20000000;0.00000000;27.42591383;-4.09518249;1.53277259;1.60153646;4.60896599;-0.01761609;0.00000000;0.00000000
883;88.30000000;0.00000000;27.41544905;-4.19457328;1.52229880;1.59472242;4.60620093;-0.02570913;0.00000000;0.00000000
884;88.40000000;0.00000000;27.40472880;-4.29393686;1.51685775;1.59441373;4.60382417;-0.02183102;0.00000000;0.00000000
885;88.50000000;0.00000000;27.39379168;-4.39327682;1.51777326;1.60057556;4.60183473;-0.01796195;0.00000000;0.00000000
886;88.60000000;0.00000000;27.38267617;-4.49259698;1.52507233;1.61101433;4.60023178;-0.01410056;0.00000000;0.00000000
887;88.70000000;0.00000000;27.37142062;-4.59190139;1.53870213;1.62227982;4.59901461;-0.01024537;0.00000000;0.00000000
888;88.80000000;0.00000000;27.36006336;-4.69119423;1.55853405;1.63364736;4.59818270;-0.00639481;0.00000000;0.00000000
889;88.90000000;0.00000000;27.34864261;-4.79047979;1.55550150;1.64507865;4.59773565;-0.00254721;0.00000000;0.00000000
890;89.00000000;0.00000000;27.33719657;-4.88976244;1.54407141;1.65653543;4.59767326;0.00129912;0.00000000;0.00000000
891;89.10000000;0.00000000;27.32576343;-4.98904657;1.53265470;1.64224624;4.59799548;0.00514589;0.00000000;0.00000000
892;89.20000000;0.00000000;27.31438137;-5.08833657;1.52128947;1.62650127;4.59870244;0.00899482;0.00000000;0.00000000
893;89.30000000;0.00000000;27.30308862;-5.18763676;1.51069610;1.61670226;4.59979444;0.01284758;0.00000000;0.00000000
894;89.40000000;0.00000000;27.29192344;-5.28695137;1.50058065;1.61291907;4.60127195;0.01670580;0.00000000;0.00000000
895;89.50000000;0.00000000;27.28092418;-5.38628447;1.49725009;1.61515550;4.60313560;0.02057099;0.00000000;0.00000000
896;89.60000000;0.00000000;27.27012926;-5.48563997;1.50078815;1.62334827;4.60538615;0.05205082;0.00000000;0.00000000
897;89.70000000;0.00000000;27.25957722;-5.58502153;1.51118489;1.63389758;4.61354576;0.09557221;0.00000000;0.00000000
898;89.80000000;0.00000000;27.25040553;-5.68453532;1.52941662;1.64306731;4.62450059;0.07850006;0.00000000;0.00000000
899;89.90000000;0.00000000;27.24203321;-5.78412426;1.54857817;1.65143810;4.62924578;0.00146534;0.00000000;0.00000000
900;90.00000000;0.00000000;27.23380597;-5.88372528;1.54035008;1.65476309;4.62479366;-0.06409998;0.00000000;0.00000000
901;90.10000000;0.00000000;27.22454754;-5.98323220;1.53109067;1.63311659;4.61642578;-0.05668445;0.00000000;0.00000000
902;90.20000000;0.00000000;27.21465466;-6.08268162;1.52119681;1.61799786;4.61345677;-0.01169569;0.00000000;0.00000000
903;90.30000000;0.00000000;27.20480516;-6.18213534;1.51134648;1.60891280;4.61408664;0.00823635;0.00000000;0.00000000
904;90.40000000;0.00000000;27.19503757;-6.28159713;1.50502670;1.60592512;4.61510404;0.01211352;0.00000000;0.00000000
905;90.50000000;0.00000000;27.18539046;-6.38107067;1.50545106;1.60903011;4.61650935;0.01599516;0.00000000;0.00000000
906;90.60000000;0.00000000;27.17590246;-6.48055950;1.51265245;1.61815419;4.61830307;0.01988260;0.00000000;0.00000000
907;90.70000000;0.00000000;27.16661227;-6.58006697;1.52657321;1.62742820;4.62048587;0.02377705;0.00000000;0.00000000
908;90.80000000;0.00000000;27.15755869;-6.67959623;1.54706973;1.63646657;4.62305848;0.02767958;0.00000000;0.00000000
909;90.90000000;0.00000000;27.14878061;-6.77915014;1.55586489;1.61920884;4.62602178;0.00338257;0.00000000;0.00000000
910;91.00000000;0.00000000;27.14031706;-6.87873125;1.54739478;1.60435060;4.62373500;-0.04488915;0.00000000;0.00000000
911;91.10000000;0.00000000;27.13108403;-6.97824104;1.53815360;1.59417827;4.61704395;-0.01817789;0.00000000;0.00000000
912;91.20000000;0.00000000;27.12128868;-7.07770008;1.53421438;1.58712836;4.62009942;0.06604590;0.00000000;0.00000000
913;91.30000000;0.00000000;27.11266406;-7.17726287;1.53795077;1.58518056;4.63025313;0.07331337;0.00000000;0.00000000
914;91.40000000;0.00000000;27.10489030;-7.27690034;1.54288581;1.58867426;4.63476209;0.02587872;0.00000000;0.00000000
915;91.50000000;0.00000000;27.09716354;-7.37654145;1.55421452;1.59640446;4.63542887;0.00862001;0.00000000;0.00000000
916;91.60000000;0.00000000;27.08952266;-7.47618919;1.57191282;1.60404874;4.63648609;0.01252592;0.00000000;0.00000000
917;91.70000000;0.00000000;27.08200660;-7.57584640;1.58867422;1.61156814;4.63793406;0.01643546;0.00000000;0.00000000
918;91.80000000;0.00000000;27.07465433;-7.67551582;1.58132603;1.61892364;4.63977319;0.02034962;0.00000000;0.00000000
919;91.90000000;0.00000000;27.06750488;-7.77519996;1.57418054;1.59915688;4.64200398;-0.00215119;0.00000000;0.00000000
920;92.00000000;0.00000000;27.06059737;-7.87490115;1.56727682;1.57892356;4.63934295;-0.02714869;0.00000000;0.00000000
921;92.10000000;0.00000000;27.05291775;-7.97454249;1.55960194;1.56559391;4.63657425;0.01193044;0.00000000;0.00000000
922;92.20000000;0.00000000;27.04545858;-8.07419980;1.55397748;1.55835022;4.64172904;0.04450661;0.00000000;0.00000000
923;92.30000000;0.00000000;27.03880636;-8.17391842;1.55557817;1.55668928;4.64547557;0.01668885;0.00000000;0.00000000
924;92.40000000;0.00000000;27.03209387;-8.27363300;1.56351824;1.56149665;4.64506681;-0.00213075;0.00000000;0.00000000
925;92.50000000;0.00000000;27.02536014;-8.37334616;1.57774050;1.56822637;4.64504942;0.00178295;0.00000000;0.00000000
926;92.60000000;0.00000000;27.01864418;-8.47306051;1.59811525;1.57493842;4.64542340;0.00569710;0.00000000;0.00000000
927;92.70000000;0.00000000;27.01198502;-8.57277866;1.61863324;1.58159379;4.64618884;0.00961273;0.00000000;0.00000000
928;92.80000000;0.00000000;27.00542172;-8.67250317;1.61206788;1.58815347;4.64734594;0.03579331;0.00000000;0.00000000
929;92.90000000;0.00000000;26.99899336;-8.77223644;1.60563755;1.59457840;4.65334750;0.05515299;0.00000000;0.00000000
930;93.00000000;0.00000000;26.99362778;-8.87202791;1.60027062;1.59994135;4.65837654;-0.00242571;0.00000000;0.00000000
931;93.10000000;0.00000000;26.98820308;-8.97181608;1.59484454;1.60536343;4.65286236;-0.05757798;0.00000000;0.00000000
932;93.20000000;0.00000000;26.98173704;-9.07154691;1.58837654;1.58134001;4.64686094;-0.03686495;0.00000000;0.00000000
933;93.30000000;0.00000000;26.97511468;-9.17126750;1.58175213;1.56281553;4.64548937;-0.01175733;0.00000000;0.00000000
934;93.40000000;0.00000000;26.96837509;-9.27098025;1.57501043;1.55064099;4.64450948;0.01372281;0.00000000;0.00000000
935;93.50000000;0.00000000;26.96155731;-9.37068769;1.56819049;1.54492743;4.64823393;0.05823087;0.00000000;0.00000000
936;93.60000000;0.00000000;26.95556088;-9.47044422;1.56219241;1.54438613;4.65615565;0.05413018;0.00000000;0.00000000
937;93.70000000;0.00000000;26.95032357;-9.57024711;1.56123555;1.54369748;4.65905997;0.02796899;0.00000000;0.00000000
938;93.80000000;0.00000000;26.94490651;-9.67004042;1.56648712;1.54911771;4.66174945;0.02442701;0.00000000;0.00000000
939;93.90000000;0.00000000;26.94020628;-9.76986680;1.57877210;1.55382047;4.66394537;-0.03049118;0.00000000;0.00000000
940;94.00000000;0.00000000;26.93522784;-9.86967663;1.59695457;1.55880179;4.65565121;-0.08720014;0.00000000;0.00000000
941;94.10000000;0.00000000;26.92887223;-9.96941433;1.61553922;1.56516173;4.64650534;-0.04619934;0.00000000;0.00000000
942;94.20000000;0.00000000;26.92206857;-10.06912250;1.62916312;1.57197035;4.64641135;0.02108095;0.00000000;0.00000000
943;94.30000000;0.00000000;26.91569435;-10.16885701;1.62279650;1.57834899;4.65072153;0.03966034;0.00000000;0.00000000
944;94.40000000;0.00000000;26.90975045;-10.26861997;1.61685939;1.58429669;4.65434341;0.05397872;0.00000000;0.00000000
945;94.50000000;0.00000000;26.90409883;-10.36839843;1.61121410;1.58995181;4.66151728;0.06821001;0.00000000;0.00000000
946;94.60000000;0.00000000;26.89958691;-10.46823540;1.60670658;1.59446605;4.66798542;0.03618488;0.00000000;0.00000000
947;94.70000000;0.00000000;26.89522644;-10.56807960;1.60235030;1.59882870;4.66875425;0.00530079;0.00000000;0.00000000
948;94.80000000;0.00000000;26.89086803;-10.66792366;1.59799612;1.60318929;4.66904557;-0.02264579;0.00000000;0.00000000
949;94.90000000;0.00000000;26.88656575;-10.76777016;1.59369799;1.60749372;4.66422510;-0.07906424;0.00000000;0.00000000
950;95.00000000;0.00000000;26.88124498;-10.86756716;1.58838316;1.61281760;4.65323273;-0.09510217;0.00000000;0.00000000
951;95.10000000;0.00000000;26.87474887;-10.96729408;1.58189542;1.61931830;4.64520466;-0.03927565;0.00000000;0.00000000
952;95.20000000;0.00000000;26.86782643;-11.06699395;1.57498238;1.62624592;4.64537760;0.00036335;0.00000000;0.00000000
953;95.30000000;0.00000000;26.86136469;-11.16672492;1.56852909;1.63271216;4.64527733;-0.02937623;0.00000000;0.00000000
954;95.40000000;0.00000000;26.85442243;-11.26642097;1.56159656;1.63965971;4.63950235;-0.03960133;0.00000000;0.00000000
955;95.50000000;0.00000000;26.84680927;-11.36607072;1.55399488;1.64727918;4.63735707;-0.00202721;0.00000000;0.00000000
956;95.60000000;0.00000000;26.83943910;-11.46573882;1.54663572;1.65465526;4.63909691;0.01054960;0.00000000;0.00000000
957;95.70000000;0.00000000;26.83217272;-11.56541458;1.53938024;1.66192737;4.63946699;-0.02192500;0.00000000;0.00000000
958;95.80000000;0.00000000;26.82487633;-11.66508813;1.53209496;1.66922957;4.63471191;-0.07554951;0.00000000;0.00000000
959;95.90000000;0.00000000;26.81666273;-11.76468556;1.52389534;1.67745074;4.62435708;-0.08500860;0.00000000;0.00000000
960;96.00000000;0.00000000;26.80730389;-11.86418664;1.51455420;1.68681941;4.61771019;-0.06581982;0.00000000;0.00000000
961;96.10000000;0.00000000;26.79776656;-11.96367071;1.50503553;1.67408315;4.61119312;-0.09889471;0.00000000;0.00000000
962;96.20000000;0.00000000;26.78711230;-12.06303490;1.49440466;1.65708530;4.59793124;-0.11963675;0.00000000;0.00000000
963;96.30000000;0.00000000;26.77494005;-12.16223085;1.48226262;1.64751253;4.58726577;-0.08944433;0.00000000;0.00000000
964;96.40000000;0.00000000;26.76216806;-12.26135083;1.46959076;1.64457513;4.58004238;-0.08050461;0.00000000;0.00000000
965;96.50000000;0.00000000;26.74856417;-12.36035988;1.46280974;1.64854282;4.57116485;-0.09343139;0.00000000;0.00000000
966;96.60000000;0.00000000;26.73403446;-12.45923713;1.46190611;1.65946069;4.56135610;-0.10245459;0.00000000;0.00000000
967;96.70000000;0.00000000;26.71849105;-12.55795992;1.46680086;1.67501232;4.55067393;-0.11088314;0.00000000;0.00000000
968;96.80000000;0.00000000;26.70185243;-12.65650390;1.47735232;1.66009415;4.53917947;-0.11659125;0.00000000;0.00000000
969;96.90000000;0.00000000;26.68404384;-12.75484305;1.49064706;1.65220310;4.52735568;-0.11487350;0.00000000;0.00000000
970;97.00000000;0.00000000;26.66507966;-12.85296658;1.47403365;1.65151262;4.51620477;-0.11665173;0.00000000;0.00000000
971;97.10000000;0.00000000;26.64508255;-12.95088407;1.46301826;1.65791009;4.50402533;-0.13012688;0.00000000;0.00000000
972;97.20000000;0.00000000;26.62373419;-13.04851600;1.45740111;1.67163675;4.49017940;-0.13182788;0.00000000;0.00000000
973;97.30000000;0.00000000;26.60103336;-13.14584318;1.45724050;1.67812400;4.47765976;-0.12881083;0.00000000;0.00000000
974;97.40000000;0.00000000;26.57724714;-13.24291068;1.46280760;1.67608616;4.46441723;-0.14541895;0.00000000;0.00000000
975;97.50000000;0.00000000;26.55197674;-13.33960306;1.46731790;1.67781955;4.44857597;-0.16111235;0.00000000;0.00000000
976;97.60000000;0.00000000;26.52512740;-13.43586920;1.45137809;1.68711227;4.43219476;-0.15271324;0.00000000;0.00000000
977;97.70000000;0.00000000;26.49670332;-13.53168165;1.44056831;1.69709580;4.41803332;-0.14111410;0.00000000;0.00000000
978;97.80000000;0.00000000;26.46713876;-13.62714823;1.43545428;1.68253898;4.40397194;-0.17577897;0.00000000;0.00000000
979;97.90000000;0.00000000;26.43603227;-13.72212198;1.43567078;1.67544977;4.38287753;-0.21292920;0.00000000;0.00000000
980;98.00000000;0.00000000;26.40246995;-13.81624988;1.44023958;1.67690228;4.36138610;-0.19247185;0.00000000;0.00000000
981;98.10000000;0.00000000;26.36731140;-13.90979908;1.45000918;1.68598104;4.34438316;-0.16793004;0.00000000;0.00000000
982;98.20000000;0.00000000;26.33056727;-14.00273363;1.46486953;1.67618815;4.32780009;-0.16282654;0.00000000;0.00000000
983;98.30000000;0.00000000;26.29232618;-14.09506512;1.48010524;1.66744628;4.31181785;-0.16372473;0.00000000;0.00000000
984;98.40000000;0.00000000;26.25263069;-14.18677785;1.48121325;1.66624931;4.29505515;-0.16135630;0.00000000;0.00000000
985;98.50000000;0.00000000;26.21131598;-14.27777630;1.47999312;1.67280212;4.27954659;-0.14467430;0.00000000;0.00000000
986;98.60000000;0.00000000;26.16879357;-14.36821765;1.48418521;1.68657916;4.26612029;-0.14005437;0.00000000;0.00000000
987;98.70000000;0.00000000;26.12504955;-14.45807597;1.48433611;1.70742637;4.25153571;-0.16122932;0.00000000;0.00000000
988;98.80000000;0.00000000;26.07990697;-14.54723972;1.48659781;1.68830989;4.23387442;-0.17406441;0.00000000;0.00000000
989;98.90000000;0.00000000;26.03301853;-14.63549397;1.49359322;1.66384883;4.21672283;-0.16612439;0.00000000;0.00000000
990;99.00000000;0.00000000;25.98484571;-14.72305494;1.50575688;1.64654759;4.20064954;-0.16609052;0.00000000;0.00000000
991;99.10000000;0.00000000;25.93514647;-14.80975373;1.50898747;1.63693047;4.18350473;-0.15994752;0.00000000;0.00000000
992;99.20000000;0.00000000;25.88400031;-14.89561156;1.50611173;1.63505568;4.16866004;-0.14072900;0.00000000;0.00000000
993;99.30000000;0.00000000;25.83174689;-14.98080072;1.50856911;1.62822423;4.15535893;-0.15532729;0.00000000;0.00000000
994;99.40000000;0.00000000;25.77833477;-15.06526822;1.51626215;1.61206238;4.13759458;-0.17815620;0.00000000;0.00000000
995;99.50000000;0.00000000;25.72308710;-15.14854938;1.52830041;1.60416517;4.11972769;-0.18160065;0.00000000;0.00000000
996;99.60000000;0.00000000;25.66669051;-15.23105595;1.54536046;1.60385927;4.10127445;-0.19092851;0.00000000;0.00000000
997;99.70000000;0.00000000;25.60841179;-15.31223583;1.54610433;1.61206002;4.08154199;-0.17353133;0.00000000;0.00000000
998;99.80000000;0.00000000;25.54880548;-15.39245102;1.52324087;1.62798591;4.06656819;-0.14713490;0.00000000;0.00000000
999;99.90000000;0.00000000;25.48811964;-15.47185264;1.50533398;1.65112979;4.05211500;-0.16337572;0.00000000;0.00000000
1000;100.00000000;0.00000000;25.42622115;-15.55030985;1.49238119;1.65302708;4.03389304;-0.18272771;0.00000000;0.00000000
1001;100.10000000;0.00000000;25.36268061;-15.62745006;1.48394729;1.64341234;4.01556946;-0.18370455;0.00000000;0.00000000
1002;100.20000000;0.00000000;25.29794549;-15.70359085;1.48066166;1.63534866;3.99715213;-0.18029614;0.00000000;0.00000000
1003;100.30000000;0.00000000;25.23161019;-15.77833539;1.48199359;1.63209139;3.97951023;-0.16218540;0.00000000;0.00000000
1004;100.40000000;0.00000000;25.16423114;-15.85214334;1.48654049;1.63634704;3.96471505;-0.14312550;0.00000000;0.00000000
1005;100.50000000;0.00000000;25.09571450;-15.92489142;1.49163276;1.64800462;3.95088513;-0.10590724;0.00000000;0.00000000
1006;100.60000000;0.00000000;25.02631825;-15.99680955;1.50216963;1.64226109;3.94353361;-0.12148963;0.00000000;0.00000000
1007;100.70000000;0.00000000;24.95673791;-16.06854391;1.51896627;1.62858006;3.92658721;-0.19789497;0.00000000;0.00000000
1008;100.80000000;0.00000000;24.88494453;-16.13806920;1.53904033;1.62408158;3.90395461;-0.17982174;0.00000000;0.00000000
1009;100.90000000;0.00000000;24.81218755;-16.20658332;1.55886493;1.62386269;3.89062286;-0.12999393;0.00000000;0.00000000
1010;101.00000000;0.00000000;24.73856825;-16.27416791;1.55459721;1.61071176;3.87795583;-0.12649883;0.00000000;0.00000000
1011;101.10000000;0.00000000;24.66410033;-16.34081588;1.54906675;1.59448594;3.86532309;-0.12621574;0.00000000;0.00000000
1012;101.20000000;0.00000000;24.58879671;-16.40651947;1.54227711;1.58428450;3.85271268;-0.13310072;0.00000000;0.00000000
1013;101.30000000;0.00000000;24.51266959;-16.47127014;1.53423082;1.58160894;3.83870295;-0.14093376;0.00000000;0.00000000
1014;101.40000000;0.00000000;24.43555301;-16.53483971;1.52852731;1.58677845;3.82452593;-0.15236882;0.00000000;0.00000000
1015;101.50000000;0.00000000;24.35762193;-16.59740519;1.52805519;1.59947074;3.80822919;-0.18235488;0.00000000;0.00000000
1016;101.60000000;0.00000000;24.27848162;-16.65842255;1.53214906;1.62015834;3.78805495;-0.19529854;0.00000000;0.00000000
1017;101.70000000;0.00000000;24.19809445;-16.71779056;1.54066837;1.63347817;3.76916948;-0.16730935;0.00000000;0.00000000
1018;101.80000000;0.00000000;24.11670096;-16.77577984;1.54062864;1.64305785;3.75459308;-0.13879663;0.00000000;0.00000000
1019;101.90000000;0.00000000;24.03461200;-16.83278319;1.52829784;1.64804912;3.74141015;-0.13265061;0.00000000;0.00000000
1020;102.00000000;0.00000000;23.95171638;-16.88860767;1.52101376;1.64345495;3.72806296;-0.12729389;0.00000000;0.00000000
1021;102.10000000;0.00000000;23.86813602;-16.94339909;1.51325423;1.64616884;3.71595137;-0.11959158;0.00000000;0.00000000
1022;102.20000000;0.00000000;23.78391456;-16.99719814;1.51038784;1.65609679;3.70414465;-0.12477753;0.00000000;0.00000000
1023;102.30000000;0.00000000;23.69906477;-17.05000026;1.51295072;1.64734542;3.69099587;-0.14566909;0.00000000;0.00000000
1024;102.40000000;0.00000000;23.61346054;-17.10156448;1.52064513;1.62687394;3.67501083;-0.15471346;0.00000000;0.00000000
1025;102.50000000;0.00000000;23.52696530;-17.15162808;1.53232493;1.61408242;3.66005318;-0.14105302;0.00000000;0.00000000
1026;102.60000000;0.00000000;23.43985221;-17.20061141;1.51333581;1.60865823;3.64680022;-0.14748709;0.00000000;0.00000000
1027;102.70000000;0.00000000;23.35205951;-17.24836560;1.49937797;1.61083669;3.63055576;-0.16097825;0.00000000;0.00000000
1028;102.80000000;0.00000000;23.26340427;-17.29449178;1.49015851;1.62056491;3.61460457;-0.14389642;0.00000000;0.00000000
1029;102.90000000;0.00000000;23.17413495;-17.33942041;1.48626478;1.61142776;3.60177647;-0.12492563;0.00000000;0.00000000
1030;103.00000000;0.00000000;23.08432477;-17.38325749;1.48786687;1.60785361;3.58961945;-0.12612644;0.00000000;0.00000000
1031;103.10000000;0.00000000;22.99398950;-17.42600259;1.49495340;1.61169431;3.57655119;-0.14301876;0.00000000;0.00000000
1032;103.20000000;0.00000000;22.90306593;-17.46747692;1.50725934;1.62043718;3.56101570;-0.15181094;0.00000000;0.00000000
1033;103.30000000;0.00000000;22.81144540;-17.50739548;1.52435863;1.62822254;3.54618900;-0.15325333;0.00000000;0.00000000
1034;103.40000000;0.00000000;22.71932909;-17.54615703;1.53758846;1.62063958;3.53036503;-0.17358933;0.00000000;0.00000000
1035;103.50000000;0.00000000;22.62649018;-17.58315695;1.54031606;1.60969765;3.51147113;-0.17269135;0.00000000;0.00000000
1036;103.60000000;0.00000000;22.53297541;-17.61841071;1.54082226;1.60678872;3.49582676;-0.15061508;0.00000000;0.00000000
1037;103.70000000;0.00000000;22.43902567;-17.65248775;1.53530266;1.61134121;3.48134812;-0.14710097;0.00000000;0.00000000
1038;103.80000000;0.00000000;22.34453164;-17.68501837;1.52272603;1.62367172;3.46640657;-0.14584410;0.00000000;0.00000000
1039;103.90000000;0.00000000;22.24960634;-17.71627292;1.51529795;1.64331755;3.45217929;-0.14345959;0.00000000;0.00000000
1040;104.00000000;0.00000000;22.15422554;-17.74610177;1.51294615;1.66578705;3.43771465;-0.14153410;0.00000000;0.00000000
1041;104.10000000;0.00000000;22.05843590;-17.77459753;1.51579680;1.65481882;3.42387247;-0.14293177;0.00000000;0.00000000
1042;104.20000000;0.00000000;21.96226550;-17.80177485;1.51870326;1.64054439;3.40912829;-0.14782515;0.00000000;0.00000000
1043;104.30000000;0.00000000;21.86567850;-17.82743365;1.52560397;1.63384790;3.39430744;-0.13887383;0.00000000;0.00000000
1044;104.40000000;0.00000000;21.76874286;-17.85174931;1.51619200;1.63463742;3.38135353;-0.13052453;0.00000000;0.00000000
1045;104.50000000;0.00000000;21.67152272;-17.87489761;1.50917880;1.64271710;3.36820254;-0.13560463;0.00000000;0.00000000
1046;104.60000000;0.00000000;21.57398159;-17.89665545;1.50734049;1.63576322;3.35423260;-0.13643033;0.00000000;0.00000000
1047;104.70000000;0.00000000;21.47615198;-17.91707891;1.51075805;1.63017125;3.34091647;-0.12840269;0.00000000;0.00000000
1048;104.80000000;0.00000000;21.37806533;-17.93623175;1.51946383;1.62954307;3.32855207;-0.10789651;0.00000000;0.00000000
1049;104.90000000;0.00000000;21.27975957;-17.95423019;1.52073689;1.63287869;3.31933717;-0.05258870;0.00000000;0.00000000
1050;105.00000000;0.00000000;21.18133565;-17.97157233;1.50970396;1.64296194;3.31803433;-0.02550608;0.00000000;0.00000000
1051;105.10000000;0.00000000;21.08298355;-17.98931452;1.50564643;1.63642902;3.31423596;-0.07850434;0.00000000;0.00000000
1052;105.20000000;0.00000000;20.98443102;-18.00590841;1.50705087;1.63058678;3.30233346;-0.15863128;0.00000000;0.00000000
1053;105.30000000;0.00000000;20.88568681;-18.02130414;1.51084082;1.63207178;3.28250970;-0.19459875;0.00000000;0.00000000
1054;105.40000000;0.00000000;20.78655389;-18.03397872;1.51515571;1.64238727;3.26341371;-0.14590208;0.00000000;0.00000000
1055;105.50000000;0.00000000;20.68729108;-18.04559319;1.52495943;1.65971805;3.25332928;-0.09464444;0.00000000;0.00000000
1056;105.60000000;0.00000000;20.58792251;-18.05626595;1.53562298;1.66492075;3.24448482;-0.08190051;0.00000000;0.00000000
1057;105.70000000;0.00000000;20.48846963;-18.06612286;1.54195474;1.65507789;3.23694918;-0.06848155;0.00000000;0.00000000
1058;105.80000000;0.00000000;20.38895139;-18.07529686;1.51894620;1.64591661;3.23078851;-0.05622104;0.00000000;0.00000000
1059;105.90000000;0.00000000;20.28938453;-18.08392767;1.50170704;1.63805270;3.22570498;-0.09071501;0.00000000;0.00000000
1060;106.00000000;0.00000000;20.18977896;-18.09208934;1.49051249;1.63673712;3.21264551;-0.12681929;0.00000000;0.00000000
1061;106.10000000;0.00000000;20.09002065;-18.09811693;1.48383093;1.64364752;3.20034112;-0.07500519;0.00000000;0.00000000
1062;106.20000000;0.00000000;19.99024354;-18.10382524;1.48354593;1.65688503;3.19764447;-0.06664068;0.00000000;0.00000000
1063;106.30000000;0.00000000;19.89045472;-18.10931469;1.48903748;1.67620140;3.18701298;-0.10224830;0.00000000;0.00000000
1064;106.40000000;0.00000000;19.79057880;-18.11290032;1.49262358;1.70300514;3.17719481;-0.04762955;0.00000000;0.00000000
1065;106.50000000;0.00000000;19.69070086;-18.11642936;1.49615306;1.70436549;3.17748707;0.01042017;0.00000000;0.00000000
1066;106.60000000;0.00000000;19.59082707;-18.12007338;1.49979757;1.70072132;3.17927885;-0.02115102;0.00000000;0.00000000
1067;106.70000000;0.00000000;19.49096269;-18.12396030;1.50368517;1.69683423;3.17325687;-0.05667062;0.00000000;0.00000000
1068;106.80000000;0.00000000;19.39105226;-18.12640120;1.50612603;1.69439323;3.16794472;-0.05073258;0.00000000;0.00000000
1069;106.90000000;0.00000000;19.29115216;-18.12922694;1.50895187;1.69156738;3.16311035;-0.09170791;0.00000000;0.00000000
1070;107.00000000;0.00000000;19.19122299;-18.13070173;1.51042646;1.69009252;3.14960314;-0.08878836;0.00000000;0.00000000
1071;107.10000000;0.00000000;19.09128283;-18.13082803;1.51055273;1.68996617;3.14535268;-0.03868213;0.00000000;0.00000000
1072;107.20000000;0.00000000;18.99134468;-18.13145328;1.51117785;1.68392845;3.14186671;-0.03078054;0.00000000;0.00000000
1073;107.30000000;0.00000000;18.89140610;-18.13088280;1.51060763;1.65414593;3.13919657;-0.02270497;0.00000000;0.00000000
1074;107.40000000;0.00000000;18.79146599;-18.13097436;1.51069917;1.62931028;3.13732572;-0.02016958;0.00000000;0.00000000
1075;107.50000000;0.00000000;18.69153023;-18.13002994;1.51044485;1.61132816;3.13516266;-0.02856201;0.00000000;0.00000000
1076;107.60000000;0.00000000;18.59159071;-18.12968914;1.51739046;1.59879912;3.13161332;-0.03645437;0.00000000;0.00000000
1077;107.70000000;0.00000000;18.49166416;-18.12803534;1.52954684;1.59376823;3.12787178;-0.03275156;0.00000000;0.00000000
1078;107.80000000;0.00000000;18.39172994;-18.12694671;1.54862423;1.59443112;3.12506301;-0.02315368;0.00000000;0.00000000
1079;107.90000000;0.00000000;18.29181428;-18.12473160;1.57274597;1.59664358;3.12324104;-0.01401682;0.00000000;0.00000000
1080;108.00000000;0.00000000;18.19188465;-18.12327881;1.60248698;1.59809438;3.12225964;-0.05245558;0.00000000;0.00000000
1081;108.10000000;0.00000000;18.09197354;-18.12086759;1.60007573;1.60050277;3.11274993;-0.04706402;0.00000000;0.00000000
1082;108.20000000;0.00000000;17.99208961;-18.11751458;1.59672266;1.60385190;3.11284684;0.00557867;0.00000000;0.00000000
1083;108.30000000;0.00000000;17.89217801;-18.11512272;1.59433077;1.60624098;3.11386566;-0.03295076;0.00000000;0.00000000
1084;108.40000000;0.00000000;17.79228742;-18.11197324;1.59118124;1.60938687;3.10625669;-0.07633890;0.00000000;0.00000000
1085;108.50000000;0.00000000;17.69242378;-18.10806127;1.58726920;1.61329429;3.09859788;-0.07650535;0.00000000;0.00000000
1086;108.60000000;0.00000000;17.59259313;-18.10338214;1.58258996;1.61796777;3.09095562;-0.02788190;0.00000000;0.00000000
1087;108.70000000;0.00000000;17.49280096;-18.09794432;1.57715201;1.62339873;3.09302150;0.02603979;0.00000000;0.00000000
1088;108.80000000;0.00000000;17.39295182;-18.09367770;1.57288532;1.62766042;3.09616357;0.03728063;0.00000000;0.00000000
1089;108.90000000;0.00000000;17.29312744;-18.08886709;1.56807462;1.61665818;3.10047763;0.04884216;0.00000000;0.00000000
1090;109.00000000;0.00000000;17.19324520;-18.08546213;1.56466962;1.59085600;3.10593201;0.05495787;0.00000000;0.00000000
1091;109.10000000;0.00000000;17.09337425;-18.08174074;1.56094819;1.57131128;3.11146920;0.06329238;0.00000000;0.00000000
1092;109.20000000;0.00000000;16.99346043;-18.07944210;1.55864953;1.55652980;3.11859048;0.07121279;0.00000000;0.00000000
