id; s_m; d_m; x_m; y_m; d_right; d_left; psi_rad; kappa_radpm; vx_mps; ax_mps2
0;0.00000000;0.00000000;17.30172364;-4.74418123;1.24418209;1.93728411;-2.95582478;-0.25862857;5.91251746;2.82375659
1;0.09995458;0.00000000;17.20328649;-4.76137536;1.26510226;1.88188911;-2.98142665;-0.25378330;5.96006355;2.84769522
2;0.19990915;0.00000000;17.10439885;-4.77607397;1.29102694;1.83247170;-3.00656151;-0.24905173;6.00763164;2.87179087
3;0.29986373;0.00000000;17.00522284;-4.78830078;1.32166643;1.78956495;-3.03121696;-0.24442927;6.05522379;2.89607768
4;0.39981831;0.00000000;16.90572966;-4.79810577;1.35675395;1.75358859;-3.05542952;-0.23996302;6.10284258;2.91867049
5;0.49977288;0.00000000;16.80607675;-4.80551810;1.39594245;1.72499070;-3.07919520;-0.23570112;6.15045986;2.93762372
6;0.59972746;0.00000000;16.70623097;-4.81058308;1.43894805;1.70409033;-3.10255202;-0.23156823;6.19801697;2.95570291
7;0.69968204;0.00000000;16.60633901;-4.81333454;1.47893835;1.67697050;-3.12549192;-0.22756222;6.24550130;2.97285104
8;0.79963661;0.00000000;16.50636701;-4.81381347;1.51185378;1.65013353;3.13513775;-0.22368620;6.29289970;2.98880606
9;0.89959119;0.00000000;16.40645044;-4.81205785;1.54846643;1.60724777;3.11297191;-0.21994246;6.34019529;3.00333719
10;0.99954577;0.00000000;16.30655705;-4.80810460;1.56693291;1.56340826;3.09116571;-0.21631367;6.38736807;3.01701303
11;1.09950034;0.00000000;16.20680970;-4.80199480;1.58835568;1.52691146;3.06972573;-0.21277807;6.43440747;3.03059578
12;1.19945492;0.00000000;16.10717938;-4.79376208;1.61366369;1.49824984;3.04862599;-0.20935274;6.48131493;3.04323287
13;1.29940950;0.00000000;16.00777627;-4.78344983;1.64268182;1.46535225;3.02787095;-0.20602108;6.52807884;3.05549865
14;1.39936407;0.00000000;15.90857517;-4.77108894;1.67525431;1.42311595;3.00743729;-0.20278521;6.57469661;3.06717062
15;1.49931865;0.00000000;15.80967394;-4.75672412;1.71117557;1.38873970;2.98732973;-0.19962175;6.62116236;3.07914675
16;1.59927323;0.00000000;15.71105195;-4.74038434;1.75027349;1.36278186;2.96752784;-0.19655330;6.66748383;3.09029920
17;1.69922781;0.00000000;15.61279497;-4.72211484;1.77441248;1.34572413;2.94803447;-0.19355263;6.71365174;3.10173384
18;1.79918238;0.00000000;15.51488663;-4.70194312;1.79502342;1.33787498;2.92883214;-0.19063149;6.75967342;3.11279800
19;1.89913696;0.00000000;15.41740166;-4.67991430;1.81644954;1.33777614;2.90992322;-0.18777152;6.80554638;3.12422764
20;1.99909154;0.00000000;15.32032743;-4.65605487;1.83397380;1.31388324;2.89129216;-0.18498629;6.85127895;3.13527696
21;2.09904611;0.00000000;15.22372903;-4.63040943;1.85492511;1.29232066;2.87294073;-0.18225368;6.89686840;3.14689168
22;2.19900069;0.00000000;15.12759716;-4.60300378;1.87921544;1.26801118;2.85485546;-0.17958774;6.94232571;3.15829271
23;2.29895527;0.00000000;15.03198783;-4.57388157;1.90672692;1.25078886;2.83703765;-0.17696810;6.98765038;3.17037478
24;2.39890984;0.00000000;14.93689468;-4.54306822;1.93734648;1.24316471;2.81947557;-0.17440886;7.03285467;3.18234728
25;2.49886442;0.00000000;14.84236570;-4.51060614;1.96276409;1.22673473;2.80217001;-0.17189124;7.07793933;3.19505828
26;2.59881900;0.00000000;14.74839690;-4.47652057;1.98097035;1.19350496;2.78511077;-0.16942801;7.12291700;3.20777297
27;2.69877357;0.00000000;14.65502915;-4.44085250;2.00235952;1.16956826;2.76829822;-0.16700217;7.16778974;3.22127868
28;2.79872815;0.00000000;14.56226036;-4.40362708;2.02685257;1.15547989;2.75172350;-0.16462542;7.21257047;3.23488734
29;2.89868273;0.00000000;14.47012512;-4.36488376;2.04778463;1.15158446;2.73538664;-0.16228258;7.25726232;3.24931936
30;2.99863730;0.00000000;14.37862276;-4.32464766;2.05137878;1.14352437;2.71927989;-0.15998405;7.30187819;3.26394593
31;3.09859188;0.00000000;14.28778239;-4.28295665;2.05823204;1.13600733;2.70340302;-0.15771621;7.34642211;3.27943052
32;3.19854646;0.00000000;14.19760429;-4.23983581;2.06833369;1.13643303;2.68774928;-0.15548829;7.39090698;3.29520058
33;3.29850103;0.00000000;14.10811281;-4.19532143;2.08165468;1.13330868;2.67231824;-0.15328841;7.43533770;3.31184614
34;3.39845561;0.00000000;14.01930884;-4.14943852;2.09360831;1.14050411;2.65710395;-0.15112544;7.47972694;3.32880962
35;3.49841019;0.00000000;13.93121256;-4.10222180;2.09551179;1.14735383;2.64210570;-0.14898889;7.52407965;3.34662269
36;3.59836476;0.00000000;13.84382520;-4.05369618;2.10068828;1.13079919;2.62731833;-0.14688270;7.56840770;3.36500419
37;3.69831934;0.00000000;13.75716323;-4.00389485;2.08854196;1.11950206;2.61274155;-0.14479633;7.61271898;3.38450884
38;3.79827392;0.00000000;13.67122789;-3.95284257;2.07822989;1.11851554;2.59837060;-0.14275434;7.65702844;3.40364712
39;3.89822849;0.00000000;13.58603258;-3.90057102;2.07126733;1.12784682;2.58420210;-0.14075383;7.70133136;3.42253490
40;3.99818307;0.00000000;13.50157853;-3.84710443;2.06770909;1.13263797;2.57023256;-0.13872820;7.74562462;3.44511359
41;4.09813765;0.00000000;13.41787623;-3.79247340;2.06759393;1.13775219;2.55646998;-0.13665647;7.78995575;3.47262744
42;4.19809222;0.00000000;13.33492599;-3.73670284;2.07094306;1.14182009;2.54291328;-0.13457792;7.83438706;3.50265197
43;4.29804680;0.00000000;13.25273518;-3.67982274;2.06481924;1.14252602;2.52956688;-0.13247786;7.87894871;3.53607884
44;4.39800138;0.00000000;13.17130327;-3.62185821;2.04808936;1.14695159;2.51642873;-0.13040102;7.92368142;3.57009239
45;4.49795595;0.00000000;13.09063510;-3.56283818;2.03483859;1.15944675;2.50349776;-0.12834169;7.96858968;3.60503090
46;4.59791053;0.00000000;13.01072955;-3.50278732;2.02515761;1.17268873;2.49077126;-0.12629848;8.01368206;3.64096495
47;4.69786511;0.00000000;12.93158945;-3.44173329;2.01912004;1.18871433;2.47824900;-0.12426530;8.05896782;3.67827232
48;4.79781968;0.00000000;12.85321294;-3.37970031;2.01677973;1.18344820;2.46592883;-0.12224487;8.10446066;3.71676116
49;4.89777426;0.00000000;12.77560099;-3.31671489;2.00157704;1.17858663;2.45381070;-0.12023194;8.15017160;3.75676828
50;4.99772884;0.00000000;12.69875093;-3.25280078;1.98559404;1.18338350;2.44189280;-0.11822950;8.19611552;3.79808644
51;5.09768342;0.00000000;12.62266209;-3.18798343;1.96654896;1.19770234;2.43017518;-0.11623285;8.24230440;3.84102602
52;5.19763799;0.00000000;12.54733096;-3.12228604;1.94925915;1.22054475;2.41865632;-0.11424422;8.28875371;3.88543298
53;5.29759257;0.00000000;12.47275536;-3.05573310;1.93314282;1.22247412;2.40733644;-0.11225929;8.33547669;3.93160643
54;5.39754715;0.00000000;12.39893087;-2.98834723;1.92073234;1.23364279;2.39621427;-0.11028046;8.38248983;3.97938113
55;5.49750172;0.00000000;12.32585396;-2.92015198;1.89809831;1.25378322;2.38529014;-0.10830398;8.42980726;4.02902783
56;5.59745630;0.00000000;12.25351931;-2.85116940;1.87944251;1.28245186;2.37456300;-0.10633191;8.47744596;4.08040911
57;5.69741088;0.00000000;12.18192214;-2.78142213;1.86490625;1.31907130;2.36403326;-0.10436092;8.52542088;4.13377629
58;5.79736545;0.00000000;12.11105622;-2.71093163;1.84052710;1.35420976;2.35370005;-0.10239289;8.57374952;4.18900825
59;5.89732003;0.00000000;12.04091562;-2.63971970;1.81448747;1.37764075;2.34356386;-0.10042493;8.62244756;4.24633600
60;5.99727461;0.00000000;11.97149323;-2.56780717;1.79266176;1.40456020;2.33362400;-0.09845871;8.67153293;4.30565688
61;6.09722918;0.00000000;11.90278202;-2.49521503;1.77522714;1.41988980;2.32388099;-0.09649173;8.72102194;4.30138621
62;6.19718376;0.00000000;11.83477406;-2.42196347;1.76233517;1.42359532;2.31433428;-0.09452547;8.77018302;4.27261655
63;6.29713834;0.00000000;11.76746129;-2.34807271;1.75410685;1.43384668;2.30498444;-0.09255781;8.81874397;4.24417974
64;6.39709291;0.00000000;11.70083495;-2.27356231;1.73801679;1.45183190;2.29583103;-0.09059012;8.86671843;4.21606849
65;6.49704749;0.00000000;11.63488606;-2.19845173;1.71198358;1.47724816;2.28687462;-0.08862064;8.91411949;4.18827574
66;6.59700207;0.00000000;11.56960505;-2.12275988;1.68803693;1.50661045;2.27811489;-0.08665049;8.96095983;4.16079469
67;6.69695664;0.00000000;11.50498209;-2.04650551;1.66597045;1.52739654;2.26955240;-0.08467817;9.00725163;4.13361881
68;6.79691122;0.00000000;11.44100683;-1.96970687;1.64883721;1.54001125;2.26118691;-0.08270516;9.05300669;4.10674174
69;6.89686580;0.00000000;11.37766864;-1.89238202;1.63108329;1.55689568;2.25301889;-0.08073035;9.09823639;4.08015736
70;6.99682037;0.00000000;11.31495648;-1.81454861;1.59571150;1.58071313;2.24504816;-0.07875432;9.14295173;4.05385976
71;7.09677495;0.00000000;11.25285894;-1.73622394;1.56517384;1.61113604;2.23727523;-0.07677577;9.18716332;4.02784322
72;7.19672953;0.00000000;11.19136429;-1.65742502;1.53977917;1.64777858;2.22969994;-0.07479779;9.23088147;4.00210219
73;7.29668410;0.00000000;11.13046047;-1.57816853;1.51980632;1.66339636;2.22232243;-0.07282005;9.27411610;3.97663131
74;7.39663868;0.00000000;11.07013518;-1.49847091;1.50549189;1.67710319;2.21514254;-0.07084171;9.31687687;3.95142540
75;7.49659326;0.00000000;11.01037570;-1.41834808;1.49107084;1.69151216;2.20816058;-0.06886139;9.35917307;3.92647941
76;7.59654783;0.00000000;10.95116918;-1.33781591;1.47596725;1.70660313;2.20137655;-0.06687974;9.40101376;3.90178847
77;7.69650241;0.00000000;10.89250224;-1.25688961;1.46020143;1.72235604;2.19479073;-0.06489685;9.44240769;3.87734786
78;7.79645699;0.00000000;10.83436151;-1.17558451;1.44379378;1.73875078;2.18840287;-0.06292116;9.48336335;3.85315298
79;7.89641156;0.00000000;10.77673322;-1.09391528;1.42676459;1.75576743;2.18221206;-0.06095159;9.52388896;3.82919939
80;7.99636614;0.00000000;10.71960385;-1.01189686;1.40913417;1.77481918;2.17621678;-0.05903143;9.56399252;3.80548277
81;8.09632072;0.00000000;10.66295921;-0.92954244;1.39670142;1.79921221;2.17041026;-0.05715161;9.60368178;3.78199890
82;8.19627529;0.00000000;10.60678624;-0.84686619;1.39078542;1.81146433;2.16479057;-0.05531344;9.64296427;3.75874374
83;8.29622987;0.00000000;10.55107083;-0.76388001;1.39148778;1.81333710;2.15935176;-0.05351223;9.68184731;3.73571329
84;8.39618445;0.00000000;10.49580028;-0.68059729;1.39881644;1.81143527;2.15409317;-0.05170425;9.72033798;3.71290373
85;8.49613903;0.00000000;10.44096063;-0.59702969;1.38397082;1.81555974;2.14901572;-0.04989091;9.75844321;3.69031130
86;8.59609360;0.00000000;10.38653874;-0.51319016;1.36325953;1.82565154;2.14411945;-0.04808006;9.79616971;3.66793237
87;8.69604818;0.00000000;10.33252007;-0.42908957;1.34193055;1.84159466;2.13940408;-0.04627003;9.83352400;3.64576337
88;8.79600276;0.00000000;10.27889133;-0.34474065;1.32013836;1.85454979;2.13486947;-0.04446693;9.87051243;3.62380088
89;8.89595733;0.00000000;10.22563755;-0.26015347;1.30505030;1.85627724;2.13051460;-0.04266995;9.90714120;3.60204152
90;8.99591191;0.00000000;10.17274547;-0.17534063;1.29708289;1.86379669;2.12633924;-0.04087718;9.94341630;3.58048203
91;9.09586649;0.00000000;10.12019990;-0.09031164;1.29638534;1.87392906;2.12234282;-0.03908750;9.97934361;3.55911922
92;9.19582106;0.00000000;10.06798740;-0.00507877;1.29950823;1.88772351;2.11852517;-0.03730233;10.01492883;3.53794998
93;9.29577564;0.00000000;10.01609255;0.08034905;1.27679027;1.89097583;2.11488566;-0.03552096;10.05017751;3.51697129
94;9.39573022;0.00000000;9.96450184;0.16595973;1.26125256;1.88126447;2.11142401;-0.03374666;10.08509508;3.49618020
95;9.49568479;0.00000000;9.91319967;0.25174484;1.24641402;1.87717060;2.10813927;-0.03197779;10.11968681;3.47557382
96;9.59563937;0.00000000;9.86217263;0.33769239;1.23828914;1.87871344;2.10503033;-0.03024537;10.15395786;3.45514935
97;9.69559395;0.00000000;9.81140499;0.42379496;1.23790386;1.88586193;2.10209236;-0.02854039;10.18791324;3.43490406
98;9.79554852;0.00000000;9.76088390;0.51004084;1.24528229;1.89853568;2.09932364;-0.02687778;10.22155785;3.41483526
99;9.89550310;0.00000000;9.71059393;0.59642347;1.26030458;1.89039453;2.09671855;-0.02524771;10.25489648;3.39494035
100;9.99545768;0.00000000;9.66052277;0.68293162;1.27729181;1.88454158;2.09427613;-0.02362685;10.28793378;3.37521678
101;10.09541225;0.00000000;9.61065537;0.76955896;1.27391800;1.88421693;2.09199515;-0.02201323;10.32067431;3.35566206
102;10.19536683;0.00000000;9.56097936;0.85629465;1.27534986;1.88292873;2.08987538;-0.02040300;10.35312251;3.33627375
103;10.29532141;0.00000000;9.51147969;0.94313262;1.28437933;1.86905939;2.08791634;-0.01879531;10.38528273;3.31704949
104;10.39527598;0.00000000;9.46214390;1.03006229;1.30086365;1.86065186;2.08611789;-0.01719198;10.41715920;3.29798695
105;10.49523056;0.00000000;9.41295690;1.11707779;1.32454032;1.85776410;2.08447942;-0.01559215;10.44875608;3.27908386
106;10.59518514;0.00000000;9.36390620;1.20416873;1.33643607;1.84708820;2.08300074;-0.01399658;10.48007741;3.26033800
107;10.69513971;0.00000000;9.31497679;1.29132930;1.35381489;1.82539872;2.08168130;-0.01240429;10.51112715;3.24174720
108;10.79509429;0.00000000;9.26615604;1.37854946;1.37812234;1.79055815;2.08052093;-0.01081469;10.54190917;3.22330934
109;10.89504887;0.00000000;9.21742904;1.46582335;1.40798693;1.75937302;2.07951928;-0.00922732;10.57242725;3.20502234
110;10.99500344;0.00000000;9.16878303;1.55314129;1.41977360;1.73348843;2.07867626;-0.00764115;10.60268510;3.18688417
111;11.09495802;0.00000000;9.12020329;1.64049717;1.43835148;1.71312856;2.07799171;-0.00605600;10.63268633;3.16889284
112;11.19491260;0.00000000;9.07167694;1.72788152;1.44831922;1.69847679;2.07746528;-0.00448201;10.66243449;3.15104640
113;11.29486717;0.00000000;9.02318929;1.81528843;1.46134450;1.68966562;2.07709554;-0.00291617;10.69193305;3.13334294
114;11.39482175;0.00000000;8.97472741;1.90270895;1.48098771;1.67144746;2.07688267;-0.00133780;10.72118539;3.11578061
115;11.49477633;0.00000000;8.92627688;1.99013655;1.50700541;1.63779711;2.07682828;0.00024950;10.75019485;3.09835757
116;11.59473090;0.00000000;8.87782428;2.07756272;1.53908903;1.60246190;2.07693287;0.00184793;10.77896467;3.08107202
117;11.69468548;0.00000000;8.82935553;2.16497994;1.57688300;1.57267765;2.07719787;0.00345446;10.80749804;3.06392222
118;11.79464006;0.00000000;8.78085692;2.25237991;1.62000168;1.54874909;2.07762168;0.00500003;10.83579807;3.04690644
119;11.89459464;0.00000000;8.73231447;2.33975598;1.65172285;1.53093526;2.07819648;0.00650107;10.86386784;3.03002300
120;11.99454921;0.00000000;8.68371536;2.42710034;1.67411027;1.49320135;2.07891931;0.00793319;10.89171032;3.01327025
121;12.09450379;0.00000000;8.63504683;2.51440649;1.70111589;1.45758843;2.07978136;0.00931563;10.91932846;2.99664657
122;12.19445837;0.00000000;8.58629684;2.60166767;1.73355993;1.42800668;2.08078061;0.01066391;10.94672513;2.98015036
123;12.29441294;0.00000000;8.53745418;2.68887627;1.77115554;1.40482427;2.08191267;0.01198760;10.97390315;2.96378007
124;12.39436752;0.00000000;8.48850681;2.77602675;1.79633284;1.38834840;2.08317680;0.01330256;11.00086529;2.94753417
125;12.49432210;0.00000000;8.43944399;2.86311138;1.81926625;1.34022538;2.08457185;0.01461111;11.02761426;2.93141117
126;12.59427667;0.00000000;8.39025362;2.95012501;1.84746959;1.29706779;2.08609790;0.01592606;11.05415271;2.91540958
127;12.69423125;0.00000000;8.34092524;3.03705944;1.88071752;1.25935516;2.08775575;0.01724629;11.08048326;2.89952798
128;12.79418583;0.00000000;8.29144648;3.12390973;1.91876051;1.22214601;2.08954555;0.01856439;11.10660846;2.88376493
129;12.89414040;0.00000000;8.24180733;3.21066687;1.96133027;1.19199945;2.09146694;0.01988130;11.13253082;2.86811905
130;12.99409498;0.00000000;8.19199515;3.29732646;2.00815144;1.16944813;2.09351969;0.02118685;11.15825281;2.85258898
131;13.09404956;0.00000000;8.14200036;3.38387897;2.03515359;1.14202977;2.09570225;0.02248456;11.18377684;2.83717337
132;13.19400413;0.00000000;8.09181044;3.47032018;2.06472026;1.09182275;2.09801433;0.02377347;11.20910528;2.82187090
133;13.29395871;0.00000000;8.04141610;3.55664045;2.09885650;1.04456549;2.10045467;0.02505587;11.23424048;2.80668029
134;13.39391329;0.00000000;7.99080482;3.64283578;2.13592447;1.00482190;2.10302344;0.02634514;11.25918470;2.79160026
135;13.49386786;0.00000000;7.93996765;3.72889599;2.17454285;0.97350197;2.10572146;0.02764052;11.28394021;2.77662957
136;13.59382244;0.00000000;7.88889179;3.81481732;2.21724664;0.95142423;2.10854806;0.02890089;11.30850920;2.76176699
137;13.69377702;0.00000000;7.83756916;3.90058871;2.25138212;0.93816109;2.11149854;0.03013649;11.33289384;2.74701131
138;13.79373159;0.00000000;7.78598748;3.98620657;2.26675832;0.88752860;2.11457430;0.03142960;11.35709626;2.73236134
139;13.89368617;0.00000000;7.73413813;4.07166023;2.28671083;0.84543368;2.11778244;0.03276295;11.38111855;2.71781594
140;13.99364075;0.00000000;7.68200820;4.15694512;2.31113458;0.81318900;2.12112806;0.03423968;11.40496277;2.70337394
141;14.09359532;0.00000000;7.62958749;4.24204977;2.33990252;0.78446586;2.12462949;0.03582162;11.42863093;2.68903423
142;14.19354990;0.00000000;7.57686132;4.32696793;2.37287214;0.76351590;2.12828871;0.03738852;11.45212502;2.67479571
143;14.29350448;0.00000000;7.52381930;4.41168662;2.40988366;0.72407964;2.13210362;0.03894541;11.47544699;2.66065727
144;14.39345905;0.00000000;7.47044701;4.49619964;2.45076887;0.67845606;2.13607321;0.04046628;11.49859876;2.64661786
145;14.49341363;0.00000000;7.41673432;4.58049453;2.49534884;0.64482080;2.14019263;0.04196053;11.52158221;2.63267642
146;14.59336821;0.00000000;7.36266785;4.66456451;2.51802043;0.62509653;2.14446189;0.04346944;11.54439919;2.61883191
147;14.69332278;0.00000000;7.30823723;4.74839781;2.53164267;0.62059686;2.14888275;0.04498866;11.56705153;2.60508332
148;14.79327736;0.00000000;7.25342916;4.83198704;2.54588962;0.62079253;2.15345581;0.04651744;11.58954103;2.59142964
149;14.89323194;0.00000000;7.19823392;4.91531916;2.55219806;0.60278125;2.15818228;0.04805640;11.61186943;2.57786990
150;14.99318651;0.00000000;7.14263884;4.99838613;2.56074577;0.60031842;2.16304491;0.04899734;11.63403849;2.56440311
151;15.09314109;0.00000000;7.08663841;5.08117884;2.57363475;0.61385178;2.16796891;0.04952781;11.65604989;2.55102833
152;15.19309567;0.00000000;7.03023181;5.16369148;2.55998744;0.60725103;2.17287394;0.04766720;11.67790534;2.53774460
153;15.29305025;0.00000000;6.97343096;5.24593775;2.53516921;0.60048743;2.17746554;0.04420421;11.69960646;2.52455102
154;15.39300482;0.00000000;6.91626975;5.32792833;2.51451738;0.59988708;2.18172172;0.04111395;11.72115490;2.51144667
155;15.49295940;0.00000000;6.85876800;5.40968902;2.49738330;0.61533253;2.18568938;0.03827391;11.74255225;2.49843064
156;15.59291398;0.00000000;6.80095584;5.49122601;2.48062716;0.64569843;2.18938340;0.03577506;11.76380009;2.48550206
157;15.69286855;0.00000000;6.74284993;5.57255920;2.46422297;0.68118372;2.19284564;0.03350065;11.78489997;2.47266006
158;15.79282313;0.00000000;6.68447428;5.65369420;2.44814988;0.72375797;2.19608055;0.03122620;11.80585340;2.45990377
159;15.89277771;0.00000000;6.62584372;5.73464930;2.41924175;0.75252550;2.19908802;0.02894971;11.82666191;2.44723237
160;15.99273228;0.00000000;6.56698154;5.81543119;2.37445506;0.78229017;2.20186606;0.02661471;11.84732696;2.43464500
161;16.09268686;0.00000000;6.50790213;5.89605967;2.33333582;0.82295591;2.20440790;0.02424450;11.86785001;2.42214086
162;16.19264144;0.00000000;6.44862950;5.97654204;2.29606252;0.86977504;2.20671292;0.02187834;11.88823250;2.40971914
163;16.29259601;0.00000000;6.38917902;6.05689727;2.24541418;0.90210259;2.20878173;0.01951642;11.90847584;2.39737904
164;16.39255059;0.00000000;6.32957359;6.13713413;2.19726264;0.94166442;2.21061350;0.01712323;11.92858143;2.38511977
165;16.49250517;0.00000000;6.26982949;6.21727078;2.15283177;0.98753481;2.21220450;0.01471103;11.94855063;2.37294058
166;16.59245974;0.00000000;6.20996886;6.29731785;2.11233632;1.01528826;2.21355393;0.01228338;11.96838480;2.36084068
167;16.69241432;0.00000000;6.15000891;6.37729281;2.07598229;1.04544478;2.21465993;0.00984686;11.98808527;2.34881934
168;16.79236890;0.00000000;6.08997102;6.45720772;2.03670838;1.08392227;2.21552202;0.00739726;12.00765335;2.33687582
169;16.89232347;0.00000000;6.02987356;6.53707889;1.98022878;1.12989287;2.21613859;0.00493979;12.02709033;2.32500938
170;16.99227805;0.00000000;5.96973690;6.61692009;1.92732392;1.17206931;2.21650922;0.00247177;12.04639749;2.31321931
171;17.09223263;0.00000000;5.90958054;6.69674640;1.87827393;1.21740804;2.21663260;-0.00000286;12.06557608;2.30150489
172;17.19218720;0.00000000;5.84942389;6.77657314;1.83336563;1.26901579;2.21650843;-0.00248453;12.08462734;2.28986543
173;17.29214178;0.00000000;5.78928764;6.85641406;1.79288801;1.32617999;2.21613583;-0.00497096;12.10355250;2.27830024
174;17.39209636;0.00000000;5.72919024;6.93628596;1.75712291;1.38823473;2.21551451;-0.00746275;12.12235275;2.26680864
175;17.49205093;0.00000000;5.66915353;7.01620121;1.71695271;1.44034885;2.21464385;-0.00995857;12.14102928;2.25538995
176;17.59200551;0.00000000;5.60919506;7.09617797;1.67598233;1.47922111;2.21352357;-0.01245793;12.15958326;-7.95829947
177;17.69196009;0.00000000;5.54933783;7.17622719;1.63997179;1.52377774;2.21215330;-0.01496049;12.09398727;-10.03815644
178;17.79191466;0.00000000;5.48959857;7.25636826;1.60922807;1.57355968;2.21053272;-0.01746540;12.01073723;-9.70766612
179;17.89186924;0.00000000;5.43000136;7.33661073;1.57872836;1.62682247;2.20866170;-0.01997305;11.92967550;-9.38554849
180;17.99182382;0.00000000;5.37056223;7.41697504;1.52119421;1.66875049;2.20653985;-0.02248186;11.85077636;-9.07120843
181;18.09177839;0.00000000;5.31130632;7.49746936;1.45787635;1.70832560;2.20416726;-0.02499290;11.77401728;-8.76449493
182;18.19173297;0.00000000;5.25224908;7.57811502;1.39863311;1.75293653;2.20154348;-0.02750416;11.69937520;-8.46476674
183;18.29168755;0.00000000;5.19341660;7.65891885;1.34398814;1.80222665;2.19866881;-0.03001726;11.62683085;-8.17208954
184;18.39164212;0.00000000;5.13482391;7.73990288;1.29449646;1.84987907;2.19554276;-0.03252869;11.55636276;-7.88573075
185;18.49159670;0.00000000;5.07649796;7.82107264;1.25075282;1.89919133;2.19216593;-0.03504089;11.48795414;-7.60545584
186;18.59155128;0.00000000;5.01845350;7.90245064;1.21335099;1.94774068;2.18853772;-0.03755271;11.42158878;-7.33061424
187;18.69150586;0.00000000;4.96071825;7.98404122;1.16558295;1.99304541;2.18465868;-0.04006620;11.35725465;-7.06272459
188;18.79146043;0.00000000;4.90330688;8.06586709;1.12006516;2.03048790;2.18052848;-0.04256670;11.29492497;-6.80053043
189;18.89141501;0.00000000;4.84624766;8.14793150;1.08149535;2.05446920;2.17614926;-0.04506090;11.23458240;-6.54087331
190;18.99136959;0.00000000;4.78955523;8.23025704;1.05061078;2.08340549;2.17151987;-0.04757092;11.17623645;-6.28399470
191;19.09132416;0.00000000;4.73325841;8.31284607;1.01863750;2.11711295;2.16663912;-0.05009237;11.11989358;-6.03801914
192;19.19127874;0.00000000;4.67737234;8.39572101;0.97503953;2.15539409;2.16150772;-0.05255693;11.06548589;-5.79943364
193;19.29123332;0.00000000;4.62192592;8.47888313;0.93376665;2.19802645;2.15613305;-0.05498951;11.01297499;-5.56299164
194;19.39118789;0.00000000;4.56693435;8.56235343;0.90120099;2.24478712;2.15051459;-0.05743011;10.96236859;-5.32896963
195;19.49114247;0.00000000;4.51242591;8.64613329;0.87829244;2.29543814;2.14465224;-0.05987398;10.91367103;-5.07070788
196;19.59109705;0.00000000;4.45841730;8.73024211;0.85694742;2.34755139;2.13853815;-0.06254164;10.86713092;-4.79975087
197;19.69105162;0.00000000;4.40493798;8.81468308;0.83499260;2.38517785;2.13214739;-0.06533549;10.82289334;-4.52544527
198;19.79100620;0.00000000;4.35200914;8.89947493;0.78220687;2.42636988;2.12547564;-0.06817395;10.78101768;-4.24985804
199;19.89096078;0.00000000;4.29966123;8.98462237;0.73414568;2.46421662;2.11851847;-0.07103598;10.74154350;-3.97876522
200;19.99091535;0.00000000;4.24791782;9.07014158;0.69651411;2.48804189;2.11127604;-0.07386810;10.70445539;-3.71026023
201;20.09086993;0.00000000;4.19680827;9.15603877;0.67104524;2.49817398;2.10375202;-0.07668272;10.66975399;-3.43524189
202;20.19082451;0.00000000;4.14635836;9.24232565;0.64555355;2.49711229;2.09594477;-0.07955505;10.63752386;-3.15704102
203;20.29077908;0.00000000;4.09659595;9.32901135;0.63287516;2.49700969;2.08784810;-0.08245190;10.60781752;-2.87823366
204;20.39073366;0.00000000;4.04755030;9.41610301;0.63502961;2.50172712;2.07946223;-0.08534625;10.58066195;-2.59800491
205;20.49068824;0.00000000;3.99924809;9.50361221;0.63583426;2.51126613;2.07078675;-0.08824084;10.55609029;-2.28089535
206;20.59064281;0.00000000;3.95172178;9.59154046;0.60809454;2.52559939;2.06181177;-0.09144500;10.53447058;-1.94573704
207;20.69059739;0.00000000;3.90499868;9.67990408;0.59511802;2.54467730;2.05250429;-0.09478380;10.51599257;-1.35564696
208;20.79055197;0.00000000;3.85912115;9.76869798;0.59783379;2.54463598;2.04278696;-0.10035628;10.50309924;-0.64842147
209;20.89050654;0.00000000;3.81413093;9.85795911;0.60899722;2.54773625;2.03242857;-0.10688830;10.49692661;-0.43216820
210;20.99046112;0.00000000;3.77010029;9.94768052;0.60222536;2.55580468;2.02157686;-0.10893331;10.49281058;-0.42529594
211;21.09041570;0.00000000;3.72704059;10.03789331;0.60553606;2.55322433;2.01068045;-0.10907697;10.48875842;-0.42529594
212;21.19037027;0.00000000;3.68497110;10.12855626;0.62397391;2.55316028;1.99986239;-0.10663864;10.48470470;-0.14765010
213;21.29032485;0.00000000;3.64386441;10.21967544;0.62527284;2.55423925;1.98937642;-0.10316740;10.48329700;0.23709981
214;21.39027943;0.00000000;3.60370442;10.31120290;0.62909454;2.52426329;1.97923151;-0.09987349;10.48555742;0.59418143
215;21.49023400;0.00000000;3.56445645;10.40313538;0.62771190;2.49889608;1.96940912;-0.09665601;10.49121999;0.93599344
216;21.59018858;0.00000000;3.52610242;10.49543331;0.62806839;2.47825508;1.95990881;-0.09344285;10.50013383;1.27144451
217;21.69014316;0.00000000;3.48860849;10.58809441;0.63262052;2.46242511;1.95072861;-0.09023780;10.51223020;1.60089191
218;21.79009774;0.00000000;3.45195525;10.68108140;0.65176341;2.45147196;1.94186785;-0.08707524;10.52744113;1.92127243
219;21.89005231;0.00000000;3.41610957;10.77439212;0.67293393;2.44542843;1.93332078;-0.08393842;10.54566720;2.23519237
220;21.99000689;0.00000000;3.38105088;10.86799271;0.66418850;2.44430115;1.92508685;-0.08082484;10.56683170;2.54361409
221;22.08996147;0.00000000;3.34674695;10.96188053;0.66959823;2.44806571;1.91716268;-0.07772619;10.59086512;2.84811506
222;22.18991604;0.00000000;3.31317577;11.05602561;0.68885864;2.42241944;1.90954809;-0.07464123;10.61771106;3.14944404
223;22.28987062;0.00000000;3.28030587;11.15042446;0.72089000;2.39745230;1.90224078;-0.07156822;10.64731848;3.16011561
224;22.38982520;0.00000000;3.24811401;11.24505043;0.75275679;2.37713417;1.89524001;-0.06851901;10.67694371;3.14233958
225;22.48977977;0.00000000;3.21656931;11.33989973;0.78404822;2.36155354;1.88854291;-0.06548123;10.70632100;3.12470562
226;22.58973435;0.00000000;3.18564756;11.43494886;0.81477467;2.35077673;1.88214993;-0.06243609;10.73545372;3.10721188
227;22.68968893;0.00000000;3.15531824;11.53019343;0.84495633;2.34483901;1.87606114;-0.05939328;10.76434516;3.08985654
228;22.78964350;0.00000000;3.12555595;11.62561300;0.87460980;2.32588173;1.87027564;-0.05637667;10.79299853;3.07263784
229;22.88959808;0.00000000;3.09633101;11.72120147;0.90375802;2.29673908;1.86479058;-0.05337368;10.82141699;3.05555403
230;22.98955266;0.00000000;3.06761727;11.81694203;0.93242150;2.26811482;1.85960283;-0.05045080;10.84960363;3.03860342
231;23.08950723;0.00000000;3.03938611;11.91282813;0.95600204;2.23990810;1.85470448;-0.04756003;10.87756147;3.02178433
232;23.18946181;0.00000000;3.01161156;12.00884586;0.95037380;2.21205758;1.85009434;-0.04469078;10.90529348;3.00509512
233;23.28941639;0.00000000;2.98426585;12.10498792;0.95238991;2.18464330;1.84577012;-0.04183282;10.93280257;2.98853420
234;23.38937096;0.00000000;2.95732249;12.20124307;0.95708264;2.15763823;1.84173188;-0.03896475;10.96009157;2.97209999
235;23.48932554;0.00000000;2.93075429;12.29760222;0.97170370;2.13101474;1.83798067;-0.03609389;10.98716330;2.95579094
236;23.58928012;0.00000000;2.90453375;12.39405716;0.99584327;2.10474497;1.83451621;-0.03322681;11.01402047;2.93960555
237;23.68923469;0.00000000;2.87863399;12.49059758;1.02164811;2.07880168;1.83133825;-0.03036159;11.04066579;2.92354232
238;23.78918927;0.00000000;2.85302693;12.58721764;1.04717756;2.05315654;1.82844665;-0.02749565;11.06710187;2.90759980
239;23.88914385;0.00000000;2.82768600;12.68390584;1.07245597;2.02778269;1.82584159;-0.02462986;11.09333132;2.89177656
240;23.98909842;0.00000000;2.80258257;12.78065850;1.09751022;2.00265135;1.82352295;-0.02176255;11.11935665;2.87607119
241;24.08905300;0.00000000;2.77769038;12.87746272;1.12236498;1.97773607;1.82149104;-0.01889452;11.14518036;2.86048232
242;24.18900758;0.00000000;2.75298025;12.97431697;1.14704820;1.95300759;1.81974588;-0.01602285;11.17080489;2.84500859
243;24.28896215;0.00000000;2.72842618;13.07120708;1.17626309;1.92843981;1.81828796;-0.01314923;11.19623263;2.82964868
244;24.38891673;0.00000000;2.70399848;13.16813330;1.21291532;1.90400306;1.81711715;-0.01027780;11.22146594;2.81440128
245;24.48887131;0.00000000;2.67967145;13.26508027;1.25637645;1.87967162;1.81623334;-0.00740655;11.24650712;2.79926510
246;24.58882588;0.00000000;2.65541504;13.36204985;1.30599509;1.85541552;1.81563685;-0.00452562;11.27135844;2.78423889
247;24.68878046;0.00000000;2.63120373;13.45902542;1.36111681;1.83120938;1.81532872;-0.00163969;11.29602213;2.76932141
248;24.78873504;0.00000000;2.60700700;13.55601023;1.39335018;1.80702283;1.81530891;0.00124196;11.32050037;2.75451144
249;24.88868961;0.00000000;2.58279963;13.65298642;1.41748870;1.78283090;1.81557702;0.00412306;11.34479531;2.73980779
250;24.98864419;0.00000000;2.55855085;13.74995848;1.44167695;1.75860305;1.81613241;0.00698278;11.36890907;2.72520929
251;25.08859877;0.00000000;2.53423594;13.84690745;1.46593895;1.73431500;1.81697287;0.00983502;11.39284370;2.71071479
252;25.18855335;0.00000000;2.50982413;13.94383882;1.49030532;1.70993630;1.81809840;0.01268365;11.41660126;2.69632313
253;25.28850792;0.00000000;2.48529114;14.04073254;1.51479988;1.68544329;1.81950849;0.01553236;11.44018374;2.68203322
254;25.38846250;0.00000000;2.46060600;14.13759483;1.53945354;1.63396376;1.82120366;0.01838646;11.46359311;2.66784396
255;25.48841708;0.00000000;2.43574470;14.23440457;1.56429004;1.58382458;1.82318421;0.02124442;11.48683130;2.65375425
256;25.58837165;0.00000000;2.41067604;14.33116839;1.58934061;1.53835743;1.82545070;0.02410440;11.50990022;2.63976306
257;25.68832623;0.00000000;2.38537622;14.42786425;1.61462898;1.49796855;1.82800299;0.02696696;11.53280174;-1.63000347
258;25.78828081;0.00000000;2.35981391;14.52449888;1.64326856;1.46304538;1.83084174;0.02983197;11.51866587;-8.22171414
259;25.88823538;0.00000000;2.33396556;14.62104940;1.67765896;1.43396542;1.83396676;0.03269977;11.44709865;-7.89571087
260;25.98818996;0.00000000;2.30779975;14.71752237;1.71748557;1.40780549;1.83737880;0.03556955;11.37794545;-7.57621688
261;26.08814454;0.00000000;2.28129318;14.81389416;1.76079717;1.38131435;1.84107752;0.03844201;11.31119302;-7.26257667
262;26.18809911;0.00000000;2.25441443;14.91017081;1.80579447;1.35446191;1.84506385;0.04131842;11.24683208;-6.95440712
263;26.28805369;0.00000000;2.22714041;15.00632818;1.85544117;1.32722681;1.84933754;0.04419799;11.18485504;-6.65124236
264;26.38800827;0.00000000;2.19943975;15.10237139;1.90066943;1.29957949;1.85389953;0.04708067;11.12525676;-6.35262051
265;26.48796284;0.00000000;2.17128954;15.19827597;1.92877975;1.27149954;1.85874947;0.04996637;11.06803465;-6.05826276
266;26.58791742;0.00000000;2.14265862;15.29404574;1.95737939;1.24295830;1.86388830;0.05285357;11.01318704;-5.76762291
267;26.68787200;0.00000000;2.11352424;15.38965605;1.98649148;1.19537821;1.86931544;0.05574296;10.96071568;-5.47781760
268;26.78782657;0.00000000;2.08385557;15.48510898;2.01614751;1.13859541;1.87503261;0.05865465;10.91064720;-5.18999734
269;26.88778115;0.00000000;2.05362977;15.58038014;2.04637099;1.08753721;1.88104116;0.06157542;10.86299657;-4.90281579
270;26.98773573;0.00000000;2.02281634;15.67546906;2.07719317;1.04299511;1.88734266;0.06451279;10.81778982;-4.61700264
271;27.08769030;0.00000000;1.99139211;15.77035212;2.10863811;0.99739751;1.89393792;0.06745667;10.77504504;-4.33236149
272;27.18764488;0.00000000;1.95932723;15.86502592;2.14073662;0.95943826;1.90082794;0.07040468;10.73478071;-4.04844223
273;27.28759946;0.00000000;1.92659839;15.95946741;2.17351313;0.92681664;1.90801254;0.07335654;10.69701810;-3.76773410
274;27.38755403;0.00000000;1.89317673;16.05366994;2.20699767;0.89355115;1.91549166;0.07628643;10.66175369;-3.48808741
275;27.48750861;0.00000000;1.85903885;16.14761185;2.24121505;0.85963007;1.92326274;0.07920870;10.62900235;-3.20606901
276;27.58746319;0.00000000;1.82415758;16.24128239;2.27619385;0.82504052;1.93132675;0.08214908;10.59880977;-2.92262434
277;27.68741776;0.00000000;1.78850869;16.33466247;2.31195999;0.78977650;1.93968508;0.08509478;10.57121134;-2.63685949
278;27.78737234;0.00000000;1.75206679;16.42773609;2.34839474;0.75361823;1.94833815;0.08804904;10.54624942;-2.34862851
279;27.88732692;0.00000000;1.71480688;16.52048614;2.38551808;0.71598920;1.95728695;0.09100836;10.52396619;-2.06877306
280;27.98728149;0.00000000;1.67670577;16.61289137;2.42350351;0.67753855;1.96652759;0.09387127;10.50429902;-1.78936461
281;28.08723607;0.00000000;1.63773802;16.70493814;2.46237863;0.63825469;1.97605221;0.09670449;10.48725834;-1.49833370
282;28.18719065;0.00000000;1.59788513;16.79659747;2.50216420;0.60929101;1.98586225;0.09961140;10.47296791;-1.20282110
283;28.28714522;0.00000000;1.55711770;16.88786428;2.54289224;0.59489297;1.99596489;0.10252192;10.46148182;-0.82446090
284;28.38709980;0.00000000;1.51542266;16.97869483;2.58457853;0.59609097;2.00638479;0.10613309;10.45360151;-0.42212343
285;28.48705438;0.00000000;1.47275827;17.06909527;2.56911806;0.61276060;2.01718254;0.10989675;10.44956450;-0.42212343
286;28.58700896;0.00000000;1.42911683;17.15900638;2.55810321;0.60238333;2.02815475;0.10873368;10.44552593;-0.28562162
287;28.68696353;0.00000000;1.38449091;17.24845778;2.54490724;0.60400720;2.03890926;0.10643612;10.44279242;-0.02863929
288;28.78691811;0.00000000;1.33892560;17.33741282;2.52906632;0.62087531;2.04939131;0.10312745;10.44251829;0.33279052
289;28.88687269;0.00000000;1.29243767;17.42590884;2.51812125;0.65080809;2.05952408;0.09960587;10.44570324;0.70992150
290;28.98682726;0.00000000;1.24507854;17.51392383;2.50427568;0.67977749;2.06929963;0.09598871;10.45249425;1.09042877
291;29.08678184;0.00000000;1.19687028;17.60149280;2.47652320;0.70761422;2.07871374;0.09236914;10.46291655;1.46490529
292;29.18673642;0.00000000;1.14786201;17.68860137;2.44954001;0.73425882;2.08776788;0.08881627;10.47690177;1.82670516
293;29.28669099;0.00000000;1.09807641;17.77528180;2.41994583;0.76010455;2.09646945;0.08528570;10.49431492;2.18168397
294;29.38664557;0.00000000;1.04755946;17.86152500;2.37431733;0.78516626;2.10481400;0.08167531;10.51507415;2.54199125
295;29.48660015;0.00000000;0.99633469;17.94736202;2.33282545;0.81991069;2.11279741;0.07805918;10.53921020;2.90018264
296;29.58655472;0.00000000;0.94444668;18.03278863;2.29567214;0.86418945;2.12041908;0.07445014;10.56667993;3.20846679
297;29.68650930;0.00000000;0.89191992;18.11783397;2.26303218;0.91665635;2.12768101;0.07084972;10.59698667;3.19030065
298;29.78646388;0.00000000;0.83879641;18.20249853;2.23245188;0.95010887;2.13458230;0.06724155;10.62703613;3.17228172
299;29.88641845;0.00000000;0.78510119;18.28681019;2.18911462;0.98221982;2.14112344;0.06363716;10.65683185;3.15440804
300;29.98637303;0.00000000;0.73087429;18.37077325;2.14023209;1.02255505;2.14730237;0.05999415;10.68637731;3.13667771
301;30.08632761;0.00000000;0.67614171;18.45441441;2.07914572;1.07021921;2.15311697;0.05634826;10.71567593;3.11908885
302;30.18628218;0.00000000;0.62094164;18.53774177;2.02162771;1.12430413;2.15856885;0.05274882;10.74473104;3.10163962
303;30.28623676;0.00000000;0.56530060;18.62078050;1.96795644;1.18396130;2.16366216;0.04916209;10.77354590;3.08432823
304;30.38619134;0.00000000;0.50925420;18.70354160;1.91842949;1.23214118;2.16840165;0.04569211;10.80212371;3.06715290
305;30.48614591;0.00000000;0.45282855;18.78604856;1.86076036;1.27007260;2.17279675;0.04224869;10.83046761;3.05011193
306;30.58610049;0.00000000;0.39605646;18.86831437;1.79124648;1.31415330;2.17684735;0.03879987;10.85858066;3.03320361
307;30.68605507;0.00000000;0.33896459;18.95036105;1.72502013;1.36381758;2.18055328;0.03535205;10.88646587;3.01642629
308;30.78600964;0.00000000;0.28158397;19.03220436;1.66245036;1.41850514;2.18391367;0.03188264;10.91412618;2.99977833
309;30.88596422;0.00000000;0.22394239;19.11386501;1.60393593;1.47768607;2.18692693;0.02840979;10.94156449;2.98325815
310;30.98591880;0.00000000;0.16606929;19.19536143;1.54990781;1.54086798;2.18959356;0.02494896;10.96878362;2.96686419
311;31.08587337;0.00000000;0.10799328;19.27671307;1.50082038;1.60760384;2.19191451;0.02149124;10.99578634;2.95059490
312;31.18582795;0.00000000;0.04974220;19.35794038;1.45702857;1.67749404;2.19388982;0.01803240;11.02257539;2.93444878
313;31.28578253;0.00000000;-0.00865445;19.43906155;1.40763584;1.74097440;2.19551937;0.01457348;11.04915343;2.91842436
314;31.38573710;0.00000000;-0.06717025;19.52009900;1.34887323;1.78750805;2.19680349;0.01112145;11.07552307;2.90252019
315;31.48569168;0.00000000;-0.12577478;19.60106952;1.29057459;1.82965634;2.19774266;0.00767066;11.10168688;2.88673484
316;31.58564626;0.00000000;-0.18444303;19.68199734;1.23423091;1.87562233;2.19833749;0.00423343;11.12764738;2.87106693
317;31.68560083;0.00000000;-0.24314356;19.76289764;1.18369909;1.92564604;2.19858897;0.00079847;11.15340705;2.85551508
318;31.78555541;0.00000000;-0.30185269;19.84379615;1.13971738;1.97945171;2.19849799;-0.00261505;11.17896831;2.84007793
319;31.88550999;0.00000000;-0.36053832;19.92470678;1.10304079;2.03676324;2.19806621;-0.00602486;11.20433354;2.82475419
320;31.98546457;0.00000000;-0.41917789;20.00565638;1.05783981;2.09732463;2.19729444;-0.00941339;11.22950507;2.80954254
321;32.08541914;0.00000000;-0.47773838;20.08665712;1.00509122;2.14643218;2.19618438;-0.01279884;11.25448522;2.79444171
322;32.18537372;0.00000000;-0.53619858;20.16773728;0.95857939;2.19180566;2.19473877;-0.01611297;11.27927622;2.77945045
323;32.28532830;0.00000000;-0.59452439;20.24890628;0.91278216;2.24085776;2.19296332;-0.01941374;11.30388029;2.76456752
324;32.38528287;0.00000000;-0.65269600;20.33019335;0.87585559;2.27679832;2.19085243;-0.02284444;11.32829960;2.74979173
325;32.48523745;0.00000000;-0.71067824;20.41160798;0.84892959;2.31102620;2.18839626;-0.02630309;11.35253630;2.73512188
326;32.58519203;0.00000000;-0.76844969;20.49318010;0.80889946;2.34925502;2.18558460;-0.02999421;11.37659247;2.72055680
327;32.68514660;0.00000000;-0.82597269;20.57491990;0.77072117;2.37593898;2.18239961;-0.03373719;11.40047019;2.70609535
328;32.78510118;0.00000000;-0.88322378;20.65685896;0.73518502;2.40329071;2.17884170;-0.03744428;11.42417147;2.69173640
329;32.88505576;0.00000000;-0.94016342;20.73900541;0.70818255;2.43479276;2.17491412;-0.04114673;11.44769831;2.67747883
330;32.98501033;0.00000000;-0.99676902;20.82139159;0.69000736;2.47032493;2.17061633;-0.04484361;11.47105266;2.66332156
331;33.08496491;0.00000000;-1.05300040;20.90402423;0.67140356;2.50974379;2.16594941;-0.04854134;11.49423644;2.64926352
332;33.18491949;0.00000000;-1.10883483;20.98693553;0.65233383;2.54152438;2.16091459;-0.05218829;11.51725156;2.63530364
333;33.28487406;0.00000000;-1.16423128;21.07012986;0.63276912;2.52845780;2.15551637;-0.05583080;11.54009986;2.62144089
334;33.38482864;0.00000000;-1.21916748;21.15364008;0.61620373;2.51984805;2.14974140;-0.05976305;11.56278318;2.60767425
335;33.48478322;0.00000000;-1.27359825;21.23746836;0.60195887;2.51578174;2.14356848;-0.06375878;11.58530331;2.59400272
336;33.58473779;0.00000000;-1.32750024;21.32165077;0.60070315;2.51631943;2.13702055;-0.06715464;11.60766202;2.43085688
337;33.68469237;0.00000000;-1.38082959;21.40618302;0.61523223;2.52149252;2.13014428;-0.07044291;11.62857550;1.95169164
338;33.78464695;0.00000000;-1.43356994;21.49109732;0.60269656;2.53130431;2.12300336;-0.07218731;11.64533938;1.68613513
339;33.88460152;0.00000000;-1.48569031;21.57638022;0.59839927;2.53127143;2.11571573;-0.07363995;11.65980287;1.46301065
340;33.98455610;0.00000000;-1.53718738;21.66205083;0.59850127;2.51723559;2.10834332;-0.07364884;11.67233791;1.43913209
341;34.08451068;0.00000000;-1.58804918;21.74809271;0.61435243;2.50225690;2.10099505;-0.07338718;11.68465523;1.45255618
342;34.18446525;0.00000000;-1.63828086;21.83450931;0.64479521;2.48319041;2.09367559;-0.07305803;11.69707430;1.47515824
343;34.28441983;0.00000000;-1.68787894;21.92128831;0.68789487;2.46477111;2.08639020;-0.07271845;11.70967313;1.49903556
344;34.38437441;0.00000000;-1.73684608;22.00842762;0.70606288;2.45101474;2.07913635;-0.07243084;11.72246202;1.51560725
345;34.48432898;0.00000000;-1.78518019;22.09591756;0.72255349;2.43486435;2.07191046;-0.07215455;11.73537812;1.53054144
346;34.58428356;0.00000000;-1.83288285;22.18375529;0.75140561;2.40061283;2.06471186;-0.07188248;11.74840707;1.54483339
347;34.68423814;0.00000000;-1.87995248;22.27193221;0.78798987;2.37077398;2.05754042;-0.07161322;11.76154306;1.55868849
348;34.78419271;0.00000000;-1.92639024;22.36044479;0.82074258;2.34551437;2.05039521;-0.07135707;11.77478200;1.57068340
349;34.88414729;0.00000000;-1.97219515;22.44928563;0.82599476;2.32498254;2.04327541;-0.07110461;11.78810779;1.58214577
350;34.98410187;0.00000000;-2.01736777;22.53845029;0.84245569;2.30174152;2.03618109;-0.07084559;11.80151561;1.59450840
351;35.08405644;0.00000000;-2.06190771;22.62793231;0.86949054;2.27104344;2.02911264;-0.07058844;11.81501280;1.60659164
352;35.18401102;0.00000000;-2.10581531;22.71772656;0.90615459;2.24506470;2.02207010;-0.07032570;11.82859670;1.61943990
353;35.28396560;0.00000000;-2.14909058;22.80782713;0.94972206;2.22396954;2.01505380;-0.07006467;11.84227346;1.63202737
354;35.38392018;0.00000000;-2.19173378;22.89822852;0.99271650;2.20789638;2.00806377;-0.06979929;11.85604057;1.64521118
355;35.48387475;0.00000000;-2.23374532;22.98892540;1.03479276;2.16628627;2.00110019;-0.06953581;11.86990272;1.65810567
356;35.58382933;0.00000000;-2.27512535;23.07991179;1.07578262;2.12497529;1.99416323;-0.06926640;11.88385717;1.67182258
357;35.68378391;0.00000000;-2.31587463;23.17118291;1.11624978;2.08433227;1.98725312;-0.06899881;11.89791048;1.68526068
358;35.78373848;0.00000000;-2.35599326;23.26273237;1.15617600;2.04435574;1.98037000;-0.06872632;11.91205997;1.69937879
359;35.88369306;0.00000000;-2.39548231;23.35455590;1.19554717;2.00504323;1.97351401;-0.06845584;11.92631101;1.71319033
360;35.98364764;0.00000000;-2.43434185;23.44664677;1.22170048;1.96620029;1.96668526;-0.06818164;11.94066065;1.72751572
361;36.08360221;0.00000000;-2.47257322;23.53900112;1.22698019;1.92781267;1.95988378;-0.06790962;11.95511283;1.74151328
362;36.18355679;0.00000000;-2.51017647;23.63161199;1.23964998;1.89034615;1.95310966;-0.06763498;11.96966446;1.75587375
363;36.28351137;0.00000000;-2.54715315;23.72447590;1.25948918;1.85726779;1.94636283;-0.06736266;11.98431819;1.76988716
364;36.38346594;0.00000000;-2.58350334;23.81758567;1.28616739;1.82971130;1.93964335;-0.06708904;11.99907076;1.78408076
365;36.48342052;0.00000000;-2.61922875;23.91093817;1.31927172;1.80792718;1.93295103;-0.06681786;12.01392331;1.79791437
366;36.58337510;0.00000000;-2.65432946;24.00452608;1.35433644;1.79212475;1.92628591;-0.06654610;12.02887247;1.81183178
367;36.68332967;0.00000000;-2.68880733;24.09834656;1.38880880;1.78246073;1.91964776;-0.06627688;12.04391857;1.82538103
368;36.78328425;0.00000000;-2.72266247;24.19239217;1.42268376;1.77765737;1.91303654;-0.06600874;12.05905821;1.83877832
369;36.88323883;0.00000000;-2.75589683;24.28666037;1.45595878;1.74432847;1.90645192;-0.06574320;12.07428977;1.85180596
370;36.98319340;0.00000000;-2.78851056;24.38114364;1.48863024;1.71163816;1.89989389;-0.06547815;12.08960986;1.86477649
371;37.08314798;0.00000000;-2.82050567;24.47583966;1.52069684;1.67958346;1.89336214;-0.06521574;12.10501765;1.87737671
372;37.18310256;0.00000000;-2.85188237;24.57074089;1.55215600;1.64816312;1.88685656;-0.06495643;12.12050977;1.88954453
373;37.28305713;0.00000000;-2.88264268;24.66584520;1.58300729;1.61737416;1.88037667;-0.06469988;12.13608233;1.90133387
374;37.38301171;0.00000000;-2.91278686;24.76114503;1.61324893;1.58721536;1.87392245;-0.06444433;12.15173191;1.91300806
375;37.48296629;0.00000000;-2.94231700;24.85663853;1.64288115;1.55768371;1.86749358;-0.06419109;12.16745727;1.92437631
376;37.58292086;0.00000000;-2.97123341;24.95231811;1.67190279;1.52877800;1.86109016;-0.06393673;12.18325559;1.93594902
377;37.68287544;0.00000000;-2.99953817;25.04818193;1.70023221;1.50049526;1.85471193;-0.06368537;12.19912827;1.94711525
378;37.78283002;0.00000000;-3.02723175;25.14422269;1.72780958;1.47283417;1.84835882;-0.06343565;12.21507171;1.95808231
379;37.88278459;0.00000000;-3.05431616;25.24043831;1.75479431;1.44579190;1.84203048;-0.06318842;12.23108398;1.96872236
380;37.98273917;0.00000000;-3.08079204;25.33682175;1.78118496;1.41936701;1.83572906;-0.06289641;12.24716216;1.98613234
381;38.08269375;0.00000000;-3.10666183;25.43337114;1.80698221;1.39355624;1.82945685;-0.06260428;12.26336117;2.00355736
382;38.18264832;0.00000000;-3.13192663;25.53007917;1.83218552;1.36835778;1.82321465;-0.06229700;12.27968064;2.02326898
383;38.28260290;0.00000000;-3.15658908;25.62694395;1.85679616;1.34376821;1.81700300;-0.06199223;12.29613868;2.04258819
384;38.38255748;0.00000000;-3.18065052;25.72395850;1.88081418;1.31978553;1.81082087;-0.06170813;12.31273156;2.05876745
385;38.48251205;0.00000000;-3.20411338;25.82112070;1.88210244;1.29640658;1.80466690;-0.06142683;12.32943328;2.07454099
386;38.58246663;0.00000000;-3.22697897;25.91842396;1.87895222;1.27362945;1.79854105;-0.06114697;12.34624011;2.09012187
387;38.68242121;0.00000000;-3.24924970;26.01586640;1.88050507;1.25145101;1.79244299;-0.06086920;12.36315005;2.10541408
388;38.78237579;0.00000000;-3.27092689;26.11344129;1.88675206;1.22986941;1.78637260;-0.06059507;12.38016037;2.10894874
389;38.88233036;0.00000000;-3.29201297;26.21114694;1.89764946;1.20916876;1.78032940;-0.06032343;12.39717585;2.09851180
390;38.98228494;0.00000000;-3.31250928;26.30897671;1.91311981;1.19708785;1.77431319;-0.06005661;12.41408397;2.08813850
391;39.08223952;0.00000000;-3.33241820;26.40692899;1.93305575;1.19388585;1.76832347;-0.05979191;12.43088568;2.07782829
392;39.18219409;0.00000000;-3.35174111;26.50499725;1.95232576;1.19963142;1.76236010;-0.05953073;12.44758192;2.06758064
393;39.28214867;0.00000000;-3.37048038;26.60318004;1.97101778;1.21419493;1.75642266;-0.05927173;12.46417361;2.05739501
394;39.38210325;0.00000000;-3.38863741;26.70147084;1.98913252;1.21144936;1.75051099;-0.05901650;12.48066168;2.04727090
395;39.48205782;0.00000000;-3.40621453;26.79986832;2.00667189;1.19389342;1.74462465;-0.05876336;12.49704702;2.03720779
396;39.58201240;0.00000000;-3.42321317;26.89836605;2.02363677;1.17691709;1.73876352;-0.05851365;12.51333052;2.02720516
397;39.68196698;0.00000000;-3.43963566;26.99696283;2.04002912;1.16051770;1.73292717;-0.05826595;12.52951306;2.01726252
398;39.78192155;0.00000000;-3.45548344;27.09565226;2.05584996;1.14469357;1.72711549;-0.05802152;12.54559551;2.00737936
399;39.88187613;0.00000000;-3.47075880;27.19443327;2.07110130;1.12944209;1.72132807;-0.05777906;12.56157873;1.99755521
400;39.98183071;0.00000000;-3.48546322;27.29329952;2.08578428;1.11476160;1.71556480;-0.05753968;12.57746357;1.98778957
401;40.08178528;0.00000000;-3.49959898;27.39225003;2.09990094;1.10064956;1.70982529;-0.05730224;12.59325086;1.97808197
402;40.18173986;0.00000000;-3.51316757;27.49127857;2.11345251;1.08710434;1.70410945;-0.05706770;12.60894143;1.96843194
403;40.28169444;0.00000000;-3.52617124;27.59038421;2.12644106;1.07412345;1.69841688;-0.05683500;12.62453609;1.95883900
404;40.38164901;0.00000000;-3.53861153;27.68956080;2.13886789;1.06170528;1.69274752;-0.05660478;12.64003565;1.94930270
405;40.48160359;0.00000000;-3.55049064;27.78880752;2.15073510;1.04984742;1.68710100;-0.05637642;12.65544091;1.93982257
406;40.58155817;0.00000000;-3.56181015;27.88811829;2.16204405;1.03854824;1.68147724;-0.05615092;12.67075266;1.93039818
407;40.68151274;0.00000000;-3.57257224;27.98749232;2.17279684;1.02780541;1.67587586;-0.05592722;12.68597167;1.92102907
408;40.78146732;0.00000000;-3.58277851;28.08692366;2.18299490;1.01761731;1.67029682;-0.05570526;12.70109872;1.91171480
409;40.88142190;0.00000000;-3.59243112;28.18641161;2.19264033;1.00798166;1.66473982;-0.05548492;12.71613455;1.90245494
410;40.98137647;0.00000000;-3.60153171;28.28595028;2.20173463;0.99889685;1.65920490;-0.05526473;12.73107992;1.89324906
411;41.08133105;0.00000000;-3.61008242;28.38553894;2.21027989;0.99036064;1.65369183;-0.05504609;12.74593558;1.88409673
412;41.18128563;0.00000000;-3.61808498;28.48517195;2.21827772;0.98237136;1.64820121;-0.05481710;12.76070225;1.87499752
413;41.28124020;0.00000000;-3.62554159;28.58484846;2.22573030;0.97492673;1.64273333;-0.05458867;12.77538067;1.86595104
414;41.38119478;0.00000000;-3.63245418;28.68456298;2.23263945;0.96802492;1.63728980;-0.05433240;12.78997154;1.85695686
415;41.48114936;0.00000000;-3.63882523;28.78431480;2.23900761;0.96166341;1.63187174;-0.05407695;12.80447557;1.84801457
416;41.58110393;0.00000000;-3.64465695;28.88409840;2.24483693;0.95584007;1.62648002;-0.05380750;12.81889346;1.83912378
417;41.68105851;0.00000000;-3.64995199;28.98391310;2.25013002;0.95055226;1.62111507;-0.05353992;12.83322591;1.83028409
418;41.78101309;0.00000000;-3.65471273;29.08375357;2.25488919;0.94579771;1.61577680;-0.05327495;12.84747360;1.82149510
419;41.88096767;0.00000000;-3.65894179;29.18361907;2.25911705;0.94157379;1.61046487;-0.05301131;12.86163720;1.81275643
420;41.98092224;0.00000000;-3.66264160;29.28350442;2.26281595;0.93787823;1.60517943;-0.05274648;12.87571738;1.80406768
421;42.08087682;0.00000000;-3.66581478;29.38340910;2.26598849;0.93470839;1.59992033;-0.05248369;12.88971480;1.79542849
422;42.18083140;0.00000000;-3.66846376;29.48332777;2.26863706;0.93206201;1.59468673;-0.05223668;12.90363012;1.78683847
423;42.28078597;0.00000000;-3.67059102;29.58326027;2.27076412;0.92993659;1.58947769;-0.05199345;12.91746398;1.77829725
424;42.38074055;0.00000000;-3.67219883;29.68320105;2.27237187;0.92833007;1.58429072;-0.05179405;12.93121701;1.76980446
425;42.48069513;0.00000000;-3.67328924;29.78315031;2.27346235;0.92724037;1.57912354;-0.05159720;12.94488986;1.76135975
426;42.58064970;0.00000000;-3.67386411;29.88310229;2.27403738;0.92666582;1.57397489;-0.05142361;12.95848315;1.75296274
427;42.68060428;0.00000000;-3.67392522;29.98305756;2.27409873;0.92660462;1.56884345;-0.05125100;12.97199749;1.74461308
428;42.78055886;0.00000000;-3.67347430;30.08301012;2.27364805;0.92705526;1.56372945;-0.05107669;12.98543349;1.73631042
429;42.88051343;0.00000000;-3.67251308;30.18296085;2.27268708;0.92801597;1.55863271;-0.05090366;12.99879176;1.72805441
430;42.98046801;0.00000000;-3.67104334;30.28290359;2.27121754;0.92948518;1.55355328;-0.05073228;13.01207290;1.71984471
431;43.08042259;0.00000000;-3.66906678;30.38283943;2.26924113;0.93146115;1.54849082;-0.05056209;13.02527750;1.71168096
432;43.18037716;0.00000000;-3.66658523;30.48276214;2.26675961;0.93394228;1.54344545;-0.05039239;13.03840614;1.70356284
433;43.28033174;0.00000000;-3.66360035;30.58267298;2.26377465;0.93692685;1.53841688;-0.05022388;13.05145940;1.69549002
434;43.38028632;0.00000000;-3.66011401;30.68256566;2.26028804;0.94041321;1.53340522;-0.05005613;13.06443785;1.68746214
435;43.48024089;0.00000000;-3.65612784;30.78244158;2.25630144;0.94439968;1.52841017;-0.04988956;13.07734206;1.67947890
436;43.58019547;0.00000000;-3.65164376;30.88229444;2.25181668;0.94888456;1.52343182;-0.04972371;13.09017260;1.67153997
437;43.68015005;0.00000000;-3.64666336;30.98212573;2.24683537;0.95386621;1.51846990;-0.04955899;13.10293001;1.66364502
438;43.78010462;0.00000000;-3.64118861;31.08192916;2.24135939;0.92772748;1.51352452;-0.04939471;13.11561484;1.65579373
439;43.88005920;0.00000000;-3.63522105;31.18170633;2.23885049;0.90641583;1.50859541;-0.04923168;13.12822764;1.64798580
440;43.98001378;0.00000000;-3.62876269;31.28145093;2.24031036;0.89188469;1.50368258;-0.04907069;13.14076894;1.64022091
441;44.07996835;0.00000000;-3.62181504;31.38116466;2.24573290;0.88289579;1.49878569;-0.04891131;13.15323928;1.63249875
442;44.17992293;0.00000000;-3.61438013;31.48084122;2.25509075;0.88566134;1.49390451;-0.04875780;13.16563918;1.62481901
443;44.27987751;0.00000000;-3.60645936;31.58048238;2.26833688;0.89357880;1.48903852;-0.04860571;13.17796916;1.61718140
444;44.37983208;0.00000000;-3.59805477;31.68008186;2.28540432;0.90197988;1.48418762;-0.04845761;13.19022974;1.60958562
445;44.47978666;0.00000000;-3.58916768;31.77964150;2.28940153;0.91086330;1.47935136;-0.04831056;13.20242143;1.60203136
446;44.57974124;0.00000000;-3.57980012;31.87915502;2.28004104;0.92022705;1.47452989;-0.04816378;13.21454472;1.59451834
447;44.67969581;0.00000000;-3.56995339;31.97862434;2.27020221;0.93006993;1.46972294;-0.04801809;13.22660013;1.58704627
448;44.77965039;0.00000000;-3.55962958;32.07804321;2.25988727;0.94038989;1.46493062;-0.04787304;13.23858815;1.57961485
449;44.87960497;0.00000000;-3.54882993;32.17741358;2.24909751;0.95118578;1.46015265;-0.04772903;13.25050926;1.57222380
450;44.97955954;0.00000000;-3.53755657;32.27672928;2.23783519;0.96245553;1.45538914;-0.04758554;13.26236395;1.56487284
451;45.07951412;0.00000000;-3.52581071;32.37599224;2.22672993;0.97419804;1.45063983;-0.04744309;13.27415270;1.55756170
452;45.17946870;0.00000000;-3.51359451;32.47519639;2.21960053;0.95483438;1.44590482;-0.04730118;13.28587599;1.55029009
453;45.27942328;0.00000000;-3.50090916;32.57434366;2.21558574;0.93477404;1.44118385;-0.04716028;13.29753428;1.54305774
454;45.37937785;0.00000000;-3.48775684;32.67342805;2.21214096;0.92560790;1.43647704;-0.04701980;13.30912805;1.53586438
455;45.47933243;0.00000000;-3.47413872;32.77245150;2.21274006;0.92765738;1.43178413;-0.04688035;13.32065774;1.52870973
456;45.57928701;0.00000000;-3.46005702;32.87140811;2.21738112;0.94084770;1.42710522;-0.04674152;13.33212383;1.52159355
457;45.67924158;0.00000000;-3.44551285;32.97029978;2.22604031;0.95533290;1.42244004;-0.04660372;13.34352675;1.51451555
458;45.77919616;0.00000000;-3.43050847;33.06912072;2.23050893;0.97027801;1.41778869;-0.04646659;13.35486697;1.50747548
459;45.87915074;0.00000000;-3.41504498;33.16787278;2.21504628;0.98568235;1.41315090;-0.04633033;13.36614491;1.50047308
460;45.97910531;0.00000000;-3.39912465;33.26655032;2.19912755;0.96553266;1.40852686;-0.04619361;13.37736103;1.49350810
461;46.07905989;0.00000000;-3.38274856;33.36515514;2.18275396;0.95283028;1.40391635;-0.04605773;13.38851576;1.48658027
462;46.17901447;0.00000000;-3.36591901;33.46368171;2.16794869;0.95098600;1.39931953;-0.04592147;13.39960951;1.47968936
463;46.27896904;0.00000000;-3.34863708;33.56213178;2.15721951;0.95969207;1.39473619;-0.04578620;13.41064274;1.47283510
464;46.37892362;0.00000000;-3.33090509;33.66049997;2.15062940;0.96949330;1.39016643;-0.04565150;13.42161584;1.46601726
465;46.47887820;0.00000000;-3.31272411;33.75878796;2.14821769;0.98771518;1.38561000;-0.04551772;13.43252925;1.45923558
466;46.57883277;0.00000000;-3.29409645;33.85699051;2.14999992;1.00638742;1.38106702;-0.04538418;13.44338338;1.45248983
467;46.67878735;0.00000000;-3.27502318;33.95510922;2.15596703;1.02550912;1.37653726;-0.04525155;13.45417863;1.44577977
468;46.77874193;0.00000000;-3.25550664;34.05313901;2.15565315;1.04507826;1.37202082;-0.04511920;13.46491542;1.43910515
469;46.87869650;0.00000000;-3.23554786;34.15108142;2.13567323;1.06509394;1.36751749;-0.04498775;13.47559414;1.43246574
470;46.97865108;0.00000000;-3.21514920;34.24893148;2.11525401;1.08555416;1.36302735;-0.04485656;13.48621520;1.42586131
471;47.07860566;0.00000000;-3.19431168;34.34669068;2.09439681;1.08218893;1.35855022;-0.04472625;13.49677900;1.41929163
472;47.17856023;0.00000000;-3.17303767;34.44435420;2.07630990;1.07044393;1.35408617;-0.04459618;13.50728591;1.41275646
473;47.27851481;0.00000000;-3.15132819;34.54192343;2.06246986;1.06841035;1.34963500;-0.04446697;13.51773633;1.40625559
474;47.37846939;0.00000000;-3.12918560;34.63939372;2.05296460;1.07614210;1.34519681;-0.04433801;13.52813065;1.39978877
475;47.47842396;0.00000000;-3.10661092;34.73676639;2.04785564;1.09343084;1.34077139;-0.04420989;13.53846925;1.39335580
476;47.57837854;0.00000000;-3.08360651;34.83403692;2.04565693;1.11646061;1.33635885;-0.04408199;13.54875249;1.38695645
477;47.67833312;0.00000000;-3.06017340;34.93120653;2.04483566;1.10484744;1.33195897;-0.04395492;13.55898077;1.38059049
478;47.77828769;0.00000000;-3.03631393;35.02827090;2.04127610;1.09900174;1.32757185;-0.04382806;13.56915444;1.37425772
479;47.87824227;0.00000000;-3.01202914;35.12523114;2.02619835;1.10266311;1.32319731;-0.04370202;13.57927387;1.36795791
480;47.97819685;0.00000000;-2.98732138;35.22208308;2.01553450;1.11573658;1.31883542;-0.04357617;13.58933943;1.36169086
481;48.07815142;0.00000000;-2.96219166;35.31882775;2.00935599;1.13789665;1.31448601;-0.04345113;13.59935148;1.35545635
482;48.17810600;0.00000000;-2.93664234;35.41546113;2.00770577;1.16340828;1.31014914;-0.04332628;13.60931037;1.34925417
483;48.27806058;0.00000000;-2.91067444;35.51198416;2.01059621;1.18934866;1.30582466;-0.04320222;13.61921646;1.34308411
484;48.37801515;0.00000000;-2.88429030;35.60839299;1.98461170;1.21571576;1.30151262;-0.04307832;13.62907010;1.33694597
485;48.47796973;0.00000000;-2.85749096;35.70468846;1.95842881;1.22566724;1.29721288;-0.04295520;13.63887164;1.33083954
486;48.57792431;0.00000000;-2.83027873;35.80086686;1.93663481;1.22442979;1.29292548;-0.04283229;13.64862141;1.32476462
487;48.67787889;0.00000000;-2.80265467;35.89692896;1.91938033;1.22650397;1.28865028;-0.04271012;13.65831978;1.31872101
488;48.77783346;0.00000000;-2.77462108;35.99287121;1.90679051;1.23710222;1.28438734;-0.04258802;13.66796706;1.31270850
489;48.87778804;0.00000000;-2.74617902;36.08869427;1.89895933;1.25600764;1.28013652;-0.04246667;13.67756360;1.30672691
490;48.97774262;0.00000000;-2.71733078;36.18439476;1.89594727;1.28285112;1.27589786;-0.04234560;13.68710972;1.30077603
491;49.07769719;0.00000000;-2.68807743;36.27997324;1.88967517;1.28969813;1.27167122;-0.04222532;13.69660577;1.29485568
492;49.17765177;0.00000000;-2.65842124;36.37542647;1.86145963;1.28879248;1.26745662;-0.04210539;13.70605206;1.28896565
493;49.27760635;0.00000000;-2.62836330;36.47075494;1.83774003;1.29603877;1.26325394;-0.04198583;13.71544892;1.28310576
494;49.37756092;0.00000000;-2.59790585;36.56595557;1.81879665;1.31130043;1.25906335;-0.04186445;13.72479668;1.27727581
495;49.47751550;0.00000000;-2.56705001;36.66102875;1.80478109;1.33430129;1.25488482;-0.04174471;13.73409563;1.27147563
496;49.57747008;0.00000000;-2.53579801;36.75597154;1.79581041;1.36464819;1.25071796;-0.04163075;13.74334612;1.26570502
497;49.67742465;0.00000000;-2.50415094;36.85078424;1.79196153;1.38063800;1.24656243;-0.04151760;13.75254844;1.25996380
498;49.77737923;0.00000000;-2.47211096;36.94546401;1.78173970;1.38485593;1.24241818;-0.04140551;13.76170290;1.25425178
499;49.87733381;0.00000000;-2.43967912;37.04001118;1.76199338;1.39664408;1.23828514;-0.04128351;13.77080983;1.24856879
500;49.97728838;0.00000000;-2.40685773;37.13442302;1.74733963;1.41450148;1.23416801;-0.04109697;13.77986950;1.24291464
501;50.07724296;0.00000000;-2.37364857;37.22869990;1.73790909;1.42066335;1.23006951;-0.04090086;13.78888225;1.23728915
502;50.17719754;0.00000000;-2.34005453;37.32283969;1.73378933;1.42181457;1.22599434;-0.04063981;13.79784835;1.23169216
503;50.27715211;0.00000000;-2.30607821;37.41684265;1.70890035;1.43037201;1.22194520;-0.04038151;13.80676811;1.22612347
504;50.37710669;0.00000000;-2.27172290;37.51070724;1.68271633;1.44620146;1.21792118;-0.04013584;13.81564182;1.22058292
505;50.47706127;0.00000000;-2.23699112;37.60443375;1.66120003;1.46906539;1.21392167;-0.03989002;13.82446977;1.21507034
506;50.57701584;0.00000000;-2.20188611;37.69802051;1.63997574;1.48719524;1.20994692;-0.03964136;13.83325227;1.20958555
507;50.67697042;0.00000000;-2.16641034;37.79146801;1.62424142;1.49259665;1.20599698;-0.03939264;13.84198958;1.20412838
508;50.77692500;0.00000000;-2.13056713;37.88477452;1.61416055;1.50502213;1.20207216;-0.03913983;13.85068200;1.19869867
509;50.87687957;0.00000000;-2.09435893;37.97794067;1.60984189;1.52429744;1.19817256;-0.03888726;13.85932980;1.19329625
510;50.97683415;0.00000000;-2.05778912;38.07096474;1.60683458;1.55016411;1.19429830;-0.03863349;13.86793328;1.18792094
511;51.07678873;0.00000000;-2.02086009;38.16384759;1.59688401;1.55835401;1.19044936;-0.03837964;13.87649270;1.18257259
512;51.17674330;0.00000000;-1.98357532;38.25658735;1.58821689;1.56772919;1.18662598;-0.03812298;13.88500835;1.17725103
513;51.27669788;0.00000000;-1.94593711;38.34918514;1.56066908;1.58374527;1.18282821;-0.03786704;13.89348049;1.17195611
514;51.37665246;0.00000000;-1.90794905;38.44163892;1.53875974;1.59762031;1.17905593;-0.03761324;13.90190939;-5.14830943
515;51.47660703;0.00000000;-1.86961325;38.53395023;1.52273467;1.60353932;1.17530898;-0.03735899;13.86484369;-5.56089781
516;51.57656161;0.00000000;-1.83093345;38.62611673;1.51009679;1.61600107;1.17158769;-0.03710113;13.82469588;-5.64741471
517;51.67651619;0.00000000;-1.79191166;38.71814022;1.50020388;1.62833029;1.16789212;-0.03684150;13.78380377;-5.73425294
518;51.77647076;0.00000000;-1.75255176;38.81001827;1.48662091;1.63664090;1.16422335;-0.03656770;13.74215837;-5.82378883
519;51.87642534;0.00000000;-1.71285584;38.90175292;1.47063557;1.65133202;1.16058175;-0.03631346;13.69973314;-5.90972091
520;51.97637992;0.00000000;-1.67282770;38.99334141;1.46096541;1.67045575;1.15695913;-0.03617263;13.65654717;-5.97435326
521;52.07633450;0.00000000;-1.63246791;39.08478632;1.45773746;1.69194038;1.15335033;-0.03605971;13.61274964;-6.03406420
522;52.17628907;0.00000000;-1.59177944;39.17608317;1.46099551;1.70078622;1.14974331;-0.03611453;13.56837087;-6.06279758
523;52.27624365;0.00000000;-1.55076068;39.26723477;1.47069626;1.70213095;1.14613073;-0.03616415;13.52363410;-6.09276674
524;52.37619823;0.00000000;-1.50941372;39.35823534;1.48671256;1.68224649;1.14251520;-0.03618019;13.47852661;-6.12919009
525;52.47615280;0.00000000;-1.46773698;39.44908789;1.50884363;1.66848315;1.13889796;-0.03619611;13.43299663;-6.16590572
526;52.57610738;0.00000000;-1.42573282;39.53978689;1.50149332;1.66099407;1.13527942;-0.03620858;13.38703766;-6.20352160
527;52.67606196;0.00000000;-1.38339964;39.63033549;1.49299844;1.65986405;1.13165953;-0.03622214;13.34063854;-6.24122195
528;52.77601653;0.00000000;-1.34073996;39.72072797;1.49080837;1.66510625;1.12803804;-0.03624152;13.29379401;-6.27816415
529;52.87597111;0.00000000;-1.29775200;39.81096765;1.49495057;1.66581429;1.12441450;-0.03626035;13.24650508;-6.31548637
530;52.97592569;0.00000000;-1.25443839;39.90104860;1.50470650;1.65819271;1.12078952;-0.03627334;13.19876408;-6.35411926
531;53.07588026;0.00000000;-1.21079733;39.99097425;1.51516219;1.62560022;1.11716312;-0.03628656;13.15055613;-6.39299662
532;53.17583484;0.00000000;-1.16683154;40.08073867;1.53172566;1.59362274;1.11353553;-0.03629924;13.10187422;-6.43225231
533;53.27578942;0.00000000;-1.12253918;40.17034537;1.55420219;1.56772970;1.10990656;-0.03631190;13.05271014;-6.47179638
534;53.37574399;0.00000000;-1.07792307;40.25978833;1.58233824;1.54822825;1.10627656;-0.03632208;13.00305620;-6.51205016
535;53.47569857;0.00000000;-1.03298133;40.34907110;1.61373316;1.53536130;1.10264543;-0.03633232;12.95290130;-6.55257946
536;53.57565315;0.00000000;-0.98771685;40.43818772;1.64479478;1.52929726;1.09901349;-0.03634054;12.90223746;-6.59373904
537;53.67560772;0.00000000;-0.94212776;40.52714168;1.67552255;1.53011686;1.09538061;-0.03634864;12.85105376;-6.63520076
538;53.77556230;0.00000000;-0.89621699;40.61592710;1.70591301;1.49582457;1.09174721;-0.03635341;12.79934160;-6.67750611
539;53.87551688;0.00000000;-0.84998270;40.70454739;1.73596587;1.45675528;1.08811320;-0.03636015;12.74708793;-6.71978655
540;53.97547145;0.00000000;-0.80342782;40.79299681;1.76567803;1.42006402;1.08447809;-0.03637616;12.69428627;-6.76085769
541;54.07542603;0.00000000;-0.75655046;40.88127860;1.79504930;1.38746554;1.08084124;-0.03639444;12.64093931;-6.80188627
542;54.17538061;0.00000000;-0.70935342;40.96938710;1.82407679;1.36179597;1.07720204;-0.03642371;12.58704045;-6.84147659
543;54.27533518;0.00000000;-0.66183477;41.05732531;1.85264132;1.34345188;1.07355979;-0.03645322;12.53259404;-6.88136623
544;54.37528976;0.00000000;-0.61399714;41.14508773;1.88076463;1.33273723;1.06991478;-0.03648087;12.47759053;-6.92188823
545;54.47524434;0.00000000;-0.56583870;41.23267713;1.90855279;1.29995692;1.06626691;-0.03650882;12.42201741;-6.96270271
546;54.57519891;0.00000000;-0.51736203;41.32008827;1.93600251;1.25694716;1.06261640;-0.03653541;12.36586465;-7.00407024
547;54.67515349;0.00000000;-0.46856542;41.40732368;1.96311326;1.22096951;1.05896312;-0.03656245;12.30911982;-7.04571337
548;54.77510807;0.00000000;-0.41945135;41.49437837;1.98988212;1.19266287;1.05530726;-0.03658889;12.25177245;-7.08779638
549;54.87506264;0.00000000;-0.37001824;41.58125458;2.01630862;1.16611060;1.05164865;-0.03661572;12.19381043;-7.13016937
550;54.97501722;0.00000000;-0.32026845;41.66794765;2.04239016;1.13849228;1.04798749;-0.03664145;12.13522257;-7.17305892
551;55.07497180;0.00000000;-0.27020058;41.75445949;2.06812631;1.08430488;1.04432366;-0.03666761;12.07599547;-7.21623959
552;55.17492637;0.00000000;-0.21981683;41.84078577;2.09660825;1.03727407;1.04065734;-0.03669281;12.01611727;-7.25991884
553;55.27488095;0.00000000;-0.16911599;41.92692808;2.12906220;0.99841096;1.03698841;-0.03671846;11.95557401;-7.30389149
554;55.37483553;0.00000000;-0.11810011;42.01288242;2.16530792;0.96870115;1.03331703;-0.03674319;11.89435308;-7.34835898
555;55.47479011;0.00000000;-0.06676817;42.09865003;2.20515876;0.94370985;1.02964309;-0.03676839;11.83243977;-7.39312363
556;55.57474468;0.00000000;-0.01512203;42.18422730;2.24842127;0.92421588;1.02596673;-0.03679272;11.76982064;-7.43837945
557;55.67469926;0.00000000;0.03683909;42.26961507;2.28610407;0.91565052;1.02228786;-0.03681755;11.70648016;-7.48393638
558;55.77465384;0.00000000;0.08911352;42.35481012;2.30934767;0.90560165;1.01860660;-0.03684154;11.64240398;-7.52998169
559;55.87460841;0.00000000;0.14170184;42.43981292;2.33223815;0.86447313;1.01492288;-0.03686603;11.57757566;-7.57633387
560;55.97456299;0.00000000;0.19460259;42.52462064;2.35477410;0.82953958;1.01123678;-0.03688969;11.51197983;-7.62317733
561;56.07451757;0.00000000;0.24781607;42.60923333;2.37695492;0.80593038;1.00754826;-0.03691386;11.44559901;-7.67033352
562;56.17447214;0.00000000;0.30134105;42.69364860;2.39877939;0.78400192;1.00385741;-0.03693714;11.37841671;-7.71799229
563;56.27442672;0.00000000;0.35517760;42.77786608;2.42288995;0.76243938;1.00016417;-0.03696092;11.31041421;-7.76597245
564;56.37438130;0.00000000;0.40932472;42.86188380;2.44475747;0.74124324;0.99646862;-0.03698383;11.24157376;-7.81445404
565;56.47433587;0.00000000;0.46378218;42.94570097;2.46229188;0.72041373;0.99277073;-0.03700722;11.17187539;-7.86326703
566;56.57429045;0.00000000;0.51854924;43.02931601;2.48271629;0.69995123;0.98907061;-0.03702901;11.10129995;-7.91267660
567;56.67424503;0.00000000;0.57362542;43.11272781;2.50277868;0.67985603;0.98536827;-0.03705149;11.02982521;-7.96239778
568;56.77419960;0.00000000;0.62901022;43.19593519;2.50358730;0.66012843;0.98166362;-0.03707532;10.95743072;-8.01235624
569;56.87415418;0.00000000;0.68470283;43.27893650;2.50458722;0.64076884;0.97795655;-0.03709825;10.88409595;-8.06281886
570;56.97410876;0.00000000;0.74070314;43.36173120;2.50920128;0.62177740;0.97424795;-0.03710736;10.80979710;-8.11533306
571;57.07406333;0.00000000;0.79700955;43.44431674;2.51740933;0.60315459;0.97053831;-0.03713814;10.73449505;-8.16583386
572;57.17401791;0.00000000;0.85362230;43.52669258;2.52917578;0.59576992;0.96681662;-0.03732936;10.65818742;-8.19856003
573;57.27397249;0.00000000;0.91054247;43.60885724;2.54444958;0.60540418;0.96307491;-0.03770611;10.58102036;-8.05748752
574;57.37392706;0.00000000;0.96777223;43.69080380;2.56193719;0.62108958;0.95921172;-0.03959408;10.50462880;-7.90151321
575;57.47388164;0.00000000;1.02532824;43.77252660;2.56757661;0.60427546;0.95515940;-0.04154696;10.42917262;-7.69119750
576;57.57383622;0.00000000;1.08322138;43.85400597;2.55600018;0.60223911;0.95088167;-0.04404860;10.35519680;-7.48975474
577;57.67379079;0.00000000;1.14147511;43.93523301;2.54062981;0.61704633;0.94635374;-0.04652283;10.28264704;-7.32020445
578;57.77374537;0.00000000;1.20010337;44.01618531;2.52504867;0.64153965;0.94159247;-0.04874758;10.21124156;-7.15814591
579;57.87369995;0.00000000;1.25912743;44.09685380;2.51286398;0.64480232;0.93660879;-0.05094796;10.14093070;-7.02205149
580;57.97365452;0.00000000;1.31855924;44.17721803;2.50410482;0.66377716;0.93141679;-0.05294123;10.07147968;-6.89003190
581;58.07360910;0.00000000;1.37841763;44.25726953;2.49878663;0.67853989;0.92602527;-0.05493624;10.00286572;-6.76202148
582;58.17356368;0.00000000;1.43871291;44.33698876;2.49309973;0.70011957;0.92043447;-0.05693255;9.93506581;-6.63747334
583;58.27351825;0.00000000;1.49946228;44.41636543;2.44890852;0.73529875;0.91464378;-0.05893465;9.86806166;-6.51495193
584;58.37347283;0.00000000;1.56067719;44.49538152;2.40619724;0.75469497;0.90865200;-0.06095641;9.80184893;-6.39595779
585;58.47342741;0.00000000;1.62237296;44.57402391;2.36540703;0.75543102;0.90245791;-0.06298168;9.73640754;-6.28032514
586;58.57338198;0.00000000;1.68456239;44.65227608;2.32493846;0.76988140;0.89606120;-0.06501127;9.67171843;-6.16788512
587;58.67333656;0.00000000;1.74725882;44.73012226;2.28751577;0.79731923;0.88946138;-0.06704610;9.60776356;-6.05836307
588;58.77329114;0.00000000;1.81047620;44.80754733;2.25327263;0.83648506;0.88265773;-0.06908831;9.54452715;-5.95181366
589;58.87324572;0.00000000;1.87422557;44.88453258;2.22233902;0.88583906;0.87564978;-0.07113654;9.48199222;-5.84815352
590;58.97320029;0.00000000;1.93852239;44.96106457;2.19483523;0.94380036;0.86843662;-0.07319095;9.42014209;-5.74725995
591;59.07315487;0.00000000;2.00337518;45.03712156;2.16873307;0.98684959;0.86101801;-0.07525217;9.35896079;-5.64906060
592;59.17310945;0.00000000;2.06880095;45.11269172;2.14011745;1.00118207;0.85339272;-0.07732034;9.29843257;-5.55341322
593;59.27306402;0.00000000;2.13480551;45.18775025;2.11508977;1.02584383;0.84556069;-0.07939643;9.23854264;-5.46036532
594;59.37301860;0.00000000;2.20140751;45.26228689;2.07971478;1.06013464;0.83752037;-0.08147923;9.17927519;-5.36967796
595;59.47297318;0.00000000;2.26860989;45.33627375;2.03674975;1.10316914;0.82927193;-0.08357096;9.12061650;-5.28145192
596;59.57292775;0.00000000;2.33643298;45.40970210;1.99708747;1.15399019;0.82081348;-0.08566982;9.06255122;-5.19539925
597;59.67288233;0.00000000;2.40487671;45.48254097;1.96091783;1.19383367;0.81214541;-0.08777874;9.00506673;-5.11167941
598;59.77283691;0.00000000;2.47396311;45.55478304;1.92841363;1.21694209;0.80326540;-0.08989526;8.94814815;-5.02995664
599;59.87279148;0.00000000;2.54368898;45.62639436;1.89975139;1.24849290;0.79417414;-0.09202301;8.89178390;-4.95043081
600;59.97274606;0.00000000;2.61407804;45.69736883;1.86578422;1.28788881;0.78486884;-0.09415905;8.83595974;-4.87273441
601;60.07270064;0.00000000;2.68512387;45.76766967;1.81728227;1.33444223;0.77535046;-0.09630757;8.78066514;-4.79709556
602;60.17265521;0.00000000;2.75685182;45.83729176;1.77221630;1.38745722;0.76561574;-0.09846526;8.72588660;-4.72312337
603;60.27260979;0.00000000;2.82925221;45.90619567;1.72366975;1.44622328;0.75566588;-0.10063680;8.67161469;-4.65102142
604;60.37256437;0.00000000;2.90235190;45.97437701;1.67169462;1.50368624;0.74549712;-0.10281916;8.61783730;-4.58043744
605;60.47251894;0.00000000;2.97613797;46.04179392;1.62330671;1.55242891;0.73511088;-0.10501670;8.56454601;-4.51160812
606;60.57247352;0.00000000;3.05063864;46.10844244;1.57880671;1.59018693;0.72450290;-0.10722594;8.51172935;-4.44413188
607;60.67242810;0.00000000;3.12583776;46.17427851;1.53853058;1.60750809;0.71367487;-0.10945206;8.45938023;-4.37801616
608;60.77238267;0.00000000;3.20176469;46.23929828;1.50278870;1.62945778;0.70262181;-0.11169473;8.40749121;-4.31313588
609;60.87233725;0.00000000;3.27840020;46.30345577;1.47190622;1.65495818;0.69134547;-0.11395549;8.35605607;-4.24966032
610;60.97229183;0.00000000;3.35577452;46.36674685;1.42321744;1.68708214;0.67984052;-0.11623173;8.30506635;-4.18722826
611;61.07224640;0.00000000;3.43386541;46.42912395;1.37256055;1.72546581;0.66810902;-0.11852842;8.25451766;-4.12556862
612;61.17220098;0.00000000;3.51270364;46.49058226;1.32642847;1.76973015;0.65614468;-0.12084934;8.20440874;-4.06481213
613;61.27215556;0.00000000;3.59226431;46.55107299;1.28531092;1.81100975;0.64394944;-0.12319245;8.15473664;-4.00395224
614;61.37211013;0.00000000;3.67257824;46.61059013;1.24967170;1.85710505;0.63151591;-0.12557257;8.10551066;-3.94402363
615;61.47206471;0.00000000;3.75361814;46.66908389;1.21998703;1.90838635;0.61884556;-0.12797414;8.05672741;-3.88636386
616;61.57201929;0.00000000;3.83541450;46.72654674;1.19667029;1.93922102;0.60593292;-0.13037664;8.00836668;-3.82861880
617;61.67197386;0.00000000;3.91793759;46.78292842;1.17765433;1.97505261;0.59278120;-0.13281592;7.96043723;-3.76403811
618;61.77192844;0.00000000;4.00121707;46.83821948;1.14683198;2.01641540;0.57937567;-0.13539690;7.91303325;-3.69902628
619;61.87188302;0.00000000;4.08522207;46.89236869;1.10383196;2.04572336;0.56571320;-0.13801946;7.86616972;-3.62519695
620;61.97183760;0.00000000;4.16998112;46.94536301;1.06322542;2.06815203;0.55177679;-0.14081662;7.81996905;-3.55178924
621;62.07179217;0.00000000;4.25546287;46.99715014;1.02513706;2.09194564;0.53756174;-0.14363995;7.77443765;-3.47978982
622;62.17174675;0.00000000;4.34169396;47.04771325;0.99426995;2.11713645;0.52306178;-0.14647247;7.72956913;-3.40773477
623;62.27170133;0.00000000;4.42864150;47.09700024;0.97130240;2.14373916;0.50827945;-0.14933718;7.68537583;-3.33580826
624;62.37165590;0.00000000;4.51632950;47.14499181;0.95677213;2.17178633;0.49320704;-0.15223000;7.64186777;-3.26330329
625;62.47161048;0.00000000;4.60472309;47.19163595;0.95104516;2.20129194;0.47784604;-0.15516168;7.59906434;-3.18943362
626;62.57156506;0.00000000;4.69384358;47.23691075;0.94516098;2.23228903;0.46218698;-0.15814436;7.55699555;-3.11490440
627;62.67151963;0.00000000;4.78365468;47.28076439;0.91720534;2.26479132;0.44623029;-0.16116458;7.51568253;-3.03922559
628;62.77147421;0.00000000;4.87417425;47.32317200;0.88323512;2.29883219;0.42996720;-0.16422927;7.47515317;-2.96209622
629;62.87142879;0.00000000;4.96536424;47.36408195;0.84778914;2.31564525;0.41339775;-0.16734198;7.43543978;-2.88312108
630;62.97138336;0.00000000;5.05723908;47.40346662;0.81405431;2.33445091;0.39651216;-0.17050774;7.39658046;-2.80239509
631;63.07133794;0.00000000;5.14975842;47.44127432;0.78990971;2.35899127;0.37931003;-0.17372261;7.35861251;-2.71968110
632;63.17129252;0.00000000;5.24293337;47.47747489;0.77621879;2.36967391;0.36178174;-0.17698838;7.32157694;-2.63427301
633;63.27124709;0.00000000;5.33672125;47.51201675;0.77351225;2.37794451;0.34392653;-0.18031507;7.28552493;-2.54444172
634;63.37120167;0.00000000;5.43112907;47.54486704;0.75583263;2.37348082;0.32573184;-0.18373114;7.25053215;-2.45196557
635;63.47115625;0.00000000;5.52611177;47.57597398;0.73925550;2.37505733;0.30719495;-0.18719967;7.21665061;-2.35831500
636;63.57111082;0.00000000;5.62167220;47.60530208;0.71761768;2.38269638;0.28830851;-0.19068907;7.18391239;-2.25941198
637;63.67106540;0.00000000;5.71776175;47.63279992;0.69883730;2.39636983;0.26907184;-0.19427190;7.15240660;-2.15135388
638;63.77101998;0.00000000;5.81437890;47.65842976;0.69214194;2.41600870;0.24946580;-0.19801641;7.12227806;-2.04054408
639;63.87097455;0.00000000;5.91147325;47.68213962;0.69784677;2.43545321;0.22948467;-0.20179249;7.09358311;-1.93053944
640;63.97092913;0.00000000;6.00903736;47.70388898;0.68966931;2.44449368;0.20912773;-0.20552531;7.06632782;-1.81162677
641;64.07088371;0.00000000;6.10701616;47.72362719;0.66648101;2.45959469;0.18839431;-0.20939747;7.04065537;-1.67952552
642;64.17083828;0.00000000;6.20539732;47.74131223;0.65572947;2.48068033;0.16725951;-0.21348214;7.01677102;-1.54009542
643;64.27079286;0.00000000;6.30412286;47.75689237;0.65799122;2.50762502;0.14571471;-0.21765091;6.99479781;-1.38962764
644;64.37074744;0.00000000;6.40317454;47.77032250;0.67145000;2.52968346;0.12374388;-0.22196458;6.97491198;-1.22813162
645;64.47070201;0.00000000;6.50248999;47.78155067;0.65341738;2.51845411;0.10133744;-0.22640725;6.95728987;-1.05456929
646;64.57065659;0.00000000;6.60204402;47.79052938;0.62295386;2.50947474;0.07847820;-0.23098214;6.94212246;-0.87427717
647;64.67061117;0.00000000;6.70176752;47.79720658;0.60529686;2.50279720;0.05515937;-0.23556345;6.92952295;-0.69695489
648;64.77056574;0.00000000;6.80163069;47.80153472;0.60153514;2.49846893;0.03139487;-0.23994124;6.91946245;-0.53217336
649;64.87052032;0.00000000;6.90156072;47.80346660;0.60346701;2.49653701;0.00719623;-0.24391626;6.91177071;-0.41500588
650;64.97047490;0.00000000;7.00151815;47.80296264;0.60296309;2.49704098;-0.01732759;-0.24679074;6.90576649;-0.29784272
651;65.07042947;0.00000000;7.10141736;47.79999368;0.59999407;2.50000986;-0.04214160;-0.24955427;6.90145415;-0.21377270
652;65.17038405;0.00000000;7.20121923;47.79453437;0.59464007;2.50546895;-0.06718566;-0.25154155;6.89835736;-0.18382262
653;65.27033863;0.00000000;7.30084279;47.78656893;0.59525947;2.51343394;-0.09240330;-0.25236282;6.89569332;-0.18382262
654;65.37029321;0.00000000;7.40023797;47.77609476;0.60996610;2.52390747;-0.11755663;-0.25096925;6.89302826;-0.10819296
655;65.47024778;0.00000000;7.49935036;47.76312958;0.63779314;2.53687191;-0.14255053;-0.24818821;6.89145919;0.02939660
656;65.57020236;0.00000000;7.59810381;47.74771269;0.64892325;2.52437808;-0.16709134;-0.24291439;6.89188555;0.27841152
657;65.67015694;0.00000000;7.69646348;47.72990072;0.63104844;2.50720189;-0.19112542;-0.23808530;6.89592223;0.49431773
658;65.77011151;0.00000000;7.79436217;47.70975484;0.61081693;2.49628462;-0.21470045;-0.23365815;6.90308352;0.68137386
659;65.87006609;0.00000000;7.89176698;47.68732738;0.60229093;2.49166837;-0.23783877;-0.22930885;6.91294257;0.85686754
660;65.97002067;0.00000000;7.98862913;47.66267420;0.60797442;2.49334752;-0.26054266;-0.22500354;6.92532098;1.02340888
661;66.06997524;0.00000000;8.08491684;47.63584763;0.62640797;2.50126605;-0.28282458;-0.22089375;6.94007633;1.17453109
662;66.16992982;0.00000000;8.18058531;47.60690265;0.64133194;2.51532003;-0.30470930;-0.21702679;6.95697197;1.30891635
663;66.26988440;0.00000000;8.27560686;47.57588810;0.64419652;2.53536389;-0.32621379;-0.21323563;6.97575253;1.43559877
664;66.36983897;0.00000000;8.36994273;47.54285650;0.64981197;2.52759519;-0.34733823;-0.20946597;6.99629278;1.55781097
665;66.46979355;0.00000000;8.46356795;47.50785649;0.63639828;2.51933572;-0.36809195;-0.20582607;7.01851361;1.67067458
666;66.56974813;0.00000000;8.55645170;47.47093842;0.63649013;2.51708085;-0.38848805;-0.20229800;7.04226643;1.77561074
667;66.66970270;0.00000000;8.64857190;47.43214901;0.65011631;2.50629326;-0.40853534;-0.19883197;7.06742367;1.87555351
668;66.76965728;0.00000000;8.73990182;47.39153703;0.65211196;2.49756646;-0.42823881;-0.19543402;7.09390003;1.97055041
669;66.86961186;0.00000000;8.83042245;47.34914807;0.64978968;2.49477227;-0.44760815;-0.19215043;7.12161138;2.05857501
670;66.96956643;0.00000000;8.92011089;47.30502908;0.66082675;2.47328492;-0.46665439;-0.18896074;7.15044591;2.14099388
671;67.06952101;0.00000000;9.00895084;47.25922361;0.68460388;2.45588752;-0.48538573;-0.18585343;7.18031204;2.21866658
672;67.16947559;0.00000000;9.09692410;47.21177597;0.71326224;2.44430650;-0.50381064;-0.18282415;7.21113117;2.29204380
673;67.26943016;0.00000000;9.18401614;47.16272837;0.72438102;2.43859835;-0.52193617;-0.17986025;7.24283185;2.36198468
674;67.36938474;0.00000000;9.27021207;47.11212317;0.71755174;2.43470867;-0.53976819;-0.17695249;7.27535536;2.42914212
675;67.46933932;0.00000000;9.35549967;47.06000125;0.72282595;2.42527492;-0.55731246;-0.17409835;7.30865264;2.49379365
676;67.56929389;0.00000000;9.43986740;47.00640307;0.73997104;2.42167524;-0.57457361;-0.17129044;7.34267904;2.55646092
677;67.66924847;0.00000000;9.52330503;46.95136835;0.76001452;2.42214068;-0.59155686;-0.16853793;7.37739761;2.61675373
678;67.76920305;0.00000000;9.60580402;46.89493566;0.77841777;2.40369722;-0.60826749;-0.16583400;7.41276659;2.67514564
679;67.86915762;0.00000000;9.68735566;46.83714370;0.80265272;2.38688761;-0.62471018;-0.16317760;7.44875121;2.73178005
680;67.96911220;0.00000000;9.76795460;46.77802880;0.83668890;2.37168935;-0.64088933;-0.16055791;7.48531913;2.78733755
681;68.06906678;0.00000000;9.84759377;46.71762858;0.86925046;2.33313981;-0.65680820;-0.15796755;7.52244752;2.84229926
682;68.16902135;0.00000000;9.92627037;46.65597765;0.90740569;2.29252434;-0.67246964;-0.15540874;7.56012026;2.89659509
683;68.26897593;0.00000000;10.00397900;46.59311269;0.92714355;2.25706888;-0.68787739;-0.15289456;7.59832049;2.94952099
684;68.36893051;0.00000000;10.08071877;46.52906673;0.95553067;2.22700370;-0.70303594;-0.15041821;7.63702236;3.00152053
685;68.46888508;0.00000000;10.15648532;46.46387559;0.99183992;2.20253357;-0.71795075;-0.14805819;7.67620622;3.04800727
686;68.56883966;0.00000000;10.23128043;46.39756891;1.02449438;2.16146888;-0.73263618;-0.14578544;7.71579331;3.09074090
687;68.66879424;0.00000000;10.30509978;46.33018084;1.04957336;2.11209265;-0.74709659;-0.14358325;7.75572910;3.13074107
688;68.76874882;0.00000000;10.37794643;46.26173836;1.08199805;2.06766738;-0.76134165;-0.14144974;7.79597317;3.16812678
689;68.86870339;0.00000000;10.44981655;46.19227433;1.10740566;2.02851032;-0.77537450;-0.13933593;7.83648743;3.20590320
690;68.96865797;0.00000000;10.52071390;46.12181449;1.12126957;1.99491791;-0.78919694;-0.13723987;7.87727266;3.24419002
691;69.06861255;0.00000000;10.59063608;46.05039071;1.14218110;1.96322016;-0.80281139;-0.13518682;7.91833113;3.28140342
692;69.16856712;0.00000000;10.65958877;45.97802656;1.17000055;1.91494336;-0.81622294;-0.13316616;7.95964512;3.31820792
693;69.26852170;0.00000000;10.72757015;45.90475319;1.20426152;1.87197796;-0.82943343;-0.13117360;8.00120557;3.35487160
694;69.36847628;0.00000000;10.79458717;45.83059239;1.24444628;1.83468364;-0.84244664;-0.12920898;8.04300691;3.39139574
695;69.46843085;0.00000000;10.86063877;45.75557457;1.29000954;1.80340250;-0.85526438;-0.12726965;8.08504367;3.42794450
696;69.56838543;0.00000000;10.92573278;45.67972019;1.32584853;1.77843632;-0.86788974;-0.12535180;8.12731251;3.46476094
697;69.66834001;0.00000000;10.98986919;45.60305866;1.36243029;1.76004066;-0.88032421;-0.12345912;8.16981310;3.50158852
698;69.76829458;0.00000000;11.05305683;45.52560890;1.40408389;1.74684509;-0.89257107;-0.12158859;8.21254197;3.53862010
699;69.86824916;0.00000000;11.11529647;45.44739952;1.43840447;1.69476818;-0.90463161;-0.11973843;8.25549806;3.57596826
700;69.96820374;0.00000000;11.17659771;45.36844817;1.46571478;1.64462831;-0.91650852;-0.11790697;8.29868164;3.61373646
701;70.06815831;0.00000000;11.23696220;45.28878250;1.49810408;1.60023894;-0.92820299;-0.11609513;8.34209422;3.65185211
702;70.16811289;0.00000000;11.29640020;45.20841901;1.53526531;1.56207677;-0.93971761;-0.11430081;8.38573638;3.69045371
703;70.26806747;0.00000000;11.35491423;45.12738438;1.57687000;1.53059841;-0.95105339;-0.11252350;8.42961032;3.72956803
704;70.36802204;0.00000000;11.41251508;45.04569403;1.62258940;1.50620771;-0.96221264;-0.11076193;8.47371848;3.76927904
705;70.46797662;0.00000000;11.46920616;44.96337365;1.67022726;1.48924029;-0.97319629;-0.10901605;8.51806424;3.80958201
706;70.56793120;0.00000000;11.52499867;44.88043774;1.69783870;1.47540785;-0.98400646;-0.10728460;8.56265080;3.85056288
707;70.66788577;0.00000000;11.57989689;44.79691092;1.72978552;1.42022004;-0.99464399;-0.10556735;8.60748229;3.89223238
708;70.76784035;0.00000000;11.63391235;44.71280687;1.76584662;1.36991253;-1.00511082;-0.10386326;8.65256287;3.93466312
709;70.86779493;0.00000000;11.68705021;44.62814909;1.80578498;1.32619326;-1.01540770;-0.10217199;8.69789742;3.97787643
710;70.96774950;0.00000000;11.73932224;44.54295058;1.83805369;1.28971866;-1.02553638;-0.10049276;8.74349091;4.02192820
711;71.06770408;0.00000000;11.79073442;44.45723368;1.86155642;1.26110736;-1.03549758;-0.09882560;8.78934887;4.06681394
712;71.16765866;0.00000000;11.84129875;44.37101079;1.88911982;1.24088831;-1.04529293;-0.09716959;8.83547661;4.11260459
713;71.26761323;0.00000000;11.89102197;44.28430308;1.92058062;1.22121013;-1.05492308;-0.09552424;8.88188011;4.15933672
714;71.36756781;0.00000000;11.93991625;44.19712241;1.95576461;1.18877360;-1.06438947;-0.09388884;8.92856560;4.17980207
715;71.46752239;0.00000000;11.98798913;44.10948871;1.99448498;1.16496092;-1.07369272;-0.09226337;8.97523618;4.15241544
716;71.56747696;0.00000000;12.03525283;44.02141348;2.03551399;1.14927984;-1.08283413;-0.09064761;9.02136189;4.12533200
717;71.66743154;0.00000000;12.08171561;43.93291546;2.05462021;1.12137424;-1.09181440;-0.08904222;9.06695439;4.09854547
718;71.76738612;0.00000000;12.12738978;43.84400571;2.07750348;1.08486752;-1.10063479;-0.08744530;9.11202495;4.07204980
719;71.86734069;0.00000000;12.17228427;43.75470178;2.10405321;1.05743706;-1.10929577;-0.08585456;9.15658445;4.04583913
720;71.96729527;0.00000000;12.21641152;43.66501428;2.13414659;1.03978678;-1.11779817;-0.08427029;9.20064340;4.01990779
721;72.06724985;0.00000000;12.25978115;43.57495951;2.15447631;1.03240455;-1.12614257;-0.08269617;9.24421199;3.99425030
722;72.16720443;0.00000000;12.30240548;43.48454816;2.17375357;0.99858531;-1.13433026;-0.08113228;9.28730007;3.96886135
723;72.26715900;0.00000000;12.34429469;43.39379523;2.19341644;0.95682621;-1.14236179;-0.07956989;9.32991716;3.94373580
724;72.36711358;0.00000000;12.38546120;43.30271112;2.21664688;0.92479944;-1.15023713;-0.07800833;9.37207251;3.91886866
725;72.46706816;0.00000000;12.42591580;43.21130986;2.24334709;0.90352790;-1.15795543;-0.07641420;9.41377506;3.89425511
726;72.56702273;0.00000000;12.46567156;43.11960124;2.27340889;0.89376473;-1.16551269;-0.07479969;9.45503348;3.86989046
727;72.66697731;0.00000000;12.50474028;43.02759859;2.29958073;0.89587101;-1.17290809;-0.07316703;9.49585618;3.84577016
728;72.76693189;0.00000000;12.54313538;42.93531204;2.31229926;0.86927980;-1.18013941;-0.07152551;9.53625132;3.82188981
729;72.86688646;0.00000000;12.58086952;42.84275380;2.32853942;0.84446428;-1.18720732;-0.06990222;9.57622682;3.79824512
730;72.96684104;0.00000000;12.61795612;42.74993393;2.34824327;0.82957303;-1.19411382;-0.06829088;9.61579035;3.77483193
731;73.06679562;0.00000000;12.65440812;42.65686348;2.35573407;0.82726811;-1.20085954;-0.06668658;9.65494938;3.75164620
732;73.16675019;0.00000000;12.69023907;42.56355175;2.36670782;0.81075569;-1.20744524;-0.06508768;9.69371115;3.72868400
733;73.26670477;0.00000000;12.72546214;42.47000904;2.38118828;0.77593588;-1.21387119;-0.06348849;9.73208271;3.70594153
734;73.36665935;0.00000000;12.76009093;42.37624456;2.39912702;0.74141445;-1.22013728;-0.06189057;9.77007091;3.68341506
735;73.46661392;0.00000000;12.79413900;42.28226765;2.40592575;0.71984412;-1.22624390;-0.06029811;9.80768240;3.66110098
736;73.56656850;0.00000000;12.82762001;42.18808735;2.41154654;0.71238721;-1.23219155;-0.05870943;9.84492364;3.63899577
737;73.66652308;0.00000000;12.86054781;42.09371209;2.42070139;0.71946721;-1.23798054;-0.05712285;9.88180096;3.61709602
738;73.76647765;0.00000000;12.89293617;41.99915050;2.42850602;0.71013084;-1.24361102;-0.05553826;9.91832046;3.59539840
739;73.86643223;0.00000000;12.92479917;41.90441033;2.42943563;0.69405299;-1.24908324;-0.05395583;9.95448812;3.57389965
740;73.96638681;0.00000000;12.95615067;41.80949998;2.43393446;0.68877537;-1.25439736;-0.05237524;9.99030976;3.55259663
741;74.06634138;0.00000000;12.98700497;41.71442647;2.44199840;0.68897245;-1.25955362;-0.05079653;10.02579102;3.53148623
742;74.16629596;0.00000000;13.01737604;41.61919791;2.45360764;0.68820829;-1.26455212;-0.04921924;10.06093743;3.51056547
743;74.26625054;0.00000000;13.04727838;41.52382066;2.46872750;0.67785443;-1.26939305;-0.04764306;10.09575437;3.48983142
744;74.36620511;0.00000000;13.07672603;41.42830255;2.48730886;0.68261961;-1.27407645;-0.04606784;10.13024706;3.46928121
745;74.46615969;0.00000000;13.10573370;41.33264935;2.50928988;0.69444321;-1.27860249;-0.04449391;10.16442062;3.44891207
746;74.56611427;0.00000000;13.13431551;41.23686862;2.52184323;0.67494736;-1.28297123;-0.04292092;10.19828003;3.42872126
747;74.66606884;0.00000000;13.16248631;41.14096563;2.51359604;0.67038260;-1.28718278;-0.04134760;10.23183016;3.40870615
748;74.76602342;0.00000000;13.19026035;41.04494758;2.50889348;0.68103388;-1.29123700;-0.03977391;10.26507574;3.38886414
749;74.86597800;0.00000000;13.21765260;40.94881929;2.50777123;0.68358438;-1.29513406;-0.03820386;10.29802141;3.36919269
750;74.96593257;0.00000000;13.24467741;40.85258768;2.51024980;0.65638812;-1.29887437;-0.03663659;10.33067168;3.34968934
751;75.06588715;0.00000000;13.27134989;40.75625689;2.51633419;0.62955622;-1.30245777;-0.03505853;10.36303097;3.33035167
752;75.16584173;0.00000000;13.29768441;40.65983406;2.52601380;0.61024472;-1.30588276;-0.03347277;10.39510359;3.31117733
753;75.26579630;0.00000000;13.32369628;40.56332293;2.52493095;0.59756650;-1.30915375;-0.03204578;10.42689375;3.29216400
754;75.36575088;0.00000000;13.34939861;40.46672986;2.52703524;0.60177824;-1.31229170;-0.03074192;10.45840557;3.27330944
755;75.46570546;0.00000000;13.37480380;40.37005825;2.53277860;0.62252466;-1.31530991;-0.02981762;10.48964306;3.25461143
756;75.56566004;0.00000000;13.39992067;40.27331135;2.53206800;0.60291140;-1.31825905;-0.02919172;10.52061016;3.23606783
757;75.66561461;0.00000000;13.42475523;40.17649159;2.52670413;0.59580968;-1.32114078;-0.02839377;10.55131072;3.21767653
758;75.76556919;0.00000000;13.44931503;40.07960140;2.52500463;0.60563674;-1.32393220;-0.02746013;10.58174848;3.19943545
759;75.86552377;0.00000000;13.47360892;39.98264381;2.52698625;0.62646140;-1.32662919;-0.02648586;10.61192712;3.18134259
760;75.96547834;0.00000000;13.49764596;39.88562257;2.52655249;0.60870068;-1.32922626;-0.02547932;10.64185025;3.16339597
761;76.06543292;0.00000000;13.52143590;39.78854018;2.52117242;0.60455293;-1.33172286;-0.02447671;10.67152138;3.14559365
762;76.16538750;0.00000000;13.54498816;39.69140022;2.51950449;0.60442184;-1.33411944;-0.02347672;10.70094395;3.12793374
763;76.26534207;0.00000000;13.56831247;39.59420499;2.52156603;0.62083145;-1.33641605;-0.02247637;10.73012135;3.11041438
764;76.36529665;0.00000000;13.59141832;39.49695780;2.52735787;0.60884813;-1.33861267;-0.02147600;10.75905685;3.09303376
765;76.46525123;0.00000000;13.61431543;39.39966094;2.53686440;0.59692470;-1.34070946;-0.02048139;10.78775371;3.07579009
766;76.56520580;0.00000000;13.63701322;39.30231773;2.55005377;0.60180407;-1.34270719;-0.01949136;10.81621508;3.05868164
767;76.66516038;0.00000000;13.65952138;39.20493025;2.56687897;0.62308216;-1.34460606;-0.01850464;10.84444407;3.04170669
768;76.76511496;0.00000000;13.68184931;39.10750156;2.56758173;0.62009536;-1.34640650;-0.01752053;10.87244371;3.02486356
769;76.86506953;0.00000000;13.70400664;39.01003367;2.56596777;0.61374309;-1.34810855;-0.01653572;10.90021698;3.00815062
770;76.96502411;0.00000000;13.72600279;38.91252951;2.56125477;0.62372067;-1.34971212;-0.01555034;10.92776679;2.99156626
771;77.06497869;0.00000000;13.74784743;38.81499098;2.55260453;0.63590639;-1.35121718;-0.01456399;10.95509600;2.97510889
772;77.16493326;0.00000000;13.76954999;38.71742104;2.54770378;0.63074254;-1.35262358;-0.01357685;10.98220743;2.95877697
773;77.26488784;0.00000000;13.79112010;38.61982153;2.54658395;0.61046162;-1.35393511;-0.01272921;11.00910380;2.94256898
774;77.36484242;0.00000000;13.81256592;38.52219488;2.54925852;0.59361445;-1.35517092;-0.01199834;11.03578783;2.92648342
775;77.46479699;0.00000000;13.83389442;38.42454263;2.55527393;0.59347842;-1.35634515;-0.01169034;11.06226215;2.91051884
776;77.56475157;0.00000000;13.85510869;38.32686543;2.55081796;0.61006165;-1.35751605;-0.01173818;11.08852935;2.89467380
777;77.66470615;0.00000000;13.87620834;38.22916355;2.54696956;0.62388439;-1.35869053;-0.01174213;11.11459199;2.87894689
778;77.76466072;0.00000000;13.89719337;38.13143672;2.54570683;0.61248583;-1.35986256;-0.01170911;11.14045254;2.86333673
779;77.86461530;0.00000000;13.91806401;38.03368539;2.53439763;0.61739054;-1.36103084;-0.01165967;11.16611347;2.84784195
780;77.96456988;0.00000000;13.93882074;37.93590974;2.52687820;0.63822230;-1.36219312;-0.01159645;11.19157718;2.83246123
781;78.06452445;0.00000000;13.95946413;37.83811008;2.52318306;0.64200470;-1.36334910;-0.01153401;11.21684602;2.81719326
782;78.16447903;0.00000000;13.97999473;37.74028673;2.52332964;0.63476742;-1.36449888;-0.01147219;11.24192232;2.80203675
783;78.26443361;0.00000000;14.00041316;37.64243989;2.52026560;0.62944573;-1.36564249;-0.01141017;11.26680834;2.78699044
784;78.36438818;0.00000000;14.02071997;37.54456983;2.51328910;0.63999959;-1.36677988;-0.01134800;11.29150632;2.77205308
785;78.46434276;0.00000000;14.04091577;37.44667678;2.50392224;0.65950383;-1.36791106;-0.01128591;11.31601846;2.75722346
786;78.56429734;0.00000000;14.06100112;37.34876104;2.48990427;0.64331692;-1.36903604;-0.01122386;11.34034691;2.74250037
787;78.66425191;0.00000000;14.08097660;37.25082279;2.47972730;0.64256797;-1.37015481;-0.01116181;11.36449379;2.72788265
788;78.76420649;0.00000000;14.10084281;37.15286235;2.47343938;0.65730914;-1.37126738;-0.01109976;11.38846117;2.71336912
789;78.86416107;0.00000000;14.12060032;37.05487991;2.47107081;0.67947234;-1.37237376;-0.01103773;11.41225109;2.69895867
790;78.96411565;0.00000000;14.14024971;36.95687575;2.47263350;0.66851701;-1.37347393;-0.01097571;11.43586558;2.68465015
791;79.06407022;0.00000000;14.15979158;36.85885006;2.47812061;0.67251446;-1.37456790;-0.01091370;11.45930660;2.67044248
792;79.16402480;0.00000000;14.17922650;36.76080315;2.48750678;0.68028771;-1.37565568;-0.01085169;11.48257609;2.65633457
793;79.26397938;0.00000000;14.19855507;36.66273518;2.48848062;0.69990083;-1.37673725;-0.01078970;11.50567596;2.64232536
794;79.36393395;0.00000000;14.21777785;36.56464645;2.48287923;0.68350191;-1.37781264;-0.01072772;11.52860808;2.62841380
795;79.46388853;0.00000000;14.23689545;36.46653714;2.48118776;0.67770389;-1.37888182;-0.01066575;11.55137430;2.61459887
796;79.56384311;0.00000000;14.25590844;36.36840753;2.48341482;0.68667060;-1.37994482;-0.01060379;11.57397643;2.60087953
797;79.66379768;0.00000000;14.27481741;36.27025780;2.48410336;0.70984214;-1.38100162;-0.01054183;11.59641626;2.58725481
798;79.76375226;0.00000000;14.29362295;36.17208822;2.47527900;0.70678447;-1.38205223;-0.01047989;11.61869554;2.57372372
799;79.86370684;0.00000000;14.31232566;36.07389897;2.47036586;0.68815651;-1.38309665;-0.01041796;11.64081599;2.56028529
800;79.96366141;0.00000000;14.33092609;35.97569033;2.46195242;0.67298723;-1.38413487;-0.01035604;11.66277932;2.54693858
801;80.06361599;0.00000000;14.34942487;35.87746246;2.44984807;0.67259565;-1.38516691;-0.01029412;11.68458719;2.53368264
802;80.16357057;0.00000000;14.36782256;35.77921563;2.44167605;0.68700643;-1.38619276;-0.01023222;11.70624125;2.52051656
803;80.26352514;0.00000000;14.38611976;35.68095001;2.43747653;0.70917023;-1.38721243;-0.01017032;11.72774311;2.50743943
804;80.36347972;0.00000000;14.40431705;35.58266587;2.43727068;0.70295640;-1.38822590;-0.01010844;11.74909437;2.49445036
805;80.46343430;0.00000000;14.42241504;35.48436337;2.43316223;0.69331785;-1.38923320;-0.01004656;11.77029660;2.48154846
806;80.56338887;0.00000000;14.44041429;35.38604276;2.42557127;0.69810641;-1.39023430;-0.00998470;11.79135133;2.46873288
807;80.66334345;0.00000000;14.45831542;35.28770422;2.42198517;0.71703250;-1.39122923;-0.00992284;11.81226009;2.45600276
808;80.76329803;0.00000000;14.47611899;35.18934799;2.42107114;0.72510382;-1.39221797;-0.00986099;11.83302438;2.44335725
809;80.86325260;0.00000000;14.49382562;35.09097425;2.42164354;0.72000801;-1.39320053;-0.00979915;11.85364566;2.43079553
810;80.96320718;0.00000000;14.51143588;34.99258322;2.42623932;0.72881432;-1.39417691;-0.00973732;11.87412539;2.41831679
811;81.06316176;0.00000000;14.52895037;34.89417508;2.43483630;0.75103328;-1.39514711;-0.00967550;11.89446499;2.40592022
812;81.16311633;0.00000000;14.54636968;34.79575008;2.42920884;0.77419410;-1.39611113;-0.00961369;11.91466587;2.39360503
813;81.26307091;0.00000000;14.56369441;34.69730835;2.42250130;0.77736588;-1.39706898;-0.00955189;11.93472942;2.38137045
814;81.36302549;0.00000000;14.58092514;34.59885016;2.41981187;0.79020126;-1.39802064;-0.00949009;11.95465701;2.36921569
815;81.46298006;0.00000000;14.59806246;34.50037564;2.40640565;0.80206527;-1.39896613;-0.00942831;11.97444997;2.35714000
816;81.56293464;0.00000000;14.61510698;34.40188503;2.39635941;0.78499829;-1.39990545;-0.00936654;11.99410963;2.34514264
817;81.66288922;0.00000000;14.63205927;34.30337849;2.39036053;0.76802553;-1.40083859;-0.00930477;12.01363731;2.33322287
818;81.76284379;0.00000000;14.64891995;34.20485625;2.38844013;0.75907861;-1.40176556;-0.00924302;12.03303428;2.32137996
819;81.86279837;0.00000000;14.66568959;34.10631845;2.38852815;0.76332133;-1.40268635;-0.00918127;12.05230182;2.30961320
820;81.96275295;0.00000000;14.68236880;34.00776532;2.37520551;0.78053802;-1.40360098;-0.00911953;12.07144117;2.29792189
821;82.06270753;0.00000000;14.69895817;33.90919701;2.36594324;0.80243025;-1.40450943;-0.00905781;12.09045357;2.28630531
822;82.16266210;0.00000000;14.71545828;33.81061374;2.36078979;0.79796740;-1.40541172;-0.00899609;12.10934024;2.27476279
823;82.26261668;0.00000000;14.73186975;33.71201565;2.34517441;0.80606134;-1.40630783;-0.00893438;12.12810236;2.26329366
824;82.36257126;0.00000000;14.74819315;33.61340297;2.33252381;0.82336112;-1.40719778;-0.00887268;12.14674112;2.25189724
825;82.46252583;0.00000000;14.76442910;33.51477583;2.32401857;0.83711773;-1.40808156;-0.00881099;12.16525770;2.24057287
826;82.56248041;0.00000000;14.78057818;33.41613445;2.31970489;0.82494578;-1.40895918;-0.00874931;12.18365322;2.22931991
827;82.66243499;0.00000000;14.79664099;33.31747896;2.31960678;0.82488227;-1.40983063;-0.00868764;12.20192884;2.21813771
828;82.76238956;0.00000000;14.81261812;33.21880958;2.31416376;0.83692935;-1.41069592;-0.00862598;12.22008565;2.20702563
829;82.86234414;0.00000000;14.82851017;33.12012645;2.30439768;0.86057798;-1.41155504;-0.00856433;12.23812477;2.19598307
830;82.96229872;0.00000000;14.84431774;33.02142976;2.29671966;0.86381059;-1.41240801;-0.00850269;12.25604729;2.18500939
831;83.06225329;0.00000000;14.86004142;32.92271966;2.28569911;0.86751917;-1.41325481;-0.00844106;12.27385426;2.17410400
832;83.16220787;0.00000000;14.87568181;32.82399634;2.27033095;0.88268782;-1.41409545;-0.00837945;12.29154676;2.16326629
833;83.26216245;0.00000000;14.89123951;32.72525994;2.25920117;0.90874224;-1.41492994;-0.00831783;12.30912582;2.15249567
834;83.36211702;0.00000000;14.90671512;32.62651066;2.25237320;0.92058808;-1.41575826;-0.00825620;12.32659248;2.14179155
835;83.46207160;0.00000000;14.92210922;32.52774862;2.24988685;0.92801621;-1.41658043;-0.00819463;12.34394774;2.13115336
836;83.56202618;0.00000000;14.93742243;32.42897402;2.23621894;0.94608579;-1.41739645;-0.00813311;12.36119262;2.12058053
837;83.66198075;0.00000000;14.95265534;32.33018699;2.22581498;0.95186888;-1.41820631;-0.00807156;12.37832809;2.11007249
838;83.76193533;0.00000000;14.96780853;32.23138773;2.21978683;0.95165653;-1.41901003;-0.00800997;12.39535514;2.09962869
839;83.86188991;0.00000000;14.98288262;32.13257635;2.21817078;0.96196667;-1.41980757;-0.00794815;12.41227474;2.08924859
840;83.96184448;0.00000000;14.99787821;32.03375304;2.20380743;0.98246749;-1.42059893;-0.00788614;12.42908782;2.07893163
841;84.06179906;0.00000000;15.01279589;31.93491790;2.18714103;0.99567178;-1.42138412;-0.00782551;12.44579533;2.06867729
842;84.16175364;0.00000000;15.02763626;31.83607115;2.15696235;0.99883339;-1.42216335;-0.00776619;12.46239821;2.05848504
843;84.26170821;0.00000000;15.04239990;31.73721291;2.13097347;1.01101828;-1.42293660;-0.00770497;12.47889735;2.04835435
844;84.36166279;0.00000000;15.05708739;31.63834334;2.10932988;1.02483560;-1.42370360;-0.00764194;12.49529367;2.03828471
845;84.46161737;0.00000000;15.07169936;31.53946259;2.09144220;1.04171649;-1.42446397;-0.00756640;12.51158805;2.02827562
846;84.56157194;0.00000000;15.08623656;31.44057081;2.07448532;1.04796290;-1.42521591;-0.00747919;12.52778139;2.01832656
847;84.66152652;0.00000000;15.10069982;31.34166815;2.06216473;1.06368075;-1.42595896;-0.00738533;12.54387454;2.00843705
848;84.76148110;0.00000000;15.11509007;31.24275486;2.05456479;1.08845889;-1.42669216;-0.00728526;12.55986837;1.99860659
849;84.86143567;0.00000000;15.12940829;31.14383112;2.03923818;1.08983414;-1.42741544;-0.00718844;12.57576372;1.98883470
850;84.96139025;0.00000000;15.14365542;31.04489713;2.02307336;1.09889342;-1.42812927;-0.00709464;12.59156143;1.97912089
851;85.06134483;0.00000000;15.15783239;30.94595306;2.01168016;1.11692936;-1.42883367;-0.00699888;12.60726234;1.96946470
852;85.16129940;0.00000000;15.17194015;30.84699910;2.00514088;1.14338305;-1.42952836;-0.00690130;12.62286726;1.95986566
853;85.26125398;0.00000000;15.18597964;30.74803541;2.00350403;1.17036873;-1.43021332;-0.00680460;12.63837699;1.95032330
854;85.36120856;0.00000000;15.19995181;30.64906220;1.99003880;1.19306451;-1.43088868;-0.00670873;12.65379233;1.94083717
855;85.46116314;0.00000000;15.21385761;30.55007965;1.97950241;1.19984631;-1.43155445;-0.00661237;12.66911408;1.93140682
856;85.56111771;0.00000000;15.22769799;30.45108793;1.97391142;1.20523370;-1.43221054;-0.00651553;12.68434300;1.92203179
857;85.66107229;0.00000000;15.24147390;30.35208721;1.96476794;1.21888614;-1.43285697;-0.00641882;12.69947988;1.91271166
858;85.76102687;0.00000000;15.25518629;30.25307768;1.94554715;1.24052983;-1.43349373;-0.00632223;12.71452546;1.90344599
859;85.86098144;0.00000000;15.26883610;30.15405950;1.93125190;1.25039534;-1.43412083;-0.00622552;12.72948051;1.89423433
860;85.96093602;0.00000000;15.28242430;30.05503285;1.92199307;1.25737566;-1.43473826;-0.00612869;12.74434576;1.88507627
861;86.06089060;0.00000000;15.29595183;29.95599789;1.91569952;1.26577877;-1.43534602;-0.00603184;12.75912194;1.87597139
862;86.16084517;0.00000000;15.30941965;29.85695480;1.88820832;1.28200291;-1.43594408;-0.00593498;12.77380979;1.86691927
863;86.26079975;0.00000000;15.32282872;29.75790373;1.86246992;1.28669702;-1.43653247;-0.00583807;12.78841002;1.85791949
864;86.36075433;0.00000000;15.33617998;29.65884486;1.83973003;1.28935527;-1.43711117;-0.00574111;12.80292334;1.84897166
865;86.46070890;0.00000000;15.34947439;29.55977833;1.81943130;1.29977468;-1.43768017;-0.00564414;12.81735044;1.84007536
866;86.56066348;0.00000000;15.36271291;29.46070433;1.79216349;1.31777021;-1.43823948;-0.00554714;12.83169202;1.83123020
867;86.66061806;0.00000000;15.37589650;29.36162300;1.77007317;1.33826488;-1.43878909;-0.00545013;12.84594877;1.82243579
868;86.76057263;0.00000000;15.38902611;29.26253450;1.75335703;1.34337396;-1.43932901;-0.00535311;12.86012136;1.81369174
869;86.86052721;0.00000000;15.40210269;29.16343899;1.74217072;1.35590534;-1.43985923;-0.00525609;12.87421046;1.80499766
870;86.96048179;0.00000000;15.41512722;29.06433663;1.73662208;1.37565524;-1.44037975;-0.00515908;12.88821674;1.79635316
871;87.06043636;0.00000000;15.42810064;28.96522756;1.73676613;1.39703158;-1.44089058;-0.00506207;12.90214083;1.78775788
872;87.16039094;0.00000000;15.44102391;28.86611195;1.72256107;1.42401739;-1.44139171;-0.00496508;12.91598340;1.77921145
873;87.26034552;0.00000000;15.45389799;28.76698993;1.70971553;1.44884038;-1.44188314;-0.00486815;12.92974508;1.77071348
874;87.36030009;0.00000000;15.46672383;28.66786166;1.69989368;1.45869216;-1.44236489;-0.00477127;12.94342651;1.76226362
875;87.46025467;0.00000000;15.47950240;28.56872727;1.69586851;1.46795640;-1.44283696;-0.00467443;12.95702830;1.75386151
876;87.56020925;0.00000000;15.49223465;28.46958693;1.69768222;1.48395653;-1.44329936;-0.00457763;12.97055108;1.74550679
877;87.66016382;0.00000000;15.50492153;28.37044079;1.67952577;1.50647701;-1.44375208;-0.00448092;12.98399546;1.73719910
878;87.76011840;0.00000000;15.51756401;28.27128897;1.66529749;1.51150221;-1.44419514;-0.00438427;12.99736204;1.72893811
879;87.86007298;0.00000000;15.53016303;28.17213161;1.65694343;1.51643379;-1.44462854;-0.00428777;13.01065143;1.72072345
880;87.96002755;0.00000000;15.54271956;28.07296887;1.65288533;1.52794478;-1.44505230;-0.00419141;13.02386421;1.71255479
881;88.05998213;0.00000000;15.55523454;27.97380083;1.63392070;1.54552703;-1.44546642;-0.00409437;13.03700097;1.70443179
882;88.15993671;0.00000000;15.56770894;27.87462771;1.62086819;1.53303439;-1.44587079;-0.00399669;13.05006230;1.69635412
883;88.25989128;0.00000000;15.58014371;27.77544964;1.61387223;1.52693910;-1.44626555;-0.00390528;13.06304875;1.68832144
884;88.35984586;0.00000000;15.59253977;27.67626672;1.61301254;1.52741367;-1.44665164;-0.00381985;13.07596090;1.68033343
885;88.45980044;0.00000000;15.60489794;27.57707911;1.61284406;1.53445116;-1.44702959;-0.00375048;13.08879932;1.67238975
886;88.55975501;0.00000000;15.61721893;27.47788682;1.60352235;1.54796138;-1.44740177;-0.00369652;13.10156455;1.66449010
887;88.65970959;0.00000000;15.62950327;27.37868996;1.58606118;1.56777648;-1.44776863;-0.00364569;13.11425714;1.65663414
888;88.75966417;0.00000000;15.64175146;27.27948864;1.57472657;1.56913588;-1.44813065;-0.00359788;13.12687765;1.64882157
889;88.85961875;0.00000000;15.65396397;27.18028293;1.56965170;1.57185519;-1.44848776;-0.00354520;13.13942660;1.64105208
890;88.95957332;0.00000000;15.66614133;27.08107291;1.57089777;1.58093739;-1.44883925;-0.00348781;13.15190452;1.63332534
891;89.05952790;0.00000000;15.67828410;26.98185867;1.57845038;1.59619986;-1.44918508;-0.00343331;13.16431196;1.62564107
892;89.15948248;0.00000000;15.69039282;26.88264025;1.56691980;1.60977314;-1.44952567;-0.00338159;13.17664942;1.61799896
893;89.25943705;0.00000000;15.70246801;26.78341773;1.55098615;1.59768884;-1.44986105;-0.00332837;13.18891742;1.61039870
894;89.35939163;0.00000000;15.71451018;26.68419120;1.54134939;1.59014471;-1.45019101;-0.00327372;13.20111647;1.60284000
895;89.45934621;0.00000000;15.72651989;26.58496075;1.53812843;1.58889790;-1.45051551;-0.00321950;13.21324708;1.59532257
896;89.55930078;0.00000000;15.73849766;26.48572644;1.54136404;1.59396264;-1.45083462;-0.00316569;13.22530975;1.58784611
897;89.65925536;0.00000000;15.75044403;26.38648834;1.55101633;1.60527866;-1.45114835;-0.00311161;13.23730497;1.58041034
898;89.75920994;0.00000000;15.76235953;26.28724652;1.56241771;1.62271466;-1.45145666;-0.00305727;13.24923324;1.57301498
899;89.85916451;0.00000000;15.77424471;26.18800107;1.57187719;1.62625958;-1.45175953;-0.00300288;13.26109504;1.56565973
900;89.95911909;0.00000000;15.78610010;26.08875206;1.55161022;1.61442567;-1.45205696;-0.00294844;13.27289084;1.55834433
901;90.05907367;0.00000000;15.79792624;25.98949956;1.53755729;1.60262153;-1.45234894;-0.00289390;13.28462113;1.55106849
902;90.15902824;0.00000000;15.80972367;25.89024364;1.52989020;1.59131165;-1.45263547;-0.00283927;13.29628638;1.54383194
903;90.25898282;0.00000000;15.82149293;25.79098437;1.52870557;1.58626025;-1.45291654;-0.00278455;13.30788704;1.53663441
904;90.35893740;0.00000000;15.83323456;25.69172184;1.53401899;1.58752653;-1.45319213;-0.00272975;13.31942359;1.52947562
905;90.45889197;0.00000000;15.84494911;25.59245610;1.54574900;1.59509490;-1.45346224;-0.00267487;13.33089648;1.52235532
906;90.55884655;0.00000000;15.85663711;25.49318724;1.55742450;1.60887588;-1.45372686;-0.00261991;13.34230616;1.51527324
907;90.65880113;0.00000000;15.86829913;25.39391532;1.56905983;1.62871124;-1.45398598;-0.00256487;13.35365309;1.50822911
908;90.75875570;0.00000000;15.87993569;25.29464041;1.58067049;1.62007338;-1.45423959;-0.00250975;13.36493769;1.50122268
909;90.85871028;0.00000000;15.89154734;25.19536258;1.59225700;1.60846413;-1.45448770;-0.00245457;13.37616042;1.49425370
910;90.95866486;0.00000000;15.90313464;25.09608191;1.60381988;1.59687955;-1.45473028;-0.00239931;13.38732171;1.48732190
911;91.05861943;0.00000000;15.91469813;24.99679846;1.61535965;1.58531908;-1.45496734;-0.00234398;13.39842199;1.48042703
912;91.15857401;0.00000000;15.92623836;24.89751231;1.62687685;1.57378219;-1.45519886;-0.00228858;13.40946169;1.47356886
913;91.25852859;0.00000000;15.93775587;24.79822352;1.63837199;1.56226834;-1.45542485;-0.00223314;13.42044123;1.46674712
914;91.35848316;0.00000000;15.94925122;24.69893216;1.64984561;1.55077696;-1.45564529;-0.00217765;13.43136102;1.45996157
915;91.45843774;0.00000000;15.96072496;24.59963830;1.66129825;1.53930753;-1.45586018;-0.00212204;13.44222149;1.45321198
916;91.55839232;0.00000000;15.97217764;24.50034201;1.67273043;1.52785949;-1.45606950;-0.00206632;13.45302304;1.44649809
917;91.65834689;0.00000000;15.98360981;24.40104336;1.68414269;1.51643229;-1.45627326;-0.00201068;13.46376609;1.43981968
918;91.75830147;0.00000000;15.99502202;24.30174241;1.69553556;1.50502539;-1.45647146;-0.00195513;13.47445102;1.43317651
919;91.85825605;0.00000000;16.00641483;24.20243922;1.70690958;1.49363824;-1.45666410;-0.00189939;13.48507825;1.42656834
920;91.95821062;0.00000000;16.01778878;24.10313388;1.71826528;1.48227029;-1.45685116;-0.00184347;13.49564817;1.41999494
921;92.05816520;0.00000000;16.02914444;24.00382643;1.72960321;1.47092100;-1.45703261;-0.00178690;13.50616117;1.41345608
922;92.15811978;0.00000000;16.04048235;23.90451697;1.74092391;1.45958981;-1.45720836;-0.00172972;13.51661764;1.40695153
923;92.25807436;0.00000000;16.05180310;23.80520556;1.75222793;1.44827616;-1.45737850;-0.00167678;13.52701796;1.40048108
924;92.35802893;0.00000000;16.06310720;23.70589225;1.76351579;1.43697953;-1.45754367;-0.00162796;13.53736251;1.39404448
925;92.45798351;0.00000000;16.07439513;23.60657710;1.77478794;1.42569945;-1.45770413;-0.00158626;13.54765168;1.38764153
926;92.55793809;0.00000000;16.08566732;23.50726015;1.78604481;1.41443551;-1.45786094;-0.00155146;13.55788583;1.38127200
927;92.65789266;0.00000000;16.09692411;23.40794145;1.79728672;1.40318736;-1.45801429;-0.00151715;13.56806534;1.37493568
928;92.75784724;0.00000000;16.10816583;23.30862105;1.80851399;1.39195468;-1.45816425;-0.00148331;13.57819058;1.36863235
929;92.85780182;0.00000000;16.11939283;23.20929898;1.81972697;1.38073714;-1.45831080;-0.00144854;13.58826190;1.36236179
930;92.95775639;0.00000000;16.13060544;23.10997530;1.83092597;1.36953439;-1.45845380;-0.00141288;13.59827968;1.35612380
931;93.05771097;0.00000000;16.14180403;23.01065002;1.84211134;1.33835814;-1.45859326;-0.00137794;13.60824426;1.34991816
932;93.15766555;0.00000000;16.15298894;22.91132321;1.85328343;1.30210314;-1.45872928;-0.00134371;13.61815600;1.34374466
933;93.25762012;0.00000000;16.16416051;22.81199489;1.86444256;1.26712753;-1.45886188;-0.00130922;13.62801525;1.33760311
934;93.35757470;0.00000000;16.17531908;22.71266512;1.87994349;1.23791331;-1.45899100;-0.00127447;13.63782236;1.33149328
935;93.45752928;0.00000000;16.18646500;22.61333392;1.90056932;1.21624786;-1.45911666;-0.00123991;13.64757767;1.32541499
936;93.55748385;0.00000000;16.19759860;22.51400135;1.92615575;1.20253892;-1.45923888;-0.00120554;13.65728154;1.31936803
937;93.65743843;0.00000000;16.20872024;22.41466742;1.95650850;1.19140931;-1.45935766;-0.00117115;13.66693428;1.31335220
938;93.75739301;0.00000000;16.21983025;22.31533221;1.99140996;1.18029152;-1.45947300;-0.00113675;13.67653625;1.30736730
939;93.85734758;0.00000000;16.23092897;22.21599572;2.03062591;1.16918521;-1.45958490;-0.00110240;13.68608777;1.30141313
940;93.95730216;0.00000000;16.24201674;22.11665802;2.04224063;1.15809004;-1.45969338;-0.00106812;13.69558918;1.29548951
941;94.05725674;0.00000000;16.25309391;22.01731913;2.05332548;1.14700568;-1.45979843;-0.00103385;13.70504079;1.28959624
942;94.15721131;0.00000000;16.26416082;21.91797910;2.06440014;1.13593179;-1.45990006;-0.00099960;13.71444294;1.28373312
943;94.25716589;0.00000000;16.27521779;21.81863796;2.07546494;1.12486803;-1.45999826;-0.00096537;13.72379595;1.27789997
944;94.35712047;0.00000000;16.28626519;21.71929577;2.08652023;1.10714434;-1.46009304;-0.00093117;13.73310013;1.27209660
945;94.45707504;0.00000000;16.29730333;21.61995253;2.09836289;1.06063458;-1.46018441;-0.00089698;13.74235580;1.26632283
946;94.55702962;0.00000000;16.30833257;21.52060832;2.11485972;1.02182280;-1.46027236;-0.00086280;13.75156327;1.26057846
947;94.65698420;0.00000000;16.31935324;21.42126314;2.13547733;0.99161300;-1.46035689;-0.00082862;13.76072286;1.25486332
948;94.75693877;0.00000000;16.33036569;21.32191706;2.15656808;0.97080818;-1.46043801;-0.00079445;13.76983487;1.24917722
949;94.85689335;0.00000000;16.34137024;21.22257010;2.18203045;0.95984734;-1.46051571;-0.00076028;13.77889960;1.24351998
950;94.95684793;0.00000000;16.35236725;21.12322231;2.21171378;0.94889539;-1.46058999;-0.00072611;13.78791736;1.23789143
951;95.05680250;0.00000000;16.36335704;21.02387372;2.24545101;0.93795204;-1.46066086;-0.00069192;13.79688846;1.23229139
952;95.15675708;0.00000000;16.37433996;20.92452437;2.27434310;0.92700035;-1.46072831;-0.00065771;13.80581317;1.22671967
953;95.25671166;0.00000000;16.38531636;20.82517429;2.28531851;0.91600748;-1.46079235;-0.00062347;13.81469181;1.22117611
954;95.35666623;0.00000000;16.39628656;20.72582354;2.29628789;0.90502084;-1.46085295;-0.00058921;13.82352466;1.21566054
955;95.45662081;0.00000000;16.40725091;20.62647213;2.30725157;0.89404007;-1.46091013;-0.00055496;13.83231202;1.21017278
956;95.55657539;0.00000000;16.41820975;20.52712013;2.31820990;0.88306484;-1.46096389;-0.00052070;13.84105417;1.20471265
957;95.65652997;0.00000000;16.42916341;20.42776756;2.32916321;0.87209480;-1.46101422;-0.00048613;13.84975139;1.19928000
958;95.75648454;0.00000000;16.44011225;20.32841445;2.34011184;0.86112961;-1.46106107;-0.00045125;13.85840397;1.19387466
959;95.85643912;0.00000000;16.45105661;20.22906084;2.35105613;0.85016892;-1.46110445;-0.00041715;13.86701219;1.18849645
960;95.95639370;0.00000000;16.46199682;20.12970678;2.36199643;0.83921239;-1.46114448;-0.00038381;13.87557633;1.18314521
961;96.05634827;0.00000000;16.47293323;20.03035229;2.37293305;0.82825969;-1.46118116;-0.00034985;13.88409666;1.17782079
962;96.15630285;0.00000000;16.48386616;19.93099743;2.38386634;0.81731049;-1.46121440;-0.00031528;13.89257345;1.17252301
963;96.25625743;0.00000000;16.49479596;19.83164225;2.39479664;0.80636442;-1.46124391;-0.00026986;13.90100698;1.16725172
964;96.35621200;0.00000000;16.50572309;19.73228676;2.40572440;0.79542104;-1.46126808;-0.00021383;13.90939752;1.16200676
965;96.45616658;0.00000000;16.51664809;19.63293103;2.41665018;0.78447979;-1.46128640;-0.00014772;13.91774534;1.15678796
966;96.55612116;0.00000000;16.52757164;19.53357512;2.42757462;0.77354001;-1.46129737;-0.00007175;13.92605069;1.15159518
967;96.65607573;0.00000000;16.53849447;19.43421914;2.43849849;0.76260094;-1.46130081;0.00000179;13.93431384;1.14642825
968;96.75603031;0.00000000;16.54941732;19.33486317;2.44942249;0.75166186;-1.46129707;0.00007293;13.94253505;1.14128702
969;96.85598489;0.00000000;16.56034089;19.23550731;2.45195064;0.74072206;-1.46128624;0.00014358;13.95071458;1.13617134
970;96.95593946;0.00000000;16.57126589;19.13615158;2.43755779;0.72978082;-1.46126838;0.00021375;13.95885269;1.13108106
971;97.05589404;0.00000000;16.58219301;19.03679608;2.42720131;0.71883744;-1.46124349;0.00028478;13.96694963;1.12601601
972;97.15584862;0.00000000;16.59312296;18.93744089;2.42093371;0.70789123;-1.46121143;0.00035668;13.97500565;1.12097606
973;97.25580319;0.00000000;16.60405645;18.83808608;2.41878749;0.70934383;-1.46117221;0.00042774;13.98302100;1.11596106
974;97.35575777;0.00000000;16.61499419;18.73873175;2.42077433;0.71700772;-1.46112594;0.00049798;13.99099593;1.11097085
975;97.45571235;0.00000000;16.62593688;18.63937797;2.42688476;0.73300817;-1.46107265;0.00056859;13.99893068;1.10600529
976;97.55566692;0.00000000;16.63688521;18.54002481;2.43708848;0.76188950;-1.46101226;0.00063957;14.00682551;1.10106424
977;97.65562150;0.00000000;16.64783989;18.44067234;2.44803481;0.75253239;-1.46094480;0.00071022;14.01468065;1.09614755
978;97.75557608;0.00000000;16.65880163;18.34132065;2.45118261;0.74159553;-1.46087029;0.00078057;14.02249634;1.09125507
979;97.85553065;0.00000000;16.66977111;18.24196982;2.43817910;0.73065220;-1.46078875;0.00085095;14.03027282;1.08638667
980;97.95548523;0.00000000;16.68074905;18.14261993;2.42923063;0.71970174;-1.46070018;0.00092138;14.03801033;1.08154221
981;98.05543981;0.00000000;16.69173614;18.04327104;2.42438282;0.70874355;-1.46060456;0.00099176;14.04570911;1.07672154
982;98.15539438;0.00000000;16.70273307;17.94392325;2.42366097;0.70110872;-1.46050192;0.00106208;14.05336938;1.07192452
983;98.25534896;0.00000000;16.71374056;17.84457662;2.42476615;0.70764145;-1.46039224;0.00113250;14.06099137;1.06715102
984;98.35530354;0.00000000;16.72475928;17.74523124;2.42832901;0.72795974;-1.46027552;0.00120302;14.06857532;1.06240090
985;98.45525811;0.00000000;16.73578996;17.64588718;2.43600344;0.76095947;-1.46015175;0.00127352;14.07612146;1.05767403
986;98.55521269;0.00000000;16.74683328;17.54654453;2.44705370;0.75326820;-1.46002093;0.00134399;14.08363000;1.05297026
987;98.65516727;0.00000000;16.75788994;17.44720336;2.45722575;0.74220315;-1.45988307;0.00141440;14.09110118;1.04828948
988;98.75512184;0.00000000;16.76896065;17.34786376;2.44187409;0.73112428;-1.45973818;0.00148473;14.09853521;1.04363153
989;98.85507642;0.00000000;16.78004611;17.24852581;2.43055413;0.72837693;-1.45958626;0.00155501;14.10593232;1.03899630
990;98.95503100;0.00000000;16.79114700;17.14918957;2.42332307;0.73924449;-1.45942732;0.00162524;14.11329272;1.03438364
991;99.05498558;0.00000000;16.80226403;17.04985515;2.42021826;0.75962328;-1.45926136;0.00169541;14.12061663;1.02979344
992;99.15494015;0.00000000;16.81339789;16.95052260;2.42125628;0.78407568;-1.45908839;0.00176554;14.12790428;1.02522556
993;99.25489473;0.00000000;16.82454928;16.85119202;2.41473879;0.77702593;-1.45890842;0.00183559;14.13515586;1.02067987
994;99.35484931;0.00000000;16.83571890;16.75186349;2.40062570;0.76583930;-1.45872144;0.00190556;14.14237160;1.01615625
995;99.45480388;0.00000000;16.84690743;16.65253709;2.39063101;0.75463366;-1.45852748;0.00197550;14.14955170;1.01165457
996;99.55475846;0.00000000;16.85811558;16.55321291;2.38480721;0.75640938;-1.45832652;0.00204543;14.15669638;1.00717471
997;99.65471304;0.00000000;16.86934403;16.45389102;2.37923890;0.77122589;-1.45811858;0.00211542;14.16380584;1.00271654
998;99.75466761;0.00000000;16.88059349;16.35457150;2.36217073;0.79835679;-1.45790363;0.00218547;14.17088029;0.99827993
999;99.85462219;0.00000000;16.89186464;16.25525444;2.34925673;0.80823820;-1.45768170;0.00225496;14.17791993;0.99386477
1000;99.95457677;0.00000000;16.90315818;16.15593992;2.34056636;0.80151864;-1.45745286;0.00232389;14.18492496;0.98947093
1001;100.05453134;0.00000000;16.91447478;16.05662803;2.33614744;0.80719259;-1.45721711;0.00239360;14.19189559;0.98509830
1002;100.15448592;0.00000000;16.92581515;15.95731886;2.33602491;0.82500371;-1.45697433;0.00246408;14.19883201;0.98074675
1003;100.25444050;0.00000000;16.93717997;15.85801248;2.33738742;0.85419243;-1.45672442;0.00253835;14.20573443;0.97641616
1004;100.35439507;0.00000000;16.94857000;15.75870899;2.32160837;0.86060094;-1.45646680;0.00261634;14.21260304;0.97210642
1005;100.45434965;0.00000000;16.95998599;15.65940847;2.31007639;0.86105448;-1.45620134;0.00269625;14.21943804;0.96781740
1006;100.55430423;0.00000000;16.97142875;15.56011103;2.30285610;0.87040537;-1.45592775;0.00277803;14.22623962;0.96354900
1007;100.65425880;0.00000000;16.98289908;15.46081678;2.29149579;0.89091541;-1.45564600;0.00285923;14.23300798;0.95930110
1008;100.75421338;0.00000000;16.99439778;15.36152581;2.27672234;0.90631035;-1.45535618;0.00293987;14.23974330;0.95507357
1009;100.85416796;0.00000000;17.00592566;15.26223823;2.26629451;0.89481841;-1.45505829;0.00302069;14.24644577;0.95086632
1010;100.95412253;0.00000000;17.01748352;15.16295413;2.26027325;0.88474959;-1.45475231;0.00310169;14.25311559;0.94667921
1011;101.05407711;0.00000000;17.02907216;15.06367361;2.24097428;0.88588415;-1.45443824;0.00318269;14.25975294;0.94251215
1012;101.15403169;0.00000000;17.04069238;14.96439679;2.22319338;0.89817886;-1.45411606;0.00326370;14.26635800;0.93836502
1013;101.25398626;0.00000000;17.05234499;14.86512376;2.20982734;0.92118618;-1.45378579;0.00334474;14.27293097;0.93423771
1014;101.35394084;0.00000000;17.06403078;14.76585464;2.20095743;0.94146013;-1.45344742;0.00342580;14.27947202;0.93013011
1015;101.45389542;0.00000000;17.07575057;14.66658952;2.18292847;0.94580950;-1.45310094;0.00350689;14.28598133;0.92604211
1016;101.55384999;0.00000000;17.08750515;14.56732852;2.16623736;0.95872741;-1.45274636;0.00358800;14.29245909;0.92197360
1017;101.65380457;0.00000000;17.09929533;14.46807174;2.15409549;0.97401528;-1.45238367;0.00366912;14.29890548;0.91792448
1018;101.75375915;0.00000000;17.11112191;14.36881929;2.14658088;0.99876450;-1.45201287;0.00375025;14.30532067;0.91389463
1019;101.85371372;0.00000000;17.12298570;14.26957128;2.14374300;1.00592362;-1.45163396;0.00383140;14.31170483;0.90988395
1020;101.95366830;0.00000000;17.13488749;14.17032782;2.12798333;1.02280961;-1.45124694;0.00391255;14.31805816;0.90589233
1021;102.05362288;0.00000000;17.14682810;14.07108902;2.11266197;1.04895208;-1.45085180;0.00399371;14.32438081;0.90191968
1022;102.15357745;0.00000000;17.15880832;13.97185499;2.10202691;1.05642548;-1.45044856;0.00407487;14.33067296;0.89796588
1023;102.25353203;0.00000000;17.17082895;13.87262586;2.08587240;1.06605330;-1.45003720;0.00415603;14.33693479;0.89403083
1024;102.35348661;0.00000000;17.18289081;13.77340172;2.06708191;1.08480353;-1.44961773;0.00423719;14.34316646;0.89011444
1025;102.45344119;0.00000000;17.19499469;13.67418271;2.05303338;1.11065638;-1.44919015;0.00431834;14.34936814;0.88621659
1026;102.55339576;0.00000000;17.20714139;13.57496893;2.04382540;1.10481226;-1.44875445;0.00439949;14.35554001;0.88233719
1027;102.65335034;0.00000000;17.21933172;13.47576050;2.03110038;1.10794737;-1.44831065;0.00448063;14.36168222;0.87847613
1028;102.75330492;0.00000000;17.23156648;13.37655753;2.00017949;1.11998552;-1.44785873;0.00456176;14.36779495;0.87463332
1029;102.85325949;0.00000000;17.24384648;13.27736016;1.97388545;1.14064406;-1.44739871;0.00464288;14.37387835;0.87080866
1030;102.95321407;0.00000000;17.25617251;13.17816850;1.95240599;1.15437902;-1.44693058;0.00472399;14.37993260;0.86700204
1031;103.05316865;0.00000000;17.26854537;13.07898267;1.93590219;1.15981343;-1.44645434;0.00480508;14.38595784;0.86321338
1032;103.15312322;0.00000000;17.28096587;12.97980279;1.92450288;1.17371821;-1.44597000;0.00488616;14.39195426;0.85944256
1033;103.25307780;0.00000000;17.29343481;12.88062899;1.91829986;1.19579715;-1.44547756;0.00496720;14.39792200;0.85568951
1034;103.35303238;0.00000000;17.30595299;12.78146139;1.90388509;1.22560779;-1.44497701;0.00504822;14.40386122;0.85195411
1035;103.45298695;0.00000000;17.31852120;12.68230012;1.88868463;1.23586160;-1.44446837;0.00512925;14.40977208;0.84823628
1036;103.55294153;0.00000000;17.33114025;12.58314531;1.87873752;1.25166168;-1.44395163;0.00521027;14.41565474;0.84453592
1037;103.65289611;0.00000000;17.34381094;12.48399708;1.87412823;1.26322323;-1.44342679;0.00529122;14.42150935;0.84085294
1038;103.75285068;0.00000000;17.35653406;12.38485557;1.86564682;1.26497183;-1.44289387;0.00537210;14.42733608;0.83718724
1039;103.85280526;0.00000000;17.36931042;12.28572091;1.84685324;1.27452768;-1.44235286;0.00545289;14.43313506;0.83353873
1040;103.95275984;0.00000000;17.38214081;12.18659323;1.83337834;1.29171672;-1.44180379;0.00553360;14.43890646;0.82990731
1041;104.05271441;0.00000000;17.39502602;12.08747265;1.82534073;1.31623916;-1.44124661;0.00561577;14.44465042;0.82629291
1042;104.15266899;0.00000000;17.40796688;11.98835932;1.80716248;1.34769398;-1.44068111;0.00569936;14.45036710;0.82269542
1043;104.25262357;0.00000000;17.42096419;11.88925338;1.78974342;1.38349983;-1.44010720;0.00578506;14.45605664;0.81911475
1044;104.35257814;0.00000000;17.43401881;11.79015497;1.77783950;1.38205117;-1.43952457;0.00587281;14.46171920;0.81555082
1045;104.45253272;0.00000000;17.44713160;11.69106425;1.77156277;1.38776035;-1.43893317;0.00596039;14.46735491;0.81200354
1046;104.55248730;0.00000000;17.46030342;11.59198136;1.77097394;1.40053897;-1.43833304;0.00604779;14.47296394;0.80847281
1047;104.65244187;0.00000000;17.47353514;11.49290644;1.76262919;1.42019535;-1.43772418;0.00613477;14.47854641;0.80495856
1048;104.75239645;0.00000000;17.48682760;11.39383966;1.74691603;1.43478114;-1.43710665;0.00622135;14.48410249;0.80146068
1049;104.85235103;0.00000000;17.50018167;11.29478116;1.73688421;1.44221762;-1.43648047;0.00630819;14.48963230;0.79797910
1050;104.95230560;0.00000000;17.51359820;11.19573110;1.72662826;1.45642972;-1.43584558;0.00639529;14.49513599;0.79451373
1051;105.05226018;0.00000000;17.52707803;11.09668964;1.70675900;1.47722103;-1.43520200;0.00648214;14.50061371;0.79106449
1052;105.15221476;0.00000000;17.54062204;10.99765693;1.69263318;1.48330760;-1.43454975;0.00656875;14.50606560;0.78763128
1053;105.25216933;0.00000000;17.55423107;10.89863314;1.67495064;1.48590978;-1.43388884;0.00665538;14.51149178;0.78421402
1054;105.35212391;0.00000000;17.56790597;10.79961842;1.65621868;1.49513841;-1.43321928;0.00674204;14.51689241;0.78081263
1055;105.45207849;0.00000000;17.58164759;10.70061294;1.64343030;1.51087123;-1.43254105;0.00682859;14.52226762;0.77742703
1056;105.55203307;0.00000000;17.59545678;10.60161686;1.63672569;1.52106400;-1.43185418;0.00691502;14.52761755;0.77405714
1057;105.65198764;0.00000000;17.60933439;10.50263035;1.63345373;1.52516509;-1.43115868;0.00700140;14.53294233;0.77070286
1058;105.75194222;0.00000000;17.62328128;10.40365358;1.61583482;1.53570520;-1.43045454;0.00708773;14.53824210;0.76736412
1059;105.85189680;0.00000000;17.63729828;10.30468671;1.59903951;1.55255234;-1.42974178;0.00717397;14.54351699;0.76404084
1060;105.95185137;0.00000000;17.65138624;10.20572992;1.58843994;1.57046639;-1.42902040;0.00726012;14.54876714;0.76073293
1061;106.05180595;0.00000000;17.66554601;10.10678337;1.58416134;1.57612303;-1.42829041;0.00734619;14.55399267;0.75744032
1062;106.15176053;0.00000000;17.67977843;10.00784725;1.56728175;1.58708673;-1.42755183;0.00743219;14.55919373;0.75416292
1063;106.25171510;0.00000000;17.69408435;9.90892173;1.55217120;1.59925553;-1.42680465;0.00751810;14.56437043;0.75090066
1064;106.35166968;0.00000000;17.70846460;9.81000700;1.54347405;1.60386155;-1.42604889;0.00760393;14.56952292;0.74765346
1065;106.45162426;0.00000000;17.72292003;9.71110321;1.54129973;1.60486960;-1.42528456;0.00768966;14.57465131;0.74442123
1066;106.55157883;0.00000000;17.73745147;9.61221057;1.54419345;1.61201006;-1.42451166;0.00777532;14.57975574;0.74120391
1067;106.65153341;0.00000000;17.75205977;9.51332925;1.52477980;1.62520126;-1.42373020;0.00786090;14.58483633;0.73800141
1068;106.75148799;0.00000000;17.76674575;9.41445944;1.50278148;1.64429673;-1.42294020;0.00794639;14.58989322;0.73481366
1069;106.85144256;0.00000000;17.78151026;9.31560133;1.47823242;1.65269044;-1.42214165;0.00803177;14.59492652;0.73164058
1070;106.95139714;0.00000000;17.79635413;9.21675511;1.46020670;1.66115949;-1.42133458;0.00811702;14.59993636;0.72848209
1071;107.05135172;0.00000000;17.81127819;9.11792094;1.44894866;1.67547910;-1.42051898;0.00820230;14.60492287;0.72533812
1072;107.15130629;0.00000000;17.82628328;9.01909906;1.44461739;1.68865628;-1.41969486;0.00828762;14.60988616;0.72220860
1073;107.25126087;0.00000000;17.84137022;8.92028963;1.44727595;1.68685135;-1.41886222;0.00837269;14.61482637;0.71909344
1074;107.35121545;0.00000000;17.85653985;8.82149288;1.43537206;1.69087983;-1.41802109;0.00845751;14.61974361;0.71599258
1075;107.45117002;0.00000000;17.87179300;8.72270901;1.42599064;1.70069940;-1.41717149;0.00854202;14.62463800;0.71290595
1076;107.55112460;0.00000000;17.88713048;8.62393818;1.41763889;1.71620984;-1.41631347;0.00862623;14.62950966;0.70983346
1077;107.65107918;0.00000000;17.90255313;8.52518054;1.41587406;1.72519545;-1.41544698;0.00871222;14.63435872;0.70677504
1078;107.75103375;0.00000000;17.91806177;8.42643640;1.42124136;1.73046263;-1.41457177;0.00880001;14.63918529;0.70373063
1079;107.85098833;0.00000000;17.93365726;8.32770593;1.40899112;1.74137333;-1.41368788;0.00888400;14.64398949;0.70070015
1080;107.95094291;0.00000000;17.94934040;8.22898941;1.39546966;1.75126641;-1.41279587;0.00896422;14.64877144;0.69768354
1081;108.05089748;0.00000000;17.96511198;8.13028706;1.38911688;1.74091910;-1.41189620;0.00903063;14.65353124;0.69468071
1082;108.15085206;0.00000000;17.98097264;8.03159891;1.39003172;1.73618349;-1.41099089;0.00908370;14.65826903;0.69169160
1083;108.25080664;0.00000000;17.99692291;7.93292514;1.39820046;1.73710498;-1.41008044;0.00913066;14.66298491;0.68871614
1084;108.35076121;0.00000000;18.01296323;7.83426597;1.41349781;1.73982134;-1.40916573;0.00917187;14.66767899;0.68575426
1085;108.45071579;0.00000000;18.02909400;7.73562149;1.40548375;1.74661350;-1.40824686;0.00921460;14.67235140;0.68280588
1086;108.55067037;0.00000000;18.04531560;7.63699201;1.39463096;1.75649791;-1.40732361;0.00925870;14.67700224;0.67987095
1087;108.65062494;0.00000000;18.06162846;7.53837761;1.39098728;1.74750214;-1.40639601;0.00930095;14.68163163;0.67694940
1088;108.75057952;0.00000000;18.07803300;7.43977840;1.39460965;1.74410443;-1.40546431;0.00934140;14.68623967;0.67404115
1089;108.85053410;0.00000000;18.09452960;7.34119452;1.40022490;1.74633704;-1.40452858;0.00938166;14.69082648;0.67114613
1090;108.95048868;0.00000000;18.11111864;7.24262615;1.41138801;1.75417808;-1.40358884;0.00942180;14.69539216;0.66826429
1091;109.05044325;0.00000000;18.12780051;7.14407342;1.42809412;1.76755252;-1.40264508;0.00946194;14.69993684;0.66539555
1092;109.15039783;0.00000000;18.14457556;7.04553656;1.43061209;1.75547313;-1.40169731;0.00950202;14.70446060;-9.15324528
1093;109.25035241;0.00000000;18.16144420;6.94701568;1.41623504;1.73859485;-1.40074554;0.00954210;14.64210860;-10.78305276
1094;109.35030698;0.00000000;18.17840680;6.84851092;1.40891544;1.72510902;-1.39978976;0.00958219;14.56831195;-10.78677951
1095;109.45026156;0.00000000;18.19546374;6.75002244;1.40876369;1.71724885;-1.39882996;0.00962274;14.49411388;-10.79058728
1096;109.55021614;0.00000000;18.21261539;6.65155042;1.41578251;1.71509130;-1.39786607;0.00966374;14.41950762;-10.79448161
1097;109.65017071;0.00000000;18.22986216;6.55309501;1.42986670;1.71865744;-1.39689808;0.00970480;14.34448620;-10.79854505
1098;109.75012529;0.00000000;18.24720443;6.45465639;1.44720574;1.72791141;-1.39592599;0.00974590;14.26904189;-10.80278015
1099;109.85007987;0.00000000;18.26464258;6.35623469;1.46464227;1.73591722;-1.39494978;0.00978731;14.19316673;-10.80713767
1100;109.95003444;0.00000000;18.28217701;6.25783012;1.48217667;1.71834953;-1.39396941;0.00982900;14.11685291;-10.81162065
1101;110.04998902;0.00000000;18.29980811;6.15944280;1.49980933;1.70068550;-1.39298487;0.00987085;14.04009238;-10.81625917
1102;110.14994360;0.00000000;18.31753626;6.06107294;1.51754064;1.68292478;-1.39199613;0.00991285;13.96287667;-10.82105611
1103;110.24989817;0.00000000;18.33536189;5.96272068;1.53537100;1.66506704;-1.39100319;0.00995505;13.88519703;-10.82600012
1104;110.34985275;0.00000000;18.35328536;5.86438623;1.55330080;1.64711194;-1.39000602;0.00999746;13.80704458;-10.83109406
1105;110.44980733;0.00000000;18.37130710;5.76606971;1.57133044;1.62905913;-1.38900460;0.01004005;13.72841015;-10.83634416
1106;110.54976190;0.00000000;18.38942749;5.66777135;1.56184932;1.61090827;-1.38799892;0.01008280;13.64928426;-10.84175276
1107;110.64971648;0.00000000;18.40764694;5.56949129;1.55293380;1.59265904;-1.38698895;0.01012574;13.56965716;-10.84732074
1108;110.74967106;0.00000000;18.42596585;5.47122973;1.55052539;1.57431111;-1.38597469;0.01016885;13.48951877;-10.85305130
1109;110.84962563;0.00000000;18.44438462;5.37298683;1.55465478;1.55586415;-1.38495611;0.01021208;13.40885873;-10.85895367
1110;110.94958021;0.00000000;18.46290367;5.27476280;1.56527063;1.53731783;-1.38393320;0.01025543;13.32766627;-10.86502943
1111;111.04953479;0.00000000;18.48152340;5.17655777;1.58224283;1.51867184;-1.38290594;0.01029907;13.24593029;-10.87124946
1112;111.14948936;0.00000000;18.50024420;5.07837199;1.60537017;1.49992587;-1.38187431;0.01034301;13.16363958;-10.87761669
1113;111.24944394;0.00000000;18.51906651;4.98020560;1.63439178;1.48107961;-1.38083828;0.01038696;13.08078254;-10.88418110
1114;111.34939852;0.00000000;18.53799073;4.88205884;1.66900057;1.46213276;-1.37979786;0.01043090;12.99734682;-10.89094720
1115;111.44935309;0.00000000;18.55701726;4.78393182;1.70885750;1.44308503;-1.37875306;0.01047439;12.91331965;-10.89798869
1116;111.54930767;0.00000000;18.57614652;4.68582479;1.75360508;1.42393613;-1.37770394;0.01051748;12.82868725;-10.90529379
1117;111.64926225;0.00000000;18.59537892;4.58773788;1.79598440;1.40468580;-1.37665045;0.01056308;12.74343551;-10.91239042
1118;111.74921682;0.00000000;18.61471486;4.48967138;1.81536289;1.38533376;-1.37559223;0.01061106;12.65755355;-10.91931280
1119;111.84917140;0.00000000;18.63415480;4.39162545;1.83482279;1.36587974;-1.37452926;0.01065691;12.57102984;-10.92679004
1120;111.94912598;0.00000000;18.65369916;4.29360031;1.85431006;1.34632346;-1.37346187;0.01070067;12.48384660;-10.93479820
1121;112.04908055;0.00000000;18.67334836;4.19559607;1.87390476;1.32666471;-1.37239071;0.01072072;12.39598563;-10.94665454
1122;112.14903513;0.00000000;18.69310255;4.09761296;1.89360704;1.30690351;-1.37131924;0.01071832;12.30740116;-10.96201352
1123;112.24898971;0.00000000;18.71296171;3.99965098;1.91341687;1.28704011;-1.37024866;0.01069089;12.21804880;-10.98111977
1124;112.34894429;0.00000000;18.73292552;3.90171037;1.93333391;1.26707506;-1.36918261;0.01063972;12.12788069;-11.00362872
1125;112.44889886;0.00000000;18.75299348;3.80379102;1.95335766;1.23527407;-1.36812172;0.01058701;12.03685025;-11.02616733
1126;112.54885344;0.00000000;18.77316503;3.70589302;1.97348756;1.18376374;-1.36706621;0.01053277;11.94493751;-11.04872119
1127;112.64880802;0.00000000;18.79343965;3.60801625;1.99372309;1.13780442;-1.36601608;0.01048024;11.85212182;-11.07082688
1128;112.74876259;0.00000000;18.81381679;3.51016080;2.01406367;1.09893923;-1.36497107;0.01042937;11.75838560;-11.09249844
1129;112.84871717;0.00000000;18.83429594;3.41232659;2.03840687;1.06794350;-1.36393124;0.01037497;11.66371039;-11.11445478
1130;112.94867175;0.00000000;18.85487651;3.31451375;2.06739974;1.04551797;-1.36289710;0.01031719;11.56807066;-11.13664927
1131;113.04862632;0.00000000;18.87555795;3.21672214;2.10084923;1.02478626;-1.36186878;0.01025793;11.47144022;-11.15881022
1132;113.14858090;0.00000000;18.89633964;3.11895183;2.13854563;1.00395639;-1.36084648;0.01019728;11.37379411;-11.18091581
1133;113.24853548;0.00000000;18.91722098;3.02120271;2.18026812;0.98302923;-1.35983030;0.01013455;11.27510643;-11.20304222
1134;113.34849005;0.00000000;18.93820132;2.92347484;2.22578967;0.96200569;-1.35882054;0.01006989;11.17534940;-11.22515725
1135;113.44844463;0.00000000;18.95928003;2.82576809;2.25967183;0.94088674;-1.35781729;0.01000326;11.07449424;-11.24725183
1136;113.54839921;0.00000000;18.98045640;2.72808251;2.28088721;0.91967341;-1.35682084;0.00993477;10.97251083;-11.26929764
1137;113.64835378;0.00000000;19.00172978;2.63041798;2.30220148;0.89836675;-1.35583128;0.00986452;10.86936789;-11.29127030
1138;113.74830836;0.00000000;19.02309943;2.53277450;2.32361393;0.87696791;-1.35484887;0.00979262;10.76503274;-11.31314316
1139;113.84826294;0.00000000;19.04456466;2.43515196;2.34506993;0.85547807;-1.35387368;0.00971943;10.65947133;-11.33486398
1140;113.94821751;0.00000000;19.06612471;2.33755035;2.36657849;0.83389848;-1.35290590;0.00964503;10.55264829;-11.35641313
1141;114.04817209;0.00000000;19.08777884;2.23996955;2.38818394;0.81223048;-1.35194557;0.00956982;10.44452656;-11.37773892
1142;114.14812667;0.00000000;19.10952631;2.14240953;2.40988552;0.79047546;-1.35099282;0.00949384;10.33506753;-11.39882855
1143;114.24808124;0.00000000;19.13136633;2.04487022;2.43168247;0.76863493;-1.35004766;0.00941825;10.22423057;-11.41955656
1144;114.34803582;0.00000000;19.15329818;1.94735149;2.45357401;0.74671043;-1.34911003;0.00934295;10.11197394;-11.43993143
1145;114.44799040;0.00000000;19.17532109;1.84985324;2.47555941;0.72470365;-1.34817990;0.00926827;9.99825334;-11.45992348
1146;114.54794497;0.00000000;19.19743432;1.75237544;2.49763789;0.70261637;-1.34725720;0.00919424;9.88302212;-11.47953216
1147;114.64789955;0.00000000;19.21963709;1.65491814;2.51980868;0.68045058;-1.34634174;0.00912591;9.76623073;-11.49827843
1148;114.74785413;0.00000000;19.24192877;1.55748108;2.54207112;0.65820825;-1.34543273;0.00906258;9.64783145;-11.51626619
1149;114.84780870;0.00000000;19.26430863;1.46006455;2.56442451;0.63589168;-1.34452972;0.00901188;9.52777228;-11.53283367
1150;114.94776328;0.00000000;19.28677632;1.36266789;2.56380393;0.61350300;-1.34363090;0.00897267;9.40600476;-11.54814681
1151;115.04771786;0.00000000;19.30933094;1.26529272;2.56653679;0.59591367;-1.34274214;0.00869988;9.28247517;-11.58342774
1152;115.14767243;0.00000000;19.33197039;1.16793613;2.57017475;0.59474247;-1.34189679;0.00821481;9.15689424;-11.63510748
1153;115.24762701;0.00000000;19.35468770;1.07060155;2.57776647;0.61008922;-1.34117154;0.00500561;9.02899483;-11.90700293
1154;115.34758159;0.00000000;19.37745360;0.97327472;2.57275671;0.62267275;-1.34095432;-0.00065825;8.89620305;-11.77380894
1155;115.44753616;0.00000000;19.40021225;0.87594907;2.55919820;0.60976308;-1.34131593;-0.00681146;8.76291827;-11.28923400
1156;115.54749074;0.00000000;19.42290539;0.77860401;2.54942070;0.59758118;-1.34232625;-0.01340223;8.63318686;-10.79912859
1157;115.64744532;0.00000000;19.44546778;0.68122909;2.54046789;0.60190751;-1.34400732;-0.02045863;8.50723637;-10.30756585
1158;115.74739990;0.00000000;19.46783103;0.58380737;2.51652226;0.62266240;-1.34642604;-0.02793601;8.38525455;-9.85998880
1159;115.84735447;0.00000000;19.48992218;0.48632400;2.49607792;0.65596646;-1.34958584;-0.03517938;8.26688526;-9.45196843
1160;115.94730905;0.00000000;19.51167048;0.38876363;2.47914995;0.67880557;-1.35345363;-0.04220986;8.15180084;-9.06495365
1161;116.04726363;0.00000000;19.53300699;0.29111220;2.46574109;0.69028742;-1.35802480;-0.04927209;8.03988120;-8.69751512
1162;116.14721820;0.00000000;19.55386229;0.19335693;2.45583891;0.69314163;-1.36330448;-0.05636875;7.93101360;-8.34876205
1163;116.24717278;0.00000000;19.57416650;0.09548551;2.44534322;0.70672538;-1.36929431;-0.06349542;7.82508676;-8.01773933
1164;116.34712736;0.00000000;19.59384900;-0.00251216;2.41682609;0.73439433;-1.37599854;-0.07064961;7.72199219;-7.70469587
1165;116.44708193;0.00000000;19.61283896;-0.10064627;2.38714928;0.75431796;-1.38341797;-0.07780943;7.62160902;-7.40842019
1166;116.54703651;0.00000000;19.63106510;-0.19892502;2.36057949;0.78427907;-1.39155364;-0.08497781;7.52382304;-7.12802521
1167;116.64699109;0.00000000;19.64845589;-0.29735551;2.33715425;0.82608441;-1.40040606;-0.09215351;7.42852311;-6.86206064
1168;116.74694566;0.00000000;19.66493921;-0.39594157;2.30472756;0.87810005;-1.40997665;-0.09934675;7.33560951;-6.60989452
1169;116.84690024;0.00000000;19.68044285;-0.49468715;2.26827050;0.91180388;-1.42026697;-0.10655448;7.24498368;-6.37047571
1170;116.94685482;0.00000000;19.69489377;-0.59359129;2.23467971;0.94589884;-1.43127870;-0.11378255;7.15655448;-6.14363765
1171;117.04680939;0.00000000;19.70821901;-0.69265413;2.20402035;0.98996105;-1.44301363;-0.12102096;7.07022649;-5.92817104
1172;117.14676397;0.00000000;19.72034485;-0.79187005;2.17635092;1.04278155;-1.45547287;-0.12828089;6.98591490;-5.72372500
1173;117.24671855;0.00000000;19.73119763;-0.89123419;2.14897976;1.10256369;-1.46865893;-0.13555772;6.90353402;-5.52910009
1174;117.34667312;0.00000000;19.74070297;-0.99073525;2.10691954;1.13901474;-1.48257346;-0.14286515;6.82300991;-5.34423539
1175;117.44662770;0.00000000;19.74878655;-1.09036284;2.05619373;1.16812977;-1.49722000;-0.15019428;6.74426443;-5.16795998
1176;117.54658228;0.00000000;19.75537349;-1.19009951;2.00710027;1.20622585;-1.51260037;-0.15756067;6.66723182;-5.00020558
1177;117.64653685;0.00000000;19.76038893;-1.28992845;1.96046015;1.24777054;-1.52871918;-0.16495695;6.59184294;-4.83975350
1178;117.74649143;0.00000000;19.76375766;-1.38982555;1.90464013;1.28870845;-1.54557898;-0.17240217;6.51804283;-4.68663309
1179;117.84644601;0.00000000;19.76540447;-1.48976666;1.84602096;1.33736902;-1.56318576;-0.17988803;6.44577237;-4.53959031
1180;117.94640058;0.00000000;19.76525402;-1.58972041;1.78955082;1.38226924;-1.58154304;-0.18743676;6.37498830;-4.39870091
1181;118.04635516;0.00000000;19.76323097;-1.68965435;1.73539345;1.42407677;-1.60065845;-0.19503993;6.30564312;-4.26268215
1182;118.14630974;0.00000000;19.75926012;-1.78952928;1.68137149;1.46515215;-1.62053680;-0.20272267;6.23770679;-4.13154786
1183;118.24626431;0.00000000;19.75326634;-1.88930354;1.61391948;1.51348409;-1.64118764;-0.21047880;6.17114672;-4.00386757
1184;118.34621889;0.00000000;19.74517485;-1.98892933;1.54834745;1.56844637;-1.66261789;-0.21833916;6.10595136;-3.87974556
1185;118.44617347;0.00000000;19.73491111;-2.08835477;1.48487327;1.62940628;-1.68483958;-0.22629562;6.04210604;-3.75767388
1186;118.54612804;0.00000000;19.72240109;-2.18752264;1.42374544;1.69574810;-1.70786194;-0.23438268;5.97961972;-3.63737939
1187;118.64608262;0.00000000;19.70757139;-2.28636969;1.36524591;1.76688896;-1.73169993;-0.24260204;5.91850543;-3.51719703
1188;118.74603720;0.00000000;19.69034905;-2.38482847;1.30969075;1.84228973;-1.75636720;-0.25099352;5.85880420;-3.39709434
1189;118.84599177;0.00000000;19.67066214;-2.48282391;1.24849901;1.92145699;-1.78188219;-0.25955102;5.80055828;-3.27446399
1190;118.94594635;0.00000000;19.64843946;-2.58027603;1.18151817;1.98647278;-1.80826313;-0.26834108;5.74385594;-3.14911998
1191;119.04590093;0.00000000;19.62361147;-2.67709527;1.11733086;2.04362832;-1.83553440;-0.27735901;5.68879101;-3.02010481
1192;119.14585551;0.00000000;19.59610877;-2.77318975;1.05642123;2.10402747;-1.86371883;-0.28662062;5.63547660;-2.88383300
1193;119.24581008;0.00000000;19.56586429;-2.86845741;0.99936190;2.13422274;-1.89284342;-0.29621848;5.58409276;-2.73377081
1194;119.34576466;0.00000000;19.53281220;-2.96278801;0.94681639;2.16723098;-1.92295435;-0.30633203;5.53494229;-2.57759634
1195;119.44571924;0.00000000;19.49688744;-3.05606226;0.89953498;2.20312399;-1.95409330;-0.31669151;5.48819652;-2.41445145
1196;119.54567381;0.00000000;19.45802904;-3.14815082;0.85833985;2.24197175;-1.98627479;-0.32729077;5.44404538;-2.23477294
1197;119.64562839;0.00000000;19.41617806;-3.23892096;0.81629674;2.28384503;-2.01953844;-0.33839592;5.40285837;-2.03007121
1198;119.74558297;0.00000000;19.37128190;-3.32822130;0.77128848;2.32881147;-2.05394906;-0.35022373;5.36516996;-1.79294500
1199;119.84553754;0.00000000;19.32328898;-3.41589218;0.72898884;2.37694165;-2.08957823;-0.36293258;5.33166227;-1.52620752
1200;119.94549212;0.00000000;19.27214881;-3.50176258;0.69483399;2.42830957;-2.12652015;-0.37631343;5.30297273;-1.19954662
1201;120.04544670;0.00000000;19.21780069;-3.58567022;0.65722808;2.48247206;-2.16485310;-0.39123267;5.28031433;-0.76540296
1202;120.14540127;0.00000000;19.16022196;-3.66737264;0.62947707;2.53984607;-2.20483236;-0.40902704;5.26580557;-0.40163389
1203;120.24535585;0.00000000;19.09933462;-3.74667621;0.61277980;2.58437190;-2.24655742;-0.42336058;5.25817630;-0.10680163
1204;120.34531043;0.00000000;19.03517753;-3.82329673;0.60794214;2.60466673;-2.28940966;-0.43435663;5.25614568;-0.10680163
1205;120.44526500;0.00000000;18.96778173;-3.89704342;0.61243347;2.62027847;-2.33300035;-0.43227469;5.25411427;-0.03997163
1206;120.54521958;0.00000000;18.89725516;-3.96782756;0.61531464;2.57286954;-2.37550724;-0.41810674;5.25335379;0.35451640
1207;120.64517416;0.00000000;18.82380874;-4.03562996;0.63009064;2.53231637;-2.41645342;-0.40035653;5.26009479;0.81573420
1208;120.74512873;0.00000000;18.74770555;-4.10043870;0.65609776;2.49085995;-2.45562406;-0.38387847;5.27557295;1.20842851
1209;120.84508331;0.00000000;18.66915974;-4.16228197;0.69218251;2.45408888;-2.49345521;-0.37465102;5.29841918;1.37380338
1210;120.94503789;0.00000000;18.58839772;-4.22111033;0.73687468;2.42448023;-2.53051114;-0.36676948;5.32427288;1.49327411
1211;121.04499246;0.00000000;18.50552209;-4.27695161;0.76079633;2.40223625;-2.56663631;-0.35548900;5.35223326;1.70577736
1212;121.14494704;0.00000000;18.42069870;-4.32982305;0.77555335;2.37027374;-2.60158947;-0.34406508;5.38399493;1.91438711
1213;121.24490162;0.00000000;18.33408794;-4.37975671;0.79932101;2.32050367;-2.63544997;-0.33328971;5.41941924;2.09770622
1214;121.34485619;0.00000000;18.24589705;-4.42675871;0.83138400;2.27371729;-2.66823130;-0.32280966;5.45797174;2.26851504
1215;121.44481077;0.00000000;18.15621707;-4.47089826;0.87090087;2.22951945;-2.70005782;-0.31437211;5.49935928;2.37554508
1216;121.54476535;0.00000000;18.06520972;-4.51219193;0.91221752;2.18807553;-2.73107291;-0.30626285;5.54236824;2.47351507
1217;121.64471992;0.00000000;17.97297471;-4.55068242;0.95079342;2.14948086;-2.76132171;-0.29926679;5.58679908;2.53852638
1218;121.74467450;0.00000000;17.87962137;-4.58640013;0.98954507;2.11369350;-2.79090743;-0.29274634;5.63203326;2.59152163
1219;121.84462908;0.00000000;17.78527199;-4.61936803;1.03397401;2.08068105;-2.81985031;-0.28643776;5.67784004;2.64123132
1220;121.94458365;0.00000000;17.69000350;-4.64962586;1.08341062;2.05039665;-2.84817265;-0.28025170;5.72414831;2.69064088
1221;122.04453823;0.00000000;17.59394510;-4.67719704;1.13719746;2.02281103;-2.87589707;-0.27462711;5.77094079;2.72513838
1222;122.14449281;0.00000000;17.49713763;-4.70212856;1.19152530;1.99787308;-2.90307801;-0.26918502;5.81794961;2.75762808
1223;122.24444738;0.00000000;17.39972727;-4.72443916;1.22443934;1.97556082;-2.92971020;-0.26382406;5.86513536;2.79151780
1224;122.34440196;0.00000000;17.30172364;-4.74418123;1.24418209;1.93728411;-2.95582478;-0.25862857;5.91251746;2.82375659
