id; s_m; d_m; x_m; y_m; d_right; d_left; psi_rad; kappa_radpm; vx_mps; ax_mps2
0;0.00000000;0.00000000;17.26509918;-5.27624135;1.77659060;1.42152422;2.89039914;-0.14631299;0.00000000;0.00000000
1;0.10000000;0.00000000;17.16831321;-5.25140475;1.75637267;1.41451863;2.87576784;-0.18962606;0.00000000;0.00000000
2;0.20000000;0.00000000;17.07229884;-5.22374793;1.73876433;1.40570017;2.85247393;-0.20001959;0.00000000;0.00000000
3;0.30000000;0.00000000;16.97677692;-5.19443166;1.72504487;1.39579403;2.83576392;-0.18489827;0.00000000;0.00000000
4;0.40000000;0.00000000;16.88174013;-5.16358200;1.71543449;1.39461085;2.81549427;-0.21469808;0.00000000;0.00000000
5;0.50000000;0.00000000;16.78749470;-5.13042184;1.70917135;1.40300033;2.79282431;-0.20669150;0.00000000;0.00000000
6;0.60000000;0.00000000;16.69395349;-5.09529652;1.70664966;1.42044275;2.77415597;-0.17989947;0.00000000;0.00000000
7;0.70000000;0.00000000;16.60100528;-5.05863887;1.70833199;1.44229600;2.75684441;-0.16068146;0.00000000;0.00000000
8;0.80000000;0.00000000;16.50873423;-5.02029587;1.70577316;1.45092080;2.74201968;-0.16841910;0.00000000;0.00000000
9;0.90000000;0.00000000;16.41690876;-4.98089676;1.69996843;1.46744430;2.72316059;-0.18463688;0.00000000;0.00000000
10;1.00000000;0.00000000;16.32614809;-4.93910105;1.68997318;1.45709964;2.70509230;-0.12596168;0.00000000;0.00000000
11;1.10000000;0.00000000;16.23580589;-4.89641005;1.67048198;1.45294573;2.69796826;-0.06394525;0.00000000;0.00000000
12;1.20000000;0.00000000;16.14565006;-4.85332554;1.65636503;1.45608964;2.69230325;-0.06788276;0.00000000;0.00000000
13;1.30000000;0.00000000;16.05579788;-4.80961398;1.64750005;1.46351925;2.68439171;-0.08793416;0.00000000;0.00000000
14;1.40000000;0.00000000;15.96633607;-4.76510889;1.64378462;1.45816131;2.67471642;-0.10590810;0.00000000;0.00000000
15;1.50000000;0.00000000;15.87734759;-4.71966748;1.64508918;1.45273588;2.66321009;-0.10530810;0.00000000;0.00000000
16;1.60000000;0.00000000;15.78893266;-4.67311515;1.65120161;1.45542052;2.65365480;-0.06223761;0.00000000;0.00000000
17;1.70000000;0.00000000;15.70082655;-4.62598031;1.65295984;1.46558528;2.65076256;-0.00782046;0.00000000;0.00000000
18;1.80000000;0.00000000;15.61268210;-4.57891719;1.64252874;1.48235087;2.65209071;-0.00599177;0.00000000;0.00000000
19;1.90000000;0.00000000;15.52445112;-4.53201655;1.63832140;1.50539759;2.64956421;-0.04907952;0.00000000;0.00000000
20;2.00000000;0.00000000;15.43654649;-4.48450911;1.62943407;1.52050062;2.64227481;-0.05740858;0.00000000;0.00000000
21;2.10000000;0.00000000;15.34900935;-4.43632761;1.62468433;1.52157053;2.63808249;-0.01906927;0.00000000;0.00000000
22;2.20000000;0.00000000;15.26150570;-4.38808456;1.62600239;1.52097648;2.63846095;-0.00976562;0.00000000;0.00000000
23;2.30000000;0.00000000;15.17393183;-4.33996918;1.63358817;1.52289562;2.63612937;-0.04234517;0.00000000;0.00000000
24;2.40000000;0.00000000;15.08665395;-4.29131853;1.64660796;1.53195348;2.62999192;-0.06421315;0.00000000;0.00000000
25;2.50000000;0.00000000;14.99967681;-4.24213158;1.65170169;1.53316547;2.62328674;-0.06713849;0.00000000;0.00000000
26;2.60000000;0.00000000;14.91305890;-4.19231474;1.65269724;1.52003429;2.61656422;-0.06432609;0.00000000;0.00000000
27;2.70000000;0.00000000;14.82675121;-4.14196303;1.65910340;1.51401849;2.61042152;-0.06098581;0.00000000;0.00000000
28;2.80000000;0.00000000;14.74075231;-4.09108613;1.67086665;1.51519392;2.60436706;-0.05858688;0.00000000;0.00000000
29;2.90000000;0.00000000;14.65506090;-4.03969319;1.67558772;1.52353536;2.59870415;-0.05189502;0.00000000;0.00000000
30;3.00000000;0.00000000;14.56964353;-3.98784545;1.66458503;1.53056514;2.59398806;-0.04112059;0.00000000;0.00000000
31;3.10000000;0.00000000;14.48444021;-3.93564627;1.65912503;1.53470755;2.59048003;-0.01416499;0.00000000;0.00000000
32;3.20000000;0.00000000;14.39938843;-3.88320035;1.65938439;1.54560017;2.59115506;0.00547913;0.00000000;0.00000000
33;3.30000000;0.00000000;14.31411463;-3.83111619;1.66607139;1.55107195;2.59157586;-0.01446180;0.00000000;0.00000000
34;3.40000000;0.00000000;14.22901885;-3.77874193;1.66790854;1.56274487;2.58826270;-0.03223843;0.00000000;0.00000000
35;3.50000000;0.00000000;14.14409220;-3.72609397;1.66342738;1.57455721;2.58512817;-0.02598067;0.00000000;0.00000000
36;3.60000000;0.00000000;14.05932646;-3.67318729;1.66463738;1.56388013;2.58306656;-0.00483076;0.00000000;0.00000000
37;3.70000000;0.00000000;13.97461759;-3.62018960;1.65068001;1.55965224;2.58416202;0.00412324;0.00000000;0.00000000
38;3.80000000;0.00000000;13.88973602;-3.56746868;1.63620505;1.56149299;2.58389121;-0.01798555;0.00000000;0.00000000
39;3.90000000;0.00000000;13.80505573;-3.51442503;1.62736660;1.57008298;2.58056491;-0.02998084;0.00000000;0.00000000
40;4.00000000;0.00000000;13.72052682;-3.46114064;1.62435277;1.57589557;2.57789504;-0.01720602;0.00000000;0.00000000
41;4.10000000;0.00000000;13.63613107;-3.40764563;1.62723109;1.57999220;2.57712371;0.00473704;0.00000000;0.00000000
42;4.20000000;0.00000000;13.55168466;-3.35423103;1.63631216;1.57890608;2.57884245;0.00889567;0.00000000;0.00000000
43;4.30000000;0.00000000;13.46710548;-3.30102643;1.63172541;1.57731009;2.57890284;-0.01141830;0.00000000;0.00000000
44;4.40000000;0.00000000;13.38265235;-3.24762185;1.61872439;1.57654849;2.57655879;-0.02097458;0.00000000;0.00000000
45;4.50000000;0.00000000;13.29832347;-3.19402129;1.61159264;1.58234111;2.57470792;-0.00383326;0.00000000;0.00000000
46;4.60000000;0.00000000;13.21406863;-3.14030446;1.61050237;1.58819935;2.57579214;0.01445804;0.00000000;0.00000000
47;4.70000000;0.00000000;13.12962418;-3.08688718;1.61595642;1.58607901;2.57759953;-0.00334824;0.00000000;0.00000000
48;4.80000000;0.00000000;13.04517622;-3.03347559;1.62303006;1.56883105;2.57512249;-0.03156783;0.00000000;0.00000000
49;4.90000000;0.00000000;12.96099703;-2.97964036;1.61710040;1.55831395;2.57128597;-0.01322437;0.00000000;0.00000000
50;5.00000000;0.00000000;12.87696086;-2.92558203;1.61301505;1.55442797;2.57247762;0.00466181;0.00000000;0.00000000
51;5.10000000;0.00000000;12.79265363;-2.87194759;1.60814498;1.55645587;2.57221833;-0.02613013;0.00000000;0.00000000
52;5.20000000;0.00000000;12.70864609;-2.81784608;1.60533242;1.55581722;2.56725159;-0.05193857;0.00000000;0.00000000
53;5.30000000;0.00000000;12.62487589;-2.76337690;1.60608141;1.54742729;2.56183062;-0.07536709;0.00000000;0.00000000
54;5.40000000;0.00000000;12.54146150;-2.70836886;1.60669040;1.54611120;2.55217817;-0.10297040;0.00000000;0.00000000
55;5.50000000;0.00000000;12.45875829;-2.65229274;1.60043461;1.55252165;2.54123654;-0.09876737;0.00000000;0.00000000
56;5.60000000;0.00000000;12.37656533;-2.59547110;1.59950202;1.56618862;2.53242470;-0.09884746;0.00000000;0.00000000
57;5.70000000;0.00000000;12.29486383;-2.53794668;1.60223559;1.58687876;2.52146705;-0.11095501;0.00000000;0.00000000
58;5.80000000;0.00000000;12.21393993;-2.47934052;1.58817329;1.60687111;2.51023370;-0.07875951;0.00000000;0.00000000
59;5.90000000;0.00000000;12.13355054;-2.41999469;1.57940376;1.61329395;2.50571514;-0.02221316;0.00000000;0.00000000
60;6.00000000;0.00000000;12.05315548;-2.36065657;1.57693912;1.62115532;2.50579107;-0.04152849;0.00000000;0.00000000
61;6.10000000;0.00000000;11.97275708;-2.30132295;1.58080492;1.60624801;2.49740945;-0.11209179;0.00000000;0.00000000
62;6.20000000;0.00000000;11.89337075;-2.24064764;1.58928145;1.59721603;2.48337271;-0.11386078;0.00000000;0.00000000
63;6.30000000;0.00000000;11.81467107;-2.17908190;1.59822497;1.59553112;2.47463729;-0.06390280;0.00000000;0.00000000
64;6.40000000;0.00000000;11.73635414;-2.11702683;1.58734682;1.60071568;2.47059215;-0.05841108;0.00000000;0.00000000
65;6.50000000;0.00000000;11.65815386;-2.05482540;1.58176546;1.61164013;2.46295507;-0.09514707;0.00000000;0.00000000
66;6.60000000;0.00000000;11.58079384;-1.99158137;1.57592971;1.61930985;2.45156273;-0.08989340;0.00000000;0.00000000
67;6.70000000;0.00000000;11.50403165;-1.92761502;1.57548145;1.61380793;2.44497639;-0.05480315;0.00000000;0.00000000
68;6.80000000;0.00000000;11.42751144;-1.86335750;1.58098235;1.61099568;2.44060210;-0.06137371;0.00000000;0.00000000
69;6.90000000;0.00000000;11.35131236;-1.79872252;1.56315157;1.61486939;2.43270165;-0.12566575;0.00000000;0.00000000
70;7.00000000;0.00000000;11.27581767;-1.73326459;1.54951444;1.62596322;2.41546895;-0.15212025;0.00000000;0.00000000
71;7.10000000;0.00000000;11.20188958;-1.66604095;1.53988635;1.64537667;2.40227760;-0.09531191;0.00000000;0.00000000
72;7.20000000;0.00000000;11.12814730;-1.59861368;1.53643308;1.64747747;2.39640657;-0.07228756;0.00000000;0.00000000
73;7.30000000;0.00000000;11.05501569;-1.53052852;1.53857507;1.64391132;2.38782009;-0.07563637;0.00000000;0.00000000
74;7.40000000;0.00000000;10.98244222;-1.46184499;1.54132427;1.64116233;2.38127930;-0.10550855;0.00000000;0.00000000
75;7.50000000;0.00000000;10.91020693;-1.39280843;1.54358499;1.63890185;2.36671838;-0.14289334;0.00000000;0.00000000
76;7.60000000;0.00000000;10.83966396;-1.32204070;1.54342583;1.63906128;2.35270063;-0.10530646;0.00000000;0.00000000
77;7.70000000;0.00000000;10.76939100;-1.25100506;1.54288634;1.63960105;2.34565709;-0.08155634;0.00000000;0.00000000
78;7.80000000;0.00000000;10.69985395;-1.17925273;1.54131963;1.64116804;2.33638936;-0.08225602;0.00000000;0.00000000
79;7.90000000;0.00000000;10.63090980;-1.10692701;1.53892811;1.64483385;2.32920588;-0.08567114;0.00000000;0.00000000
80;8.00000000;0.00000000;10.56241001;-1.03418227;1.54097390;1.65510245;2.31925513;-0.12487702;0.00000000;0.00000000
81;8.10000000;0.00000000;10.49491855;-0.96049860;1.54810473;1.65219268;2.30423048;-0.15152658;0.00000000;0.00000000
82;8.20000000;0.00000000;10.42863466;-0.88572792;1.56000533;1.64623220;2.28894982;-0.14678896;0.00000000;0.00000000
83;8.30000000;0.00000000;10.36342853;-0.81001900;1.57675605;1.62962334;2.27487268;-0.13968242;0.00000000;0.00000000
84;8.40000000;0.00000000;10.29927742;-0.73341404;1.58038364;1.62040265;2.26101333;-0.14121616;0.00000000;0.00000000
85;8.50000000;0.00000000;10.23619474;-0.65592716;1.57021742;1.61869939;2.24662945;-0.14406821;0.00000000;0.00000000
86;8.60000000;0.00000000;10.17427230;-0.57750702;1.55857658;1.62464087;2.23219969;-0.14608614;0.00000000;0.00000000
87;8.70000000;0.00000000;10.11344957;-0.49822918;1.54581359;1.63377161;2.21741222;-0.12983620;0.00000000;0.00000000
88;8.80000000;0.00000000;10.05387282;-0.41801180;1.53788448;1.62549448;2.20623245;-0.10190049;0.00000000;0.00000000
89;8.90000000;0.00000000;9.99483808;-0.33739436;1.53575284;1.62401071;2.19703213;-0.11361422;0.00000000;0.00000000
90;9.00000000;0.00000000;9.93674901;-0.25609662;1.53895245;1.62742792;2.18350961;-0.14687145;0.00000000;0.00000000
91;9.10000000;0.00000000;9.87991845;-0.17391597;1.54707958;1.63502989;2.16765783;-0.15211431;0.00000000;0.00000000
92;9.20000000;0.00000000;9.82443481;-0.09081667;1.53374680;1.64815174;2.15308675;-0.12217709;0.00000000;0.00000000
93;9.30000000;0.00000000;9.77002031;-0.00701089;1.52103344;1.63076684;2.14322242;-0.10407371;0.00000000;0.00000000
94;9.40000000;0.00000000;9.71618559;0.07716869;1.50914572;1.62005955;2.13227200;-0.12782181;0.00000000;0.00000000
95;9.50000000;0.00000000;9.66361982;0.16214535;1.50096113;1.61697185;2.11765805;-0.16560240;0.00000000;0.00000000
96;9.60000000;0.00000000;9.61226940;0.24786014;1.49798341;1.62147135;2.09915152;-0.18732334;0.00000000;0.00000000
97;9.70000000;0.00000000;9.56288912;0.33471522;1.49939021;1.63433730;2.08019339;-0.15635169;0.00000000;0.00000000
98;9.80000000;0.00000000;9.51482384;0.42231636;1.50593002;1.64081508;2.06788119;-0.12687549;0.00000000;0.00000000
99;9.90000000;0.00000000;9.46759334;0.51036809;1.51809170;1.63407679;2.05481829;-0.16645116;0.00000000;0.00000000
100;10.00000000;0.00000000;9.42183600;0.59918890;1.52445614;1.63509503;2.03459095;-0.17640121;0.00000000;0.00000000
101;10.10000000;0.00000000;9.37820403;0.68908101;1.51529540;1.64456854;2.01953805;-0.12535138;0.00000000;0.00000000
102;10.20000000;0.00000000;9.33513786;0.77924578;1.51206571;1.64438293;2.00952068;-0.10025538;0.00000000;0.00000000
103;10.30000000;0.00000000;9.29331551;0.86999396;1.51406058;1.63984000;1.99948697;-0.09462518;0.00000000;0.00000000
104;10.40000000;0.00000000;9.25206738;0.96100448;1.52199720;1.64200921;1.99059564;-0.11719845;0.00000000;0.00000000
105;10.50000000;0.00000000;9.21186591;1.05248059;1.53527591;1.65137430;1.97604728;-0.15207726;0.00000000;0.00000000
106;10.60000000;0.00000000;9.17328493;1.14464800;1.53569801;1.64753834;1.96018019;-0.14126581;0.00000000;0.00000000
107;10.70000000;0.00000000;9.13600604;1.23735367;1.54074327;1.63853918;1.94779412;-0.11533830;0.00000000;0.00000000
108;10.80000000;0.00000000;9.09971856;1.33045180;1.55116202;1.61859958;1.93711253;-0.11981509;0.00000000;0.00000000
109;10.90000000;0.00000000;9.06442853;1.42393263;1.56484104;1.60094598;1.92383110;-0.15267244;0.00000000;0.00000000
110;11.00000000;0.00000000;9.03062872;1.51795571;1.56161522;1.59097132;1.90657804;-0.15221935;0.00000000;0.00000000
111;11.10000000;0.00000000;8.99858411;1.61259976;1.56291683;1.58909743;1.89338723;-0.14256711;0.00000000;0.00000000
112;11.20000000;0.00000000;8.96727535;1.70748476;1.55236895;1.59427086;1.87806462;-0.18679755;0.00000000;0.00000000
113;11.30000000;0.00000000;8.93814658;1.80306330;1.54565879;1.60565413;1.85602772;-0.21101758;0.00000000;0.00000000
114;11.40000000;0.00000000;8.91104797;1.89923861;1.54327760;1.61039100;1.83586110;-0.18233559;0.00000000;0.00000000
115;11.50000000;0.00000000;8.88579612;1.99591668;1.54544854;1.59829188;1.81956060;-0.16375233;0.00000000;0.00000000
116;11.60000000;0.00000000;8.86184640;2.09292573;1.55271930;1.58948156;1.80311064;-0.16217116;0.00000000;0.00000000
117;11.70000000;0.00000000;8.83978826;2.19038249;1.56442415;1.58886988;1.78712637;-0.13727200;0.00000000;0.00000000
118;11.80000000;0.00000000;8.81895151;2.28810735;1.58114026;1.59577685;1.77565624;-0.10446032;0.00000000;0.00000000
119;11.90000000;0.00000000;8.79913475;2.38604401;1.57491856;1.60416882;1.76623431;-0.09039071;0.00000000;0.00000000
120;12.00000000;0.00000000;8.78014312;2.48414406;1.56643653;1.59609440;1.75757809;-0.07639956;0.00000000;0.00000000
121;12.10000000;0.00000000;8.76202480;2.58240895;1.56341527;1.59514254;1.75095439;-0.05373226;0.00000000;0.00000000
122;12.20000000;0.00000000;8.74433431;2.68075225;1.56633960;1.60087415;1.74683164;-0.03121157;0.00000000;0.00000000
123;12.30000000;0.00000000;8.72702677;2.77916360;1.56966240;1.61317241;1.74471208;-0.00028788;0.00000000;0.00000000
124;12.40000000;0.00000000;8.70975332;2.87758111;1.55497571;1.61087967;1.74677407;0.03263034;0.00000000;0.00000000
125;12.50000000;0.00000000;8.69204014;2.97591988;1.54706432;1.59991801;1.75123815;0.02456585;0.00000000;0.00000000
126;12.60000000;0.00000000;8.67388872;3.07417914;1.54603100;1.59436313;1.75168724;-0.01187847;0.00000000;0.00000000
127;12.70000000;0.00000000;8.65608734;3.17250134;1.55109144;1.58976555;1.74886246;-0.00301939;0.00000000;0.00000000
128;12.80000000;0.00000000;8.63849138;3.27086128;1.56233171;1.59164935;1.75108336;0.05170709;0.00000000;0.00000000
129;12.90000000;0.00000000;8.62025338;3.36910379;1.58046246;1.59913534;1.75920387;0.08369346;0.00000000;0.00000000
130;13.00000000;0.00000000;8.60106268;3.46716326;1.57006524;1.60108444;1.76782205;0.06196281;0.00000000;0.00000000
131;13.10000000;0.00000000;8.58113404;3.56507735;1.56634800;1.58366441;1.77159644;0.05946416;0.00000000;0.00000000
132;13.20000000;0.00000000;8.56120371;3.66298890;1.56900040;1.57241118;1.77971488;0.12751957;0.00000000;0.00000000
133;13.30000000;0.00000000;8.53968846;3.76056419;1.57562282;1.56583965;1.79710035;0.17943859;0.00000000;0.00000000
134;13.40000000;0.00000000;8.51636646;3.85772338;1.58832336;1.56377671;1.81560260;0.14403135;0.00000000;0.00000000
135;13.50000000;0.00000000;8.49125539;3.95443850;1.60894312;1.56625169;1.82590662;0.10343150;0.00000000;0.00000000
136;13.60000000;0.00000000;8.46593581;4.05109798;1.61895931;1.57031348;1.83628890;0.15155027;0.00000000;0.00000000
137;13.70000000;0.00000000;8.43882218;4.14727042;1.60168121;1.55354139;1.85621667;0.22282849;0.00000000;0.00000000
138;13.80000000;0.00000000;8.40967095;4.24284545;1.59262265;1.54095426;1.88085460;0.21430846;0.00000000;0.00000000
139;13.90000000;0.00000000;8.37785346;4.33756467;1.59260478;1.53198518;1.89907836;0.14423672;0.00000000;0.00000000
140;14.00000000;0.00000000;8.34523900;4.43201375;1.59968133;1.52480596;1.90970194;0.15603306;0.00000000;0.00000000
141;14.10000000;0.00000000;8.31141622;4.52603591;1.61419169;1.51732477;1.93028498;0.20731399;0.00000000;0.00000000
142;14.20000000;0.00000000;8.27494491;4.61905607;1.63743362;1.49227976;1.95116474;0.17494640;0.00000000;0.00000000
143;14.30000000;0.00000000;8.23722641;4.71158465;1.66762269;1.47227320;1.96527426;0.16787229;0.00000000;0.00000000
144;14.40000000;0.00000000;8.19814311;4.80354311;1.69394647;1.45738080;1.98473920;0.23982051;0.00000000;0.00000000
145;14.50000000;0.00000000;8.15685458;4.89452774;1.70213936;1.44683396;2.01323836;0.28757624;0.00000000;0.00000000
146;14.60000000;0.00000000;8.11260108;4.98410020;1.70473845;1.43986046;2.04225445;0.24614300;0.00000000;0.00000000
147;14.70000000;0.00000000;8.06610414;5.07253901;1.70751248;1.43728960;2.06246696;0.21000911;0.00000000;0.00000000
148;14.80000000;0.00000000;8.01826095;5.16026040;1.71762375;1.44013435;2.08425627;0.23625091;0.00000000;0.00000000
149;14.90000000;0.00000000;7.96796116;5.24657916;1.72057933;1.43975850;2.10971714;0.23100418;0.00000000;0.00000000
150;15.00000000;0.00000000;7.91571557;5.33175140;1.72262541;1.43202221;2.13045711;0.22888599;0.00000000;0.00000000
151;15.10000000;0.00000000;7.86187389;5.41591859;1.73014868;1.42935075;2.15549434;0.26530461;0.00000000;0.00000000
152;15.20000000;0.00000000;7.80543967;5.49835551;1.74644136;1.43054309;2.18351803;0.24836013;0.00000000;0.00000000
153;15.30000000;0.00000000;7.74696547;5.57937811;1.77063997;1.43575820;2.20516637;0.21252523;0.00000000;0.00000000
154;15.40000000;0.00000000;7.68700908;5.65930395;1.76825069;1.42514278;2.22602308;0.23468955;0.00000000;0.00000000
155;15.50000000;0.00000000;7.62520979;5.73781416;1.74011096;1.41425024;2.25210428;0.27906161;0.00000000;0.00000000
156;15.60000000;0.00000000;7.56117380;5.81449771;1.72017085;1.40748216;2.28183540;0.28055501;0.00000000;0.00000000
157;15.70000000;0.00000000;7.49481806;5.88919710;1.70889436;1.40473765;2.30821528;0.25176035;0.00000000;0.00000000
158;15.80000000;0.00000000;7.42681945;5.96240517;1.70521407;1.40687683;2.33218747;0.25711703;0.00000000;0.00000000
159;15.90000000;0.00000000;7.35696460;6.03383361;1.70410257;1.41352482;2.35963868;0.26012582;0.00000000;0.00000000
160;16.00000000;0.00000000;7.28505055;6.10320086;1.70590373;1.42427679;2.38421263;0.22521461;0.00000000;0.00000000
161;16.10000000;0.00000000;7.21176380;6.17111763;1.70970194;1.43993234;2.40468160;0.22292818;0.00000000;0.00000000
162;16.20000000;0.00000000;7.13707272;6.23748202;1.71559283;1.45393432;2.42879827;0.25145045;0.00000000;0.00000000
163;16.30000000;0.00000000;7.06059722;6.30178590;1.72396922;1.46671265;2.45497169;0.25327384;0.00000000;0.00000000
164;16.40000000;0.00000000;6.98253202;6.36415457;1.69741669;1.46968240;2.47945304;0.21322778;0.00000000;0.00000000
165;16.50000000;0.00000000;6.90299738;6.42464113;1.67876116;1.47703968;2.49761725;0.16811750;0.00000000;0.00000000
166;16.60000000;0.00000000;6.82271725;6.48413413;1.66713697;1.48984699;2.51307654;0.14791320;0.00000000;0.00000000
167;16.70000000;0.00000000;6.74135287;6.54213155;1.65988970;1.50117106;2.52719989;0.12723744;0.00000000;0.00000000
168;16.80000000;0.00000000;6.65942492;6.59933321;1.64053348;1.50581360;2.53852403;0.13353785;0.00000000;0.00000000
169;16.90000000;0.00000000;6.57676851;6.65547276;1.62300409;1.51576177;2.55390746;0.15457484;0.00000000;0.00000000
170;17.00000000;0.00000000;6.49312471;6.71012379;1.61327197;1.51513539;2.56943899;0.12727772;0.00000000;0.00000000
171;17.10000000;0.00000000;6.40876208;6.76367079;1.61101199;1.51042580;2.57936301;0.10696767;0.00000000;0.00000000
172;17.20000000;0.00000000;6.32404687;6.81665296;1.61560702;1.51165278;2.59083253;0.10371896;0.00000000;0.00000000
173;17.30000000;0.00000000;6.23847805;6.86825099;1.60014730;1.51784637;2.60010680;0.06983908;0.00000000;0.00000000
174;17.40000000;0.00000000;6.15279213;6.91965433;1.57870152;1.52547779;2.60480034;0.05535549;0.00000000;0.00000000
175;17.50000000;0.00000000;6.06674321;6.97044657;1.56406577;1.53166738;2.61117790;0.05674990;0.00000000;0.00000000
176;17.60000000;0.00000000;5.98040904;7.02075257;1.55628588;1.54375399;2.61615032;0.04745659;0.00000000;0.00000000
177;17.70000000;0.00000000;5.89385899;7.07068673;1.55533127;1.56173114;2.62066922;0.05475167;0.00000000;0.00000000
178;17.80000000;0.00000000;5.80707404;7.12021023;1.56125740;1.58535638;2.62710066;0.03862502;0.00000000;0.00000000
179;17.90000000;0.00000000;5.71988866;7.16902713;1.55813479;1.59724411;2.62839422;-0.00712464;0.00000000;0.00000000
180;18.00000000;0.00000000;5.63297513;7.21832635;1.55921346;1.59837551;2.62567573;-0.01539292;0.00000000;0.00000000
181;18.10000000;0.00000000;5.54605645;7.26761655;1.56668769;1.60572580;2.62531564;-0.00861019;0.00000000;0.00000000
182;18.20000000;0.00000000;5.45917846;7.31697836;1.58037533;1.61930175;2.62395369;-0.01882261;0.00000000;0.00000000
183;18.30000000;0.00000000;5.37239449;7.36650506;1.57004394;1.62710768;2.62155111;-0.03003013;0.00000000;0.00000000
184;18.40000000;0.00000000;5.28575473;7.41628373;1.54295535;1.62494890;2.61794766;-0.04110679;0.00000000;0.00000000
185;18.50000000;0.00000000;5.19932982;7.46643466;1.52153429;1.62935690;2.61332975;-0.04983282;0.00000000;0.00000000
186;18.60000000;0.00000000;5.11315359;7.51701133;1.50596031;1.64034128;2.60798110;-0.04979036;0.00000000;0.00000000
187;18.70000000;0.00000000;5.02727070;7.56808353;1.49633372;1.64840716;2.60337168;-0.03900440;0.00000000;0.00000000
188;18.80000000;0.00000000;4.94156424;7.61945256;1.49300034;1.66112538;2.60018022;-0.04520825;0.00000000;0.00000000
189;18.90000000;0.00000000;4.85600926;7.67107180;1.49360335;1.66684611;2.59433003;-0.08260349;0.00000000;0.00000000
190;19.00000000;0.00000000;4.77090966;7.72344011;1.48380934;1.67200119;2.58365952;-0.11460973;0.00000000;0.00000000
191;19.10000000;0.00000000;4.68647515;7.77687362;1.47945288;1.67143555;2.57140809;-0.13634398;0.00000000;0.00000000
192;19.20000000;0.00000000;4.60268596;7.83131002;1.48064568;1.65543305;2.55639073;-0.15863959;0.00000000;0.00000000
193;19.30000000;0.00000000;4.51990089;7.88725052;1.48676044;1.64715894;2.53968017;-0.14711402;0.00000000;0.00000000
194;19.40000000;0.00000000;4.43797655;7.94445684;1.48578981;1.64645372;2.52696792;-0.13195633;0.00000000;0.00000000
195;19.50000000;0.00000000;4.35663629;8.00248677;1.47742186;1.65280923;2.51328890;-0.16831087;0.00000000;0.00000000
196;19.60000000;0.00000000;4.27630716;8.06191287;1.47406308;1.66684856;2.49330575;-0.21430227;0.00000000;0.00000000
197;19.70000000;0.00000000;4.19734784;8.12314854;1.47520392;1.68890496;2.47042845;-0.21362074;0.00000000;0.00000000
198;19.80000000;0.00000000;4.11982324;8.18618471;1.48080054;1.70715165;2.45058160;-0.19908611;0.00000000;0.00000000
199;19.90000000;0.00000000;4.04335856;8.25050341;1.48939336;1.71571437;2.43061123;-0.21538704;0.00000000;0.00000000
200;20.00000000;0.00000000;3.96841865;8.31657988;1.47729533;1.72866305;2.40750419;-0.22241609;0.00000000;0.00000000
201;20.10000000;0.00000000;3.89500899;8.38436033;1.45801501;1.74947085;2.38612801;-0.20825209;0.00000000;0.00000000
202;20.20000000;0.00000000;3.82295786;8.45358301;1.44342880;1.75120162;2.36585377;-0.21049574;0.00000000;0.00000000
203;20.30000000;0.00000000;3.75235566;8.52428408;1.43359716;1.75127136;2.34402886;-0.24820593;0.00000000;0.00000000
204;20.40000000;0.00000000;3.68339445;8.59658417;1.42840151;1.75363193;2.31621259;-0.25378473;0.00000000;0.00000000
205;20.50000000;0.00000000;3.61682913;8.67110544;1.42277480;1.75052273;2.29327191;-0.20453485;0.00000000;0.00000000
206;20.60000000;0.00000000;3.55125194;8.74649783;1.41997995;1.73369455;2.27530562;-0.20435499;0.00000000;0.00000000
207;20.70000000;0.00000000;3.48740823;8.82336062;1.42193910;1.71799389;2.25240092;-0.20853120;0.00000000;0.00000000
208;20.80000000;0.00000000;3.42535534;8.90167311;1.42860046;1.70170211;2.23359938;-0.16706185;0.00000000;0.00000000
209;20.90000000;0.00000000;3.36444604;8.98088204;1.44073685;1.69185680;2.21898855;-0.16264995;0.00000000;0.00000000
210;21.00000000;0.00000000;3.30470714;9.06097498;1.44480644;1.68934610;2.20106939;-0.19604363;0.00000000;0.00000000
211;21.10000000;0.00000000;3.24667971;9.14230904;1.44105951;1.69484776;2.17977982;-0.20962556;0.00000000;0.00000000
212;21.20000000;0.00000000;3.19040431;9.22487189;1.44209501;1.70830804;2.15914427;-0.21678105;0.00000000;0.00000000
213;21.30000000;0.00000000;3.13578138;9.30853214;1.44805787;1.69236327;2.13642361;-0.23949119;0.00000000;0.00000000
214;21.40000000;0.00000000;3.08331579;9.39356396;1.45831825;1.68339963;2.11124604;-0.23372014;0.00000000;0.00000000
215;21.50000000;0.00000000;3.03296974;9.47987315;1.47286105;1.68281420;2.08967958;-0.22325104;0.00000000;0.00000000
216;21.60000000;0.00000000;2.98421658;9.56709345;1.47506747;1.68889903;2.06659583;-0.23172166;0.00000000;0.00000000
217;21.70000000;0.00000000;2.93790656;9.65563588;1.47973224;1.67728814;2.04333525;-0.20903007;0.00000000;0.00000000
218;21.80000000;0.00000000;2.89326267;9.74502832;1.48924061;1.67345020;2.02478981;-0.19894048;0.00000000;0.00000000
219;21.90000000;0.00000000;2.85026903;9.83522468;1.50353144;1.67740492;2.00354716;-0.21697223;0.00000000;0.00000000
220;22.00000000;0.00000000;2.80946428;9.92642792;1.50719281;1.68096746;1.98139537;-0.21812170;0.00000000;0.00000000
221;22.10000000;0.00000000;2.77050809;10.01843845;1.50987264;1.66820346;1.95992282;-0.22528183;0.00000000;0.00000000
222;22.20000000;0.00000000;2.73365713;10.11130800;1.50669905;1.63817756;1.93633900;-0.23867461;0.00000000;0.00000000
223;22.30000000;0.00000000;2.69908396;10.20504911;1.50339439;1.61352047;1.91218789;-0.23342780;0.00000000;0.00000000
224;22.40000000;0.00000000;2.66676004;10.29958962;1.50252785;1.59711432;1.88965344;-0.19843707;0.00000000;0.00000000
225;22.50000000;0.00000000;2.63644419;10.39479672;1.50618525;1.58895300;1.87250048;-0.13775790;0.00000000;0.00000000
226;22.60000000;0.00000000;2.60737962;10.49039799;1.51513126;1.58836436;1.86210186;-0.12179663;0.00000000;0.00000000
227;22.70000000;0.00000000;2.57905008;10.58621563;1.51404220;1.59481396;1.84814115;-0.17678752;0.00000000;0.00000000
228;22.80000000;0.00000000;2.55266705;10.68258652;1.50881986;1.60945544;1.82674436;-0.21123332;0.00000000;0.00000000
229;22.90000000;0.00000000;2.52846214;10.77952999;1.50795396;1.62868373;1.80589449;-0.20684695;0.00000000;0.00000000
230;23.00000000;0.00000000;2.50611896;10.87691950;1.51178956;1.60766551;1.78537497;-0.21053450;0.00000000;0.00000000
231;23.10000000;0.00000000;2.48591149;10.97477574;1.52002000;1.59196333;1.76378759;-0.20608565;0.00000000;0.00000000
232;23.20000000;0.00000000;2.46779219;11.07304105;1.53262825;1.58129965;1.74415784;-0.19155168;0.00000000;0.00000000
233;23.30000000;0.00000000;2.45144098;11.17161575;1.54900716;1.57870290;1.72547725;-0.18258540;0.00000000;0.00000000
234;23.40000000;0.00000000;2.43700495;11.27048818;1.56346475;1.58435616;1.70764076;-0.17358804;0.00000000;0.00000000
235;23.50000000;0.00000000;2.42417999;11.36958224;1.57630657;1.59786215;1.69075964;-0.16969832;0.00000000;0.00000000
236;23.60000000;0.00000000;2.41308981;11.46888475;1.58740910;1.61309508;1.67370109;-0.16270715;0.00000000;0.00000000
237;23.70000000;0.00000000;2.40365253;11.56835782;1.59685503;1.60365664;1.65821822;-0.14910172;0.00000000;0.00000000
238;23.80000000;0.00000000;2.39564213;11.66795629;1.60487140;1.59564547;1.64388075;-0.13947178;0.00000000;0.00000000
239;23.90000000;0.00000000;2.38906072;11.76765914;1.61145660;1.58906356;1.63032386;-0.13040960;0.00000000;0.00000000
240;24.00000000;0.00000000;2.38375341;11.86743836;1.59317465;1.58375593;1.61779883;-0.09202724;0.00000000;0.00000000
241;24.10000000;0.00000000;2.37967135;11.96727522;1.57191459;1.57967366;1.61191841;-0.07146481;0.00000000;0.00000000
242;24.20000000;0.00000000;2.37553781;12.06711117;1.55361538;1.57553993;1.60350587;-0.12290427;0.00000000;0.00000000
243;24.30000000;0.00000000;2.37313627;12.16699512;1.53986475;1.57313827;1.58733756;-0.13654943;0.00000000;0.00000000
244;24.40000000;0.00000000;2.37223256;12.26691214;1.53102115;1.57223450;1.57619598;-0.08832549;0.00000000;0.00000000
245;24.50000000;0.00000000;2.37205720;12.36683335;1.52794313;1.57205909;1.56967246;-0.05743392;0.00000000;0.00000000
246;24.60000000;0.00000000;2.37245716;12.46675412;1.52754318;1.57245900;1.56470920;-0.04154829;0.00000000;0.00000000
247;24.70000000;0.00000000;2.37327366;12.56667251;1.52672667;1.57327545;1.56136280;-0.05404439;0.00000000;0.00000000
248;24.80000000;0.00000000;2.37434236;12.66658862;1.52565798;1.57434408;1.55390032;-0.07682248;0.00000000;0.00000000
249;24.90000000;0.00000000;2.37664994;12.76648038;1.52335039;1.57665157;1.54599831;-0.03567830;0.00000000;0.00000000
250;25.00000000;0.00000000;2.37929748;12.86636702;1.52070285;1.57929901;1.54676466;0.00045648;0.00000000;0.00000000
251;25.10000000;0.00000000;2.38145203;12.96626531;1.51854830;1.58145347;1.54608960;-0.04676806;0.00000000;0.00000000
252;25.20000000;0.00000000;2.38423439;13.06614675;1.51905199;1.58423573;1.53741105;-0.09415316;0.00000000;0.00000000
253;25.30000000;0.00000000;2.38812243;13.16599172;1.52501081;1.58812362;1.52725897;-0.06381048;0.00000000;0.00000000
254;25.40000000;0.00000000;2.39293213;13.26579694;1.53654241;1.59293312;1.52464895;-0.00574007;0.00000000;0.00000000
255;25.50000000;0.00000000;2.39734131;13.36562022;1.55481625;1.59734214;1.52611095;-0.01025419;0.00000000;0.00000000
256;25.60000000;0.00000000;2.40185916;13.46543932;1.57910830;1.60185984;1.52259811;-0.04254191;0.00000000;0.00000000
257;25.70000000;0.00000000;2.40696961;13.56523011;1.59355189;1.60697011;1.51760257;-0.04424684;0.00000000;0.00000000
258;25.80000000;0.00000000;2.41248454;13.66499954;1.58803450;1.61248488;1.51374874;-0.00678033;0.00000000;0.00000000
259;25.90000000;0.00000000;2.41836399;13.76474812;1.58215219;1.61836416;1.51624651;0.01615592;0.00000000;0.00000000
260;26.00000000;0.00000000;2.42338032;13.86454128;1.57713386;1.62338037;1.51697993;-0.02862960;0.00000000;0.00000000
261;26.10000000;0.00000000;2.42911322;13.96429415;1.57139815;1.62911316;1.51052059;-0.03885284;0.00000000;0.00000000
262;26.20000000;0.00000000;2.43541844;14.06401685;1.56508955;1.63355666;1.50920936;-0.01751145;0.00000000;0.00000000
263;26.30000000;0.00000000;2.44141318;14.16375857;1.55909181;1.60799695;1.50701830;-0.06145796;0.00000000;0.00000000
264;26.40000000;0.00000000;2.44815520;14.26345048;1.55234577;1.58906218;1.49691777;-0.10951116;0.00000000;0.00000000
265;26.50000000;0.00000000;2.45616334;14.36304924;1.54433166;1.57751009;1.48511607;-0.07872016;0.00000000;0.00000000
266;26.60000000;0.00000000;2.46525641;14.46255527;1.53523063;1.57332462;1.48117374;-0.00666164;0.00000000;0.00000000
267;26.70000000;0.00000000;2.47404963;14.56208807;1.53219495;1.57517733;1.48378374;0.01100187;0.00000000;0.00000000
268;26.80000000;0.00000000;2.48262326;14.66164133;1.53588864;1.58312718;1.48337411;-0.01270795;0.00000000;0.00000000
269;26.90000000;0.00000000;2.49149812;14.76116818;1.54479842;1.59198863;1.48124215;0.01181427;0.00000000;0.00000000
270;27.00000000;0.00000000;2.50049617;14.86068409;1.55485118;1.60097322;1.48573696;0.07576611;0.00000000;0.00000000
271;27.10000000;0.00000000;2.50847562;14.96028241;1.57220734;1.60894174;1.49639537;0.09380176;0.00000000;0.00000000
272;27.20000000;0.00000000;2.51535045;15.05996722;1.58480346;1.61580821;1.50449732;0.06761309;0.00000000;0.00000000
273;27.30000000;0.00000000;2.52171526;15.15968573;1.57844232;1.62216572;1.50991799;0.05825696;0.00000000;0.00000000
274;27.40000000;0.00000000;2.52750899;15.25943903;1.57265177;1.62795318;1.51614871;0.06823363;0.00000000;0.00000000
275;27.50000000;0.00000000;2.53263068;15.35922873;1.56753270;1.60468414;1.52356471;0.07945684;0.00000000;0.00000000
276;27.60000000;0.00000000;2.53694426;15.45905660;1.56322114;1.58530959;1.53204008;0.10195132;0.00000000;0.00000000
277;27.70000000;0.00000000;2.54037379;15.55891855;1.55979305;1.57117950;1.54395498;0.16313074;0.00000000;0.00000000
278;27.80000000;0.00000000;2.54230728;15.65881291;1.55786038;1.55803589;1.56466623;0.20721349;0.00000000;0.00000000
279;27.90000000;0.00000000;2.54159867;15.75873036;1.55856918;1.54633274;1.58539768;0.18052959;0.00000000;0.00000000
280;28.00000000;0.00000000;2.53938953;15.85862590;1.56077867;1.53953268;1.60077214;0.15779585;0.00000000;0.00000000
281;28.10000000;0.00000000;2.53560938;15.95847446;1.56455969;1.53575430;1.61695685;0.16936690;0.00000000;0.00000000
282;28.20000000;0.00000000;2.53016840;16.05824638;1.57000250;1.53031633;1.63464552;0.18198924;0.00000000;0.00000000
283;28.30000000;0.00000000;2.52285894;16.15789924;1.57731535;1.52301179;1.65335469;0.19413834;0.00000000;0.00000000
284;28.40000000;0.00000000;2.51368927;16.25739842;1.58649052;1.51384958;1.67347319;0.20599044;0.00000000;0.00000000
285;28.50000000;0.00000000;2.50237701;16.35667724;1.59781146;1.50254855;1.69455278;0.21115321;0.00000000;0.00000000
286;28.60000000;0.00000000;2.48902182;16.45570238;1.61117921;1.48920932;1.71570384;0.21608297;0.00000000;0.00000000
287;28.70000000;0.00000000;2.47352112;16.55441463;1.62669758;1.47373101;1.73776938;0.27786384;0.00000000;0.00000000
288;28.80000000;0.00000000;2.45581028;16.65275400;1.64443271;1.45605119;1.77127660;0.34633795;0.00000000;0.00000000
289;28.90000000;0.00000000;2.43373503;16.75020260;1.66654877;1.43548907;1.80703697;0.32415820;0.00000000;0.00000000
290;29.00000000;0.00000000;2.40904263;16.84702356;1.69129651;1.41899494;1.83610824;0.29360350;0.00000000;0.00000000
291;29.10000000;0.00000000;2.38134172;16.94302533;1.71907393;1.40629974;1.86575767;0.25978148;0.00000000;0.00000000
292;29.20000000;0.00000000;2.35095505;17.03821184;1.74956241;1.39783003;1.88806454;0.21853571;0.00000000;0.00000000
293;29.30000000;0.00000000;2.31899932;17.13288504;1.78164228;1.39482568;1.90946481;0.25712471;0.00000000;0.00000000
294;29.40000000;0.00000000;2.28456760;17.22668434;1.79026546;1.39634955;1.93948948;0.32304321;0.00000000;0.00000000
295;29.50000000;0.00000000;2.24698897;17.31926630;1.78874734;1.40164020;1.97407345;0.35205667;0.00000000;0.00000000
296;29.60000000;0.00000000;2.20615718;17.41046098;1.77269023;1.41048809;2.00990082;0.34262328;0.00000000;0.00000000
297;29.70000000;0.00000000;2.16204586;17.50011677;1.75647288;1.41053174;2.04259811;0.32846340;0.00000000;0.00000000
298;29.80000000;0.00000000;2.11534102;17.58844998;1.74873786;1.40730933;2.07559350;0.32689690;0.00000000;0.00000000
299;29.90000000;0.00000000;2.06541334;17.67500213;1.74641389;1.40749585;2.10797749;0.32503964;0.00000000;0.00000000
300;30.00000000;0.00000000;2.01309066;17.76012495;1.73496845;1.41198014;2.14060142;0.34888833;0.00000000;0.00000000
301;30.10000000;0.00000000;1.95762783;17.84323466;1.73295994;1.41978326;2.17775515;0.36895596;0.00000000;0.00000000
302;30.20000000;0.00000000;1.89913126;17.92423658;1.74038787;1.43087556;2.21439262;0.36713585;0.00000000;0.00000000
303;30.30000000;0.00000000;1.83773388;18.00306157;1.73902096;1.44320882;2.25118232;0.38858657;0.00000000;0.00000000
304;30.40000000;0.00000000;1.77344580;18.07953804;1.73040734;1.45183243;2.29210993;0.39198281;0.00000000;0.00000000
305;30.50000000;0.00000000;1.70580863;18.15307982;1.72623359;1.45600897;2.32957888;0.33989571;0.00000000;0.00000000
306;30.60000000;0.00000000;1.63596939;18.22453440;1.72509173;1.45715168;2.36008907;0.32083810;0.00000000;0.00000000
307;30.70000000;0.00000000;1.56397588;18.29381209;1.72878923;1.45523236;2.39374650;0.31619800;0.00000000;0.00000000
308;30.80000000;0.00000000;1.48948660;18.36040912;1.71681601;1.45161273;2.42332867;0.25549287;0.00000000;0.00000000
309;30.90000000;0.00000000;1.41351656;18.42531370;1.70221426;1.45261746;2.44484508;0.23041116;0.00000000;0.00000000
310;31.00000000;0.00000000;1.33623057;18.48864513;1.69544093;1.45843353;2.46941090;0.26025238;0.00000000;0.00000000
311;31.10000000;0.00000000;1.25716333;18.54974140;1.69739900;1.46820189;2.49689556;0.23698728;0.00000000;0.00000000
312;31.20000000;0.00000000;1.17651329;18.60873183;1.70783524;1.47820776;2.51680836;0.16418156;0.00000000;0.00000000
313;31.30000000;0.00000000;1.09507686;18.66663111;1.70258767;1.47195310;2.52973187;0.14083372;0.00000000;0.00000000
314;31.40000000;0.00000000;1.01292986;18.72351705;1.69940835;1.47123104;2.54497511;0.16436598;0.00000000;0.00000000
315;31.50000000;0.00000000;0.92976912;18.77890526;1.69170152;1.47548040;2.56260506;0.16801048;0.00000000;0.00000000
316;31.60000000;0.00000000;0.84566997;18.83285859;1.66567591;1.48475033;2.57857720;0.14852253;0.00000000;0.00000000
317;31.70000000;0.00000000;0.76078176;18.88556303;1.64677263;1.49917863;2.59230957;0.12736149;0.00000000;0.00000000
318;31.80000000;0.00000000;0.67523131;18.93718738;1.63503345;1.51873956;2.60404950;0.10641503;0.00000000;0.00000000
319;31.90000000;0.00000000;0.58912750;18.98788526;1.63042739;1.51337582;2.61359258;0.07173013;0.00000000;0.00000000
320;32.00000000;0.00000000;0.50260554;19.03786854;1.60411065;1.51377214;2.61839552;0.04648541;0.00000000;0.00000000
321;32.10000000;0.00000000;0.41601767;19.08773758;1.57293344;1.52061684;2.62288966;0.05431818;0.00000000;0.00000000
322;32.20000000;0.00000000;0.32905004;19.13694111;1.54833827;1.53319747;2.62925916;0.05375689;0.00000000;0.00000000
323;32.30000000;0.00000000;0.24183418;19.18570296;1.53038714;1.55162730;2.63364103;0.01934858;0.00000000;0.00000000
324;32.40000000;0.00000000;0.15443874;19.23414242;1.51917878;1.57583315;2.63312887;-0.02625544;0.00000000;0.00000000
325;32.50000000;0.00000000;0.06727462;19.28299261;1.51402278;1.60634616;2.62838995;-0.02126567;0.00000000;0.00000000
326;32.60000000;0.00000000;-0.01965729;19.33225791;1.50866860;1.64190647;2.62887574;0.01484881;0.00000000;0.00000000
327;32.70000000;0.00000000;-0.10687082;19.38102450;1.49338197;1.64484134;2.63135971;0.00355081;0.00000000;0.00000000
328;32.80000000;0.00000000;-0.19404707;19.42985769;1.47453359;1.64658076;2.62958590;-0.04103892;0.00000000;0.00000000
329;32.90000000;0.00000000;-0.28108704;19.47893337;1.45870010;1.65073407;2.62315192;-0.07303637;0.00000000;0.00000000
330;33.00000000;0.00000000;-0.36762671;19.52888370;1.44859137;1.66189735;2.61497863;-0.07196045;0.00000000;0.00000000
331;33.10000000;0.00000000;-0.45385254;19.57937537;1.44471029;1.67955632;2.60875983;-0.05739121;0.00000000;0.00000000
332;33.20000000;0.00000000;-0.53976457;19.63039833;1.44711588;1.70349976;2.60350039;-0.04547363;0.00000000;0.00000000
333;33.30000000;0.00000000;-0.62545484;19.68179438;1.43507670;1.72116989;2.59966511;-0.05180467;0.00000000;0.00000000
334;33.40000000;0.00000000;-0.71097273;19.73347468;1.42485072;1.72522901;2.59313945;-0.08755289;0.00000000;0.00000000
335;33.50000000;0.00000000;-0.79598437;19.78598434;1.41569790;1.73600584;2.58215453;-0.12280549;0.00000000;0.00000000
336;33.60000000;0.00000000;-0.88034722;19.83953142;1.41076675;1.74842660;2.56857835;-0.12436915;0.00000000;0.00000000
337;33.70000000;0.00000000;-0.96390201;19.89432975;1.41141493;1.74123965;2.55728070;-0.11272691;0.00000000;0.00000000
338;33.80000000;0.00000000;-1.04703310;19.94976892;1.41835218;1.74053936;2.54603297;-0.13942279;0.00000000;0.00000000
339;33.90000000;0.00000000;-1.12933139;20.00643097;1.41190362;1.74704170;2.52939614;-0.18155053;0.00000000;0.00000000
340;34.00000000;0.00000000;-1.21056782;20.06460191;1.40934431;1.73840138;2.50972287;-0.20821121;0.00000000;0.00000000
341;34.10000000;0.00000000;-1.29057060;20.12445524;1.40540870;1.73298111;2.48775390;-0.22949559;0.00000000;0.00000000
342;34.20000000;0.00000000;-1.36917171;20.18613681;1.40626701;1.73561436;2.46382375;-0.24901213;0.00000000;0.00000000
343;34.30000000;0.00000000;-1.44621886;20.24974865;1.41173636;1.74643599;2.43795147;-0.27213295;0.00000000;0.00000000
344;34.40000000;0.00000000;-1.52152404;20.31541263;1.41855495;1.76549737;2.40939716;-0.29744204;0.00000000;0.00000000
345;34.50000000;0.00000000;-1.59481428;20.38331797;1.42236310;1.79282969;2.37846306;-0.29251528;0.00000000;0.00000000
346;34.60000000;0.00000000;-1.66591917;20.45351588;1.42300453;1.78614148;2.35089411;-0.25953342;0.00000000;0.00000000
347;34.70000000;0.00000000;-1.73535982;20.52536136;1.42130425;1.77321274;2.32655638;-0.28207418;0.00000000;0.00000000
348;34.80000000;0.00000000;-1.80296399;20.59893485;1.42006247;1.74938375;2.29447927;-0.32773752;0.00000000;0.00000000
349;34.90000000;0.00000000;-1.86765687;20.67508554;1.41850140;1.72245278;2.26100888;-0.31141817;0.00000000;0.00000000
350;35.00000000;0.00000000;-1.93019124;20.75302018;1.41777561;1.70373162;2.23219564;-0.29121873;0.00000000;0.00000000
351;35.10000000;0.00000000;-1.99039171;20.83277157;1.42113055;1.69366477;2.20276513;-0.29381561;0.00000000;0.00000000
352;35.20000000;0.00000000;-2.04823233;20.91424886;1.42856819;1.69238155;2.17343251;-0.27187957;0.00000000;0.00000000
353;35.30000000;0.00000000;-2.10365148;20.99739001;1.43501568;1.69991689;2.14838922;-0.24717411;0.00000000;0.00000000
354;35.40000000;0.00000000;-2.15733989;21.08166018;1.43180750;1.71529197;2.12399769;-0.27586870;0.00000000;0.00000000
355;35.50000000;0.00000000;-2.20863720;21.16740224;1.42694489;1.70675517;2.09321547;-0.30995254;0.00000000;0.00000000
356;35.60000000;0.00000000;-2.25703501;21.25480857;1.42497164;1.69570560;2.06200718;-0.28106925;0.00000000;0.00000000
357;35.70000000;0.00000000;-2.30288385;21.34358249;1.42710820;1.68836317;2.03700162;-0.22496069;0.00000000;0.00000000
358;35.80000000;0.00000000;-2.34685467;21.43330508;1.43411972;1.68078104;2.01701505;-0.20625712;0.00000000;0.00000000
359;35.90000000;0.00000000;-2.38912055;21.52384317;1.44614382;1.67430849;1.99575020;-0.21824213;0.00000000;0.00000000
360;36.00000000;0.00000000;-2.42923520;21.61535040;1.46259182;1.66360904;1.97336662;-0.22057686;0.00000000;0.00000000
361;36.10000000;0.00000000;-2.46740692;21.70768897;1.48354771;1.66098232;1.95163483;-0.22501042;0.00000000;0.00000000
362;36.20000000;0.00000000;-2.50350767;21.80085288;1.49645243;1.66658354;1.92836454;-0.22866633;0.00000000;0.00000000
363;36.30000000;0.00000000;-2.53734101;21.89486414;1.50110605;1.66634210;1.90590156;-0.21378551;0.00000000;0.00000000
364;36.40000000;0.00000000;-2.56922245;21.98955878;1.51031193;1.64366518;1.88560743;-0.20142195;0.00000000;0.00000000
365;36.50000000;0.00000000;-2.59921347;22.08486648;1.52406280;1.62879051;1.86561717;-0.19198527;0.00000000;0.00000000
366;36.60000000;0.00000000;-2.62728474;22.18076038;1.53385369;1.62195785;1.84721038;-0.17726444;0.00000000;0.00000000
367;36.70000000;0.00000000;-2.65374855;22.27711086;1.52642840;1.62293615;1.83016429;-0.17575941;0.00000000;0.00000000
368;36.80000000;0.00000000;-2.67853479;22.37390544;1.52379019;1.62678344;1.81205850;-0.17696558;0.00000000;0.00000000
369;36.90000000;0.00000000;-2.70149331;22.47115196;1.52581752;1.61478140;1.79477117;-0.17003381;0.00000000;0.00000000
370;37.00000000;0.00000000;-2.72291919;22.56874752;1.53280059;1.61047852;1.77805174;-0.16311739;0.00000000;0.00000000
371;37.10000000;0.00000000;-2.74261395;22.66670857;1.54447554;1.61413446;1.76214769;-0.15036813;0.00000000;0.00000000
372;37.20000000;0.00000000;-2.76092555;22.76493822;1.56108690;1.62533806;1.74797811;-0.13840720;0.00000000;0.00000000
373;37.30000000;0.00000000;-2.77783675;22.86341863;1.57797635;1.62259163;1.73446625;-0.13610085;0.00000000;0.00000000
374;37.40000000;0.00000000;-2.79348739;22.96210678;1.59360970;1.60697498;1.72075794;-0.13433028;0.00000000;0.00000000
375;37.50000000;0.00000000;-2.80769243;23.06101279;1.60780135;1.59279973;1.70760019;-0.12652738;0.00000000;0.00000000
376;37.60000000;0.00000000;-2.82074087;23.16007815;1.62083911;1.57977782;1.69545246;-0.11813285;0.00000000;0.00000000
377;37.70000000;0.00000000;-2.83253894;23.25929974;1.63262884;1.56800267;1.68397362;-0.10968446;0.00000000;0.00000000
378;37.80000000;0.00000000;-2.84330984;23.35863849;1.63561171;1.55725187;1.67351557;-0.10056565;0.00000000;0.00000000
379;37.90000000;0.00000000;-2.85303016;23.45808526;1.61476799;1.54754881;1.66386049;-0.09124469;0.00000000;0.00000000
380;38.00000000;0.00000000;-2.86188094;23.55761365;1.59903752;1.53897282;1.65526663;-0.08342047;0.00000000;0.00000000
381;38.10000000;0.00000000;-2.86989068;23.65721315;1.58860279;1.53143126;1.64717640;-0.07607127;0.00000000;0.00000000
382;38.20000000;0.00000000;-2.87712996;23.75687180;1.58364052;1.53116278;1.64005238;-0.06337989;0.00000000;0.00000000
383;38.30000000;0.00000000;-2.88371986;23.85657567;1.58432415;1.53805010;1.63450042;-0.04817867;0.00000000;0.00000000
384;38.40000000;0.00000000;-2.88985214;23.95630902;1.59045968;1.55180813;1.63041665;-0.03453381;0.00000000;0.00000000
385;38.50000000;0.00000000;-2.89562751;24.05606370;1.59623785;1.57215805;1.62759366;-0.02116966;0.00000000;0.00000000
386;38.60000000;0.00000000;-2.90119662;24.15583024;1.60180951;1.59870373;1.62618271;-0.00811218;0.00000000;0.00000000
387;38.70000000;0.00000000;-2.90669047;24.25560096;1.60730583;1.59331218;1.62597122;0.00452963;0.00000000;0.00000000
388;38.80000000;0.00000000;-2.91221738;24.35536985;1.61283524;1.58778563;1.62708864;0.01917049;0.00000000;0.00000000
389;38.90000000;0.00000000;-2.91793419;24.45512797;1.61855478;1.58206924;1.62980532;0.00857663;0.00000000;0.00000000
390;39.00000000;0.00000000;-2.92400308;24.55486514;1.62462685;1.57600084;1.62880397;-0.02683660;0.00000000;0.00000000
391;39.10000000;0.00000000;-2.92951996;24.65463230;1.63014628;1.57048441;1.62443800;-0.01385157;0.00000000;0.00000000
392;39.20000000;0.00000000;-2.93471773;24.75441852;1.63534621;1.56528706;1.62603365;0.01788870;0.00000000;0.00000000
393;39.30000000;0.00000000;-2.94055307;24.85416921;1.64118443;1.55945227;1.62801574;-0.02318584;0.00000000;0.00000000
394;39.40000000;0.00000000;-2.94614631;24.95393303;1.64678030;1.55385956;1.62139648;-0.06193789;0.00000000;0.00000000
395;39.50000000;0.00000000;-2.95066058;25.05375136;1.65129609;1.54934568;1.61562816;-0.03406504;0.00000000;0.00000000
396;39.60000000;0.00000000;-2.95510257;25.15357362;1.65573952;1.54490410;1.61458348;-0.03316619;0.00000000;0.00000000
397;39.70000000;0.00000000;-2.95940829;25.25340153;1.66004657;1.54059877;1.60899492;-0.05184120;0.00000000;0.00000000
398;39.80000000;0.00000000;-2.96273428;25.35326679;1.66337325;1.53727306;1.60421524;0.00241638;0.00000000;0.00000000
399;39.90000000;0.00000000;-2.96608553;25.45313138;1.66672518;1.53392211;1.60947820;0.05660758;0.00000000;0.00000000
400;40.00000000;0.00000000;-2.97046248;25.55295578;1.67110354;1.52954559;1.61553675;0.01841895;0.00000000;0.00000000
401;40.10000000;0.00000000;-2.97502354;25.65277298;1.67566614;1.52498501;1.61316199;-0.04555724;0.00000000;0.00000000
402;40.20000000;0.00000000;-2.97892637;25.75261804;1.67956998;1.52108257;1.60642530;-0.06879824;0.00000000;0.00000000
403;40.30000000;0.00000000;-2.98214218;25.85248754;1.66072451;1.51786706;1.59940234;-0.07165902;0.00000000;0.00000000
404;40.40000000;0.00000000;-2.98464225;25.95237746;1.63555819;1.51536723;1.59209350;-0.04880559;0.00000000;0.00000000
405;40.50000000;0.00000000;-2.98639790;26.05228319;1.61545403;1.51361175;1.58964122;0.00062464;0.00000000;0.00000000
406;40.60000000;0.00000000;-2.98840801;26.15218311;1.60159669;1.51160185;1.59221843;0.00458568;0.00000000;0.00000000
407;40.70000000;0.00000000;-2.99067860;26.25207876;1.59415488;1.51226929;1.59055836;-0.03850560;0.00000000;0.00000000
408;40.80000000;0.00000000;-2.99235703;26.35198607;1.59236613;1.52011019;1.58451731;-0.03601964;0.00000000;0.00000000
409;40.90000000;0.00000000;-2.99342054;26.45190180;1.59342970;1.53503667;1.58335443;0.01397111;0.00000000;0.00000000
410;41.00000000;0.00000000;-2.99486659;26.55181104;1.59487583;1.55587658;1.58731153;0.01884859;0.00000000;0.00000000
411;41.10000000;0.00000000;-2.99672080;26.65171546;1.59673014;1.58237230;1.58712415;-0.02366137;0.00000000;0.00000000
412;41.20000000;0.00000000;-2.99812944;26.75162715;1.59813885;1.60226681;1.58257925;-0.02094917;0.00000000;0.00000000
413;41.30000000;0.00000000;-2.99907548;26.85154426;1.59908495;1.60132023;1.58293431;0.02958794;0.00000000;0.00000000
414;41.40000000;0.00000000;-3.00055503;26.95145245;1.60056459;1.59984008;1.58849684;0.05766743;0.00000000;0.00000000
415;41.50000000;0.00000000;-3.00261257;27.05135304;1.60262223;1.59778191;1.59446780;0.05637776;0.00000000;0.00000000
416;41.60000000;0.00000000;-3.00528510;27.15123652;1.60529493;1.59510852;1.59977239;0.02468566;0.00000000;0.00000000
417;41.70000000;0.00000000;-3.00840234;27.25110942;1.60841237;1.59199030;1.59940493;-0.02791708;0.00000000;0.00000000
418;41.80000000;0.00000000;-3.01100153;27.35099714;1.61101171;1.58939033;1.59418898;-0.05245082;0.00000000;0.00000000
419;41.90000000;0.00000000;-3.01307676;27.45089712;1.61308705;1.58731446;1.58891477;-0.05303155;0.00000000;0.00000000
420;42.00000000;0.00000000;-3.01462217;27.55080668;1.61463254;1.58576850;1.58358267;-0.05360834;0.00000000;0.00000000
421;42.10000000;0.00000000;-3.01563194;27.65072309;1.61564238;1.58475819;1.57819310;-0.05418090;0.00000000;0.00000000
422;42.20000000;0.00000000;-3.01610034;27.75064349;1.61611083;1.58428921;1.57274649;-0.05474890;0.00000000;0.00000000
423;42.30000000;0.00000000;-3.01602167;27.85056496;1.61603221;1.58436719;1.56724332;-0.03048216;0.00000000;0.00000000
424;42.40000000;0.00000000;-3.01539030;27.95048445;1.61540091;1.58499769;1.56665006;0.02113180;0.00000000;0.00000000
425;42.50000000;0.00000000;-3.01519308;28.05040365;1.61520374;1.58519414;1.57146968;0.02900871;0.00000000;0.00000000
426;42.60000000;0.00000000;-3.01552486;28.15032484;1.61553558;1.58486176;1.57245180;-0.01173922;0.00000000;0.00000000
427;42.70000000;0.00000000;-3.01552391;28.25024657;1.61553468;1.58486205;1.56912183;-0.03329939;0.00000000;0.00000000
428;42.80000000;0.00000000;-3.01519023;28.35016775;1.61520105;1.58519498;1.56579192;-0.03329828;0.00000000;0.00000000
429;42.90000000;0.00000000;-3.01452382;28.45008726;1.61453471;1.58586051;1.56246218;-0.01156093;0.00000000;0.00000000
430;43.00000000;0.00000000;-3.01352472;28.55000400;1.61353569;1.58685860;1.56347973;0.02916277;0.00000000;0.00000000
431;43.10000000;0.00000000;-3.01306168;28.64992232;1.61307271;1.58732079;1.56829473;0.02090974;0.00000000;0.00000000
432;43.20000000;0.00000000;-3.01302480;28.74984380;1.61303589;1.58735700;1.56766168;-0.03067856;0.00000000;0.00000000
433;43.30000000;0.00000000;-3.01243525;28.84976356;1.61244639;1.58794571;1.56215902;-0.05474085;0.00000000;0.00000000
434;43.40000000;0.00000000;-3.01129873;28.94967860;1.61130996;1.58908115;1.55671351;-0.05416702;0.00000000;0.00000000
435;43.50000000;0.00000000;-3.00962100;29.04958602;1.60963235;1.59075751;1.55132562;-0.05358885;0.00000000;0.00000000
436;43.60000000;0.00000000;-3.00740790;29.14948302;1.60741941;1.59296889;1.54599574;-0.02875285;0.00000000;0.00000000
437;43.70000000;0.00000000;-3.00466530;29.24936690;1.60467702;1.59570937;1.54557504;0.02389565;0.00000000;0.00000000
438;43.80000000;0.00000000;-3.00236821;29.34925976;1.60238011;1.59800465;1.55077487;0.03393649;0.00000000;0.00000000
439;43.90000000;0.00000000;-3.00066448;29.44916701;1.60067650;1.59970702;1.55236234;-0.00560538;0.00000000;0.00000000
440;44.00000000;0.00000000;-2.99868450;29.54906917;1.59869667;1.60168547;1.54965380;-0.00524727;0.00000000;0.00000000
441;44.10000000;0.00000000;-2.99643960;29.64896573;1.59645194;1.60392867;1.55131289;0.03665032;0.00000000;0.00000000
442;44.20000000;0.00000000;-2.99479118;29.74887123;1.59480365;1.60557572;1.55698386;0.03049349;0.00000000;0.00000000
443;44.30000000;0.00000000;-2.99367940;29.84878666;1.59369196;1.60668647;1.55741159;-0.02001662;0.00000000;0.00000000
444;44.40000000;0.00000000;-2.99211642;29.94869606;1.59212909;1.60824820;1.55298054;-0.04346008;0.00000000;0.00000000
445;44.50000000;0.00000000;-2.99011924;30.04859774;1.59013206;1.61024386;1.54871957;-0.04175884;0.00000000;0.00000000
446;44.60000000;0.00000000;-2.98770489;30.14849023;1.58771791;1.61265640;1.54462877;-0.04005696;0.00000000;0.00000000
447;44.70000000;0.00000000;-2.98489043;30.24837227;1.58490369;1.61546876;1.54070818;-0.03835491;0.00000000;0.00000000
448;44.80000000;0.00000000;-2.98169289;30.34824279;1.58170644;1.61866388;1.53695779;-0.01578188;0.00000000;0.00000000
449;44.90000000;0.00000000;-2.97812932;30.44810094;1.57814322;1.62222471;1.53755180;0.02670081;0.00000000;0.00000000
450;45.00000000;0.00000000;-2.97505051;30.54797293;1.57506471;1.62530119;1.54229795;0.02192782;0.00000000;0.00000000
451;45.10000000;0.00000000;-2.97243497;30.64786019;1.57244939;1.62791483;1.54193737;-0.02803325;0.00000000;0.00000000
452;45.20000000;0.00000000;-2.96928407;30.74773203;1.56929880;1.63106339;1.53669130;-0.05132198;0.00000000;0.00000000
453;45.30000000;0.00000000;-2.96562066;30.84758641;1.56563577;1.63472403;1.53167297;-0.04904480;0.00000000;0.00000000
454;45.40000000;0.00000000;-2.96146755;30.94742165;1.56148315;1.61716461;1.52688234;-0.02630334;0.00000000;0.00000000
455;45.50000000;0.00000000;-2.95684759;31.04723640;1.55686377;1.59786264;1.52641230;0.01676021;0.00000000;0.00000000
456;45.60000000;0.00000000;-2.95260072;31.14706587;1.55537096;1.58119844;1.53023438;0.01337649;0.00000000;0.00000000
457;45.70000000;0.00000000;-2.94874388;31.24691278;1.56067789;1.56753682;1.52908760;-0.03602386;0.00000000;0.00000000
458;45.80000000;0.00000000;-2.94426799;31.34673390;1.57171665;1.56078689;1.52302961;-0.05915148;0.00000000;0.00000000
459;45.90000000;0.00000000;-2.93920172;31.44652683;1.58839532;1.56101003;1.51725730;-0.05629591;0.00000000;0.00000000
460;46.00000000;0.00000000;-2.93357374;31.54628971;1.61056574;1.56664036;1.51177043;-0.05344345;0.00000000;0.00000000
461;46.10000000;0.00000000;-2.92741269;31.64602113;1.62775866;1.57280422;1.50656861;-0.03086464;0.00000000;0.00000000
462;46.20000000;0.00000000;-2.92074714;31.74572013;1.62108964;1.57947305;1.50559750;0.01275760;0.00000000;0.00000000
463;46.30000000;0.00000000;-2.91439251;31.84543773;1.61473187;1.58583072;1.50912013;0.01140262;0.00000000;0.00000000
464;46.40000000;0.00000000;-2.90842953;31.94518098;1.60876620;1.59179636;1.50787802;-0.03741367;0.00000000;0.00000000
465;46.50000000;0.00000000;-2.90182710;32.04488400;1.60216040;1.59840205;1.50163740;-0.06069244;0.00000000;0.00000000
466;46.60000000;0.00000000;-2.89461969;32.14454517;1.59494889;1.60561335;1.49573954;-0.03826917;0.00000000;0.00000000
467;46.70000000;0.00000000;-2.88684167;32.24416347;1.58716603;1.61339594;1.49398356;0.00593993;0.00000000;0.00000000
468;46.80000000;0.00000000;-2.87928441;32.34379735;1.57960422;1.59659554;1.49692752;0.00663140;0.00000000;0.00000000
469;46.90000000;0.00000000;-2.87209308;32.44345949;1.57757800;1.57608089;1.49530984;-0.04162949;0.00000000;0.00000000
470;47.00000000;0.00000000;-2.86421341;32.54306963;1.57842163;1.56238818;1.48860162;-0.06508283;0.00000000;0.00000000
471;47.10000000;0.00000000;-2.85568564;32.64262645;1.58157497;1.55565822;1.48229328;-0.06109099;0.00000000;0.00000000
472;47.20000000;0.00000000;-2.84654987;32.74212938;1.59040411;1.55594180;1.47638343;-0.05711356;0.00000000;0.00000000
473;47.30000000;0.00000000;-2.83684599;32.84157857;1.60485420;1.56319557;1.47087056;-0.05315170;0.00000000;0.00000000
474;47.40000000;0.00000000;-2.82661369;32.94097484;1.62481334;1.57342366;1.46575309;-0.03203859;0.00000000;0.00000000
475;47.50000000;0.00000000;-2.81589246;33.04031960;1.61616694;1.58414058;1.46446285;0.01270490;0.00000000;0.00000000
476;47.60000000;0.00000000;-2.80540388;33.13968747;1.60569079;1.56935914;1.46829407;0.01762060;0.00000000;0.00000000
477;47.70000000;0.00000000;-2.79544420;33.23911129;1.59574271;1.55335589;1.46798697;-0.03009087;0.00000000;0.00000000
478;47.80000000;0.00000000;-2.78489443;33.33847429;1.58520617;1.54425961;1.46227589;-0.03882142;0.00000000;0.00000000
479;47.90000000;0.00000000;-2.77379977;33.43777799;1.57526319;1.54214777;1.46022268;0.00658585;0.00000000;0.00000000
480;48.00000000;0.00000000;-2.76284222;33.53709542;1.57176060;1.54457618;1.46359306;0.01441833;0.00000000;0.00000000
481;48.10000000;0.00000000;-2.75241720;33.63647148;1.57513844;1.54845015;1.46310635;-0.01767248;0.00000000;0.00000000
482;48.20000000;0.00000000;-2.74136283;33.73577957;1.58419352;1.55936004;1.46005856;-0.00210380;0.00000000;0.00000000
483;48.30000000;0.00000000;-2.73033237;33.83508919;1.59947501;1.57036613;1.46268559;0.00813073;0.00000000;0.00000000
484;48.40000000;0.00000000;-2.71979993;33.93445382;1.61981268;1.58087662;1.46168471;-0.03867277;0.00000000;0.00000000
485;48.50000000;0.00000000;-2.70857059;34.03374219;1.60858099;1.59208206;1.45495104;-0.05063075;0.00000000;0.00000000
486;48.60000000;0.00000000;-2.69670095;34.13295615;1.59670901;1.60392607;1.45155856;-0.00391957;0.00000000;0.00000000
487;48.70000000;0.00000000;-2.68479832;34.23216509;1.58480431;1.60006794;1.45416712;0.00949883;0.00000000;0.00000000
488;48.80000000;0.00000000;-2.67344646;34.33143948;1.57345084;1.58193313;1.45345832;-0.03684039;0.00000000;0.00000000
489;48.90000000;0.00000000;-2.66140309;34.43063245;1.56478355;1.57065426;1.44679904;-0.06351157;0.00000000;0.00000000
490;49.00000000;0.00000000;-2.64873006;34.52974703;1.56183667;1.56631825;1.44075601;-0.04537586;0.00000000;0.00000000
491;49.10000000;0.00000000;-2.63548872;34.62878736;1.56470391;1.56892158;1.43772387;0.00194034;0.00000000;0.00000000
492;49.20000000;0.00000000;-2.62221502;34.72782211;1.57235049;1.57789350;1.44114408;0.03101836;0.00000000;0.00000000
493;49.30000000;0.00000000;-2.60965147;34.82695061;1.58260160;1.56503056;1.44392754;0.02645152;0.00000000;0.00000000
494;49.40000000;0.00000000;-2.59692927;34.92605799;1.59743112;1.55001344;1.44643438;0.02220337;0.00000000;0.00000000
495;49.50000000;0.00000000;-2.58486289;35.02524813;1.59096606;1.54068068;1.44836822;0.00663707;0.00000000;0.00000000
496;49.60000000;0.00000000;-2.57252407;35.12440419;1.59048900;1.53807194;1.44776180;-0.05653928;0.00000000;0.00000000
497;49.70000000;0.00000000;-2.56033816;35.22357340;1.59643099;1.54179407;1.43706036;-0.12458432;0.00000000;0.00000000
498;49.80000000;0.00000000;-2.54588012;35.32244296;1.60630101;1.55422169;1.42284493;-0.07364613;0.00000000;0.00000000
499;49.90000000;0.00000000;-2.53087906;35.42123179;1.62173766;1.56920901;1.42233113;-0.01610266;0.00000000;0.00000000
500;50.00000000;0.00000000;-2.51631944;35.52008638;1.61649895;1.58375667;1.41962440;-0.05348660;0.00000000;0.00000000
501;50.10000000;0.00000000;-2.50078383;35.61879246;1.60098404;1.59188832;1.41163381;-0.03510689;0.00000000;0.00000000
502;50.20000000;0.00000000;-2.48464627;35.71740209;1.58634125;1.57944850;1.41260302;0.04169737;0.00000000;0.00000000
503;50.30000000;0.00000000;-2.46930196;35.81613844;1.57870467;1.56945724;1.41997329;0.06113375;0.00000000;0.00000000
504;50.40000000;0.00000000;-2.45461962;35.91497552;1.57804286;1.56512198;1.42482977;0.00624627;0.00000000;0.00000000
505;50.50000000;0.00000000;-2.44023514;36.01385562;1.58399750;1.56685806;1.42122254;-0.03582396;0.00000000;0.00000000
506;50.60000000;0.00000000;-2.42484013;36.11258425;1.59518666;1.57595925;1.41766498;-0.03739186;0.00000000;0.00000000
507;50.70000000;0.00000000;-2.40975245;36.21135961;1.60977826;1.57500502;1.41374417;-0.03487593;0.00000000;0.00000000
508;50.80000000;0.00000000;-2.39358372;36.30996453;1.59517853;1.56150449;1.41068979;0.00609521;0.00000000;0.00000000
509;50.90000000;0.00000000;-2.37789280;36.40864667;1.58309069;1.55383957;1.41496321;0.03714577;0.00000000;0.00000000
510;51.00000000;0.00000000;-2.36256740;36.50738626;1.57762271;1.55221090;1.41811895;0.02379518;0.00000000;0.00000000
511;51.10000000;0.00000000;-2.34749962;36.60616551;1.57873420;1.55674648;1.41972225;-0.03484453;0.00000000;0.00000000
512;51.20000000;0.00000000;-2.33249103;36.70495295;1.58621150;1.56759160;1.41115004;-0.09373206;0.00000000;0.00000000
513;51.30000000;0.00000000;-2.31573204;36.80345937;1.59815631;1.57444104;1.40097584;-0.06621010;0.00000000;0.00000000
514;51.40000000;0.00000000;-2.29871639;36.90192178;1.60496106;1.56363370;1.39790802;-0.03533333;0.00000000;0.00000000
515;51.50000000;0.00000000;-2.28135331;37.00032353;1.59943830;1.55952066;1.39390917;-0.04428588;0.00000000;0.00000000
516;51.60000000;0.00000000;-2.26355074;37.09864671;1.59970211;1.56187310;1.38905085;-0.05236331;0.00000000;0.00000000
517;51.70000000;0.00000000;-2.24523237;37.19687509;1.60567196;1.55204228;1.38343651;-0.05968712;0.00000000;0.00000000
518;51.80000000;0.00000000;-2.22632691;37.29499213;1.61721219;1.53873268;1.37711342;-0.06650742;0.00000000;0.00000000
519;51.90000000;0.00000000;-2.20676784;37.39298091;1.60848529;1.53250448;1.37013503;-0.06474443;0.00000000;0.00000000
520;52.00000000;0.00000000;-2.18649490;37.49082441;1.59580760;1.53350661;1.36416454;-0.06188595;0.00000000;0.00000000
521;52.10000000;0.00000000;-2.16576717;37.58857268;1.58864148;1.54146276;1.35775784;-0.07490686;0.00000000;0.00000000
522;52.20000000;0.00000000;-2.14424227;37.68614812;1.58114683;1.54550153;1.34918316;-0.12471805;0.00000000;0.00000000
523;52.30000000;0.00000000;-2.12184147;37.78352602;1.57905075;1.53765268;1.33281423;-0.17924536;0.00000000;0.00000000
524;52.40000000;0.00000000;-2.09713575;37.88033855;1.58090152;1.53864831;1.31333409;-0.16542601;0.00000000;0.00000000
525;52.50000000;0.00000000;-2.07095937;37.97676926;1.58753459;1.54762373;1.29972902;-0.12865963;0.00000000;0.00000000
526;52.60000000;0.00000000;-2.04362742;38.07287859;1.59358329;1.56412593;1.28760217;-0.12234932;0.00000000;0.00000000
527;52.70000000;0.00000000;-2.01512030;38.16864569;1.59289283;1.56230469;1.27525916;-0.11732489;0.00000000;0.00000000
528;52.80000000;0.00000000;-1.98542448;38.26405072;1.59064756;1.56406141;1.26413719;-0.10581701;0.00000000;0.00000000
529;52.90000000;0.00000000;-1.95479401;38.35916112;1.57083376;1.57315276;1.25409576;-0.12311824;0.00000000;0.00000000
530;53.00000000;0.00000000;-1.92318839;38.45395028;1.55617147;1.57899850;1.23951354;-0.18693640;0.00000000;0.00000000
531;53.10000000;0.00000000;-1.88980055;38.54811826;1.54595006;1.58006026;1.21670848;-0.23810767;0.00000000;0.00000000
532;53.20000000;0.00000000;-1.85390837;38.64136174;1.53632053;1.59007318;1.19189200;-0.21282908;0.00000000;0.00000000
533;53.30000000;0.00000000;-1.81588657;38.73376514;1.52799866;1.60045076;1.17414266;-0.15151890;0.00000000;0.00000000
534;53.40000000;0.00000000;-1.77670455;38.82568319;1.51358873;1.60902918;1.16158822;-0.12696079;0.00000000;0.00000000
535;53.50000000;0.00000000;-1.73637431;38.91710407;1.49751330;1.62495291;1.14875050;-0.12917068;0.00000000;0.00000000
536;53.60000000;0.00000000;-1.69484495;39.00798693;1.48667735;1.64572288;1.13575409;-0.15702935;0.00000000;0.00000000
537;53.70000000;0.00000000;-1.65215235;39.09832865;1.48122917;1.67027793;1.11734463;-0.21179987;0.00000000;0.00000000
538;53.80000000;0.00000000;-1.60730785;39.18761679;1.48011625;1.68236003;1.09339411;-0.21668943;0.00000000;0.00000000
539;53.90000000;0.00000000;-1.56034149;39.27580493;1.48335433;1.68931199;1.07400675;-0.17748781;0.00000000;0.00000000
540;54.00000000;0.00000000;-1.51206805;39.36329021;1.49181387;1.67720986;1.05789655;-0.16586822;0.00000000;0.00000000
541;54.10000000;0.00000000;-1.46228565;39.44991844;1.50515622;1.67274035;1.04083310;-0.14910965;0.00000000;0.00000000
542;54.20000000;0.00000000;-1.41105502;39.53570635;1.48627649;1.67590446;1.02807462;-0.10865303;0.00000000;0.00000000
543;54.30000000;0.00000000;-1.35907467;39.62104252;1.46696442;1.68586689;1.01910250;-0.12089376;0.00000000;0.00000000
544;54.40000000;0.00000000;-1.30631299;39.70589734;1.45336315;1.70254904;1.00389587;-0.14614929;0.00000000;0.00000000
545;54.50000000;0.00000000;-1.25176129;39.78961408;1.44443281;1.71650482;0.98987264;-0.14954535;0.00000000;0.00000000
546;54.60000000;0.00000000;-1.19664027;39.87295672;1.44061334;1.71861251;0.97398680;-0.17390121;0.00000000;0.00000000
547;54.70000000;0.00000000;-1.13946292;39.95488920;1.43583871;1.70112245;0.95509240;-0.15022403;0.00000000;0.00000000
548;54.80000000;0.00000000;-1.08123292;40.03608975;1.43672671;1.68684703;0.94394199;-0.11490790;0.00000000;0.00000000
549;54.90000000;0.00000000;-1.02223843;40.11673268;1.44360145;1.67935419;0.93211082;-0.12927798;0.00000000;0.00000000
550;55.00000000;0.00000000;-0.96210411;40.19653202;1.45591200;1.67920660;0.91808640;-0.11138897;0.00000000;0.00000000
551;55.10000000;0.00000000;-0.90086888;40.27549168;1.46842890;1.68637329;0.90983302;-0.07512167;0.00000000;0.00000000
552;55.20000000;0.00000000;-0.83942464;40.35428876;1.48068435;1.69965645;0.90306206;-0.08957819;0.00000000;0.00000000
553;55.30000000;0.00000000;-0.77712728;40.43241007;1.49186150;1.71395792;0.89191739;-0.11068538;0.00000000;0.00000000
554;55.40000000;0.00000000;-0.71394379;40.50981612;1.50190877;1.69306495;0.88092499;-0.10578026;0.00000000;0.00000000
555;55.50000000;0.00000000;-0.64994350;40.58654984;1.51090507;1.67665746;0.87076133;-0.07580873;0.00000000;0.00000000
556;55.60000000;0.00000000;-0.58519799;40.66265766;1.51893340;1.66358427;0.86576324;-0.04447854;0.00000000;0.00000000
557;55.70000000;0.00000000;-0.52043296;40.73874886;1.52693636;1.65647174;0.86186562;-0.04366362;0.00000000;0.00000000
558;55.80000000;0.00000000;-0.45509686;40.81434883;1.53418918;1.65612412;0.85703052;-0.03130752;0.00000000;0.00000000
559;55.90000000;0.00000000;-0.38959908;40.88981017;1.54123000;1.66200764;0.85560412;-0.02561826;0.00000000;0.00000000
560;56.00000000;0.00000000;-0.32404721;40.96522385;1.54819903;1.65731343;0.85190687;-0.05041802;0.00000000;0.00000000
561;56.10000000;0.00000000;-0.25799320;41.04019884;1.55450355;1.63729396;0.84552052;-0.07490384;0.00000000;0.00000000
562;56.20000000;0.00000000;-0.19148320;41.11476943;1.56020029;1.62379538;0.83692610;-0.07938283;0.00000000;0.00000000
563;56.30000000;0.00000000;-0.12415224;41.18859582;1.56479118;1.61747986;0.82964395;-0.03721261;0.00000000;0.00000000
564;56.40000000;0.00000000;-0.05656342;41.26218972;1.56903562;1.61323239;0.82948358;-0.00231111;0.00000000;0.00000000
565;56.50000000;0.00000000;0.01079314;41.33599663;1.57359472;1.58725996;0.82918173;-0.01578007;0.00000000;0.00000000
566;56.60000000;0.00000000;0.07842662;41.40954997;1.57777899;1.56157713;0.82632756;-0.02305939;0.00000000;0.00000000
567;56.70000000;0.00000000;0.14620341;41.48297120;1.58622626;1.54214586;0.82456985;-0.01624605;0.00000000;0.00000000
568;56.80000000;0.00000000;0.21409500;41.55628628;1.60072390;1.52916615;0.82307835;-0.01446220;0.00000000;0.00000000
569;56.90000000;0.00000000;0.28209053;41.62950502;1.62112377;1.52278840;0.82167741;0.01219423;0.00000000;0.00000000
570;57.00000000;0.00000000;0.35018731;41.70262964;1.64720990;1.51857980;0.82551720;0.04197580;0.00000000;0.00000000
571;57.10000000;0.00000000;0.41761833;41.77636816;1.66862547;1.51800072;0.83007257;0.02127776;0.00000000;0.00000000
572;57.20000000;0.00000000;0.48504607;41.85011013;1.67308497;1.52398230;0.82977275;-0.00213307;0.00000000;0.00000000
573;57.30000000;0.00000000;0.55252152;41.92380846;1.67748001;1.52309828;0.82964596;0.02591985;0.00000000;0.00000000
574;57.40000000;0.00000000;0.61996767;41.99753301;1.68191428;1.50665317;0.83495672;0.05492928;0.00000000;0.00000000
575;57.50000000;0.00000000;0.68665655;42.07194386;1.68736744;1.49569293;0.84063181;0.03427546;0.00000000;0.00000000
576;57.60000000;0.00000000;0.75326186;42.14642950;1.69293240;1.49012619;0.84181181;0.01257271;0.00000000;0.00000000
577;57.70000000;0.00000000;0.81977492;42.22099749;1.69862066;1.48443623;0.84314635;0.01433067;0.00000000;0.00000000
578;57.80000000;0.00000000;0.88618116;42.29566061;1.71021995;1.47860377;0.84467794;0.02170081;0.00000000;0.00000000
579;57.90000000;0.00000000;0.95246552;42.37043203;1.71228248;1.47260889;0.84748652;0.05426434;0.00000000;0.00000000
580;58.00000000;0.00000000;1.01845136;42.44546702;1.71617244;1.46621730;0.85553081;0.08903972;0.00000000;0.00000000
581;58.10000000;0.00000000;1.08352253;42.52129319;1.72377613;1.45862200;0.86529446;0.07989353;0.00000000;0.00000000
582;58.20000000;0.00000000;1.14803034;42.59760191;1.73211925;1.45028887;0.87150952;0.05689701;0.00000000;0.00000000
583;58.30000000;0.00000000;1.21215534;42.67423268;1.73366877;1.44145876;0.87667386;0.05743711;0.00000000;0.00000000
584;58.40000000;0.00000000;1.27587184;42.75120395;1.71885186;1.43210067;0.88299694;0.06579547;0.00000000;0.00000000
585;58.50000000;0.00000000;1.33902294;42.82863985;1.71048633;1.42201663;0.88983296;0.08263718;0.00000000;0.00000000
586;58.60000000;0.00000000;1.40168087;42.90647467;1.70856990;1.41223666;0.89952438;0.09913667;0.00000000;0.00000000
587;58.70000000;0.00000000;1.46331625;42.98511618;1.71379000;1.40818753;0.90966029;0.07131608;0.00000000;0.00000000
588;58.80000000;0.00000000;1.52438382;43.06420538;1.72550853;1.41049751;0.91378759;0.06833039;0.00000000;0.00000000
589;58.90000000;0.00000000;1.58536907;43.14335447;1.73833482;1.41975188;0.92332637;0.14725907;0.00000000;0.00000000
590;59.00000000;0.00000000;1.64491691;43.22359433;1.75294500;1.43205085;0.94323941;0.17544765;0.00000000;0.00000000
591;59.10000000;0.00000000;1.70270364;43.30511058;1.75351948;1.42488407;0.95841590;0.13831361;0.00000000;0.00000000
592;59.20000000;0.00000000;1.75978846;43.38711999;1.73813753;1.42384882;0.97090213;0.15374270;0.00000000;0.00000000
593;59.30000000;0.00000000;1.81551869;43.47004931;1.73003921;1.42818106;0.98916444;0.18291170;0.00000000;0.00000000
594;59.40000000;0.00000000;1.86956721;43.55408302;1.71940696;1.43745932;1.00748447;0.15569151;0.00000000;0.00000000
595;59.50000000;0.00000000;1.92222485;43.63900239;1.71039760;1.44937891;1.02030274;0.10813747;0.00000000;0.00000000
596;59.60000000;0.00000000;1.97410490;43.72439962;1.70811153;1.45067224;1.02911197;0.08580867;0.00000000;0.00000000
597;59.70000000;0.00000000;2.02525882;43.81023438;1.71251118;1.45798214;1.03746448;0.11718185;0.00000000;0.00000000
598;59.80000000;0.00000000;2.07570553;43.89648698;1.72351905;1.46353134;1.05254833;0.16705947;0.00000000;0.00000000
599;59.90000000;0.00000000;2.12424657;43.98382467;1.72342383;1.46880409;1.07087637;0.17481130;0.00000000;0.00000000
600;60.00000000;0.00000000;2.17149756;44.07186648;1.71718913;1.47936175;1.08751059;0.16772804;0.00000000;0.00000000
601;60.10000000;0.00000000;2.21710492;44.16076704;1.69836760;1.47960084;1.10442198;0.14447662;0.00000000;0.00000000
602;60.20000000;0.00000000;2.26135134;44.25035565;1.66927967;1.46893912;1.11640592;0.09956807;0.00000000;0.00000000
603;60.30000000;0.00000000;2.30481711;44.34032799;1.64660488;1.46416031;1.12433559;0.07807665;0.00000000;0.00000000
604;60.40000000;0.00000000;2.34763766;44.43060799;1.62696097;1.46547747;1.13202125;0.06711328;0.00000000;0.00000000
605;60.50000000;0.00000000;2.38971551;44.52123810;1.61195438;1.47276859;1.13775825;0.05648123;0.00000000;0.00000000
606;60.60000000;0.00000000;2.43149790;44.61200458;1.60337219;1.48643392;1.14331749;0.04867037;0.00000000;0.00000000
607;60.70000000;0.00000000;2.47256553;44.70309700;1.60177786;1.50585196;1.14749232;0.03411682;0.00000000;0.00000000
608;60.80000000;0.00000000;2.51358873;44.79420945;1.60436040;1.53150913;1.15014086;0.03474462;0.00000000;0.00000000
609;60.90000000;0.00000000;2.55417316;44.88551790;1.60423412;1.53590411;1.15444124;0.02939749;0.00000000;0.00000000
610;61.00000000;0.00000000;2.59441113;44.97697964;1.61069722;1.53146859;1.15602036;0.00322128;0.00000000;0.00000000
611;61.10000000;0.00000000;2.63470703;45.06841589;1.61186534;1.53360789;1.15508550;-0.00552279;0.00000000;0.00000000
612;61.20000000;0.00000000;2.67511600;45.15980238;1.59611559;1.54235450;1.15491580;0.00082646;0.00000000;0.00000000
613;61.30000000;0.00000000;2.71544299;45.25122510;1.58660413;1.55738752;1.15525079;-0.00309398;0.00000000;0.00000000
614;61.40000000;0.00000000;2.75579074;45.34263866;1.58333107;1.56638261;1.15429700;-0.03158722;0.00000000;0.00000000
615;61.50000000;0.00000000;2.79629205;45.43398429;1.58619006;1.55886061;1.14893335;-0.07429473;0.00000000;0.00000000
616;61.60000000;0.00000000;2.83761786;45.52495927;1.59441706;1.55862863;1.13943806;-0.09017157;0.00000000;0.00000000
617;61.70000000;0.00000000;2.87984585;45.61551800;1.58793787;1.56577894;1.13089903;-0.07603571;0.00000000;0.00000000
618;61.80000000;0.00000000;2.92271923;45.70577401;1.57215627;1.57993430;1.12423091;-0.06695627;0.00000000;0.00000000
619;61.90000000;0.00000000;2.96615144;45.79576214;1.56199889;1.60081767;1.11750778;-0.07239073;0.00000000;0.00000000
620;62.00000000;0.00000000;3.01023435;45.88543320;1.54333148;1.62826864;1.10975277;-0.08460992;0.00000000;0.00000000
621;62.10000000;0.00000000;3.05505710;45.97473711;1.52653130;1.64786122;1.10058580;-0.10078169;0.00000000;0.00000000
622;62.20000000;0.00000000;3.10077695;46.06358572;1.51514071;1.65744741;1.08959643;-0.12820242;0.00000000;0.00000000
623;62.30000000;0.00000000;3.14755155;46.15188308;1.50909943;1.63833934;1.07494531;-0.16558831;0.00000000;0.00000000
624;62.40000000;0.00000000;3.19585292;46.23935048;1.50792493;1.62470730;1.05647877;-0.18489584;0.00000000;0.00000000
625;62.50000000;0.00000000;3.24585294;46.32585523;1.51141415;1.61545330;1.03796614;-0.16301518;0.00000000;0.00000000
626;62.60000000;0.00000000;3.29735901;46.41147489;1.49326271;1.61409638;1.02387573;-0.11489896;0.00000000;0.00000000
627;62.70000000;0.00000000;3.34977994;46.49654181;1.47645470;1.61998232;1.01498635;-0.10424690;0.00000000;0.00000000
628;62.80000000;0.00000000;3.40280045;46.58123293;1.46557274;1.63003454;1.00302635;-0.14933341;0.00000000;0.00000000
629;62.90000000;0.00000000;3.45724020;46.66502055;1.45977455;1.63916355;0.98511967;-0.18995402;0.00000000;0.00000000
630;63.00000000;0.00000000;3.51326087;46.74776150;1.45890914;1.65615005;0.96503555;-0.20469712;0.00000000;0.00000000
631;63.10000000;0.00000000;3.57102176;46.82929582;1.46276464;1.66652807;0.94418025;-0.20942540;0.00000000;0.00000000
632;63.20000000;0.00000000;3.63044150;46.90962557;1.47136885;1.66600055;0.92315047;-0.18267147;0.00000000;0.00000000
633;63.30000000;0.00000000;3.69157617;46.98865469;1.48346414;1.67359890;0.90764595;-0.13400243;0.00000000;0.00000000
634;63.40000000;0.00000000;3.75346027;47.06710668;1.47713000;1.68747419;0.89634998;-0.14953187;0.00000000;0.00000000
635;63.50000000;0.00000000;3.81636311;47.14473260;1.46828274;1.67705869;0.87773958;-0.21069414;0.00000000;0.00000000
636;63.60000000;0.00000000;3.88111822;47.22082104;1.45816471;1.66904203;0.85421115;-0.21387089;0.00000000;0.00000000
637;63.70000000;0.00000000;3.94760763;47.29540752;1.45255965;1.66331509;0.83496540;-0.20663044;0.00000000;0.00000000
638;63.80000000;0.00000000;4.01524745;47.36895263;1.45226608;1.65913857;0.81288507;-0.25315981;0.00000000;0.00000000
639;63.90000000;0.00000000;4.08496612;47.44053257;1.45598239;1.65782219;0.78433344;-0.23727950;0.00000000;0.00000000
640;64.00000000;0.00000000;4.15669187;47.51009618;1.46369030;1.65935063;0.76542917;-0.17777802;0.00000000;0.00000000
641;64.10000000;0.00000000;4.22906593;47.57898926;1.47720948;1.66181147;0.74877783;-0.20092412;0.00000000;0.00000000
642;64.20000000;0.00000000;4.30306201;47.64612032;1.49495128;1.66666431;0.72524434;-0.22424525;0.00000000;0.00000000
643;64.30000000;0.00000000;4.37859292;47.71152840;1.50827562;1.67381966;0.70392878;-0.20510959;0.00000000;0.00000000
644;64.40000000;0.00000000;4.45538760;47.77544882;1.49916859;1.68291938;0.68422243;-0.20346181;0.00000000;0.00000000
645;64.50000000;0.00000000;4.53343678;47.83782973;1.48808432;1.68672143;0.66323642;-0.21903793;0.00000000;0.00000000
646;64.60000000;0.00000000;4.61284643;47.89847201;1.47898556;1.67550131;0.64041484;-0.25183647;0.00000000;0.00000000
647;64.70000000;0.00000000;4.69366126;47.95722722;1.47425428;1.67254631;0.61286913;-0.27166134;0.00000000;0.00000000
648;64.80000000;0.00000000;4.77629354;48.01340771;1.47313670;1.67869781;0.58608257;-0.25149886;0.00000000;0.00000000
649;64.90000000;0.00000000;4.86014358;48.06775430;1.47659103;1.67268374;0.56256936;-0.21520340;0.00000000;0.00000000
650;65.00000000;0.00000000;4.94532259;48.11998638;1.48428903;1.66195095;0.54304189;-0.18181047;0.00000000;0.00000000
651;65.10000000;0.00000000;5.03122926;48.17101684;1.49723991;1.65858851;0.52620726;-0.19723639;0.00000000;0.00000000
652;65.20000000;0.00000000;5.11811626;48.22035073;1.49784512;1.63713480;0.50359461;-0.25717801;0.00000000;0.00000000
653;65.30000000;0.00000000;5.20623334;48.26744043;1.49918829;1.61676761;0.47477166;-0.28914069;0.00000000;0.00000000
654;65.40000000;0.00000000;5.29580697;48.31168081;1.49350253;1.60556770;0.44576647;-0.26017085;0.00000000;0.00000000
655;65.50000000;0.00000000;5.38651340;48.35358623;1.49189481;1.60313216;0.42273749;-0.23095964;0.00000000;0.00000000
656;65.60000000;0.00000000;5.47803574;48.39365824;1.49496774;1.60891780;0.39957455;-0.22401809;0.00000000;0.00000000
657;65.70000000;0.00000000;5.57058603;48.43131860;1.50208060;1.62344109;0.37793387;-0.20587543;0.00000000;0.00000000
658;65.80000000;0.00000000;5.66376322;48.46739557;1.51407997;1.61221444;0.35839946;-0.19933541;0.00000000;0.00000000
659;65.90000000;0.00000000;5.75771476;48.50141265;1.51839310;1.60870498;0.33806679;-0.23673241;0.00000000;0.00000000
660;66.00000000;0.00000000;5.85228401;48.53367255;1.51505168;1.61325409;0.31105298;-0.28409686;0.00000000;0.00000000
661;66.10000000;0.00000000;5.94793699;48.56256699;1.51476147;1.62744337;0.28124741;-0.25960516;0.00000000;0.00000000
662;66.20000000;0.00000000;6.04426105;48.58913575;1.51863742;1.64984887;0.25913195;-0.22987593;0.00000000;0.00000000
663;66.30000000;0.00000000;6.14109638;48.61377205;1.52706424;1.66352416;0.23527223;-0.25045023;0.00000000;0.00000000
664;66.40000000;0.00000000;6.23857383;48.63571477;1.53920271;1.66477583;0.20904190;-0.24881247;0.00000000;0.00000000
665;66.50000000;0.00000000;6.33656400;48.65523875;1.52737257;1.64521069;0.18550974;-0.23821083;0.00000000;0.00000000
666;66.60000000;0.00000000;6.43496537;48.67257107;1.51723765;1.62784729;0.16139974;-0.24610404;0.00000000;0.00000000
667;66.70000000;0.00000000;6.53377847;48.68734842;1.51105698;1.61304815;0.13628893;-0.24722291;0.00000000;0.00000000
668;66.80000000;0.00000000;6.63292395;48.69971893;1.50904098;1.60066290;0.11195515;-0.24617491;0.00000000;0.00000000
669;66.90000000;0.00000000;6.73233942;48.70967168;1.51120455;1.59070085;0.08705394;-0.25134063;0.00000000;0.00000000
670;67.00000000;0.00000000;6.83197622;48.71709112;1.51741874;1.58327635;0.06168703;-0.25463512;0.00000000;0.00000000
671;67.10000000;0.00000000;6.93176979;48.72198958;1.52231320;1.57837562;0.03612692;-0.25782410;0.00000000;0.00000000
672;67.20000000;0.00000000;7.03165678;48.72430811;1.52463023;1.57605624;0.01012221;-0.26251564;0.00000000;0.00000000
673;67.30000000;0.00000000;7.13157183;48.72401208;1.52433384;1.57635140;-0.01637621;-0.26709976;0.00000000;0.00000000
674;67.40000000;0.00000000;7.23144442;48.72103605;1.52146350;1.57932506;-0.04329774;-0.27015616;0.00000000;0.00000000
675;67.50000000;0.00000000;7.33120180;48.71536315;1.52112749;1.58499254;-0.07040744;-0.27252466;0.00000000;0.00000000
676;67.60000000;0.00000000;7.43076972;48.70697883;1.52463322;1.59336697;-0.09780268;-0.27116416;0.00000000;0.00000000
677;67.70000000;0.00000000;7.53007003;48.69585105;1.53191379;1.60447902;-0.12464027;-0.26619872;0.00000000;0.00000000
678;67.80000000;0.00000000;7.62904611;48.68213683;1.54305852;1.61817115;-0.15104242;-0.25934865;0.00000000;0.00000000
679;67.90000000;0.00000000;7.72761830;48.66578389;1.55791483;1.63449499;-0.17651000;-0.24581706;0.00000000;0.00000000
680;68.00000000;0.00000000;7.82576472;48.64704887;1.54851649;1.60779576;-0.20020583;-0.23960824;0.00000000;0.00000000
681;68.10000000;0.00000000;7.92344959;48.62604495;1.53494976;1.58793181;-0.22443165;-0.24120259;0.00000000;0.00000000
682;68.20000000;0.00000000;8.02056970;48.60257931;1.52528843;1.57668586;-0.24844635;-0.22908962;0.00000000;0.00000000
683;68.30000000;0.00000000;8.11713242;48.57691002;1.51986526;1.57399659;-0.27024957;-0.21813596;0.00000000;0.00000000
684;68.40000000;0.00000000;8.21313868;48.54923253;1.51891783;1.57972085;-0.29207354;-0.21999319;0.00000000;0.00000000
685;68.50000000;0.00000000;8.30848657;48.51937511;1.52226179;1.59395551;-0.31424821;-0.21046264;0.00000000;0.00000000
686;68.60000000;0.00000000;8.40317203;48.48746827;1.52999019;1.61635012;-0.33416607;-0.19420131;0.00000000;0.00000000
687;68.70000000;0.00000000;8.49725898;48.45383590;1.54160615;1.63849327;-0.35308848;-0.20777505;0.00000000;0.00000000
688;68.80000000;0.00000000;8.59066781;48.41836999;1.54289377;1.64784725;-0.37572108;-0.24633106;0.00000000;0.00000000
689;68.90000000;0.00000000;8.68312952;48.38051748;1.53570988;1.64053532;-0.40235469;-0.25243121;0.00000000;0.00000000
690;69.00000000;0.00000000;8.77452127;48.34012718;1.52426042;1.63360688;-0.42620732;-0.25751112;0.00000000;0.00000000
691;69.10000000;0.00000000;8.86507311;48.29790807;1.51729839;1.63478618;-0.45385691;-0.26635169;0.00000000;0.00000000
692;69.20000000;0.00000000;8.95409416;48.25252778;1.51338723;1.64554294;-0.47947766;-0.24345866;0.00000000;0.00000000
693;69.30000000;0.00000000;9.04237287;48.20572157;1.51446037;1.64024853;-0.50254864;-0.22950170;0.00000000;0.00000000
694;69.40000000;0.00000000;9.12920714;48.15628281;1.50697443;1.63957997;-0.52537800;-0.24244671;0.00000000;0.00000000
695;69.50000000;0.00000000;9.21525901;48.10549515;1.49833143;1.64654465;-0.55103799;-0.25805775;0.00000000;0.00000000
696;69.60000000;0.00000000;9.29943688;48.05167080;1.49275747;1.66107468;-0.57698955;-0.23122914;0.00000000;0.00000000
697;69.70000000;0.00000000;9.38273714;47.99648795;1.49224426;1.64546892;-0.59728381;-0.22896104;0.00000000;0.00000000
698;69.80000000;0.00000000;9.46466129;47.93929231;1.49597854;1.63826354;-0.62278176;-0.23834129;0.00000000;0.00000000
699;69.90000000;0.00000000;9.54503451;47.87993947;1.50370870;1.63979092;-0.64495207;-0.21957527;0.00000000;0.00000000
700;70.00000000;0.00000000;9.62434677;47.81916578;1.50746612;1.64914994;-0.66669681;-0.24809822;0.00000000;0.00000000
701;70.10000000;0.00000000;9.70205637;47.75638027;1.49251188;1.66213887;-0.69457172;-0.27539364;0.00000000;0.00000000
702;70.20000000;0.00000000;9.77785455;47.69128595;1.48115498;1.66633297;-0.72177554;-0.25740279;0.00000000;0.00000000
703;70.30000000;0.00000000;9.85204193;47.62436086;1.47404920;1.67889517;-0.74605227;-0.23541589;0.00000000;0.00000000
704;70.40000000;0.00000000;9.92459262;47.55566334;1.47128648;1.69960754;-0.76885872;-0.20484346;0.00000000;0.00000000
705;70.50000000;0.00000000;9.99565611;47.48542040;1.47186692;1.71062769;-0.78702097;-0.21175782;0.00000000;0.00000000
706;70.60000000;0.00000000;10.06566470;47.41413265;1.47096313;1.71153269;-0.81121028;-0.26275186;0.00000000;0.00000000
707;70.70000000;0.00000000;10.13324885;47.34053467;1.46800345;1.71578644;-0.83957134;-0.25427360;0.00000000;0.00000000
708;70.80000000;0.00000000;10.19910743;47.26538797;1.46952269;1.72235709;-0.86206500;-0.21947995;0.00000000;0.00000000
709;70.90000000;0.00000000;10.26331247;47.18882604;1.47564762;1.73109999;-0.88346733;-0.23437310;0.00000000;0.00000000
710;71.00000000;0.00000000;10.32589272;47.11093290;1.48427391;1.72991534;-0.90893962;-0.24324681;0.00000000;0.00000000
711;71.10000000;0.00000000;10.38610921;47.03120927;1.49240114;1.71146982;-0.93211669;-0.19421766;0.00000000;0.00000000
712;71.20000000;0.00000000;10.44501447;46.95049817;1.49448696;1.69603452;-0.94778315;-0.16091405;0.00000000;0.00000000
713;71.30000000;0.00000000;10.50270808;46.86892103;1.49391225;1.68787518;-0.96429950;-0.18462804;0.00000000;0.00000000
714;71.40000000;0.00000000;10.55891363;46.78631144;1.49820315;1.68742028;-0.98470876;-0.22365026;0.00000000;0.00000000
715;71.50000000;0.00000000;10.61322606;46.70245423;1.50686300;1.69512909;-1.00902955;-0.22633387;0.00000000;0.00000000
716;71.60000000;0.00000000;10.66534957;46.61720806;1.50696791;1.68449317;-1.02997553;-0.18372719;0.00000000;0.00000000
717;71.70000000;0.00000000;10.71610759;46.53114087;1.50615664;1.65878602;-1.04577499;-0.15676031;0.00000000;0.00000000
718;71.80000000;0.00000000;10.76551279;46.44428883;1.51040423;1.64032069;-1.06132760;-0.15766606;0.00000000;0.00000000
719;71.90000000;0.00000000;10.81357061;46.35668275;1.49601281;1.62932827;-1.07730820;-0.15794374;0.00000000;0.00000000
720;72.00000000;0.00000000;10.86017565;46.26829533;1.48543271;1.62606878;-1.09291634;-0.19539024;0.00000000;0.00000000
721;72.10000000;0.00000000;10.90547523;46.17923302;1.48006187;1.62787944;-1.11638625;-0.24147891;0.00000000;0.00000000
722;72.20000000;0.00000000;10.94787674;46.08876607;1.47820718;1.60750456;-1.14121213;-0.19926392;0.00000000;0.00000000
723;72.30000000;0.00000000;10.98870004;45.99756622;1.48136147;1.59487579;-1.15623903;-0.15615976;0.00000000;0.00000000
724;72.40000000;0.00000000;11.02836736;45.90585786;1.48996643;1.58970650;-1.17244408;-0.17699182;0.00000000;0.00000000
725;72.50000000;0.00000000;11.06621091;45.81339027;1.50322339;1.59278117;-1.19163740;-0.16769896;0.00000000;0.00000000
726;72.60000000;0.00000000;11.10232992;45.72022648;1.50565790;1.60393718;-1.20598387;-0.12491256;0.00000000;0.00000000
727;72.70000000;0.00000000;11.13750807;45.62670309;1.51083412;1.62217178;-1.21661991;-0.12123296;0.00000000;0.00000000
728;72.80000000;0.00000000;11.17163697;45.53279296;1.52145756;1.63137194;-1.23023046;-0.16389830;0.00000000;0.00000000
729;72.90000000;0.00000000;11.20425570;45.43834930;1.51673324;1.60743057;-1.24939957;-0.17042514;0.00000000;0.00000000
730;73.00000000;0.00000000;11.23476079;45.34319791;1.51230231;1.59162781;-1.26431549;-0.12418844;0.00000000;0.00000000
731;73.10000000;0.00000000;11.26454915;45.24781954;1.51371459;1.58274086;-1.27423726;-0.09744689;0.00000000;0.00000000
732;73.20000000;0.00000000;11.29316020;45.15208164;1.52047710;1.58136598;-1.28380487;-0.11131746;0.00000000;0.00000000
733;73.30000000;0.00000000;11.32111805;45.05615103;1.53306122;1.58697519;-1.29650075;-0.12914845;0.00000000;0.00000000
734;73.40000000;0.00000000;11.34728813;44.95972134;1.55017459;1.60065374;-1.30963456;-0.10113580;0.00000000;0.00000000
735;73.50000000;0.00000000;11.37271683;44.86308943;1.54701170;1.62113797;-1.31672791;-0.06360646;0.00000000;0.00000000
736;73.60000000;0.00000000;11.39751713;44.76629493;1.54525558;1.60322633;-1.32235585;-0.07301949;0.00000000;0.00000000
737;73.70000000;0.00000000;11.42185658;44.66938288;1.54947839;1.58485685;-1.33133181;-0.11045006;0.00000000;0.00000000
738;73.80000000;0.00000000;11.44491395;44.57216438;1.55879514;1.57394764;-1.34444586;-0.10414732;0.00000000;0.00000000
739;73.90000000;0.00000000;11.46670356;44.47464748;1.55817147;1.57063888;-1.35216127;-0.04379368;0.00000000;0.00000000
740;74.00000000;0.00000000;11.48825945;44.37707841;1.54869993;1.57391954;-1.35320460;-0.00423615;0.00000000;0.00000000
741;74.10000000;0.00000000;11.50984558;44.27951603;1.54567431;1.58348049;-1.35300850;-0.00126338;0.00000000;0.00000000
742;74.20000000;0.00000000;11.53143973;44.18195546;1.54910970;1.59244294;-1.35345728;-0.00736861;0.00000000;0.00000000
743;74.30000000;0.00000000;11.55293826;44.08437379;1.55885813;1.59123788;-1.35448222;-0.04135978;0.00000000;0.00000000
744;74.40000000;0.00000000;11.57433194;43.98677117;1.57479315;1.59640528;-1.36172923;-0.06373396;0.00000000;0.00000000
745;74.50000000;0.00000000;11.59441393;43.88888815;1.57534525;1.60910407;-1.36722901;-0.01310060;0.00000000;0.00000000
746;74.60000000;0.00000000;11.61473315;43.79105410;1.56681178;1.59996786;-1.36434935;0.03988778;0.00000000;0.00000000
747;74.70000000;0.00000000;11.63537852;43.69328852;1.56495919;1.59530814;-1.35925146;0.01586179;0.00000000;0.00000000
748;74.80000000;0.00000000;11.65669412;43.59566695;1.57016222;1.59621452;-1.36117699;-0.01617291;0.00000000;0.00000000
749;74.90000000;0.00000000;11.67696285;43.49782246;1.57313800;1.60442377;-1.36248604;-0.01047917;0.00000000;0.00000000
750;75.00000000;0.00000000;11.69802285;43.40014515;1.56687592;1.60247545;-1.36327283;-0.00889904;0.00000000;0.00000000
751;75.10000000;0.00000000;11.71813761;43.30226882;1.56259321;1.58785508;-1.36426585;-0.00400645;0.00000000;0.00000000
752;75.20000000;0.00000000;11.73900356;43.20454994;1.56291702;1.57866675;-1.36407412;-0.03431700;0.00000000;0.00000000
753;75.30000000;0.00000000;11.75915582;43.10668146;1.56888885;1.57650277;-1.37112925;-0.02900854;0.00000000;0.00000000
754;75.40000000;0.00000000;11.77864089;43.00867798;1.58049228;1.58134376;-1.36987583;0.05792503;0.00000000;0.00000000
755;75.50000000;0.00000000;11.79903836;42.91086065;1.59227391;1.59152977;-1.35954424;0.03412134;0.00000000;0.00000000
756;75.60000000;0.00000000;11.82054407;42.81328119;1.58272635;1.60182065;-1.36305156;-0.04207154;0.00000000;0.00000000
757;75.70000000;0.00000000;11.84025437;42.71532571;1.57762061;1.59596155;-1.36795855;-0.00604634;0.00000000;0.00000000
758;75.80000000;0.00000000;11.86080131;42.61754047;1.57968742;1.59549397;-1.36426083;0.04107531;0.00000000;0.00000000
759;75.90000000;0.00000000;11.88123609;42.51973057;1.57662256;1.60138803;-1.35974349;0.05134556;0.00000000;0.00000000
760;76.00000000;0.00000000;11.90266559;42.42213519;1.56856596;1.59733543;-1.35399171;0.02959276;0.00000000;0.00000000
761;76.10000000;0.00000000;11.92422417;42.32456674;1.56698468;1.57887641;-1.35382493;0.02844247;0.00000000;0.00000000
762;76.20000000;0.00000000;11.94568655;42.22697706;1.57166882;1.56668348;-1.34830322;0.03945025;0.00000000;0.00000000
763;76.30000000;0.00000000;11.96832065;42.12965539;1.57588700;1.55960377;-1.34593488;-0.01879282;0.00000000;0.00000000
764;76.40000000;0.00000000;11.99024433;42.03217151;1.56403892;1.55963775;-1.35206179;-0.04372473;0.00000000;0.00000000
765;76.50000000;0.00000000;12.01168483;41.93457702;1.55802394;1.56655340;-1.35467983;-0.01703093;0.00000000;0.00000000
766;76.60000000;0.00000000;12.03309844;41.83697662;1.55837817;1.57979864;-1.35546797;0.01496544;0.00000000;0.00000000
767;76.70000000;0.00000000;12.05438507;41.73934849;1.55148555;1.57956448;-1.35168674;0.05479979;0.00000000;0.00000000
768;76.80000000;0.00000000;12.07653550;41.64191580;1.54150743;1.58114143;-1.34450801;0.02180147;0.00000000;0.00000000
769;76.90000000;0.00000000;12.09922155;41.54460333;1.53851853;1.58508837;-1.34732645;-0.04165535;0.00000000;0.00000000
770;77.00000000;0.00000000;12.12082207;41.44704883;1.54090203;1.59393478;-1.35283908;-0.00708358;0.00000000;0.00000000
771;77.10000000;0.00000000;12.14243310;41.34949574;1.54974792;1.59799953;-1.34874316;0.03852986;0.00000000;0.00000000
772;77.20000000;0.00000000;12.16483305;41.25211698;1.56573061;1.60105400;-1.34513311;0.01368928;0.00000000;0.00000000
773;77.30000000;0.00000000;12.18714869;41.15471889;1.58776854;1.61040073;-1.34600531;-0.00602297;0.00000000;0.00000000
774;77.40000000;0.00000000;12.20937874;41.05730121;1.59525061;1.61702170;-1.34633771;0.00004622;0.00000000;0.00000000
775;77.50000000;0.00000000;12.23162963;40.95988829;1.58376400;1.61575140;-1.34599606;0.01834545;0.00000000;0.00000000
776;77.60000000;0.00000000;12.25392623;40.86248581;1.56530852;1.62060583;-1.34266861;0.04670375;0.00000000;0.00000000
777;77.70000000;0.00000000;12.27682411;40.76522654;1.55369098;1.62336561;-1.33665531;0.01798566;0.00000000;0.00000000
778;77.80000000;0.00000000;12.30028979;40.66810214;1.54903044;1.60434927;-1.33907148;-0.03652470;0.00000000;0.00000000
779;77.90000000;0.00000000;12.32271821;40.57072995;1.54974182;1.58901950;-1.34396025;-0.01091765;0.00000000;0.00000000
780;78.00000000;0.00000000;12.34523379;40.47337786;1.55696817;1.57715730;-1.34125501;0.04970465;0.00000000;0.00000000
781;78.10000000;0.00000000;12.36818805;40.37613128;1.55463705;1.57112027;-1.33401932;0.03023132;0.00000000;0.00000000
782;78.20000000;0.00000000;12.39210952;40.27911732;1.55205953;1.57043186;-1.33520875;-0.03347916;0.00000000;0.00000000
783;78.30000000;0.00000000;12.41483305;40.18181357;1.55467803;1.57731775;-1.34071515;-0.02332493;0.00000000;0.00000000
784;78.40000000;0.00000000;12.43768518;40.08453994;1.55954724;1.58174117;-1.33987373;0.00839142;0.00000000;0.00000000
785;78.50000000;0.00000000;12.46057243;39.98727456;1.55080543;1.57748242;-1.33903687;0.04568696;0.00000000;0.00000000
786;78.60000000;0.00000000;12.48358703;39.89004061;1.54299689;1.57941483;-1.33073634;0.07728690;0.00000000;0.00000000
787;78.70000000;0.00000000;12.50808575;39.79316856;1.54316572;1.58612716;-1.32357949;-0.00923620;0.00000000;0.00000000
788;78.80000000;0.00000000;12.53248992;39.69627325;1.54969341;1.59180010;-1.33258358;-0.08793549;0.00000000;0.00000000
789;78.90000000;0.00000000;12.55524028;39.59897576;1.54179792;1.58887006;-1.34116659;-0.04607631;0.00000000;0.00000000
790;79.00000000;0.00000000;12.57797775;39.50167526;1.53541669;1.58691464;-1.34179884;0.03323729;0.00000000;0.00000000
791;79.10000000;0.00000000;12.60060506;39.40434908;1.53541187;1.59135661;-1.33451913;0.03725510;0.00000000;0.00000000
792;79.20000000;0.00000000;12.62475658;39.30739048;1.54345528;1.58885975;-1.33434782;-0.04041335;0.00000000;0.00000000
793;79.30000000;0.00000000;12.64741698;39.21007309;1.55636724;1.58223478;-1.34260180;-0.04592474;0.00000000;0.00000000
794;79.40000000;0.00000000;12.66996482;39.11272847;1.57347077;1.58202186;-1.34353277;0.02864031;0.00000000;0.00000000
795;79.50000000;0.00000000;12.69244423;39.01536803;1.59246205;1.58817832;-1.33687374;0.04030134;0.00000000;0.00000000
796;79.60000000;0.00000000;12.71628604;38.91833414;1.58709859;1.59917537;-1.33547250;-0.02812461;0.00000000;0.00000000
797;79.70000000;0.00000000;12.73903768;38.82103925;1.58323749;1.59661626;-1.34249866;-0.04290288;0.00000000;0.00000000
798;79.80000000;0.00000000;12.76151406;38.72367810;1.58539326;1.59822807;-1.34405308;0.02242734;0.00000000;0.00000000
799;79.90000000;0.00000000;12.78396362;38.62631077;1.57748593;1.60609435;-1.33801319;0.04333790;0.00000000;0.00000000
800;80.00000000;0.00000000;12.80761377;38.52923103;1.56995092;1.59512230;-1.33538550;-0.01586046;0.00000000;0.00000000
801;80.10000000;0.00000000;12.83057402;38.43198590;1.56804733;1.57947675;-1.34118529;-0.03986652;0.00000000;0.00000000
802;80.20000000;0.00000000;12.85309717;38.33463557;1.57205516;1.57049506;-1.34335881;-0.01251523;0.00000000;0.00000000
803;80.30000000;0.00000000;12.87563514;38.23728866;1.58239024;1.56782773;-1.34368833;-0.03260911;0.00000000;0.00000000
804;80.40000000;0.00000000;12.89809413;38.13992352;1.57738370;1.57160292;-1.34988063;-0.05416322;0.00000000;0.00000000
805;80.50000000;0.00000000;12.91942386;38.04230914;1.57359689;1.58283896;-1.35452098;0.00166237;0.00000000;0.00000000
806;80.60000000;0.00000000;12.94097748;37.94474348;1.57220030;1.58671522;-1.34954815;0.04274931;0.00000000;0.00000000
807;80.70000000;0.00000000;12.96327791;37.84734188;1.57135638;1.58606796;-1.34597111;0.01562949;0.00000000;0.00000000
808;80.80000000;0.00000000;12.98552983;37.74992920;1.55970868;1.59175518;-1.34642226;-0.00154411;0.00000000;0.00000000
809;80.90000000;0.00000000;13.00774238;37.65250753;1.55436954;1.60370021;-1.34627994;0.00452595;0.00000000;0.00000000
810;81.00000000;0.00000000;13.03002202;37.55510119;1.55551304;1.59991130;-1.34551707;0.00558629;0.00000000;0.00000000
811;81.10000000;0.00000000;13.05238318;37.45771352;1.56249145;1.59501220;-1.34516268;0.00078686;0.00000000;0.00000000
812;81.20000000;0.00000000;13.07473186;37.36032299;1.55255078;1.59637755;-1.34535969;0.00041485;0.00000000;0.00000000
813;81.30000000;0.00000000;13.09705464;37.26292651;1.54897861;1.60400503;-1.34507971;0.00648036;0.00000000;0.00000000
814;81.40000000;0.00000000;13.11945785;37.16554853;1.54401151;1.60140034;-1.34406362;0.00870266;0.00000000;0.00000000
815;81.50000000;0.00000000;13.14197851;37.06819762;1.52957506;1.59794767;-1.34333918;0.00390481;0.00000000;0.00000000
816;81.60000000;0.00000000;13.16452279;36.97085217;1.52160133;1.60071289;-1.34328266;0.00235821;0.00000000;0.00000000
817;81.70000000;0.00000000;13.18705446;36.87350381;1.52015484;1.60970087;-1.34286753;0.00841500;0.00000000;0.00000000
818;81.80000000;0.00000000;13.20967955;36.77617715;1.52536264;1.61629634;-1.34159966;0.01181514;0.00000000;0.00000000
819;81.90000000;0.00000000;13.23245799;36.67888623;1.53721795;1.61434370;-1.34050451;0.00701983;0.00000000;0.00000000
820;82.00000000;0.00000000;13.25529621;36.58160933;1.55547491;1.61815313;-1.34019569;0.00427484;0.00000000;0.00000000
821;82.10000000;0.00000000;13.27813474;36.48433250;1.55552058;1.62273587;-1.33964954;0.01031866;0.00000000;0.00000000
822;82.20000000;0.00000000;13.30107919;36.38708062;1.55023125;1.61389905;-1.33813196;0.01181389;0.00000000;0.00000000
823;82.30000000;0.00000000;13.32421286;36.28987356;1.55156731;1.60727231;-1.33728676;-0.03428502;0.00000000;0.00000000
824;82.40000000;0.00000000;13.34732146;36.19266150;1.55929296;1.60686936;-1.34498897;-0.07356393;0.00000000;0.00000000
825;82.50000000;0.00000000;13.36895504;36.09510962;1.56901791;1.61417603;-1.35199955;-0.03197198;0.00000000;0.00000000
826;82.60000000;0.00000000;13.39069859;35.99758220;1.55889242;1.61009637;-1.35138336;0.04760921;0.00000000;0.00000000
827;82.70000000;0.00000000;13.41245237;35.90005706;1.55436082;1.59444107;-1.34247771;0.04925612;0.00000000;0.00000000
828;82.80000000;0.00000000;13.43592947;35.80293237;1.55801100;1.58317806;-1.34153214;-0.03299651;0.00000000;0.00000000
829;82.90000000;0.00000000;13.45786756;35.70544892;1.54857690;1.57975381;-1.34907701;-0.03523681;0.00000000;0.00000000
830;83.00000000;0.00000000;13.47987645;35.60798104;1.53962577;1.58257103;-1.34857950;0.00614050;0.00000000;0.00000000
831;83.10000000;0.00000000;13.50191161;35.51051908;1.53715845;1.59164182;-1.34784891;0.01221510;0.00000000;0.00000000
832;83.20000000;0.00000000;13.52406290;35.41308347;1.54129801;1.59330556;-1.34613648;0.01776730;0.00000000;0.00000000
833;83.30000000;0.00000000;13.54643172;35.31569759;1.54645073;1.58517665;-1.34429545;0.01391169;0.00000000;0.00000000
834;83.40000000;0.00000000;13.56894162;35.21834420;1.53961829;1.58317963;-1.34335414;0.00859623;0.00000000;0.00000000
835;83.50000000;0.00000000;13.59149375;35.12100057;1.53929894;1.58743883;-1.34257620;0.01209112;0.00000000;0.00000000
836;83.60000000;0.00000000;13.61415509;35.02368232;1.54333821;1.59783605;-1.34093592;0.01762839;0.00000000;0.00000000
837;83.70000000;0.00000000;13.63702642;34.92641325;1.55017028;1.59245874;-1.33905052;0.01496377;0.00000000;0.00000000
838;83.80000000;0.00000000;13.66005457;34.82918115;1.56353083;1.59161546;-1.33794317;0.00965994;0.00000000;0.00000000
839;83.90000000;0.00000000;13.68314128;34.73196292;1.58315628;1.59697588;-1.33711853;0.01193451;0.00000000;0.00000000
840;84.00000000;0.00000000;13.70632976;34.63476894;1.57735360;1.60843400;-1.33555626;0.01745598;0.00000000;0.00000000
841;84.10000000;0.00000000;13.72972011;34.53762339;1.57402961;1.62576008;-1.33362734;-0.00798949;0.00000000;0.00000000
842;84.20000000;0.00000000;13.75328337;34.44051959;1.57721996;1.62653825;-1.33715416;-0.02862173;0.00000000;0.00000000
843;84.30000000;0.00000000;13.77598719;34.34321447;1.57633822;1.62426260;-1.33935168;0.02563493;0.00000000;0.00000000
844;84.40000000;0.00000000;13.79912233;34.24601285;1.56810591;1.60235351;-1.33202717;0.06688264;0.00000000;0.00000000
845;84.50000000;0.00000000;13.82324981;34.14904775;1.56723742;1.58543450;-1.32597515;0.03972486;0.00000000;0.00000000
846;84.60000000;0.00000000;13.84756098;34.05212850;1.57291836;1.57449757;-1.32408220;0.02145332;0.00000000;0.00000000
847;84.70000000;0.00000000;13.87205538;33.95525544;1.58507791;1.56966818;-1.32168449;0.01071273;0.00000000;0.00000000
848;84.80000000;0.00000000;13.89683101;33.85845401;1.58076778;1.57090153;-1.32193966;-0.02740108;0.00000000;0.00000000
849;84.90000000;0.00000000;13.92127542;33.76157060;1.57591423;1.57881090;-1.32716471;-0.03594060;0.00000000;0.00000000
850;85.00000000;0.00000000;13.94503814;33.66451554;1.57668562;1.58211508;-1.32912778;0.00309830;0.00000000;0.00000000
851;85.10000000;0.00000000;13.96910252;33.56753476;1.57786088;1.57950721;-1.32654505;0.02203634;0.00000000;0.00000000
852;85.20000000;0.00000000;13.99336629;33.47060362;1.56822273;1.58300903;-1.32472051;0.01949899;0.00000000;0.00000000
853;85.30000000;0.00000000;14.01778440;33.37371128;1.56507731;1.58852410;-1.32264525;0.02446055;0.00000000;0.00000000
854;85.40000000;0.00000000;14.04245025;33.27688176;1.56855991;1.57462981;-1.31982840;0.02685829;0.00000000;0.00000000
855;85.50000000;0.00000000;14.06741384;33.18012851;1.57867795;1.56668945;-1.31727359;0.02108409;0.00000000;0.00000000
856;85.60000000;0.00000000;14.09257415;33.08342620;1.58445153;1.56489789;-1.31561158;0.01715235;0.00000000;0.00000000
857;85.70000000;0.00000000;14.11785921;32.98675645;1.58375257;1.56935026;-1.31384312;0.02209719;0.00000000;0.00000000
858;85.80000000;0.00000000;14.14336138;32.89014377;1.58400573;1.57650820;-1.31119214;0.02595146;0.00000000;0.00000000
859;85.90000000;0.00000000;14.16915863;32.79360942;1.59055127;1.56946491;-1.30865283;0.02024502;0.00000000;0.00000000
860;86.00000000;0.00000000;14.19515114;32.69712746;1.58359861;1.56856519;-1.30714314;0.05516638;0.00000000;0.00000000
861;86.10000000;0.00000000;14.22123975;32.60067143;1.57959298;1.57392185;-1.29761955;0.05709640;0.00000000;0.00000000
862;86.20000000;0.00000000;14.24906511;32.50470213;1.58370145;1.58378369;-1.29572386;-0.02340661;0.00000000;0.00000000
863;86.30000000;0.00000000;14.27551908;32.40834622;1.59266185;1.58360553;-1.30230087;-0.02767362;0.00000000;0.00000000
864;86.40000000;0.00000000;14.30207973;32.31201912;1.59450848;1.58398420;-1.30125858;0.04562589;0.00000000;0.00000000
865;86.50000000;0.00000000;14.32873464;32.21571806;1.59275004;1.58486321;-1.29317570;0.08748172;0.00000000;0.00000000
866;86.60000000;0.00000000;14.35684835;32.11983501;1.59876487;1.57262623;-1.28376224;0.05633143;0.00000000;0.00000000
867;86.70000000;0.00000000;14.38531147;32.02405281;1.61132626;1.56631539;-1.28190941;-0.02110045;0.00000000;0.00000000
868;86.80000000;0.00000000;14.41378092;31.92827248;1.61738271;1.56635968;-1.28798233;-0.07394547;0.00000000;0.00000000
869;86.90000000;0.00000000;14.44107775;31.83215462;1.61216132;1.57397870;-1.29669850;-0.05879827;0.00000000;0.00000000
870;87.00000000;0.00000000;14.46787331;31.73589259;1.61260289;1.56696875;-1.29974198;0.00471530;0.00000000;0.00000000
871;87.10000000;0.00000000;14.49458539;31.63960738;1.59136100;1.56422546;-1.29575545;0.03457251;0.00000000;0.00000000
872;87.20000000;0.00000000;14.52214677;31.54356497;1.57624240;1.56360665;-1.29282748;-0.01296182;0.00000000;0.00000000
873;87.30000000;0.00000000;14.54942119;31.44744142;1.56706253;1.56709742;-1.29834781;-0.04973143;0.00000000;0.00000000
874;87.40000000;0.00000000;14.57592137;31.35109765;1.56127551;1.56487958;-1.30277377;-0.00894484;0.00000000;0.00000000
875;87.50000000;0.00000000;14.60234483;31.25473284;1.55802254;1.56419634;-1.30013678;0.03362232;0.00000000;0.00000000
876;87.60000000;0.00000000;14.62935193;31.15853311;1.56177635;1.56928111;-1.29604930;-0.00140203;0.00000000;0.00000000
877;87.70000000;0.00000000;14.65656128;31.06239102;1.56733675;1.56959147;-1.30041718;-0.05076345;0.00000000;0.00000000
878;87.80000000;0.00000000;14.68272780;30.96595610;1.55920742;1.56456393;-1.30620199;-0.02234937;0.00000000;0.00000000
879;87.90000000;0.00000000;14.70882395;30.86950214;1.55738653;1.56598212;-1.30488706;0.04231436;0.00000000;0.00000000
880;88.00000000;0.00000000;14.73524334;30.77313876;1.56230324;1.57342218;-1.29773912;0.05892835;0.00000000;0.00000000
881;88.10000000;0.00000000;14.76271566;30.67706770;1.57464298;1.58605248;-1.29310139;0.01247051;0.00000000;0.00000000
882;88.20000000;0.00000000;14.79002839;30.58095118;1.57741509;1.59963068;-1.29524502;-0.02083822;0.00000000;0.00000000
883;88.30000000;0.00000000;14.81708856;30.48476329;1.57821092;1.60193438;-1.29726903;0.01549782;0.00000000;0.00000000
884;88.40000000;0.00000000;14.84401174;30.38853788;1.58517556;1.59320847;-1.29214545;0.04627938;0.00000000;0.00000000
885;88.50000000;0.00000000;14.87205613;30.29263228;1.59461343;1.58955751;-1.28801315;0.00125899;0.00000000;0.00000000
886;88.60000000;0.00000000;14.89977391;30.19663177;1.59053043;1.59252094;-1.29189366;-0.04402936;0.00000000;0.00000000
887;88.70000000;0.00000000;14.92707315;30.10051136;1.58740283;1.59627264;-1.29681903;-0.01044668;0.00000000;0.00000000
888;88.80000000;0.00000000;14.95384393;30.00424245;1.59001085;1.58941017;-1.29398299;-0.00570402;0.00000000;0.00000000
889;88.90000000;0.00000000;14.98168785;29.90827871;1.59997836;1.58214626;-1.29795983;-0.08164000;0.00000000;0.00000000
890;89.00000000;0.00000000;15.00769162;29.81180166;1.59381694;1.58273147;-1.31031099;-0.08810334;0.00000000;0.00000000
891;89.10000000;0.00000000;15.03315682;29.71517928;1.57894217;1.57943007;-1.31558050;-0.01621426;0.00000000;0.00000000
892;89.20000000;0.00000000;15.05814280;29.61843195;1.56490129;1.56996514;-1.31355384;0.02866756;0.00000000;0.00000000
893;89.30000000;0.00000000;15.08399917;29.52191459;1.55712614;1.56592788;-1.30984698;0.00055900;0.00000000;0.00000000
894;89.40000000;0.00000000;15.10970169;29.42535519;1.54546574;1.56841883;-1.31344204;-0.04823461;0.00000000;0.00000000
895;89.50000000;0.00000000;15.13486362;29.32865366;1.53195531;1.57780355;-1.31949391;-0.03403727;0.00000000;0.00000000
896;89.60000000;0.00000000;15.15939549;29.23179053;1.52423646;1.57430636;-1.32024950;0.00667804;0.00000000;0.00000000
897;89.70000000;0.00000000;15.18441105;29.13505192;1.52354725;1.57290600;-1.31815830;-0.00917933;0.00000000;0.00000000
898;89.80000000;0.00000000;15.20934782;29.03829224;1.52931872;1.57792617;-1.32208536;-0.05704848;0.00000000;0.00000000
899;89.90000000;0.00000000;15.23360294;28.94135963;1.54086368;1.58777946;-1.32956800;-0.05392478;0.00000000;0.00000000
900;90.00000000;0.00000000;15.25708885;28.84423799;1.53939798;1.60097734;-1.33287032;-0.01330446;0.00000000;0.00000000
901;90.10000000;0.00000000;15.28070316;28.74714762;1.53734479;1.61787827;-1.33222889;-0.01777867;0.00000000;0.00000000
902;90.20000000;0.00000000;15.30431366;28.65005613;1.53722045;1.62163154;-1.33642605;-0.06492080;0.00000000;0.00000000
903;90.30000000;0.00000000;15.32711214;28.55277095;1.54274665;1.61960767;-1.34521305;-0.07185101;0.00000000;0.00000000
904;90.40000000;0.00000000;15.34901271;28.45527992;1.55377715;1.62466030;-1.35079626;-0.03115893;0.00000000;0.00000000
905;90.50000000;0.00000000;15.37072353;28.35774600;1.54779022;1.63600478;-1.35144483;-0.02547816;0.00000000;0.00000000
906;90.60000000;0.00000000;15.39249765;28.26022650;1.54130328;1.63688464;-1.35589189;-0.05498414;0.00000000;0.00000000
907;90.70000000;0.00000000;15.41334003;28.16250380;1.54032715;1.63278368;-1.36244166;-0.03745485;0.00000000;0.00000000
908;90.80000000;0.00000000;15.43383494;28.06470707;1.54546880;1.63514595;-1.36338286;-0.02484706;0.00000000;0.00000000
909;90.90000000;0.00000000;15.45449338;27.96694511;1.53550399;1.64342459;-1.36741107;-0.07077018;0.00000000;0.00000000
910;91.00000000;0.00000000;15.47419965;27.86898692;1.52854394;1.62667624;-1.37753690;-0.09192054;0.00000000;0.00000000
911;91.10000000;0.00000000;15.49287409;27.77082695;1.52704870;1.61425312;-1.38579518;-0.05062672;0.00000000;0.00000000
912;91.20000000;0.00000000;15.51095994;27.67255597;1.53148561;1.60855358;-1.38766224;-0.03013903;0.00000000;0.00000000
913;91.30000000;0.00000000;15.52926776;27.57432670;1.53732099;1.60882511;-1.39182299;-0.06458263;0.00000000;0.00000000
914;91.40000000;0.00000000;15.54653510;27.47590931;1.53614644;1.61634147;-1.40057876;-0.05307163;0.00000000;0.00000000
915;91.50000000;0.00000000;15.56312016;27.37737390;1.52178426;1.63064247;-1.40243731;-0.02746947;0.00000000;0.00000000
916;91.60000000;0.00000000;15.58002160;27.27889275;1.51421547;1.63052115;-1.40607266;-0.07234532;0.00000000;0.00000000
917;91.70000000;0.00000000;15.59588972;27.18023991;1.51217376;1.62901675;-1.41690638;-0.10329233;0.00000000;0.00000000
918;91.80000000;0.00000000;15.61065351;27.08141584;1.51561179;1.63474781;-1.42673113;-0.06097906;0.00000000;0.00000000
919;91.90000000;0.00000000;15.62458031;26.98246960;1.52476178;1.64736994;-1.42910219;-0.02987501;0.00000000;0.00000000
920;92.00000000;0.00000000;15.63887532;26.88357638;1.51828199;1.66078402;-1.43270613;-0.07430092;0.00000000;0.00000000
921;92.10000000;0.00000000;15.65208850;26.78453288;1.50250221;1.64804882;-1.44396237;-0.10898228;0.00000000;0.00000000
922;92.20000000;0.00000000;15.66415374;26.68534305;1.49210140;1.64027332;-1.45450258;-0.06601040;0.00000000;0.00000000
923;92.30000000;0.00000000;15.67527633;26.58604241;1.48740189;1.63951439;-1.45716445;-0.03076914;0.00000000;0.00000000
924;92.40000000;0.00000000;15.68681336;26.48678953;1.48982271;1.64442063;-1.46065641;-0.06881931;0.00000000;0.00000000
925;92.50000000;0.00000000;15.69724212;26.38741413;1.49780829;1.65645805;-1.47092832;-0.06205753;0.00000000;0.00000000
926;92.60000000;0.00000000;15.70673787;26.28794476;1.50679210;1.67529858;-1.47306792;-0.02432148;0.00000000;0.00000000
927;92.70000000;0.00000000;15.71674131;26.18852545;1.51679090;1.68375847;-1.47579261;-0.06772642;0.00000000;0.00000000
928;92.80000000;0.00000000;15.72569485;26.08900614;1.49393218;1.67481824;-1.48661320;-0.10580219;0.00000000;0.00000000
929;92.90000000;0.00000000;15.73354456;25.98939371;1.47488171;1.66697942;-1.49695305;-0.06147745;0.00000000;0.00000000
930;93.00000000;0.00000000;15.74043832;25.88971019;1.46147091;1.66057234;-1.49890869;-0.01658303;0.00000000;0.00000000
931;93.10000000;0.00000000;15.74789837;25.79006766;1.45538265;1.65959782;-1.50026966;-0.00987125;0.00000000;0.00000000
932;93.20000000;0.00000000;15.75452077;25.69036582;1.45530257;1.66546821;-1.50088294;-0.00728128;0.00000000;0.00000000
933;93.30000000;0.00000000;15.76185861;25.59071408;1.46264577;1.67657157;-1.50172591;-0.04955071;0.00000000;0.00000000
934;93.40000000;0.00000000;15.76831291;25.49100123;1.46910391;1.69437511;-1.51079308;-0.08848567;0.00000000;0.00000000
935;93.50000000;0.00000000;15.77384251;25.39123285;1.47463604;1.71870846;-1.51942305;-0.03929488;0.00000000;0.00000000
936;93.60000000;0.00000000;15.77857490;25.29142346;1.47937003;1.72142684;-1.51865206;0.04668791;0.00000000;0.00000000
937;93.70000000;0.00000000;15.78425834;25.19166368;1.48505618;1.71574364;-1.51008546;0.03517865;0.00000000;0.00000000
938;93.80000000;0.00000000;15.79070000;25.09195009;1.49150167;1.70930231;-1.51161633;-0.05795451;0.00000000;0.00000000
939;93.90000000;0.00000000;15.79607797;24.99217348;1.49688197;1.70392461;-1.52167637;-0.05625608;0.00000000;0.00000000
940;94.00000000;0.00000000;15.80051223;24.89235030;1.50131754;1.69949057;-1.52286755;-0.01124011;0.00000000;0.00000000
941;94.10000000;0.00000000;15.80565249;24.79256102;1.50645984;1.69435059;-1.52392439;-0.05181021;0.00000000;0.00000000
942;94.20000000;0.00000000;15.80987574;24.69272873;1.51068421;1.69012756;-1.53322959;-0.09422534;0.00000000;0.00000000
943;94.30000000;0.00000000;15.81315809;24.59286109;1.51396705;1.68684536;-1.54276946;-0.09314071;0.00000000;0.00000000
944;94.40000000;0.00000000;15.81547592;24.49296643;1.51628497;1.68452765;-1.55185773;-0.04583176;0.00000000;0.00000000
945;94.50000000;0.00000000;15.81694258;24.39305562;1.51775168;1.68306107;-1.55193581;0.00053404;0.00000000;0.00000000
946;94.60000000;0.00000000;15.81924481;24.29316047;1.52005400;1.68075896;-1.55175092;-0.03947437;0.00000000;0.00000000
947;94.70000000;0.00000000;15.82074842;24.19325012;1.52155765;1.67925543;-1.55983068;-0.08165305;0.00000000;0.00000000
948;94.80000000;0.00000000;15.82143615;24.09333083;1.52224556;1.67856776;-1.56808153;-0.08335577;0.00000000;0.00000000
949;94.90000000;0.00000000;15.82129095;23.99340929;1.52210089;1.67871303;4.70668347;-0.08188203;0.00000000;0.00000000
950;95.00000000;0.00000000;15.82029596;23.89349260;1.52110706;1.67970808;4.69872737;-0.03397449;0.00000000;0.00000000
951;95.10000000;0.00000000;15.81856087;23.79358614;1.51937386;1.68144326;4.69988857;0.01346710;0.00000000;0.00000000
952;95.20000000;0.00000000;15.81779794;23.69366732;1.51861189;1.68220627;4.70142079;-0.02594332;0.00000000;0.00000000
953;95.30000000;0.00000000;15.81636901;23.59375580;1.51718453;1.68363528;4.69469991;-0.06741456;0.00000000;0.00000000
954;95.40000000;0.00000000;15.81426309;23.49385625;1.51508094;1.68574129;4.68793788;-0.06212424;0.00000000;0.00000000
955;95.50000000;0.00000000;15.81148313;23.39397312;1.51230421;1.68852140;4.68227506;-0.04611332;0.00000000;0.00000000
956;95.60000000;0.00000000;15.80824594;23.29410372;1.50907099;1.69175876;4.67871521;-0.03078824;0.00000000;0.00000000
957;95.70000000;0.00000000;15.80475491;23.19424287;1.50558331;1.69524999;4.67611741;-0.02385254;0.00000000;0.00000000
958;95.80000000;0.00000000;15.80099889;23.09439164;1.50182655;1.68890825;4.67394470;0.02451003;0.00000000;0.00000000
959;95.90000000;0.00000000;15.79707399;22.99454761;1.49790076;1.66761341;4.68101942;0.07334750;0.00000000;0.00000000
960;96.00000000;0.00000000;15.79473113;22.89465320;1.49555782;1.64569025;4.68861420;0.03457583;0.00000000;0.00000000
961;96.10000000;0.00000000;15.79232319;22.79476035;1.49314979;1.62898409;4.68793458;-0.00707765;0.00000000;0.00000000
962;96.20000000;0.00000000;15.78984456;22.69486923;1.49733438;1.61835685;4.68719867;-0.00764049;0.00000000;0.00000000
963;96.30000000;0.00000000;15.78728960;22.59498003;1.50806664;1.61393426;4.68640648;-0.00820321;0.00000000;0.00000000
964;96.40000000;0.00000000;15.78465270;22.49509295;1.52520283;1.61577289;4.68555803;-0.00876579;0.00000000;0.00000000
965;96.50000000;0.00000000;15.78192825;22.39520823;1.54852494;1.61849509;4.68465333;-0.00932820;0.00000000;0.00000000
966;96.60000000;0.00000000;15.77911062;22.29532610;1.57775334;1.62131040;4.68369239;-0.00989045;0.00000000;0.00000000
967;96.70000000;0.00000000;15.77619420;22.19544680;1.57622013;1.62422442;4.68267524;-0.01045250;0.00000000;0.00000000
968;96.80000000;0.00000000;15.77317339;22.09557060;1.57319972;1.62724274;4.68160189;-0.01101434;0.00000000;0.00000000
969;96.90000000;0.00000000;15.77004257;21.99569779;1.57006932;1.63037099;4.68047237;-0.01134501;0.00000000;0.00000000
970;97.00000000;0.00000000;15.76679614;21.89582867;1.56682334;1.63361474;4.67933289;-0.00574719;0.00000000;0.00000000
971;97.10000000;0.00000000;15.76343772;21.79596326;1.56346540;1.62273257;4.67932293;0.01080058;0.00000000;0.00000000
972;97.20000000;0.00000000;15.76018930;21.69609422;1.56021745;1.59656269;4.68149300;0.02690526;0.00000000;0.00000000
973;97.30000000;0.00000000;15.75726434;21.59621518;1.55988713;1.57598477;4.68470398;0.03027958;0.00000000;0.00000000
974;97.40000000;0.00000000;15.75465734;21.49632734;1.56626239;1.56122568;4.68754892;-0.01355975;0.00000000;0.00000000
975;97.50000000;0.00000000;15.75230073;21.39643362;1.57372438;1.55251906;4.68199203;-0.04874465;0.00000000;0.00000000
976;97.60000000;0.00000000;15.74858379;21.29658095;1.58548397;1.55157815;4.67779999;0.00494582;0.00000000;0.00000000
977;97.70000000;0.00000000;15.74538974;21.19671018;1.60390747;1.55477303;4.68298120;0.05126030;0.00000000;0.00000000
978;97.80000000;0.00000000;15.74270770;21.09682435;1.62875769;1.55745575;4.68805205;0.05015405;0.00000000;0.00000000
979;97.90000000;0.00000000;15.74052666;20.99692632;1.64083024;1.55963734;4.69301201;0.04904272;0.00000000;0.00000000
980;98.00000000;0.00000000;15.73883558;20.89701879;1.63913893;1.56132888;4.69786059;0.04792687;0.00000000;0.00000000
981;98.10000000;0.00000000;15.73762336;20.79710430;1.63792652;1.56254151;4.70259738;0.04561555;0.00000000;0.00000000
982;98.20000000;0.00000000;15.73687883;20.69718523;1.63718181;1.56328644;4.70698370;0.00113442;0.00000000;0.00000000
983;98.30000000;0.00000000;15.73654316;20.59726414;1.63684591;1.56362252;4.70282426;-0.03539990;0.00000000;0.00000000
984;98.40000000;0.00000000;15.73496745;20.49735475;1.63526999;1.56519868;4.69990372;0.01782514;0.00000000;0.00000000
985;98.50000000;0.00000000;15.73404814;20.39743716;1.63435049;1.56611839;4.70638929;0.06401296;0.00000000;0.00000000
986;98.60000000;0.00000000;15.73376846;20.29751573;1.63407059;1.56639848;-1.57047899;0.06232366;0.00000000;0.00000000
987;98.70000000;0.00000000;15.73411156;20.19759448;1.63441334;1.56605587;-1.56433128;0.06062732;0.00000000;0.00000000
988;98.80000000;0.00000000;15.73506045;20.09767716;1.63536170;1.56510758;-1.55835353;0.05799645;0.00000000;0.00000000
989;98.90000000;0.00000000;15.73659809;19.99776715;1.63689857;1.56357071;-1.55273199;0.01291598;0.00000000;0.00000000
990;99.00000000;0.00000000;15.73867028;19.89786691;1.63896969;1.56149951;-1.55577033;-0.02472797;0.00000000;0.00000000
991;99.10000000;0.00000000;15.73960078;19.79794943;1.63989967;1.56056961;-1.55767759;0.02795575;0.00000000;0.00000000
992;99.20000000;0.00000000;15.74129188;19.69804192;1.64158992;1.55887935;-1.55017919;0.07308962;0.00000000;0.00000000
993;99.30000000;0.00000000;15.74372066;19.59814962;1.64401744;1.55645171;-1.54305966;0.02742893;0.00000000;0.00000000
994;99.40000000;0.00000000;15.74683413;19.49827636;1.64712916;1.55333976;-1.54469340;-0.01114523;0.00000000;0.00000000
995;99.50000000;0.00000000;15.74893651;19.39837667;1.64923047;1.55123840;-1.54528871;0.04096060;0.00000000;0.00000000
996;99.60000000;0.00000000;15.75193106;19.29849974;1.65222338;1.54824531;-1.53650128;0.08592430;0.00000000;0.00000000
997;99.70000000;0.00000000;15.75578875;19.19865240;1.65607873;1.54438965;-1.52810385;0.03968848;0.00000000;0.00000000
998;99.80000000;0.00000000;15.76046022;19.09883984;1.64714350;1.53972084;-1.52856358;0.00005800;0.00000000;0.00000000
999;99.90000000;0.00000000;15.76422610;18.99898901;1.62157825;1.53595696;-1.52809225;0.05154885;0.00000000;0.00000000
1000;100.00000000;0.00000000;15.76899166;18.89918088;1.60283595;1.53290047;-1.51825381;0.09650780;0.00000000;0.00000000
1001;100.10000000;0.00000000;15.77472143;18.79942345;1.59112470;1.53538677;-1.50879069;0.04970764;0.00000000;0.00000000
1002;100.20000000;0.00000000;15.78137503;18.69972335;1.58656135;1.54342853;-1.50831228;0.00883135;0.00000000;0.00000000
1003;100.30000000;0.00000000;15.78720025;18.59997143;1.58745443;1.55610181;-1.50702442;0.05975894;0.00000000;0.00000000
1004;100.40000000;0.00000000;15.79411062;18.50028879;1.59436823;1.57055084;-1.49636049;0.10450281;0.00000000;0.00000000
1005;100.50000000;0.00000000;15.80206185;18.40068380;1.60232413;1.59014003;-1.48612386;0.05763980;0.00000000;0.00000000
1006;100.60000000;0.00000000;15.81101145;18.30116356;1.61127982;1.58906868;-1.48483253;0.01589171;0.00000000;0.00000000
1007;100.70000000;0.00000000;15.81921990;18.20157944;1.60601168;1.58085699;-1.48294551;0.06490422;0.00000000;0.00000000
1008;100.80000000;0.00000000;15.82854503;18.10209376;1.58741137;1.57152778;-1.47185169;0.10911733;0.00000000;0.00000000
1009;100.90000000;0.00000000;15.83896080;18.00271636;1.57603457;1.56110705;-1.46112205;0.06348694;0.00000000;0.00000000
1010;101.00000000;0.00000000;15.85041850;17.90345372;1.57199174;1.55375219;-1.45915430;0.02122513;0.00000000;0.00000000
1011;101.10000000;0.00000000;15.86122529;17.80411804;1.57280630;1.55346037;-1.45687702;0.06727407;0.00000000;0.00000000
1012;101.20000000;0.00000000;15.87313496;17.70490874;1.57578209;1.55847780;-1.44569949;0.11076722;0.00000000;0.00000000
1013;101.30000000;0.00000000;15.88615949;17.60583966;1.58617800;1.56873948;-1.43472358;0.06744007;0.00000000;0.00000000
1014;101.40000000;0.00000000;15.90024393;17.50691573;1.60025769;1.58419513;-1.43221148;0.02467517;0.00000000;0.00000000
1015;101.50000000;0.00000000;15.91376606;17.40791319;1.61377606;1.58698926;-1.42978854;0.06663473;0.00000000;0.00000000
1016;101.60000000;0.00000000;15.92832968;17.30905887;1.62545601;1.57246325;-1.41888453;0.07149825;0.00000000;0.00000000
1017;101.70000000;0.00000000;15.94400741;17.21037512;1.60958943;1.56307258;-1.41548889;-0.01086744;0.00000000;0.00000000
1018;101.80000000;0.00000000;15.95924209;17.11162164;1.59937052;1.56048686;-1.42105802;-0.02567338;0.00000000;0.00000000
1019;101.90000000;0.00000000;15.97381975;17.01276910;1.59469220;1.56495524;-1.42062357;0.04306462;0.00000000;0.00000000
1020;102.00000000;0.00000000;15.98914018;16.91402923;1.59701751;1.57501554;-1.41244509;0.04766580;0.00000000;0.00000000
1021;102.10000000;0.00000000;16.00533270;16.81542859;1.60644671;1.59030166;-1.41109041;0.00819729;0.00000000;0.00000000
1022;102.20000000;0.00000000;16.02092060;16.71673058;1.60713911;1.57916097;-1.41080564;0.04058990;0.00000000;0.00000000
1023;102.30000000;0.00000000;16.03716925;16.61813935;1.59370777;1.56501219;-1.40297243;0.08217893;0.00000000;0.00000000
1024;102.40000000;0.00000000;16.05430140;16.51969775;1.58736365;1.55626450;-1.39436985;0.04946970;0.00000000;0.00000000
1025;102.50000000;0.00000000;16.07224386;16.42140055;1.58811927;1.55308290;-1.39307849;0.00443185;0.00000000;0.00000000
1026;102.60000000;0.00000000;16.08963017;16.32300365;1.59458375;1.55688706;-1.39348348;0.03064800;0.00000000;0.00000000
1027;102.70000000;0.00000000;16.10749297;16.22469212;1.58375715;1.56658633;-1.38694889;0.07186730;0.00000000;0.00000000
1028;102.80000000;0.00000000;16.12616375;16.12653074;1.57456016;1.57809589;-1.37911002;0.04487588;0.00000000;0.00000000
1029;102.90000000;0.00000000;16.14556563;16.02851115;1.57241937;1.56908060;-1.37797372;-0.00077662;0.00000000;0.00000000
1030;103.00000000;0.00000000;16.16445936;15.93039288;1.57610475;1.56691789;-1.37926534;0.01830110;0.00000000;0.00000000
1031;103.10000000;0.00000000;16.18360795;15.83232364;1.58634621;1.57086109;-1.37431350;0.03216854;0.00000000;0.00000000
1032;103.20000000;0.00000000;16.20347256;15.73439681;1.60210080;1.58039792;-1.37283164;-0.00040694;0.00000000;0.00000000
1033;103.30000000;0.00000000;16.22291161;15.63638528;1.58955205;1.59565148;-1.37439488;0.01275625;0.00000000;0.00000000
1034;103.40000000;0.00000000;16.24246993;15.53839695;1.58334371;1.58865094;-1.37028039;0.05349517;0.00000000;0.00000000
1035;103.50000000;0.00000000;16.26271498;15.44054804;1.58412927;1.58721896;-1.36369585;0.06464876;0.00000000;0.00000000
1036;103.60000000;0.00000000;16.28356205;15.34282550;1.58941364;1.59145603;-1.35735064;0.06744706;0.00000000;0.00000000
1037;103.70000000;0.00000000;16.30504716;15.24524148;1.58045492;1.59507226;-1.35020644;0.07473434;0.00000000;0.00000000
1038;103.80000000;0.00000000;16.32728824;15.14782724;1.57856066;1.57464239;-1.34240377;0.05642606;0.00000000;0.00000000
1039;103.90000000;0.00000000;16.35029349;15.05059045;1.58376595;1.55957655;-1.33892123;0.01169048;0.00000000;0.00000000
1040;104.00000000;0.00000000;16.37321246;14.95333375;1.58657706;1.55090363;-1.34006567;0.00934113;0.00000000;0.00000000
1041;104.10000000;0.00000000;16.39599506;14.85604463;1.57471887;1.54878262;-1.33705300;0.04998077;0.00000000;0.00000000
1042;104.20000000;0.00000000;16.41949976;14.75892724;1.56988855;1.55236033;-1.33006952;0.05066649;0.00000000;0.00000000
1043;104.30000000;0.00000000;16.44363901;14.66196547;1.57206247;1.56168558;-1.32691970;0.00277075;0.00000000;0.00000000
1044;104.40000000;0.00000000;16.46775484;14.56499886;1.57521083;1.56179782;-1.32951537;-0.01034050;0.00000000;0.00000000
1045;104.50000000;0.00000000;16.49139041;14.46791308;1.56588073;1.56060242;-1.32898780;0.01943475;0.00000000;0.00000000
1046;104.60000000;0.00000000;16.51560880;14.37097091;1.56349638;1.56113966;-1.32562842;0.00032550;0.00000000;0.00000000
1047;104.70000000;0.00000000;16.53989591;14.27404700;1.56756183;1.56608470;-1.32892270;-0.02137025;0.00000000;0.00000000
1048;104.80000000;0.00000000;16.56347509;14.17694734;1.57723381;1.57199458;-1.32990247;0.01939201;0.00000000;0.00000000
1049;104.90000000;0.00000000;16.58757251;14.07997487;1.57990084;1.57209984;-1.32504430;0.03799774;0.00000000;0.00000000
1050;105.00000000;0.00000000;16.61209405;13.98310871;1.57350741;1.57810755;-1.32230292;-0.01187716;0.00000000;0.00000000
1051;105.10000000;0.00000000;16.63672255;13.88627075;1.57355679;1.58546952;-1.32741973;-0.04123447;0.00000000;0.00000000
1052;105.20000000;0.00000000;16.66025155;13.78915868;1.57859335;1.58160501;-1.33054981;0.04611190;0.00000000;0.00000000
1053;105.30000000;0.00000000;16.68427321;13.69216896;1.56708949;1.58353971;-1.31819735;0.11998807;0.00000000;0.00000000
1054;105.40000000;0.00000000;16.71019393;13.59566771;1.56386667;1.58980668;-1.30655220;0.07436414;0.00000000;0.00000000
1055;105.50000000;0.00000000;16.73646825;13.49926211;1.56738729;1.58110133;-1.30332452;-0.01184135;0.00000000;0.00000000
1056;105.60000000;0.00000000;16.76301137;13.40293017;1.57751935;1.56977576;-1.30892047;-0.01437307;0.00000000;0.00000000
1057;105.70000000;0.00000000;16.78820503;13.30623684;1.57006186;1.56615865;-1.30619914;0.07453640;0.00000000;0.00000000
1058;105.80000000;0.00000000;16.81527171;13.21005210;1.55213683;1.56697149;-1.29401319;0.08074542;0.00000000;0.00000000
1059;105.90000000;0.00000000;16.84281430;13.11400123;1.54098975;1.57263437;-1.29005005;0.03242378;0.00000000;0.00000000
1060;106.00000000;0.00000000;16.87064287;13.01803279;1.53657193;1.56163343;-1.28752844;0.02066220;0.00000000;0.00000000
1061;106.10000000;0.00000000;16.89866954;12.92212200;1.53885019;1.55677406;-1.28591761;-0.01764405;0.00000000;0.00000000
1062;106.20000000;0.00000000;16.92680715;12.82624367;1.54770491;1.55820436;-1.29105724;-0.06339107;0.00000000;0.00000000
1063;106.30000000;0.00000000;16.95384576;12.73005229;1.55360769;1.56715679;-1.29859583;-0.04584980;0.00000000;0.00000000
1064;106.40000000;0.00000000;16.98053467;12.63376065;1.54974737;1.57590081;-1.30022720;0.01909665;0.00000000;0.00000000
1065;106.50000000;0.00000000;17.00725997;12.53747909;1.55236037;1.57432332;-1.29477650;0.07048711;0.00000000;0.00000000
1066;106.60000000;0.00000000;17.03499604;12.44148748;1.56241927;1.57482838;-1.28612978;0.05917634;0.00000000;0.00000000
1067;106.70000000;0.00000000;17.06338226;12.34568246;1.57765477;1.56040759;-1.28294123;-0.00757360;0.00000000;0.00000000
1068;106.80000000;0.00000000;17.09173092;12.24986632;1.57129941;1.55233679;-1.28764450;-0.07026538;0.00000000;0.00000000
1069;106.90000000;0.00000000;17.11921359;12.15380237;1.57038490;1.55157643;-1.29699431;-0.07391438;0.00000000;0.00000000
1070;107.00000000;0.00000000;17.14576570;12.05747292;1.57485398;1.55820384;-1.30242738;-0.03550905;0.00000000;0.00000000
1071;107.10000000;0.00000000;17.17220396;11.96111218;1.57627212;1.57128735;-1.30409612;-0.01981511;0.00000000;0.00000000
1072;107.20000000;0.00000000;17.19843440;11.86469473;1.56947028;1.59076246;-1.30639040;-0.02114090;0.00000000;0.00000000
1073;107.30000000;0.00000000;17.22443023;11.76821369;1.56877225;1.59257154;-1.30832430;-0.01571430;0.00000000;0.00000000
1074;107.40000000;0.00000000;17.25028758;11.67169542;1.57428548;1.58416816;-1.30953326;-0.01341332;0.00000000;0.00000000
1075;107.50000000;0.00000000;17.27605004;11.57515180;1.58598986;1.58214187;-1.31100696;-0.01106194;0.00000000;0.00000000
1076;107.60000000;0.00000000;17.30162279;11.47855780;1.59457123;1.58661491;-1.31174565;0.02587587;0.00000000;0.00000000
1077;107.70000000;0.00000000;17.32724219;11.38197773;1.59001938;1.59409343;-1.30583179;0.05101654;0.00000000;0.00000000
1078;107.80000000;0.00000000;17.35395561;11.28569293;1.59202825;1.58655157;-1.30154234;0.00530669;0.00000000;0.00000000
1079;107.90000000;0.00000000;17.38040302;11.18933473;1.60001172;1.58556029;-1.30477045;-0.03521852;0.00000000;0.00000000
1080;108.00000000;0.00000000;17.40649424;11.09287949;1.59099193;1.59122472;-1.30858604;0.00130901;0.00000000;0.00000000
1081;108.10000000;0.00000000;17.43220551;10.99632250;1.58742268;1.59104576;-1.30450865;0.03921396;0.00000000;0.00000000
1082;108.20000000;0.00000000;17.45908244;10.90008316;1.58661825;1.57907548;-1.30074325;-0.04504358;0.00000000;0.00000000
1083;108.30000000;0.00000000;17.48552020;10.80372224;1.57886624;1.57382803;-1.31351736;-0.12877008;0.00000000;0.00000000
1084;108.40000000;0.00000000;17.50992966;10.70682858;1.57532126;1.57700956;-1.32649727;-0.04875759;0.00000000;0.00000000
1085;108.50000000;0.00000000;17.53385728;10.60981396;1.57761176;1.58088280;-1.32326888;0.03885735;0.00000000;0.00000000
1086;108.60000000;0.00000000;17.55889188;10.51307981;1.58565817;1.57239531;-1.31872580;0.00460792;0.00000000;0.00000000
1087;108.70000000;0.00000000;17.58369997;10.41628664;1.58293411;1.57046718;-1.32234730;-0.04490071;0.00000000;0.00000000
1088;108.80000000;0.00000000;17.60803341;10.31937314;1.57510233;1.57537737;-1.32770594;-0.05403077;0.00000000;0.00000000
1089;108.90000000;0.00000000;17.63180270;10.22231985;1.57300804;1.58714077;-1.33315345;-0.04984101;0.00000000;0.00000000
1090;109.00000000;0.00000000;17.65507884;10.12514703;1.57674779;1.58224869;-1.33767414;-0.04347681;0.00000000;0.00000000
1091;109.10000000;0.00000000;17.67796970;10.02788264;1.57212545;1.58405420;-1.34184881;-0.04512677;0.00000000;0.00000000
1092;109.20000000;0.00000000;17.70043371;9.93051888;1.56404668;1.58697979;-1.34669950;-0.02221240;0.00000000;0.00000000
1093;109.30000000;0.00000000;17.72237986;9.83303721;1.56179869;1.58734420;-1.34629129;0.01892578;0.00000000;0.00000000
1094;109.40000000;0.00000000;17.74492304;9.73569316;1.56654722;1.57881919;-1.34291434;0.00380553;0.00000000;0.00000000
1095;109.50000000;0.00000000;17.76752707;9.63836192;1.57768442;1.57653118;-1.34553019;-0.04458158;0.00000000;0.00000000
1096;109.60000000;0.00000000;17.78956092;9.54090017;1.56897535;1.58115270;-1.35183066;-0.04132807;0.00000000;0.00000000
1097;109.70000000;0.00000000;17.81093666;9.44329213;1.55497922;1.59271170;-1.35379580;-0.00021782;0.00000000;0.00000000
1098;109.80000000;0.00000000;17.83258709;9.34574540;1.53672450;1.59668515;-1.35187422;-0.00573933;0.00000000;0.00000000
1099;109.90000000;0.00000000;17.85433781;9.24822018;1.52491430;1.59704830;-1.35494367;-0.03057524;0.00000000;0.00000000
1100;110.00000000;0.00000000;17.87538914;9.15054177;1.51888076;1.60436178;-1.35798927;-0.00769179;0.00000000;0.00000000
1101;110.10000000;0.00000000;17.89654526;9.05288655;1.51951578;1.61548461;-1.35648203;-0.00622102;0.00000000;0.00000000
1102;110.20000000;0.00000000;17.91789097;8.95527195;1.52689713;1.60581829;-1.35923347;-0.05300986;0.00000000;0.00000000
1103;110.30000000;0.00000000;17.93850949;8.85750131;1.52416893;1.60308038;-1.36708400;-0.06400764;0.00000000;0.00000000
1104;110.40000000;0.00000000;17.95831991;8.75956391;1.51844574;1.60738758;-1.37203500;-0.02261756;0.00000000;0.00000000
1105;110.50000000;0.00000000;17.97796927;8.66159411;1.51440108;1.61802905;-1.37160751;-0.01264681;0.00000000;0.00000000
1106;110.60000000;0.00000000;17.99786346;8.56367352;1.51576316;1.62467580;-1.37456436;-0.05879637;0.00000000;0.00000000
1107;110.70000000;0.00000000;18.01693312;8.46558917;1.52285506;1.62522438;-1.38336678;-0.07688597;0.00000000;0.00000000
1108;110.80000000;0.00000000;18.03510038;8.36733381;1.51780216;1.63281609;-1.38994156;-0.03520993;0.00000000;0.00000000
1109;110.90000000;0.00000000;18.05287871;8.26900701;1.50583967;1.64683781;-1.39040877;-0.01782003;0.00000000;0.00000000
1110;111.00000000;0.00000000;18.07095419;8.17073452;1.50075238;1.63238387;-1.39350556;-0.06341694;0.00000000;0.00000000
1111;111.10000000;0.00000000;18.08812314;8.07229972;1.50138842;1.62458085;-1.40309216;-0.08739917;0.00000000;0.00000000
1112;111.20000000;0.00000000;18.10431118;7.97369897;1.50766689;1.62389858;-1.41098540;-0.04530323;0.00000000;0.00000000
1113;111.30000000;0.00000000;18.11992418;7.87500501;1.51992479;1.62697708;-1.41215280;-0.02169781;0.00000000;0.00000000
1114;111.40000000;0.00000000;18.13588200;7.77636651;1.51960755;1.63300044;-1.41532496;-0.04723930;0.00000000;0.00000000
1115;111.50000000;0.00000000;18.15086848;7.67757585;1.50682292;1.64605319;-1.42160066;0.00514725;0.00000000;0.00000000
1116;111.60000000;0.00000000;18.16558636;7.57874922;1.50032647;1.64023209;-1.41429551;0.05076999;0.00000000;0.00000000
1117;111.70000000;0.00000000;18.18201451;7.48018818;1.50219936;1.63519201;-1.41144667;-0.04538805;0.00000000;0.00000000
1118;111.80000000;0.00000000;18.19729591;7.38144290;1.50651517;1.63740980;-1.42337312;-0.11421008;0.00000000;0.00000000
1119;111.90000000;0.00000000;18.21136863;7.28251819;1.51287432;1.64691583;-1.43428868;-0.07085102;0.00000000;0.00000000
1120;112.00000000;0.00000000;18.22449095;7.18346196;1.52481717;1.66332648;-1.43754332;-0.03770657;0.00000000;0.00000000
1121;112.10000000;0.00000000;18.23791948;7.08444744;1.53163987;1.66228305;-1.44183000;-0.07426885;0.00000000;0.00000000
1122;112.20000000;0.00000000;18.25019201;6.98528304;1.51214093;1.65002459;-1.45239709;-0.06576958;0.00000000;0.00000000
1123;112.30000000;0.00000000;18.26152518;6.88600623;1.49812129;1.64008204;-1.45498391;-0.02948419;0.00000000;0.00000000
1124;112.40000000;0.00000000;18.27328453;6.78677941;1.49111093;1.63576337;-1.45829393;-0.07232571;0.00000000;0.00000000
1125;112.50000000;0.00000000;18.28396019;6.68743019;1.48968966;1.63863075;-1.46944905;-0.10826714;0.00000000;0.00000000
1126;112.60000000;0.00000000;18.29350301;6.58796580;1.49382562;1.64869404;-1.47994736;-0.06348550;0.00000000;0.00000000
1127;112.70000000;0.00000000;18.30209052;6.48841390;1.50241927;1.66564588;-1.48214615;-0.02412393;0.00000000;0.00000000
1128;112.80000000;0.00000000;18.31119587;6.38890829;1.51153165;1.68784788;-1.48477214;-0.06135873;0.00000000;0.00000000
1129;112.90000000;0.00000000;18.31926039;6.28931295;1.51960157;1.68077636;-1.49441790;-0.05401557;0.00000000;0.00000000
1130;113.00000000;0.00000000;18.32644457;6.18965000;1.52678992;1.67359047;-1.49557526;-0.01280184;0.00000000;0.00000000
1131;113.10000000;0.00000000;18.33427855;6.09003609;1.53462899;1.66575450;-1.49697827;-0.05862450;0.00000000;0.00000000
1132;113.20000000;0.00000000;18.34118303;5.99035346;1.54153731;1.65884849;-1.50730016;-0.13927554;0.00000000;0.00000000
1133;113.30000000;0.00000000;18.34695890;5.89060186;1.54731581;1.65307151;-1.52483338;-0.12234300;0.00000000;0.00000000
1134;113.40000000;0.00000000;18.35036439;5.79073860;1.55072207;1.64966556;-1.53176876;-0.02553987;0.00000000;0.00000000
1135;113.50000000;0.00000000;18.35475622;5.69091345;1.53605597;1.64527305;-1.52994135;-0.02283705;0.00000000;0.00000000
1136;113.60000000;0.00000000;18.35852667;5.59106291;1.51072169;1.64150207;-1.53633617;-0.06565812;0.00000000;0.00000000
1137;113.70000000;0.00000000;18.36164145;5.49118979;1.49101635;1.63838688;-1.54307297;-0.06858403;0.00000000;0.00000000
1138;113.80000000;0.00000000;18.36406626;5.39129755;1.47713210;1.63596177;-1.55005297;-0.06530406;0.00000000;0.00000000
1139;113.90000000;0.00000000;18.36578655;5.29139059;1.46922024;1.63424125;-1.55613378;-0.05157287;0.00000000;0.00000000
1140;114.00000000;0.00000000;18.36699636;5.19147609;1.46757188;1.63303124;-1.56036755;-0.03880602;0.00000000;0.00000000
1141;114.10000000;0.00000000;18.36787064;5.09155809;1.47238253;1.63215679;-1.56389499;-0.03696743;0.00000000;0.00000000
1142;114.20000000;0.00000000;18.36837554;4.99163756;1.48355583;1.63165172;-1.56776103;-0.04035283;0.00000000;0.00000000
1143;114.30000000;0.00000000;18.36847722;4.89171581;1.50091643;1.63154987;4.71121975;-0.04327147;0.00000000;0.00000000
1144;114.40000000;0.00000000;18.36814187;4.79179458;1.52422004;1.63188503;4.70676998;-0.04001389;0.00000000;0.00000000
1145;114.50000000;0.00000000;18.36735431;4.69187584;1.55318438;1.63267240;4.70321698;-0.02625800;0.00000000;0.00000000
1146;114.60000000;0.00000000;18.36630893;4.59195944;1.56707665;1.63371756;4.70151838;-0.01342364;0.00000000;0.00000000
1147;114.70000000;0.00000000;18.36518193;4.49204393;1.56594956;1.63484434;4.70053225;-0.01155245;0.00000000;0.00000000
1148;114.80000000;0.00000000;18.36393950;4.39212979;1.56470706;1.63608654;4.69920789;-0.01828140;0.00000000;0.00000000
1149;114.90000000;0.00000000;18.36254785;4.29221762;1.56331535;1.63747795;4.69687597;-0.06099554;0.00000000;0.00000000
1150;115.00000000;0.00000000;18.36083947;4.19231171;1.56160687;1.63918605;4.68700878;-0.04554149;0.00000000;0.00000000
1151;115.10000000;0.00000000;18.35747656;4.09244776;1.55824336;1.64254842;4.68776767;0.04995776;0.00000000;0.00000000
1152;115.20000000;0.00000000;18.35591978;3.99253802;1.55668653;1.64410495;4.69700034;0.01057311;0.00000000;0.00000000
1153;115.30000000;0.00000000;18.35440137;3.89262857;1.55516804;1.64034648;4.68988229;-0.06369812;0.00000000;0.00000000
1154;115.40000000;0.00000000;18.35142248;3.79275114;1.55218879;1.61250751;4.68426071;-0.00650336;0.00000000;0.00000000
1155;115.50000000;0.00000000;18.34878086;3.69286428;1.54954693;1.59013836;4.68858162;0.04923439;0.00000000;0.00000000
1156;115.60000000;0.00000000;18.34666520;3.59296497;1.54743117;1.57328568;4.69410759;0.01851199;0.00000000;0.00000000
1157;115.70000000;0.00000000;18.34512767;3.49305530;1.54589358;1.56207652;4.69228402;-0.01162595;0.00000000;0.00000000
1158;115.80000000;0.00000000;18.34264768;3.39316444;1.54978431;1.55815383;4.69178240;0.03562526;0.00000000;0.00000000
1159;115.90000000;0.00000000;18.34100991;3.29325619;1.56091262;1.55979080;4.69940907;0.03378421;0.00000000;0.00000000
1160;116.00000000;0.00000000;18.34005382;3.19333919;1.57896768;1.56074529;4.69853924;-0.00531349;0.00000000;0.00000000
1161;116.10000000;0.00000000;18.33824225;3.09343401;1.60223442;1.56255444;4.69834637;-0.00163068;0.00000000;0.00000000
1162;116.20000000;0.00000000;18.33724761;2.99351731;1.63207341;1.56354745;4.69821311;-0.03585295;0.00000000;0.00000000
1163;116.30000000;0.00000000;18.33540942;2.89361249;1.63543956;1.56538323;4.69117578;-0.01847175;0.00000000;0.00000000
1164;116.40000000;0.00000000;18.33300864;2.79371990;1.63303909;1.56778091;4.69451876;0.07981000;0.00000000;0.00000000
1165;116.50000000;0.00000000;18.33183844;2.69380544;1.63186905;1.56894934;4.70713778;0.09366840;0.00000000;0.00000000
1166;116.60000000;0.00000000;18.33195925;2.59388365;1.63198994;1.56882764;-1.56993287;0.06904101;0.00000000;0.00000000
1167;116.70000000;0.00000000;18.33201099;2.49396263;1.63204178;1.56877495;-1.56223932;0.07916759;0.00000000;0.00000000
1168;116.80000000;0.00000000;18.33366923;2.39405452;1.63370015;1.56711617;-1.55409935;0.08363777;0.00000000;0.00000000
1169;116.90000000;0.00000000;18.33534761;2.29414764;1.63537868;1.56543720;-1.54551177;0.09052170;0.00000000;0.00000000
1170;117.00000000;0.00000000;18.33872145;2.19428274;1.63875289;1.56206231;-1.53599501;0.14372856;0.00000000;0.00000000
1171;117.10000000;0.00000000;18.34230089;2.09442889;1.64233278;1.55848156;-1.51676606;0.19464976;0.00000000;0.00000000
1172;117.20000000;0.00000000;18.34951181;1.99476757;1.64954529;1.55126506;-1.49706506;0.11915027;0.00000000;0.00000000
1173;117.30000000;0.00000000;18.35702226;1.89512840;1.65705751;1.54374848;-1.49293600;0.08943105;0.00000000;0.00000000
1174;117.40000000;0.00000000;18.36505584;1.79553114;1.66509318;1.53570771;-1.47917885;0.13833708;0.00000000;0.00000000
1175;117.50000000;0.00000000;18.37530459;1.69613630;1.67534541;1.52544652;-1.46526859;0.14060640;0.00000000;0.00000000
1176;117.60000000;0.00000000;18.38610560;1.59680078;1.68615045;1.51463152;-1.45105757;0.14223334;0.00000000;0.00000000
1177;117.70000000;0.00000000;18.39917483;1.49773731;1.69922590;1.50154103;-1.43682192;0.14376935;0.00000000;0.00000000
1178;117.80000000;0.00000000;18.41279937;1.39874902;1.71285762;1.48789334;-1.42230370;0.18765056;0.00000000;0.00000000
1179;117.90000000;0.00000000;18.42873913;1.30010672;1.71629715;1.47192128;-1.39929181;0.22437753;0.00000000;0.00000000
1180;118.00000000;0.00000000;18.44690352;1.20184976;1.70906220;1.46005056;-1.37742819;0.17229447;0.00000000;0.00000000
1181;118.10000000;0.00000000;18.46713994;1.10399894;1.70935994;1.45285043;-1.36483291;0.12402690;0.00000000;0.00000000
1182;118.20000000;0.00000000;18.48777345;1.00623068;1.71080838;1.45209923;-1.35262281;0.16175059;0.00000000;0.00000000
1183;118.30000000;0.00000000;18.51039293;0.90890410;1.72009844;1.45618358;-1.33248279;0.19731559;0.00000000;0.00000000
1184;118.40000000;0.00000000;18.53494632;0.81204768;1.73705704;1.46510517;-1.31315969;0.18735347;0.00000000;0.00000000
1185;118.50000000;0.00000000;18.56130911;0.71566832;1.72094900;1.45915539;-1.29501210;0.17576106;0.00000000;0.00000000
1186;118.60000000;0.00000000;18.58936084;0.61976715;1.70988097;1.44612432;-1.27800748;0.19353679;0.00000000;0.00000000
1187;118.70000000;0.00000000;18.61898544;0.52434026;1.70625059;1.43828340;-1.25630474;0.21778073;0.00000000;0.00000000
1188;118.80000000;0.00000000;18.65116984;0.42975347;1.71115429;1.43466835;-1.23445134;0.17933552;0.00000000;0.00000000
1189;118.90000000;0.00000000;18.68493569;0.33571146;1.70738707;1.43633374;-1.22043764;0.12432721;0.00000000;0.00000000
1190;119.00000000;0.00000000;18.71976091;0.24205645;1.69432449;1.44380314;-1.20958589;0.10423554;0.00000000;0.00000000
1191;119.10000000;0.00000000;18.75555979;0.14876909;1.68812876;1.45707227;-1.19959053;0.11054217;0.00000000;0.00000000
1192;119.20000000;0.00000000;18.79225031;0.05582856;1.68879218;1.46555477;-1.18747746;0.13774075;0.00000000;0.00000000
1193;119.30000000;0.00000000;18.83029646;-0.03655930;1.69681043;1.45209695;-1.17204238;0.13122919;0.00000000;0.00000000
1194;119.40000000;0.00000000;18.86983837;-0.12832388;1.71223335;1.44381705;-1.16123162;0.07944120;0.00000000;0.00000000
1195;119.50000000;0.00000000;18.90987571;-0.21987356;1.71054175;1.44188802;-1.15615414;0.04849660;0.00000000;0.00000000
1196;119.60000000;0.00000000;18.95034754;-0.31123213;1.70524519;1.44640050;-1.15153230;0.07852463;0.00000000;0.00000000
1197;119.70000000;0.00000000;18.99122934;-0.40240764;1.69637438;1.44517236;-1.14044921;0.06493634;0.00000000;0.00000000
1198;119.80000000;0.00000000;19.03371618;-0.49284684;1.69512920;1.44850130;-1.13854503;-0.03111140;0.00000000;0.00000000
1199;119.90000000;0.00000000;19.07494474;-0.58386564;1.69838513;1.46005460;-1.14667149;-0.02512302;0.00000000;0.00000000
1200;120.00000000;0.00000000;19.11595614;-0.67498338;1.69152295;1.47851978;-1.14356964;0.03794020;0.00000000;0.00000000
1201;120.10000000;0.00000000;19.15774829;-0.76574406;1.67983761;1.50036487;-1.13908345;0.03040706;0.00000000;0.00000000
1202;120.20000000;0.00000000;19.19957545;-0.85648995;1.67408307;1.50612306;-1.13748823;0.03213177;0.00000000;0.00000000
1203;120.30000000;0.00000000;19.24165717;-0.94711729;1.67456331;1.51817142;-1.13265710;0.05337156;0.00000000;0.00000000
1204;120.40000000;0.00000000;19.28435908;-1.03745461;1.68167486;1.53596729;-1.12681391;0.04526555;0.00000000;0.00000000
1205;120.50000000;0.00000000;19.32749736;-1.12758473;1.68131439;1.55950751;-1.12360399;0.00923993;0.00000000;0.00000000
1206;120.60000000;0.00000000;19.37077845;-1.21764628;1.67342969;1.56570868;-1.12496593;-0.01786070;0.00000000;0.00000000
1207;120.70000000;0.00000000;19.41367114;-1.30789371;1.65682035;1.56394287;-1.12717613;-0.03251247;0.00000000;0.00000000
1208;120.80000000;0.00000000;19.45655380;-1.39814590;1.64355398;1.56856443;-1.13146842;-0.06454734;0.00000000;0.00000000
1209;120.90000000;0.00000000;19.49867008;-1.48875802;1.63360125;1.56956922;-1.14008560;-0.08894524;0.00000000;0.00000000
1210;121.00000000;0.00000000;19.53999067;-1.57973508;1.61141453;1.57682023;-1.14925747;-0.09589315;0.00000000;0.00000000
1211;121.10000000;0.00000000;19.58043728;-1.67110332;1.59055837;1.58420984;-1.15926423;-0.10441444;0.00000000;0.00000000
1212;121.20000000;0.00000000;19.61992846;-1.76288795;1.57473952;1.58395954;-1.17014036;-0.11336792;0.00000000;0.00000000
1213;121.30000000;0.00000000;19.65837788;-1.85511355;1.56207907;1.58403349;-1.18193781;-0.12235309;0.00000000;0.00000000
1214;121.40000000;0.00000000;19.69569266;-1.94780444;1.53262956;1.59161760;-1.19461098;-0.12442131;0.00000000;0.00000000
1215;121.50000000;0.00000000;19.73179314;-2.04097674;1.50795515;1.60668327;-1.20682207;-0.13423337;0.00000000;0.00000000
1216;121.60000000;0.00000000;19.76683398;-2.13455302;1.48846812;1.62885375;-1.22145765;-0.13175528;0.00000000;0.00000000
1217;121.70000000;0.00000000;19.80019167;-2.22874075;1.47372428;1.65846275;-1.23317313;-0.10904522;0.00000000;0.00000000
1218;121.80000000;0.00000000;19.83303046;-2.32311212;1.46510951;1.69396827;-1.24326669;-0.13547903;0.00000000;0.00000000
1219;121.90000000;0.00000000;19.86447901;-2.41795082;1.44874846;1.73082332;-1.26026893;-0.18574245;0.00000000;0.00000000
1220;122.00000000;0.00000000;19.89408856;-2.51337815;1.43135824;1.73261984;-1.28041518;-0.21014382;0.00000000;0.00000000
1221;122.10000000;0.00000000;19.92169067;-2.60940436;1.41871015;1.74224188;-1.30229770;-0.22850940;0.00000000;0.00000000
1222;122.20000000;0.00000000;19.94709650;-2.70603449;1.41075438;1.75343791;-1.32611706;-0.24159556;0.00000000;0.00000000
1223;122.30000000;0.00000000;19.97009444;-2.80326610;1.40737050;1.73051721;-1.35061681;-0.21775076;0.00000000;0.00000000
1224;122.40000000;0.00000000;19.99073827;-2.90103106;1.40866201;1.70994096;-1.36966722;-0.20465243;0.00000000;0.00000000
1225;122.50000000;0.00000000;20.01001632;-2.99907118;1.41563097;1.69071991;-1.39154730;-0.26569533;0.00000000;0.00000000
1226;122.60000000;0.00000000;20.02636329;-3.09764383;1.42662570;1.67433961;-1.42280628;-0.32773734;0.00000000;0.00000000
1227;122.70000000;0.00000000;20.03947874;-3.19669951;1.43975577;1.66120379;-1.45709477;-0.35946330;0.00000000;0.00000000
1228;122.80000000;0.00000000;20.04903294;-3.29616248;1.44931744;1.65163952;-1.49469894;-0.39196418;0.00000000;0.00000000
1229;122.90000000;0.00000000;20.05466851;-3.39592367;1.45640052;1.64600081;-1.53548760;-0.37728981;0.00000000;0.00000000
1230;123.00000000;0.00000000;20.05608603;-3.49583432;1.46608377;1.64458269;-1.57015690;-0.35720906;0.00000000;0.00000000
1231;123.10000000;0.00000000;20.05479628;-3.59574085;1.47979134;1.64587063;4.67625589;-0.42735940;0.00000000;0.00000000
1232;123.20000000;0.00000000;20.04886925;-3.69547532;1.49253584;1.65178913;4.62755652;-0.50703528;0.00000000;0.00000000
1233;123.30000000;0.00000000;20.03787136;-3.79477201;1.50352244;1.66276443;4.57484884;-0.52340775;0.00000000;0.00000000
1234;123.40000000;0.00000000;20.02148503;-3.89331807;1.51565349;1.67910668;4.52287497;-0.49636914;0.00000000;0.00000000
1235;123.50000000;0.00000000;20.00024283;-3.99094199;1.52935923;1.67087287;4.47557501;-0.49127723;0.00000000;0.00000000
1236;123.60000000;0.00000000;19.97462293;-4.08749068;1.54498770;1.65267161;4.42461953;-0.51647789;0.00000000;0.00000000
1237;123.70000000;0.00000000;19.94356632;-4.18242625;1.56131049;1.63432580;4.37227943;-0.50644154;0.00000000;0.00000000
1238;123.80000000;0.00000000;19.90799317;-4.27578475;1.57912784;1.62217499;4.32333122;-0.50249778;0.00000000;0.00000000
1239;123.90000000;0.00000000;19.86780545;-4.36722964;1.59813617;1.61426349;4.27177988;-0.55512107;0.00000000;0.00000000
1240;124.00000000;0.00000000;19.82281692;-4.45642475;1.61795423;1.61781042;4.21230701;-0.58354305;0.00000000;0.00000000
1241;124.10000000;0.00000000;19.77206207;-4.54245258;1.63724878;1.61651233;4.15507127;-0.57090351;0.00000000;0.00000000
1242;124.20000000;0.00000000;19.71717254;-4.62593875;1.65752087;1.59634745;4.09812630;-0.62845704;0.00000000;0.00000000
1243;124.30000000;0.00000000;19.65695869;-4.70565433;1.67139999;1.58258724;4.02937986;-0.65579796;0.00000000;0.00000000
1244;124.40000000;0.00000000;19.59114780;-4.78082682;1.68400166;1.57597648;3.96696671;-0.62161291;0.00000000;0.00000000
1245;124.50000000;0.00000000;19.52149620;-4.85240453;1.69720878;1.55861407;3.90505728;-0.62076831;0.00000000;0.00000000
1246;124.60000000;0.00000000;19.44692372;-4.91885903;1.70915483;1.51688724;3.84281305;-0.56981694;0.00000000;0.00000000
1247;124.70000000;0.00000000;19.36890050;-4.98125279;1.72156555;1.47057913;3.79109389;-0.53043249;0.00000000;0.00000000
1248;124.80000000;0.00000000;19.28786153;-5.03965367;1.73471367;1.43369180;3.73672655;-0.53657063;0.00000000;0.00000000
1249;124.90000000;0.00000000;19.20354153;-5.09320360;1.74770879;1.40863629;3.68377976;-0.54177129;0.00000000;0.00000000
1250;125.00000000;0.00000000;19.11676759;-5.14272176;1.76163642;1.38985130;3.62837230;-0.54446504;0.00000000;0.00000000
1251;125.10000000;0.00000000;19.02703539;-5.18662100;1.77483184;1.36973830;3.57488675;-0.54079807;0.00000000;0.00000000
1252;125.20000000;0.00000000;18.93546321;-5.22659572;1.78925371;1.36102227;3.52021268;-0.53623577;0.00000000;0.00000000
1253;125.30000000;0.00000000;18.84145403;-5.26044777;1.79548199;1.36619262;3.46763960;-0.50068167;0.00000000;0.00000000
1254;125.40000000;0.00000000;18.74620446;-5.29058674;1.78988515;1.37248033;3.42007635;-0.46198869;0.00000000;0.00000000
1255;125.50000000;0.00000000;18.64940870;-5.31535609;1.78426800;1.38031044;3.37524186;-0.40615549;0.00000000;0.00000000
1256;125.60000000;0.00000000;18.55183397;-5.33684613;1.78086662;1.36397585;3.33884525;-0.40188051;0.00000000;0.00000000
1257;125.70000000;0.00000000;18.45351218;-5.35450627;1.77916536;1.34627016;3.29486576;-0.43543206;0.00000000;0.00000000
1258;125.80000000;0.00000000;18.35442763;-5.36734240;1.77818913;1.33341205;3.25175884;-0.42002306;0.00000000;0.00000000
1259;125.90000000;0.00000000;18.25494989;-5.37647005;1.77909609;1.32427364;3.21086115;-0.39016778;0.00000000;0.00000000
1260;126.00000000;0.00000000;18.15514758;-5.38116835;1.78117125;1.31957296;3.17372528;-0.34764642;0.00000000;0.00000000
1261;126.10000000;0.00000000;18.05525015;-5.38288913;1.78289196;1.31785133;3.14133186;-0.34924038;0.00000000;0.00000000
1262;126.20000000;0.00000000;17.95536718;-5.38111625;1.78111899;1.31962091;3.10387721;-0.36336315;0.00000000;0.00000000
1263;126.30000000;0.00000000;17.85561878;-5.37535637;1.77833206;1.32537083;3.06865923;-0.34997207;0.00000000;0.00000000
1264;126.40000000;0.00000000;17.75610455;-5.36655752;1.77810848;1.33415056;3.03388279;-0.33737007;0.00000000;0.00000000
1265;126.50000000;0.00000000;17.65699546;-5.35387957;1.77959803;1.34679492;3.00118522;-0.31878790;0.00000000;0.00000000
1266;126.60000000;0.00000000;17.55826210;-5.33859498;1.78405823;1.36203436;2.97012521;-0.29546233;0.00000000;0.00000000
1267;126.70000000;0.00000000;17.46012875;-5.31978857;1.79053006;1.38077887;2.94209275;-0.19093331;0.00000000;0.00000000
1268;126.80000000;0.00000000;17.36239637;-5.29899299;1.79939142;1.40150511;2.93193855;-0.10154202;0.00000000;0.00000000
