id; s_m; d_m; x_m; y_m; d_right; d_left; psi_rad; kappa_radpm; vx_mps; ax_mps2
0;0.00000000;0.00000000;12.94507944;-20.68493028;1.36499735;1.79792488;2.99344715;-0.10884310;9.88166533;0.99427625
1;0.09994135;0.00000000;12.84631170;-20.66964060;1.34967396;1.78971962;2.98256708;-0.10888106;9.89171615;0.96816220
2;0.19988269;0.00000000;12.74772266;-20.65327815;1.33327263;1.78816230;2.97168324;-0.10893253;9.90149318;0.94129737
3;0.29982404;0.00000000;12.64931109;-20.63584222;1.31579297;1.79327071;2.96079326;-0.10898977;9.91098967;0.91445180
4;0.39976539;0.00000000;12.55110181;-20.61733660;1.30434464;1.80498757;2.94989762;-0.10906029;9.92020662;0.88688338
5;0.49970673;0.00000000;12.45309356;-20.59776036;1.29940817;1.82318631;2.93899365;-0.10914194;9.92913752;0.85881593
6;0.59964808;0.00000000;12.35531115;-20.57711759;1.30105811;1.84380053;2.92808158;-0.10923681;9.93777814;0.83004648
7;0.69958943;0.00000000;12.25775351;-20.55540713;1.30926863;1.86548328;2.91715873;-0.10934326;9.94612218;0.80075096
8;0.79953077;0.00000000;12.16044530;-20.53263336;1.31208724;1.88823085;2.90622530;-0.10946286;9.95416509;0.77078133
9;0.89947212;0.00000000;12.06338578;-20.50879489;1.28831464;1.91204566;2.89527867;-0.10959338;9.96190085;-0.89225843
10;0.99941347;0.00000000;11.96659937;-20.48389636;1.26349841;1.93692400;2.88431903;-0.10973702;9.95294536;-1.51192041
11;1.09935482;0.00000000;11.87008577;-20.45793623;1.23764029;1.96187211;2.87334379;-0.10989192;9.93775199;-1.52863559
12;1.19929616;0.00000000;11.77386907;-20.43091937;1.21074983;1.96290398;2.86235308;-0.11005988;9.92236700;-1.54450877
13;1.29923751;0.00000000;11.67794954;-20.40284411;1.18283021;1.97010945;2.85134438;-0.11023905;9.90679799;-1.55972662
14;1.39917886;0.00000000;11.58235083;-20.37371551;1.15412542;1.98077359;2.84031775;-0.11043127;9.89105070;-1.57409888
15;1.49912020;0.00000000;11.48707390;-20.34353186;1.13244573;1.99541180;2.82927072;-0.11063490;9.87513285;-1.58778814
16;1.59906155;0.00000000;11.39214191;-20.31229836;1.11820303;2.01598259;2.81820330;-0.11085156;9.85905054;-1.60062849
17;1.69900290;0.00000000;11.29755658;-20.28001330;1.11168119;2.04230852;2.80711305;-0.11107984;9.84281157;-1.61275929
18;1.79894424;0.00000000;11.20334050;-20.24668198;1.11301519;2.07416670;2.79599992;-0.11132117;9.82642238;-1.62403510
19;1.89888559;0.00000000;11.10949628;-20.21230276;1.09200895;2.08225919;2.78486151;-0.11157441;9.80989095;-1.63456484
20;1.99882694;0.00000000;11.01604585;-20.17688100;1.05781613;2.09413660;2.77369768;-0.11184072;9.79322414;-1.64423146
21;2.09876828;0.00000000;10.92299282;-20.14041520;1.03111080;2.11178108;2.76250610;-0.11211936;9.77643011;-1.65310460
22;2.19870963;0.00000000;10.83035840;-20.10291070;1.00553510;2.13504858;2.75128652;-0.11241113;9.75951632;-1.66110209
23;2.29865098;0.00000000;10.73814726;-20.06436624;0.98606322;2.15895045;2.74003666;-0.11271569;9.74249112;-1.66825365
24;2.39859232;0.00000000;10.64637985;-20.02478708;0.97535812;2.17187696;2.72875616;-0.11303347;9.72536262;-1.67451369
25;2.49853367;0.00000000;10.55506199;-19.98417226;0.96542887;2.19040036;2.71744280;-0.11336483;9.70813946;-1.67984373
26;2.59847502;0.00000000;10.46421333;-19.94252691;0.93446462;2.21437976;2.70609605;-0.11370961;9.69083072;-1.68425266
27;2.69841636;0.00000000;10.37384092;-19.89985046;0.91231816;2.24323900;2.69471377;-0.11406849;9.67344547;-1.68767100
28;2.79835771;0.00000000;10.28396353;-19.85614783;0.89964171;2.25746942;2.68329530;-0.11444102;9.65599352;-1.69013895
29;2.89829906;0.00000000;10.19458952;-19.81141893;0.89683411;2.27712087;2.67183848;-0.11482956;9.63848439;-1.69142226
30;2.99824041;0.00000000;10.10573678;-19.76566838;0.88212625;2.30205477;2.66034242;-0.11523229;9.62093007;-1.69057655
31;3.09818175;0.00000000;10.01741503;-19.71889666;0.85993801;2.33210334;2.64880499;-0.11565215;9.60335246;-1.68839022
32;3.19812310;0.00000000;9.92964136;-19.67110809;0.84565139;2.35691241;2.63722512;-0.11608651;9.58576541;-1.68489956
33;3.29806445;0.00000000;9.84242679;-19.62230371;0.81701151;2.37020555;2.62560080;-0.11653746;9.56818249;-1.68007394
34;3.39800579;0.00000000;9.75578755;-19.57248746;0.79062337;2.38875181;2.61393087;-0.11700518;9.55061770;-1.67299753
35;3.49794714;0.00000000;9.66973614;-19.52166111;0.77513377;2.41058648;2.60221262;-0.11749935;9.53309473;-1.66473079
36;3.59788849;0.00000000;9.58428776;-19.46982794;0.76551173;2.41672954;2.59044437;-0.11800824;9.51562632;-1.65469037
37;3.69782983;0.00000000;9.49945658;-19.41699057;0.73732212;2.42814486;2.57862415;-0.11853799;9.49823143;-1.64316826
38;3.79777118;0.00000000;9.41525719;-19.36315188;0.72042267;2.44476225;2.56675018;-0.11908518;9.48092609;-1.62988521
39;3.89771253;0.00000000;9.33170490;-19.30831516;0.70357409;2.46239031;2.55482046;-0.11965260;9.46372937;-1.61327022
40;3.99765387;0.00000000;9.24881398;-19.25248301;0.68141287;2.47814813;2.54283300;-0.12025718;9.44667713;-1.59027065
41;4.09759522;0.00000000;9.16660090;-19.19565919;0.66394873;2.48858079;2.53078083;-0.12093189;9.42983782;-1.56491596
42;4.19753657;0.00000000;9.08507934;-19.13784503;0.66008612;2.48469666;2.51866034;-0.12163129;9.41323757;-1.53499362
43;4.29747791;0.00000000;9.00426797;-19.07904515;0.64389305;2.48604378;2.50646725;-0.12237934;9.39692625;-1.50361635
44;4.39741926;0.00000000;8.92418011;-19.01926004;0.63402542;2.49262099;2.49419838;-0.12314065;9.38092085;-1.47111053
45;4.49736061;0.00000000;8.84483588;-18.95849524;0.62965076;2.50439332;2.48185333;-0.12391115;9.36523500;-1.43660590
46;4.59730196;0.00000000;8.76624855;-18.89675123;0.62463597;2.52129429;2.46943023;-0.12470016;9.34989165;-1.39970461
47;4.69724330;0.00000000;8.68843868;-18.83403411;0.60459389;2.53279216;2.45692729;-0.12551158;9.33491816;-1.36095080
48;4.79718465;0.00000000;8.61141963;-18.77034428;0.59947451;2.52336279;2.44434226;-0.12633864;9.32033619;-1.31978937
49;4.89712600;0.00000000;8.53521291;-18.70568878;0.59713787;2.51812929;2.43167377;-0.12718697;9.30617341;-1.27639541
50;4.99706734;0.00000000;8.45983210;-18.64006803;0.60404472;2.51812667;2.41891930;-0.12805388;9.29245577;-1.23058106
51;5.09700869;0.00000000;8.38529942;-18.57348988;0.60967257;2.52336358;2.40607746;-0.12894073;9.27921130;-1.18242398
52;5.19695004;0.00000000;8.31162877;-18.50595490;0.61401256;2.53381576;2.39314584;-0.12984582;9.26646730;-1.13145532
53;5.29689138;0.00000000;8.23884280;-18.43747157;0.61705593;2.54942565;2.38012288;-0.13077365;9.25425621;-1.07786012
54;5.39683273;0.00000000;8.16695606;-18.36804086;0.61879368;2.56458312;2.36700596;-0.13172110;9.24260853;-1.02140755
55;5.49677408;0.00000000;8.09599160;-18.29767189;0.61921723;2.56416276;2.35379354;-0.13268982;9.23155733;-0.96238797
56;5.59671542;0.00000000;8.02596446;-18.22636594;0.61831754;2.56506750;2.34048316;-0.13367537;9.22113257;-0.90020395
57;5.69665677;0.00000000;7.95689811;-18.15413287;0.61608633;2.56730743;2.32707348;-0.13468352;9.21137073;-0.82743225
58;5.79659812;0.00000000;7.88880869;-18.08097492;0.61251467;2.55289326;2.31355990;-0.13579834;9.20238890;-0.74170756
59;5.89653946;0.00000000;7.82172021;-18.00690156;0.60759379;2.53938742;2.29992613;-0.13704379;9.19433015;-0.60696233
60;5.99648081;0.00000000;7.75565170;-17.93191512;0.60131314;2.53112605;2.28615561;-0.13883143;9.18773017;-0.40923336
61;6.09642216;0.00000000;7.69063146;-17.85602046;0.59609410;2.52818039;2.27215721;-0.14130697;9.18327757;-0.32576396
62;6.19636350;0.00000000;7.62668712;-17.77921306;0.59626313;2.52692178;2.25794196;-0.14240370;9.17973161;-0.32576396
63;6.29630485;0.00000000;7.56384301;-17.70150558;0.60541231;2.51588532;2.24373896;-0.14183407;9.17618427;-0.26827516
64;6.39624620;0.00000000;7.50210408;-17.62291206;0.62912995;2.51019948;2.22960448;-0.14067938;9.17326192;-0.16329634
65;6.49618755;0.00000000;7.44147814;-17.54346136;0.66586562;2.49479108;2.21563836;-0.13881643;9.17148266;-0.00187433
66;6.59612889;0.00000000;7.38195859;-17.46317492;0.68494003;2.47753877;2.20185592;-0.13699626;9.17146223;0.15128383
67;6.69607024;0.00000000;7.32354541;-17.38208326;0.69115459;2.45498843;2.18825390;-0.13521134;9.17311062;0.29721831
68;6.79601159;0.00000000;7.26623211;-17.30020786;0.69927224;2.42617611;2.17482853;-0.13345132;9.17634825;0.43715850
69;6.89595293;0.00000000;7.21001697;-17.21757692;0.70786434;2.39857025;2.16157839;-0.13171362;9.18110820;0.57163568
70;6.99589428;0.00000000;7.15489345;-17.13421169;0.71520668;2.36884283;2.14850015;-0.13000592;9.18732865;0.70028613
71;7.09583563;0.00000000;7.10085859;-17.05013862;0.73491857;2.34426792;2.13559151;-0.12832398;9.19494333;0.82375046
72;7.19577697;0.00000000;7.04790573;-16.96537841;0.76605865;2.32499584;2.12284932;-0.12667385;9.20389246;0.94177007
73;7.29571832;0.00000000;6.99603076;-16.87995560;0.80731470;2.31114657;2.11027065;-0.12505219;9.21411308;1.05487555
74;7.39565967;0.00000000;6.94522689;-16.79389020;0.85045142;2.30280368;2.09785281;-0.12345000;9.22554775;1.16405611
75;7.49560101;0.00000000;6.89548919;-16.70720537;0.86476285;2.28636054;2.08559443;-0.12186596;9.23814948;1.26962041
76;7.59554236;0.00000000;6.84681049;-16.61992037;0.88165507;2.25795340;2.07349329;-0.12029593;9.25187446;1.37210291
77;7.69548371;0.00000000;6.79918509;-16.53205721;0.90814369;2.21788893;2.06154888;-0.11873651;9.26668445;1.47196008
78;7.79542505;0.00000000;6.75260538;-16.44363440;0.94343172;2.18278676;2.04975651;-0.11730724;9.28254599;1.55904234
79;7.89536640;0.00000000;6.70706588;-16.35467219;0.98658284;2.15288150;2.03809761;-0.11601108;9.29931641;1.63337021
80;7.99530775;0.00000000;6.66256058;-16.26518730;1.03093702;2.12838333;2.02656582;-0.11479140;9.31685398;1.70010526
81;8.09524909;0.00000000;6.61908512;-16.17519829;1.07437587;2.10947231;2.01515060;-0.11365038;9.33507309;1.75921570
82;8.19519044;0.00000000;6.57663423;-16.08472055;1.11687779;2.08327901;2.00384947;-0.11248345;9.35388831;1.81999332
83;8.29513179;0.00000000;6.53520343;-15.99377200;1.15842600;2.04177784;1.99266763;-0.11128797;9.37331380;1.88270076
84;8.39507314;0.00000000;6.49478645;-15.90236759;1.19900987;2.00132898;1.98160414;-0.11011541;9.39336632;1.94282712
85;8.49501448;0.00000000;6.45537813;-15.81052463;1.23862113;1.96192377;1.97065677;-0.10896352;9.41401447;2.00064841
86;8.59495583;0.00000000;6.41697201;-15.71825726;1.27725546;1.92355245;1.95982376;-0.10782179;9.43522991;2.05716974
87;8.69489718;0.00000000;6.37956265;-15.62558207;1.31478925;1.88620640;1.94910465;-0.10668929;9.45699509;2.11252963
88;8.79483852;0.00000000;6.34314327;-15.53251250;1.35095421;1.84987587;1.93849801;-0.10556499;9.47929397;2.16687299
89;8.89477987;0.00000000;6.30770812;-15.43906464;1.38619262;1.81455225;1.92800370;-0.10444709;9.50211211;2.22041152
90;8.99472122;0.00000000;6.27325006;-15.34525120;1.42050141;1.78022573;1.91762035;-0.10334086;9.52543733;2.27271217
91;9.09466256;0.00000000;6.23976302;-15.25108765;1.45387810;1.74688771;1.90734723;-0.10224492;9.54925297;2.32394841
92;9.19460391;0.00000000;6.20723966;-15.15658603;1.48632292;1.71448835;1.89718296;-0.10115743;9.57354424;2.37432914
93;9.29454526;0.00000000;6.17567362;-15.06176124;1.51783625;1.68279267;1.88712729;-0.10007676;9.59829863;2.42404591
94;9.39448660;0.00000000;6.14505730;-14.96662465;1.54842072;1.62748100;1.87717894;-0.09900548;9.62350567;2.47289589
95;9.49442795;0.00000000;6.11538408;-14.87119059;1.57807878;1.57606768;1.86733745;-0.09794219;9.64915284;2.52104653
96;9.59436930;0.00000000;6.08664618;-14.77546979;1.60983475;1.52877453;1.85760136;-0.09689778;9.67522941;2.56751219
97;9.69431064;0.00000000;6.05883684;-14.67947601;1.64616204;1.48362040;1.84796863;-0.09587217;9.70171456;2.61233362
98;9.79425199;0.00000000;6.03194832;-14.58321942;1.68677188;1.44487395;1.83843859;-0.09482104;9.72858806;2.65973904
99;9.89419334;0.00000000;6.00597338;-14.48671313;1.73136801;1.41305662;1.82901631;-0.09373721;9.75587318;2.71042878
100;9.99413468;0.00000000;5.98090346;-14.38996703;1.77965693;1.38809136;1.81970281;-0.09261846;9.78360001;2.76463689
101;10.09407603;0.00000000;5.95673028;-14.29299371;1.83135125;1.36402623;1.81050455;-0.09145659;9.81180067;2.82317400
102;10.19401738;0.00000000;5.93344430;-14.19580274;1.86012032;1.34085048;1.80142175;-0.09030896;9.84051502;2.88051445
103;10.29395873;0.00000000;5.91103663;-14.09840625;1.88250135;1.31849473;1.79245286;-0.08917587;9.86972649;2.93666852
104;10.39390007;0.00000000;5.88949773;-14.00081324;1.90401932;1.29688299;1.78359662;-0.08805476;9.89941868;2.99192109
105;10.49384142;0.00000000;5.86881866;-13.90303513;1.92468213;1.27613899;1.77485185;-0.08694480;9.92957821;3.04638767
106;10.59378277;0.00000000;5.84898987;-13.80508042;1.94449848;1.25625246;1.76621762;-0.08583967;9.96019295;3.10072594
107;10.69372411;0.00000000;5.83000226;-13.70695976;1.96347675;1.23721355;1.75769383;-0.08473764;9.99125743;3.15513815
108;10.79366546;0.00000000;5.81184620;-13.60868130;1.98162596;1.21901202;1.74927972;-0.08364409;10.02276821;3.20911368
109;10.89360681;0.00000000;5.79451241;-13.51025496;1.99895488;1.20163799;1.74097454;-0.08255837;10.05471674;3.26274436
110;10.99354815;0.00000000;5.77799125;-13.41168854;2.01547274;1.18508132;1.73277749;-0.08147850;10.08709547;3.31625690
111;11.09348950;0.00000000;5.76227333;-13.31299122;2.03118858;1.16933211;1.72468821;-0.08040324;10.11989908;3.36980599
112;11.19343085;0.00000000;5.74734896;-13.21417046;2.04611180;1.15438027;1.71670605;-0.07933387;10.15312381;3.42328166
113;11.29337219;0.00000000;5.73320862;-13.11523475;2.06025170;1.12355574;1.70883055;-0.07826947;10.18676484;3.43558891
114;11.39331354;0.00000000;5.71984259;-13.01619124;2.07361779;1.07713826;1.70106113;-0.07721030;10.22041549;3.41551682
115;11.49325489;0.00000000;5.70724124;-12.91704768;2.08621956;1.03901732;1.69339738;-0.07615538;10.25376006;3.39561865
116;11.59319623;0.00000000;5.69539484;-12.81781101;2.10034221;1.01012472;1.68583880;-0.07510512;10.28680324;3.37589186
117;11.69313758;0.00000000;5.68429365;-12.71848823;2.11514901;0.99125910;1.67838502;-0.07405854;10.31954956;3.35633396
118;11.79307893;0.00000000;5.67392790;-12.61908605;2.13242882;0.98091491;1.67103562;-0.07301572;10.35200349;3.33694252
119;11.89302027;0.00000000;5.66428778;-12.51961077;2.15350277;0.97129453;1.66379034;-0.07197555;10.38416936;3.31771516
120;11.99296162;0.00000000;5.65536349;-12.42006887;2.17826957;0.96238814;1.65664877;-0.07094101;10.41605142;3.29864955
121;12.09290297;0.00000000;5.64714514;-12.32046598;2.20661356;0.95418588;1.64961026;-0.06991206;10.44765381;3.27974343
122;12.19284432;0.00000000;5.63962296;-12.22080838;2.23840699;0.94667801;1.64267439;-0.06888799;10.47898058;3.26099458
123;12.29278566;0.00000000;5.63278704;-12.12110100;2.26095903;0.93985469;1.63584058;-0.06786857;10.51003570;3.24240083
124;12.39272701;0.00000000;5.62662761;-12.02134998;2.26711385;0.93370624;1.62910852;-0.06685190;10.54082304;3.22396004
125;12.49266836;0.00000000;5.62113475;-11.92155954;2.27260284;0.92822281;1.62247797;-0.06583697;10.57134637;3.20567015
126;12.59260970;0.00000000;5.61629863;-11.82173567;2.27743571;0.92339472;1.61594874;-0.06482458;10.60160941;3.18752912
127;12.69255105;0.00000000;5.61210932;-11.72188194;2.28162235;0.91921209;1.60952059;-0.06381391;10.63161577;3.16953496
128;12.79249240;0.00000000;5.60855695;-11.62200420;2.28517252;0.91566524;1.60319335;-0.06280558;10.66136901;3.15168572
129;12.89243374;0.00000000;5.60563154;-11.52210539;2.28809612;0.91274427;1.59696678;-0.06179879;10.69087258;3.13397949
130;12.99237509;0.00000000;5.60332320;-11.42219122;2.29040297;0.90730108;1.59084076;-0.06079403;10.72012989;3.11641442
131;13.09231644;0.00000000;5.60162195;-11.32226401;2.29210300;0.86698916;1.58481506;-0.05979053;10.74914425;3.09898867
132;13.19225778;0.00000000;5.60051786;-11.22232933;2.29320606;0.83731199;1.57888960;-0.05878878;10.77791893;3.08170044
133;13.29219913;0.00000000;5.60000095;-11.12238892;2.29741226;0.81941646;1.57306416;-0.05778807;10.80645709;3.06454798
134;13.39214048;0.00000000;5.60006123;-11.02244821;2.30537224;0.81172847;1.56733870;-0.05678887;10.83476188;3.04752958
135;13.49208182;0.00000000;5.60068874;-10.92250837;2.31705710;0.80727697;1.56171301;-0.05579049;10.86283635;3.03064353
136;13.59202317;0.00000000;5.60187347;-10.82257472;2.33242005;0.80846120;1.55618709;-0.05479341;10.89068348;3.01388821
137;13.69196452;0.00000000;5.60360545;-10.72264787;2.35139860;0.81019258;1.55076073;-0.05379696;10.91830622;2.99726197
138;13.79190587;0.00000000;5.60587463;-10.62273300;2.37391469;0.81246101;1.54543396;-0.05280161;10.94570745;2.98076323
139;13.89184721;0.00000000;5.60867107;-10.52283022;2.38491262;0.81525655;1.54020659;-0.05180672;10.97288998;2.96439044
140;13.99178856;0.00000000;5.61198469;-10.42294458;2.38160028;0.81856908;1.53507865;-0.05081273;10.99985658;2.94814207
141;14.09172991;0.00000000;5.61580557;-10.32307570;2.37885311;0.80268327;1.53004999;-0.04981906;11.02660997;2.93201660
142;14.19167125;0.00000000;5.62012359;-10.22322846;2.37980537;0.76852367;1.52512065;-0.04882613;11.05315280;2.91601259
143;14.29161260;0.00000000;5.62492884;-10.12340206;2.38446251;0.74676095;1.52029048;-0.04783337;11.07948768;2.90012857
144;14.39155395;0.00000000;5.63021119;-10.02360123;2.39281252;0.73848313;1.51555956;-0.04684121;11.10561717;2.88436313
145;14.49149529;0.00000000;5.63596077;-9.92382474;2.40363588;0.74413050;1.51092773;-0.04584910;11.13154379;2.86871489
146;14.59143664;0.00000000;5.64216740;-9.82407715;2.41537870;0.75030892;1.50639510;-0.04485745;11.15726999;2.85318247
147;14.69137799;0.00000000;5.64882124;-9.72435684;2.43073574;0.75693239;1.50196151;-0.04386575;11.18279819;2.83776453
148;14.79131933;0.00000000;5.65591208;-9.62466823;2.43759671;0.76399058;1.49762708;-0.04287439;11.20813077;2.82245976
149;14.89126068;0.00000000;5.66343013;-9.52500933;2.43007671;0.73834752;1.49339167;-0.04188289;11.23327006;2.80726686
150;14.99120203;0.00000000;5.67136514;-9.42538437;2.42480782;0.70989204;1.48925540;-0.04089162;11.25821834;2.79218457
151;15.09114337;0.00000000;5.67970737;-9.32579105;2.42324365;0.69518222;1.48521815;-0.03990014;11.28297787;2.77721163
152;15.19108472;0.00000000;5.68844653;-9.22623342;2.42540133;0.69508212;1.48128004;-0.03890880;11.30755085;2.76234681
153;15.29102607;0.00000000;5.69757291;-9.12670889;2.43128087;0.70421475;1.47744096;-0.03791719;11.33193944;2.74758892
154;15.39096741;0.00000000;5.70707622;-9.02722130;2.44086492;0.71372501;1.47370104;-0.03692561;11.35614578;2.73293677
155;15.49090876;0.00000000;5.71694677;-8.92776780;2.45412004;0.70718560;1.47006019;-0.03593370;11.38017196;2.71838918
156;15.59085011;0.00000000;5.72717425;-8.82835205;2.47099628;0.68360718;1.46651852;-0.03494180;11.40402002;2.70394503
157;15.69079146;0.00000000;5.73774902;-8.72897096;2.46866193;0.66702459;1.46307594;-0.03394960;11.42769200;2.68960318
158;15.79073280;0.00000000;5.74866074;-8.62962798;2.46999249;0.65929057;1.45973258;-0.03295723;11.45118988;2.67536253
159;15.89067415;0.00000000;5.75989981;-8.53031982;2.47503242;0.66694593;1.45648838;-0.03196434;11.47451560;2.66122199
160;15.99061550;0.00000000;5.77145587;-8.43104972;2.48376879;0.67846683;1.45334346;-0.03097139;11.49767109;2.64718048
161;16.09055684;0.00000000;5.78331934;-8.33181422;2.49617280;0.67781937;1.45029775;-0.02997814;11.52065823;2.63323697
162;16.19049819;0.00000000;5.79547987;-8.23261635;2.49799903;0.64616102;1.44735138;-0.02898320;11.54347888;2.61939040
163;16.29043954;0.00000000;5.80792789;-8.13345250;2.48714403;0.62924372;1.44450462;-0.02798481;11.56613485;2.60563977
164;16.39038088;0.00000000;5.82065301;-8.03432544;2.47999278;0.62825018;1.44175774;-0.02698428;11.58862795;2.59198406
165;16.49032223;0.00000000;5.83364561;-7.93523148;2.47658719;0.64127188;1.43911108;-0.02597940;11.61095993;2.57842230
166;16.59026358;0.00000000;5.84689525;-7.83617315;2.47695287;0.65455229;1.43656492;-0.02497374;11.63313253;2.56495351
167;16.69020492;0.00000000;5.86039229;-7.73714665;2.48109820;0.66808157;1.43411932;-0.02396653;11.65514746;2.55157675
168;16.79014627;0.00000000;5.87412628;-7.63815429;2.48901413;0.68184942;1.43177443;-0.02295912;11.67700639;2.53829105
169;16.89008762;0.00000000;5.88808759;-7.53919219;2.50067503;0.68016975;1.42953020;-0.02195138;11.69871099;2.52509552
170;16.99002896;0.00000000;5.90226576;-7.44026245;2.50126001;0.65534678;1.42738674;-0.02094341;11.72026287;2.51198922
171;17.08997031;0.00000000;5.91665118;-7.34136112;2.49779049;0.64542544;1.42534399;-0.01993507;11.74166363;2.49897126
172;17.18991166;0.00000000;5.93123340;-7.24249011;2.49811831;0.64602601;1.42340207;-0.01892644;11.76291486;2.48604077
173;17.28985300;0.00000000;5.94600283;-7.14364542;2.50225205;0.65255538;1.42156094;-0.01791733;11.78401809;2.47319686
174;17.38979435;0.00000000;5.96094903;-7.04482874;2.51018279;0.66750937;1.41982071;-0.01690811;11.80497487;2.46043869
175;17.48973570;0.00000000;5.97606239;-6.94603607;2.52188490;0.68263236;1.41818131;-0.01589884;11.82578669;2.44776540
176;17.58967705;0.00000000;5.99133250;-6.84726892;2.51545760;0.65442630;1.41664282;-0.01488888;11.84645503;2.43517617
177;17.68961839;0.00000000;6.00674977;-6.74852327;2.51092472;0.63571999;1.41520533;-0.01387761;11.86698135;2.42267018
178;17.78955974;0.00000000;6.02230378;-6.64980034;2.50773303;0.63258035;1.41386892;-0.01286699;11.88736708;2.41024661
179;17.88950109;0.00000000;6.03798494;-6.55109619;2.50839369;0.63732353;1.41263338;-0.01185816;11.90761365;2.39790469
180;17.98944243;0.00000000;6.05378286;-6.45241200;2.51291369;0.60703162;1.41149845;-0.01086344;11.92772243;2.38564361
181;18.08938378;0.00000000;6.06968814;-6.35374374;2.52128225;0.59236643;1.41046094;-0.00989870;11.94769481;2.37346260
182;18.18932513;0.00000000;6.08569080;-6.25509275;2.51512834;0.59447634;1.40951826;-0.00903546;11.96753213;2.36136092
183;18.28926647;0.00000000;6.10178291;-6.15645500;2.50860039;0.60925832;1.40864755;-0.00838874;11.98723573;2.34933780
184;18.38920782;0.00000000;6.11795754;-6.05783186;2.50596050;0.62548303;1.40784106;-0.00776967;12.00680692;2.33739250
185;18.48914917;0.00000000;6.13420897;-5.95922024;2.50722704;0.64178538;1.40709251;-0.00721006;12.02624700;2.32552430
186;18.58909051;0.00000000;6.15053132;-5.86062115;2.51239972;0.62388873;1.40639988;-0.00665152;12.04555723;2.31373248
187;18.68903186;0.00000000;6.16691935;-5.76203208;2.52146012;0.60659545;1.40576291;-0.00609530;12.06473887;2.30201633
188;18.78897321;0.00000000;6.18336728;-5.66345395;2.52018860;0.59818407;1.40518154;-0.00553882;12.08379316;2.29037514
189;18.88891455;0.00000000;6.19986994;-5.56488401;2.51454141;0.60640997;1.40465581;-0.00498178;12.10272133;2.27880823
190;18.98885590;0.00000000;6.21642150;-5.46632327;2.51280979;0.62296448;1.40418577;-0.00442478;12.12152457;2.26731492
191;19.08879725;0.00000000;6.23301681;-5.36776888;2.51500736;0.63956573;1.40377137;-0.00386797;12.14020407;2.25589454
192;19.18873859;0.00000000;6.24965005;-5.26922196;2.52112933;0.61538552;1.40341199;-0.00335120;12.15876100;2.24454642
193;19.28867994;0.00000000;6.26631652;-5.17067969;2.52784622;0.59609167;1.40309863;-0.00291960;12.17719652;2.23326992
194;19.38862129;0.00000000;6.28301159;-5.07214332;2.51542370;0.59326420;1.40282688;-0.00258386;12.19551176;2.22206438
195;19.48856264;0.00000000;6.29973239;-4.97361047;2.50690094;0.60712998;1.40257525;-0.00245160;12.21370785;2.21092918
196;19.58850398;0.00000000;6.31647723;-4.87508230;2.50231941;0.62377877;1.40233697;-0.00231165;12.23178588;2.19986368
197;19.68844533;0.00000000;6.33324491;-4.77655750;2.50170213;0.64045848;1.40211374;-0.00215555;12.24974696;2.18886727
198;19.78838668;0.00000000;6.35003377;-4.67803653;2.50505358;0.62285483;1.40190612;-0.00199891;12.26759215;2.17793934
199;19.88832802;0.00000000;6.36684236;-4.57951869;2.51235946;0.60853095;1.40171423;-0.00184117;12.28532253;2.16707928
200;19.98826937;0.00000000;6.38366904;-4.48100413;2.52358696;0.60512249;1.40153810;-0.00168344;12.30293913;2.15628650
201;20.08821072;0.00000000;6.40051233;-4.38249223;2.53868564;0.60806050;1.40137774;-0.00152572;12.32044299;2.14556041
202;20.18815206;0.00000000;6.41737060;-4.28398308;2.55758842;0.62497526;1.40123314;-0.00136800;12.33783514;2.13490044
203;20.28809341;0.00000000;6.43424238;-4.18547605;2.56789703;0.64190399;1.40110430;-0.00121027;12.35511658;2.12430601
204;20.38803476;0.00000000;6.45112603;-4.08697125;2.55794454;0.63224568;1.40099123;-0.00105254;12.37228829;2.11377655
205;20.48797610;0.00000000;6.46802009;-3.98846803;2.55185976;0.60817551;1.40089391;-0.00089481;12.38935127;2.10331151
206;20.58791745;0.00000000;6.48492292;-3.88996652;2.54967198;0.60000635;1.40081237;-0.00073708;12.40630648;2.09291034
207;20.68785880;0.00000000;6.50183303;-3.79146606;2.55139279;0.60837748;1.40074659;-0.00057935;12.42315488;2.08257249
208;20.78780014;0.00000000;6.51874882;-3.69296678;2.55701586;0.62530051;1.40069657;-0.00042162;12.43989740;2.07229743
209;20.88774149;0.00000000;6.53566879;-3.59446801;2.56280085;0.64223074;1.40066231;-0.00026388;12.45653498;2.06208463
210;20.98768284;0.00000000;6.55259133;-3.49596988;2.55400047;0.62642579;1.40064382;-0.00010615;12.47306854;2.05193356
211;21.08762418;0.00000000;6.56951494;-3.39747174;2.54908998;0.60722659;1.40064109;0.00005158;12.48949898;2.04184370
212;21.18756553;0.00000000;6.58643801;-3.29897371;2.54809345;0.60416467;1.40065413;0.00020932;12.50582720;2.03181455
213;21.28750688;0.00000000;6.60335906;-3.20047513;2.55101704;0.61387871;1.40068293;0.00036705;12.52205409;2.02184560
214;21.38744823;0.00000000;6.62027646;-3.10197612;2.55784887;0.62747335;1.40072750;0.00052479;12.53818051;2.01193636
215;21.48738957;0.00000000;6.63718872;-3.00347603;2.56351748;0.64430444;1.40078783;0.00068253;12.55420733;2.00208632
216;21.58733092;0.00000000;6.65409424;-2.90497498;2.55599764;0.64640002;1.40086393;0.00084026;12.57013541;1.99229500
217;21.68727227;0.00000000;6.67099151;-2.80647232;2.55238033;0.62321123;1.40095578;0.00099800;12.58596557;1.98256193
218;21.78721361;0.00000000;6.68787893;-2.70796816;2.55268372;0.60971064;1.40106341;0.00115574;12.60169867;1.97288663
219;21.88715496;0.00000000;6.70475500;-2.60946187;2.55436996;0.61242498;1.40118680;0.00131348;12.61733550;1.96326862
220;21.98709631;0.00000000;6.72161811;-2.51095354;2.55882190;0.62934604;1.40132595;0.00147122;12.63287689;1.95370744
221;22.08703765;0.00000000;6.73846677;-2.41244256;2.55805448;0.64625280;1.40148087;0.00162895;12.64832364;1.94420264
222;22.18697900;0.00000000;6.75529935;-2.31392902;2.54799242;0.63695058;1.40165155;0.00178669;12.66367653;1.93475377
223;22.28692035;0.00000000;6.77211438;-2.21541228;2.54184088;0.61275190;1.40183800;0.00194443;12.67893636;1.92536036
224;22.38686169;0.00000000;6.78891023;-2.11689247;2.53962990;0.60429865;1.40204021;0.00210217;12.69410388;1.91602199
225;22.48680304;0.00000000;6.80568541;-2.01836895;2.54137132;0.61224177;1.40225818;0.00225991;12.70917987;1.90673822
226;22.58674439;0.00000000;6.82243831;-1.91984182;2.54705859;0.62900625;1.40249192;0.00241765;12.72416508;1.89750860
227;22.68668573;0.00000000;6.83916744;-1.82131047;2.55666698;0.63349167;1.40274143;0.00257538;12.73906025;1.88833272
228;22.78662708;0.00000000;6.85587117;-1.72277499;2.55049230;0.61314759;1.40300670;0.00273312;12.75386612;1.87921015
229;22.88656843;0.00000000;6.87254801;-1.62423478;2.54575305;0.60318584;1.40328773;0.00289086;12.76858343;1.87014047
230;22.98650978;0.00000000;6.88919636;-1.52568993;2.54496165;0.59986338;1.40358453;0.00304860;12.78321288;1.86112327
231;23.08645112;0.00000000;6.90581471;-1.42713984;2.54812333;0.61300820;1.40389710;0.00320633;12.79775518;1.85215814
232;23.18639247;0.00000000;6.92240145;-1.32858460;2.55522498;0.62951559;1.40422542;0.00336407;12.81221105;1.84324469
233;23.28633382;0.00000000;6.93895508;-1.23002361;2.55634109;0.63910086;1.40456952;0.00352181;12.82658118;1.83438249
234;23.38627516;0.00000000;6.95547399;-1.13145698;2.54525301;0.60894650;1.40492937;0.00367955;12.84086625;1.82557117
235;23.48621651;0.00000000;6.97195668;-1.03288411;2.53809156;0.59423453;1.40530499;0.00383728;12.85506695;1.81681034
236;23.58615786;0.00000000;6.98840154;-0.93430510;2.53489163;0.59610789;1.40569638;0.00399502;12.86918394;1.80809960
237;23.68609920;0.00000000;7.00480707;-0.83571935;2.53566977;0.61256814;1.40610353;0.00415276;12.88321788;1.79943857
238;23.78604055;0.00000000;7.02117165;-0.73712698;2.54042390;0.62898730;1.40652644;0.00431050;12.89716944;1.79082687
239;23.88598190;0.00000000;7.03749378;-0.63852740;2.54913336;0.63478284;1.40696512;0.00446822;12.91103927;1.78226414
240;23.98592324;0.00000000;7.05377186;-0.53992071;2.54937278;0.60900182;1.40741956;0.00462595;12.92482799;1.77375000
241;24.08586459;0.00000000;7.07000437;-0.44130633;2.54374206;0.59894769;1.40788977;0.00478373;12.93853626;1.76528408
242;24.18580594;0.00000000;7.08618970;-0.34268438;2.54207892;0.60179143;1.40837575;0.00494147;12.95216470;1.75686602
243;24.28574728;0.00000000;7.10232636;-0.24405427;2.54439272;0.60889014;1.40887748;0.00509912;12.96571392;1.74849547
244;24.38568863;0.00000000;7.11841272;-0.14541611;2.55067419;0.62498887;1.40939497;0.00525684;12.97918454;1.74017207
245;24.48562998;0.00000000;7.13444729;-0.04676934;2.56089572;0.64103785;1.40992824;0.00541470;12.99257718;1.73189547
246;24.58557132;0.00000000;7.15042844;0.05188590;2.55581112;0.61804243;1.41047702;0.00555764;13.00589242;1.72366533
247;24.68551267;0.00000000;7.16635485;0.15055016;2.55176935;0.59736436;1.41103817;0.00567176;13.01913087;1.71548129
248;24.78545402;0.00000000;7.18222529;0.24922319;2.54877104;0.59297670;1.41160997;0.00574290;13.03229310;1.70734302
249;24.88539537;0.00000000;7.19803918;0.34790547;2.54892259;0.60523314;1.41218336;0.00573151;13.04537971;1.69925018
250;24.98533671;0.00000000;7.21379653;0.44659671;2.55304665;0.62091716;1.41275558;0.00571878;13.05839127;1.69120244
251;25.08527806;0.00000000;7.22949748;0.54529701;2.56112391;0.63655139;1.41332636;0.00570356;13.07132834;1.68319947
252;25.18521941;0.00000000;7.24514218;0.64400629;2.54834250;0.65213542;1.41389564;0.00568903;13.08419150;1.67524095
253;25.28516075;0.00000000;7.26073074;0.74272441;2.53424321;0.65982497;1.41446354;0.00567582;13.09698128;1.66732655
254;25.38510210;0.00000000;7.27626331;0.84145139;2.52408193;0.62985204;1.41503013;0.00566250;13.10969826;1.65945596
255;25.48504345;0.00000000;7.29174000;0.94018711;2.51790620;0.61478889;1.41559537;0.00564894;13.12234297;1.65162885
256;25.58498479;0.00000000;7.30716095;1.03893157;2.51574524;0.61573088;1.41615926;0.00563540;13.13491595;1.64384491
257;25.68492614;0.00000000;7.32252628;1.13768468;2.51760925;0.63036319;1.41672179;0.00562188;13.14741774;1.63610384
258;25.78486749;0.00000000;7.33783612;1.23644643;2.52348918;0.64571921;1.41728297;0.00560836;13.15984886;1.62840533
259;25.88480883;0.00000000;7.35309061;1.33521673;2.53335692;0.66101950;1.41784281;0.00559486;13.17220984;1.62074907
260;25.98475018;0.00000000;7.36828986;1.43399555;2.53476224;0.64207851;1.41840129;0.00558136;13.18450120;1.61313476
261;26.08469153;0.00000000;7.38343401;1.53278283;2.53022749;0.62416108;1.41895842;0.00556786;13.19672344;1.60556211
262;26.18463287;0.00000000;7.39852319;1.63157853;2.52969180;0.61409563;1.41951421;0.00555436;13.20887707;1.59803083
263;26.28457422;0.00000000;7.41355752;1.73038258;2.53315756;0.62012760;1.42006864;0.00554086;13.22096261;1.59054061
264;26.38451557;0.00000000;7.42853714;1.82919495;2.54060827;0.63511877;1.42062173;0.00552737;13.23298053;1.58309117
265;26.48445691;0.00000000;7.44346217;1.92801557;2.55038133;0.65005678;1.42117347;0.00551388;13.24493135;1.57568222
266;26.58439826;0.00000000;7.45833274;2.02684441;2.53553359;0.62526155;1.42172386;0.00550039;13.25681553;1.56831349
267;26.68433961;0.00000000;7.47314898;2.12568140;2.52087835;0.60389142;1.42227290;0.00548690;13.26863356;1.56098469
268;26.78428096;0.00000000;7.48791102;2.22452651;2.51017436;0.59860559;1.42282060;0.00547342;13.28038593;1.55369554
269;26.88422230;0.00000000;7.50261898;2.32337967;2.50347217;0.60982258;1.42336694;0.00545994;13.29207310;1.54644577
270;26.98416365;0.00000000;7.51727300;2.42224085;2.50080384;0.62441138;1.42391194;0.00544646;13.30369554;1.53923511
271;27.08410500;0.00000000;7.53187321;2.52110999;2.50218213;0.63895166;1.42445560;0.00543299;13.31525372;1.53206328
272;27.18404634;0.00000000;7.54641973;2.61998704;2.50760023;0.65344313;1.42499790;0.00541951;13.32674808;1.52493002
273;27.28398769;0.00000000;7.56091270;2.71887195;2.51703192;0.63379104;1.42553886;0.00540604;13.33817910;1.51783506
274;27.38392904;0.00000000;7.57535223;2.81776469;2.52504231;0.61702962;1.42607848;0.00539257;13.34954720;1.51077814
275;27.48387038;0.00000000;7.58973847;2.91666518;2.51999291;0.61173073;1.42661675;0.00537911;13.36085285;1.50375901
276;27.58381173;0.00000000;7.60407154;3.01557341;2.51895554;0.61177510;1.42715367;0.00536564;13.37209648;1.49677740
277;27.68375308;0.00000000;7.61835156;3.11448929;2.52193503;0.62609314;1.42768925;0.00535218;13.38327853;1.48983306
278;27.78369442;0.00000000;7.63257867;3.21341282;2.52891706;0.64035793;1.42822348;0.00533872;13.39439943;1.48292573
279;27.88363577;0.00000000;7.64675300;3.31234390;2.53986846;0.65456961;1.42875636;0.00532526;13.40545961;1.47605518
280;27.98357712;0.00000000;7.66087467;3.41128253;2.53268111;0.66872831;1.42928791;0.00531181;13.41645949;1.46922114
281;28.08351846;0.00000000;7.67494382;3.51022863;2.52141842;0.65496459;1.42981810;0.00529836;13.42739949;1.46242337
282;28.18345981;0.00000000;7.68896058;3.60918218;2.51413411;0.62897875;1.43034696;0.00528490;13.43828003;1.45566163
283;28.28340116;0.00000000;7.70292506;3.70814310;2.50749224;0.61819190;1.43087446;0.00527145;13.44910152;1.44893568
284;28.38334250;0.00000000;7.71683741;3.80711138;2.50437874;0.62339366;1.43140063;0.00525801;13.45986437;1.44224529
285;28.48328385;0.00000000;7.73069774;3.90608694;2.50530398;0.63726152;1.43192545;0.00524456;13.47056899;1.43559020
286;28.58322520;0.00000000;7.74450620;4.00506977;2.51026335;0.65107864;1.43244893;0.00523112;13.48121576;1.42897019
287;28.68316655;0.00000000;7.75826291;4.10405979;2.51923289;0.63129768;1.43297106;0.00521768;13.49180510;1.42238503
288;28.78310789;0.00000000;7.77196799;4.20305699;2.52626579;0.60908604;1.43349185;0.00520424;13.50233739;1.41583449
289;28.88304924;0.00000000;7.78562159;4.30206128;2.52069206;0.60278416;1.43401130;0.00519080;13.51281302;1.40931833
290;28.98299059;0.00000000;7.79922382;4.40107266;2.51912600;0.60967669;1.43452940;0.00517736;13.52323239;1.40283633
291;29.08293193;0.00000000;7.81277482;4.50009105;2.52157495;0.62004329;1.43504616;0.00516393;13.53359586;1.39638827
292;29.18287328;0.00000000;7.82627471;4.59911644;2.52802712;0.63348343;1.43556158;0.00515050;13.54390382;1.38997392
293;29.28281463;0.00000000;7.83972363;4.69814875;2.53845183;0.64687682;1.43607566;0.00513706;13.55415665;1.38359307
294;29.38275597;0.00000000;7.85312170;4.79718796;2.54035519;0.66022329;1.43658839;0.00512364;13.56435471;1.37724549
295;29.48269732;0.00000000;7.86646906;4.89623400;2.52858890;0.65713134;1.43709978;0.00511021;13.57449838;1.37093097
296;29.58263867;0.00000000;7.87976583;4.99528687;2.52078412;0.63094743;1.43760983;0.00509678;13.58458802;1.36464930
297;29.68258001;0.00000000;7.89301214;5.09434648;2.51697757;0.61435499;1.43811854;0.00508336;13.59462399;1.35840026
298;29.78252136;0.00000000;7.90620812;5.19341282;2.51718726;0.61374574;1.43862591;0.00506993;13.60460665;1.35218364
299;29.88246271;0.00000000;7.91935391;5.29248582;2.52141206;0.62692145;1.43913193;0.00505651;13.61453636;1.34599923
300;29.98240405;0.00000000;7.93244963;5.39156547;2.52876225;0.64004682;1.43963662;0.00504309;13.62441346;1.33984683
301;30.08234540;0.00000000;7.94549541;5.49065169;2.53725151;0.65312199;1.44013996;0.00502967;13.63423831;1.33372623
302;30.18228675;0.00000000;7.95849138;5.58974446;2.53509075;0.66614709;1.44064196;0.00501625;13.64401126;1.32763722
303;30.28222810;0.00000000;7.97143767;5.68884373;2.52213643;0.65023841;1.44114262;0.00500284;13.65373264;1.32157961
304;30.38216944;0.00000000;7.98433441;5.78794947;2.51214192;0.62342325;1.44164194;0.00498942;13.66340279;1.31555320
305;30.48211079;0.00000000;7.99718173;5.88706162;2.50614604;0.61189761;1.44213992;0.00497601;13.67302205;1.30955778
306;30.58205214;0.00000000;8.00997975;5.98618016;2.50417739;0.61651974;1.44263656;0.00496260;13.68259076;1.30359316
307;30.68199348;0.00000000;8.02272862;6.08530502;2.50624532;0.62926995;1.44313186;0.00494919;13.69210925;1.29765914
308;30.78193483;0.00000000;8.03542846;6.18443618;2.51233974;0.64197217;1.44362582;0.00493578;13.70157784;1.29175554
309;30.88187618;0.00000000;8.04807939;6.28357359;2.52243132;0.65462645;1.44411843;0.00492237;13.71099686;1.28588215
310;30.98181752;0.00000000;8.06068155;6.38271722;2.53310581;0.66723284;1.44460971;0.00490896;13.72036663;1.28003880
311;31.08175887;0.00000000;8.07323507;6.48186701;2.52090290;0.66281918;1.44509965;0.00489555;13.72968747;1.27422528
312;31.18170022;0.00000000;8.08574008;6.58102294;2.51266783;0.64049592;1.44558825;0.00488215;13.73895970;1.26844142
313;31.28164156;0.00000000;8.09819670;6.68018494;2.50843954;0.62681686;1.44607551;0.00486874;13.74818363;1.26268703
314;31.38158291;0.00000000;8.11060507;6.77935301;2.50823817;0.62063586;1.44656143;0.00485534;13.75735958;1.25696192
315;31.48152426;0.00000000;8.12296532;6.87852708;2.51206454;0.63039251;1.44704601;0.00484194;13.76648784;1.25126592
316;31.58146560;0.00000000;8.13527758;6.97770713;2.51990018;0.64264702;1.44752925;0.00482854;13.77556873;1.24559883
317;31.68140695;0.00000000;8.14754197;7.07689310;2.53170773;0.65485713;1.44801115;0.00481514;13.78460255;1.23996049
318;31.78134830;0.00000000;8.15975863;7.17608497;2.53370849;0.66702276;1.44849171;0.00480174;13.79358960;1.23435071
319;31.88128964;0.00000000;8.17192769;7.27528268;2.52325932;0.66506922;1.44897093;0.00478834;13.80253018;1.22876932
320;31.98123099;0.00000000;8.18404927;7.37448621;2.51308130;0.63341842;1.44944882;0.00477495;13.81142459;1.22321614
321;32.08117234;0.00000000;8.19612352;7.47369550;2.50667939;0.61647279;1.44992536;0.00476155;13.82027311;1.21769100
322;32.18111369;0.00000000;8.20815055;7.57291054;2.50430035;0.61544834;1.45040057;0.00474815;13.82907605;1.21219373
323;32.28105503;0.00000000;8.22013049;7.67213127;2.50595551;0.62745085;1.45087444;0.00473476;13.83783368;1.20672416
324;32.38099638;0.00000000;8.23206349;7.77135766;2.51163676;0.63940623;1.45134696;0.00472137;13.84654629;1.20128211
325;32.48093773;0.00000000;8.24394966;7.87058967;2.52131674;0.65131460;1.45181815;0.00470797;13.85521417;1.19586742
326;32.58087907;0.00000000;8.25578914;7.96982726;2.53494952;0.66317608;1.45228801;0.00469458;13.86383759;1.19047993
327;32.68082042;0.00000000;8.26758206;8.06907039;2.52604011;0.65772302;1.45275652;0.00468119;13.87241685;1.18511946
328;32.78076177;0.00000000;8.27932854;8.16831904;2.51738002;0.63027422;1.45322370;0.00466780;13.88095220;1.17978585
329;32.88070311;0.00000000;8.29102873;8.26757314;2.51271495;0.61790824;1.45368953;0.00465441;13.88944393;1.17447894
330;32.98064446;0.00000000;8.30268274;8.36683269;2.51206704;0.61657685;1.45415403;0.00464102;13.89789231;1.16919858
331;33.08058581;0.00000000;8.31429072;8.46609762;2.51543925;0.62084544;1.45461719;0.00462762;13.90629761;1.16394459
332;33.18052715;0.00000000;8.32585278;8.56536792;2.52281532;0.63240283;1.45507901;0.00461424;13.91466010;1.15871682
333;33.28046850;0.00000000;8.33736906;8.66464353;2.53416017;0.64391539;1.45553950;0.00460089;13.92298004;1.15351511
334;33.38040985;0.00000000;8.34883970;8.76392443;2.54486250;0.65538319;1.45599865;0.00458752;13.93125769;1.14833931
335;33.48035119;0.00000000;8.36026481;8.86321058;2.53400896;0.62232942;1.45645647;0.00457411;13.93949332;1.14318927
336;33.58029254;0.00000000;8.37164453;8.96250194;2.52710998;0.59929563;1.45691295;0.00456110;13.94768718;1.13806481
337;33.68023389;0.00000000;8.38297899;9.06179848;2.52419786;0.59240119;1.45736817;0.00454870;13.95583954;1.13296581
338;33.78017523;0.00000000;8.39426831;9.16110016;2.52528626;0.60220081;1.45782216;0.00453666;13.96395064;1.12789209
339;33.88011658;0.00000000;8.40551261;9.26040695;2.52874828;0.61337550;1.45827499;0.00452516;13.97202074;1.12284352
340;33.98005793;0.00000000;8.41671199;9.35971882;2.53405814;0.62450891;1.45872666;0.00451370;13.98005009;1.11781994
341;34.07999928;0.00000000;8.42786657;9.45903572;2.54333204;0.63560091;1.45917720;0.00450231;13.98803894;1.11282120
342;34.17994062;0.00000000;8.43897646;9.55835764;2.55448401;0.64665141;1.45962659;0.00449091;13.99598754;1.10784717
343;34.27988197;0.00000000;8.45004177;9.65768452;2.54341857;0.65766033;1.46007485;0.00447950;14.00389612;1.10289768
344;34.37982332;0.00000000;8.46106261;9.75701637;2.53239778;0.65286718;1.46052197;0.00446809;14.01176494;1.09797260
345;34.47976466;0.00000000;8.47203910;9.85635311;2.52142151;0.62031312;1.46096795;0.00445668;14.01959424;1.09307179
346;34.57970601;0.00000000;8.48297133;9.95569474;2.51240775;0.60271412;1.46141278;0.00444528;14.02738424;1.08819510
347;34.67964736;0.00000000;8.49385944;10.05504121;2.50739267;0.60138467;1.46185648;0.00443387;14.03513520;1.08334239
348;34.77958870;0.00000000;8.50470352;10.15439251;2.50640019;0.61171624;1.46229904;0.00442246;14.04284734;1.07851352
349;34.87953005;0.00000000;8.51550368;10.25374857;2.50943494;0.62253232;1.46274045;0.00441106;14.05052090;1.07370834
350;34.97947140;0.00000000;8.52626005;10.35310940;2.51648226;0.63330451;1.46318073;0.00439965;14.05815611;1.06892674
351;35.07941274;0.00000000;8.53697272;10.45247493;2.52750845;0.64403290;1.46361987;0.00438823;14.06575321;1.06416855
352;35.17935409;0.00000000;8.54764181;10.55184518;2.54246165;0.65471761;1.46405786;0.00437684;14.07331241;1.05943366
353;35.27929544;0.00000000;8.55826744;10.65122007;2.53543677;0.62687055;1.46449472;0.00436548;14.08083395;1.05472192
354;35.37923678;0.00000000;8.56884971;10.75059958;2.52819325;0.60476844;1.46493043;0.00435299;14.08831804;1.05003320
355;35.47917813;0.00000000;8.57938874;10.84998366;2.52493142;0.59232577;1.46536476;0.00433876;14.09576492;1.04536736
356;35.57911948;0.00000000;8.58988466;10.94937226;2.52566657;0.59655679;1.46579796;0.00433896;14.10317480;1.04072428
357;35.67906082;0.00000000;8.60033748;11.04876541;2.53039522;0.60699560;1.46623269;0.00436080;14.11054791;1.03610382
358;35.77900217;0.00000000;8.61074698;11.14816316;2.53909527;0.61739221;1.46666984;0.00439434;14.11788446;1.03150586
359;35.87894352;0.00000000;8.62111280;11.24756542;2.55172644;0.62774618;1.46711157;0.00444542;14.12518466;1.02693026
360;35.97888487;0.00000000;8.63143448;11.34697241;2.56217467;0.63805698;1.46755840;0.00449666;14.13244874;1.02237689
361;36.07882621;0.00000000;8.64171147;11.44638390;2.55190465;0.64832401;1.46801038;0.00454815;14.13967690;1.01784564
362;36.17876756;0.00000000;8.65194329;11.54580017;2.54167994;0.65854672;1.46846750;0.00459975;14.14686935;1.01333636
363;36.27870891;0.00000000;8.66212938;11.64522102;2.53150108;0.62115060;1.46892979;0.00465153;14.15402631;1.00884895
364;36.37865025;0.00000000;8.67226928;11.74464669;2.52216479;0.59804554;1.46939656;0.00466828;14.16114799;1.00438326
365;36.47859160;0.00000000;8.68236281;11.84407697;2.51681221;0.59110942;1.46986136;0.00463330;14.16823458;0.99993918
366;36.57853295;0.00000000;8.69241035;11.94351202;2.51546842;0.60090275;1.47031966;0.00444916;14.17528630;0.99551659
367;36.67847429;0.00000000;8.70241379;12.04295139;2.51813790;0.61083219;1.47074415;0.00404568;14.18230335;0.99111536
368;36.77841564;0.00000000;8.71237704;12.14239493;2.52480402;0.62072472;1.47112758;0.00360604;14.18928592;0.98673537
369;36.87835699;0.00000000;8.72230448;12.24184192;2.53543089;0.63058445;1.47146336;0.00311341;14.19623423;0.98237650
370;36.97829833;0.00000000;8.73220098;12.34129214;2.54996418;0.64041609;1.47174990;0.00262078;14.20314847;0.97803864
371;37.07823968;0.00000000;8.74207142;12.44074481;2.55140037;0.65022429;1.47198721;0.00212812;14.21002883;0.97372166
372;37.17818103;0.00000000;8.75192072;12.54019971;2.54154955;0.65990552;1.47217528;0.00163549;14.21687552;0.96942545
373;37.27812237;0.00000000;8.76175375;12.63965608;2.53171510;0.62689721;1.47231412;0.00114289;14.22368872;0.96514989
374;37.37806372;0.00000000;8.77157544;12.73911372;2.52411265;0.60867694;1.47240372;0.00065031;14.23046864;0.96089486
375;37.47800507;0.00000000;8.78139065;12.83857185;2.52045974;0.59903607;1.47244410;0.00015773;14.23721546;0.95666025
376;37.57794641;0.00000000;8.79120430;12.93803028;2.52076862;0.59794119;1.47243525;-0.00033483;14.24392936;0.95244595
377;37.67788776;0.00000000;8.80102127;13.03748824;2.52503292;0.60776820;1.47237717;-0.00082739;14.25061056;0.94825184
378;37.77782911;0.00000000;8.81084648;13.13694553;2.53322777;0.61760356;1.47226987;-0.00131992;14.25725922;0.94407780
379;37.87777046;0.00000000;8.82068479;13.23640138;2.54531033;0.62745217;1.47211335;-0.00181242;14.26387553;0.93992374
380;37.97771180;0.00000000;8.83054113;13.33585558;2.56122077;0.63731895;1.47190760;-0.00230494;14.27045969;0.93578953
381;38.07765315;0.00000000;8.84042036;13.43530736;2.55341373;0.64720878;1.47165263;-0.00279751;14.27701186;0.93167506
382;38.17759450;0.00000000;8.85032742;13.53475657;2.54715781;0.65712659;1.47134843;-0.00328990;14.28353225;0.92758023
383;38.27753584;0.00000000;8.86026716;13.63420237;2.54478162;0.63108583;1.47099504;-0.00378208;14.29002102;0.92350493
384;38.37747719;0.00000000;8.87024451;13.73364441;2.54387884;0.60363913;1.47059174;-0.00430943;14.29647836;0.91944905
385;38.47741854;0.00000000;8.88026469;13.83308201;2.54547092;0.59204610;1.47013218;-0.00488701;14.30290444;0.91541247
386;38.57735988;0.00000000;8.89033344;13.93251457;2.55093175;0.59723632;1.46961380;-0.00551848;14.30929944;0.91139511
387;38.67730123;0.00000000;8.90045707;14.03194152;2.56023030;0.60733543;1.46902688;-0.00622680;14.31566354;0.90739684
388;38.77724258;0.00000000;8.91064260;14.13136246;2.57331805;0.61749750;1.46836965;-0.00691209;14.32199691;0.90341757
389;38.87718392;0.00000000;8.92089676;14.23077607;2.57263651;0.62772920;1.46764623;-0.00756487;14.32829973;0.89945719
390;38.97712527;0.00000000;8.93122614;14.33018254;2.56231193;0.63803708;1.46685758;-0.00821720;14.33457216;0.89551559
391;39.07706662;0.00000000;8.94163710;14.42957988;2.55190603;0.64842743;1.46600377;-0.00886895;14.34081438;0.89159268
392;39.17700796;0.00000000;8.95213621;14.52896856;2.54254658;0.65890684;1.46508482;-0.00952094;14.34702655;0.88768835
393;39.27694931;0.00000000;8.96272983;14.62834661;2.53699751;0.62548590;1.46410069;-0.01017328;14.35320886;0.88380250
394;39.37689066;0.00000000;8.97342455;14.72771440;2.53527726;0.60413271;1.46305131;-0.01082816;14.35936145;0.87993502
395;39.47683201;0.00000000;8.98422673;14.82707003;2.53738712;0.59902105;1.46193622;-0.01148670;14.36548451;0.87608583
396;39.57677335;0.00000000;8.99514303;14.92641371;2.54331100;0.60325700;1.46075499;-0.01216102;14.37157818;0.87225482
397;39.67671470;0.00000000;9.00618003;15.02574354;2.55301560;0.61431161;1.45950478;-0.01285775;14.37764265;0.86844188
398;39.77665605;0.00000000;9.01734471;15.12505958;2.56645124;0.62549461;1.45818480;-0.01356134;14.38367806;0.86464693
399;39.87659739;0.00000000;9.02864393;15.22435994;2.56486442;0.63681297;1.45679382;-0.01427470;14.38968459;0.86086986
400;39.97653874;0.00000000;9.04008487;15.32364452;2.55341944;0.64827383;1.45533153;-0.01498824;14.39566239;-7.09558054
401;40.07648009;0.00000000;9.05167446;15.42291143;2.54182587;0.65988426;1.45379792;-0.01570205;14.34631701;-9.44063194
402;40.17642143;0.00000000;9.06341987;15.52216042;2.53258531;0.67165140;1.45219296;-0.01641607;14.28039891;-9.31966852
403;40.27636278;0.00000000;9.07532804;15.62138963;2.52710236;0.65647700;1.45051662;-0.01713040;14.21502559;-9.20099366
404;40.37630413;0.00000000;9.08740613;15.72059866;2.52539436;0.62920561;1.44876888;-0.01784494;14.15018845;-9.08454495
405;40.47624547;0.00000000;9.09966109;15.81978565;2.52746182;0.61583163;1.44694972;-0.01855978;14.08587909;-8.97030064
406;40.57618682;0.00000000;9.11210004;15.91895006;2.53328839;0.61870997;1.44505910;-0.01927482;14.02208907;-8.85820469
407;40.67612817;0.00000000;9.12472996;16.01809001;2.54284110;0.63135133;1.44309700;-0.01999014;13.95881012;-8.74826417
408;40.77606951;0.00000000;9.13755797;16.11720484;2.55246055;0.64419179;1.44106341;-0.02070550;13.89603373;-8.64043052
409;40.87601086;0.00000000;9.15059100;16.21629263;2.54334345;0.65723839;1.43895833;-0.02142095;13.83375151;-8.53352311
410;40.97595221;0.00000000;9.16383618;16.31535256;2.53008279;0.67049825;1.43678160;-0.02214248;13.77196345;-8.42704263
411;41.07589355;0.00000000;9.17730051;16.41438267;2.51660265;0.64419605;1.43453217;-0.02287269;13.71067312;-8.31754189
412;41.17583490;0.00000000;9.19099122;16.51338197;2.50673657;0.62214020;1.43220919;-0.02362999;13.64990933;-8.20292279
413;41.27577625;0.00000000;9.20491568;16.61234843;2.50059285;0.61595096;1.42980780;-0.02442609;13.58971679;-8.08930944
414;41.37571760;0.00000000;9.21908172;16.71128081;2.49819104;0.62610684;1.42732671;-0.02522832;13.53009569;-7.97618351
415;41.47565894;0.00000000;9.23349714;16.81017698;2.49953392;0.64047081;1.42476483;-0.02603938;13.47105001;-7.86533634
416;41.57560029;0.00000000;9.24816990;16.90903546;2.50460740;0.65509471;1.42212191;-0.02684933;13.41257036;-7.75682580
417;41.67554164;0.00000000;9.26310786;17.00785405;2.51338079;0.66998639;1.41939816;-0.02765756;13.35464670;-7.65024733
418;41.77548298;0.00000000;9.27831893;17.10663110;2.51521376;0.68515381;1.41659363;-0.02846608;13.29727177;-7.54554634
419;41.87542433;0.00000000;9.29381093;17.20536435;2.49973214;0.70060481;1.41370827;-0.02927496;13.24043853;-7.44284251
420;41.97536568;0.00000000;9.30959175;17.30405197;2.48396288;0.71634733;1.41074208;-0.03008329;13.18413884;-7.34214209
421;42.07530702;0.00000000;9.32566920;17.40269159;2.46899203;0.70325211;1.40769517;-0.03089079;13.12836432;-7.24329942
422;42.17524837;0.00000000;9.34205111;17.50128121;2.45768952;0.69015549;1.40456754;-0.03169807;13.07310750;-7.14630789
423;42.27518972;0.00000000;9.35874525;17.59981833;2.45009821;0.68092226;1.40135928;-0.03250495;13.01836074;-7.05103387
424;42.37513106;0.00000000;9.37575942;17.69830079;2.44624465;0.68388913;1.39807036;-0.03331199;12.96411727;-6.95744331
425;42.47507241;0.00000000;9.39310136;17.79672598;2.44613850;0.70129630;1.39470078;-0.03411918;12.91037041;-6.86550545
426;42.57501376;0.00000000;9.41077883;17.89509152;2.44977218;0.71904249;1.39125051;-0.03492650;12.85711354;-6.77519521
427;42.67495510;0.00000000;9.42879953;17.99339471;2.45712104;0.73693965;1.38771957;-0.03573390;12.80434005;-6.68646150
428;42.77489645;0.00000000;9.44717120;18.09163295;2.44630036;0.75516290;1.38410792;-0.03654148;12.75204361;-6.59928038
429;42.87483780;0.00000000;9.46590150;18.18980341;2.42756527;0.77375115;1.38041555;-0.03734921;12.70021788;-6.51359245
430;42.97477914;0.00000000;9.48499812;18.28790329;2.40846505;0.79271212;1.37664244;-0.03815726;12.64885686;-6.42937028
431;43.07472049;0.00000000;9.50446871;18.38592963;2.39115599;0.77858946;1.37278856;-0.03896560;12.59795460;-6.34657291
432;43.17466184;0.00000000;9.52432088;18.48387939;2.37483043;0.76306246;1.36885387;-0.03977431;12.54750533;-6.26517514
433;43.27460319;0.00000000;9.54456226;18.58174947;2.36083706;0.76085970;1.36483835;-0.04058338;12.49750335;-6.18512962
434;43.37454453;0.00000000;9.56520042;18.67953663;2.35060850;0.77210321;1.36074194;-0.04139292;12.44794318;-6.10641037
435;43.47448588;0.00000000;9.58624295;18.77723760;2.34418614;0.79320717;1.35656460;-0.04220293;12.39881945;-6.02897465
436;43.57442723;0.00000000;9.60769736;18.87484890;2.34159331;0.81472903;1.35230628;-0.04301352;12.35012697;-5.95279631
437;43.67436857;0.00000000;9.62957120;18.97236714;2.34283467;0.83667666;1.34796692;-0.04382468;12.30186064;-5.87783397
438;43.77430992;0.00000000;9.65187194;19.06978855;2.34174456;0.85905785;1.34354645;-0.04463654;12.25401558;-5.80406077
439;43.87425127;0.00000000;9.67460707;19.16710960;2.31898132;0.88188048;1.33904482;-0.04544910;12.20658701;-5.73143795
440;43.97419261;0.00000000;9.69778400;19.26432627;2.29889386;0.90515233;1.33446193;-0.04626248;12.15957036;-5.65993857
441;44.07413396;0.00000000;9.72141019;19.36143486;2.28255100;0.89417956;1.32979772;-0.04707668;12.11296114;-5.58952348
442;44.17407531;0.00000000;9.74549297;19.45843108;2.27002593;0.88927365;1.32505208;-0.04789184;12.06675509;-5.52016304
443;44.27401665;0.00000000;9.77003978;19.55531107;2.26137421;0.89603874;1.32022492;-0.04870800;12.02094811;-5.45182651
444;44.37395800;0.00000000;9.79505785;19.65207024;2.25663246;0.90821297;1.31531615;-0.04952524;11.97553622;-5.38448732
445;44.47389935;0.00000000;9.82055459;19.74870460;2.25581728;0.92718244;1.31032564;-0.05034358;11.93051557;-5.31810093
446;44.57384069;0.00000000;9.84653715;19.84520922;2.24735262;0.95321543;1.30525329;-0.05116321;11.88588261;-5.25263001
447;44.67378204;0.00000000;9.87301290;19.94157997;2.22081327;0.97975380;1.30009895;-0.05198424;11.84163399;-5.18806626
448;44.77372339;0.00000000;9.89998890;20.03781159;2.19377587;1.00680514;1.29486249;-0.05280661;11.79776636;-5.12438941
449;44.87366473;0.00000000;9.92747247;20.13389980;2.16623379;1.01061159;1.28954377;-0.05363031;11.75427642;-5.06152600
450;44.97360608;0.00000000;9.95547057;20.22983900;2.14185262;1.00477349;1.28414266;-0.05445576;11.71116146;-4.99942085
451;45.07354743;0.00000000;9.98399050;20.32562474;2.12136802;1.00939252;1.27865893;-0.05528321;11.66841913;-4.93811362
452;45.17348878;0.00000000;10.01303911;20.42125109;2.10488631;1.02433517;1.27309243;-0.05611226;11.62604669;-4.87759344
453;45.27343012;0.00000000;10.04262364;20.51671340;2.09135079;1.04916802;1.26744300;-0.05694286;11.58404140;-4.81777057
454;45.37337147;0.00000000;10.07275083;20.61200539;2.07859980;1.07931883;1.26171047;-0.05777554;11.54240123;-4.75859345
455;45.47331282;0.00000000;10.10342789;20.70712227;2.07002346;1.11003992;1.25589458;-0.05861056;11.50112454;-4.69998582
456;45.57325416;0.00000000;10.13466143;20.80205738;2.05923258;1.14133853;1.24999514;-0.05944839;11.46021029;-4.64185043
457;45.67319551;0.00000000;10.16645863;20.89680572;2.02733963;1.13953205;1.24401175;-0.06028964;11.41965824;-4.58459185
458;45.77313686;0.00000000;10.19882596;20.99136021;1.99488427;1.14273590;1.23794424;-0.06113111;11.37946456;-4.52836510
459;45.87307820;0.00000000;10.23177056;21.08571573;1.96572760;1.15521649;1.23179272;-0.06197148;11.33962398;-4.47211595
460;45.97301955;0.00000000;10.26529871;21.17986483;1.94068074;1.17668619;1.22555703;-0.06281874;11.30014041;-4.41545875
461;46.07296090;0.00000000;10.29941752;21.27380218;1.91989689;1.20667272;1.21923602;-0.06367583;11.26102125;-4.35932871
462;46.17290224;0.00000000;10.33413321;21.36751992;1.90350831;1.24071871;1.21282924;-0.06453533;11.22226560;-4.30372025
463;46.27284359;0.00000000;10.36945288;21.46101243;1.89162115;1.27610770;1.20633642;-0.06539718;11.18387258;-4.25029509
464;46.37278494;0.00000000;10.40538256;21.55427137;1.88431269;1.31213912;1.19975764;-0.06624802;11.14582637;-4.19997780
465;46.47272628;0.00000000;10.44192918;21.64729110;1.85175775;1.34025517;1.19309513;-0.06708024;11.10810257;-4.15103548
466;46.57266763;0.00000000;10.47909829;21.74006297;1.81844165;1.34538457;1.18634951;-0.06790753;11.07069205;-4.10386498
467;46.67260898;0.00000000;10.51689648;21.83258126;1.78943714;1.35789347;1.17952181;-0.06872652;11.03358196;-4.05705232
468;46.77255032;0.00000000;10.55532893;21.92483697;1.76495069;1.37822518;1.17261214;-0.06954857;10.99677209;-4.01060682
469;46.87249167;0.00000000;10.59440205;22.01682413;1.74516513;1.40604759;1.16562013;-0.07037353;10.96026211;-3.96441220
470;46.97243302;0.00000000;10.63412077;22.10853330;1.73023491;1.44093267;1.15854554;-0.07120226;10.92405273;-3.91847992
471;47.07237437;0.00000000;10.67449149;22.19995842;1.71887010;1.46706125;1.15138790;-0.07203458;10.88814455;-3.87274045
472;47.17231571;0.00000000;10.71551892;22.29108957;1.67800176;1.47829562;1.14414693;-0.07287097;10.85253878;-3.82712719
473;47.27225706;0.00000000;10.75720941;22.38192050;1.63625878;1.49684735;1.13682208;-0.07371191;10.81723724;-3.78167994
474;47.37219841;0.00000000;10.79956744;22.47244083;1.59389902;1.52245565;1.12941304;-0.07455697;10.78224138;-3.73638029
475;47.47213975;0.00000000;10.84259927;22.56264406;1.55323235;1.55477898;1.12191927;-0.07540620;10.74755281;-3.69120781
476;47.57208110;0.00000000;10.88630914;22.65251935;1.51735443;1.59341400;1.11434048;-0.07625968;10.71317333;-3.64615077
477;47.67202245;0.00000000;10.93070327;22.74205998;1.48660506;1.63792044;1.10667612;-0.07711740;10.67910485;-3.60117805
478;47.77196379;0.00000000;10.97578562;22.83125469;1.46130226;1.65726712;1.09892588;-0.07797954;10.64534956;-3.55627209
479;47.87190514;0.00000000;11.02156230;22.92009647;1.44172523;1.68128377;1.09108919;-0.07884613;10.61190982;-3.51140811
480;47.97184649;0.00000000;11.06803703;23.00857362;1.42730029;1.70969947;1.08316573;-0.07971727;10.57878822;-3.46657913
481;48.07178783;0.00000000;11.11521580;23.09667885;1.38764878;1.74078081;1.07515491;-0.08059291;10.54598744;-3.42174931
482;48.17172918;0.00000000;11.16310205;23.18440005;1.35346022;1.77768759;1.06705642;-0.08147325;10.51351048;-3.37691526
483;48.27167053;0.00000000;11.21170163;23.27172959;1.32515035;1.82007198;1.05886964;-0.08235819;10.48136039;-3.33203313
484;48.37161187;0.00000000;11.26101769;23.35865497;1.30309640;1.86756493;1.05059425;-0.08324798;10.44954066;-3.28709976
485;48.47155322;0.00000000;11.31105594;23.44516821;1.28342687;1.90384991;1.04222963;-0.08414252;10.41805479;-3.24208055
486;48.57149457;0.00000000;11.36181922;23.53125642;1.23927128;1.92914969;1.03377541;-0.08504199;10.38690665;-3.19698575
487;48.67143592;0.00000000;11.41331306;23.61691125;1.19735127;1.96002941;1.02523102;-0.08594613;10.35610002;-3.15173562
488;48.77137726;0.00000000;11.46554001;23.70211942;1.15800265;1.99460250;1.01659606;-0.08685553;10.32563946;-3.10632002
489;48.87131861;0.00000000;11.51850536;23.78687220;1.12534085;2.01834655;1.00786990;-0.08777011;10.29552964;-3.06075045
490;48.97125996;0.00000000;11.57221136;23.87115594;1.09995625;2.04753354;0.99905213;-0.08868960;10.26577516;-3.01506503
491;49.07120130;0.00000000;11.62666306;23.95496148;1.08235318;2.08194171;0.99014221;-0.08961346;10.23638023;-2.96904136
492;49.17114265;0.00000000;11.68186239;24.03827486;1.05118767;2.12132185;0.98113971;-0.09054360;10.20735129;-2.92262002
493;49.27108400;0.00000000;11.73781411;24.12108643;1.02426210;2.16540895;0.97204386;-0.09148039;10.17869535;-2.87605470
494;49.37102534;0.00000000;11.79451983;24.20338188;1.00567641;2.18752369;0.96285417;-0.09242120;10.15041701;-2.82945353
495;49.47096669;0.00000000;11.85198401;24.28515110;0.98056155;2.20699973;0.95357033;-0.09336478;10.12251978;-2.78210964
496;49.57090804;0.00000000;11.91020794;24.36637956;0.94364569;2.22576429;0.94419185;-0.09431773;10.09501418;-2.73382374
497;49.67084938;0.00000000;11.96919568;24.44705656;0.91449361;2.24972878;0.93471746;-0.09528172;10.06791275;-2.68545281
498;49.77079073;0.00000000;12.02894824;24.52716718;0.87875041;2.27873564;0.92514652;-0.09624814;10.04121963;-2.63722892
499;49.87073208;0.00000000;12.08946931;24.60670023;0.83821751;2.31260223;0.91547908;-0.09721447;10.01493660;-2.58784390
500;49.97067342;0.00000000;12.15075963;24.68564074;0.80713903;2.33478205;0.90571465;-0.09819332;9.98907853;-2.53685372
501;50.07061477;0.00000000;12.21282232;24.76397678;0.78662908;2.35552846;0.89585138;-0.09918875;9.96366483;-2.48489613
502;50.17055612;0.00000000;12.27565780;24.84169286;0.77751699;2.38124670;0.88588817;-0.10019407;9.93870862;-2.43226951
503;50.27049746;0.00000000;12.33926890;24.91877653;0.75330089;2.41178522;0.87582410;-0.10120594;9.91422012;-2.37972450
504;50.37043881;0.00000000;12.40365577;24.99521211;0.73168619;2.43670062;0.86565883;-0.10221647;9.89020196;-2.32706819
505;50.47038016;0.00000000;12.46882073;25.07098669;0.72233479;2.46578039;0.85539273;-0.10322728;9.86665871;-2.26399506
506;50.57032151;0.00000000;12.53476350;25.14608437;0.68861448;2.49948760;0.84502294;-0.10434224;9.84369954;-2.18913328
507;50.67026285;0.00000000;12.60148625;25.22049074;0.65280552;2.51747999;0.83453334;-0.10557411;9.82144851;-2.10937540
508;50.77020420;0.00000000;12.66899005;25.29418863;0.62990628;2.52166859;0.82391932;-0.10685110;9.79996037;-2.02395542
509;50.87014555;0.00000000;12.73727732;25.36716176;0.60774897;2.52594729;0.81317418;-0.10817993;9.77929801;-1.94440460
510;50.97008689;0.00000000;12.80634905;25.43939186;0.59930211;2.53523745;0.80229756;-0.10944080;9.75940657;-1.87163072
511;51.07002824;0.00000000;12.87620690;25.51086246;0.60044361;2.54949572;0.79130083;-0.11062419;9.74022126;-1.83159247
512;51.16996959;0.00000000;12.94684989;25.58155582;0.60048052;2.56864890;0.78019425;-0.11146142;9.72140970;-1.82573522
513;51.26991093;0.00000000;13.01827643;25.65145854;0.60528026;2.58291971;0.76903077;-0.11194073;9.70262200;-1.82193857
514;51.36985228;0.00000000;13.09048035;25.72055766;0.62512785;2.58511563;0.75781972;-0.11240091;9.68383703;-1.81960523
515;51.46979363;0.00000000;13.16345620;25.78884160;0.65865798;2.58805973;0.74656398;-0.11284848;9.66503968;-1.81608173
516;51.56973497;0.00000000;13.23719766;25.85629828;0.66013631;2.57111120;0.73526272;-0.11331150;9.64624221;-1.81133252
517;51.66967632;0.00000000;13.31169811;25.92291540;0.65455873;2.55908329;0.72391443;-0.11379025;9.62745733;-1.80579303
518;51.76961767;0.00000000;13.38695153;25.98868114;0.64784550;2.55205185;0.71251760;-0.11427999;9.60869335;-1.79938524
519;51.86955901;0.00000000;13.46295090;26.05358290;0.63999238;2.55006404;0.70107139;-0.11478148;9.58995943;-1.79196015
520;51.96950036;0.00000000;13.53969011;26.11760884;0.63099514;2.54892846;0.68957429;-0.11529620;9.57126638;-1.78337422
521;52.06944171;0.00000000;13.61716160;26.18074598;0.62084974;2.53837730;0.67802514;-0.11582557;9.55262657;-1.77806729
522;52.16938305;0.00000000;13.69535922;26.24298251;0.60955209;2.53288624;0.66642351;-0.11632172;9.53400596;-1.77536891
523;52.26932440;0.00000000;13.77427449;26.30430534;0.59709891;2.53249395;0.65477483;-0.11679227;9.51537724;-1.77507076
524;52.36926575;0.00000000;13.85390070;26.36470339;0.59367431;2.53503168;0.64308326;-0.11709338;9.49671512;-1.78768246
525;52.46920710;0.00000000;13.93422753;26.42416502;0.60577246;2.50465903;0.63137281;-0.11725678;9.47788327;-1.81337724
526;52.56914844;0.00000000;14.01524648;26.48268187;0.63250040;2.47908347;0.61964646;-0.11738707;9.45874244;-1.84275763
527;52.66908979;0.00000000;14.09694545;26.54024357;0.67210995;2.45846011;0.60790940;-0.11749590;9.43925173;-1.87488194
528;52.76903114;0.00000000;14.17931582;26.59684272;0.66944065;2.44291783;0.59616054;-0.11761767;9.41937985;-1.90667167
529;52.86897248;0.00000000;14.26234455;26.65246886;0.66725902;2.43255785;0.58439909;-0.11775394;9.39912795;-1.93799318
530;52.96891383;0.00000000;14.34602354;26.70711494;0.67876878;2.42744900;0.57262304;-0.11790361;9.37849854;-1.96895533
531;53.06885518;0.00000000;14.43033907;26.76077022;0.69327942;2.42762678;0.56083164;-0.11806781;9.35749297;-1.99946467
532;53.16879652;0.00000000;14.51528354;26.81342792;0.70443492;2.43309168;0.54902282;-0.11824541;9.33611356;-2.02963636
533;53.26873787;0.00000000;14.60084250;26.86507697;0.72811985;2.40372786;0.53719585;-0.11843822;9.31436134;-2.05931916
534;53.36867922;0.00000000;14.68700887;26.91571088;0.75709487;2.37780326;0.52534853;-0.11864526;9.29223896;-2.08861399
535;53.46862056;0.00000000;14.77376731;26.96531822;0.76894650;2.35699969;0.51348013;-0.11886815;9.26974795;-2.11738326
536;53.56856191;0.00000000;14.86111144;27.01389277;0.77927829;2.34145768;0.50158836;-0.11910355;9.24689131;-2.14593705
537;53.66850326;0.00000000;14.94902485;27.06142274;0.80088463;2.33128792;0.48967280;-0.11935428;9.22366864;-2.17404622
538;53.76844460;0.00000000;15.03750187;27.10790219;0.81563067;2.32656419;0.47773090;-0.11962171;9.20008201;-2.20160925
539;53.86838595;0.00000000;15.12652505;27.15331896;0.82504992;2.32732329;0.46576188;-0.11990636;9.17613456;-2.22857915
540;53.96832730;0.00000000;15.21608953;27.19766736;0.84509425;2.30458365;0.45376328;-0.12020155;9.15182993;-2.25555374
541;54.06826864;0.00000000;15.30617660;27.24093485;0.87502673;2.27645164;0.44173507;-0.12051201;9.12716521;-2.28214489
542;54.16820999;0.00000000;15.39678230;27.28311608;0.90768506;2.25358116;0.42967449;-0.12083632;9.10214170;-2.30849494
543;54.26815134;0.00000000;15.48788639;27.32419805;0.94502749;2.23614235;0.41758135;-0.12117757;9.07675908;-2.33442293
544;54.36809269;0.00000000;15.57948589;27.36417566;0.95484806;2.21523657;0.40545158;-0.12156619;9.05101898;-2.35736512
545;54.46803403;0.00000000;15.67155942;27.40303538;0.96149545;2.17628562;0.39328154;-0.12198701;9.02495142;-2.37857169
546;54.56797538;0.00000000;15.76410511;27.44077183;0.97717014;2.13848699;0.38106768;-0.12243110;8.99857282;-2.39879303
547;54.66791673;0.00000000;15.85710008;27.47737092;1.00144005;2.10459758;0.36880892;-0.12289876;8.97189142;-2.41800047
548;54.76785807;0.00000000;15.95054358;27.51282731;1.03369505;2.07615315;0.35650183;-0.12338013;8.94491583;-2.43702683
549;54.86779942;0.00000000;16.04441069;27.54712642;1.03000087;2.05339290;0.34414670;-0.12387946;8.91764541;-2.45555172
550;54.96774077;0.00000000;16.13870206;27.58026317;1.03374163;2.03651262;0.33173971;-0.12440013;8.89008309;-2.47332288
551;55.06768211;0.00000000;16.23339085;27.61222262;1.04582787;2.02566962;0.31928057;-0.12494201;8.86223465;-2.49035674
552;55.16762346;0.00000000;16.32847905;27.64299973;1.06597062;2.02096647;0.30676544;-0.12549897;8.83410571;-2.50717323
553;55.26756481;0.00000000;16.42393760;27.67257924;1.09371323;2.02245306;0.29419477;-0.12607641;8.80569607;-2.52336172
554;55.36750615;0.00000000;16.51976999;27.70095620;1.12198786;2.03012159;0.28156431;-0.12667154;8.77701013;-2.53916962
555;55.46744750;0.00000000;16.61594465;27.72811507;1.14907037;2.04390568;0.26887459;-0.12728791;8.74804954;-2.55433283
556;55.56738885;0.00000000;16.71246684;27.75405093;1.15737628;2.02568485;0.25612108;-0.12792095;8.71881895;-2.56923978
557;55.66733019;0.00000000;16.80930229;27.77874803;1.15264251;2.00092422;0.24330465;-0.12857591;8.68931857;-2.58350082
558;55.76727154;0.00000000;16.90645813;27.80220142;1.15019644;1.97741694;0.23042038;-0.12924815;8.65955312;-2.59750525
559;55.86721289;0.00000000;17.00389712;27.82439523;1.15513000;1.95965862;0.21746940;-0.12994321;8.62952281;-2.61084752
560;55.96715424;0.00000000;17.10162845;27.84532442;1.16734326;1.94816507;0.20444639;-0.13065566;8.59923256;-2.62397425
561;56.06709558;0.00000000;17.19961168;27.86497306;1.18659934;1.94305947;0.19135279;-0.13139177;8.56868214;-2.63643092
562;56.16703693;0.00000000;17.29785823;27.88333593;1.20488625;1.94439902;0.17818284;-0.13214589;8.53787659;-2.64867812
563;56.26697828;0.00000000;17.39632418;27.90039717;1.22188442;1.95217727;0.16493829;-0.13292475;8.50681561;-2.66023355
564;56.36691962;0.00000000;17.49502338;27.91615129;1.23758724;1.96327866;0.15161286;-0.13372225;8.47550453;-2.67158728
565;56.46686097;0.00000000;17.59390817;27.93058260;1.25197626;1.94886577;0.13820867;-0.13454559;8.44394298;-2.68223162
566;56.56680232;0.00000000;17.69299502;27.94368521;1.26504514;1.93577901;0.12471888;-0.13538847;8.41213655;-2.69266486
567;56.66674366;0.00000000;17.79223223;27.95544378;1.27677624;1.92403418;0.11114598;-0.13625840;8.38008498;-2.70236580
568;56.76668501;0.00000000;17.89163907;27.96585185;1.28716313;1.91363720;0.09748252;-0.13714901;8.34779421;-2.71183446
569;56.86662636;0.00000000;17.99115956;27.97489463;1.29618901;1.90460360;0.08373137;-0.13806794;8.31526424;-2.72054812
570;56.96656770;0.00000000;18.09081592;27.98256489;1.30384703;1.89694007;0.06988442;-0.13900888;8.28250136;-2.72899760
571;57.06650905;0.00000000;18.19054764;27.98884859;1.31012124;1.89066166;0.05594497;-0.13997945;8.24950601;-2.73667098
572;57.16645040;0.00000000;18.29038004;27.99373757;1.31500408;1.88577598;0.04190418;-0.14097376;8.21628482;-2.74402470
573;57.26639174;0.00000000;18.39024781;27.99721873;1.31848061;1.88229728;0.02776580;-0.14199917;8.18283895;-2.75057591
574;57.36633309;0.00000000;18.49017949;27.99928278;1.32054227;1.88023431;0.01352017;-0.14305048;8.14917546;-2.75672617
575;57.46627444;0.00000000;18.59010480;27.99991781;1.32117524;1.87960025;-0.00082848;-0.14413419;8.11529660;-2.76205909
576;57.56621578;0.00000000;18.69005557;27.99911315;1.32036972;1.88040516;-0.01529061;-0.14524471;8.08120975;-2.76699930
577;57.66615713;0.00000000;18.78995748;27.99685833;1.31811324;1.88266090;-0.02986157;-0.14638928;8.04691716;-2.77110398
578;57.76609848;0.00000000;18.88984221;27.99314118;1.31439450;1.88637903;-0.04455256;-0.14756974;8.01242660;-2.77428587
579;57.86603983;0.00000000;18.98963529;27.98795267;1.30920248;1.86610697;-0.05935949;-0.14878478;7.97774707;-2.77664240
580;57.96598117;0.00000000;19.08936546;27.98127919;1.30252436;1.84862034;-0.07429264;-0.15002176;7.94288647;-2.77906013
581;58.06592252;0.00000000;19.18895977;27.97311320;1.29435068;1.83790994;-0.08934758;-0.15129708;7.90784165;-2.77970936
582;58.16586387;0.00000000;19.28844310;27.96343987;1.28466731;1.83410436;-0.10453663;-0.15263216;7.87263258;-2.77834561
583;58.26580521;0.00000000;19.38774412;27.95225275;1.27994646;1.83726254;-0.11985751;-0.15399940;7.83728273;-2.77830797
584;58.36574656;0.00000000;19.48688366;27.93953584;1.28148124;1.84215809;-0.13531728;-0.15534919;7.80177319;-2.77953087
585;58.46568791;0.00000000;19.58579207;27.92528440;1.28923486;1.85392626;-0.15091056;-0.15672805;7.76608555;-2.78042300
586;58.56562925;0.00000000;19.68448601;27.90948221;1.30308421;1.86972665;-0.16664286;-0.15807650;7.73022162;-2.78482511
587;58.66557060;0.00000000;19.78289789;27.89212636;1.31327631;1.88708152;-0.18250888;-0.15946707;7.69413334;-2.78836411
588;58.76551195;0.00000000;19.88103969;27.87320066;1.29440103;1.89079168;-0.19851889;-0.16089751;7.65782882;-2.79122839
589;58.86545329;0.00000000;19.97884637;27.85270307;1.27516850;1.88403903;-0.21467106;-0.16237077;7.62131379;-2.79329117
590;58.96539464;0.00000000;20.07632434;27.83061725;1.26195217;1.88419600;-0.23097541;-0.16388749;7.58459580;-2.79456429
591;59.06533599;0.00000000;20.17341182;27.80694163;1.25294286;1.89127596;-0.24743090;-0.16544865;7.54768232;-2.79447307
592;59.16527733;0.00000000;20.27010881;27.78166021;1.24463477;1.90521727;-0.26404730;-0.16705852;7.51058863;-2.79302796
593;59.26521868;0.00000000;20.36635715;27.75477155;1.24265659;1.92587903;-0.28082462;-0.16871566;7.47333015;-2.79043191
594;59.36516003;0.00000000;20.46215002;27.72626039;1.24702185;1.92923503;-0.29777230;-0.17042551;7.43591989;-2.78687642
595;59.46510137;0.00000000;20.55743298;27.69612510;1.21990643;1.93423109;-0.31489137;-0.17218555;7.39836848;-2.78196815
596;59.56504272;0.00000000;20.65219218;27.66435165;1.19875098;1.94606276;-0.33219099;-0.17400367;7.36069215;-2.77596507
597;59.66498407;0.00000000;20.74637672;27.63093794;1.18394143;1.96461889;-0.34967338;-0.17587606;7.32290390;-2.76846842
598;59.76492542;0.00000000;20.83996575;27.59587155;1.17570103;1.98972642;-0.36734743;-0.17781084;7.28502248;-2.75960802
599;59.86486676;0.00000000;20.93291150;27.55914974;1.17415248;2.01761794;-0.38521646;-0.17980643;7.24706525;-2.74894685
600;59.96480811;0.00000000;21.02518640;27.52076198;1.14546311;2.02955646;-0.40328961;-0.18187173;7.20905596;-2.73663046
601;60.06474946;0.00000000;21.11674515;27.48070478;1.11710886;2.04657543;-0.42157136;-0.18400473;7.17101686;-2.72218422
602;60.16469080;0.00000000;21.20755393;27.43896970;1.09534414;2.06559533;-0.44007112;-0.18621512;7.13297730;-2.70528257
603;60.26463215;0.00000000;21.29756845;27.39555278;1.07900871;2.07787766;-0.45879477;-0.18850968;7.09497189;-2.68604964
604;60.36457350;0.00000000;21.38675000;27.35044730;1.06289459;2.09670509;-0.47775297;-0.19088645;7.05703417;-2.66195569
605;60.46451484;0.00000000;21.47505402;27.30364917;1.04116526;2.11013671;-0.49695302;-0.19339517;7.01923446;-2.63306793
606;60.56445619;0.00000000;21.56243768;27.25515273;1.01347528;2.12892796;-0.51641250;-0.19603425;6.98164362;-2.60136741
607;60.66439754;0.00000000;21.64885386;27.20495402;0.99315823;2.15408880;-0.53613924;-0.19876368;6.94430553;-2.56707305
608;60.76433888;0.00000000;21.73425661;27.15304820;0.98065296;2.18541589;-0.55614407;-0.20157856;6.90726182;-2.53034262
609;60.86428023;0.00000000;21.81859486;27.09943345;0.95925541;2.22266139;-0.57643335;-0.20447507;6.87055268;-2.49144997
610;60.96422158;0.00000000;21.90182208;27.04410504;0.93456549;2.25687109;-0.59701701;-0.20744672;6.83421513;-2.44870317
611;61.06416292;0.00000000;21.98388091;26.98706551;0.91654604;2.28198915;-0.61790124;-0.21052762;6.79831178;-2.40305569
612;61.16410427;0.00000000;22.06472621;26.92830873;0.89734377;2.30577766;-0.63909998;-0.21369604;6.76289241;-2.35302709
613;61.26404562;0.00000000;22.14429173;26.86784378;0.86784350;2.32406861;-0.66061849;-0.21698144;6.72802975;-2.29991675
614;61.36398696;0.00000000;22.22253576;26.80566111;0.84135735;2.34077357;-0.68247298;-0.22035331;6.69377852;-2.24168107
615;61.46392831;0.00000000;22.29938066;26.74177948;0.79781500;2.36372729;-0.70466676;-0.22385293;6.66022504;-2.18010103
616;61.56386966;0.00000000;22.37479051;26.67618323;0.76277306;2.37498366;-0.72721949;-0.22743745;6.62743035;-2.11113894
617;61.66381101;0.00000000;22.44867344;26.60890489;0.73744161;2.38721852;-0.75013258;-0.23119151;6.59551764;-2.03818287
618;61.76375235;0.00000000;22.52100186;26.53991882;0.71814755;2.40581902;-0.77343287;-0.23503358;6.56456057;-1.95702061
619;61.86369370;0.00000000;22.59166685;26.46927598;0.70189292;2.43065485;-0.79711704;-0.23905185;6.53469823;-1.87094681
620;61.96363505;0.00000000;22.66065072;26.39693718;0.69728633;2.46157959;-0.82121787;-0.24316320;6.50602114;-1.77419540
621;62.06357639;0.00000000;22.72782557;26.32297718;0.69248463;2.49035493;-0.84572817;-0.24749004;6.47870976;-1.67208747
622;62.16351774;0.00000000;22.79318528;26.24733831;0.68521055;2.49762227;-0.87068928;-0.25189770;6.45286438;-1.55294390
623;62.26345909;0.00000000;22.85658039;26.17012621;0.67542426;2.50974622;-0.89609061;-0.25664337;6.42876754;-1.42717911
624;62.36340043;0.00000000;22.91801872;26.09125669;0.66307505;2.52829598;-0.92199013;-0.26146442;6.40654226;-1.28355859
625;62.46334178;0.00000000;22.97732674;26.01087417;0.64813157;2.55313719;-0.94836477;-0.26660599;6.38648750;-1.12986110
626;62.56328313;0.00000000;23.03452427;25.92886521;0.63053285;2.58416312;-0.97528420;-0.27185815;6.36878190;-0.96569322
627;62.66322447;0.00000000;23.08941666;25.84541804;0.61026292;2.57978246;-1.00270553;-0.27720633;6.35360980;-0.79171090
628;62.76316582;0.00000000;23.14203579;25.76038620;0.59985425;2.56638992;-1.03069583;-0.28260891;6.34114408;-0.47704529
629;62.86310717;0.00000000;23.19216286;25.67401259;0.59126797;2.55629353;-1.05934464;-0.29111562;6.33362101;-0.15495720
630;62.96304851;0.00000000;23.23982357;25.58609293;0.59269134;2.55297332;-1.08888274;-0.29937295;6.33117539;-0.15495720
631;63.06298986;0.00000000;23.28478112;25.49692289;0.60779423;2.52616815;-1.11872398;-0.29831905;6.32872883;-0.10335308
632;63.16293121;0.00000000;23.32712356;25.40631670;0.63053763;2.49656828;-1.14852381;-0.29741248;6.32709650;-0.06081876
633;63.26287255;0.00000000;23.36671057;25.31461991;0.62711255;2.47357941;-1.17785332;-0.28996285;6.32613575;0.24097793
634;63.36281390;0.00000000;23.40366866;25.22170124;0.63664075;2.45728352;-1.20649893;-0.28302217;6.32994161;0.50492527
635;63.46275525;0.00000000;23.43794614;25.12787708;0.65747750;2.44779805;-1.23443880;-0.27642498;6.33790870;0.74097387
636;63.56269660;0.00000000;23.46964960;25.03304912;0.67710619;2.42381201;-1.26176156;-0.27013194;6.34958223;0.95317863
637;63.66263794;0.00000000;23.49875541;24.93748566;0.70640911;2.39470612;-1.28843996;-0.26401932;6.36456742;1.14858386
638;63.76257929;0.00000000;23.52535154;24.84110779;0.73316938;2.36811600;-1.31454503;-0.25822320;6.38257788;1.32320052
639;63.86252064;0.00000000;23.54943335;24.74414932;0.75739009;2.34404360;-1.34006208;-0.25262906;6.40326365;1.48325134
640;63.96246198;0.00000000;23.57107457;24.64654595;0.77913773;2.32241268;-1.36504876;-0.24726972;6.42637235;1.62853813
641;64.06240333;0.00000000;23.59028436;24.54850162;0.79835006;2.30321325;-1.38950369;-0.24229727;6.45164926;1.75376171
642;64.16234468;0.00000000;23.60712478;24.44996004;0.81507232;2.28638172;-1.41348655;-0.23752129;6.47875951;1.86793831
643;64.26228602;0.00000000;23.62161329;24.35110274;0.82947138;2.27190090;-1.43697946;-0.23276523;6.50751053;1.97922027
644;64.36222737;0.00000000;23.63380458;24.25188324;0.84160090;2.25971522;-1.46001894;-0.22820520;6.53783643;2.08051689
645;64.46216872;0.00000000;23.64372518;24.15245892;0.85147628;2.24979894;-1.48259697;-0.22374154;6.56956350;2.17665610
646;64.56211006;0.00000000;23.65142344;24.05279461;0.87014151;2.24210325;-1.50474630;-0.21943550;6.60259346;2.26534781
647;64.66205141;0.00000000;23.65693199;23.95302544;0.89751332;2.23659643;-1.52646259;-0.21524571;6.63679473;2.34878407
648;64.76199276;0.00000000;23.66029435;23.85312373;0.93287110;2.20954033;-1.54777461;-0.21118802;6.67207056;2.42654964
649;64.86193410;0.00000000;23.66154706;23.75320741;0.97190815;2.18440462;-1.56867786;-0.20720654;6.70831952;2.50141596
650;64.96187545;0.00000000;23.66073018;23.65325611;0.98500110;2.16562819;-1.58919565;-0.20335045;6.74548298;2.57133968
651;65.06181680;0.00000000;23.65788302;23.55336849;1.00591953;2.15335829;-1.60932533;-0.19954190;6.78347307;2.64009016
652;65.16175815;0.00000000;23.65304337;23.45353471;1.03160781;2.13614782;-1.62908413;-0.19584027;6.82225881;2.70503578
653;65.26169949;0.00000000;23.64625204;23.35383441;1.05834733;2.10270154;-1.64847268;-0.19220459;6.86177128;2.76823875
654;65.36164084;0.00000000;23.63754537;23.25426613;1.06836835;2.07538540;-1.66750549;-0.18865926;6.90197277;2.82863818
655;65.46158219;0.00000000;23.62696451;23.15489393;1.08365894;2.05442828;-1.68618374;-0.18515806;6.94281095;2.88855232
656;65.56152353;0.00000000;23.61454511;23.05572257;1.10601416;2.03999320;-1.70451808;-0.18173631;6.98426771;2.94632823
657;65.66146488;0.00000000;23.60032797;22.95680273;1.13503713;2.03219336;-1.72251084;-0.17835225;7.02630170;3.00409091
658;65.76140623;0.00000000;23.58434867;22.85814445;1.15003038;2.03107246;-1.74017004;-0.17503821;7.06890241;3.06027542
659;65.86134757;0.00000000;23.56664700;22.75978639;1.16856796;2.03660920;-1.75749909;-0.17175955;7.11203750;3.11667904
660;65.96128892;0.00000000;23.54725879;22.66174278;1.18296169;2.00516421;-1.77450391;-0.16854044;7.15570036;3.17210119
661;66.06123027;0.00000000;23.52622243;22.56404208;1.18352089;1.97815365;-1.79118918;-0.16536944;7.19986776;3.22716566
662;66.16117161;0.00000000;23.50357396;22.46670121;1.19084615;1.95750377;-1.80756023;-0.16225079;7.24452554;3.28167643
663;66.26111296;0.00000000;23.47935003;22.36974028;1.20484279;1.92990815;-1.82362204;-0.15917812;7.28965710;3.33599108
664;66.36105431;0.00000000;23.45358699;22.27317812;1.22530809;1.89415547;-1.83937888;-0.15615362;7.33525102;3.39000830
665;66.46099565;0.00000000;23.42631952;22.17702757;1.25194943;1.86458068;-1.85483595;-0.15316891;7.38129470;3.44419557
666;66.56093700;0.00000000;23.39758432;22.08130876;1.28440261;1.84146122;-1.86999614;-0.15022444;7.42778208;3.49853960
667;66.66087835;0.00000000;23.36741408;21.98602835;1.32226158;1.82501717;-1.88486458;-0.14731630;7.47470696;3.55326616
668;66.76081969;0.00000000;23.33584579;21.89120685;1.33800755;1.81540609;-1.89944339;-0.14444359;7.52206624;3.60843350
669;66.86076104;0.00000000;23.30291022;21.79684594;1.34616486;1.80159173;-1.91373752;-0.14160208;7.56985759;3.66428972
670;66.96070239;0.00000000;23.26864456;21.70296602;1.36023741;1.78595257;-1.92774831;-0.13879124;7.61808191;3.72087240
671;67.06064374;0.00000000;23.23307778;21.60956456;1.38007050;1.76219511;-1.94148053;-0.13600825;7.66674051;3.77835362
672;67.16058508;0.00000000;23.19624715;21.51666135;1.40544066;1.72812535;-1.95493497;-0.13325154;7.71583680;3.83683556
673;67.26052643;0.00000000;23.15817992;21.42425039;1.43607921;1.70054309;-1.96811611;-0.13051892;7.76537536;3.89645774
674;67.36046778;0.00000000;23.11891334;21.33235049;1.46732066;1.67975004;-1.98102428;-0.12780893;7.81536237;3.95732031
675;67.46040912;0.00000000;23.07847309;21.24095283;1.50147417;1.66597403;-1.99366368;-0.12512000;7.86580504;4.01953212
676;67.56035047;0.00000000;23.03689627;21.15007491;1.53627568;1.64655458;-2.00603432;-0.12245028;7.91671168;4.08322276
677;67.66029182;0.00000000;22.99420713;21.05970560;1.56996045;1.61860683;-2.01814005;-0.11979874;7.96809195;4.14847588
678;67.76023316;0.00000000;22.95044249;20.96986088;1.60253662;1.59761444;-2.02998062;-0.11716347;8.01995623;4.21543154
679;67.86017451;0.00000000;22.90562530;20.88052775;1.63402430;1.58382756;-2.04155957;-0.11454386;8.07231625;4.28415319
680;67.96011586;0.00000000;22.85979200;20.79172050;1.66443486;1.57741306;-2.05287647;-0.11193790;8.12518417;4.35479771
681;68.06005720;0.00000000;22.81296439;20.70342462;1.66821869;1.55994820;-2.06393451;-0.10934531;8.17857362;4.42741216
682;68.15999855;0.00000000;22.76517840;20.61565257;1.67653639;1.53813858;-2.07473314;-0.10676407;8.23249838;4.50216595
683;68.25993990;0.00000000;22.71645484;20.52838866;1.68968020;1.51590193;-2.08527521;-0.10419419;8.28697379;4.55458564
684;68.35988124;0.00000000;22.66682899;20.44164345;1.70756034;1.48041044;-2.09556010;-0.10163362;8.34172149;4.52272916
685;68.45982259;0.00000000;22.61632081;20.35540029;1.73005545;1.45192546;-2.10559036;-0.09908265;8.39573301;4.49127835
686;68.55976394;0.00000000;22.56496489;20.26966785;1.75436700;1.42762261;-2.11536530;-0.09653920;8.44902725;4.46022310
687;68.65970528;0.00000000;22.51278040;20.18442869;1.77774815;1.40426004;-2.12488715;-0.09400377;8.50162237;4.42955371
688;68.75964663;0.00000000;22.45980117;20.09968958;1.80021691;1.38181762;-2.13415525;-0.09147433;8.55353576;4.39926087
689;68.85958798;0.00000000;22.40604573;20.01543248;1.82179814;1.36308298;-2.14317152;-0.08895154;8.60478414;4.36933565
690;68.95952933;0.00000000;22.35154708;19.93166227;1.84251105;1.34848373;-2.15193530;-0.08643339;8.65538357;4.33976945
691;69.05947067;0.00000000;22.29632318;19.84836044;1.86238074;1.32090838;-2.16044824;-0.08392068;8.70534948;4.31055399
692;69.15941202;0.00000000;22.24040616;19.76553003;1.88142743;1.30127683;-2.16870972;-0.08141147;8.75469672;4.28168133
693;69.25935337;0.00000000;22.18381351;19.68315216;1.89967635;1.28299988;-2.17672113;-0.07890666;8.80343960;4.25314380
694;69.35929471;0.00000000;22.12657646;19.60122811;1.91866295;1.26550417;-2.18448188;-0.07640437;8.85159186;4.22493401
695;69.45923606;0.00000000;22.06871210;19.51973871;1.94187635;1.24876386;-2.19199315;-0.07390556;8.89916680;4.19704485
696;69.55917741;0.00000000;22.01025076;19.43868354;1.96766274;1.23275642;-2.19925438;-0.07140847;8.94617719;4.16946944
697;69.65911875;0.00000000;21.95120919;19.35804319;1.97201978;1.21745616;-2.20626655;-0.06891407;8.99263538;4.14220115
698;69.75906010;0.00000000;21.89161680;19.27781568;1.98073056;1.20284019;-2.21302914;-0.06642071;9.03855328;4.11523359
699;69.85900145;0.00000000;21.83149005;19.19798139;1.99376308;1.16806109;-2.21954296;-0.06392938;9.08394240;4.08856056
700;69.95894279;0.00000000;21.77085748;19.11853685;2.01105587;1.13023965;-2.22580752;-0.06143853;9.12881383;4.06217609
701;70.05888414;0.00000000;21.70973530;19.03946228;2.03252531;1.10081563;-2.23182349;-0.05894916;9.17317833;4.03607439
702;70.15882549;0.00000000;21.64815118;18.96075285;2.05806180;1.08045482;-2.23759043;-0.05645984;9.21704628;4.01024988
703;70.25876683;0.00000000;21.58612112;18.88238863;2.08754109;1.06894104;-2.24310885;-0.05397153;9.26042772;3.98469713
704;70.35870818;0.00000000;21.52367197;18.80436353;2.11952659;1.05796188;-2.24837838;-0.05148293;9.30333239;3.95941090
705;70.45864953;0.00000000;21.46081956;18.72665752;2.13709939;1.04749171;-2.25339940;-0.04899497;9.34576970;3.93438611
706;70.55859087;0.00000000;21.39758996;18.64926332;2.14546110;1.01586404;-2.25817159;-0.04650646;9.38774877;3.90961785
707;70.65853222;0.00000000;21.33399884;18.57216084;2.15501158;0.98024269;-2.26269523;-0.04401832;9.42927844;3.88510132
708;70.75847357;0.00000000;21.27007155;18.49534174;2.16704264;0.95423793;-2.26697005;-0.04152946;9.47036728;3.86083192
709;70.85841492;0.00000000;21.20582364;18.41878585;2.18317923;0.93862316;-2.27099624;-0.03904075;9.51102360;3.83680513
710;70.95835626;0.00000000;21.14127977;18.34248389;2.20335398;0.93031690;-2.27477357;-0.03655121;9.55125546;3.81301661
711;71.05829761;0.00000000;21.07645540;18.26641564;2.22748221;0.92237385;-2.27830217;-0.03406168;9.59107069;3.78946212
712;71.15823896;0.00000000;21.01137460;18.19057099;2.25545890;0.91477001;-2.28158186;-0.03157128;9.63047688;3.76613755
713;71.25818030;0.00000000;20.94605273;18.11492965;2.27690220;0.90748005;-2.28461270;-0.02908081;9.66948140;3.74303889
714;71.35812165;0.00000000;20.88051331;18.03948080;2.28167809;0.87832105;-2.28739456;-0.02658948;9.70809143;3.72016228
715;71.45806300;0.00000000;20.81477167;17.96420414;2.28842052;0.84422551;-2.28992746;-0.02409804;9.74631393;3.69750392
716;71.55800434;0.00000000;20.74885083;17.88908818;2.29702909;0.82118979;-2.29221130;-0.02160580;9.78415568;3.67506015
717;71.65794569;0.00000000;20.68276608;17.81411265;2.30972053;0.81013178;-2.29424607;-0.01911346;9.82162325;3.65282739
718;71.75788704;0.00000000;20.61654004;17.73926552;2.32645172;0.80403340;-2.29603170;-0.01662040;9.85872305;3.63080217
719;71.85782838;0.00000000;20.55018801;17.66452653;2.34716133;0.79810075;-2.29756818;-0.01412732;9.89546132;3.60898109
720;71.95776973;0.00000000;20.48373223;17.58988320;2.37176806;0.79230919;-2.29885547;-0.01163361;9.93184412;3.58736086
721;72.05771108;0.00000000;20.41718804;17.51531533;2.39555569;0.78663362;-2.29989352;-0.00913997;9.96787736;3.56593827
722;72.15765242;0.00000000;20.35057739;17.44081008;2.40431048;0.75669133;-2.30068236;-0.00664584;10.00356678;3.54471019
723;72.25759377;0.00000000;20.28391568;17.36634732;2.41612030;0.72295028;-2.30122191;-0.00415188;10.03891800;3.52367357
724;72.35753512;0.00000000;20.21722463;17.29191396;2.41474700;0.70197402;-2.30151222;-0.00165756;10.07393647;3.50282543
725;72.45747647;0.00000000;20.15051973;17.21748995;2.41749156;0.69489351;-2.30155322;0.00083644;10.10862751;3.48216288
726;72.55741781;0.00000000;20.08382253;17.14306202;2.42436470;0.68942536;-2.30134501;0.00333068;10.14299631;3.46168308
727;72.65735916;0.00000000;20.01714867;17.06861028;2.43535645;0.68392397;-2.30088748;0.00582446;10.17704794;3.44138327
728;72.75730051;0.00000000;19.95051957;16.99412132;2.45043546;0.69119358;-2.30018078;0.00831836;10.21078732;3.42126077
729;72.85724185;0.00000000;19.88395103;16.91957543;2.46955185;0.67961771;-2.29922480;0.01081169;10.24421927;3.40131293
730;72.95718320;0.00000000;19.81746445;16.84495920;2.49263603;0.66592748;-2.29801969;0.01330506;10.27734850;3.38153721
731;73.05712455;0.00000000;19.75107579;16.77025310;2.51960371;0.66004749;-2.29656536;0.01579765;10.31017958;3.36193108
732;73.15706589;0.00000000;19.68480650;16.69544378;2.52801323;0.65401028;-2.29486201;0.01829013;10.34271699;3.34249210
733;73.25700724;0.00000000;19.61867278;16.62051199;2.53423318;0.64779077;-2.29290949;0.02078214;10.37496511;3.32321788
734;73.35694859;0.00000000;19.55269611;16.54544446;2.54066012;0.64136445;-2.29070800;0.02327418;10.40692821;3.30410607
735;73.45688993;0.00000000;19.48689292;16.47022216;2.54731914;0.64174879;-2.28825743;0.02576471;10.43861046;3.28515440
736;73.55683128;0.00000000;19.42128492;16.39483214;2.55423472;0.64467446;-2.28555807;0.02825500;10.47001595;3.26636063
737;73.65677263;0.00000000;19.35588885;16.31925574;2.56143192;0.62234682;-2.28260973;0.03074584;10.50114865;3.24772257
738;73.75671397;0.00000000;19.29072657;16.24348021;2.56893518;0.61488791;-2.27941249;0.03323716;10.53201246;3.22923809
739;73.85665532;0.00000000;19.22581521;16.16748733;2.56799961;0.60710205;-2.27596721;0.03569565;10.56261119;3.21090509
740;73.95659667;0.00000000;19.16117644;16.09126465;2.55616270;0.59896601;-2.27227794;0.03813394;10.59294858;3.19272153
741;74.05653801;0.00000000;19.09682736;16.01479478;2.54857345;0.59072392;-2.26834873;0.04044771;10.62302826;3.17468541
742;74.15647936;0.00000000;19.03278910;15.93806684;2.54529344;0.59699506;-2.26419456;0.04268549;10.65285380;3.15679477
743;74.25642071;0.00000000;18.96907753;15.86106496;2.54636159;0.60548650;-2.25981753;0.04489407;10.68242869;3.13904769
744;74.35636206;0.00000000;18.90571337;15.78377957;2.55179438;0.62949600;-2.25522133;0.04708510;10.71175634;3.12144228
745;74.45630340;0.00000000;18.84271238;15.70619523;2.56158598;0.62101156;-2.25040203;0.04940457;10.74084011;3.10397672
746;74.55624475;0.00000000;18.78009651;15.62830233;2.57237843;0.61023710;-2.24534469;0.05180306;10.76968326;3.08664920
747;74.65618610;0.00000000;18.71788408;15.55008563;2.58368453;0.59895251;-2.24005329;0.05401849;10.79828900;3.06945794
748;74.75612744;0.00000000;18.65609540;15.47153501;2.58094332;0.59169159;-2.23454954;0.05612147;10.82666046;3.05240123
749;74.85606879;0.00000000;18.59474797;15.39264046;2.57439710;0.60063935;-2.22888716;0.05660187;10.85480073;3.03547736
750;74.95601014;0.00000000;18.53384656;15.31339887;2.57228597;0.62509493;-2.22325322;0.05614212;10.88271282;3.01868468
751;75.05595148;0.00000000;18.47339140;15.23381777;2.57461660;0.61850161;-2.21766708;0.05563068;10.91039968;3.00202155
752;75.15589283;0.00000000;18.41337835;15.15390008;2.58137196;0.60442204;-2.21213401;0.05509540;10.93786420;2.98548638
753;75.25583418;0.00000000;18.35380697;15.07365401;2.56742365;0.59844384;-2.20665134;0.05465636;10.96510923;2.96907759
754;75.35577552;0.00000000;18.29467429;14.99308298;2.54662227;0.60616559;-2.20120815;0.05427096;10.99213754;2.95279365
755;75.45571687;0.00000000;18.23598019;14.91219339;2.53013750;0.61664483;-2.19580349;0.05388603;11.01895185;2.93663306
756;75.55565822;0.00000000;18.17772187;14.83098790;2.51805038;0.62640326;-2.19043725;0.05350130;11.04555486;2.92059433
757;75.65559956;0.00000000;18.11989930;14.74947307;2.51042124;0.63781537;-2.18510938;0.05312086;11.07194917;2.90467601
758;75.75554091;0.00000000;18.06250954;14.66765132;2.49972203;0.66373791;-2.17981922;0.05274399;11.09813736;2.88887668
759;75.85548226;0.00000000;18.00555262;14.58552926;2.48995842;0.70256862;-2.17456670;0.05236888;11.12412195;2.87319493
760;75.95542360;0.00000000;17.94902558;14.50310917;2.48470304;0.69378013;-2.16935155;0.05199500;11.14990543;2.85762940
761;76.05536495;0.00000000;17.89292833;14.42039756;2.48398103;0.69373298;-2.16417373;0.05162334;11.17549023;2.84217874
762;76.15530630;0.00000000;17.83725780;14.33739647;2.48779265;0.70743405;-2.15903288;0.05125360;11.20087873;2.82684162
763;76.25524765;0.00000000;17.78201391;14.25411245;2.49611325;0.72628956;-2.15392897;0.05088551;11.22607326;2.81161673
764;76.35518899;0.00000000;17.72719353;14.17054741;2.47090476;0.74080041;-2.14886170;0.05051886;11.25107615;2.79650282
765;76.45513034;0.00000000;17.67279652;14.08670782;2.43270702;0.76767110;-2.14383107;0.05015389;11.27588963;2.78149861
766;76.55507169;0.00000000;17.61881966;14.00259543;2.39854170;0.77833908;-2.13883676;0.04979040;11.30051594;2.76660288
767;76.65501303;0.00000000;17.56526279;13.91821669;2.36858169;0.76980663;-2.13387878;0.04942837;11.32495724;2.75181442
768;76.75495438;0.00000000;17.51212263;13.83357319;2.34298466;0.77369848;-2.12895684;0.04906767;11.34921568;2.73713203
769;76.85489573;0.00000000;17.45939896;13.74867135;2.32189279;0.78983429;-2.12407095;0.04870835;11.37329336;2.72255455
770;76.95483707;0.00000000;17.40708845;13.66351261;2.30542605;0.80493689;-2.11922084;0.04835030;11.39719235;2.70808083
771;77.05477842;0.00000000;17.35519081;13.57810334;2.29368138;0.81240603;-2.11440652;0.04799338;11.42091467;2.69370972
772;77.15471977;0.00000000;17.30370267;13.49244486;2.28672792;0.82941518;-2.10962775;0.04763760;11.44446232;2.67944014
773;77.25466111;0.00000000;17.25262369;13.40654349;2.28460621;0.85559966;-2.10488454;0.04728338;11.46783727;2.66527097
774;77.35460246;0.00000000;17.20195046;13.32040042;2.28549464;0.86241260;-2.10017658;0.04693045;11.49104143;2.65120114
775;77.45454381;0.00000000;17.15168257;13.23402191;2.27277782;0.88013300;-2.09550393;0.04657830;11.51407670;2.63722960
776;77.55448515;0.00000000;17.10181657;13.14740904;2.26254506;0.90812600;-2.09086635;0.04622711;11.53694495;2.62335531
777;77.65442650;0.00000000;17.05235200;13.06056801;2.23519931;0.94548144;-2.08626390;0.04587654;11.55964801;2.60957724
778;77.75436785;0.00000000;17.00328538;12.97349979;2.21248268;0.94043661;-2.08169639;0.04552679;11.58218768;2.59589439
779;77.85430919;0.00000000;16.95461615;12.88621053;2.19243177;0.93930720;-2.07716385;0.04517817;11.60456573;2.58230576
780;77.95425054;0.00000000;16.90634082;12.79870110;2.17518426;0.94831671;-2.07266602;0.04483060;11.62678391;2.56881038
781;78.05419189;0.00000000;16.85845877;12.71097756;2.16286848;0.96718477;-2.06820296;0.04448388;11.64884393;2.55540730
782;78.15413324;0.00000000;16.81096648;12.62304071;2.15485591;0.99535435;-2.06377443;0.04413808;11.67074747;2.54209556
783;78.25407458;0.00000000;16.76386326;12.53489651;2.12704733;1.03206592;-2.05938049;0.04379303;11.69249620;2.52887423
784;78.35401593;0.00000000;16.71714558;12.44654570;2.10405114;1.05407976;-2.05502093;0.04344883;11.71409176;2.51574241
785;78.45395728;0.00000000;16.67081268;12.35799416;2.08602423;1.07304374;-2.05069580;0.04310537;11.73553574;2.50269919
786;78.55389862;0.00000000;16.62486101;12.26924254;2.06398379;1.10038183;-2.04640488;0.04276273;11.75682973;2.48974367
787;78.65383997;0.00000000;16.57928972;12.18029663;2.03398844;1.10300539;-2.04214824;0.04242077;11.77797529;2.47687500
788;78.75378132;0.00000000;16.53409529;12.09115703;2.00893519;1.11398512;-2.03792568;0.04207959;11.79897395;2.46409230
789;78.85372266;0.00000000;16.48927677;12.00182943;1.98900862;1.13329402;-2.03373724;0.04173905;11.81982723;2.45139473
790;78.95366401;0.00000000;16.44483063;11.91231438;1.97436039;1.16051984;-2.02958274;0.04139925;11.84053661;2.43878146
791;79.05360536;0.00000000;16.40075586;11.82261746;1.96510581;1.18275286;-2.02546222;0.04106006;11.86110355;2.42625166
792;79.15354670;0.00000000;16.35704894;11.73273918;1.96131775;1.19431707;-2.02137552;0.04072157;11.88152949;2.41380451
793;79.25348805;0.00000000;16.31370875;11.64268500;1.96231753;1.21363027;-2.01732266;0.04038367;11.90181586;2.40143923
794;79.35342940;0.00000000;16.27073179;11.55245541;1.94127742;1.24033393;-2.01330349;0.04004645;11.92196406;2.38915502
795;79.45337074;0.00000000;16.22811687;11.46205574;1.92217765;1.27396543;-2.00931805;0.03970975;11.94197545;2.37695111
796;79.55331209;0.00000000;16.18586050;11.37148647;1.90477809;1.28587243;-2.00536618;0.03937368;11.96185141;2.36482673
797;79.65325344;0.00000000;16.14396139;11.28075280;1.87588106;1.29787595;-2.00144791;0.03903820;11.98159326;2.35278114
798;79.75319478;0.00000000;16.10241606;11.18985517;1.85231385;1.29906902;-1.99756309;0.03870337;12.00120233;2.34081358
799;79.85313613;0.00000000;16.06122316;11.09879868;1.83427960;1.30431647;-1.99371177;0.03836884;12.02067991;2.32892332
800;79.95307748;0.00000000;16.02037923;11.00758376;1.82193910;1.31677014;-1.98989380;0.03803482;12.04002728;2.31710965
801;80.05301883;0.00000000;15.97988281;10.91621536;1.79913752;1.33623133;-1.98610923;0.03770172;12.05924571;2.30537184
802;80.15296017;0.00000000;15.93973048;10.82469392;1.77271245;1.36240315;-1.98235786;0.03736938;12.07833643;2.29370921
803;80.25290152;0.00000000;15.89992070;10.73302424;1.75196644;1.39491007;-1.97863974;0.03703705;12.09730068;2.28212104
804;80.35284287;0.00000000;15.86045005;10.64120677;1.73709948;1.43332442;-1.97495477;0.03670510;12.11613966;2.27060668
805;80.45278421;0.00000000;15.82131693;10.54924616;1.72826054;1.46550061;-1.97130301;0.03637349;12.13485456;2.25916543
806;80.55272556;0.00000000;15.78251794;10.45714288;1.70848895;1.47776508;-1.96768432;0.03604237;12.15344656;2.24779663
807;80.65266691;0.00000000;15.74405138;10.36490144;1.68477373;1.48111687;-1.96409874;0.03571187;12.17191681;2.23649964
808;80.75260825;0.00000000;15.70591388;10.27252232;1.66707591;1.48115255;-1.96054612;0.03538193;12.19026646;2.22527380
809;80.85254960;0.00000000;15.66810367;10.18000987;1.65558580;1.48756467;-1.95702649;0.03505233;12.20849664;2.21411847
810;80.95249095;0.00000000;15.63061740;10.08736459;1.63735216;1.50027479;-1.95353975;0.03472318;12.22660845;2.20303302
811;81.05243229;0.00000000;15.59345323;9.99459070;1.60434203;1.51912762;-1.95008591;0.03439442;12.24460299;2.19201685
812;81.15237364;0.00000000;15.55660783;9.90168872;1.57731779;1.53601394;-1.94666488;0.03406612;12.26248134;2.18106932
813;81.25231499;0.00000000;15.52007928;9.80866270;1.55658888;1.54277058;-1.94327667;0.03373817;12.28024457;2.17018984
814;81.35225633;0.00000000;15.48386427;9.71551319;1.54240572;1.55559807;-1.93992119;0.03341065;12.29789372;2.15937781
815;81.45219768;0.00000000;15.44796082;9.62224410;1.53494693;1.57435085;-1.93659844;0.03308351;12.31542984;2.14863263
816;81.55213903;0.00000000;15.41236564;9.52885600;1.53430726;1.59816661;-1.93330835;0.03275678;12.33285396;2.13795374
817;81.65208038;0.00000000;15.37707668;9.43535265;1.51746799;1.62238954;-1.93005092;0.03243032;12.35016707;2.12734055
818;81.75202172;0.00000000;15.34209068;9.34173467;1.50083761;1.65200614;-1.92682607;0.03210423;12.36737018;2.11679250
819;81.85196307;0.00000000;15.30740550;9.24800563;1.49020496;1.66619827;-1.92363382;0.03177865;12.38446428;2.10630903
820;81.95190442;0.00000000;15.27301793;9.15416621;1.48013603;1.67316152;-1.92047406;0.03145353;12.40145032;2.09588958
821;82.05184576;0.00000000;15.23892575;9.06021983;1.44589707;1.68572012;-1.91734680;0.03112832;12.41832928;2.08553361
822;82.15178711;0.00000000;15.20512578;8.96616719;1.41758211;1.70375357;-1.91425203;0.03080328;12.43510210;2.07524058
823;82.25172846;0.00000000;15.17161573;8.87201157;1.39616670;1.72709309;-1.91118973;0.03047924;12.45176971;2.06500996
824;82.35166980;0.00000000;15.13839243;8.77775371;1.38196835;1.75553024;-1.90815974;0.03015582;12.46833304;2.05484122
825;82.45161115;0.00000000;15.10545356;8.68339671;1.37520769;1.76173970;-1.90516209;0.02983252;12.48479299;2.04473384
826;82.55155250;0.00000000;15.07279597;8.58894139;1.37599111;1.76881097;-1.90219673;0.02950947;12.50115046;2.03468732
827;82.65149384;0.00000000;15.04041727;8.49439068;1.36863052;1.78117834;-1.89926384;0.02918141;12.51740634;2.02470114
828;82.75143519;0.00000000;15.00831429;8.39974545;1.35741583;1.79873583;-1.89636389;0.02885150;12.53356152;2.01477481
829;82.85137654;0.00000000;14.97648450;8.30500853;1.35379570;1.82133620;-1.89349700;0.02851939;12.54961684;2.00490782
830;82.95131788;0.00000000;14.94492472;8.21018080;1.35183677;1.84524617;-1.89066336;0.02818657;12.56557318;1.99509970
831;83.05125923;0.00000000;14.91363233;8.11526498;1.32120943;1.84727913;-1.88786296;0.02785469;12.58143136;1.98534996
832;83.15120058;0.00000000;14.88260417;8.02026200;1.29099679;1.85442626;-1.88509567;0.02752336;12.59719224;1.97565812
833;83.25114192;0.00000000;14.85183757;7.92517442;1.26823191;1.86663197;-1.88236151;0.02719223;12.61285662;1.96602371
834;83.35108327;0.00000000;14.82132938;7.83000322;1.25331739;1.88380118;-1.87966041;0.02686134;12.62842533;1.95644627
835;83.45102462;0.00000000;14.79107690;7.73475079;1.24653197;1.90580271;-1.87699238;0.02653062;12.64389916;1.94692533
836;83.55096597;0.00000000;14.76107699;7.63941818;1.24800496;1.92113979;-1.87435739;0.02620011;12.65927892;1.93746045
837;83.65090731;0.00000000;14.73132690;7.54400762;1.23810099;1.92344829;-1.87175542;0.02586983;12.67456538;1.92805117
838;83.75084866;0.00000000;14.70182350;7.44852020;1.21047034;1.93067663;-1.86918645;0.02553977;12.68975932;1.91869704
839;83.85079001;0.00000000;14.67256401;7.35295802;1.19086502;1.94277308;-1.86665046;0.02520988;12.70486151;1.90939764
840;83.95073135;0.00000000;14.64354531;7.25732221;1.17968196;1.95965070;-1.86414742;0.02488017;12.71987270;1.90015252
841;84.05067270;0.00000000;14.61476457;7.16161473;1.17715805;1.98119032;-1.86167734;0.02455062;12.73479364;1.89096126
842;84.15061405;0.00000000;14.58621869;7.06583675;1.18334542;2.00705378;-1.85924017;0.02422124;12.74962507;1.88182342
843;84.25055539;0.00000000;14.55790479;6.96999011;1.16447632;2.00950831;-1.85683592;0.02389200;12.76436772;1.87273861
844;84.35049674;0.00000000;14.52981979;6.87407599;1.13643038;2.01668070;-1.85446457;0.02356291;12.77902232;1.86370639
845;84.45043809;0.00000000;14.50196077;6.77809612;1.10862641;2.02636076;-1.85212610;0.02323394;12.79358957;1.85472635
846;84.55037943;0.00000000;14.47432467;6.68205172;1.08377160;2.03821258;-1.84982050;0.02290512;12.80807018;1.84579810
847;84.65032078;0.00000000;14.44690853;6.58594438;1.06795659;2.05463778;-1.84754776;0.02257639;12.82246485;1.83692124
848;84.75026213;0.00000000;14.41970928;6.48977537;1.05379202;2.07553091;-1.84530787;0.02224778;12.83677427;1.82809535
849;84.85020347;0.00000000;14.39272394;6.39354616;1.04806069;2.10076170;-1.84310081;0.02191926;12.85099912;1.81932006
850;84.95014482;0.00000000;14.36594947;6.29725805;1.05205525;2.12752122;-1.84092658;0.02159085;12.86514006;1.81059498
851;85.05008617;0.00000000;14.33938283;6.20091238;1.04592423;2.12784830;-1.83878517;0.02126251;12.87919778;1.80191972
852;85.15002751;0.00000000;14.31302099;6.10451050;1.01956198;2.13047788;-1.83667657;0.02093426;12.89317292;1.79329390
853;85.24996886;0.00000000;14.28686089;6.00805364;0.99791274;2.13757345;-1.83460077;0.02060607;12.90706614;1.78471715
854;85.34991021;0.00000000;14.26089950;5.91154316;0.98617166;2.14909398;-1.83255777;0.02027796;12.92087809;1.77618910
855;85.44985156;0.00000000;14.23513374;5.81498019;0.98469000;2.16497204;-1.83054755;0.01994990;12.93460939;1.76770938
856;85.54979290;0.00000000;14.20956058;5.71836614;0.99351041;2.18341079;-1.82857012;0.01962190;12.94826068;1.75927762
857;85.64973425;0.00000000;14.18417690;5.62170201;0.99097411;2.18193818;-1.82662547;0.01929393;12.96183257;1.75089347
858;85.74967560;0.00000000;14.15897970;5.52498924;0.96571244;2.18484812;-1.82471360;0.01896603;12.97532570;1.74255657
859;85.84961694;0.00000000;14.13396583;5.42822874;0.94764087;2.19212643;-1.82283449;0.01863813;12.98874066;1.73426657
860;85.94955829;0.00000000;14.10913227;5.33142197;0.94009169;2.20373301;-1.82098815;0.01831029;13.00207805;1.72602312
861;86.04949964;0.00000000;14.08447587;5.23456975;0.94174190;2.21960320;-1.81917458;0.01798246;13.01533849;1.71782588
862;86.14944098;0.00000000;14.05999361;5.13767355;0.94586253;2.23853702;-1.81739377;0.01765466;13.02852254;1.70967451
863;86.24938233;0.00000000;14.03568231;5.04073411;0.94329674;2.25841519;-1.81564572;0.01732686;13.04163080;1.70156866
864;86.34932368;0.00000000;14.01153897;4.94375294;0.91903900;2.28233302;-1.81393043;0.01699909;13.05466384;1.69350801
865;86.44926502;0.00000000;13.98756036;4.84673065;0.89495158;2.29083250;-1.81224789;0.01667130;13.06762224;1.68549223
866;86.54920637;0.00000000;13.96374351;4.74966879;0.87103155;2.28976186;-1.81059812;0.01634354;13.08050655;1.67752098
867;86.64914772;0.00000000;13.94008516;4.65256790;0.84727577;2.29288776;-1.80898110;0.01601575;13.09331735;1.66959395
868;86.74908906;0.00000000;13.91658233;4.55542954;0.83337846;2.30019631;-1.80739685;0.01568798;13.10605517;1.66171081
869;86.84903041;0.00000000;13.89323176;4.45825416;0.83150463;2.30527569;-1.80584535;0.01536017;13.11872057;1.65387125
870;86.94897176;0.00000000;13.87003047;4.36104334;0.84173135;2.30057082;-1.80432662;0.01503237;13.13131408;1.64607496
871;87.04891310;0.00000000;13.84697517;4.26379747;0.85429798;2.30005263;-1.80284064;0.01470453;13.14383625;1.63832161
872;87.14885445;0.00000000;13.82406289;4.16651815;0.83153112;2.30372722;-1.80138743;0.01437669;13.15628761;1.63061091
873;87.24879580;0.00000000;13.80129033;4.06920567;0.80991125;2.31157786;-1.79996699;0.01404881;13.16866867;1.62294256
874;87.34873715;0.00000000;13.77865450;3.97186166;0.80041837;2.32356540;-1.79857932;0.01372092;13.18097996;1.61531624
875;87.44867849;0.00000000;13.75615209;3.87448635;0.80347914;2.33962953;-1.79722442;0.01339297;13.19322199;1.60773166
876;87.54861984;0.00000000;13.73378013;3.77708136;0.81894956;2.35403044;-1.79590230;0.01306502;13.20539526;1.60018853
877;87.64856119;0.00000000;13.71153529;3.67964688;0.81814840;2.35149127;-1.79461295;0.01273700;13.21750030;1.59268655
878;87.74850253;0.00000000;13.68941458;3.58218454;0.79606864;2.35155022;-1.79335639;0.01240897;13.22953758;1.58522543
879;87.84844388;0.00000000;13.66741467;3.48469444;0.77411969;2.35572908;-1.79213261;0.01208088;13.24150761;1.57780489
880;87.94838523;0.00000000;13.64553257;3.38717826;0.75229919;2.36400921;-1.79094163;0.01175276;13.25341087;1.57042465
881;88.04832657;0.00000000;13.62376494;3.28963603;0.73457187;2.37635106;-1.78978344;0.01142457;13.26524784;1.56308441
882;88.14826792;0.00000000;13.60210879;3.19206944;0.72049744;2.39269485;-1.78865806;0.01109636;13.27701901;1.55578391
883;88.24820927;0.00000000;13.58056076;3.09447845;0.71680070;2.41296260;-1.78756547;0.01076808;13.28872485;1.54852286
884;88.34815061;0.00000000;13.55911786;2.99686478;0.72706296;2.42136584;-1.78650570;0.01043976;13.30036582;1.54130100
885;88.44809196;0.00000000;13.53777672;2.89922833;0.74439648;2.41805985;-1.78547875;0.01011137;13.31194240;1.53411805
886;88.54803331;0.00000000;13.51653435;2.80157083;0.72312496;2.41878122;-1.78448462;0.00978295;13.32345503;1.52697375
887;88.64797465;0.00000000;13.49538738;2.70389214;0.70992506;2.42352961;-1.78352331;0.00945445;13.33490419;1.51986782
888;88.74791600;0.00000000;13.47433282;2.60619398;0.71076570;2.43228466;-1.78259484;0.00912591;13.34629031;1.51280001
889;88.84785735;0.00000000;13.45336726;2.50847618;0.72559489;2.44500665;-1.78169920;0.00879729;13.35761384;1.50577006
890;88.94779869;0.00000000;13.43248774;2.41074047;0.74015610;2.45198501;-1.78083641;0.00846863;13.36887523;1.49877770
891;89.04774004;0.00000000;13.41169083;2.31298664;0.71926805;2.44941241;-1.78000647;0.00813989;13.38007491;1.49182269
892;89.14768139;0.00000000;13.39097357;2.21521641;0.69846214;2.45083456;-1.77920939;0.00781110;13.39121332;1.48490476
893;89.24762274;0.00000000;13.37033252;2.11742954;0.69004424;2.45624783;-1.77844517;0.00748223;13.40229088;1.47802368
894;89.34756408;0.00000000;13.34976472;2.01962777;0.69017582;2.46514252;-1.77771382;0.00715332;13.41330803;1.47117918
895;89.44750543;0.00000000;13.32926673;1.92181081;0.69715717;2.47459509;-1.77701535;0.00682432;13.42426518;1.46437103
896;89.54744678;0.00000000;13.30883557;1.82398040;0.71604298;2.48167814;-1.77634976;0.00649528;13.43516274;1.45759897
897;89.64738812;0.00000000;13.28846781;1.72613624;0.69579363;2.47616032;-1.77571705;0.00616615;13.44600114;1.45086278
898;89.74732947;0.00000000;13.26816046;1.62828006;0.67561794;2.47460811;-1.77511725;0.00583698;13.45678079;1.44416220
899;89.84727082;0.00000000;13.24791008;1.53041153;0.65744290;2.47703224;-1.77455035;0.00550770;13.46750207;1.43749700
900;89.94721216;0.00000000;13.22771370;1.43253239;0.65425627;2.48342430;-1.77401636;0.00517838;13.47816541;1.43086694
901;90.04715351;0.00000000;13.20756786;1.33464229;0.66626989;2.49375712;-1.77351528;0.00484901;13.48877120;1.42427180
902;90.14709486;0.00000000;13.18746957;1.23674297;0.69269010;2.49445321;-1.77304713;0.00451960;13.49931982;1.41771134
903;90.24703620;0.00000000;13.16741540;1.13883404;0.67396881;2.48995118;-1.77261190;0.00418999;13.50981168;1.41118534
904;90.34697755;0.00000000;13.14740233;1.04091726;0.65397315;2.48941462;-1.77220962;0.00386029;13.52024716;1.40469356
905;90.44691890;0.00000000;13.12742694;0.94299223;0.64054125;2.49284939;-1.77184028;0.00353082;13.53062664;1.39823578
906;90.54686024;0.00000000;13.10748621;0.84506070;0.64259397;2.49374112;-1.77150387;0.00320143;13.54095049;1.39181177
907;90.64680159;0.00000000;13.08757671;0.74712228;0.65704158;2.48630169;-1.77120040;0.00287118;13.55121911;1.38542133
908;90.74674294;0.00000000;13.06769542;0.64917865;0.67476740;2.48283744;-1.77092998;0.00254056;13.56143286;1.37906422
909;90.84668429;0.00000000;13.04783888;0.55122942;0.65484652;2.48336826;-1.77069252;0.00221184;13.57159210;1.37274023
910;90.94662563;0.00000000;13.02800412;0.45327637;0.63495009;2.48789487;-1.77048786;0.00188390;13.58169721;1.36644915
911;91.04656698;0.00000000;13.00818768;0.35531903;0.61737800;2.49639883;-1.77031589;0.00155792;13.59174855;1.36019077
912;91.14650833;0.00000000;12.98838662;0.25735919;0.60905202;2.50372383;-1.77017644;0.00123273;13.60174648;1.35396486
913;91.24644967;0.00000000;12.96859751;0.15939639;0.61702889;2.49749245;-1.77006961;0.00090437;13.61169135;1.34777123
914;91.34639102;0.00000000;12.94881736;0.06143229;0.64069680;2.49524260;-1.76999570;0.00057468;13.62158352;1.34160966
915;91.44633237;0.00000000;12.92904273;-0.03653347;0.63724639;2.49698832;-1.76995480;0.00024314;13.63142334;1.33547995
916;91.54627371;0.00000000;12.90927058;-0.13449920;0.61799710;2.50272452;-1.76994711;-0.00008917;13.64121115;1.32938190
917;91.64621506;0.00000000;12.88949745;-0.23246528;0.61460007;2.51242722;-1.76997261;-0.00042112;13.65094729;1.32331530
918;91.74615641;0.00000000;12.86972031;-0.33042998;0.62730968;2.52605390;-1.77003128;-0.00075294;13.66063211;1.31727995
919;91.84609775;0.00000000;12.84993570;-0.42839371;0.65518629;2.52680970;-1.77012311;-0.00108471;13.67026595;1.31127565
920;91.94603910;0.00000000;12.83014056;-0.52635478;0.64236150;2.52574816;-1.77024810;-0.00141648;13.67984914;1.30530221
921;92.04598045;0.00000000;12.81033146;-0.62431356;0.63749926;2.52770197;-1.77040624;-0.00174812;13.68938201;1.29935943
922;92.14592179;0.00000000;12.79050534;-0.72226838;0.63939867;2.53083796;-1.77059752;-0.00207971;13.69886489;1.29344711
923;92.24586314;0.00000000;12.77065877;-0.82021957;0.65666291;2.53792947;-1.77082193;-0.00241122;13.70829811;1.28756507
924;92.34580449;0.00000000;12.75078869;-0.91816548;0.65758878;2.54894669;-1.77107948;-0.00274271;13.71768198;1.28171312
925;92.44574583;0.00000000;12.73089166;-1.01610644;0.63764360;2.54417863;-1.77137014;-0.00307388;13.72701684;1.27589106
926;92.54568718;0.00000000;12.71096464;-1.11404078;0.61767200;2.54082143;-1.77169389;-0.00340495;13.73630299;1.27009870
927;92.64562853;0.00000000;12.69100421;-1.21196881;0.60800874;2.53807294;-1.77205075;-0.00373656;13.74554075;1.26433587
928;92.74556988;0.00000000;12.67100730;-1.30988891;0.61462324;2.52797404;-1.77244077;-0.00406840;13.75473044;1.25860237
929;92.84551122;0.00000000;12.65097047;-1.40780138;0.63700554;2.52183909;-1.77286386;-0.00439763;13.76387236;1.25289803
930;92.94545257;0.00000000;12.63089072;-1.50570454;0.63919782;2.51970038;-1.77331977;-0.00472585;13.77296681;1.24722267
931;93.04539392;0.00000000;12.61076465;-1.60359868;0.61897163;2.52157133;-1.77380782;-0.00503562;13.78201412;1.24157609
932;93.14533526;0.00000000;12.59058942;-1.70148217;0.59869626;2.52345983;-1.77432619;-0.00533801;13.79101456;1.02485705
933;93.24527661;0.00000000;12.57036196;-1.79935502;0.59392139;2.51479106;-1.77487409;-0.00562075;13.79843954;-11.61825811
934;93.34521796;0.00000000;12.55007952;-1.89721651;0.60204140;2.51013085;-1.77544957;-0.00589557;13.71403096;-11.56862615
935;93.44515930;0.00000000;12.52973944;-1.99506588;0.61487771;2.50950428;-1.77605314;-0.00618802;13.62946356;-11.51904015
936;93.54510065;0.00000000;12.50933877;-2.09290304;0.61633957;2.51291729;-1.77668654;-0.00648744;13.54473404;-11.47308997
937;93.64504200;0.00000000;12.48887471;-2.19072679;0.59999350;2.52035644;-1.77734942;-0.00677426;13.45981233;-11.42930092
938;93.74498334;0.00000000;12.46834440;-2.28853681;0.60000463;2.53178909;-1.77804053;-0.00705620;13.37467864;-11.38621350
939;93.84492469;0.00000000;12.44774514;-2.38633222;0.61636935;2.52916351;-1.77875994;-0.00734129;13.28932359;-11.34418127
940;93.94486604;0.00000000;12.42707412;-2.48411253;0.63367511;2.52621536;-1.77950795;-0.00762759;13.20373493;-11.30355523
941;94.04480738;0.00000000;12.40632858;-2.58187697;0.61290363;2.52729530;-1.78028454;-0.00791307;13.11789736;-11.26423785
942;94.14474873;0.00000000;12.38550572;-2.67962506;0.60116846;2.53240101;-1.78108963;-0.00819824;13.03179592;-11.22612802
943;94.24469008;0.00000000;12.36460280;-2.77735599;0.60583358;2.52870303;-1.78192323;-0.00848365;12.94541603;-11.18924592
944;94.34463142;0.00000000;12.34361700;-2.87506922;0.62653003;2.52561987;-1.78278537;-0.00876917;12.85874253;-11.15361066
945;94.44457277;0.00000000;12.32254559;-2.97276397;0.63028795;2.52428482;-1.78367603;-0.00905465;12.77175970;-11.11921202
946;94.54451412;0.00000000;12.30138576;-3.07043965;0.61847319;2.51514164;-1.78459523;-0.00934013;12.68445142;-11.08603592
947;94.64445547;0.00000000;12.28013478;-3.16809550;0.61168786;2.50715234;-1.78554297;-0.00962565;12.59680122;-11.05408275
948;94.74439681;0.00000000;12.25878986;-3.26573090;0.62102651;2.50322712;-1.78651924;-0.00991120;12.50879215;-11.02335634
949;94.84433816;0.00000000;12.23734824;-3.36334507;0.64454286;2.50338796;-1.78752404;-0.01019672;12.42040672;-10.99384777
950;94.94427951;0.00000000;12.21580715;-3.46093737;0.62610994;2.50763690;-1.78855738;-0.01048225;12.33162694;-10.96552669
951;95.04422085;0.00000000;12.19416385;-3.55850700;0.62324797;2.51595608;-1.78961927;-0.01076797;12.24243456;-10.93841220
952;95.14416220;0.00000000;12.17241554;-3.65605333;0.63616433;2.52830814;-1.79070971;-0.01105374;12.15281057;-10.91259674
953;95.24410355;0.00000000;12.15055949;-3.75357559;0.65710439;2.53975873;-1.79182870;-0.01133890;12.06273458;-10.88800546
954;95.34404489;0.00000000;12.12859294;-3.85107300;0.64297595;2.53773256;-1.79297617;-0.01162394;11.97218617;-10.86427380
955;95.44398624;0.00000000;12.10651317;-3.94854467;0.64323930;2.53975677;-1.79415221;-0.01191140;11.88114731;-10.84165986
956;95.54392759;0.00000000;12.08431734;-4.04599015;0.64523393;2.54436460;-1.79535705;-0.01219954;11.78959716;-10.82154010
957;95.64386893;0.00000000;12.06200271;-4.14340860;0.66235711;2.53610691;-1.79659035;-0.01247832;11.69750241;-10.80299158
958;95.74381028;0.00000000;12.03956662;-4.24079909;0.64686398;2.53189510;-1.79785123;-0.01275414;11.60483656;-10.80288661
959;95.84375163;0.00000000;12.01700697;-4.33816073;0.62420527;2.53175162;-1.79911864;-0.01245386;11.51142569;-10.86182786
960;95.94369297;0.00000000;11.99432614;-4.43549439;0.60142836;2.52504045;-1.80033765;-0.01194050;11.41673465;-10.94703758
961;96.04363432;0.00000000;11.97153138;-4.53279832;0.59107675;2.51832482;-1.80144163;-0.00968565;11.32049940;-11.25372880
962;96.14357567;0.00000000;11.94864154;-4.63008434;0.59740203;2.51566134;-1.80226503;-0.00679176;11.22070769;-11.63138919
963;96.24351701;0.00000000;11.92568708;-4.72734936;0.61992061;2.51703412;-1.80279361;-0.00374600;11.11662573;-12.01481816
964;96.34345836;0.00000000;11.90269448;-4.82461316;0.62903002;2.52240666;-1.80301310;-0.00064663;11.00807946;-12.16261109
965;96.44339971;0.00000000;11.87969714;-4.92186910;0.63882590;2.53042070;-1.80292126;0.00249644;10.89709677;-11.79187682
966;96.54334106;0.00000000;11.85672250;-5.01913738;0.65284648;2.52511114;-1.80251394;0.00565399;10.78840701;-11.43712211
967;96.64328240;0.00000000;11.83380439;-5.11641196;0.64450470;2.52369497;-1.80179160;0.00879887;10.68193068;-11.09690780
968;96.74322375;0.00000000;11.81097029;-5.21371322;0.62792763;2.52164062;-1.80075533;0.01193740;10.57759724;-10.76962951
969;96.84316510;0.00000000;11.78825395;-5.31103451;0.62715731;2.51318741;-1.79940544;0.01507824;10.47534728;-10.45508183
970;96.94310644;0.00000000;11.76568256;-5.40839742;0.64228112;2.50853922;-1.79774152;0.01821806;10.37511980;-10.15288589
971;97.04304779;0.00000000;11.74329026;-5.50579349;0.65015764;2.50768659;-1.79576408;0.02135517;10.27685383;-9.86254092
972;97.14298914;0.00000000;11.72110405;-5.60324518;0.63865672;2.51060197;-1.79347309;0.02448924;10.18048984;-9.58338534
973;97.24293048;0.00000000;11.69915829;-5.70074251;0.64292215;2.51097646;-1.79086919;0.02762176;10.08597147;-9.31506953
974;97.34287183;0.00000000;11.67747985;-5.79830868;0.66268041;2.50641085;-1.78795208;0.03075146;9.99324268;-9.05708126
975;97.44281318;0.00000000;11.65610331;-5.89593207;0.66469772;2.50551920;-1.78472261;0.03387891;9.90224952;-8.80907677
976;97.54275452;0.00000000;11.63505546;-5.99363647;0.65887997;2.50827409;-1.78118039;0.03700321;9.81293858;-8.57056536
977;97.64269587;0.00000000;11.61437107;-6.09140857;0.65555614;2.49914919;-1.77732643;0.04012520;9.72525865;-8.34124213
978;97.74263722;0.00000000;11.59407692;-6.18927254;0.66641387;2.49048368;-1.77316017;0.04324399;9.63915898;-8.12066423
979;97.84257856;0.00000000;11.57420793;-6.28721332;0.68091381;2.48537820;-1.76868283;0.04636038;9.55459082;-7.90855491
980;97.94251991;0.00000000;11.55479092;-6.38525529;0.66651841;2.48382263;-1.76389366;0.04947358;9.47150581;-7.70452121
981;98.04246126;0.00000000;11.53586091;-6.48338168;0.66744626;2.47284304;-1.75879405;0.05258430;9.38985740;-7.50829304
982;98.14240261;0.00000000;11.51744488;-6.58161673;0.68366537;2.46329550;-1.75338309;0.05569204;9.30959957;-7.31949538
983;98.24234395;0.00000000;11.49957783;-6.67994204;0.70637657;2.45722308;-1.74766230;0.05879772;9.23068815;-7.13790167
984;98.34228530;0.00000000;11.48228698;-6.77838146;0.69878794;2.44416973;-1.74163056;0.06190074;9.15307930;-6.96322442
985;98.44222665;0.00000000;11.46560729;-6.87691506;0.70603244;2.42988309;-1.73528955;0.06500137;9.07673028;-6.79518848
986;98.54216799;0.00000000;11.44956627;-6.97556588;0.72089962;2.41899515;-1.72863800;0.06809993;9.00159941;-6.63344218
987;98.64210934;0.00000000;11.43419874;-7.07431260;0.74210702;2.41152395;-1.72167763;0.07119788;8.92764704;-6.47781374
988;98.74205069;0.00000000;11.41953261;-7.17317710;0.72806389;2.39723422;-1.71440686;0.07429462;8.85483364;-6.32820864
989;98.84199203;0.00000000;11.40560249;-7.27213685;0.72834513;2.38114738;-1.70682758;0.07738875;8.78311901;-6.18430456
990;98.94193338;0.00000000;11.39243672;-7.37121221;0.74296472;2.36840032;-1.69893824;0.08048185;8.71246486;-6.04557060
991;99.04187473;0.00000000;11.38006961;-7.47037963;0.77113277;2.35901991;-1.69074058;0.08357852;8.64283744;-5.91188036
992;99.14181607;0.00000000;11.36853005;-7.56965731;0.78048020;2.35301413;-1.68223230;0.08667829;8.57420297;-5.78371100
993;99.24175742;0.00000000;11.35785203;-7.66902089;0.78791836;2.35037955;-1.67341533;0.08977258;8.50652060;-5.66066464
994;99.34169877;0.00000000;11.34806494;-7.76848630;0.80861522;2.35109626;-1.66428838;0.09286466;8.43975260;-5.54173718
995;99.44164011;0.00000000;11.33920225;-7.86802856;0.84161628;2.35513019;-1.65485304;0.09596657;8.37387166;-5.42682288
996;99.54158146;0.00000000;11.33129393;-7.96766065;0.84804218;2.33489121;-1.64510610;0.09907822;8.30885061;-5.31586226
997;99.64152281;0.00000000;11.32437316;-8.06735734;0.85282601;2.30562343;-1.63504875;0.10219892;8.24466189;-5.20871879
998;99.74146415;0.00000000;11.31847054;-8.16712780;0.86855936;2.27936964;-1.62467805;0.10532922;8.18127844;-5.10786391
999;99.84140550;0.00000000;11.31361886;-8.26694673;0.89623380;2.25621169;-1.61399617;0.10843101;8.11864172;-5.01227823
1000;99.94134685;0.00000000;11.30984887;-8.36681992;0.91682221;2.23621413;-1.60300483;0.11151751;8.05670377;-4.92206233
1001;100.04128820;0.00000000;11.30719237;-8.46672182;0.91416982;2.21943729;-1.59170635;0.11458552;7.99541372;-4.83621381
1002;100.14122954;0.00000000;11.30567998;-8.56665423;0.91502875;2.20592391;-1.58010115;0.11764903;7.93473157;-4.75368696
1003;100.24117089;0.00000000;11.30534271;-8.66659178;0.92788460;2.19570728;-1.56818998;0.12072341;7.87462922;-4.67413481
1004;100.34111224;0.00000000;11.30621126;-8.76653116;0.95228046;2.18880316;-1.55597012;0.12381351;7.81508200;-4.59770056
1005;100.44105358;0.00000000;11.30831629;-8.86644772;0.98738417;2.16431823;-1.54344135;0.12691652;7.75606253;-4.52415357
1006;100.54099493;0.00000000;11.31168861;-8.96633316;1.02445375;2.13805585;-1.53060117;0.13003576;7.69754545;-4.45376557
1007;100.64093628;0.00000000;11.31635859;-9.06616336;1.04475782;2.11492088;-1.51744904;0.13316636;7.63950098;-4.38611898
1008;100.74087762;0.00000000;11.32235689;-9.16592479;1.07522564;2.09498885;-1.50398289;0.13631509;7.58190385;-4.32134404
1009;100.84081897;0.00000000;11.32971360;-9.26559385;1.10716906;2.07786260;-1.49020141;0.13947961;7.52472618;-4.25906351
1010;100.94076032;0.00000000;11.33845900;-9.36515126;1.14596114;2.04519912;-1.47610254;0.14266644;7.46794423;-4.19946286
1011;101.04070166;0.00000000;11.34862301;-9.46457403;1.15614004;2.00839364;-1.46168411;0.14587247;7.41153095;-4.14219903
1012;101.14064301;0.00000000;11.36023525;-9.56383706;1.16777255;1.97457686;-1.44694425;0.14910408;7.35546308;-4.08744061
1013;101.24058436;0.00000000;11.37332559;-9.66291777;1.18095927;1.94388026;-1.43187989;0.15235859;7.29971428;-4.03483737
1014;101.34052570;0.00000000;11.38792270;-9.76178514;1.20380520;1.91643057;-1.41648932;0.15564296;7.24426217;-3.98454067
1015;101.44046705;0.00000000;11.40405644;-9.86041676;1.23580167;1.89234197;-1.40076847;0.15895505;7.18908156;-3.93623642
1016;101.54040840;0.00000000;11.42175427;-9.95877560;1.27628062;1.87171937;-1.38471570;0.16230159;7.13415083;-3.89004561
1017;101.64034974;0.00000000;11.44104611;-10.05683913;1.32448709;1.85243592;-1.36832588;0.16568124;7.07944598;-3.84568887
1018;101.74029109;0.00000000;11.46195789;-10.15456439;1.36859198;1.83153676;-1.35159743;0.16910054;7.02494617;-3.80324430
1019;101.84023244;0.00000000;11.48451960;-10.25192826;1.39118504;1.80899352;-1.33452406;0.17255923;6.97062881;-3.76246819
1020;101.94017379;0.00000000;11.50875539;-10.34888198;1.41546213;1.78478437;-1.31710415;0.17606363;6.91647408;-3.72338787
1021;102.04011513;0.00000000;11.53469529;-10.44540129;1.44145563;1.75888208;-1.29933017;0.17961481;6.86246114;-3.68580867
1022;102.14005648;0.00000000;11.56236140;-10.54143189;1.46919098;1.73126851;-1.28120032;0.18321858;6.80857133;-3.64970866
1023;102.23999783;0.00000000;11.59178369;-10.63694765;1.49870148;1.70191845;-1.26270582;0.18687737;6.75478571;-3.61492043
1024;102.33993917;0.00000000;11.62298203;-10.73188907;1.53001163;1.67081857;-1.24384452;0.19059693;6.70108722;-3.58135729
1025;102.43988052;0.00000000;11.65598607;-10.82622730;1.56315565;1.63794707;-1.22460632;0.19438149;6.64745956;-3.54890405
1026;102.53982187;0.00000000;11.69081337;-10.91989813;1.59811362;1.60329710;-1.20498844;0.19823615;6.59388763;-3.51744321
1027;102.63976321;0.00000000;11.72749290;-11.01286895;1.63457936;1.56668220;-1.18497951;0.20216632;6.54035764;-3.48686896
1028;102.73970456;0.00000000;11.76603988;-11.10507143;1.67293500;1.52793239;-1.16457590;0.20617738;6.48685696;-3.45699086
1029;102.83964591;0.00000000;11.80648202;-11.19646802;1.71321728;1.48730086;-1.14376495;0.21027694;6.43337552;-3.42771107
1030;102.93958725;0.00000000;11.84883237;-11.28698696;1.75544876;1.44478825;-1.12254168;0.21447072;6.37990443;-3.39882260
1031;103.03952860;0.00000000;11.89311656;-11.37658425;1.79966629;1.40038814;-1.10089222;0.21876732;6.32643776;-3.37038657
1032;103.13946995;0.00000000;11.93934577;-11.46518562;1.84589328;1.35411462;-1.07881001;0.22316912;6.27296842;-3.34207423
1033;103.23941129;0.00000000;11.98754251;-11.55273927;1.89416600;1.30597910;-1.05628038;0.22768831;6.21949435;-3.31371632
1034;103.33935264;0.00000000;12.03771651;-11.63916920;1.93630942;1.25601694;-1.03329437;0.23233347;6.16601617;-3.28491886
1035;103.43929399;0.00000000;12.08988560;-11.72441378;1.96243030;1.20427011;-1.00983600;0.23711917;6.11254096;-3.25583917
1036;103.53923533;0.00000000;12.14405905;-11.80839653;1.99545062;1.15020779;-0.98589314;0.24204606;6.05907345;-3.22605227
1037;103.63917668;0.00000000;12.20024803;-11.89104411;2.03506162;1.10041665;-0.96144974;0.24713022;6.00562562;-3.19556648
1038;103.73911803;0.00000000;12.25846251;-11.97228075;2.08091037;1.05548493;-0.93649008;0.25237646;5.95220972;-3.16351786
1039;103.83905938;0.00000000;12.31870415;-12.05201896;2.13260814;1.01604095;-0.91099757;0.25781351;5.89885312;-3.13056788
1040;103.93900072;0.00000000;12.38098554;-12.13018520;2.18976023;0.98271476;-0.88495114;0.26342816;5.84557284;-3.09544584
1041;104.03894207;0.00000000;12.44529512;-12.20667515;2.22676795;0.94835173;-0.85833561;0.26926150;5.79240846;-3.05814622
1042;104.13888342;0.00000000;12.51165029;-12.28141879;2.24593257;0.91956664;-0.83112214;0.27531868;5.73940112;-3.01799143
1043;104.23882476;0.00000000;12.58002328;-12.35429395;2.27198528;0.88032517;-0.80329599;0.28162428;5.68660540;-2.97671546
1044;104.33876611;0.00000000;12.65043756;-12.42523348;2.29385242;0.84682811;-0.77482349;0.28813104;5.63404713;-2.93050226
1045;104.43870746;0.00000000;12.72284448;-12.49409615;2.32170852;0.82133914;-0.74569262;0.29495856;5.58182142;-2.88190601
1046;104.53864880;0.00000000;12.79727434;-12.56081663;2.35625145;0.80455816;-0.71585776;0.30203094;5.52998076;-2.82783771
1047;104.63859015;0.00000000;12.87365567;-12.62523607;2.39588368;0.79613411;-0.68530988;0.30944719;5.47863591;-2.77221257
1048;104.73853150;0.00000000;12.95202543;-12.68728877;2.40305025;0.78465106;-0.65399747;0.31708272;5.42782960;-2.70816446
1049;104.83847284;0.00000000;13.03228487;-12.74679922;2.41370581;0.77006842;-0.62191473;0.32516007;5.37773362;-2.63296237
1050;104.93841419;0.00000000;13.11447708;-12.80369859;2.43162004;0.75231355;-0.58898300;0.33376387;5.32857723;-2.54769802
1051;105.03835554;0.00000000;13.19847561;-12.85779528;2.45272361;0.73136334;-0.55518463;0.34284641;5.28057710;-2.45497079
1052;105.13829688;0.00000000;13.28433344;-12.90901514;2.48098034;0.70686442;-0.52043956;0.35230355;5.23390756;-2.34243698
1053;105.23823823;0.00000000;13.37187864;-12.95714562;2.48904343;0.69248736;-0.48473644;0.36254203;5.18898601;-2.21420848
1054;105.33817958;0.00000000;13.46117969;-13.00210755;2.50366021;0.68876142;-0.44794996;0.37337812;5.14616302;-2.06835142
1055;105.43812092;0.00000000;13.55201766;-13.04367008;2.50493147;0.68235611;-0.41008198;0.38483299;5.10583648;-1.89841244
1056;105.53806227;0.00000000;13.64447483;-13.08174445;2.49800968;0.66163604;-0.37099785;0.39707509;5.06854085;-1.69075069
1057;105.63800362;0.00000000;13.73827429;-13.11608454;2.49502602;0.64928754;-0.33067096;0.41050777;5.03509231;-1.61065955
1058;105.73794497;0.00000000;13.83350828;-13.14658783;2.49302167;0.64811199;-0.28914754;0.41893785;5.00302025;-1.53896044
1059;105.83788631;0.00000000;13.92981597;-13.17304437;2.49919648;0.65808258;-0.24690850;0.42700254;4.97218262;-1.49951946
1060;105.93782766;0.00000000;14.02729720;-13.19539979;2.51357398;0.67743593;-0.20384787;0.43381037;4.94195023;-1.43843073
1061;106.03776901;0.00000000;14.12551013;-13.21348104;2.50756133;0.66799687;-0.16015233;0.44146327;4.91277464;-1.36193324
1062;106.13771035;0.00000000;14.22459279;-13.22723531;2.49379567;0.64615001;-0.11558220;0.44966099;4.88499005;-1.24673930
1063;106.23765170;0.00000000;14.32400264;-13.23650518;2.48451865;0.62799751;-0.07021868;0.45924376;4.85941624;-1.10427347
1064;106.33759305;0.00000000;14.42392264;-13.24121240;2.47981086;0.62087168;-0.02375916;0.46963050;4.83665184;-0.93451664
1065;106.43753439;0.00000000;14.52374955;-13.24122588;2.47979510;0.62089073;0.02367315;0.48069463;4.81730291;-0.71844975
1066;106.53747574;0.00000000;14.62362174;-13.23643742;2.48458148;0.61610972;0.07235270;0.49303235;4.80237458;-0.48859700
1067;106.63741709;0.00000000;14.72300322;-13.22674961;2.49426026;0.60645295;0.12219669;0.50512135;4.79219569;-0.28464584
1068;106.73735843;0.00000000;14.82182932;-13.21205495;2.50893860;0.59591228;0.17319162;0.51526925;4.78625571;-0.08849106
1069;106.83729978;0.00000000;14.91978158;-13.19229151;2.52867567;0.59689334;0.22514410;0.52423366;4.78440758;-0.08849106
1070;106.93724113;0.00000000;15.01650566;-13.16748220;2.55344735;0.60927633;0.27668633;0.50592318;4.78255874;0.33966311
1071;107.03718247;0.00000000;15.11199240;-13.13777197;2.58311383;0.62194624;0.32628234;0.48605043;4.78965144;0.76094810
1072;107.13712382;0.00000000;15.20579206;-13.10352037;2.58950701;0.62561646;0.37349393;0.45932121;4.80550322;1.30368585
1073;107.23706517;0.00000000;15.29806364;-13.06493935;2.57028090;0.62713089;0.41814720;0.43387069;4.83254027;1.77734404
1074;107.33700652;0.00000000;15.38843517;-13.02245817;2.55915307;0.64009921;0.46030404;0.41047443;4.86915863;2.17652871
1075;107.43694786;0.00000000;15.47712484;-12.97623492;2.54938446;0.66408976;0.50020949;0.38760313;4.91362964;2.54846881
1076;107.53688921;0.00000000;15.56382280;-12.92668849;2.52064165;0.69032896;0.53779267;0.36523536;4.96519396;2.90049262
1077;107.63683056;0.00000000;15.64878714;-12.87392821;2.48506199;0.71309140;0.57324153;0.34378488;5.02323693;3.22776107
1078;107.73677190;0.00000000;15.73177042;-12.81835895;2.44231497;0.73915423;0.60653421;0.32297691;5.08705051;3.54193645
1079;107.83671325;0.00000000;15.81302377;-12.76006351;2.40592137;0.77440103;0.63781455;0.30270317;5.15616666;3.84953963
1080;107.93665460;0.00000000;15.89237731;-12.69941173;2.37611360;0.80941983;0.66707121;0.28318791;5.23024961;4.14749816
1081;108.03659594;0.00000000;15.97007588;-12.63646280;2.33674269;0.84992401;0.69443164;0.26408709;5.30890988;4.44787430
1082;108.13653729;0.00000000;16.04600365;-12.57155565;2.26706825;0.89747196;0.71986402;0.24517169;5.39199195;4.75958838
1083;108.23647864;0.00000000;16.12039205;-12.50474115;2.20151573;0.95122153;0.74344956;0.22665173;5.47950149;5.07872468
1084;108.33641998;0.00000000;16.19318510;-12.43631751;2.14048443;0.99520329;0.76518060;0.20842372;5.57136301;5.41051414
1085;108.43636133;0.00000000;16.26459006;-12.36634044;2.08414847;1.03592097;0.78511793;0.19044973;5.66758801;5.75828203
1086;108.53630268;0.00000000;16.33460810;-12.29505978;2.03284743;1.08269006;0.80325163;0.17255533;5.76823498;5.99512570
1087;108.63624402;0.00000000;16.40341878;-12.22254805;1.98677202;1.13494080;0.81961563;0.15487268;5.87118869;5.93720497
1088;108.73618537;0.00000000;16.47107804;-12.14900248;1.94618292;1.19204358;0.83421156;0.13725876;5.97139860;5.88074916
1089;108.83612672;0.00000000;16.53773189;-12.07452462;1.91125283;1.25233001;0.84705552;0.11977053;6.06902473;5.82567433
1090;108.93606806;0.00000000;16.60349083;-11.99925269;1.88214121;1.31172069;0.85815177;0.10227470;6.16421225;5.77190426
1091;109.03600941;0.00000000;16.66846473;-11.92332674;1.84501162;1.35178152;0.86750091;0.08484321;6.25709329;5.71936956
1092;109.13595076;0.00000000;16.73281581;-11.84682489;1.79461682;1.39021259;0.87510956;0.06737831;6.34778855;5.66800681
1093;109.23589211;0.00000000;16.79661606;-11.76993266;1.74739458;1.43397311;0.88096930;0.04991280;6.43640862;5.61775784
1094;109.33583345;0.00000000;16.86007662;-11.69266884;1.70205095;1.48279246;0.88508362;0.03237620;6.52305515;5.56856920
1095;109.43577480;0.00000000;16.92323198;-11.61526735;1.66182572;1.51451033;0.88743985;0.01478237;6.60782181;5.52039158
1096;109.53571615;0.00000000;16.98633724;-11.53769372;1.61011580;1.55135376;0.88803448;-0.00290889;6.69079516;5.21587239
1097;109.63565749;0.00000000;17.04939165;-11.46022868;1.55402035;1.59360342;0.88685621;-0.02070697;6.76825697;-10.48013938
1098;109.73559884;0.00000000;17.11268758;-11.38279500;1.50223424;1.63542576;0.88389019;-0.03863371;6.61169448;-9.79349883
1099;109.83554019;0.00000000;17.17619325;-11.30571414;1.45520215;1.67277175;0.87913070;-0.05670736;6.46196201;-9.16253693
1100;109.93548153;0.00000000;17.24022939;-11.22888112;1.41309234;1.71296038;0.87254897;-0.07493474;6.31866445;-8.58124960
1101;110.03542288;0.00000000;17.30473924;-11.15264802;1.37631874;1.75635198;0.86414833;-0.09333785;6.18144620;-8.04445392
1102;110.13536423;0.00000000;17.37006067;-11.07690058;1.33848088;1.80511789;0.85388429;-0.11193398;6.04998595;-7.54803728
1103;110.23530557;0.00000000;17.43611933;-11.00200898;1.28711695;1.85883634;0.84176964;-0.13072548;5.92398582;-7.08787223
1104;110.33524692;0.00000000;17.50325710;-10.92786971;1.24042649;1.91598918;0.82774613;-0.14972643;5.80317715;-6.66087520
1105;110.43518827;0.00000000;17.57139042;-10.85485745;1.19894346;1.95850756;0.81183645;-0.16893144;5.68730792;-6.26156439
1106;110.53512961;0.00000000;17.64085002;-10.78289920;1.15735622;2.00664349;0.79396862;-0.18841769;5.57618983;-5.88968598
1107;110.63507096;0.00000000;17.71155164;-10.71236217;1.10297464;2.06001807;0.77416919;-0.20811045;5.46961120;-5.54069476
1108;110.73501231;0.00000000;17.78379895;-10.64322116;1.04815457;2.11851324;0.75236140;-0.22807597;5.36741630;-5.21419074
1109;110.83495365;0.00000000;17.85751475;-10.57582598;0.99837142;2.18170579;0.72857546;-0.24825039;5.26943367;-4.90201001
1110;110.93489500;0.00000000;17.93295911;-10.51021176;0.95413414;2.22522596;0.70272606;-0.26884371;5.17562598;-4.60801635
1111;111.03483635;0.00000000;18.01006652;-10.44670786;0.91617687;2.26337407;0.67483332;-0.28964530;5.08586684;-4.32652287
1112;111.13477770;0.00000000;18.08903948;-10.38541607;0.88506527;2.30784037;0.64482207;-0.31078964;5.00012445;-4.05592978
1113;111.23471904;0.00000000;18.16982412;-10.32664541;0.84317271;2.34859177;0.61270916;-0.33226165;4.91838737;-3.78209600
1114;111.33466039;0.00000000;18.25255242;-10.27056460;0.79592800;2.38410439;0.57838643;-0.35454041;4.84092541;-3.51936511
1115;111.43460174;0.00000000;18.33719094;-10.21746478;0.75564137;2.42641452;0.54184782;-0.37695096;4.76771419;-3.24636549
1116;111.53454308;0.00000000;18.42378602;-10.16758147;0.72329116;2.45876245;0.50301332;-0.40027706;4.69917081;-2.96282597
1117;111.63448443;0.00000000;18.51228717;-10.12121154;0.69352592;2.48859178;0.46182898;-0.42439533;4.63572957;-2.67030828
1118;111.73442578;0.00000000;18.60267591;-10.07863486;0.65980233;2.50201958;0.41818412;-0.44906457;4.57779863;-2.34893458
1119;111.83436712;0.00000000;18.69488811;-10.04015351;0.62685271;2.52269417;0.37207282;-0.47495448;4.52622678;-1.93823497
1120;111.93430847;0.00000000;18.78882442;-10.00609236;0.60399466;2.53986959;0.32314331;-0.50446836;4.48322532;-1.30004465
1121;112.03424982;0.00000000;18.88435886;-9.97681132;0.59215614;2.55601892;0.27103206;-0.54319297;4.45415007;-0.37009399
1122;112.13419116;0.00000000;18.98133662;-9.95276314;0.59164152;2.53197401;0.21429619;-0.59226073;4.44583822;-0.07635103
1123;112.23413251;0.00000000;19.07953917;-9.93448268;0.60201464;2.51369719;0.15353857;-0.60758829;4.44412153;-0.07635103
1124;112.33407386;0.00000000;19.17871087;-9.92217740;0.62255690;2.50139401;0.09362446;-0.59174971;4.44240419;0.24555409
1125;112.43401520;0.00000000;19.27844771;-9.91575312;0.65237737;2.49497040;0.03539858;-0.56946446;4.44792502;0.65721233
1126;112.53395655;0.00000000;19.37839415;-9.91501369;0.69037699;2.48498554;-0.02015711;-0.54274758;4.46266763;1.11397400
1127;112.63389790;0.00000000;19.47824042;-9.91969873;0.73431411;2.46468816;-0.07322655;-0.51913872;4.48754571;1.46769945
1128;112.73383924;0.00000000;19.57769455;-9.92955643;0.76213122;2.44263712;-0.12399703;-0.49710163;4.52011440;1.76451631
1129;112.83378059;0.00000000;19.67653324;-9.94434295;0.78786705;2.41153864;-0.17267970;-0.47749940;4.55896156;1.99524228
1130;112.93372194;0.00000000;19.77455497;-9.96382935;0.82061969;2.38068225;-0.21949851;-0.45959075;4.60249333;2.18262485
1131;113.03366329;0.00000000;19.87157294;-9.98779651;0.85967539;2.33535875;-0.26461945;-0.44386716;4.64964663;2.32036467
1132;113.13360463;0.00000000;19.96743652;-10.01604477;0.90428219;2.29759603;-0.30826655;-0.42970609;4.69925681;2.42542484
1133;113.23354598;0.00000000;20.06199490;-10.04838232;0.94819408;2.26548314;-0.35054877;-0.41658232;4.75055944;2.51140383
1134;113.33348733;0.00000000;20.15512921;-10.08462992;0.98843549;2.21312617;-0.39156495;-0.40433293;4.80310328;2.58293580
1135;113.43342867;0.00000000;20.24671824;-10.12460926;1.02499396;2.16772027;-0.43140086;-0.39296886;4.85655076;2.64022304
1136;113.53337002;0.00000000;20.33666996;-10.16815592;1.05788898;2.12967593;-0.47013197;-0.38218498;4.91058247;2.69084021
1137;113.63331137;0.00000000;20.42488983;-10.21510469;1.08715266;2.09644837;-0.50781567;-0.37204013;4.96504508;2.73328937
1138;113.73325271;0.00000000;20.51130718;-10.26530323;1.11283329;2.06956749;-0.54451669;-0.36248930;5.01976193;2.76857970
1139;113.83319406;0.00000000;20.59584771;-10.31859833;1.13682509;2.04745091;-0.58029200;-0.35348280;5.07458383;2.79777215
1140;113.93313541;0.00000000;20.67845387;-10.37484720;1.16558082;2.01997472;-0.61518728;-0.34489936;5.12938858;2.82376909
1141;114.03307675;0.00000000;20.75907116;-10.43390907;1.19880220;1.97396524;-0.64924615;-0.33669325;5.18411514;2.84745770
1142;114.13301810;0.00000000;20.83765645;-10.49565068;1.23228180;1.93331284;-0.68249827;-0.32879871;5.23872192;2.87028518
1143;114.23295945;0.00000000;20.91417010;-10.55994076;1.26655443;1.90016636;-0.71498151;-0.32128666;5.29319636;2.88990084
1144;114.33290079;0.00000000;20.98858052;-10.62665469;1.29930673;1.87488700;-0.74672906;-0.31408983;5.34748248;2.90787691
1145;114.43284214;0.00000000;21.06086007;-10.69567128;1.32782683;1.83491994;-0.77777526;-0.30723986;5.40155562;2.92293052
1146;114.53278349;0.00000000;21.13098657;-10.76687467;1.36024448;1.79209914;-0.80815070;-0.30067222;5.45536858;2.93662899
1147;114.63272483;0.00000000;21.19894196;-10.84015315;1.39631916;1.75072020;-0.83788595;-0.29443085;5.50890440;2.94728415
1148;114.73266618;0.00000000;21.26471174;-10.91539936;1.43580043;1.70831323;-0.86701123;-0.28845836;5.56211639;2.95632579
1149;114.83260753;0.00000000;21.32828523;-10.99251051;1.47843591;1.67352882;-0.89555372;-0.28276867;5.61498505;2.96297114
1150;114.93254888;0.00000000;21.38965415;-11.07138718;1.51797793;1.64682469;-0.92353952;-0.27731313;5.66747772;2.96844638
1151;115.03249022;0.00000000;21.44881377;-11.15193465;1.54384955;1.62151017;-0.95099247;-0.27210625;5.71958432;2.97194733
1152;115.13243157;0.00000000;21.50576101;-11.23406081;1.57308458;1.58779082;-0.97793569;-0.26710778;5.77128111;2.97449600
1153;115.23237292;0.00000000;21.56049597;-11.31767827;1.60552525;1.53626495;-1.00439030;-0.26232843;5.82256266;2.97541915
1154;115.33231426;0.00000000;21.61301981;-11.40270159;1.64100295;1.49203819;-1.03037668;-0.25773437;5.87341219;2.97558531
1155;115.43225561;0.00000000;21.66333653;-11.48905005;1.67934385;1.45576389;-1.05591355;-0.25333052;5.92382805;2.97453266
1156;115.53219696;0.00000000;21.71145085;-11.57664432;1.72037124;1.42803075;-1.08101842;-0.24908896;5.97380083;2.97298043
1157;115.63213830;0.00000000;21.75737003;-11.66540969;1.76391039;1.40931914;-1.10570791;-0.24501385;6.02333327;2.97050971
1158;115.73207965;0.00000000;21.80110175;-11.75527238;1.80768008;1.39250491;-1.12999720;-0.24108204;6.07242103;2.96771934
1159;115.83202100;0.00000000;21.84265597;-11.84616319;1.84931413;1.35112132;-1.15390112;-0.23729548;6.12106959;2.96429019
1160;115.93196234;0.00000000;21.88204287;-11.93801341;1.88880644;1.31195021;-1.17743269;-0.23363481;6.16927898;2.96072478
1161;116.03190369;0.00000000;21.91927467;-12.03075880;1.92615704;1.27496634;-1.20060517;-0.23010206;6.21705725;2.95671945
1162;116.13184504;0.00000000;21.95436371;-12.12433537;1.96136935;1.24006415;-1.22342988;-0.22668084;6.26440722;2.95270337
1163;116.23178638;0.00000000;21.98732407;-12.21868341;1.99445105;1.20691511;-1.24591875;-0.22337310;6.31133838;2.94839350
1164;116.33172773;0.00000000;22.01816992;-12.31374323;2.02524693;1.17591887;-1.26808168;-0.22016471;6.35785538;2.94416455
1165;116.43166908;0.00000000;22.04691689;-12.40945931;2.05389366;1.14705293;-1.28992946;-0.21705798;6.40396850;2.93973481
1166;116.53161043;0.00000000;22.07358067;-12.50577597;2.08048018;1.12029570;-1.31147087;-0.21404056;6.44968330;2.93543946
1167;116.63155177;0.00000000;22.09817821;-12.60264150;2.10501832;1.09562534;-1.33271571;-0.21111519;6.49501026;2.93099170
1168;116.73149312;0.00000000;22.12072647;-12.70000398;2.12752103;1.07302078;-1.35367191;-0.20827089;6.53995510;2.92669746
1169;116.83143447;0.00000000;22.14124344;-12.79781521;2.14800320;1.05246068;-1.37434842;-0.20551044;6.58452799;2.92228046
1170;116.93137581;0.00000000;22.15974714;-12.89602675;2.17012233;1.03115420;-1.39475243;-0.20282398;6.62873458;2.91802427
1171;117.03131716;0.00000000;22.17625638;-12.99459366;2.19462311;0.97784426;-1.41489216;-0.20021532;6.67258456;2.91361636
1172;117.13125851;0.00000000;22.19079003;-13.09347078;2.22144158;0.93406073;-1.43477434;-0.19767545;6.71608266;2.90932597
1173;117.23119985;0.00000000;22.20336755;-13.19261615;2.25050867;0.90118703;-1.45440655;-0.19520668;6.75923739;2.90491641
1174;117.33114120;0.00000000;22.21400845;-13.29198767;2.28175038;0.88043533;-1.47379492;-0.19280092;6.80205356;2.90063614
1175;117.43108255;0.00000000;22.22273271;-13.39154615;2.31508974;0.87174078;-1.49294648;-0.19046356;6.84453940;2.89611099
1176;117.53102389;0.00000000;22.22956031;-13.49125235;2.33635217;0.86493416;-1.51186731;-0.18818690;6.88669747;2.89159127
1177;117.63096524;0.00000000;22.23451153;-13.59106964;2.34130547;0.85999653;-1.53056390;-0.18597169;6.92853384;2.88692899
1178;117.73090659;0.00000000;22.23760673;-13.69096147;2.34440183;0.85690912;-1.54904167;-0.18381121;6.97005224;2.88234357
1179;117.83084793;0.00000000;22.23886640;-13.79089355;2.34631523;0.83450814;-1.56730673;-0.18171492;7.01125944;2.87726609
1180;117.93078928;0.00000000;22.23831108;-13.89083184;2.34917584;0.80336200;-1.58536518;-0.17967593;7.05215390;2.87194029
1181;118.03073063;0.00000000;22.23596126;-13.99074425;2.35178646;0.78375767;-1.60322450;-0.17776050;7.09273753;2.86293739
1182;118.13067197;0.00000000;22.23183685;-14.09059901;2.35686292;0.76833339;-1.62089952;-0.17595664;7.13296414;2.85078061
1183;118.23061332;0.00000000;22.22595707;-14.19036599;2.36440565;0.76750502;-1.63839986;-0.17431645;7.17279576;2.83269982
1184;118.33055467;0.00000000;22.21834012;-14.29001527;2.37440508;0.77512266;-1.65574634;-0.17282579;7.21215687;2.80934876
1185;118.43049602;0.00000000;22.20900315;-14.38951835;2.38684214;0.78446087;-1.67294654;-0.17138947;7.25098248;2.78564611
1186;118.53043736;0.00000000;22.19796322;-14.48884675;2.40168938;0.79550291;-1.69000579;-0.17000432;7.28927633;2.76166168
1187;118.63037871;0.00000000;22.18523728;-14.58797353;2.39177995;0.80823233;-1.70692800;-0.16862492;7.32704291;2.73973764
1188;118.73032006;0.00000000;22.17084269;-14.68687153;2.37738384;0.82263247;-1.72371160;-0.16725229;7.36431829;2.71971942
1189;118.83026140;0.00000000;22.15479700;-14.78551544;2.36133696;0.83868672;-1.74035931;-0.16588346;7.40113564;2.70167560
1190;118.93020275;0.00000000;22.13711823;-14.88387950;2.34365777;0.84038146;-1.75686937;-0.16451940;7.43752828;2.68546325
1191;119.03014410;0.00000000;22.11782448;-14.98193994;2.32436500;0.82071448;-1.77324575;-0.16321179;7.47352692;2.66811231
1192;119.13008544;0.00000000;22.09693388;-15.07967231;2.30347761;0.81457524;-1.78949425;-0.16195661;7.50912206;2.64978409
1193;119.23002679;0.00000000;22.07446404;-15.17705414;2.28101436;0.82225596;-1.80561926;-0.16073322;7.54430647;2.63158798
1194;119.32996814;0.00000000;22.05043290;-15.27406209;2.25876591;0.84336538;-1.82162318;-0.15954032;7.57908761;2.61353085
1195;119.42990948;0.00000000;22.02485798;-15.37067499;2.23918666;0.86884458;-1.83750946;-0.15836655;7.61347283;2.59620486
1196;119.52985083;0.00000000;21.99775729;-15.46687059;2.22236397;0.89585945;-1.85327876;-0.15721163;7.64747703;2.57956125
1197;119.62979218;0.00000000;21.96914842;-15.56262899;2.20837637;0.92439683;-1.86893483;-0.15610026;7.68111415;2.56207800
1198;119.72973352;0.00000000;21.93904928;-15.65792896;2.19729271;0.95444346;-1.88448185;-0.15502963;7.71437811;2.54387213
1199;119.82967487;0.00000000;21.90747706;-15.75275166;2.18917036;0.98598713;-1.89992351;-0.15398277;7.74726440;2.52591021
1200;119.92961622;0.00000000;21.87444953;-15.84707676;2.18099365;1.01901526;-1.91526127;-0.15295926;7.77978093;2.50816278
1201;120.02955756;0.00000000;21.83998374;-15.94088652;2.14652396;1.05351622;-1.93049851;-0.15196549;7.81193508;2.49018631
1202;120.12949891;0.00000000;21.80409743;-16.03416145;2.11065381;1.08947787;-1.94563758;-0.15100025;7.84372838;2.47200737
1203;120.22944026;0.00000000;21.76680735;-16.12688482;2.07340636;1.12688921;-1.96068191;-0.15006405;7.87516262;2.45354768
1204;120.32938161;0.00000000;21.72813113;-16.21903788;2.03480688;1.16573855;-1.97563380;-0.14915576;7.90623855;2.43483307
1205;120.42932295;0.00000000;21.68808523;-16.31060484;1.99488099;1.20601543;-1.99049651;-0.14827269;7.93695717;2.41598962
1206;120.52926430;0.00000000;21.64668717;-16.40156766;1.95365703;1.24770852;-2.00527187;-0.14741435;7.96732098;2.39700598
1207;120.62920565;0.00000000;21.60395315;-16.49191143;1.91112972;1.29019263;-2.01996300;-0.14658075;7.99733228;2.37783906
1208;120.72914699;0.00000000;21.55990062;-16.58161875;1.86684869;1.33393851;-2.03457173;-0.14577143;8.02699274;2.35848037
1209;120.82908834;0.00000000;21.51454547;-16.67067556;1.82130205;1.37907287;-2.04910108;-0.14498607;8.05630386;2.33891135
1210;120.92902969;0.00000000;21.46790510;-16.75906503;1.77452145;1.42558563;-2.06355281;-0.14422437;8.08526683;2.31911569
1211;121.02897103;0.00000000;21.41999509;-16.84677389;1.72653980;1.47346845;-2.07792990;-0.14348616;8.11388260;2.29906793
1212;121.12891238;0.00000000;21.37083275;-16.93378584;1.67739514;1.52271123;-2.09223406;-0.14277122;8.14215173;2.27875001
1213;121.22885373;0.00000000;21.32043337;-17.02008837;1.62712774;1.57330588;-2.10646824;-0.14207965;8.17007451;2.25812219
1214;121.32879507;0.00000000;21.26881418;-17.10566562;1.57578497;1.62524229;-2.12063416;-0.14141123;8.19765070;2.23716697
1215;121.42873642;0.00000000;21.21599012;-17.19050578;1.52328535;1.66990791;-2.13473472;-0.14076578;8.22487981;2.21586719
1216;121.52867777;0.00000000;21.16197839;-17.27459342;1.46886805;1.69772912;-2.14877162;-0.14014312;8.25176111;2.19420577
1217;121.62861911;0.00000000;21.10679356;-17.35791735;1.41341698;1.73218614;-2.16274775;-0.13954464;8.27829362;2.17205949
1218;121.72856046;0.00000000;21.05045277;-17.44046252;1.35699386;1.77287931;-2.17666501;-0.13896999;8.30447484;2.14942718
1219;121.82850181;0.00000000;20.99297023;-17.52221830;1.29966812;1.81937865;-2.19052622;-0.13841703;8.33030225;2.12643189
1220;121.92844315;0.00000000;20.93436304;-17.60316997;1.24238451;1.87035397;-2.20433294;-0.13788567;8.35577480;2.10305587
1221;122.02838450;0.00000000;20.87464501;-17.68330749;1.18954694;1.92286674;-2.21808815;-0.13738349;8.38089118;2.07874117
1222;122.12832585;0.00000000;20.81383323;-17.76261634;1.14178964;1.98014884;-2.23179441;-0.13690902;8.40564343;2.05357516
1223;122.22826720;0.00000000;20.75194104;-17.84108690;1.09321239;2.03974871;-2.24545450;-0.13645152;8.43002465;2.02830286
1224;122.32820854;0.00000000;20.68898551;-17.91870491;1.04962325;2.07796605;-2.25906938;-0.13601208;8.45403680;2.00282215
1225;122.42814989;0.00000000;20.62497974;-17.99546117;1.01275393;2.12142443;-2.27264211;-0.13560864;8.47768056;1.97582079
1226;122.52809124;0.00000000;20.55994063;-18.07134173;0.98136604;2.16979637;-2.28617610;-0.13523619;8.50094113;1.94765303
1227;122.62803258;0.00000000;20.49388074;-18.14633763;0.93322938;2.22275101;-2.29967475;-0.13490410;8.52380796;1.91762826
1228;122.72797393;0.00000000;20.42681689;-18.22043479;0.89245855;2.27995526;-2.31314219;-0.13460925;8.54626251;1.88597343
1229;122.82791528;0.00000000;20.35876116;-18.29362429;0.86011090;2.34108718;-2.32658038;-0.13429653;8.56828900;1.85673025
1230;122.92785662;0.00000000;20.28973052;-18.36589248;0.82255293;2.39612466;-2.33998580;-0.13397549;8.58991878;1.82914297
1231;123.02779797;0.00000000;20.21973728;-18.43723099;0.77706079;2.42183508;-2.35336373;-0.13378584;8.61117406;1.79280953
1232;123.12773932;0.00000000;20.14879752;-18.50762620;0.73039716;2.44394694;-2.36672936;-0.13368967;8.63195634;1.75064741
1233;123.22768066;0.00000000;20.07692227;-18.57706848;0.69378739;2.47118820;-2.38008914;-0.13369595;8.65220170;1.70204348
1234;123.32762201;0.00000000;20.00412679;-18.64554303;0.66889260;2.50200682;-2.39345466;-0.13377786;8.67183968;1.64908391
1235;123.42756336;0.00000000;19.93042104;-18.71303946;0.65704873;2.52844647;-2.40682786;-0.13382020;8.69082428;1.60051542
1236;123.52750470;0.00000000;19.85582059;-18.77954285;0.65132320;2.55978289;-2.42020301;-0.13384630;8.70921018;1.55448764
1237;123.62744605;0.00000000;19.78033576;-18.84504370;0.64426351;2.55588349;-2.43358170;-0.13388021;8.72703026;1.50911544
1238;123.72738740;0.00000000;19.70398279;-18.90952742;0.63587098;2.55431768;-2.44696401;-0.13392980;8.74429547;1.46377345
1239;123.82732875;0.00000000;19.62677212;-18.97298458;0.62614655;2.55799670;-2.46035266;-0.13400088;8.76100943;1.41800064
1240;123.92727009;0.00000000;19.54872009;-19.03540081;0.61509204;2.56689789;-2.47374909;-0.13409129;8.77717039;1.37195962
1241;124.02721144;0.00000000;19.46983712;-19.09676675;0.60270879;2.57928620;-2.48715112;-0.13405627;8.79277834;1.33683484
1242;124.12715279;0.00000000;19.39014059;-19.15706924;0.59681255;2.56415525;-2.50054403;-0.13396589;8.80796010;1.30699235
1243;124.22709413;0.00000000;19.30964332;-19.21630017;0.60541984;2.55158937;-2.51391111;-0.13334473;8.82277770;1.31933676
1244;124.32703548;0.00000000;19.22836462;-19.27445266;0.61449497;2.54422157;-2.52719247;-0.13244216;8.83771005;1.35364823
1245;124.42697683;0.00000000;19.14632269;-19.33152482;0.61102794;2.54208918;-2.54037906;-0.13139622;8.85300456;1.39874335
1246;124.52691817;0.00000000;19.06353847;-19.38751466;0.60365754;2.54519547;-2.55345584;-0.13029811;8.86878088;1.44729813
1247;124.62685952;0.00000000;18.98003095;-19.44242256;0.61143677;2.54716051;-2.56642366;-0.12920394;8.88507536;1.49486464
1248;124.72680087;0.00000000;18.89582294;-19.49624657;0.62788089;2.52527228;-2.57928229;-0.12812580;8.90187406;1.54053933
1249;124.82674221;0.00000000;18.81093248;-19.54898798;0.64982974;2.50022442;-2.59203459;-0.12707304;8.91915293;1.58364394
1250;124.92668356;0.00000000;18.72537926;-19.60064697;0.67182451;2.48020228;-2.60468180;-0.12602117;8.93688044;1.62620663
1251;125.02662491;0.00000000;18.63918222;-19.65122411;0.67933744;2.46532134;-2.61723407;-0.12526556;8.95504788;1.64458131
1252;125.12656625;0.00000000;18.55235759;-19.70071881;0.69996020;2.44910299;-2.62972301;-0.12466310;8.97338319;1.65064364
1253;125.22650760;0.00000000;18.46492321;-19.74912781;0.73258889;2.41491337;-2.64215412;-0.12411684;8.99174849;1.65240408
1254;125.32644895;0.00000000;18.37689531;-19.79644841;0.74625962;2.38561552;-2.65453267;-0.12360261;9.01009589;1.65187867
1255;125.42639029;0.00000000;18.28829048;-19.84267753;0.76526476;2.36139120;-2.66686061;-0.12310503;9.02840018;1.65034988
1256;125.52633164;0.00000000;18.19912242;-19.88781365;0.78597917;2.34239612;-2.67913938;-0.12261483;9.04665055;1.64858360
1257;125.62627299;0.00000000;18.10940881;-19.93185330;0.81518242;2.32663312;-2.69136940;-0.12213373;9.06484471;1.64643870
1258;125.72621434;0.00000000;18.01916298;-19.97479524;0.83135320;2.30258790;-2.70355275;-0.12167889;9.08297882;1.64249734
1259;125.82615568;0.00000000;17.92840275;-20.01663605;0.83705846;2.28386624;-2.71569117;-0.12123065;9.10103351;1.63840691
1260;125.92609703;0.00000000;17.83714155;-20.05737448;0.85331547;2.27059776;-2.72778493;-0.12078740;9.11900763;1.63429816
1261;126.02603838;0.00000000;17.74539628;-20.09700785;0.87954091;2.24707369;-2.73983426;-0.12034164;9.13690145;1.63079150
1262;126.12597972;0.00000000;17.65317954;-20.13553553;0.91487908;2.22429455;-2.75183977;-0.11991101;9.15472201;1.62639491
1263;126.22592107;0.00000000;17.56050874;-20.17295493;0.93425618;2.20517635;-2.76380241;-0.11948127;9.17246005;1.62231219
1264;126.32586242;0.00000000;17.46739693;-20.20926538;0.93779557;2.18924580;-2.77572254;-0.11906290;9.19011944;1.61764910
1265;126.42580376;0.00000000;17.37386049;-20.24446500;0.95070490;2.17897462;-2.78760123;-0.11865169;9.20769436;1.61276374
1266;126.52574511;0.00000000;17.27991242;-20.27855328;0.97261352;2.16746514;-2.79943950;-0.11825438;9.22518287;1.60708129
1267;126.62568646;0.00000000;17.18556887;-20.31152859;0.99358049;2.15147039;-2.81123836;-0.11786232;9.24257685;1.60134533
1268;126.72562780;0.00000000;17.09084263;-20.34339059;1.02278539;2.14120105;-2.82299864;-0.11748305;9.25987624;1.59490251
1269;126.82556915;0.00000000;16.99574925;-20.37413814;1.05344771;2.13673741;-2.83471859;-0.11703884;9.27707397;1.59444825
1270;126.92551050;0.00000000;16.90030249;-20.40377136;1.08302598;2.11758929;-2.84639316;-0.11659250;9.29423499;1.59447151
1271;127.02545184;0.00000000;16.80451691;-20.43229043;1.11151339;2.08902579;-2.85802236;-0.11612081;9.31136463;1.59697654
1272;127.12539319;0.00000000;16.70840720;-20.45969587;1.13477270;2.06154332;-2.86960410;-0.11565266;9.32848965;1.59941477
1273;127.22533454;0.00000000;16.61198688;-20.48598866;1.12440979;2.03518453;-2.88114049;-0.11521607;9.34560937;1.59933729
1274;127.32527588;0.00000000;16.51527043;-20.51116940;1.12173064;2.00994746;-2.89263435;-0.11479888;9.36269696;1.59784018
1275;127.42521723;0.00000000;16.41827096;-20.53523897;1.12679458;1.98583001;-2.90408699;-0.11438847;9.37973747;1.59604877
1276;127.52515858;0.00000000;16.32100329;-20.55819793;1.13950169;1.96692084;-2.91549919;-0.11399305;9.39672802;1.59323744
1277;127.62509993;0.00000000;16.22347955;-20.58004745;1.15960313;1.95408092;-2.92687281;-0.11361388;9.41365806;1.58930539
1278;127.72504127;0.00000000;16.12571506;-20.60078800;1.18028595;1.94742843;-2.93820915;-0.11324958;9.43051604;1.58438364
1279;127.82498262;0.00000000;16.02772093;-20.62042093;1.19987212;1.94702385;-2.94950999;-0.11290109;9.44729187;1.57839750
1280;127.92492397;0.00000000;15.92951278;-20.63894667;1.21835998;1.95286767;-2.96077664;-0.11256797;9.46397475;1.57139470
1281;128.02486531;0.00000000;15.83110099;-20.65636664;1.23574935;1.96479587;-2.97201085;-0.11224836;9.48055445;1.56355024
1282;128.12480666;0.00000000;15.73250156;-20.67268125;1.25203925;1.94851169;-2.98321364;-0.11194333;9.49702265;1.55477337
1283;128.22474801;0.00000000;15.63372406;-20.68789201;1.26723012;1.93332885;-2.99438688;-0.11165270;9.51337015;1.54508584
1284;128.32468935;0.00000000;15.53478484;-20.70199934;1.28132144;1.91924685;-3.00553158;-0.11137656;9.52958800;1.53448717
1285;128.42463070;0.00000000;15.43569270;-20.71500476;1.29431406;1.90626398;-3.01664958;-0.11111377;9.54566733;1.52308577
1286;128.52457205;0.00000000;15.33646443;-20.72690873;1.30620779;1.89437988;-3.02774178;-0.11086518;9.56160046;1.51080874
1287;128.62451339;0.00000000;15.23710802;-20.73771278;1.31700373;1.88359295;-3.03881007;-0.11062994;9.57737897;1.49773951
1288;128.72445474;0.00000000;15.13764071;-20.74741741;1.32670195;1.87390290;-3.04985526;-0.11040870;9.59299537;1.48382241
1289;128.82439609;0.00000000;15.03806974;-20.75602412;1.33530368;1.86530824;-3.06087930;-0.11020041;9.60844163;1.46915933
1290;128.92433743;0.00000000;14.93841281;-20.76353347;1.34280918;1.85780871;-3.07188289;-0.11000595;9.62371082;1.45367268
1291;129.02427878;0.00000000;14.83867639;-20.76994694;1.34921975;1.85140293;-3.08286801;-0.10982427;9.63879526;1.43746493
1292;129.12422013;0.00000000;14.73887870;-20.77526515;1.35453579;1.84609063;-3.09383532;-0.10965627;9.65368833;1.42045569
1293;129.22416147;0.00000000;14.63902545;-20.77948949;1.35875858;1.84187054;-3.10478683;-0.10950086;9.66838264;1.40275148
1294;129.32410282;0.00000000;14.53913538;-20.78262072;1.36188868;1.83874233;-3.11572310;-0.10935900;9.68287192;1.38426468
1295;129.42404417;0.00000000;14.43921346;-20.78466010;1.36392729;1.80788618;-3.12664622;-0.10922959;9.69714902;1.36510568
1296;129.52398552;0.00000000;14.33927899;-20.78560853;1.36487512;1.78167273;-3.13755666;-0.10911364;9.71120797;1.34518174
1297;129.62392686;0.00000000;14.23933619;-20.78546713;1.36473325;1.76182144;3.13472874;-0.10901011;9.72504184;1.32459566
1298;129.72386821;0.00000000;14.13940496;-20.78423696;1.36808754;1.74855197;3.12383897;-0.10891997;9.73864480;1.30325908
1299;129.82380956;0.00000000;14.03948879;-20.78191897;1.37761998;1.74201431;3.11295712;-0.10884199;9.75201012;1.28129395
1300;129.92375090;0.00000000;13.93960816;-20.77851440;1.39320257;1.74228481;3.10208289;-0.10877734;9.76513236;1.25859409
1301;130.02369225;0.00000000;13.83976587;-20.77402400;1.41463561;1.74677554;3.09121399;-0.10872540;9.77800497;1.23522188
1302;130.12363360;0.00000000;13.73998301;-20.76844923;1.44080629;1.75235082;3.08035012;-0.10868679;9.79062207;1.21112431
1303;130.22357494;0.00000000;13.64026168;-20.76179061;1.44175658;1.75901014;3.06948901;-0.10865954;9.80297727;1.18649611
1304;130.32351629;0.00000000;13.54062362;-20.75404986;1.43403158;1.76675189;3.05863052;-0.10864551;9.81506614;1.16116118
1305;130.42345764;0.00000000;13.44107023;-20.74522721;1.42522838;1.77557585;3.04777213;-0.10864622;9.82688249;1.13497851
1306;130.52339898;0.00000000;13.34162393;-20.73532466;1.41534990;1.78548019;3.03691358;-0.10866034;9.83841867;1.10808766
1307;130.62334033;0.00000000;13.24228546;-20.72434215;1.40439640;1.79646505;3.02605262;-0.10868216;9.84966850;1.08104754
1308;130.72328168;0.00000000;13.14307788;-20.71228199;1.39237135;1.80852830;3.01518946;-0.10871703;9.86063143;1.05333711
1309;130.82322302;0.00000000;13.04400125;-20.69914382;1.37924012;1.81268533;3.00432112;-0.10877311;9.87130164;1.02416878
1310;130.92316437;0.00000000;12.94507944;-20.68493028;1.36499735;1.79792488;2.99344715;-0.10884310;9.88166533;0.99427625
