id; s_m; d_m; x_m; y_m; d_right; d_left; psi_rad; kappa_radpm; vx_mps; ax_mps2
0;0.00000000;0.00000000;8.82811128;-2.40300927;0.61695213;2.49715179;3.07434628;-0.35313704;5.55771341;0.97283164
1;0.09999169;0.00000000;8.72848444;-2.39454554;0.63750021;2.50561880;3.03948888;-0.34405577;5.57518865;1.18564721
2;0.19998339;0.00000000;8.62920599;-2.38265992;0.65788966;2.50306314;3.00554270;-0.33493507;5.59641298;1.38881044
3;0.29997508;0.00000000;8.53039010;-2.36745721;0.67108220;2.48168991;2.97247863;-0.32654634;5.62117223;1.55977581
4;0.39996677;0.00000000;8.43210576;-2.34903291;0.67040886;2.46742161;2.94022020;-0.31871171;5.64885001;1.70670987
5;0.49995847;0.00000000;8.33447215;-2.32748913;0.68137553;2.44708485;2.90873245;-0.31115861;5.67898055;1.84020335
6;0.59995016;0.00000000;8.23754618;-2.30291590;0.70350152;2.41361038;2.87798667;-0.30383834;5.71128972;1.96304971
7;0.69994185;0.00000000;8.14142173;-2.27541215;0.73582348;2.38679649;2.84795085;-0.29701381;5.74555546;2.06753947
8;0.79993355;0.00000000;8.04614456;-2.24506210;0.77711034;2.36682119;2.81857824;-0.29050382;5.78142552;2.16072929
9;0.89992524;0.00000000;7.95179989;-2.21196126;0.79823334;2.35381650;2.78984798;-0.28421161;5.81867606;2.24656456
10;0.99991693;0.00000000;7.85842421;-2.17618910;0.81126882;2.32111103;2.76173359;-0.27814326;5.85715517;2.32532088
11;1.09990863;0.00000000;7.76608885;-2.13783779;0.83348020;2.28610535;2.73421403;-0.27235715;5.89671876;2.39537007
12;1.19990032;0.00000000;7.67482238;-2.09698187;0.86420241;2.25760559;2.70725936;-0.26679185;5.93719853;2.45922831
13;1.29989201;0.00000000;7.58468738;-2.05371032;0.89733908;2.23583354;2.68085394;-0.26141459;5.97847231;2.51831217
14;1.39988371;0.00000000;7.49570536;-2.00809310;0.93259239;2.22094493;2.65497490;-0.25621512;6.02044449;2.57317027
15;1.49987540;0.00000000;7.40792945;-1.96021585;0.95767759;2.21303999;2.62961002;-0.25117552;6.06303085;2.62459223
16;1.59986709;0.00000000;7.32137533;-1.91014447;0.98297707;2.20016834;2.60473837;-0.24630136;6.10616229;2.67246186
17;1.69985879;0.00000000;7.23608820;-1.85796143;1.01523255;2.15692842;2.58034968;-0.24155761;6.14976958;2.71816722
18;1.79985048;0.00000000;7.15207906;-1.80372902;1.05383517;2.10640630;2.55642588;-0.23696704;6.19380773;2.76086741
19;1.89984218;0.00000000;7.06938532;-1.74752601;1.09739902;2.06163496;2.53295551;-0.23251935;6.23821944;2.80098050
20;1.99983387;0.00000000;6.98801387;-1.68941085;1.13421247;2.02297310;2.50992157;-0.22820474;6.28295563;2.83889063
21;2.09982556;0.00000000;6.90799591;-1.62945880;1.15818781;1.99076342;2.48731407;-0.22401966;6.32797459;2.87472130
22;2.19981726;0.00000000;6.82933477;-1.56772463;1.18800871;1.96529445;2.46511734;-0.21995639;6.37323771;2.90875352
23;2.29980895;0.00000000;6.75205604;-1.50428006;1.22326657;1.92963923;2.44332291;-0.21600117;6.41871181;2.94151012
24;2.39980064;0.00000000;6.67616019;-1.43917663;1.26353046;1.89019623;2.42191712;-0.21215550;6.46437270;2.97287588
25;2.49979234;0.00000000;6.60166745;-1.37248236;1.30773222;1.85732482;2.40089205;-0.20841005;6.51019510;3.00318777
26;2.59978403;0.00000000;6.52857588;-1.30424574;1.35051107;1.82791621;2.38023536;-0.20476307;6.55615953;3.03245627
27;2.69977572;0.00000000;6.45690112;-1.23453126;1.39737041;1.78716309;2.35993986;-0.20120693;6.60224725;3.06094616
28;2.79976742;0.00000000;6.38663919;-1.16338462;1.43292167;1.75071006;2.33999439;-0.19773951;6.64844396;3.08867955
29;2.89975911;0.00000000;6.31780153;-1.09086677;1.46593590;1.70762973;2.32039266;-0.19435105;6.69473612;3.11602001
30;2.99975080;0.00000000;6.25038245;-1.01702088;1.49538652;1.66990346;2.30112475;-0.19104349;6.74111593;3.14280514
31;3.09974250;0.00000000;6.18438961;-0.94190439;1.52904055;1.63925315;2.28218473;-0.18780929;6.78757341;3.16930612
32;3.19973419;0.00000000;6.11981587;-0.86555817;1.56664804;1.61605813;2.26356364;-0.18464633;6.83410282;3.19554695
33;3.29972588;0.00000000;6.05666550;-0.78803623;1.60794394;1.57392914;2.24525650;-0.18154527;6.88069892;3.22189333
34;3.39971758;0.00000000;5.99493012;-0.70937735;1.62542843;1.52696485;2.22725535;-0.17851376;6.92736189;3.24790535
35;3.49970927;0.00000000;5.93461095;-0.62963217;1.64175762;1.48690846;2.20955460;-0.17554684;6.97408559;3.27374955
36;3.59970096;0.00000000;5.87569862;-0.54883749;1.66224324;1.45431257;2.19214694;-0.17263778;7.02086643;3.29968395
37;3.69969266;0.00000000;5.81819166;-0.46704065;1.68675427;1.42967188;2.17502824;-0.16977905;7.06770453;3.32601335
38;3.79968435;0.00000000;5.76207980;-0.38427673;1.71513971;1.41337999;2.15819244;-0.16695969;7.11460433;3.35322305
39;3.89967604;0.00000000;5.70735897;-0.30058996;1.74722762;1.38522317;2.14163811;-0.16416675;7.16157690;3.38191405
40;3.99966774;0.00000000;5.65401784;-0.21601402;1.78283687;1.35685054;2.12536025;-0.16141891;7.20864136;3.41105919
41;4.09965943;0.00000000;5.60204991;-0.13059011;1.82177508;1.31349995;2.10935575;-0.15870832;7.25580219;3.44101303
42;4.19965112;0.00000000;5.55144309;-0.04435048;1.86274995;1.27802344;2.09361962;-0.15604771;7.30306860;3.47104163
43;4.29964282;0.00000000;5.50218891;0.04266676;1.89559229;1.25107584;2.07814734;-0.15343267;7.35043955;3.50132509
44;4.39963451;0.00000000;5.45427477;0.13043077;1.90868409;1.23319628;2.06293423;-0.15086009;7.39791649;3.53197883
45;4.49962620;0.00000000;5.40769055;0.21890644;1.91811536;1.21879089;2.04797659;-0.14832530;7.44550237;3.56320769
46;4.59961790;0.00000000;5.36242313;0.30806426;1.93121776;1.18969597;2.03327036;-0.14582949;7.49320278;3.59489412
47;4.69960959;0.00000000;5.31846095;0.39787193;1.94793861;1.16989818;2.01881199;-0.14336829;7.54102161;3.62723591
48;4.79960128;0.00000000;5.27579042;0.48830120;1.96820641;1.15985308;2.00459790;-0.14094290;7.58896527;3.66011850
49;4.89959298;0.00000000;5.23439872;0.57932247;1.99193199;1.13632492;1.99062472;-0.13854919;7.63703848;3.69373559
50;4.99958467;0.00000000;5.19427185;0.67090866;2.01901186;1.10528744;1.97688929;-0.13618800;7.68524837;3.72799447
51;5.09957636;0.00000000;5.15539588;0.76303279;2.04933026;1.07573494;1.96338845;-0.13385551;7.73360068;3.76308233
52;5.19956806;0.00000000;5.11775645;0.85566887;2.07248468;1.05619026;1.95011942;-0.13155289;7.78210341;3.79888865
53;5.29955975;0.00000000;5.08133868;0.94879240;2.08252447;1.04719439;1.93707921;-0.12927652;7.83076293;3.83559813
54;5.39955145;0.00000000;5.04612790;1.04237840;2.09601375;1.04852057;1.92426536;-0.12702774;7.87958780;3.87309246
55;5.49954314;0.00000000;5.01210839;1.13640478;2.11290646;1.02544118;1.91167501;-0.12480279;7.92858487;3.91157399
56;5.59953483;0.00000000;4.97926517;1.23084759;2.13314048;1.01300473;1.89930606;-0.12260233;7.97776334;3.95097101
57;5.69952653;0.00000000;4.94758187;1.32568695;2.15664032;1.01158358;1.88715586;-0.12042387;8.02713127;3.99141353
58;5.79951822;0.00000000;4.91704319;1.42089985;2.18331739;1.01708357;1.87522251;-0.11826819;8.07669814;4.03282481
59;5.89950991;0.00000000;4.88763223;1.51646850;2.19661613;0.98772400;1.86350354;-0.11613199;8.12647223;4.07539744
60;5.99950161;0.00000000;4.85933341;1.61237086;2.19979781;0.95949352;1.85199734;-0.11401644;8.17646394;4.11903243
61;6.09949330;0.00000000;4.83212933;1.70859115;2.20637389;0.93237205;1.84070156;-0.11191886;8.22668224;4.16388888
62;6.19948499;0.00000000;4.80600419;1.80510825;2.21633391;0.90634139;1.82961479;-0.10984019;8.27713775;4.20988535
63;6.29947669;0.00000000;4.78094021;1.90190823;2.22965217;0.88388347;1.81873481;-0.10777786;8.32783984;4.25718463
64;6.39946838;0.00000000;4.75692133;1.99897087;2.24628710;0.87345347;1.80806042;-0.10573277;8.37879959;4.30570871
65;6.49946007;0.00000000;4.73392952;2.09628398;2.26618436;0.87276837;1.79758952;-0.10370255;8.43002686;4.35561458
66;6.59945177;0.00000000;4.71194846;2.19382827;2.28818975;0.87653704;1.78732108;-0.10168802;8.48153308;4.40683545
67;6.69944346;0.00000000;4.69095991;2.29159313;2.30920218;0.89096610;1.77725316;-0.09968696;8.53332862;4.41105475
68;6.79943515;0.00000000;4.67094734;2.38956022;2.32923782;0.87094826;1.76738485;-0.09770025;8.58486080;4.38097181
69;6.89942685;0.00000000;4.65189234;2.48772036;2.34831472;0.85189231;1.75771433;-0.09572583;8.63573717;4.35125156
70;6.99941854;0.00000000;4.63377820;2.58605616;2.36644946;0.83378062;1.74824081;-0.09376442;8.68597344;4.32188561
71;7.09941023;0.00000000;4.61658641;2.68455978;2.38366035;0.81659388;1.73896263;-0.09181411;8.73558469;4.29286586
72;7.19940193;0.00000000;4.60030005;2.78321479;2.39996428;0.80031451;1.72987910;-0.08987550;8.78458546;4.26418453
73;7.29939362;0.00000000;4.58490056;2.88201453;2.41537971;0.78492335;1.72098868;-0.08794695;8.83298974;4.23583411
74;7.39938531;0.00000000;4.57037086;2.98094355;2.42992383;0.77040283;1.71229078;-0.08602934;8.88081101;4.20780737
75;7.49937701;0.00000000;4.55669237;3.07999625;2.44361515;0.75673395;1.70378393;-0.08412101;8.92806226;4.18009734
76;7.59936870;0.00000000;4.54384784;3.17915819;2.45647106;0.74389913;1.69546763;-0.08222194;8.97475603;4.15269728
77;7.69936039;0.00000000;4.53181872;3.27842470;2.46851011;0.73187953;1.68734064;-0.08033072;9.02090441;4.12560070
78;7.79935209;0.00000000;4.52058759;3.37778238;2.47106104;0.72065755;1.67940248;-0.07844897;9.06651906;4.09880131
79;7.89934378;0.00000000;4.51013596;3.47722736;2.45879684;0.71021447;1.67165188;-0.07657530;9.11161128;4.07229306
80;7.99933547;0.00000000;4.50044628;3.57674729;2.44979086;0.70053272;1.66408844;-0.07470824;9.15619195;4.04607007
81;8.09932717;0.00000000;4.49150011;3.67633897;2.44161400;0.69159370;1.65671125;-0.07284696;9.20027162;4.02012667
82;8.19931886;0.00000000;4.48327979;3.77599109;2.43540587;0.68337977;1.64952024;-0.07098413;9.24386047;3.99445737
83;8.29931055;0.00000000;4.47576682;3.87570108;2.43258451;0.67587236;1.64251552;-0.06912136;9.28696837;3.96905686
84;8.39930225;0.00000000;4.46894332;3.97545869;2.43318057;0.66905365;1.63569707;-0.06725858;9.32960486;3.94391997
85;8.49929394;0.00000000;4.46279076;4.07526182;2.43721013;0.66290507;1.62906481;-0.06539704;9.37177920;3.91904173
86;8.59928563;0.00000000;4.45729105;4.17510129;2.44270994;0.65740866;1.62261850;-0.06354195;9.41350034;3.89441730
87;8.69927733;0.00000000;4.45242572;4.27497538;2.44757535;0.65254593;1.61635730;-0.06169206;9.45477696;3.87004198
88;8.79926902;0.00000000;4.44817664;4.37487598;2.45377438;0.64829886;1.61028092;-0.05984720;9.49561749;3.84591123
89;8.89926071;0.00000000;4.44452542;4.47480176;2.46342492;0.64464907;1.60438871;-0.05800651;9.53603009;3.82202063
90;8.99925241;0.00000000;4.44145388;4.57474561;2.47650417;0.64157852;1.59868042;-0.05616998;9.57602269;3.79836589
91;9.09924410;0.00000000;4.43894370;4.67470649;2.49297615;0.63906889;1.59315551;-0.05433694;9.61560297;3.77494284
92;9.19923580;0.00000000;4.43697670;4.77467833;2.51279111;0.63710211;1.58781367;-0.05251122;9.65477842;3.75174744
93;9.29922749;0.00000000;4.43553462;4.87466024;2.53588823;0.63565996;1.58265397;-0.05069113;9.69355629;3.72877577
94;9.39921918;0.00000000;4.43459936;4.97464716;2.56219510;0.63472442;1.57767611;-0.04887563;9.73194363;3.70602398
95;9.49921088;0.00000000;4.43415276;5.07463837;2.56614681;0.63427736;1.57287955;-0.04706350;9.76994729;3.68348838
96;9.59920257;0.00000000;4.43417671;5.17462979;2.56612308;0.63430077;1.56826409;-0.04525387;9.80757393;3.66116534
97;9.69919426;0.00000000;4.43465314;5.27462078;2.56564693;0.63477656;1.56382943;-0.04344652;9.84483005;3.63905134
98;9.79918596;0.00000000;4.43556394;5.37460823;2.56473639;0.63568672;1.55957541;-0.04164118;9.88172194;3.61714296
99;9.89917765;0.00000000;4.43689107;5.47459144;2.56340952;0.63701322;1.55550181;-0.03983755;9.91825575;3.59543686
100;9.99916934;0.00000000;4.43861646;5.57456827;2.56168433;0.63873802;1.55160848;-0.03803596;9.95443744;3.57392979
101;10.09916104;0.00000000;4.44072208;5.67453800;2.55957885;0.64084313;1.54789519;-0.03623597;9.99027283;3.55261859
102;10.19915273;0.00000000;4.44318991;5.77449938;2.55711108;0.64331054;1.54436182;-0.03443726;10.02576760;3.53150017
103;10.29914442;0.00000000;4.44600194;5.87445165;2.55429901;0.64612226;1.54100826;-0.03263966;10.06092726;3.51057153
104;10.39913612;0.00000000;4.44914017;5.97439436;2.55116062;0.64926031;1.53783438;-0.03084319;10.09575719;3.48982973
105;10.49912781;0.00000000;4.45258661;6.07432665;2.54771391;0.65270672;1.53484009;-0.02904759;10.13026265;3.46927192
106;10.59911950;0.00000000;4.45632330;6.17424892;2.54397682;0.65644352;1.53202530;-0.02725288;10.16444873;3.44889531
107;10.69911120;0.00000000;4.46033225;6.27416013;2.53996734;0.66045275;1.52938994;-0.02545890;10.19832044;3.42869716
108;10.79910289;0.00000000;4.46459556;6.37406135;2.53570337;0.66471647;1.52693392;-0.02366504;10.23188263;3.40867484
109;10.89909458;0.00000000;4.46909522;6.47395154;2.53120291;0.66921672;1.52465731;-0.02187105;10.26514007;3.38882573
110;10.99908628;0.00000000;4.47381338;6.57383265;2.52648385;0.67393559;1.52255997;-0.02008031;10.29809737;3.36914732
111;11.09907797;0.00000000;4.47873202;6.67370305;2.52156415;0.63921145;1.52064151;-0.01829228;10.33075907;3.34963713
112;11.19906966;0.00000000;4.48383349;6.77356509;2.51646152;0.60851326;1.51889518;-0.01672694;10.36312958;3.33029273
113;11.29906136;0.00000000;4.48910197;6.87341736;2.51470804;0.59344800;1.51729336;-0.01531228;10.39521322;3.31111177
114;11.39905305;0.00000000;4.49452373;6.97326114;2.51677547;0.59518979;1.51581163;-0.01461690;10.42701421;3.29209194
115;11.49904474;0.00000000;4.50009157;7.07309725;2.52266165;0.60074549;1.51436033;-0.01441141;10.45853666;3.27323099
116;11.59903644;0.00000000;4.50580327;7.17292480;2.53234203;0.60644475;1.51292811;-0.01425662;10.48978459;3.25452670
117;11.69902813;0.00000000;4.51165735;7.27274513;2.54577503;0.61228617;1.51150853;-0.01413726;10.52076195;3.23597692
118;11.79901982;0.00000000;4.51765252;7.37255697;2.56290270;0.61826844;1.51010071;-0.01402380;10.55147258;3.21757954
119;11.89901152;0.00000000;4.52378765;7.47236043;2.57629877;0.62439046;1.50870391;-0.01391462;10.58192025;3.19933249
120;11.99900321;0.00000000;4.53006164;7.57215515;2.57002649;0.63065112;1.50731806;-0.01380379;10.61210863;3.18123376
121;12.09899490;0.00000000;4.53647336;7.67194110;2.56361658;0.63704932;1.50594340;-0.01369167;10.64204132;3.16328136
122;12.19898660;0.00000000;4.54302168;7.77171808;2.55707017;0.64358394;1.50457994;-0.01357999;10.67172184;3.14547335
123;12.29897829;0.00000000;4.54970549;7.87148620;2.55038839;0.65025390;1.50322762;-0.01346867;10.70115365;3.12780785
124;12.39896998;0.00000000;4.55652365;7.97124514;2.54357236;0.65705808;1.50188644;-0.01335728;10.73034012;3.11028299
125;12.49896168;0.00000000;4.56347504;8.07099496;2.53662321;0.66399537;1.50055639;-0.01324586;10.75928455;3.09289696
126;12.59895337;0.00000000;4.57055855;8.17073540;2.52954207;0.66030889;1.49923748;-0.01313448;10.78799018;3.07564797
127;12.69894507;0.00000000;4.57777304;8.27046653;2.52233007;0.62285082;1.49792971;-0.01302316;10.81646017;3.05853429
128;12.79893676;0.00000000;4.58511740;8.37018812;2.51498834;0.60002471;1.49663306;-0.01291187;10.84469763;3.04155419
129;12.89892845;0.00000000;4.59259050;8.46990020;2.50858165;0.59352002;1.49534755;-0.01280060;10.87270559;3.02470600
130;12.99892015;0.00000000;4.60019122;8.56960258;2.50602328;0.60112348;1.49407316;-0.01268935;10.90048705;3.00798808
131;13.09891184;0.00000000;4.60791844;8.66929528;2.50732611;0.60885383;1.49280989;-0.01257814;10.92804491;2.99139881
132;13.19890353;0.00000000;4.61577103;8.76897815;2.51248526;0.61670995;1.49155774;-0.01246695;10.95538204;2.97493662
133;13.29889523;0.00000000;4.62374789;8.86865117;2.52147814;0.62469072;1.49031670;-0.01235580;10.98250124;2.95859995
134;13.39888692;0.00000000;4.63184788;8.96831425;2.53426503;0.63279501;1.48908678;-0.01224466;11.00940527;2.94238728
135;13.49887861;0.00000000;4.64006989;9.06796735;2.55078994;0.64102172;1.48786797;-0.01213355;11.03609681;2.92629713
136;13.59887031;0.00000000;4.64841280;9.16761039;2.55163749;0.64936973;1.48666027;-0.01202246;11.06257853;2.91032803
137;13.69886200;0.00000000;4.65687549;9.26724333;2.54317283;0.65783791;1.48546368;-0.01191140;11.08885300;2.89447853
138;13.79885369;0.00000000;4.66545684;9.36686613;2.53458948;0.66642516;1.48427819;-0.01180035;11.11492279;2.87874724
139;13.89884539;0.00000000;4.67415573;9.46647872;2.52588857;0.67513035;1.48310380;-0.01168933;11.14079038;2.86313277
140;13.99883708;0.00000000;4.68297105;9.56608109;2.51707122;0.68395236;1.48194052;-0.01157833;11.16645822;2.84763375
141;14.09882877;0.00000000;4.69190168;9.66567316;2.50813854;0.69289008;1.48078833;-0.01146734;11.19192873;2.83224885
142;14.19882047;0.00000000;4.70094649;9.76525496;2.49909166;0.69953269;1.47964724;-0.01135638;11.21720426;2.81697677
143;14.29881216;0.00000000;4.71010438;9.86482639;2.49247433;0.67057409;1.47851724;-0.01124543;11.24228713;2.80181622
144;14.39880385;0.00000000;4.71937423;9.96438750;2.48974582;0.64985244;1.47739834;-0.01113450;11.26717962;2.78676592
145;14.49879555;0.00000000;4.72875491;10.06393818;2.49092002;0.63621310;1.47629052;-0.01102359;11.29188397;2.77182464
146;14.59878724;0.00000000;4.73824533;10.16347851;2.49599253;0.63824972;1.47519380;-0.01091269;11.31640236;2.75699116
147;14.69877893;0.00000000;4.74784435;10.26300837;2.50494076;0.64784721;1.47410816;-0.01080181;11.34073696;2.74226428
148;14.79877063;0.00000000;4.75755087;10.36252786;2.51772449;0.65755250;1.47303362;-0.01069095;11.36488989;2.72764282
149;14.89876232;0.00000000;4.76736377;10.46203686;2.53308816;0.66736449;1.47197015;-0.01058010;11.38886322;2.71312562
150;14.99875401;0.00000000;4.77728194;10.56153548;2.52318088;0.67728207;1.47091777;-0.01046926;11.41265900;2.69871155
151;15.09874571;0.00000000;4.78730426;10.66102360;2.51316984;0.68730412;1.46987647;-0.01035843;11.43627924;2.68439947
152;15.19873740;0.00000000;4.79742962;10.76050136;2.50305617;0.69742956;1.46884626;-0.01024762;11.45972592;2.67018829
153;15.29872909;0.00000000;4.80765691;10.85996861;2.49284101;0.70765727;1.46782712;-0.01013682;11.48300098;2.65607693
154;15.39872079;0.00000000;4.81798502;10.95942553;2.48251163;0.71798614;1.46681906;-0.01002602;11.50610632;2.64206432
155;15.49871248;0.00000000;4.82841282;11.05887196;2.47207533;0.72841507;1.46582208;-0.00991524;11.52904383;2.62814942
156;15.59870417;0.00000000;4.83893922;11.15830809;2.46154029;0.73894296;1.46483618;-0.00980448;11.55181535;2.61433119
157;15.69869587;0.00000000;4.84956309;11.25773376;2.45090764;0.74956870;1.46386135;-0.00969373;11.57442270;2.60060862
158;15.79868756;0.00000000;4.86028334;11.35714918;2.44017848;0.75296729;1.46289759;-0.00958297;11.59686765;2.58698071
159;15.89867925;0.00000000;4.87109883;11.45655418;2.43333757;0.72061598;1.46194491;-0.00947220;11.61915197;2.57344648
160;15.99867095;0.00000000;4.88200848;11.55594900;2.42940565;0.70124421;1.46100331;-0.00936149;11.64127738;2.56000496
161;16.09866264;0.00000000;4.89301116;11.65533345;2.42658001;0.69593567;1.46007277;-0.00925082;11.66324558;2.54665520
162;16.19865434;0.00000000;4.90410577;11.75470780;2.42778027;0.70500699;1.45915330;-0.00914009;11.68505824;2.53339627
163;16.29864603;0.00000000;4.91529119;11.85407185;2.43300159;0.71614873;1.45824490;-0.00902931;11.70671702;2.52022724
164;16.39863772;0.00000000;4.92656632;11.95342587;2.44221927;0.72738146;1.45734759;-0.00891853;11.72822352;2.50714721
165;16.49862942;0.00000000;4.93793004;12.05276968;2.45538939;0.73870401;1.45646135;-0.00880775;11.74957934;2.49415529
166;16.59862111;0.00000000;4.94938127;12.15210357;2.45067086;0.75011529;1.45558617;-0.00869739;11.77078605;2.48125058
167;16.69861280;0.00000000;4.96091886;12.25142735;2.43913787;0.76161415;1.45472201;-0.00858734;11.79184520;2.46843223
168;16.79860450;0.00000000;4.97254175;12.35074129;2.42751988;0.77319950;1.45386888;-0.00847596;11.81275830;2.45569939
169;16.89859619;0.00000000;4.98424878;12.45004522;2.41581804;0.78487020;1.45302697;-0.00836361;11.83352685;2.44305120
170;16.99858788;0.00000000;4.99603888;12.54933945;2.40403346;0.79662513;1.45219636;-0.00824920;11.85415233;2.43048685
171;17.09857958;0.00000000;5.00791086;12.64862380;2.39216733;0.80846310;1.45137730;-0.00813328;11.87463618;2.41800551
172;17.19857127;0.00000000;5.01986359;12.74789859;2.38022079;0.80906794;1.45056984;-0.00801722;11.89497984;2.40560639
173;17.29856296;0.00000000;5.03189589;12.84716364;2.36819504;0.78460679;1.44977399;-0.00790108;11.91518471;2.39328869
174;17.39855466;0.00000000;5.04400663;12.94641929;2.35609122;0.77249154;1.44898975;-0.00778506;11.93525218;2.38105163
175;17.49854635;0.00000000;5.05619461;13.04566534;2.34509632;0.76753253;1.44821711;-0.00766911;11.95518362;2.36889444
176;17.59853804;0.00000000;5.06845871;13.14490214;2.33825279;0.76913296;1.44745606;-0.00755310;11.97498037;2.35681636
177;17.69852974;0.00000000;5.08079773;13.24412953;2.33559829;0.78149203;1.44670662;-0.00743705;11.99464376;2.34481665
178;17.79852143;0.00000000;5.09321056;13.34334785;2.33714826;0.79392528;1.44596877;-0.00732101;12.01417510;2.33289456
179;17.89851312;0.00000000;5.10569601;13.44255692;2.34289550;0.80643153;1.44524254;-0.00720498;12.03357568;2.32104937
180;17.99850482;0.00000000;5.11825293;13.54175710;2.35281043;0.81900965;1.44452790;-0.00708894;12.05284675;2.30928037
181;18.09849651;0.00000000;5.13088016;13.64094822;2.36684177;0.83165844;1.44382487;-0.00697288;12.07198959;2.29758684
182;18.19848820;0.00000000;5.14357656;13.74013065;2.35646445;0.84437679;1.44313344;-0.00685681;12.09100541;2.28596810
183;18.29847990;0.00000000;5.15634094;13.83930421;2.34369568;0.85716350;1.44245362;-0.00674075;12.10989543;2.27442345
184;18.39847159;0.00000000;5.16917218;13.93846929;2.33086023;0.87001744;1.44178540;-0.00662467;12.12866086;2.26295221
185;18.49846328;0.00000000;5.18206909;14.03762570;2.31795931;0.88293743;1.44112879;-0.00650858;12.14730288;2.25155372
186;18.59845498;0.00000000;5.19503054;14.13677384;2.30499405;0.88926779;1.44048379;-0.00639249;12.16582264;2.24022732
187;18.69844667;0.00000000;5.20805535;14.23591354;2.29196566;0.86169074;1.43985040;-0.00627639;12.18422130;2.22897236
188;18.79843836;0.00000000;5.22114239;14.33504518;2.27887527;0.84517852;1.43922862;-0.00616028;12.20250000;2.21778819
189;18.89843006;0.00000000;5.23429048;14.43416860;2.26828448;0.84038250;1.43861845;-0.00604416;12.22065984;2.20667419
190;18.99842175;0.00000000;5.24749849;14.53328419;2.26200793;0.84750044;1.43801989;-0.00592804;12.23870194;2.19562972
191;19.09841344;0.00000000;5.26076522;14.63239181;2.26008276;0.86076945;1.43743294;-0.00581190;12.25662738;2.18465417
192;19.19840514;0.00000000;5.27408957;14.73149183;2.26252122;0.87409688;1.43685761;-0.00569576;12.27443722;2.17374694
193;19.29839683;0.00000000;5.28747034;14.83058411;2.26873156;0.88748151;1.43629388;-0.00557961;12.29213254;2.16290742
194;19.39838852;0.00000000;5.30090641;14.92966904;2.27571120;0.90092221;1.43574178;-0.00546345;12.30971437;2.15213502
195;19.49838022;0.00000000;5.31439659;15.02874649;2.28603111;0.91441778;1.43520129;-0.00534728;12.32718375;2.14142915
196;19.59837191;0.00000000;5.32793977;15.12781684;2.27247303;0.92796709;1.43467241;-0.00523111;12.34454169;2.13078925
197;19.69836360;0.00000000;5.34153474;15.22687996;2.25886321;0.94156893;1.43415515;-0.00511493;12.36178919;2.12021472
198;19.79835530;0.00000000;5.35518039;15.32593625;2.24520279;0.93586727;1.43364951;-0.00499874;12.37892724;2.10970503
199;19.89834699;0.00000000;5.36887554;15.42498557;2.23149295;0.91445785;1.43315549;-0.00488254;12.39595683;2.09925960
200;19.99833869;0.00000000;5.38261906;15.52402833;2.21773484;0.90371650;1.43267308;-0.00476633;12.41287890;2.08887789
201;20.09833038;0.00000000;5.39640976;15.62306439;2.20392964;0.90402244;1.43220230;-0.00465012;12.42969443;2.07855936
202;20.19832207;0.00000000;5.41024653;15.72209416;2.19407867;0.91302593;1.43174314;-0.00453390;12.44640434;2.06830347
203;20.29831377;0.00000000;5.42412818;15.82111752;2.18871079;0.92454710;1.43129559;-0.00441767;12.46300956;2.05810970
204;20.39830546;0.00000000;5.43805358;15.92013487;2.18786015;0.93843870;1.43085967;-0.00430144;12.47951101;2.04797752
205;20.49829715;0.00000000;5.45202155;16.01914608;2.19153318;0.95237460;1.43043538;-0.00418520;12.49590959;2.03790641
206;20.59828885;0.00000000;5.46603098;16.11815158;2.19970837;0.96635366;1.43002271;-0.00406895;12.51220620;2.02789587
207;20.69828054;0.00000000;5.48008066;16.21715123;2.21233695;0.98037463;1.42962166;-0.00395269;12.52840171;2.01794540
208;20.79827223;0.00000000;5.49416949;16.31614546;2.20599164;0.99443636;1.42923223;-0.00383643;12.54449700;2.00805450
209;20.89826393;0.00000000;5.50829628;16.41513414;2.19187812;1.00853760;1.42885443;-0.00372016;12.56049292;1.99822267
210;20.99825562;0.00000000;5.52245991;16.51411769;2.17772846;1.02267720;1.42848826;-0.00360389;12.57639033;1.98844944
211;21.09824731;0.00000000;5.53665918;16.61309600;2.16354385;1.03302894;1.42813372;-0.00348761;12.59219007;1.97873431
212;21.19823901;0.00000000;5.55089300;16.71206948;2.14932545;1.00962180;1.42779080;-0.00337133;12.60789295;1.96907683
213;21.29823070;0.00000000;5.56516015;16.81103803;2.13593362;0.99463727;1.42745951;-0.00325504;12.62349980;1.95947652
214;21.39822239;0.00000000;5.57945954;16.91000205;2.12713033;0.98961178;1.42713984;-0.00313874;12.63901143;1.94993292
215;21.49821409;0.00000000;5.59378997;17.00896146;2.12297384;0.99469515;1.42683181;-0.00302244;12.65442864;1.94044556
216;21.59820578;0.00000000;5.60815032;17.10791666;2.12349259;1.00908553;1.42653541;-0.00290614;12.66975221;1.93101401
217;21.69819747;0.00000000;5.62253941;17.20686755;2.12868433;1.02350495;1.42625063;-0.00278983;12.68498293;1.92163781
218;21.79818917;0.00000000;5.63695612;17.30581456;2.13851618;1.03795229;1.42597749;-0.00267352;12.70012155;1.91231653
219;21.89818086;0.00000000;5.65139926;17.40475758;2.14860404;1.05242636;1.42571597;-0.00255720;12.71516885;1.90304972
220;21.99817255;0.00000000;5.66586772;17.50369703;2.13413408;1.04770828;1.42546609;-0.00244088;12.73012558;1.89383695
221;22.09816425;0.00000000;5.68036031;17.60263282;2.11964048;1.02730791;1.42522784;-0.00232456;12.74499248;1.88467781
222;22.19815594;0.00000000;5.69487591;17.70156536;2.10512436;1.01640260;1.42500122;-0.00220823;12.75977028;1.87557186
223;22.29814763;0.00000000;5.70941334;17.80049457;2.09130801;1.01529722;1.42478623;-0.00209190;12.77445970;1.86651869
224;22.39813933;0.00000000;5.72397148;17.89942086;2.07909392;1.02402234;1.42458287;-0.00197557;12.78906148;1.85751789
225;22.49813102;0.00000000;5.73854914;17.99834415;2.07161987;1.03861005;1.42439115;-0.00185924;12.80357630;1.84856905
226;22.59812271;0.00000000;5.75314521;18.09726486;2.06893836;1.05321695;1.42421106;-0.00174290;12.81800489;1.83967177
227;22.69811441;0.00000000;5.76775851;18.19618289;2.07106919;1.06784182;1.42404260;-0.00162657;12.83234792;1.83082565
228;22.79810610;0.00000000;5.78238791;18.29509867;2.07799870;1.08248353;1.42388577;-0.00151023;12.84660608;1.82203029
229;22.89809779;0.00000000;5.79703223;18.39401211;2.08968031;1.09714086;1.42374057;-0.00139389;12.86078005;1.81328531
230;22.99808949;0.00000000;5.81169035;18.49292364;2.08857834;1.11181267;1.42360701;-0.00127755;12.87487050;1.80459032
231;23.09808118;0.00000000;5.82636109;18.59183317;2.07389255;1.12649775;1.42348509;-0.00116121;12.88887810;1.79594494
232;23.19807287;0.00000000;5.84104333;18.69074112;2.05919556;1.13184953;1.42337479;-0.00104487;12.90280348;1.78734880
233;23.29806457;0.00000000;5.85573589;18.78964741;2.04448858;1.11619503;1.42327613;-0.00092854;12.91664731;1.77880151
234;23.39805626;0.00000000;5.87043765;18.88855245;2.02977274;1.10624966;1.42318910;-0.00081220;12.93041022;1.77030271
235;23.49804796;0.00000000;5.88514742;18.98745619;2.01504924;1.10002311;1.42311370;-0.00069586;12.94409285;1.76185204
236;23.59803965;0.00000000;5.89986409;19.08635902;2.00416654;1.10287141;1.42304994;-0.00057952;12.95769581;1.75344914
237;23.69803134;0.00000000;5.91458648;19.18526088;1.99822852;1.11472385;1.42299781;-0.00046319;12.97121974;1.74509364
238;23.79802304;0.00000000;5.92931347;19.28416217;1.99728041;1.12943307;1.42295731;-0.00034686;12.98466523;1.73678519
239;23.89801473;0.00000000;5.94404386;19.38306284;2.00133049;1.14414714;1.42292844;-0.00023052;12.99803291;1.72852345
240;23.99800642;0.00000000;5.95877656;19.48196327;2.01034969;1.15886489;1.42291121;-0.00011420;13.01132335;1.72030807
241;24.09799812;0.00000000;5.97351036;19.58086344;2.02427273;1.17358509;1.42290560;0.00000211;13.02453717;1.71213871
242;24.19798981;0.00000000;5.98824417;19.67976371;2.01211392;1.18830657;1.42291163;0.00011844;13.03767494;1.70401502
243;24.29798150;0.00000000;6.00297678;19.77866405;1.99740468;1.20302811;1.42292929;0.00023478;13.05073724;1.69593667
244;24.39797320;0.00000000;6.01770709;19.87756484;1.98269868;1.21774854;1.42295858;0.00035109;13.06372464;1.68790333
245;24.49796489;0.00000000;6.03243391;19.97646604;1.96799710;1.23246665;1.42299950;0.00046738;13.07663773;1.67991468
246;24.59795658;0.00000000;6.04715613;20.07536804;1.95330108;1.23242691;1.42305205;0.00058365;13.08947704;1.67197038
247;24.69794828;0.00000000;6.06187255;20.17427079;1.93861183;1.21389295;1.42311622;0.00069989;13.10224315;1.66407011
248;24.79793997;0.00000000;6.07658207;20.27317467;1.92393047;1.20340183;1.42319202;0.00081641;13.11493660;1.65621356
249;24.89793166;0.00000000;6.09128351;20.37207966;1.90949484;1.20116314;1.42327949;0.00093313;13.12755793;1.64840042
250;24.99792336;0.00000000;6.10597573;20.47098611;1.90022752;1.20722164;1.42337860;0.00104873;13.14010768;1.64063036
251;25.09791505;0.00000000;6.12065756;20.56989401;1.89620547;1.22145273;1.42348921;0.00116355;13.15258639;1.63290308
252;25.19790674;0.00000000;6.13532789;20.66880368;1.89451068;1.23607649;1.42361135;0.00128031;13.16499457;1.62521827
253;25.29789844;0.00000000;6.14998555;20.76771517;1.89601228;1.25068963;1.42374528;0.00139843;13.17733276;1.61757564
254;25.39789013;0.00000000;6.16462939;20.86662877;1.90278851;1.26529092;1.42389127;0.00152518;13.18960147;1.60997488
255;25.49788182;0.00000000;6.17925813;20.96554455;1.91478461;1.27987903;1.42405041;0.00165795;13.20180121;1.60241569
256;25.59787352;0.00000000;6.19387048;21.06446282;1.90616443;1.29445259;1.42422294;0.00179458;13.21393249;1.59489778
257;25.69786521;0.00000000;6.20846507;21.16338364;1.89157682;1.30901017;1.42440935;0.00193389;13.22599580;1.58742087
258;25.79785690;0.00000000;6.22304054;21.26230734;1.87700902;1.32355036;1.42460964;0.00207164;13.23799164;1.57998465
259;25.89784860;0.00000000;6.23759551;21.36123400;1.86246240;1.33807171;1.42482362;0.00220833;13.24992050;1.57258885
260;25.99784029;0.00000000;6.25212864;21.46016394;1.84793832;1.35257283;1.42505128;0.00234532;13.26178287;1.56523319
261;26.09783198;0.00000000;6.26663857;21.55909722;1.83343816;1.36705229;1.42529265;0.00248252;13.27357923;1.55791738
262;26.19782368;0.00000000;6.28112394;21.65803416;1.81896327;1.38150871;1.42554774;0.00261976;13.28531005;1.55064115
263;26.29781537;0.00000000;6.29558339;21.75697484;1.80451503;1.39594064;1.42581656;0.00275702;13.29697581;1.54340422
264;26.39780706;0.00000000;6.31001557;21.85591955;1.79009480;1.41034671;1.42609910;0.00289419;13.30857697;1.53620632
265;26.49779876;0.00000000;6.32441910;21.95486838;1.77570395;1.42472548;1.42639535;0.00303129;13.32011399;1.52904718
266;26.59779045;0.00000000;6.33879266;22.05382162;1.76134383;1.41856042;1.42670531;0.00316842;13.33158733;1.52192654
267;26.69778214;0.00000000;6.35313485;22.15277936;1.74701583;1.40535558;1.42702898;0.00330558;13.34299744;1.51484413
268;26.79777384;0.00000000;6.36744434;22.25174189;1.73272130;1.39915659;1.42736637;0.00344271;13.35434477;1.50779968
269;26.89776553;0.00000000;6.38171976;22.35070929;1.71846161;1.40005515;1.42771747;0.00357983;13.36562977;1.50079295
270;26.99775723;0.00000000;6.39595976;22.44968184;1.70564734;1.40237231;1.42808227;0.00371696;13.37685288;1.49382367
271;27.09774892;0.00000000;6.41016296;22.54865962;1.69866955;1.41059660;1.42846080;0.00385409;13.38801452;1.48689160
272;27.19774061;0.00000000;6.42432803;22.64764293;1.69760157;1.42478177;1.42885303;0.00399123;13.39911514;1.47999646
273;27.29773231;0.00000000;6.43845359;22.74663182;1.70245590;1.43892756;1.42925898;0.00412838;13.41015515;1.47313803
274;27.39772400;0.00000000;6.45253828;22.84562660;1.71318356;1.45303262;1.42967864;0.00426556;13.42113498;1.46631605
275;27.49771569;0.00000000;6.46658075;22.94462731;1.72967660;1.46709555;1.43011202;0.00440275;13.43205506;1.45953027
276;27.59770739;0.00000000;6.48057964;23.04363426;1.71944713;1.48111499;1.43055911;0.00453997;13.44291579;1.45278045
277;27.69769908;0.00000000;6.49453358;23.14264749;1.70548829;1.49508955;1.43101994;0.00467721;13.45371758;1.44606636
278;27.79769077;0.00000000;6.50844121;23.24166729;1.69157624;1.50901786;1.43149448;0.00481451;13.46446085;1.43938775
279;27.89768247;0.00000000;6.52230117;23.34069373;1.67771237;1.50797732;1.43198276;0.00495184;13.47514600;1.43274439
280;27.99767416;0.00000000;6.53611210;23.43972706;1.66389803;1.49132102;1.43248477;0.00508923;13.48577342;1.42613604
281;28.09766585;0.00000000;6.54987262;23.53876737;1.65345112;1.48119123;1.43300052;0.00522668;13.49634352;1.41956247
282;28.19765755;0.00000000;6.56358139;23.63781490;1.64906446;1.47772079;1.43353002;0.00536418;13.50685668;1.41302346
283;28.29764924;0.00000000;6.57723702;23.73686972;1.65078772;1.48095517;1.43407327;0.00550174;13.51731329;1.40651877
284;28.39764093;0.00000000;6.59083817;23.83593208;1.65860324;1.49084935;1.43463028;0.00563948;13.52771373;1.40004817
285;28.49763263;0.00000000;6.60438344;23.93500205;1.67096187;1.47939758;1.43520107;0.00577733;13.53805840;1.39361146
286;28.59762432;0.00000000;6.61787149;24.03407987;1.68264445;1.46435538;1.43578565;0.00591505;13.54834766;1.38720839
287;28.69761601;0.00000000;6.63130093;24.13316561;1.66919716;1.45598105;1.43638398;0.00605269;13.55858189;1.38083876
288;28.79760771;0.00000000;6.64467040;24.23225952;1.66122773;1.45438841;1.43699611;0.00619125;13.56876147;1.37450234
289;28.89759940;0.00000000;6.65797852;24.33136163;1.65931855;1.45959828;1.43762214;0.00633042;13.57888675;1.36819893
290;28.99759109;0.00000000;6.67122391;24.43047217;1.66349189;1.47153702;1.43826204;0.00646801;13.58895811;1.36192829
291;29.09758279;0.00000000;6.68440519;24.52959122;1.67370359;1.48469849;1.43891562;0.00660454;13.59897590;1.35569024
292;29.19757448;0.00000000;6.69752102;24.62871901;1.68984555;1.46872715;1.43958291;0.00674340;13.60894048;1.34948454
293;29.29756617;0.00000000;6.71057000;24.72785558;1.71175133;1.43686177;1.44026421;0.00688378;13.61885221;1.34331100
294;29.39755787;0.00000000;6.72355075;24.82700122;1.71812284;1.41130834;1.44095963;0.00702676;13.62871144;1.33716941
295;29.49754956;0.00000000;6.73646182;24.92615582;1.73009889;1.39241307;1.44166948;0.00717141;13.63851851;1.33105955
296;29.59754125;0.00000000;6.74930181;25.02531973;1.74779298;1.38044794;1.44239291;0.00728712;13.64827377;1.32498124
297;29.69753295;0.00000000;6.76206954;25.12449288;1.74850290;1.37559265;1.44312642;0.00738438;13.65797756;1.31893427
298;29.79752464;0.00000000;6.77476406;25.22367555;1.74538138;1.37792139;1.44386889;0.00745647;13.66763023;1.31291844
299;29.89751633;0.00000000;6.78738462;25.32286754;1.74805801;1.38344715;1.44461729;0.00751265;13.67723210;1.30693355
300;29.99750803;0.00000000;6.79993069;25.42206914;1.75650688;1.36582068;1.44537134;0.00757002;13.68678351;1.30097940
301;30.09749972;0.00000000;6.81240164;25.52128003;1.77064587;1.35528533;1.44613118;0.00762813;13.69628480;1.29505580
302;30.19749141;0.00000000;6.82479692;25.62050052;1.79034079;1.34907068;1.44689688;0.00768754;13.70573628;1.28916256
303;30.29748311;0.00000000;6.83711592;25.71973038;1.81541131;1.32698778;1.44766858;0.00774775;13.71513828;1.28329949
304;30.39747480;0.00000000;6.84935805;25.81896990;1.83534738;1.29032785;1.44844628;0.00780747;13.72449112;1.27746639
305;30.49746650;0.00000000;6.86152270;25.91821881;1.85615354;1.26047698;1.44922993;0.00786690;13.73379513;1.27166308
306;30.59745819;0.00000000;6.87360928;26.01747741;1.88212450;1.23792720;1.45001952;0.00792614;13.74305061;1.26588937
307;30.69744988;0.00000000;6.88561718;26.11674540;1.91305037;1.22308189;1.45081503;0.00798523;13.75225788;1.26014508
308;30.79744158;0.00000000;6.89754582;26.21602309;1.93106797;1.21622257;1.45161643;0.00804416;13.76141726;1.25443002
309;30.89743327;0.00000000;6.90939459;26.31531020;1.93899595;1.21748368;1.45242372;0.00810299;13.77052904;1.24874401
310;30.99742496;0.00000000;6.92116293;26.41460702;1.95210048;1.18161172;1.45323689;0.00816155;13.77959354;1.24308687
311;31.09741666;0.00000000;6.93285022;26.51391327;1.97027879;1.14542492;1.45405590;0.00821996;13.78861106;1.23745843
312;31.19740835;0.00000000;6.94445589;26.61322924;1.99339268;1.11696406;1.45488073;0.00827805;13.79758189;1.23185850
313;31.29740004;0.00000000;6.95597934;26.71255463;2.02127332;1.09683026;1.45571137;0.00833595;13.80650634;1.22628690
314;31.39739174;0.00000000;6.96742001;26.81188974;2.05372718;1.08548635;1.45654778;0.00839349;13.81538470;1.22074347
315;31.49738343;0.00000000;6.97877729;26.91123427;2.08581966;1.08320800;1.45738992;0.00845082;13.82421726;1.21522803
316;31.59737512;0.00000000;6.99005063;27.01058851;2.10151566;1.07724908;1.45823779;0.00850774;13.83300431;1.20974041
317;31.69736682;0.00000000;7.00123943;27.10995216;2.12189555;1.05844538;1.45909132;0.00856441;13.84174614;1.20428044
318;31.79735851;0.00000000;7.01234316;27.20932549;2.13539430;1.04474679;1.45995051;0.00862060;13.85044303;1.19884795
319;31.89735020;0.00000000;7.02336120;27.30870822;2.14782404;1.01630880;1.46081529;0.00867651;13.85909528;1.19344277
320;31.99734190;0.00000000;7.03429304;27.40810061;2.16489093;0.97250440;1.46168566;0.00873196;13.86770315;1.18806473
321;32.09733359;0.00000000;7.04513807;27.50750236;2.18648686;0.93727635;1.46256154;0.00878713;13.87626693;1.18271367
322;32.19732528;0.00000000;7.05589577;27.60691375;2.21247978;0.91161884;1.46344292;0.00884167;13.88478689;1.17738943
323;32.29731698;0.00000000;7.06656557;27.70633446;2.24271724;0.89635366;1.46432972;0.00889585;13.89326330;1.17209185
324;32.39730867;0.00000000;7.07714694;27.80576477;2.26376630;0.89201391;1.46522193;0.00894970;13.90169645;1.16682076
325;32.49730036;0.00000000;7.08763932;27.90520437;2.27446654;0.89116922;1.46611951;0.00900338;13.91008659;1.16157600
326;32.59729206;0.00000000;7.09804218;28.00465351;2.28957660;0.86675743;1.46702242;0.00905607;13.91843399;1.15635741
327;32.69728375;0.00000000;7.10835497;28.10411189;2.30901038;0.84288069;1.46793056;0.00910818;13.92673892;1.15116485
328;32.79727544;0.00000000;7.11857718;28.20357975;2.33266036;0.82132475;1.46884392;0.00916068;13.93500165;1.14599814
329;32.89726714;0.00000000;7.12870827;28.30305681;2.36040022;0.78739730;1.46976255;0.00921340;13.94322242;1.14085715
330;32.99725883;0.00000000;7.13874773;28.40254330;2.38128750;0.76503083;1.47068639;0.00926437;13.95140151;1.13574170
331;33.09725052;0.00000000;7.14869501;28.50203892;2.38639708;0.75525274;1.47161525;0.00931435;13.95953916;1.13065166
332;33.19724222;0.00000000;7.15854962;28.60154384;2.39576542;0.75854946;1.47254916;0.00936606;13.96763563;1.12558686
333;33.29723391;0.00000000;7.16831103;28.70105785;2.40934331;0.74741634;1.47348832;0.00941871;13.97569117;1.12054717
334;33.39722560;0.00000000;7.17797873;28.80058108;2.42706063;0.72582526;1.47443263;0.00946761;13.98370604;1.11553242
335;33.49721730;0.00000000;7.18755220;28.90011339;2.44882799;0.70584058;1.47538165;0.00951442;13.99168047;1.11054248
336;33.59720899;0.00000000;7.19703098;28.99965484;2.46441318;0.67670387;1.47633549;0.00956540;13.99961473;1.10557720
337;33.69720068;0.00000000;7.20641454;29.09920523;2.47933799;0.64475179;1.47729461;0.00961876;14.00750904;1.10063642
338;33.79719238;0.00000000;7.21570231;29.19876455;2.49827304;0.62718273;1.47826070;0.00972285;14.01536366;1.09572001
339;33.89718407;0.00000000;7.22489328;29.29833291;2.49996403;0.62520939;1.47923953;0.00985533;14.02317882;1.09082783
340;33.99717576;0.00000000;7.23398611;29.39791017;2.50449537;0.63430992;1.48023213;0.01000418;14.03095477;1.08595972
341;34.09716746;0.00000000;7.24297933;29.49749666;2.51309981;0.64331062;1.48124036;0.01016222;14.03869174;1.08111556
342;34.19715915;0.00000000;7.25187137;29.59709223;2.52573725;0.65220989;1.48226406;0.01030956;14.04638996;1.07629519
343;34.29715085;0.00000000;7.26066073;29.69669692;2.53948370;0.64453179;1.48330200;0.01045105;14.05404967;1.07149849
344;34.39714254;0.00000000;7.26934606;29.79631031;2.53382262;0.61508134;1.48434954;0.01045148;14.06167109;1.06672530
345;34.49713423;0.00000000;7.27792733;29.89593312;2.53220504;0.60091598;1.48539073;0.01037388;14.06925447;1.06197551
346;34.59712593;0.00000000;7.28640549;29.99556364;2.53463759;0.59196533;1.48640900;0.00982814;14.07680002;1.05724896
347;34.69711762;0.00000000;7.29478592;30.09520390;2.54110356;0.59507953;1.48735166;0.00902657;14.08430797;1.05254553
348;34.79710931;0.00000000;7.30307642;30.19485040;2.55156409;0.60335625;1.48820869;0.00805632;14.09177854;1.04786507
349;34.89710101;0.00000000;7.31128679;30.29450515;2.56596118;0.61155365;1.48896119;0.00699490;14.09921197;1.04320747
350;34.99709270;0.00000000;7.31942737;30.39416439;2.58079504;0.61968192;1.48960720;0.00592249;14.10660846;1.03857258
351;35.09708439;0.00000000;7.32750902;30.49382960;2.57271820;0.62775191;1.49014550;0.00484426;14.11396824;1.03396028
352;35.19707609;0.00000000;7.33554231;30.59349758;2.56468977;0.63577407;1.49057621;0.00377336;14.12129153;1.02937044
353;35.29706778;0.00000000;7.34353807;30.69316967;2.55669886;0.64375923;1.49090018;0.00270649;14.12857854;1.02480292
354;35.39705947;0.00000000;7.35150677;30.79284285;2.54873506;0.65171776;1.49111745;0.00163891;14.13582948;1.02025760
355;35.49705117;0.00000000;7.35945922;30.89251836;2.54078754;0.65966048;1.49122793;0.00057103;14.14304457;1.01573435
356;35.59704286;0.00000000;7.36740590;30.99219333;2.53284587;0.66759777;1.49123164;-0.00049681;14.15022401;1.01123304
357;35.69703455;0.00000000;7.37535760;31.09186887;2.52489923;0.67554045;1.49112858;-0.00156455;14.15736802;1.00675356
358;35.79702625;0.00000000;7.38332483;31.19154224;2.51693718;0.68349892;1.49091876;-0.00263246;14.16447681;1.00229577
359;35.89701794;0.00000000;7.39131836;31.29121439;2.50894890;0.69148399;1.49060214;-0.00370039;14.17155058;0.99785955
360;35.99700963;0.00000000;7.39934871;31.39088275;2.50092395;0.69950610;1.49017873;-0.00476845;14.17858953;0.99344478
361;36.09700133;0.00000000;7.40742664;31.49054806;2.49285153;0.70757603;1.48964853;-0.00583652;14.18559388;0.98905134
362;36.19699302;0.00000000;7.41556267;31.59020789;2.48472117;0.71570425;1.48901152;-0.00690474;14.19256381;-2.19098180
363;36.29698471;0.00000000;7.42376757;31.68986278;2.47652211;0.72390153;1.48826769;-0.00797300;14.17711915;-10.97112165
364;36.39697641;0.00000000;7.43205186;31.78951044;2.46824387;0.73217835;1.48741705;-0.00904136;14.09952714;-10.77217654
365;36.49696810;0.00000000;7.44042628;31.88915118;2.45987569;0.74054547;1.48645957;-0.01010977;14.02292441;-10.57751981
366;36.59695979;0.00000000;7.44890138;31.98878285;2.45140708;0.74901340;1.48539526;-0.01117834;13.94729654;-10.38704650
367;36.69695149;0.00000000;7.45748787;32.08840549;2.44282733;0.75759286;1.48422409;-0.01224700;13.87262932;-10.20065029
368;36.79694318;0.00000000;7.46619632;32.18801709;2.43412591;0.76629440;1.48294606;-0.01331571;13.79890878;-10.01821839
369;36.89693487;0.00000000;7.47503743;32.28761739;2.42529216;0.77512871;1.48156116;-0.01438449;13.72612131;-9.83962965
370;36.99692657;0.00000000;7.48402176;32.38720455;2.40274674;0.78410636;1.48006939;-0.01545340;13.65425369;-9.66478013
371;37.09691826;0.00000000;7.49315998;32.48677797;2.37078394;0.79323803;1.47847073;-0.01652245;13.58329299;-9.49353751
372;37.19690995;0.00000000;7.50246268;32.58633595;2.34249680;0.80253429;1.47676517;-0.01759180;13.51322680;-9.32581214
373;37.29690165;0.00000000;7.51194050;32.68587757;2.31800943;0.81939490;1.47495266;-0.01866142;13.44404296;-9.16168668
374;37.39689334;0.00000000;7.52160404;32.78540122;2.29743298;0.84796761;1.47303321;-0.01973030;13.37572824;-9.00098005
375;37.49688503;0.00000000;7.53146391;32.88490566;2.27742991;0.88713097;1.47100692;-0.02079892;13.30827034;-8.84321373
376;37.59687673;0.00000000;7.54153071;32.98438939;2.26075315;0.93556488;1.46887371;-0.02186947;13.24166015;-8.68843740
377;37.69686842;0.00000000;7.55181502;33.08385080;2.24818622;0.95311947;1.46663336;-0.02294121;13.17588785;-8.53693860
378;37.79686012;0.00000000;7.56232747;33.18328849;2.23755973;0.96359062;1.46428588;-0.02401200;13.11094103;-8.38851462
379;37.89685181;0.00000000;7.57307863;33.28270045;2.19983367;0.97430006;1.46183136;-0.02508251;13.04680846;-8.24390545
380;37.99684350;0.00000000;7.58407910;33.38208540;2.16583223;0.98525841;1.45926996;-0.02614786;12.98347284;-8.10256088
381;38.09683520;0.00000000;7.59533935;33.48144091;2.13572352;0.99647609;1.45660225;-0.02721075;12.92092061;-7.96417513
382;38.19682689;0.00000000;7.60686993;33.58076581;2.10966387;1.00796371;1.45382829;-0.02827250;12.85914020;-7.82852871
383;38.29681858;0.00000000;7.61868120;33.68005726;2.08779491;1.02912446;1.45094822;-0.02933395;12.79812138;-7.69545705
384;38.39681028;0.00000000;7.63078373;33.77931415;2.07023893;1.05961475;1.44796197;-0.03039566;12.73785490;-7.56485100
385;38.49680197;0.00000000;7.64318779;33.87853322;2.05709614;1.09703763;1.44486956;-0.03145788;12.67833202;-7.43674101
386;38.59679366;0.00000000;7.65590398;33.97771343;2.04436857;1.13628339;1.44167092;-0.03252000;12.61954350;-7.31098685
387;38.69678536;0.00000000;7.66894251;34.07685104;2.03131817;1.16904281;1.43836608;-0.03358248;12.56148090;-7.18749571
388;38.79677705;0.00000000;7.68231397;34.17594509;2.01751382;1.18242473;1.43495495;-0.03464549;12.50413622;-7.06616880
389;38.89676874;0.00000000;7.69602853;34.27499138;1.97575333;1.19615079;1.43143753;-0.03570927;12.44750201;-6.94700316
390;38.99676044;0.00000000;7.71009678;34.37398897;1.93792200;1.21023167;1.42781367;-0.03677344;12.39157056;-6.82988427
391;39.09675213;0.00000000;7.72452881;34.47293318;1.90424514;1.22467758;1.42408342;-0.03783837;12.33633485;-6.71477151
392;39.19674382;0.00000000;7.73933526;34.57182313;1.87493614;1.23949926;1.42024660;-0.03890394;12.28178793;-6.60155922
393;39.29673552;0.00000000;7.75452611;34.67065360;1.85019327;1.25698929;1.41630324;-0.03997046;12.22792348;-6.49020761
394;39.39672721;0.00000000;7.77011202;34.76942376;1.83019104;1.28244461;1.41225313;-0.04103785;12.17473527;-6.38061972
395;39.49671890;0.00000000;7.78610289;34.86812787;1.81422663;1.31541180;1.40809630;-0.04210640;12.12221766;-6.27290269
396;39.59671060;0.00000000;7.80250941;34.96676509;1.79784937;1.35535276;1.40383254;-0.04317500;12.07036390;-6.16689490
397;39.69670229;0.00000000;7.81934138;35.06532918;1.78104983;1.40167905;1.39946198;-0.04424441;12.01916836;-6.06215753
398;39.79669398;0.00000000;7.83660949;35.16381929;1.76381763;1.43667236;1.39498428;-0.04531730;11.96862889;-5.95875623
399;39.89668568;0.00000000;7.85432344;35.26222861;1.74614354;1.45437199;1.39039919;-0.04639290;11.91874260;-5.85736576
400;39.99667737;0.00000000;7.87249400;35.36055629;1.70272096;1.47252963;1.38570653;-0.04746616;11.86950080;-5.75763444
401;40.09666906;0.00000000;7.89113073;35.45879495;1.65839100;1.49115503;1.38090672;-0.04853916;11.82089751;-5.66077206
402;40.19666076;0.00000000;7.91024437;35.55694373;1.61857874;1.51025918;1.37599980;-0.04960289;11.77291628;-5.56593756
403;40.29665245;0.00000000;7.92984421;35.65499469;1.58361733;1.52985161;1.37098699;-0.05066294;11.72554743;-5.47284604
404;40.39664414;0.00000000;7.94994090;35.75294698;1.55382355;1.55334407;1.36586811;-0.05172098;11.67878351;-5.38114841
405;40.49663584;0.00000000;7.97054349;35.85079207;1.52949106;1.58330429;1.36064361;-0.05277920;11.63261983;-5.29059692
406;40.59662753;0.00000000;7.99166260;35.94852908;1.50838931;1.61938349;1.35531308;-0.05383911;11.58705366;-5.20109110
407;40.69661922;0.00000000;8.01330710;36.04614888;1.48676722;1.66119009;1.34987660;-0.05490115;11.54208303;-5.11261501
408;40.79661092;0.00000000;8.03548766;36.14365053;1.46461496;1.70831346;1.34433369;-0.05596514;11.49770598;-5.02506894
409;40.89660261;0.00000000;8.05821298;36.24102432;1.44192486;1.75851288;1.33868441;-0.05703153;11.45392127;-4.93852159
410;40.99659430;0.00000000;8.08149376;36.33826920;1.41868733;1.78174224;1.33292827;-0.05809950;11.41072698;-4.85283396
411;41.09658600;0.00000000;8.10533852;36.43537484;1.39489525;1.80553886;1.32706538;-0.05916981;11.36812227;-4.76790191
412;41.19657769;0.00000000;8.12975798;36.53234009;1.37053934;1.82991401;1.32109519;-0.06024296;11.32610713;-4.68365983
413;41.29656939;0.00000000;8.15476046;36.62915402;1.34561316;1.85487646;1.31501769;-0.06131917;11.28468203;-4.60021830
414;41.39656108;0.00000000;8.18035674;36.72581534;1.32010790;1.88043760;1.30883230;-0.06239726;11.24384638;-4.51742145
415;41.49655277;0.00000000;8.20655491;36.82231250;1.29401796;1.90660607;1.30253917;-0.06347815;11.20360086;-4.43521423
416;41.59654447;0.00000000;8.23336578;36.91864404;1.26733518;1.93339334;1.29613762;-0.06456198;11.16394657;-4.35351206
417;41.69653616;0.00000000;8.26079720;37.01479781;1.24005506;1.96080795;1.28962773;-0.06564911;11.12488530;-4.27190808
418;41.79652785;0.00000000;8.28886001;37.11077213;1.21217036;1.98886147;1.28300868;-0.06674249;11.08642243;-4.19050462
419;41.89651955;0.00000000;8.31756187;37.20655428;1.18332576;1.99724082;1.27628019;-0.06784100;11.04856239;-4.11011355
420;41.99651124;0.00000000;8.34691366;37.30214233;1.15383062;2.00153322;1.26944166;-0.06893772;11.01130222;-4.03027899
421;42.09650293;0.00000000;8.37692277;37.39752292;1.13137977;2.01106809;1.26249369;-0.07003601;10.97464294;-3.94827246
422;42.19649463;0.00000000;8.40760002;37.49269386;1.11676038;2.02619041;1.25543481;-0.07115804;10.93861046;-3.86535042
423;42.29648632;0.00000000;8.43895269;37.58764120;1.11027226;2.04678560;1.24826299;-0.07229312;10.90321938;-3.77907817
424;42.39647801;0.00000000;8.47099188;37.68236231;1.11204633;2.07270165;1.24097625;-0.07346127;10.86850680;-3.69125945
425;42.49646971;0.00000000;8.50372498;37.77684260;1.09709135;2.10375004;1.23357161;-0.07464704;10.83449350;-3.60388244
426;42.59646140;0.00000000;8.53716342;37.87107891;1.06392236;2.11109230;1.22604808;-0.07583325;10.80118201;-3.51654860
427;42.69645309;0.00000000;8.57131437;37.96505594;1.02971064;2.12173627;1.21840607;-0.07702282;10.76857844;-3.42946687
428;42.79644479;0.00000000;8.60618920;38.05877020;0.99460230;2.13776892;1.21064476;-0.07821349;10.73668688;-3.34227404
429;42.89643648;0.00000000;8.64179470;38.15220577;0.96740570;2.14983090;1.20276452;-0.07940788;10.70551474;-3.25447262
430;42.99642817;0.00000000;8.67814216;38.24535875;0.94459957;2.15929867;1.19476425;-0.08060979;10.67507402;-3.16608243
431;43.09641987;0.00000000;8.71523804;38.33821263;0.92593714;2.17412471;1.18664369;-0.08181856;10.64537653;-3.07730370
432;43.19641156;0.00000000;8.75309361;38.43076305;0.91703120;2.19421220;1.17840175;-0.08303187;10.61643217;-2.98791848
433;43.29640325;0.00000000;8.79171494;38.52299280;0.91815479;2.21942729;1.17003849;-0.08425111;10.58825282;-2.89766395
434;43.39639495;0.00000000;8.83111324;38.61489710;0.90071043;2.24719476;1.16155267;-0.08547799;10.56085286;-2.80649877
435;43.49638664;0.00000000;8.87129419;38.70645808;0.89157610;2.26229891;1.15294408;-0.08671229;10.53424701;-2.71473808
436;43.59637833;0.00000000;8.91226896;38.79767047;0.88856062;2.27816931;1.14421153;-0.08795055;10.50844696;-2.62203720
437;43.69637003;0.00000000;8.95404279;38.88851571;0.84758269;2.29914024;1.13535520;-0.08919521;10.48346764;-2.52771606
438;43.79636172;0.00000000;8.99662674;38.97898809;0.81598998;2.32508556;1.12637356;-0.09045169;10.45933040;-2.43188848
439;43.89635341;0.00000000;9.04002560;39.06906825;0.79489492;2.34923790;1.11726606;-0.09171820;10.43605554;-2.33542134
440;43.99634511;0.00000000;9.08425032;39.15874980;0.77706626;2.35776883;1.10803143;-0.09298612;10.41365496;-2.23789241
441;44.09633680;0.00000000;9.12930535;39.24801309;0.76725710;2.37140899;1.09867021;-0.09425851;10.39214455;-2.13813643
442;44.19632849;0.00000000;9.17520138;39.33685104;0.73863826;2.38691310;1.08918082;-0.09554519;10.37155131;-2.03613853
443;44.29632019;0.00000000;9.22194235;39.42524325;0.71623151;2.40675332;1.07956235;-0.09684536;10.35190237;-1.93224889
444;44.39631188;0.00000000;9.26953889;39.51318202;0.70641046;2.43148369;1.06981303;-0.09815483;10.33322143;-1.82636351
445;44.49630357;0.00000000;9.31799428;39.60064592;0.70968645;2.45753203;1.05993270;-0.09947353;10.31553308;-1.71825483
446;44.59629527;0.00000000;9.36731916;39.68762694;0.72586925;2.47712018;1.04991964;-0.10080252;10.29886403;-1.60770510
447;44.69628696;0.00000000;9.41751627;39.77410298;0.71031964;2.50008806;1.03977351;-0.10214269;10.28324297;-1.49443768
448;44.79627865;0.00000000;9.46859601;39.86006524;0.68740020;2.50005620;1.02949237;-0.10349541;10.26870115;-1.37834291
449;44.89627035;0.00000000;9.52056049;39.94549084;0.67755329;2.50505292;1.01907576;-0.10486040;10.25527072;-1.25927873
450;44.99626204;0.00000000;9.57341993;40.03037029;0.67848214;2.51506165;1.00852163;-0.10623764;10.24298505;-1.13708914
451;45.09625374;0.00000000;9.62717586;40.11468002;0.66847279;2.51817957;0.99782960;-0.10762714;10.23187880;-1.01085755
452;45.19624543;0.00000000;9.68183829;40.19840987;0.66279560;2.51602750;0.98699731;-0.10903597;10.22199536;-0.88064752
453;45.29623712;0.00000000;9.73740798;40.28153522;0.63872214;2.51893680;0.97602369;-0.11046179;10.21337722;-0.74856828
454;45.39622882;0.00000000;9.79389499;40.36404554;0.62868098;2.52690410;0.96490703;-0.11188299;10.20604591;-0.61274236
455;45.49622051;0.00000000;9.85129871;40.44591474;0.60665627;2.53989412;0.95364844;-0.11331572;10.20004092;-0.50431778
456;45.59621220;0.00000000;9.90962806;40.52713117;0.59670019;2.55784342;0.94225733;-0.11446507;10.19509586;-0.40150418
457;45.69620390;0.00000000;9.96888151;40.60767251;0.60211286;2.57548123;0.93075819;-0.11554050;10.19115722;-0.40150418
458;45.79619559;0.00000000;10.02906092;40.68752521;0.60704370;2.58215501;0.91919631;-0.11551083;10.18721705;-0.38883764
459;45.89618728;0.00000000;10.09015936;40.76667852;0.61981665;2.57875853;0.90766026;-0.11523010;10.18339973;-0.35044232
460;45.99617898;0.00000000;10.15216490;40.84512209;0.63144577;2.58038815;0.89616411;-0.11466328;10.17995813;-0.28335551
461;46.09617067;0.00000000;10.21506667;40.92285075;0.63495773;2.58702893;0.88472944;-0.11405069;10.17717452;-0.21318985
462;46.19616236;0.00000000;10.27884990;40.99985625;0.60715033;2.59863519;0.87336169;-0.11329997;10.17507969;-0.13043886
463;46.29615406;0.00000000;10.34350201;41.07613490;0.59392120;2.60009013;0.86207117;-0.11253031;10.17379777;-0.04771823
464;46.39614575;0.00000000;10.40900674;41.15168071;0.59625187;2.58900615;0.85088664;-0.11107018;10.17332877;0.10451119
465;46.49613744;0.00000000;10.47534766;41.22649576;0.60223421;2.58022547;0.83985971;-0.10948675;10.17435594;0.26602204
466;46.59612914;0.00000000;10.54250222;41.30057819;0.60712610;2.57532773;0.82898424;-0.10806871;10.17697002;0.40685897
467;46.69612083;0.00000000;10.61045532;41.37393273;0.61094116;2.57150887;0.81824727;-0.10668744;10.18096674;0.54092305
468;46.79611252;0.00000000;10.67918518;41.44655596;0.61369165;2.56875606;0.80764263;-0.10544678;10.18627799;0.65769504
469;46.89610422;0.00000000;10.74867918;41.51845279;0.61538975;2.56812578;0.79715908;-0.10424051;10.19273209;0.76863871
470;46.99609591;0.00000000;10.81891649;41.58961907;0.61604660;2.57242701;0.78679632;-0.10303537;10.20026972;0.87741030
471;47.09608760;0.00000000;10.88988564;41.66006028;0.61567406;2.58162296;0.77655342;-0.10183784;10.20886722;0.98346106
472;47.19607930;0.00000000;10.96156584;41.72977269;0.61428356;2.58157683;0.76642987;-0.10065616;10.21849528;1.08605939
473;47.29607099;0.00000000;11.03394683;41.79876277;0.61188685;2.57567792;0.75642352;-0.09948535;10.22911725;1.18586566
474;47.39606268;0.00000000;11.10700766;41.86702675;0.60849545;2.55955553;0.74653393;-0.09832886;10.24070276;1.28263903
475;47.49605438;0.00000000;11.18073913;41.93457183;0.60412092;2.54488724;0.73675908;-0.09718210;10.25321899;1.37698259
476;47.59604607;0.00000000;11.25512029;42.00139437;0.59877486;2.53505129;0.72709794;-0.09606446;10.26663885;1.46695998
477;47.69603776;0.00000000;11.33014330;42.06750234;0.60430196;2.53009293;0.71754751;-0.09495697;10.28091634;1.55470218
478;47.79602946;0.00000000;11.40578705;42.13289190;0.62505106;2.53003069;0.70810711;-0.09387428;10.29602620;1.63875097
479;47.89602115;0.00000000;11.48204504;42.19757176;0.64926890;2.51785525;0.69877393;-0.09280166;10.31192894;1.72077723
480;47.99601284;0.00000000;11.55889606;42.26153798;0.64015379;2.50869802;0.68954805;-0.09173727;10.32860132;1.80106045
481;48.09600454;0.00000000;11.63633460;42.32479983;0.63012166;2.50442066;0.68042775;-0.09068050;10.34602278;1.87974297
482;48.19599623;0.00000000;11.71433943;42.38735361;0.63482074;2.50503842;0.67141317;-0.08963209;10.36417410;1.95681681
483;48.29598792;0.00000000;11.79290605;42.44920915;0.64120087;2.51053726;0.66250259;-0.08859072;10.38303596;2.03249633
484;48.39597962;0.00000000;11.87201311;42.51036288;0.66026675;2.49167593;0.65369625;-0.08755673;10.40259108;2.10680814
485;48.49597131;0.00000000;11.95165710;42.57082517;0.65426058;2.46943953;0.64499247;-0.08652951;10.42282245;2.17988101
486;48.59596301;0.00000000;12.03181657;42.63059261;0.65889979;2.45193883;0.63639157;-0.08550880;10.44371427;2.25180459
487;48.69595470;0.00000000;12.11248893;42.68967601;0.67495551;2.43926485;0.62789192;-0.08449437;10.46525161;2.32265896
488;48.79594639;0.00000000;12.19365269;42.74807221;0.69363065;2.42907784;0.61949390;-0.08348597;10.48742030;2.39252594
489;48.89593809;0.00000000;12.27530612;42.80579237;0.72495532;2.41479033;0.61119592;-0.08248351;10.51020694;2.46146703
490;48.99592978;0.00000000;12.35742772;42.86283358;0.72219789;2.40540237;0.60299839;-0.08148653;10.53359874;2.52958280
491;49.09592147;0.00000000;12.44001658;42.91920733;0.72813899;2.40096092;0.59489978;-0.08049511;10.55758386;2.59691167
492;49.19591317;0.00000000;12.52305121;42.97491096;0.74674988;2.40148437;0.58690055;-0.07950868;10.58215083;2.66356194
493;49.29590486;0.00000000;12.60653147;43.02995626;0.75159076;2.40695970;0.57899919;-0.07852747;10.60728921;2.72955134
494;49.39589655;0.00000000;12.69043590;43.08434082;0.75803410;2.40524229;0.57119622;-0.07755066;10.63298872;2.79501453
495;49.49588825;0.00000000;12.77476509;43.13807666;0.77664306;2.37823518;0.56349018;-0.07657880;10.65924039;2.85992891
496;49.59587994;0.00000000;12.85949765;43.19116168;0.80658172;2.35362993;0.55588156;-0.07561197;10.68603500;2.92432335
497;49.69587163;0.00000000;12.94463484;43.24360807;0.80231068;2.33225323;0.54836889;-0.07464970;10.71336362;2.98828857
498;49.79586333;0.00000000;13.03015539;43.29541403;0.80392192;2.31574118;0.54095280;-0.07368996;10.74121819;3.05209610
499;49.89585502;0.00000000;13.11606116;43.34659190;0.81127607;2.30335131;0.53363198;-0.07273455;10.76959315;3.08670334
500;49.99584671;0.00000000;13.20233101;43.39714021;0.82998354;2.28883563;0.52640700;-0.07178248;10.79821402;3.06950301
501;50.09583841;0.00000000;13.28896736;43.44707141;0.85931356;2.27933418;0.51927654;-0.07083443;10.82660037;3.05243736
502;50.19583010;0.00000000;13.37594925;43.49638436;0.87981713;2.27490209;0.51224107;-0.06989205;10.85475529;3.03550470
503;50.29582179;0.00000000;13.46327964;43.54509156;0.87743842;2.27555919;0.50529916;-0.06895351;10.88268179;3.01870335
504;50.39581349;0.00000000;13.55093776;43.59319218;0.88572293;2.27829485;0.49845137;-0.06801889;10.91038283;3.00203170
505;50.49580518;0.00000000;13.63892705;43.64069877;0.89658510;2.25935031;0.49169640;-0.06708778;10.93786130;2.98548812
506;50.59579687;0.00000000;13.72722698;43.68761082;0.91526635;2.24265164;0.48503474;-0.06616164;10.96512006;2.96907106
507;50.69578857;0.00000000;13.81584144;43.73394087;0.94360114;2.21933835;0.47846506;-0.06523886;10.99216188;2.95277898
508;50.79578026;0.00000000;13.90475015;43.77968875;0.96812980;2.19618459;0.47198791;-0.06431993;11.01898950;2.93661037
509;50.89577195;0.00000000;13.99395732;43.82486694;0.97705391;2.17438676;0.46560204;-0.06340425;11.04560559;2.92056374
510;50.99576365;0.00000000;14.08344307;43.86947564;0.99536981;2.15707393;0.45930803;-0.06249102;11.07201278;2.90463764
511;51.09575534;0.00000000;14.17321183;43.91352728;1.01985019;2.14490942;0.45310479;-0.06158053;11.09821365;2.88883064
512;51.19574703;0.00000000;14.26324414;43.95702242;1.02900173;2.13797414;0.44699282;-0.06067341;11.12421073;2.87314135
513;51.29573873;0.00000000;14.35354465;43.99997340;1.04707042;2.13630928;0.44097103;-0.05976898;11.15000650;2.85756838
514;51.39573042;0.00000000;14.44409435;44.04238118;1.05844983;2.11625759;0.43503992;-0.05886726;11.17560339;2.84211039
515;51.49572211;0.00000000;14.53489793;44.08425791;1.05911506;2.09906098;0.42919847;-0.05796812;11.20100380;2.82676605
516;51.59571381;0.00000000;14.62593697;44.12560501;1.06859872;2.08335148;0.42344717;-0.05707139;11.22621006;2.81153406
517;51.69570550;0.00000000;14.71721615;44.16643444;1.08667954;2.05000124;0.41778507;-0.05617697;11.25122448;2.79641314
518;51.79569719;0.00000000;14.80871766;44.20674804;1.11294438;2.02159620;0.41221263;-0.05528480;11.27604933;2.78140203
519;51.89568889;0.00000000;14.90044613;44.24655759;1.12665852;1.99833592;0.40672896;-0.05439482;11.30068683;2.76649950
520;51.99568058;0.00000000;14.99238436;44.28586532;1.13624090;1.98039645;0.40133450;-0.05350680;11.32513915;2.75170434
521;52.09567228;0.00000000;15.08453691;44.32468284;1.15391572;1.96791288;0.39602842;-0.05262078;11.34940844;2.73701535
522;52.19566397;0.00000000;15.17688720;44.36301279;1.17932519;1.96098237;0.39081115;-0.05173653;11.37349680;2.72243136
523;52.29565566;0.00000000;15.26943968;44.40086658;1.20636205;1.94147820;0.38568192;-0.05085414;11.39740631;2.70795123
524;52.39564736;0.00000000;15.36217842;44.43824722;1.23560666;1.92669437;0.38064112;-0.04997326;11.42113899;2.69357381
525;52.49563905;0.00000000;15.45510773;44.47516595;1.23750422;1.91751673;0.37568804;-0.04909410;11.44469684;2.67929800
526;52.59563074;0.00000000;15.54821233;44.51162615;1.24695332;1.91401834;0.37082306;-0.04821641;11.46808183;2.66512270
527;52.69562244;0.00000000;15.64149636;44.54763888;1.26379390;1.89761937;0.36604551;-0.04734028;11.49129589;2.65104683
528;52.79561413;0.00000000;15.73494520;44.58320788;1.28774240;1.88109707;0.36135576;-0.04646508;11.51434090;2.63706933
529;52.89560582;0.00000000;15.82856280;44.61834401;1.31842149;1.87024560;0.35675322;-0.04559134;11.53721875;2.62318917
530;52.99559752;0.00000000;15.92233521;44.65305138;1.34149390;1.84736978;0.35223821;-0.04471875;11.55993126;2.60940532
531;53.09558921;0.00000000;16.01626616;44.68734065;1.34370588;1.81296737;0.34781017;-0.04384750;11.58248024;2.59571676
532;53.19558090;0.00000000;16.11034240;44.72121627;1.35288761;1.78334461;0.34346938;-0.04297767;11.60486746;2.58212252
533;53.29557260;0.00000000;16.20456738;44.75468873;1.36890796;1.75933345;0.33921531;-0.04210903;11.62709466;2.56862160
534;53.39556429;0.00000000;16.29892855;44.78776279;1.39153755;1.74115998;0.33504830;-0.04124012;11.64916357;2.55521306
535;53.49555598;0.00000000;16.39342910;44.82044876;1.42047016;1.72899847;0.33096794;-0.04037237;11.67107588;2.54189594
536;53.59554768;0.00000000;16.48805717;44.85275172;1.45281170;1.72296874;0.32697438;-0.03950716;11.69283324;2.52866932
537;53.69553937;0.00000000;16.58281565;44.88468181;1.48479634;1.71582246;0.32306713;-0.03864286;11.71443729;2.51553227
538;53.79553106;0.00000000;16.67769340;44.91624439;1.49603882;1.68927545;0.31924661;-0.03777533;11.73588964;2.50248390
539;53.89552276;0.00000000;16.77269296;44.94744945;1.49830802;1.66867920;0.31551266;-0.03690890;11.75719188;2.48952331
540;53.99551445;0.00000000;16.86780391;44.97830267;1.50685554;1.65424911;0.31186513;-0.03604901;11.77834556;2.47664963
541;54.09550614;0.00000000;16.96302845;45.00881380;1.52158445;1.64613800;0.30830343;-0.03519050;11.79935222;2.46386200
542;54.19549784;0.00000000;17.05835694;45.03898875;1.54232492;1.64443143;0.30482671;-0.03435081;11.82021338;2.45115958
543;54.29548953;0.00000000;17.15379120;45.06883694;1.56884751;1.63180638;0.30143382;-0.03351201;11.84093052;2.43854151
544;54.39548122;0.00000000;17.24932241;45.09836437;1.59839752;1.60240874;0.29812466;-0.03267763;11.86150510;2.42600699
545;54.49547292;0.00000000;17.34495198;45.12758023;1.62764638;1.57307615;0.29489881;-0.03184387;11.88193858;2.41355519
546;54.59546461;0.00000000;17.44067187;45.15649077;1.65659915;1.54405890;0.29175649;-0.03100848;11.90223237;2.40118532
547;54.69545630;0.00000000;17.53648300;45.18510500;1.65666421;1.51534791;0.28869761;-0.03017370;11.92238787;2.38889659
548;54.79544800;0.00000000;17.63237813;45.21342947;1.65890154;1.48693635;0.28572223;-0.02933941;11.94240647;2.37668822
549;54.89543969;0.00000000;17.72835768;45.24147300;1.66685251;1.45881530;0.28283020;-0.02850566;11.96228951;2.36455946
550;54.99543138;0.00000000;17.82441522;45.26924239;1.68044393;1.43097777;0.28002158;-0.02767192;11.98203835;2.35250953
551;55.09542308;0.00000000;17.92055061;45.29674629;1.69954891;1.40341505;0.27729626;-0.02683866;12.00165429;2.34053770
552;55.19541477;0.00000000;18.01675825;45.32399174;1.72399152;1.38101107;0.27465429;-0.02600549;12.02113865;2.32864324
553;55.29540646;0.00000000;18.11303747;45.35098723;1.75099379;1.36583701;0.27209558;-0.02517273;12.04049270;2.31682542
554;55.39539816;0.00000000;18.20938345;45.37774005;1.77776055;1.35812734;0.26962015;-0.02434009;12.05971770;2.30508353
555;55.49538985;0.00000000;18.30579496;45.40425850;1.80429939;1.35800078;0.26722795;-0.02350779;12.07881490;2.29341687
556;55.59538154;0.00000000;18.40226802;45.43055010;1.83061722;1.36545119;0.26491898;-0.02267563;12.09778553;2.28182474
557;55.69537324;0.00000000;18.49880079;45.45662299;1.85672160;1.34400684;0.26269319;-0.02184376;12.11663079;2.27030646
558;55.79536493;0.00000000;18.59539010;45.48248493;1.88261978;1.31805631;0.26055058;-0.02101205;12.13535188;2.25886136
559;55.89535663;0.00000000;18.69203355;45.50814388;1.90831929;1.29231540;0.25849112;-0.02018060;12.15394998;2.24748876
560;55.99534832;0.00000000;18.78872874;45.53360779;1.93382767;1.26677610;0.25651479;-0.01934934;12.17242624;2.23618802
561;56.09534001;0.00000000;18.88547269;45.55888450;1.95915240;1.24143058;0.25462157;-0.01851828;12.19078180;2.22495849
562;56.19533171;0.00000000;18.98226377;45.58398215;1.98430129;1.21627070;0.25281143;-0.01768747;12.20901780;2.21379952
563;56.29532340;0.00000000;19.07909843;45.60890840;1.99054893;1.19128879;0.25108436;-0.01685682;12.22713535;2.20271050
564;56.39531509;0.00000000;19.17597578;45.63367161;1.99247811;1.16647660;0.24944033;-0.01602645;12.24513554;2.19169079
565;56.49530679;0.00000000;19.27289172;45.65827930;1.99925276;1.14182667;0.24787934;-0.01519620;12.26301945;2.18073978
566;56.59529848;0.00000000;19.36984607;45.68273997;2.00628380;1.11733061;0.24640132;-0.01436630;12.28078816;2.16985686
567;56.69529017;0.00000000;19.46683417;45.70706103;2.01796205;1.09298117;0.24500631;-0.01353647;12.29844271;2.15904145
568;56.79528187;0.00000000;19.56385654;45.73125114;2.03436077;1.07404613;0.24369424;-0.01270702;12.31598415;2.14829295
569;56.89527356;0.00000000;19.66090798;45.75531756;2.05537450;1.06433529;0.24246512;-0.01187761;12.33341349;2.13761077
570;56.99526525;0.00000000;19.75798967;45.77926913;2.07934886;1.06409263;0.24131889;-0.01104864;12.35073176;2.12699435
571;57.09525695;0.00000000;19.85509588;45.80311297;2.10321872;1.07331635;0.24025557;-0.01021969;12.36793995;2.11644311
572;57.19524864;0.00000000;19.95222842;45.82685806;2.12699282;1.07376355;0.23927510;-0.00939124;12.38503904;2.10595649
573;57.29524033;0.00000000;20.04938107;45.85051140;2.15067806;1.05003022;0.23837748;-0.00856276;12.40203001;2.09553395
574;57.39523203;0.00000000;20.14655621;45.87408210;2.17428332;1.02638418;0.23756267;-0.00773454;12.41891381;2.08517493
575;57.49522372;0.00000000;20.24374716;45.89757706;2.19781546;1.00281850;0.23683070;-0.00690630;12.43569140;2.07487890
576;57.59521541;0.00000000;20.34095680;45.92100550;2.22128349;0.97932426;0.23618145;-0.00607955;12.45236371;2.06464532
577;57.69520711;0.00000000;20.43817807;45.94437421;2.24469419;0.95589470;0.23561489;-0.00525265;12.46893166;2.05447366
578;57.79519880;0.00000000;20.53541430;45.96769251;2.26805670;0.93252088;0.23513112;-0.00442353;12.48539616;2.04436342
579;57.89519049;0.00000000;20.63265803;45.99096713;2.27212812;0.90919621;0.23473026;-0.00359450;12.50175812;2.03431406
580;57.99518219;0.00000000;20.72991300;46.01420748;2.27097670;0.88591171;0.23441198;-0.00277162;12.51801842;2.02432510
581;58.09517388;0.00000000;20.82717145;46.03742016;2.27419762;0.86266104;0.23417599;-0.00194850;12.53417793;2.01439602
582;58.19516557;0.00000000;20.92443742;46.06061461;2.28178076;0.83943530;0.23402249;-0.00112152;12.55023754;2.00452633
583;58.29515727;0.00000000;21.02170295;46.08379744;2.29369058;0.82310205;0.23395171;-0.00029293;12.56619808;1.99471554
584;58.39514896;0.00000000;21.11897221;46.10697821;2.30986908;0.81109806;0.23396607;0.00058029;12.58206041;1.98496318
585;58.49514065;0.00000000;21.21623704;46.13016389;2.33023481;0.80724099;0.23406776;0.00145427;12.59782536;1.97526875
586;58.59513235;0.00000000;21.31350157;46.15336447;2.35345731;0.81570171;0.23425777;0.00234633;12.61349376;1.96563180
587;58.69512404;0.00000000;21.41075757;46.17658714;2.37670465;0.82424460;0.23453699;0.00323825;12.62906641;1.95605185
588;58.79511573;0.00000000;21.50800913;46.19984203;2.39998686;0.80089314;0.23490499;0.00412225;12.64454413;1.94652845
589;58.89510743;0.00000000;21.60524801;46.22313625;2.42331111;0.77750552;0.23536137;0.00500649;12.65992771;1.93706113
590;58.99509912;0.00000000;21.70247831;46.24647990;2.42502855;0.75407225;0.23590635;0.00589384;12.67521794;1.92764946
591;59.09509081;0.00000000;21.79969174;46.26988011;2.42603071;0.73058636;0.23654005;0.00678134;12.69041558;1.91829298
592;59.19508251;0.00000000;21.89689236;46.29334697;2.43121626;0.70703843;0.23726251;0.00766887;12.70552141;1.90899125
593;59.29507420;0.00000000;21.99407190;46.31688762;2.44056703;0.68342172;0.23807370;0.00855658;12.72053619;1.89974385
594;59.39506590;0.00000000;22.09123428;46.34051214;2.45404475;0.66990855;0.23897371;0.00944485;12.73546065;1.89055034
595;59.49505759;0.00000000;22.18837131;46.36422767;2.47158978;0.67108892;0.23996251;0.01033328;12.75029555;1.88141029
596;59.59504928;0.00000000;22.28548675;46.38804429;2.47911225;0.68687850;0.24104021;0.01122225;12.76504162;1.87232329
597;59.69504098;0.00000000;22.38257247;46.41196915;2.47810207;0.68980026;0.24220678;0.01211137;12.77969957;1.86328893
598;59.79503267;0.00000000;22.47963202;46.43601228;2.48124548;0.66569935;0.24346231;0.01300110;12.79427012;1.85430679
599;59.89502436;0.00000000;22.57665741;46.46018086;2.48853541;0.65598298;0.24480678;0.01389096;12.80875398;1.84537646
600;59.99501606;0.00000000;22.67365190;46.48448488;2.49994481;0.65571820;0.24624028;0.01478093;12.82315184;1.83649755
601;60.09500775;0.00000000;22.77060765;46.50893154;2.51542573;0.66186549;0.24776273;0.01567110;12.83746439;1.82766965
602;60.19499944;0.00000000;22.86752763;46.53353078;2.53491309;0.66686015;0.24937432;0.01656294;12.85169233;1.81889238
603;60.29499114;0.00000000;22.96440413;46.55828983;2.54156494;0.64223320;0.25107504;0.01745477;12.86583631;1.81016535
604;60.39498283;0.00000000;23.06123965;46.58321853;2.54305832;0.62084871;0.25286482;0.01834342;12.87989701;1.80148818
605;60.49497452;0.00000000;23.15802716;46.60832426;2.54368655;0.61499125;0.25474342;0.01923248;12.89387508;1.79286047
606;60.59496622;0.00000000;23.25476876;46.63361675;2.52791281;0.62508857;0.25671154;0.02013281;12.90777118;1.78428187
607;60.69495791;0.00000000;23.35145627;46.65910316;2.51621780;0.64090345;0.25876969;0.02103597;12.92158596;1.77575199
608;60.79494960;0.00000000;23.44809282;46.68479369;2.50866693;0.61520743;0.26091966;0.02196616;12.93532004;1.76727048
609;60.89494130;0.00000000;23.54466964;46.71069559;2.50530743;0.59706926;0.26316260;0.02292366;12.94897406;1.75883695
610;60.99493299;0.00000000;23.64118692;46.73681956;2.50616616;0.59516896;0.26552697;0.02436769;12.96254865;1.75045107
611;61.09492468;0.00000000;23.73764268;46.76317929;2.51125265;0.60630568;0.26803521;0.02568530;12.97604441;-7.88095100
612;61.19491638;0.00000000;23.83402680;46.78978257;2.52055095;0.61594143;0.27056907;0.02499789;12.91517206;-8.47447246
613;61.29490807;0.00000000;23.93035089;46.81662858;2.52853876;0.60160818;0.27303425;0.02426488;12.84939359;-8.63085553
614;61.39489976;0.00000000;24.02660365;46.84370544;2.51672354;0.60348007;0.27538756;0.02280688;12.78205335;-8.90436408
615;61.49489146;0.00000000;24.12280010;46.87100335;2.50906806;0.62142381;0.27759526;0.02133769;12.71220528;-9.17550008
616;61.59488315;0.00000000;24.21893278;46.89850463;2.50559643;0.60385927;0.27964551;0.01967180;12.63982656;-9.47380759
617;61.69487484;0.00000000;24.31501614;46.92619638;2.50630929;0.59294841;0.28152917;0.01796554;12.56465723;-9.77297598
618;61.79486654;0.00000000;24.41104447;46.95405828;2.51118508;0.59859373;0.28321018;0.01565861;12.48664000;-10.16041837
619;61.89485823;0.00000000;24.50703487;46.98207220;2.51125960;0.62036534;0.28466063;0.01334941;12.40500962;-10.53991138
620;61.99484992;0.00000000;24.60298178;47.01021240;2.50956460;0.64391350;0.28587798;0.01100074;12.31975878;-10.91656487
621;62.09484162;0.00000000;24.69890397;47.03845998;2.50312267;0.67169717;0.28686061;0.00865343;12.23083500;-11.28346686
622;62.19483331;0.00000000;24.79479546;47.06678872;2.48562969;0.66784007;0.28760888;0.00631374;12.13823788;-11.63916414
623;62.29482500;0.00000000;24.89067521;47.09517982;2.46661791;0.67879035;0.28812328;0.00397517;12.04197573;-11.98413783
624;62.39481670;0.00000000;24.98653744;47.12360718;2.45158076;0.70387806;0.28840402;0.00164046;11.94204970;-12.31742276
625;62.49480839;0.00000000;25.08240127;47.15205213;2.43977557;0.72282041;0.28845136;-0.00069248;11.83846574;-12.11759829
626;62.59480008;0.00000000;25.17826066;47.18048856;2.41402772;0.73657947;0.28826615;-0.00301198;11.73567010;-11.80173105
627;62.69479178;0.00000000;25.27413517;47.20889806;2.39215436;0.76332919;0.28784904;-0.00533052;11.63468102;-11.49673841
628;62.79478347;0.00000000;25.37001815;47.23725449;2.37424272;0.77093020;0.28720019;-0.00764786;11.53545170;-11.20214878
629;62.89477517;0.00000000;25.46592953;47.26553957;2.36035747;0.76333099;0.28631962;-0.00996438;11.43793697;-10.91729449
630;62.99476686;0.00000000;25.56186214;47.29372705;2.35054887;0.76887182;0.28520741;-0.01228218;11.34209525;-10.64210830
631;63.09475855;0.00000000;25.65783635;47.32179876;2.34484349;0.78588619;0.28386341;-0.01459889;11.24788335;-10.37621775
632;63.19475025;0.00000000;25.75384419;47.34972822;2.34324899;0.79948013;0.28228792;-0.01691457;11.15525924;-10.11927384
633;63.29474194;0.00000000;25.84990657;47.37749742;2.32506096;0.80832339;0.28048081;-0.01922922;11.06418194;-9.87077042
634;63.39473363;0.00000000;25.94601452;47.40507967;2.29617499;0.82940152;0.27844237;-0.02154428;10.97461306;-9.63058110
635;63.49472533;0.00000000;26.04218950;47.43245704;2.26768898;0.85087016;0.27617234;-0.02385820;10.88651348;-9.39830471
636;63.59471702;0.00000000;26.13842146;47.45960263;2.24253157;0.87349002;0.27367114;-0.02617181;10.79984587;-9.17375374
637;63.69470871;0.00000000;26.23473239;47.48649860;2.22133486;0.89307581;0.27093844;-0.02848426;10.71457290;-8.95651368
638;63.79470041;0.00000000;26.33111104;47.51311779;2.20419410;0.90718199;0.26797476;-0.03079674;10.63065937;-8.74645852
639;63.89469210;0.00000000;26.42757993;47.53944246;2.19117857;0.92369725;0.26477963;-0.03310806;10.54806959;-8.54321234
640;63.99468379;0.00000000;26.52412645;47.56544520;2.18234151;0.93982469;0.26135370;-0.03541932;10.46676988;-8.34665565
641;64.09467549;0.00000000;26.62077369;47.59110829;2.17770915;0.96642378;0.25769638;-0.03772944;10.38672610;-8.15642847
642;64.19466718;0.00000000;26.71750756;47.61640410;2.16806353;0.99540040;0.25380844;-0.04003963;10.30790614;-7.97243146
643;64.29465887;0.00000000;26.81435167;47.64131493;2.15907072;1.01296429;0.24968914;-0.04234876;10.23027737;-7.79433017
644;64.39465057;0.00000000;26.91129039;47.66581292;2.15426297;1.02398098;0.24533939;-0.04465804;10.15380907;-7.62203528
645;64.49464226;0.00000000;27.00834779;47.68988034;2.15364433;1.01095373;0.24075829;-0.04696641;10.07847003;-7.45523495
646;64.59463395;0.00000000;27.10550662;47.71348913;2.14526213;0.99614425;0.23594688;-0.04927505;10.00423086;-7.29384708
647;64.69462565;0.00000000;27.20279138;47.73662149;2.13571220;0.99174127;0.23090411;-0.05158300;9.93106171;-7.13758504
648;64.79461734;0.00000000;27.30018309;47.75924919;2.13030211;0.99790653;0.22563113;-0.05389140;9.85893444;-6.98636912
649;64.89460903;0.00000000;27.39770663;47.78135431;2.12903923;1.01447117;0.22012672;-0.05619940;9.78782052;-6.83993891
650;64.99460073;0.00000000;27.49534127;47.80290850;2.13190823;1.03063286;0.21439217;-0.05850807;9.71769296;-6.69821254
651;65.09459242;0.00000000;27.59311216;47.82389367;2.13887009;1.03161472;0.20842606;-0.06081672;9.64852451;-6.56095793
652;65.19458411;0.00000000;27.69099677;47.84428137;2.13428232;1.04283316;0.20222981;-0.06312631;9.58028928;-6.42808653
653;65.29457581;0.00000000;27.78902044;47.86405330;2.12738641;1.03595903;0.19580181;-0.06543636;9.51296127;-6.29939698
654;65.39456750;0.00000000;27.88715880;47.88318098;2.12452434;1.01682445;0.18914360;-0.06774769;9.44651562;-6.17478894
655;65.49455919;0.00000000;27.98543729;47.90164582;2.12568872;0.99835597;0.18225334;-0.07006006;9.38092757;-6.05409384
656;65.59455089;0.00000000;28.08382967;47.91941937;2.13084951;0.98564297;0.17513271;-0.07237409;9.31617325;-5.93719520
657;65.69454258;0.00000000;28.18236135;47.93648271;2.13995595;0.98371069;0.16777963;-0.07468989;9.25222911;-5.82396058
658;65.79453427;0.00000000;28.28100424;47.95280747;2.15293216;0.99264561;0.16019592;-0.07700782;9.18907222;-5.71425270
659;65.89452597;0.00000000;28.37978356;47.96837435;2.14893442;1.01218440;0.15237923;-0.07932834;9.12668026;-5.60798325
660;65.99451766;0.00000000;28.47866941;47.98315513;2.13864047;1.01748995;0.14433151;-0.08165145;9.06503111;-5.50498146
661;66.09450935;0.00000000;28.57768663;47.99713006;2.13217236;1.00349030;0.13605015;-0.08397817;9.00410375;-5.40517612
662;66.19450105;0.00000000;28.67680355;48.01027116;2.12954394;0.99880969;0.12753717;-0.08630841;8.94387717;-5.30839131
663;66.29449274;0.00000000;28.77604445;48.02255815;2.13074557;1.00497234;0.11878971;-0.08864341;8.88433164;-5.21466327
664;66.39448444;0.00000000;28.87537597;48.03396339;2.13574708;1.02180264;0.10980989;-0.09098186;8.82544632;-5.12372556
665;66.49447613;0.00000000;28.97482137;48.04446600;2.14449966;1.04410314;0.10059463;-0.09332629;8.76720267;-5.03578826
666;66.59446782;0.00000000;29.07434639;48.05403881;2.15344058;1.04629632;0.09114617;-0.09567322;8.70957914;-4.95038373
667;66.69445952;0.00000000;29.17397222;48.06266027;2.13397880;1.03768630;0.08146130;-0.09802798;8.65255883;-4.86551704
668;66.79445121;0.00000000;29.27366426;48.07030372;2.11809210;1.03005252;0.07154067;-0.10041639;8.59614749;-4.78295597
669;66.89444290;0.00000000;29.37344118;48.07694668;2.10583492;1.02389445;0.06137937;-0.10281452;8.54033020;-4.70159854
670;66.99443460;0.00000000;29.47326828;48.08256278;2.09725142;1.02052001;0.05097845;-0.10523675;8.48510450;-4.62232190
671;67.09442629;0.00000000;29.57316139;48.08712870;2.09236131;1.02796229;0.04033339;-0.10767063;8.43045733;-4.54585736
672;67.19441798;0.00000000;29.67308585;48.09061849;2.09116798;1.04601158;0.02944622;-0.11010542;8.37636644;-4.47128464
673;67.29440968;0.00000000;29.77305421;48.09300822;2.09355727;1.07415836;0.01831367;-0.11255340;8.32281996;-4.39866210
674;67.39440137;0.00000000;29.87303206;48.09427259;2.09482129;1.10581626;0.00693702;-0.11501329;8.26980488;-4.32769822
675;67.49439306;0.00000000;29.97302836;48.09438712;2.07324578;1.10570215;-0.00468761;-0.11748882;8.21731130;-4.25873490
676;67.59438476;0.00000000;30.07300912;48.09332702;2.04978481;1.10676238;-0.01655909;-0.11997460;8.16532478;-4.19119328
677;67.69437645;0.00000000;30.17297936;48.09106738;2.02979692;1.10902192;-0.02868118;-0.12247877;8.11383755;-4.12537858
678;67.79436814;0.00000000;30.27290566;48.08758392;2.01107961;1.11823620;-0.04105323;-0.12499643;8.06283775;-4.06075217
679;67.89435984;0.00000000;30.37278870;48.08285142;1.99358858;1.13742701;-0.05367912;-0.12753539;8.01231987;-3.99783287
680;67.99435153;0.00000000;30.47259588;48.07684602;1.97972968;1.16612023;-0.06655858;-0.13008742;7.96227163;-3.93586695
681;68.09434322;0.00000000;30.57232314;48.06954239;1.95320837;1.20365902;-0.07969531;-0.13266391;7.91268990;-3.87501798
682;68.19433492;0.00000000;30.67193887;48.06091702;1.91835763;1.23991509;-0.09308992;-0.13526208;7.86356931;-3.81483062
683;68.29432661;0.00000000;30.77143388;48.05094465;1.88686635;1.24989795;-0.10674647;-0.13788895;7.81491008;-3.75612008
684;68.39431830;0.00000000;30.87077770;48.03960192;1.85888883;1.26125580;-0.12066588;-0.14053117;7.76670187;-3.69787766
685;68.49431000;0.00000000;30.96995570;48.02686392;1.83456323;1.27422696;-0.13485151;-0.14320493;7.71894707;-3.64019474
686;68.59430169;0.00000000;31.06893871;48.01270744;1.81401657;1.29619843;-0.14930558;-0.14590854;7.67164685;-3.58254884
687;68.69429338;0.00000000;31.16770612;47.99710811;1.79735505;1.32423700;-0.16403214;-0.14865052;7.62480918;-3.52493945
688;68.79428508;0.00000000;31.26623020;47.98004257;1.78026812;1.35614631;-0.17903464;-0.15143069;7.57844217;-3.46708849
689;68.89427677;0.00000000;31.36448415;47.96148724;1.76168826;1.39588334;-0.19431724;-0.15425353;7.53255771;-3.41557036
690;68.99426846;0.00000000;31.46244148;47.94141855;1.72890618;1.44281790;-0.20987952;-0.15700507;7.48708009;-3.36468791
691;69.09426016;0.00000000;31.56006958;47.91981496;1.68036805;1.48026722;-0.22571716;-0.15978437;7.44200824;-3.31849904
692;69.19425185;0.00000000;31.65734305;47.89665373;1.63505631;1.50556857;-0.24183166;-0.16251945;7.39728612;-3.27246539
693;69.29424354;0.00000000;31.75422344;47.87191582;1.59323631;1.53849116;-0.25822013;-0.16529133;7.35291801;-3.22602848
694;69.39423524;0.00000000;31.85068678;47.84557872;1.55517137;1.57857796;-0.27488894;-0.16811013;7.30891587;-3.17833217
695;69.49422693;0.00000000;31.94668766;47.81762563;1.52113187;1.62530843;-0.29184163;-0.17099150;7.26530368;-3.12988440
696;69.59421862;0.00000000;32.04220342;47.78803313;1.47961428;1.67814522;-0.30908636;-0.17392593;7.22209891;-3.08022247
697;69.69421032;0.00000000;32.13718231;47.75678658;1.41956535;1.73653192;-0.32662614;-0.17692185;7.17932583;-3.03130387
698;69.79420201;0.00000000;32.23160276;47.72386152;1.36271102;1.77614083;-0.34446863;-0.17994182;7.13698178;-2.98028360
699;69.89419370;0.00000000;32.32540533;47.68924670;1.30947258;1.81077397;-0.36261462;-0.18303998;7.09510406;-2.92702208
700;69.99418540;0.00000000;32.41856961;47.65291659;1.26028647;1.84714738;-0.38107667;-0.18621839;7.05373276;-2.87178271
701;70.09417709;0.00000000;32.51102909;47.61486308;1.21564596;1.88527533;-0.39985784;-0.18947100;7.01290504;-2.81776925
702;70.19416879;0.00000000;32.60276342;47.57505946;1.17604233;1.92519105;-0.41896785;-0.19273327;6.97261286;-2.76164651
703;70.29416048;0.00000000;32.69370095;47.53350117;1.13417287;1.96690705;-0.43840443;-0.19607107;6.93289598;-2.70574492
704;70.39415217;0.00000000;32.78382002;47.49016148;1.09055150;2.01045809;-0.45817977;-0.19943578;6.89376113;-2.64707549
705;70.49414387;0.00000000;32.87304230;47.44504067;1.04520253;2.05533687;-0.47829187;-0.20288721;6.85525867;-2.57866421
706;70.59413556;0.00000000;32.96134676;47.39811052;0.99813265;2.10207270;-0.49876256;-0.20656726;6.81754219;-2.50316288
707;70.69412725;0.00000000;33.04864600;47.34937599;0.94939358;2.15067734;-0.51960710;-0.21041629;6.78072935;-2.43853579
708;70.79411895;0.00000000;33.13491861;47.29880529;0.89901847;2.20119597;-0.54083442;-0.21405122;6.74467374;-2.37391336
709;70.89411064;0.00000000;33.22007004;47.24641141;0.84711097;2.25362975;-0.56241707;-0.21770341;6.70938750;-2.28649673
710;70.99410233;0.00000000;33.30407851;47.19216452;0.79371306;2.30802404;-0.58438994;-0.22185965;6.67522428;-2.18778189
711;71.09409403;0.00000000;33.38684476;47.13607970;0.74788015;2.36438106;-0.60679071;-0.22625871;6.64237150;-2.06198665
712;71.19408572;0.00000000;33.46834164;47.07812158;0.71103581;2.42213022;-0.62965932;-0.23123487;6.61125829;-1.91632183
713;71.29407741;0.00000000;33.54845516;47.01831061;0.68462472;2.48173567;-0.65304475;-0.23660815;6.58221115;-1.77736070
714;71.39406911;0.00000000;33.62715430;46.95660333;0.66142623;2.53550980;-0.67696990;-0.24176727;6.55515530;-1.63462951
715;71.49406080;0.00000000;33.70431332;46.89303256;0.64525498;2.55583167;-0.70139807;-0.24693811;6.53017322;-1.49736849
716;71.59405249;0.00000000;33.77990378;46.82755524;0.64190720;2.55113794;-0.72634529;-0.25189867;6.50720473;-1.35234666
717;71.69404419;0.00000000;33.85379672;46.76021699;0.64654338;2.53926316;-0.75177928;-0.25693992;6.48639087;-1.20072178
718;71.79403588;0.00000000;33.92596196;46.69097718;0.64861089;2.53384846;-0.77773062;-0.26201709;6.46785452;-1.03379810
719;71.89402757;0.00000000;33.99626055;46.61989864;0.64805979;2.53439985;-0.80418752;-0.26730927;6.45185242;-0.85570333
720;71.99401927;0.00000000;34.06466452;46.54693438;0.64483676;2.53762417;-0.83119218;-0.27269283;6.43857696;-0.65814361
721;72.09401096;0.00000000;34.13102117;46.47216861;0.63889806;2.54415685;-0.85873210;-0.27832985;6.42834780;-0.44004150
722;72.19400265;0.00000000;34.19530735;46.39554219;0.63018520;2.55735204;-0.88686365;-0.28420474;6.42149939;-0.19248418
723;72.29399435;0.00000000;34.25735113;46.31716886;0.61866382;2.56477327;-0.91558332;-0.29047577;6.41850145;-0.15913831
724;72.39398604;0.00000000;34.31713399;46.23697992;0.60829941;2.57076331;-0.94475311;-0.29150740;6.41602180;-0.15913831
725;72.49397773;0.00000000;34.37451564;46.15513807;0.59617070;2.55405320;-0.97386557;-0.29102022;6.41354120;-0.12969867
726;72.59396943;0.00000000;34.42952664;46.07161741;0.59778079;2.52981975;-1.00276544;-0.28586850;6.41151879;0.08972467
727;72.69396112;0.00000000;34.48210178;45.98660170;0.61306512;2.50952722;-1.03101600;-0.27934730;6.41291795;0.35271361
728;72.79395281;0.00000000;34.53230247;45.90011321;0.64110608;2.49486756;-1.05867851;-0.27413325;6.41841519;0.54753484
729;72.89394451;0.00000000;34.58009810;45.81231031;0.64330758;2.48524375;-1.08584094;-0.26927848;6.42693950;0.71762357
730;72.99393620;0.00000000;34.62552630;45.72322542;0.62922069;2.47653164;-1.11253305;-0.26457771;6.43809476;0.87326649
731;73.09392789;0.00000000;34.66857155;45.63299205;0.62346474;2.46660295;-1.13875417;-0.25997856;6.45164343;1.01781930
732;73.19391959;0.00000000;34.70926525;45.54165082;0.63107148;2.45997996;-1.16453478;-0.25568103;6.46739901;1.14386844
733;73.29391128;0.00000000;34.74760436;45.44931431;0.65160780;2.45996753;-1.18988850;-0.25149904;6.48506011;1.26037373
734;73.39390297;0.00000000;34.78361382;45.35603144;0.64432795;2.46652383;-1.21483645;-0.24751090;6.50446450;1.36473844
735;73.49389467;0.00000000;34.81730141;45.26189264;0.64780274;2.47577616;-1.23938885;-0.24361399;6.52541059;1.46206592
736;73.59388636;0.00000000;34.84868701;45.16695796;0.66407330;2.48309342;-1.26356143;-0.23990489;6.54777614;1.54872703
737;73.69387806;0.00000000;34.87778680;45.07129638;0.67982364;2.47160859;-1.28736882;-0.23629791;6.57138433;1.62898719
738;73.79386975;0.00000000;34.90461705;44.97497833;0.68164162;2.46649148;-1.31082282;-0.23285871;6.59612480;1.70038441
739;73.89386144;0.00000000;34.92919960;44.87805344;0.66584065;2.46774979;-1.33393969;-0.22951425;6.62185103;1.76653758
740;73.99385314;0.00000000;34.95154872;44.78060135;0.66257616;2.45867644;-1.35672757;-0.22633076;6.64847269;1.82480687
741;74.09384483;0.00000000;34.97168988;44.68265335;0.67206387;2.44955902;-1.37920504;-0.22323724;6.67586101;1.87867014
742;74.19383652;0.00000000;34.98963646;44.58429796;0.69005533;2.44673350;-1.40137590;-0.22027667;6.70394086;1.92640311
743;74.29382822;0.00000000;35.00541562;44.48555129;0.70586810;2.45019254;-1.42325958;-0.21740719;6.73261254;1.97012061
744;74.39381991;0.00000000;35.01904164;44.38650579;0.68274172;2.45987798;-1.44485650;-0.21463042;6.76180916;2.00990034
745;74.49381160;0.00000000;35.03054151;44.28716879;0.65858312;2.46979720;-1.46618493;-0.21194487;6.79146595;2.04594491
746;74.59380330;0.00000000;35.03993153;44.18763295;0.64697984;2.46041561;-1.48724513;-0.20935776;6.82152217;2.07803152
747;74.69379499;0.00000000;35.04723762;44.08789904;0.64863185;2.45311444;-1.50805551;-0.20685325;6.85191481;2.10700529
748;74.79378668;0.00000000;35.05247811;43.98805880;0.65262223;2.44787680;-1.52861568;-0.20444848;6.88259417;2.13212981
749;74.89377838;0.00000000;35.05567731;43.88810848;0.65582017;2.44467829;-1.54894447;-0.20212925;6.91350079;2.15415762
750;74.99377007;0.00000000;35.05685552;43.78813736;0.65699801;2.44350013;-1.56904094;-0.19989440;6.94458702;2.17319648
751;75.09376176;0.00000000;35.05603518;43.68813943;0.65617829;2.44431976;-1.58892251;-0.19773937;6.97580763;2.18950916
752;75.19375346;0.00000000;35.05323852;43.58819999;0.65338146;2.44711644;-1.60858814;-0.19566358;7.00712191;2.20315414
753;75.29374515;0.00000000;35.04848610;43.48831195;0.64862823;2.45186945;-1.62805439;-0.19366382;7.03849073;2.21431131
754;75.39373684;0.00000000;35.04180178;43.38855638;0.64194075;2.45855635;-1.64732000;-0.19173453;7.06987816;2.22327248
755;75.49372854;0.00000000;35.03320442;43.28892605;0.63333806;2.46715815;-1.66640047;-0.18987845;7.10125304;2.22990324
756;75.59372023;0.00000000;35.02271921;43.18949729;0.62284388;2.47765102;-1.68529473;-0.18808800;7.13258287;2.23459072
757;75.69371192;0.00000000;35.01036347;43.09026357;0.62050404;2.49001758;-1.70401724;-0.18636708;7.16384111;2.23712885
758;75.79370362;0.00000000;34.99616340;42.99129617;0.63229843;2.50423300;-1.72256700;-0.18470466;7.19499882;2.23808141
759;75.89369531;0.00000000;34.98013503;42.89258973;0.65748270;2.52022000;-1.74095732;-0.18310884;7.22603536;2.23700752
760;75.99368700;0.00000000;34.96230527;42.79421052;0.66413644;2.51182375;-1.75918775;-0.18157197;7.25692438;2.23429782
761;76.09367870;0.00000000;34.94268905;42.69615477;0.64443192;2.50920422;-1.77727085;-0.18009731;7.28764529;2.22975887
762;76.19367039;0.00000000;34.92131368;42.59848381;0.62294531;2.51236654;-1.79520574;-0.17866830;7.31817522;2.22425864
763;76.29366208;0.00000000;34.89819324;42.50119511;0.61489771;2.52127469;-1.81300353;-0.17729422;7.34850348;2.21726621
764;76.39365378;0.00000000;34.87335530;42.40434547;0.62125210;2.53584920;-1.83066334;-0.17596626;7.37861232;2.20923572
765;76.49364547;0.00000000;34.84681359;42.30793493;0.63860797;2.54305678;-1.84819630;-0.17470862;7.40849041;2.19881052
766;76.59363716;0.00000000;34.81859531;42.21201489;0.62289292;2.54871856;-1.86560412;-0.17350578;7.43810835;2.18683481
767;76.69362886;0.00000000;34.78871390;42.11658833;0.60367259;2.55796912;-1.88289625;-0.17235512;7.46744846;2.17342876
768;76.79362055;0.00000000;34.75719598;42.02170169;0.59200582;2.56075866;-1.90007322;-0.17124003;7.49649492;2.15949925
769;76.89361224;0.00000000;34.72405423;41.92735759;0.59539177;2.55585100;-1.91713566;-0.16969175;7.52524419;2.17155537
770;76.99360394;0.00000000;34.68932128;41.83359957;0.61359550;2.55654591;-1.93396991;-0.16705049;7.55404362;2.24690383
771;77.09359563;0.00000000;34.65302264;41.74042331;0.62265949;2.53982664;-1.95054287;-0.16432208;7.58372722;2.32702236
772;77.19358733;0.00000000;34.61520236;41.64786614;0.63940463;2.52625064;-1.96682211;-0.16131504;7.61434727;2.42309629
773;77.29357902;0.00000000;34.57589019;41.55592202;0.63815274;2.51818535;-1.98280543;-0.15836978;7.64610118;2.51524171
774;77.39357071;0.00000000;34.53513081;41.46462054;0.63944668;2.51565801;-1.99849481;-0.15546353;7.67892374;2.60500528
775;77.49356241;0.00000000;34.49295353;41.37395600;0.65464600;2.50031256;-2.01389694;-0.15260056;7.71277043;2.69231083
776;77.59355410;0.00000000;34.44940118;41.28395271;0.68284385;2.48652649;-2.02901403;-0.14978476;7.74759608;2.77708537
777;77.69354579;0.00000000;34.40450209;41.19460454;0.69413719;2.47819672;-2.04385290;-0.14700819;7.78335506;2.85995847
778;77.79353749;0.00000000;34.35829788;41.10593255;0.69337809;2.47535379;-2.05841443;-0.14426262;7.82001024;2.94156574
779;77.89352918;0.00000000;34.31081642;41.01793078;0.70549258;2.47097880;-2.07270566;-0.14162813;7.85753298;3.01708301
780;77.99352087;0.00000000;34.26209654;40.93061591;0.72986096;2.45274251;-2.08674280;-0.13915053;7.89583377;3.08376034
781;78.09351257;0.00000000;34.21216336;40.84398190;0.75568200;2.42683006;-2.10053471;-0.13672870;7.93478996;3.14804273
782;78.19350426;0.00000000;34.16105334;40.75804362;0.78021166;2.40224276;-2.11408945;-0.13440217;7.97436192;3.20747566
783;78.29349595;0.00000000;34.10878971;40.67279461;0.80346333;2.37895842;-2.12741378;-0.13208775;8.01448001;3.26744456
784;78.39348765;0.00000000;34.05540790;40.58824831;0.83330197;2.35696082;-2.14050446;-0.12975864;8.05514274;3.32973259
785;78.49347934;0.00000000;34.00093076;40.50439733;0.87184309;2.33622778;-2.15336450;-0.12746735;8.09637053;3.39095015
786;78.59347103;0.00000000;33.94539211;40.42125170;0.90961508;2.30315426;-2.16599718;-0.12521691;8.13814164;3.45093384
787;78.69346273;0.00000000;33.88881401;40.33880393;0.95531209;2.26535258;-2.17840649;-0.12298310;8.18043268;3.51133572
788;78.79345442;0.00000000;33.83122897;40.25706190;0.97239731;2.23256368;-2.19059216;-0.12075945;8.22324070;3.57262836
789;78.89344611;0.00000000;33.77265847;40.17601750;0.98843210;2.20499172;-2.20255723;-0.11856074;8.26656845;3.63383902
790;78.99343781;0.00000000;33.71313386;40.09567662;1.01154039;2.15487754;-2.21430311;-0.11638430;8.31040681;3.69518185
791;79.09342950;0.00000000;33.65267581;40.01603056;1.04267133;2.10568060;-2.22583276;-0.11422272;8.35474933;3.75720229
792;79.19342119;0.00000000;33.59131444;39.93708328;1.08114532;2.06119783;-2.23714617;-0.11207126;8.39959609;3.82026572
793;79.29341289;0.00000000;33.52906987;39.85882562;1.12207229;2.02172292;-2.24824581;-0.10993732;8.44495140;3.88387720
794;79.39340458;0.00000000;33.46597108;39.78125973;1.14499119;1.97813553;-2.25913228;-0.10781639;8.49081357;3.94839105
795;79.49339627;0.00000000;33.40203754;39.70437595;1.17256235;1.93631102;-2.26980783;-0.10570964;8.53718499;4.01375275
796;79.59338797;0.00000000;33.33729701;39.62817471;1.20682969;1.89982823;-2.28027287;-0.10361399;8.58406731;4.08021928
797;79.69337966;0.00000000;33.27176839;39.55264591;1.24725868;1.86898170;-2.29052940;-0.10153065;8.63146497;4.14773131
798;79.79337135;0.00000000;33.20547836;39.47778851;1.29328328;1.84403933;-2.30057765;-0.09945579;8.67938160;4.21661038
799;79.89336305;0.00000000;33.13844524;39.40359190;1.33600887;1.82522382;-2.31041936;-0.09739249;8.72782430;4.28665601
800;79.99335474;0.00000000;33.07069459;39.33005361;1.36598447;1.81270839;-2.32005485;-0.09533765;8.77679765;4.26874416
801;80.09334643;0.00000000;33.00224418;39.25716261;1.39640373;1.79951508;-2.32948570;-0.09329260;8.82529630;4.24034137
802;80.19333813;0.00000000;32.93311850;39.18491509;1.42083513;1.77363041;-2.33871209;-0.09125433;8.87320983;4.21226340
803;80.29332982;0.00000000;32.86333481;39.11329964;1.44979506;1.73191407;-2.34773540;-0.08922498;8.92055129;4.18450323
804;80.39332151;0.00000000;32.79291653;39.04231120;1.48410923;1.67390016;-2.35655585;-0.08720187;8.96733330;4.15705409
805;80.49331321;0.00000000;32.72188043;38.97193797;1.52343303;1.62073269;-2.36517464;-0.08518655;9.01356801;4.12990945
806;80.59330490;0.00000000;32.65024890;38.90217376;1.56740287;1.57289176;-2.37359196;-0.08317656;9.05926716;4.10306300
807;80.69329659;0.00000000;32.57803825;38.83300640;1.60489917;1.53086002;-2.38180885;-0.08117343;9.10444210;4.07650864
808;80.79328829;0.00000000;32.50526986;38.76442865;1.61970146;1.49511321;-2.38982549;-0.07917503;9.14910378;4.05024046
809;80.89327998;0.00000000;32.43195960;38.69642799;1.63970631;1.46609296;-2.39764279;-0.07718273;9.19326279;4.02425277
810;80.99327168;0.00000000;32.35812787;38.62899619;1.66474344;1.44418810;-2.40526093;-0.07519455;9.23692939;3.99854004
811;81.09326337;0.00000000;32.28379012;38.56212043;1.69460790;1.41869014;-2.41268067;-0.07321168;9.28011347;3.97309693
812;81.19325506;0.00000000;32.20896581;38.49579156;1.72089571;1.38587195;-2.41990219;-0.07123243;9.32282465;3.94791827
813;81.29324676;0.00000000;32.13366999;38.42999647;1.74457169;1.35424987;-2.42692617;-0.06925794;9.36507221;3.92299904
814;81.39323845;0.00000000;32.05792121;38.36472516;1.77291895;1.33009119;-2.43375277;-0.06728681;9.40686516;3.89833438
815;81.49323014;0.00000000;31.98173419;38.29996428;1.80573524;1.31378878;-2.44038256;-0.06531899;9.44821223;3.87391958
816;81.59322184;0.00000000;31.90512656;38.23570301;1.84279782;1.30561839;-2.44681555;-0.06335248;9.48912187;3.84975005
817;81.69321353;0.00000000;31.82811269;38.17192775;1.88387295;1.28694680;-2.45305217;-0.06139079;9.52960229;3.82582137
818;81.79320522;0.00000000;31.75070938;38.10862692;1.90835599;1.23917364;-2.45909287;-0.05943402;9.56966147;3.80212923
819;81.89319692;0.00000000;31.67293070;38.04578677;1.92041228;1.19840982;-2.46493810;-0.05747910;9.60930712;3.77866945
820;81.99318861;0.00000000;31.59479259;37.98339505;1.93699662;1.16537447;-2.47058776;-0.05552413;9.64854675;3.75543795
821;82.09318030;0.00000000;31.51630895;37.92143784;1.95801259;1.14072087;-2.47604193;-0.05356240;9.68738766;3.73243079
822;82.19317200;0.00000000;31.43749490;37.85990208;1.98333737;1.12498168;-2.48129894;-0.05158701;9.72583692;3.70964413
823;82.29316369;0.00000000;31.35836422;37.79877348;2.01282650;1.10489941;-2.48635850;-0.04961091;9.76390142;3.68707424
824;82.39315538;0.00000000;31.27893144;37.73803830;2.04631751;1.08297681;-2.49122023;-0.04763209;9.80158786;3.66471748
825;82.49314708;0.00000000;31.19921017;37.67768204;2.08363493;1.05938727;-2.49588422;-0.04565628;9.83890274;3.64257031
826;82.59313877;0.00000000;31.11921422;37.61769038;2.12459409;1.03935864;-2.50035084;-0.04368353;9.87585240;3.62062931
827;82.69313046;0.00000000;31.03895706;37.55804877;2.16561750;1.00687832;-2.50462027;-0.04171239;9.91244301;3.59889111
828;82.79312216;0.00000000;30.95845171;37.49874232;2.18213549;0.97981591;-2.50869267;-0.03974254;9.94868056;3.57735246
829;82.89311385;0.00000000;30.87771149;37.43975639;2.19759455;0.95728973;-2.51256815;-0.03777366;9.98457089;3.55601018
830;82.99310554;0.00000000;30.79674880;37.38107566;2.21709064;0.93612221;-2.51624681;-0.03580547;10.02011970;3.53486117
831;83.09309724;0.00000000;30.71557685;37.32268540;2.23752830;0.91144699;-2.51972869;-0.03383820;10.05533253;3.51390241
832;83.19308893;0.00000000;30.63420741;37.26456984;2.24452125;0.89763470;-2.52301392;-0.03187165;10.09021479;3.49313096
833;83.29308062;0.00000000;30.55265363;37.20671422;2.25561304;0.89134150;-2.52610252;-0.02990573;10.12477173;3.47254394
834;83.39307232;0.00000000;30.47092668;37.14910236;2.27076301;0.87948731;-2.52899459;-0.02794033;10.15900850;3.45213856
835;83.49306401;0.00000000;30.38903968;37.09171946;2.28990946;0.87272705;-2.53169013;-0.02597536;10.19293010;3.43191209
836;83.59305570;0.00000000;30.30700326;37.03454899;2.31297232;0.84148087;-2.53418925;-0.02401076;10.22654142;3.41186185
837;83.69304740;0.00000000;30.22483054;36.97757613;2.33985405;0.80044379;-2.53649190;-0.02204643;10.25984723;3.39198524
838;83.79303909;0.00000000;30.14253163;36.92078402;2.37044363;0.77049089;-2.53859818;-0.02008239;10.29285217;3.37227973
839;83.89303078;0.00000000;30.06011969;36.86415787;2.38988510;0.75292738;-2.54050805;-0.01811848;10.32556080;3.35274282
840;83.99302248;0.00000000;29.97760440;36.80768050;2.40537904;0.74860587;-2.54222158;-0.01615475;10.35797754;3.33337210
841;84.09301417;0.00000000;29.89499894;36.75133714;2.42081562;0.73523085;-2.54373873;-0.01419102;10.39010672;3.31416519
842;84.19300586;0.00000000;29.81231259;36.69511036;2.43652449;0.72053912;-2.54505955;-0.01222740;10.42195258;3.29511977
843;84.29299756;0.00000000;29.72955863;36.63898546;2.45207019;0.71969531;-2.54618400;-0.01026370;10.45351926;3.27623358
844;84.39298925;0.00000000;29.64674600;36.58294474;2.45999636;0.73272799;-2.54711212;-0.00830006;10.48481078;3.25750441
845;84.49298095;0.00000000;29.56388807;36.52697358;2.46867912;0.73076109;-2.54784386;-0.00633607;10.51583111;3.23893009
846;84.59297264;0.00000000;29.48099346;36.47105409;2.48130159;0.69267513;-2.54837922;-0.00437178;10.54658410;3.22050850
847;84.69296433;0.00000000;29.39807567;36.41517169;2.49782296;0.65633225;-2.54871814;-0.00240750;10.57707353;3.20223758
848;84.79295603;0.00000000;29.31514311;36.35930837;2.51489032;0.63385446;-2.54886069;-0.00044362;10.60730308;3.18411528
849;84.89294772;0.00000000;29.23220949;36.30344967;2.52089221;0.62671646;-2.54880684;0.00152056;10.63727638;3.16613963
850;84.99293941;0.00000000;29.14928295;36.24757742;2.53084878;0.61188135;-2.54855660;0.00348477;10.66699696;3.14830869
851;85.09293111;0.00000000;29.06637713;36.19167710;2.53833605;0.60700337;-2.54810928;0.00548382;10.69646828;3.13062055
852;85.19292280;0.00000000;28.98350050;36.13573029;2.53030949;0.60948311;-2.54745808;0.00754140;10.72569372;3.11307334
853;85.29291449;0.00000000;28.90066788;36.07972229;2.52629378;0.61478575;-2.54660589;0.00934270;10.75467659;3.09566525
854;85.39290619;0.00000000;28.81788584;36.02363606;2.52632566;0.59733998;-2.54560321;0.01071259;10.78342016;3.07839449
855;85.49289788;0.00000000;28.73516642;35.96746304;2.53041874;0.59627017;-2.54447330;0.01156367;10.81192758;3.06125930
856;85.59288957;0.00000000;28.65250981;35.91119359;2.53856156;0.61108603;-2.54331774;0.01154912;10.84020198;3.04425798
857;85.69288127;0.00000000;28.56991948;35.85482956;2.54583698;0.62641062;-2.54216271;0.01158733;10.86824641;3.02738882
858;85.79287296;0.00000000;28.48739332;35.79836901;2.55106265;0.64474787;-2.54099769;0.01171483;10.89606385;3.01065020
859;85.89286465;0.00000000;28.40493341;35.74181184;2.56030235;0.63172622;-2.53981973;0.01185327;10.92365724;2.99404049
860;85.99285635;0.00000000;28.32254041;35.68515685;2.57351424;0.62727263;-2.53862667;0.01200990;10.95102944;2.97755810
861;86.09284804;0.00000000;28.24021588;35.62840321;2.57182069;0.62987510;-2.53741789;0.01216912;10.97818328;2.96120148
862;86.19283973;0.00000000;28.15796022;35.57154926;2.56750396;0.62577106;-2.53619294;0.01233187;11.00512150;2.94496911
863;86.29283143;0.00000000;28.07577521;35.51459426;2.56720105;0.61511265;-2.53495118;0.01252306;11.03184681;2.92885948
864;86.39282312;0.00000000;27.99366118;35.45753607;2.57091529;0.62046780;-2.53368711;0.01276040;11.05836187;2.91287114
865;86.49281481;0.00000000;27.91162016;35.40037325;2.55366774;0.62893936;-2.53239919;0.01300449;11.08466928;2.89700263
866;86.59280651;0.00000000;27.82965336;35.34310366;2.53911632;0.64644958;-2.53108609;0.01325968;11.11077160;2.88125255
867;86.69279820;0.00000000;27.74776270;35.28572555;2.52857057;0.65333691;-2.52974753;0.01351178;11.13667132;2.86561950
868;86.79278989;0.00000000;27.66594952;35.22823677;2.52208325;0.64171495;-2.52838411;0.01375877;11.16237092;2.85010213
869;86.89278159;0.00000000;27.58421575;35.17063566;2.51968819;0.63496594;-2.52699599;0.01400649;11.18787279;2.83469909
870;86.99277328;0.00000000;27.50256253;35.11291999;2.52139954;0.64372682;-2.52558302;0.01425536;11.21317931;2.81940907
871;87.09276497;0.00000000;27.42099179;35.05508808;2.52147964;0.63058843;-2.52414518;0.01450314;11.23829281;2.80423078
872;87.19275667;0.00000000;27.33950486;34.99713784;2.50697001;0.62615233;-2.52268268;0.01474936;11.26321556;2.78916296
873;87.29274836;0.00000000;27.25810359;34.93906755;2.49653121;0.62777167;-2.52119556;0.01499526;11.28794982;2.77420435
874;87.39274005;0.00000000;27.17678939;34.88087522;2.49021688;0.63962579;-2.51968389;0.01524055;11.31249777;2.75935373
875;87.49273175;0.00000000;27.09556408;34.82255912;2.48806090;0.65577675;-2.51814771;0.01548532;11.33686159;2.74460990
876;87.59272344;0.00000000;27.01442906;34.76411724;2.49007653;0.67178049;-2.51658711;0.01572929;11.36104340;2.72997167
877;87.69271513;0.00000000;26.93338614;34.70554789;2.49469714;0.69731325;-2.51500213;0.01597264;11.38504528;2.71543789
878;87.79270683;0.00000000;26.85243679;34.64684912;2.47895173;0.71426707;-2.51339288;0.01621506;11.40886929;2.70100742
879;87.89269852;0.00000000;26.77158279;34.58801923;2.46336716;0.71922574;-2.51175940;0.01645695;11.43251745;2.68667912
880;87.99269022;0.00000000;26.69082564;34.52905632;2.44794582;0.73466955;-2.51010178;0.01669806;11.45599172;2.67245190
881;88.09268191;0.00000000;26.61016711;34.46995870;2.43269012;0.74994797;-2.50842007;0.01693860;11.47929407;2.65832466
882;88.19267360;0.00000000;26.52960874;34.41072452;2.41760245;0.76505851;-2.50671437;0.01717832;11.50242640;2.64429635
883;88.29266530;0.00000000;26.44915227;34.35135207;2.40268522;0.77999869;-2.50498471;0.01741752;11.52539060;2.63036590
884;88.39265699;0.00000000;26.36879930;34.29183958;2.38794080;0.79476606;-2.50323118;0.01765597;11.54818851;2.61653230
885;88.49264868;0.00000000;26.28855155;34.23218533;2.37337158;0.80935816;-2.50145381;0.01789394;11.57082196;2.60279451
886;88.59264038;0.00000000;26.20841064;34.17238758;2.35897993;0.82377254;-2.49965271;0.01813119;11.59329274;2.58915154
887;88.69263207;0.00000000;26.12837828;34.11244465;2.34476823;0.83800677;-2.49782789;0.01836800;11.61560261;2.57560241
888;88.79262376;0.00000000;26.04845615;34.05235482;2.33073884;0.85205843;-2.49597943;0.01860417;11.63775329;2.56214615
889;88.89261546;0.00000000;25.96864594;33.99211643;2.31689413;0.86592511;-2.49410737;0.01883993;11.65974649;2.54878180
890;88.99260715;0.00000000;25.88894935;33.93172779;2.30323647;0.87960439;-2.49221177;0.01907511;11.68158389;2.53550842
891;89.09259884;0.00000000;25.80936809;33.87118725;2.28976820;0.89309387;-2.49029267;0.01930995;11.70326714;2.52232509
892;89.19259054;0.00000000;25.72990387;33.81049316;2.27649168;0.90639117;-2.48835012;0.01954431;11.72479786;2.50923090
893;89.29258223;0.00000000;25.65055840;33.74964389;2.26340926;0.91949390;-2.48638414;0.01977832;11.74617765;2.49622496
894;89.39257392;0.00000000;25.57133345;33.68863784;2.25052330;0.93239966;-2.48439480;0.02001186;11.76740808;2.48330638
895;89.49256562;0.00000000;25.49223071;33.62747336;2.23783613;0.94510610;-2.48238210;0.02024525;11.78849070;2.47047429
896;89.59255731;0.00000000;25.41325197;33.56614889;2.22535010;0.95761082;-2.48034609;0.02047843;11.80942703;2.45772784
897;89.69254900;0.00000000;25.33439895;33.50466281;2.21306756;0.96991148;-2.47828676;0.02071127;11.83021857;2.44506619
898;89.79254070;0.00000000;25.25567345;33.44301357;2.20099085;0.98200570;-2.47620419;0.02094366;11.85086681;2.43248850
899;89.89253239;0.00000000;25.17707721;33.38119959;2.18912230;0.99437543;-2.47409838;0.02117592;11.87137319;2.41999395
900;89.99252408;0.00000000;25.09861205;33.31921934;2.17746425;1.01627343;-2.47196937;0.02140796;11.89173915;2.40758175
901;90.09251578;0.00000000;25.02027973;33.25707126;2.16601906;1.01975463;-2.46981712;0.02164133;11.91196610;2.39525110
902;90.19250747;0.00000000;24.94208210;33.19475383;2.15478906;1.02725860;-2.46764141;0.02187644;11.93205543;2.38300120
903;90.29249916;0.00000000;24.86402094;33.13226547;2.14377663;1.03826326;-2.46544230;0.02210642;11.95200851;2.37083131
904;90.39249086;0.00000000;24.78609812;33.06960474;2.13298408;1.04904894;-2.46322069;0.02232957;11.97182669;2.35874064
905;90.49248255;0.00000000;24.70831537;33.00677015;2.12241367;1.06524350;-2.46097692;0.02254524;11.99151130;2.34672845
906;90.59247424;0.00000000;24.63067450;32.94376040;2.09467067;1.07802529;-2.45871230;0.02275092;12.01106365;2.33479401
907;90.69246594;0.00000000;24.55317716;32.88057419;2.06467962;1.08052227;-2.45642711;0.02295671;12.03048503;2.32293659
908;90.79245763;0.00000000;24.47582507;32.81721026;2.03937885;1.09042283;-2.45412133;0.02316257;12.04977671;2.31115546
909;90.89244932;0.00000000;24.39861994;32.75366734;2.01894686;1.10159584;-2.45179496;0.02336904;12.06893995;2.29944993
910;90.99244102;0.00000000;24.32156351;32.68994419;2.00353477;1.12137995;-2.44944789;0.02357631;12.08797598;2.28781928
911;91.09243271;0.00000000;24.24465750;32.62603954;1.99326117;1.12076012;-2.44708010;0.02378321;12.10688602;2.27626284
912;91.19242440;0.00000000;24.16790370;32.56195221;1.98820786;1.12741718;-2.44469166;0.02398956;12.12567127;2.26477992
913;91.29241610;0.00000000;24.09130384;32.49768093;1.98695514;1.13612546;-2.44228258;0.02419619;12.14433292;2.25336985
914;91.39240779;0.00000000;24.01485971;32.43322452;1.97023950;1.15097417;-2.43985281;0.02440313;12.16287214;2.24203198
915;91.49239949;0.00000000;23.93857308;32.36858177;1.95873558;1.17394515;-2.43740235;0.02461006;12.18129007;2.23076565
916;91.59239118;0.00000000;23.86244576;32.30375149;1.95253766;1.20457176;-2.43493121;0.02481694;12.19958786;2.21957021
917;91.69238287;0.00000000;23.78647955;32.23873250;1.95108313;1.23996968;-2.43243937;0.02502394;12.21776662;2.20844504
918;91.79237457;0.00000000;23.71067626;32.17352363;1.93808701;1.24746524;-2.42992683;0.02523103;12.23582745;2.19738951
919;91.89236626;0.00000000;23.63503773;32.10812372;1.92907033;1.25470869;-2.42739358;0.02543821;12.25377145;2.18640299
920;91.99235795;0.00000000;23.55956580;32.04253164;1.92170257;1.26169793;-2.42483961;0.02564546;12.27159969;2.17548488
921;92.09234965;0.00000000;23.48426232;31.97674623;1.91496923;1.26843087;-2.42226491;0.02585282;12.28931324;2.16463459
922;92.19234134;0.00000000;23.40912915;31.91076638;1.91330971;1.27490543;-2.41966947;0.02606028;12.30691313;2.15385150
923;92.29233303;0.00000000;23.33416816;31.84459097;1.91225099;1.28111952;-2.41705328;0.02626786;12.32440041;2.14313505
924;92.39232473;0.00000000;23.25938124;31.77821889;1.89848589;1.28707103;-2.41441633;0.02647555;12.34177608;2.13248464
925;92.49231642;0.00000000;23.18477030;31.71164907;1.89018230;1.29275790;-2.41175861;0.02668337;12.35904116;2.12189971
926;92.59230811;0.00000000;23.11033724;31.64488041;1.88476274;1.29817802;-2.40908010;0.02689133;12.37619663;2.11137970
927;92.69229981;0.00000000;23.03608398;31.57791185;1.87961168;1.30332595;-2.40638078;0.02709943;12.39324347;2.10092404
928;92.79229150;0.00000000;22.96201246;31.51074233;1.87738528;1.30819935;-2.40366066;0.02730768;12.41018266;2.09053218
929;92.89228319;0.00000000;22.88812463;31.44337080;1.87548049;1.31280077;-2.40091969;0.02751609;12.42701515;2.08020360
930;92.99227489;0.00000000;22.81442244;31.37579623;1.86625776;1.31712806;-2.39815789;0.02772469;12.44374186;2.06993774
931;93.09226658;0.00000000;22.74090786;31.30801761;1.86220436;1.32117906;-2.39537521;0.02793345;12.46036375;2.05973407
932;93.19225827;0.00000000;22.66758289;31.24003392;1.85842973;1.32495163;-2.39257165;0.02814238;12.47688172;2.04959209
933;93.29224997;0.00000000;22.59444951;31.17184416;1.85537061;1.32844361;-2.38974719;0.02835155;12.49329667;2.03951126
934;93.39224166;0.00000000;22.52150974;31.10344734;1.85797947;1.33165285;-2.38690181;0.02856096;12.50960951;2.02949108
935;93.49223335;0.00000000;22.44876560;31.03484250;1.86623459;1.33457720;-2.38403547;0.02877052;12.52582111;2.01953105
936;93.59222505;0.00000000;22.37621912;30.96602867;1.85477138;1.33721451;-2.38114817;0.02898021;12.54193236;2.00963066
937;93.69221674;0.00000000;22.30387236;30.89700491;1.84522036;1.33896584;-2.37823990;0.02919028;12.55794410;1.99978943
938;93.79220843;0.00000000;22.23172736;30.82777027;1.84135025;1.31288032;-2.37531059;0.02940076;12.57385719;1.99000686
939;93.89220013;0.00000000;22.15978622;30.75832384;1.84319898;1.29372520;-2.37236023;0.02961137;12.58967247;1.98028249
940;93.99219182;0.00000000;22.08805101;30.68866470;1.85075150;1.28180927;-2.36938880;0.02982212;12.60539077;1.97061583
941;94.09218351;0.00000000;22.01652385;30.61879197;1.86394048;1.27733315;-2.36639630;0.03003279;12.62101291;1.96100642
942;94.19217521;0.00000000;21.94520683;30.54870475;1.88264942;1.27543951;-2.36338274;0.03024335;12.63653970;1.95145378
943;94.29216690;0.00000000;21.87410210;30.47840218;1.90669984;1.27600622;-2.36034807;0.03045635;12.65197194;1.94195748
944;94.39215859;0.00000000;21.80321179;30.40788340;1.91145906;1.26739353;-2.35729190;0.03067206;12.66731042;1.93251704
945;94.49215029;0.00000000;21.73253808;30.33714752;1.92172135;1.24010866;-2.35421441;0.03087728;12.68255592;1.92313203
946;94.59214198;0.00000000;21.66208310;30.26619378;1.93461575;1.22012517;-2.35111726;0.03107095;12.69770920;1.91380200
947;94.69213367;0.00000000;21.59184889;30.19502149;1.95075506;1.20780379;-2.34800117;0.03124617;12.71277104;1.90452652
948;94.79212537;0.00000000;21.52183738;30.12363012;1.97214256;1.20337827;-2.34486906;0.03140115;12.72774219;1.89530514
949;94.89211706;0.00000000;21.45205040;30.05201930;1.98007564;1.20208879;-2.34172144;0.03155679;12.74262339;1.88613746
950;94.99210875;0.00000000;21.38248972;29.98018861;1.98168063;1.19965074;-2.33855821;0.03171307;12.75741537;1.87702304
951;95.09210045;0.00000000;21.31315718;29.90813773;1.98487493;1.16796044;-2.33537930;0.03187146;12.77211887;1.86796147
952;95.19209214;0.00000000;21.24405460;29.83586623;1.99340372;1.14384585;-2.33218438;0.03203216;12.78673460;1.85895233
953;95.29208384;0.00000000;21.17518386;29.76337379;2.00302233;1.12779169;-2.32897341;0.03219196;12.80126327;1.84999522
954;95.39207553;0.00000000;21.10654682;29.69066003;2.01722235;1.12014316;-2.32574655;0.03235082;12.81570558;1.84108972
955;95.49206722;0.00000000;21.03814536;29.61772462;2.03655511;1.11693728;-2.32250377;0.03251027;12.83006223;1.83223546
956;95.59205892;0.00000000;20.96998136;29.54456724;2.06087749;1.11340656;-2.31924501;0.03267035;12.84433391;1.82343202
957;95.69205061;0.00000000;20.90205671;29.47118759;2.09001657;1.10954947;-2.31597024;0.03283037;12.85852129;1.81467902
958;95.79204230;0.00000000;20.83437331;29.39758534;2.11559211;1.10163584;-2.31267948;0.03299034;12.87262504;1.80597607
959;95.89203400;0.00000000;20.76693308;29.32376022;2.14006925;1.06740062;-2.30937271;0.03315033;12.88664582;1.79732279
960;95.99202569;0.00000000;20.69973793;29.24971197;2.15695249;1.04134955;-2.30604996;0.03331034;12.90058430;1.78871880
961;96.09201738;0.00000000;20.63278979;29.17544031;2.16212854;1.01027458;-2.30271120;0.03347029;12.91444111;1.78016373
962;96.19200908;0.00000000;20.56609059;29.10094502;2.17146843;0.97530347;-2.29935645;0.03363019;12.92821691;1.77165721
963;96.29200077;0.00000000;20.49964228;29.02622585;2.18568004;0.94928989;-2.29598572;0.03378994;12.94191232;1.76319888
964;96.39199246;0.00000000;20.43344681;28.95128260;2.20467056;0.93298214;-2.29259903;0.03394956;12.95552797;1.75478837
965;96.49198416;0.00000000;20.36750612;28.87611507;2.22831914;0.92647495;-2.28919637;0.03410898;12.96906448;1.74642532
966;96.59197585;0.00000000;20.30182220;28.80072309;2.25648059;0.91962935;-2.28577780;0.03426823;12.98252246;1.73810938
967;96.69196754;0.00000000;20.23639698;28.72510647;2.27105282;0.91281846;-2.28234330;0.03442723;12.99590253;1.72984020
968;96.79195924;0.00000000;20.17123246;28.64926510;2.27909551;0.91658348;-2.27889292;0.03458599;13.00920527;1.72161744
969;96.89195093;0.00000000;20.10633061;28.57319880;2.29181940;0.90017098;-2.27542667;0.03474447;13.02243129;1.71344074
970;96.99194262;0.00000000;20.04169343;28.49690750;2.30914850;0.88764046;-2.27194461;0.03490270;13.03558117;1.70530978
971;97.09193432;0.00000000;19.97732288;28.42039107;2.33098144;0.84899294;-2.26844672;0.03506059;13.04865549;1.69722421
972;97.19192601;0.00000000;19.91322100;28.34364946;2.35719431;0.81522706;-2.26493308;0.03521817;13.06165482;1.68918371
973;97.29191770;0.00000000;19.84938974;28.26668257;2.38764407;0.79236837;-2.26140367;0.03537549;13.07457974;1.68118793
974;97.39190940;0.00000000;19.78583116;28.18949041;2.40160458;0.78137346;-2.25785857;0.03553262;13.08743080;1.67323657
975;97.49190109;0.00000000;19.72254721;28.11207287;2.41160083;0.77136836;-2.25429775;0.03568925;13.10020857;1.66532929
976;97.59189278;0.00000000;19.65953998;28.03443004;2.42195232;0.76100692;-2.25072132;0.03584543;13.11291359;1.65746578
977;97.69188448;0.00000000;19.59681140;27.95656183;2.43416623;0.75028763;-2.24712925;0.03600179;13.12554640;1.64964572
978;97.79187617;0.00000000;19.53436359;27.87846836;2.44861775;0.73920902;-2.24352155;0.03615840;13.13810755;1.64186880
979;97.89186786;0.00000000;19.47219848;27.80014956;2.45574753;0.72776960;-2.23989820;0.03631404;13.15059757;1.63413470
980;97.99185956;0.00000000;19.41031822;27.72160560;2.46727280;0.71596792;-2.23625936;0.03646888;13.16301699;1.62644313
981;98.09185125;0.00000000;19.34872478;27.64283651;2.47940339;0.70380253;-2.23260500;0.03662484;13.17536633;1.61879378
982;98.19184294;0.00000000;19.28742024;27.56384242;2.47976967;0.69127198;-2.22893498;0.03678161;13.18764611;1.61118635
983;98.29183464;0.00000000;19.22640659;27.48462332;2.47318099;0.67837482;-2.22524932;0.03693708;13.19985683;1.60362054
984;98.39182633;0.00000000;19.16568598;27.40517945;2.47099421;0.66510965;-2.22154819;0.03709185;13.21199901;1.59609606
985;98.49181802;0.00000000;19.10526035;27.32551083;2.47322260;0.65147506;-2.21783160;0.03724513;13.22407314;1.58861262
986;98.59180972;0.00000000;19.04513194;27.24561784;2.47985574;0.63746971;-2.21409981;0.03739706;13.23607973;1.58116992
987;98.69180141;0.00000000;18.98530278;27.16550065;2.49085987;0.62309225;-2.21035155;0.03759580;13.24801926;1.57376768
988;98.79179311;0.00000000;18.92577521;27.08515906;2.50383185;0.60834088;-2.20658037;0.03783409;13.25989222;1.56640562
989;98.89178480;0.00000000;18.86655205;27.00459290;2.51950683;0.59321349;-2.20278479;0.03809413;13.27169909;1.55908347
990;98.99177649;0.00000000;18.80763611;26.92380159;2.53939772;0.59073259;-2.19896174;0.03837335;13.28344035;1.55180093
991;99.09176819;0.00000000;18.74903059;26.84278488;2.54457159;0.60462541;-2.19511338;0.03855657;13.29511647;1.54455774
992;99.19175988;0.00000000;18.69073780;26.76154282;2.53003132;0.63381427;-2.19125289;0.03865954;13.30672792;1.53735362
993;99.29175157;0.00000000;18.63275957;26.68007613;2.51976383;0.67471224;-2.18738285;0.03873576;13.31827516;1.53018831
994;99.39174327;0.00000000;18.57509721;26.59838538;2.51382236;0.66509743;-2.18350688;0.03879001;13.32975864;1.52306153
995;99.49173496;0.00000000;18.51775218;26.51647164;2.51223828;0.66756181;-2.17962552;0.03884340;13.34117882;1.51597303
996;99.59172665;0.00000000;18.46072567;26.43433569;2.51502037;0.68440016;-2.17573885;0.03889657;13.35253616;1.50892254
997;99.69171835;0.00000000;18.40401909;26.35197864;2.52215466;0.67832869;-2.17184681;0.03895098;13.36383108;1.50190980
998;99.79171004;0.00000000;18.34763367;26.26940131;2.52372571;0.67992932;-2.16794928;0.03900623;13.37506405;1.49493456
999;99.89170173;0.00000000;18.29157082;26.18660478;2.51341047;0.68453098;-2.16404622;0.03906119;13.38623548;1.48799656
1000;99.99169343;0.00000000;18.23583171;26.10358980;2.50197163;0.68488079;-2.16013768;0.03911616;13.39734582;1.48109554
1001;100.09168512;0.00000000;18.18041777;26.02035752;2.48197995;0.67648253;-2.15622362;0.03917160;13.40839548;1.47423126
1002;100.19167681;0.00000000;18.12533021;25.93690876;2.46627174;0.68239454;-2.15230399;0.03922754;13.41938490;1.46740347
1003;100.29166851;0.00000000;18.07057046;25.85324465;2.45493007;0.69612458;-2.14837877;0.03928340;13.43031450;1.46061192
1004;100.39166020;0.00000000;18.01613970;25.76936600;2.44801633;0.69227780;-2.14444796;0.03933933;13.44118468;1.45385638
1005;100.49165189;0.00000000;17.96203936;25.68527398;2.44556877;0.69990214;-2.14051155;0.03939538;13.45199586;1.44713659
1006;100.59164359;0.00000000;17.90827064;25.60096940;2.42976483;0.72106077;-2.13656952;0.03945168;13.46274846;1.44045233
1007;100.69163528;0.00000000;17.85483497;25.51645346;2.41729603;0.73210408;-2.13262186;0.03950794;13.47344286;1.43380335
1008;100.79162697;0.00000000;17.80173352;25.43172699;2.40931098;0.75395702;-2.12866858;0.03956436;13.48407948;1.42718943
1009;100.89161867;0.00000000;17.74896774;25.34679121;2.40408061;0.77926526;-2.12470965;0.03962076;13.49465870;1.42061032
1010;100.99161036;0.00000000;17.69653881;25.26164695;2.39745574;0.80009879;-2.12074507;0.03967734;13.50518093;1.41406580
1011;101.09160205;0.00000000;17.64444815;25.17629545;2.39538755;0.81140310;-2.11677484;0.03973394;13.51564655;1.40755564
1012;101.19159375;0.00000000;17.59269694;25.09073757;2.39788843;0.81441156;-2.11279893;0.03979073;13.52605595;1.40107962
1013;101.29158544;0.00000000;17.54128662;25.00497455;2.39825282;0.82331985;-2.10881735;0.03984751;13.53640950;1.39463750
1014;101.39157713;0.00000000;17.49021836;24.91900728;2.36764681;0.80116259;-2.10483008;0.03990449;13.54670759;1.38822908
1015;101.49156883;0.00000000;17.43949359;24.83283702;2.34130177;0.79071708;-2.10083710;0.03996159;13.55695058;1.38185412
1016;101.59156052;0.00000000;17.38911348;24.74646467;2.31936382;0.79244615;-2.09683841;0.04001898;13.56713887;1.37551241
1017;101.69155221;0.00000000;17.33907945;24.65989150;2.30195994;0.80627088;-2.09283397;0.04007638;13.57727280;1.36920373
1018;101.79154391;0.00000000;17.28939270;24.57311843;2.28919436;0.81761949;-2.08882378;0.04013404;13.58735275;1.36292788
1019;101.89153560;0.00000000;17.24005462;24.48614675;2.28114576;0.82686665;-2.08480782;0.04019199;13.59737907;1.35668463
1020;101.99152729;0.00000000;17.19106643;24.39897742;2.27786482;0.81945983;-2.08078604;0.04025032;13.60735213;1.35047378
1021;102.09151899;0.00000000;17.14242950;24.31161170;2.27937279;0.82380674;-2.07675841;0.04030899;13.61727228;1.34429511
1022;102.19151068;0.00000000;17.09414506;24.22405058;2.28566074;0.83105979;-2.07272489;0.04036818;13.62713987;1.33814843
1023;102.29150238;0.00000000;17.04621448;24.13629533;2.29668990;0.83639181;-2.06868547;0.04042634;13.63695525;1.33203352
1024;102.39149407;0.00000000;16.99863900;24.04834700;2.31051530;0.81449857;-2.06464029;0.04048412;13.64671876;1.32595019
1025;102.49148576;0.00000000;16.95141995;23.96020684;2.30665766;0.79744493;-2.06058913;0.04054804;13.65643076;1.31989822
1026;102.59147746;0.00000000;16.90455864;23.87187594;2.30753654;0.79232760;-2.05653126;0.04061617;13.66609157;1.31387743
1027;102.69146915;0.00000000;16.85805645;23.78335545;2.31314721;0.79937526;-2.05246689;0.04067351;13.67570153;1.30788761
1028;102.79146084;0.00000000;16.81191465;23.69464657;2.32345588;0.80901413;-2.04839734;0.04072432;13.68526098;1.30192856
1029;102.89145254;0.00000000;16.76613444;23.60575051;2.33840072;0.81373631;-2.04432369;0.04074285;13.69477025;1.29600009
1030;102.99144423;0.00000000;16.72071678;23.51666874;2.34225414;0.79926847;-2.04024983;0.04074117;13.70422967;1.29010202
1031;103.09143592;0.00000000;16.67566237;23.42740263;2.35051427;0.79676927;-2.03617634;0.04073247;13.71363955;1.28423414
1032;103.19142762;0.00000000;16.63097194;23.33795384;2.35657745;0.80635013;-2.03210408;0.04071967;13.72300023;1.27839626
1033;103.29141931;0.00000000;16.58664604;23.24832373;2.36224855;0.80663160;-2.02803292;0.04071205;13.73231201;1.27258821
1034;103.39141100;0.00000000;16.54268543;23.15851403;2.37252876;0.78924125;-2.02396226;0.04070795;13.74157523;1.26680978
1035;103.49140270;0.00000000;16.49909070;23.06852602;2.38735836;0.76468494;-2.01989202;0.04070314;13.75079018;1.26106080
1036;103.59139439;0.00000000;16.45586264;22.97836146;2.39812556;0.75230948;-2.01582230;0.04069815;13.75995719;1.25534108
1037;103.69138608;0.00000000;16.41300180;22.88802160;2.39552980;0.75271612;-2.01175305;0.04069367;13.76907656;1.24965045
1038;103.79137778;0.00000000;16.37050897;22.79750822;2.39301462;0.76588453;-2.00768422;0.04068981;13.77814859;1.24398871
1039;103.89136947;0.00000000;16.32838469;22.70682255;2.39508218;0.79117762;-2.00361575;0.04068642;13.78717359;1.23835569
1040;103.99136116;0.00000000;16.28662977;22.61596642;2.40172057;0.81901319;-1.99954759;0.04068359;13.79615186;1.23275122
1041;104.09135286;0.00000000;16.24524472;22.52494101;2.41289196;0.83767677;-1.99547969;0.04068111;13.80508370;1.22717511
1042;104.19134455;0.00000000;16.20423037;22.43374820;2.40701770;0.82059335;-1.99141203;0.04067912;13.81396940;1.22162719
1043;104.29133624;0.00000000;16.16358720;22.34238912;2.39657698;0.81316951;-1.98734453;0.04067749;13.82280926;1.21610729
1044;104.39132794;0.00000000;16.12331605;22.25086568;2.39068356;0.80408599;-1.98327718;0.04067637;13.83160356;1.21061524
1045;104.49131963;0.00000000;16.08341740;22.15917900;2.38937115;0.77719650;-1.97920992;0.04067557;13.84035259;1.20515086
1046;104.59131132;0.00000000;16.04389208;22.06733102;2.39264729;0.75885464;-1.97514272;0.04067526;13.84905665;1.19971399
1047;104.69130302;0.00000000;16.00474056;21.97532282;2.40049316;0.75304072;-1.97107553;0.04067527;13.85771601;1.19430445
1048;104.79129471;0.00000000;15.96596367;21.88315637;2.40273324;0.74788912;-1.96700833;0.04067577;13.86633095;1.18892209
1049;104.89128640;0.00000000;15.92756186;21.79083274;2.40815093;0.74321896;-1.96294104;0.04067657;13.87490175;1.18356674
1050;104.99127810;0.00000000;15.88953599;21.69835392;2.41303733;0.71359720;-1.95887367;0.04067785;13.88342870;1.17823822
1051;105.09126979;0.00000000;15.85188648;21.60572095;2.41987225;0.68356963;-1.95480614;0.04067946;13.89191205;1.17293639
1052;105.19126148;0.00000000;15.81461417;21.51293586;2.43120775;0.66691100;-1.95073843;0.04068156;13.90035209;1.16766108
1053;105.29125318;0.00000000;15.77771951;21.41999967;2.44360741;0.66462749;-1.94667049;0.04068398;13.90874908;1.16241212
1054;105.39124487;0.00000000;15.74120332;21.32691441;2.44497102;0.66248775;-1.94260230;0.04068685;13.91710330;1.15718937
1055;105.49123656;0.00000000;15.70506604;21.23368110;2.45082313;0.65822616;-1.93853378;0.04069014;13.92541499;1.15199266
1056;105.59122826;0.00000000;15.66930848;21.14030179;2.46113163;0.65818700;-1.93446492;0.04069398;13.93368444;1.14682183
1057;105.69121995;0.00000000;15.63393110;21.04677752;2.47584078;0.66721908;-1.93039565;0.04069815;13.94191190;1.14167674
1058;105.79121164;0.00000000;15.59893470;20.95311029;2.49464416;0.65470201;-1.92632595;0.04070273;13.95009763;1.13655722
1059;105.89120334;0.00000000;15.56431972;20.85930117;2.49956874;0.65270993;-1.92225576;0.04070796;13.95824188;1.13146313
1060;105.99119503;0.00000000;15.53008695;20.76535215;2.50887711;0.64152216;-1.91818501;0.04071389;13.96634491;1.12639431
1061;106.09118673;0.00000000;15.49623685;20.67126430;2.52252070;0.64540361;-1.91411365;0.04071995;13.97440698;1.12135062
1062;106.19117842;0.00000000;15.46277021;20.57703967;2.53504251;0.65284425;-1.91004168;0.04072641;13.98242833;1.11633190
1063;106.29117011;0.00000000;15.42968751;20.48267937;2.54998395;0.64723675;-1.90596900;0.04073435;13.99040921;1.11133800
1064;106.39116181;0.00000000;15.39698947;20.38818525;2.56483042;0.63795087;-1.90189548;0.04074297;13.99834986;1.10636879
1065;106.49115350;0.00000000;15.36467660;20.29355852;2.57109772;0.61585509;-1.89782109;0.04075154;14.00625054;1.10142411
1066;106.59114519;0.00000000;15.33274962;20.19880103;2.57260114;0.60915831;-1.89374582;0.04076089;14.01411149;1.09650381
1067;106.69113689;0.00000000;15.30120905;20.10391400;2.55775968;0.61836107;-1.88966967;0.04076771;14.02193294;1.09160777
1068;106.79112858;0.00000000;15.27005563;20.00889945;2.54716658;0.63124626;-1.88559296;0.04077353;14.02971513;1.08673582
1069;106.89112027;0.00000000;15.23928984;19.91375858;2.54087517;0.61558168;-1.88151462;0.04080932;14.03745831;1.08188784
1070;106.99111197;0.00000000;15.20891255;19.81849301;2.53891789;0.61204512;-1.87743155;0.04085895;14.04516271;1.07706369
1071;107.09110366;0.00000000;15.17892473;19.72310409;2.54130529;0.61340216;-1.87334261;0.04093522;14.05282855;1.07226321
1072;107.19109535;0.00000000;15.14932760;19.62759317;2.54802588;0.59632486;-1.86924498;0.04102431;14.06045608;1.06748628
1073;107.29108705;0.00000000;15.12012260;19.53196194;2.55904624;0.59536035;-1.86513809;0.04112338;14.06804552;1.06273275
1074;107.39107874;0.00000000;15.09131098;19.43621108;2.57040628;0.61058405;-1.86102095;0.04122612;14.07559709;1.05800250
1075;107.49107043;0.00000000;15.06289433;19.34034298;2.56536159;0.60499807;-1.85690196;0.04108727;14.08311104;1.05329539
1076;107.59106213;0.00000000;15.03487148;19.24435801;2.56117621;0.59999731;-1.85280581;0.04084219;14.09058757;1.04861127
1077;107.69105382;0.00000000;15.00724101;19.14826015;2.54949233;0.60206787;-1.84873705;0.04051548;14.09802691;1.04395003
1078;107.79104551;0.00000000;14.97999984;19.05205032;2.54209580;0.62006951;-1.84470389;0.04015436;14.10542929;1.03931152
1079;107.89103721;0.00000000;14.95314538;18.95573264;2.53902071;0.61048402;-1.84070691;0.03979138;14.11279492;1.03469562
1080;107.99102890;0.00000000;14.92667418;18.85930818;2.54027914;0.59942305;-1.83674627;0.03942767;14.12012403;1.03010219
1081;108.09102059;0.00000000;14.90058354;18.76278088;2.53069727;0.60452422;-1.83282199;0.03906505;14.12741681;1.02553112
1082;108.19101229;0.00000000;14.87486994;18.66615160;2.52211302;0.62539565;-1.82893389;0.03870328;14.13467350;1.02098226
1083;108.29100398;0.00000000;14.84953069;18.56942430;2.51786106;0.65064203;-1.82508198;0.03834166;14.14189430;1.01645549
1084;108.39099567;0.00000000;14.82456225;18.47259979;2.51795973;0.64593717;-1.82126618;0.03798042;14.14907943;1.01195069
1085;108.49098737;0.00000000;14.79996192;18.37568195;2.50734350;0.63809719;-1.81748651;0.03761956;14.15622909;1.00746772
1086;108.59097906;0.00000000;14.77572612;18.27867145;2.48970229;0.64267077;-1.81374287;0.03725915;14.16334349;1.00300648
1087;108.69097075;0.00000000;14.75185212;18.18157214;2.47634678;0.65052590;-1.81003529;0.03689899;14.17042284;0.99856682
1088;108.79096245;0.00000000;14.72833634;18.08438459;2.46734294;0.67295219;-1.80636367;0.03653924;14.17746734;0.99414863
1089;108.89095414;0.00000000;14.70517599;17.98711258;2.46273516;0.67520391;-1.80272804;0.03617972;14.18447720;0.98975179
1090;108.99094583;0.00000000;14.68236750;17.88975660;2.46254454;0.65636964;-1.79912831;0.03582059;14.19145262;0.98537618
1091;109.09093753;0.00000000;14.65990805;17.79232037;2.46676849;0.65212862;-1.79556451;0.03546166;14.19839379;0.98102167
1092;109.19092922;0.00000000;14.63779406;17.69480430;2.47538089;0.66276457;-1.79203656;0.03510310;14.20530092;0.97668815
1093;109.29092091;0.00000000;14.61602266;17.59721202;2.47517974;0.68461653;-1.78854447;0.03474473;14.21217421;0.97237550
1094;109.39091261;0.00000000;14.59459027;17.49954388;2.47750375;0.70612940;-1.78508818;0.03438670;14.21901384;0.96808360
1095;109.49090430;0.00000000;14.57349400;17.40180343;2.47362078;0.72730562;-1.78166770;0.03402884;14.22582002;0.96381234
1096;109.59089600;0.00000000;14.55273025;17.30399096;2.45380842;0.74814830;-1.77828296;0.03367130;14.23259294;0.95956159
1097;109.69088769;0.00000000;14.53229611;17.20610994;2.43827300;0.73782331;-1.77493399;0.03331395;14.23933278;0.95533125
1098;109.79087938;0.00000000;14.51218797;17.10816058;2.42709302;0.72306522;-1.77162071;0.03295692;14.24603975;0.95112119
1099;109.89087108;0.00000000;14.49240288;17.01014629;2.42032559;0.72165450;-1.76834315;0.03260000;14.25271402;0.94693132
1100;109.99086277;0.00000000;14.47293724;16.91206723;2.41800413;0.73367164;-1.76510124;0.03224339;14.25935579;0.94276150
1101;110.09085446;0.00000000;14.45378807;16.81392672;2.41630316;0.74622626;-1.76189500;0.03188697;14.26596524;0.93861164
1102;110.19084616;0.00000000;14.43495176;16.71572486;2.41898024;0.76507479;-1.75872436;0.03153081;14.27254255;0.93448162
1103;110.29083785;0.00000000;14.41642530;16.61746489;2.41642519;0.78361625;-1.75558935;0.03117494;14.27908791;0.93037133
1104;110.39082954;0.00000000;14.39820509;16.51914686;2.39820495;0.80185372;-1.75248988;0.03081941;14.28560151;0.92628066
1105;110.49082124;0.00000000;14.38028808;16.42077388;2.38228752;0.80763516;-1.74942600;0.03046337;14.29208351;0.92220950
1106;110.59081293;0.00000000;14.36267068;16.32234606;2.37078772;0.78565166;-1.74639770;0.03010744;14.29853411;0.91815775
1107;110.69080462;0.00000000;14.34534980;16.22386641;2.36376673;0.77418202;-1.74340494;0.02975340;14.30495348;0.91412529
1108;110.79079632;0.00000000;14.32832187;16.12533491;2.36126093;0.77524427;-1.74044751;0.02940004;14.31134179;0.91011203
1109;110.89078801;0.00000000;14.31158379;16.02675454;2.36328120;0.78879123;-1.73752551;0.02904447;14.31769923;0.90611785
1110;110.99077970;0.00000000;14.29513194;15.92812519;2.36981245;0.80519624;-1.73463909;0.02868844;14.32402596;0.90214265
1111;111.09077140;0.00000000;14.27896320;15.82944973;2.37915842;0.82132350;-1.73178876;0.02831998;14.33032216;0.89818632
1112;111.19076309;0.00000000;14.26307384;15.73072825;2.36325451;0.81073847;-1.72897561;0.02794768;14.33658800;0.89424877
1113;111.29075478;0.00000000;14.24746052;15.63196341;2.35094784;0.78964809;-1.72619986;0.02757077;14.34282366;0.89032988
1114;111.39074648;0.00000000;14.23211945;15.53315528;2.34312302;0.78061357;-1.72346193;0.02719234;14.34902929;0.88642957
1115;111.49073817;0.00000000;14.21704720;15.43430647;2.33982140;0.78405572;-1.72076177;0.02681604;14.35520508;0.88254772
1116;111.59072986;0.00000000;14.20223994;15.33541689;2.34105833;0.79889916;-1.71809915;0.02644065;14.36135118;0.87868423
1117;111.69072156;0.00000000;14.18769428;15.23648915;2.34682288;0.81347942;-1.71547409;0.02606485;14.36746777;0.87483901
1118;111.79071325;0.00000000;14.17340641;15.13752322;2.35707813;0.82780029;-1.71288660;0.02568910;14.37355500;0.87101196
1119;111.89070494;0.00000000;14.15937289;15.03852154;2.35966183;0.84186530;-1.71033669;0.02531366;14.37961304;0.86720297
1120;111.99069664;0.00000000;14.14558992;14.93948404;2.34589553;0.84011100;-1.70782429;0.02493839;14.38564206;0.86341195
1121;112.09068833;0.00000000;14.13205404;14.84041310;2.33285639;0.82123583;-1.70534942;0.02456330;14.39164221;0.85963880
1122;112.19068002;0.00000000;14.11876145;14.74130859;2.32429506;0.80815176;-1.70291203;0.02418839;14.39761365;0.85588343
1123;112.29067172;0.00000000;14.10570867;14.64217283;2.32025753;0.80155811;-1.70051213;0.02381361;14.40355655;0.85214573
1124;112.39066341;0.00000000;14.09289192;14.54300566;2.32076362;0.80715335;-1.69814970;0.02343896;14.40947106;0.84842562
1125;112.49065510;0.00000000;14.08030769;14.44380933;2.32580663;0.81974522;-1.69582473;0.02306445;14.41535735;0.84472300
1126;112.59064680;0.00000000;14.06795219;14.34458364;2.33535348;0.83210850;-1.69353718;0.02269009;14.42121555;0.84103777
1127;112.69063849;0.00000000;14.05582192;14.24533077;2.34934540;0.84424664;-1.69128708;0.02231583;14.42704584;0.83736984
1128;112.79063018;0.00000000;14.04391309;14.14605049;2.34391454;0.84169978;-1.68907439;0.02194169;14.43284835;0.83371912
1129;112.89062188;0.00000000;14.03222217;14.04674491;2.33421604;0.81405082;-1.68689911;0.02156764;14.43862326;0.83008551
1130;112.99061357;0.00000000;14.02074537;13.94741376;2.32898992;0.79784271;-1.68476121;0.02119372;14.44437070;0.82646893
1131;113.09060527;0.00000000;14.00947916;13.84805909;2.32826264;0.79378061;-1.68266071;0.02081987;14.45009083;0.82286928
1132;113.19059696;0.00000000;13.99841976;13.74868060;2.33203466;0.80205275;-1.68059758;0.02044612;14.45578380;0.81928647
1133;113.29058865;0.00000000;13.98756361;13.64928030;2.34028047;0.81288371;-1.67857183;0.02007245;14.46144975;0.81572042
1134;113.39058035;0.00000000;13.97690692;13.54985782;2.35294940;0.82351707;-1.67658342;0.01969886;14.46708883;0.81217102
1135;113.49057204;0.00000000;13.96644616;13.45041512;2.36669561;0.83395618;-1.67463238;0.01932534;14.47270120;0.80863820
1136;113.59056373;0.00000000;13.95617751;13.35095181;2.35642062;0.82867996;-1.67271867;0.01895190;14.47828699;0.80512187
1137;113.69055543;0.00000000;13.94609743;13.25146981;2.34988374;0.80290258;-1.67084231;0.01857851;14.48384636;0.80162194
1138;113.79054712;0.00000000;13.93620211;13.15196866;2.34777720;0.78885923;-1.66900327;0.01820519;14.48937943;0.79813831
1139;113.89053881;0.00000000;13.92648799;13.05245026;2.34917543;0.78511959;-1.66720157;0.01783192;14.49488637;0.79467092
1140;113.99053051;0.00000000;13.91695128;12.95291410;2.35184853;0.78382942;-1.66543719;0.01745871;14.50036730;0.79121966
1141;114.09052220;0.00000000;13.90758841;12.85336203;2.35893503;0.79320134;-1.66371012;0.01708554;14.50582237;0.78778445
1142;114.19051389;0.00000000;13.89839556;12.75379353;2.37039170;0.80240267;-1.66202036;0.01671242;14.51125171;0.78436522
1143;114.29050559;0.00000000;13.88936918;12.65421039;2.38615176;0.81143705;-1.66036791;0.01633934;14.51665548;0.78096186
1144;114.39049728;0.00000000;13.88050545;12.55461204;2.38067178;0.82030826;-1.65875276;0.01596631;14.52203380;0.77757431
1145;114.49048897;0.00000000;13.87180079;12.45500027;2.37287645;0.82901996;-1.65717492;0.01559330;14.52738681;0.77420248
1146;114.59048067;0.00000000;13.86325141;12.35537444;2.36943504;0.83626189;-1.65563436;0.01522033;14.53271466;0.77084628
1147;114.69047236;0.00000000;13.85485371;12.25573633;2.37036283;0.80178773;-1.65413110;0.01484741;14.53801746;0.76750564
1148;114.79046405;0.00000000;13.84660389;12.15608524;2.37565100;0.77856393;-1.65266512;0.01447455;14.54329537;0.76418047
1149;114.89045575;0.00000000;13.83849836;12.05642293;2.38526677;0.76761635;-1.65123643;0.01410162;14.54854850;0.76087069
1150;114.99044744;0.00000000;13.83053331;11.95674868;2.39915453;0.76947277;-1.64984503;0.01372871;14.55377700;0.75757622
1151;115.09043913;0.00000000;13.82270515;11.85706420;2.41723678;0.77729985;-1.64849091;0.01335597;14.55898100;0.75429697
1152;115.19043083;0.00000000;13.81501008;11.75736874;2.41503347;0.78499400;-1.64717406;0.01298329;14.56416062;0.75103288
1153;115.29042252;0.00000000;13.80744449;11.65766400;2.40746676;0.79255880;-1.64589445;0.01261114;14.56931600;0.74778387
1154;115.39041421;0.00000000;13.80000459;11.55794916;2.40002580;0.78665124;-1.64465204;0.01223916;14.57444726;0.74454984
1155;115.49040591;0.00000000;13.79268677;11.45822593;2.39270699;0.75358459;-1.64344682;0.01186730;14.57955454;0.74133073
1156;115.59039760;0.00000000;13.78548724;11.35849344;2.38800492;0.73265518;-1.64227877;0.01149551;14.58463796;0.73812646
1157;115.69038929;0.00000000;13.77840240;11.25875340;2.38760000;0.72491907;-1.64114791;0.01112366;14.58969765;0.73493695
1158;115.79038099;0.00000000;13.77142846;11.15900487;2.39149069;0.73079897;-1.64005422;0.01075181;14.59473373;0.73176212
1159;115.89037268;0.00000000;13.76456181;11.05924958;2.39965236;0.73664979;-1.63899773;0.01037999;14.59974633;0.72860190
1160;115.99036437;0.00000000;13.75779865;10.95948653;2.41203806;0.74339056;-1.63797840;0.01000819;14.60473557;0.72545621
1161;116.09035607;0.00000000;13.75113538;10.85971745;2.42857934;0.75003238;-1.63699625;0.00963639;14.60970158;0.72232499
1162;116.19034776;0.00000000;13.74456820;10.75994131;2.44507452;0.75657908;-1.63605128;0.00926460;14.61464448;0.71920814
1163;116.29033945;0.00000000;13.73809350;10.66015981;2.43859719;0.76303412;-1.63514349;0.00889282;14.61956439;0.71610560
1164;116.39033115;0.00000000;13.73170748;10.56037191;2.43220865;0.76940132;-1.63427286;0.00852106;14.62446143;0.71301730
1165;116.49032284;0.00000000;13.72540654;10.46057930;2.42590527;0.74172389;-1.63343942;0.00814930;14.62933573;0.70994316
1166;116.59031454;0.00000000;13.71918686;10.36078088;2.41968326;0.71471819;-1.63264314;0.00777756;14.63418740;0.70688311
1167;116.69030623;0.00000000;13.71304485;10.26097837;2.41762967;0.69696866;-1.63188403;0.00740582;14.63901655;0.70383707
1168;116.79029792;0.00000000;13.70697670;10.16117061;2.41978388;0.69325500;-1.63116210;0.00703410;14.64382332;0.70080498
1169;116.89028962;0.00000000;13.70097879;10.06135934;2.42613096;0.69925484;-1.63047733;0.00666238;14.64860781;0.69778676
1170;116.99028131;0.00000000;13.69504734;9.96154336;2.43663455;0.70518814;-1.62982973;0.00629068;14.65337014;0.69478235
1171;117.09027300;0.00000000;13.68917871;9.86172441;2.45123738;0.71105854;-1.62921930;0.00591899;14.65811043;0.69179166
1172;117.19026470;0.00000000;13.68336912;9.76190126;2.46986332;0.71686983;-1.62864603;0.00554731;14.66282879;0.68881464
1173;117.29025639;0.00000000;13.67761495;9.66207566;2.47763764;0.72262565;-1.62810993;0.00517564;14.66752534;0.68585121
1174;117.39024808;0.00000000;13.67191239;9.56224632;2.47193578;0.72832978;-1.62761099;0.00480398;14.67220019;0.68290130
1175;117.49023978;0.00000000;13.66625784;9.46241503;2.46628192;0.73398587;-1.62714921;0.00443234;14.67685346;0.67996485
1176;117.59023147;0.00000000;13.66064748;9.36258047;2.46067226;0.69697803;-1.62672459;0.00406071;14.68148525;0.67704178
1177;117.69022316;0.00000000;13.65507771;9.26274442;2.45510318;0.66894671;-1.62633714;0.00368909;14.68609568;0.67413202
1178;117.79021486;0.00000000;13.64954471;9.16290553;2.45114623;0.65509483;-1.62598684;0.00331750;14.69068485;0.67123552
1179;117.89020655;0.00000000;13.64404489;9.06306561;2.45129831;0.65632473;-1.62567369;0.00294591;14.69525289;-3.56293680
1180;117.99019824;0.00000000;13.63857442;8.96322327;2.45555495;0.66178811;-1.62539770;0.00257434;14.67098937;-12.27799804
1181;118.09018994;0.00000000;13.63312971;8.86338034;2.46389110;0.66722592;-1.62515887;0.00220278;14.58706734;-12.35389274
1182;118.19018163;0.00000000;13.62770694;8.76353538;2.47626204;0.67264199;-1.62495718;0.00183125;14.50213640;-12.42792721
1183;118.29017332;0.00000000;13.62230249;8.66369027;2.49260382;0.67803988;-1.62479265;0.00145972;14.41619164;-12.50008732
1184;118.39016502;0.00000000;13.61691258;8.56384353;2.51283563;0.68342341;-1.62466526;0.00108822;14.32922788;-12.57035582
1185;118.49015671;0.00000000;13.61153358;8.46399706;2.51170208;0.68879616;-1.62457502;0.00071673;14.24123973;-12.63871964
1186;118.59014840;0.00000000;13.60616168;8.36414934;2.50632905;0.69416195;-1.62452193;0.00034527;14.15222156;-12.70515548
1187;118.69014010;0.00000000;13.60079328;8.26430230;2.50095951;0.69952435;-1.62450597;-0.00002618;14.06216751;-12.67703009
1188;118.79013179;0.00000000;13.59542457;8.16445440;2.49558967;0.67017146;-1.62452716;-0.00039761;13.97173432;-12.59672582
1189;118.89012348;0.00000000;13.59005194;8.06460759;2.49021590;0.64561810;-1.62458549;-0.00076902;13.88129043;-12.51834010
1190;118.99011518;0.00000000;13.58467158;7.96476031;2.48798910;0.63056711;-1.62468095;-0.00114041;13.79082172;-12.44185292
1191;119.09010687;0.00000000;13.57927989;7.86491454;2.48748275;0.62187894;-1.62481355;-0.00151178;13.70031386;-12.36724794
1192;119.19009856;0.00000000;13.57387305;7.76506869;2.48932246;0.62728293;-1.62498328;-0.00188312;13.60975223;-12.29450623
1193;119.29009026;0.00000000;13.56844747;7.66522476;2.49515230;0.63270583;-1.62519014;-0.00225445;13.51912197;-12.22361257
1194;119.39008195;0.00000000;13.56299932;7.56538114;2.50494084;0.63815133;-1.62543413;-0.00262576;13.42840792;-12.15454905
1195;119.49007364;0.00000000;13.55752501;7.46553988;2.51863807;0.64362316;-1.62571525;-0.00299705;13.33759467;-12.08730161
1196;119.59006534;0.00000000;13.55202073;7.36569934;2.53617727;0.64912501;-1.62603349;-0.00336831;13.24666645;-12.02185343
1197;119.69005703;0.00000000;13.54648288;7.26586158;2.54667162;0.65466061;-1.62638886;-0.00373956;13.15560721;-11.95819151
1198;119.79004872;0.00000000;13.54090764;7.16602497;2.54109851;0.66023365;-1.62678134;-0.00411079;13.06440054;-11.89629990
1199;119.89004042;0.00000000;13.53529142;7.06619160;2.53548448;0.66584786;-1.62721094;-0.00448200;12.97302968;-11.83616679
1200;119.99003211;0.00000000;13.52963040;6.96635981;2.52982569;0.67150694;-1.62767767;-0.00485318;12.88147749;-11.77777718
1201;120.09002380;0.00000000;13.52392100;6.86653173;2.52411858;0.67721460;-1.62818150;-0.00522435;12.78972644;-11.72112037
1202;120.19001550;0.00000000;13.51815939;6.76670570;2.51908315;0.65362556;-1.62872245;-0.00559550;12.69775859;-11.66618220
1203;120.29000719;0.00000000;13.51234198;6.66688386;2.51795558;0.62011244;-1.62930051;-0.00596664;12.60555554;-11.61295311
1204;120.38999889;0.00000000;13.50646496;6.56706454;2.52073739;0.60159808;-1.62991568;-0.00633775;12.51309845;-11.56141982
1205;120.48999058;0.00000000;13.50052474;6.46724994;2.52741192;0.59947783;-1.63056795;-0.00670885;12.42036799;-11.51157389
1206;120.58998227;0.00000000;13.49451751;6.36743838;2.53794490;0.60548464;-1.63125734;-0.00707994;12.32734430;-11.46340285
1207;120.68997397;0.00000000;13.48843968;6.26763206;2.55228470;0.61156209;-1.63198382;-0.00745101;12.23400700;-11.41689943
1208;120.78996566;0.00000000;13.48228743;6.16782933;2.57036423;0.61771400;-1.63274741;-0.00782207;12.14033513;-11.37205159
1209;120.88995735;0.00000000;13.47605718;6.06803241;2.57607097;0.62394394;-1.63354810;-0.00819312;12.04630714;-11.32885345
1210;120.98994905;0.00000000;13.46974512;5.96823966;2.56975834;0.63025575;-1.63438590;-0.00856416;11.95190082;-11.28729550
1211;121.08994074;0.00000000;13.46334766;5.86845332;2.56336030;0.63665299;-1.63526079;-0.00893519;11.85709330;-11.24737132
1212;121.18993243;0.00000000;13.45686099;5.76867177;2.55687305;0.64313949;-1.63617279;-0.00930621;11.76186100;-11.20906416
1213;121.28992413;0.00000000;13.45028153;5.66889728;2.55029301;0.64971883;-1.63712188;-0.00967728;11.66617965;-11.17237754
1214;121.38991582;0.00000000;13.44360547;5.56912821;2.54361635;0.65639484;-1.63810809;-0.01004833;11.57002410;-11.13731983
1215;121.48990751;0.00000000;13.43682923;5.46936683;2.53683951;0.66317108;-1.63913138;-0.01041925;11.47336824;-11.10386453
1216;121.58989921;0.00000000;13.42994899;5.36961166;2.53221318;0.63432439;-1.64019176;-0.01079020;11.37618523;-11.03292218
1217;121.68989090;0.00000000;13.42296089;5.26986531;2.53142280;0.60677995;-1.64130177;-0.01146798;11.27879378;-10.95630916
1218;121.78988259;0.00000000;13.41585829;5.17012554;2.53446551;0.59508742;-1.64248578;-0.01221402;11.18123917;-10.79311835
1219;121.88987429;0.00000000;13.40863329;5.07039731;2.54131911;0.59435589;-1.64377412;-0.01368893;11.08429813;-10.61630117
1220;121.98986598;0.00000000;13.40127150;4.97067546;2.55137092;0.60007620;-1.64522479;-0.01532612;10.98811090;-10.46195364
1221;122.08985767;0.00000000;13.39375738;4.87096921;2.56202680;0.60755668;-1.64683360;-0.01682912;10.89249119;-10.31704323
1222;122.18984937;0.00000000;13.38607509;4.77127069;2.57635663;0.61520541;-1.64859003;-0.01830151;10.79736667;-10.17928091
1223;122.28984106;0.00000000;13.37821077;4.67159136;2.57863331;0.62303552;-1.65049305;-0.01976072;10.70268377;-10.04738895
1224;122.38983275;0.00000000;13.37014910;4.57192266;2.57056739;0.63106293;-1.65254180;-0.02121649;10.60839899;-9.91936935
1225;122.48982445;0.00000000;13.36187642;4.47227640;2.56229009;0.63930060;-1.65473655;-0.02268580;10.51448620;-9.79638360
1226;122.58981614;0.00000000;13.35337727;4.37264401;2.55378614;0.64776455;-1.65707860;-0.02415784;10.42090716;-9.68334338
1227;122.68980783;0.00000000;13.34463790;4.27303657;2.54504157;0.65646797;-1.65956595;-0.02558609;10.32757465;-9.57619227
1228;122.78979953;0.00000000;13.33564339;4.17344821;2.53604158;0.64631540;-1.66219538;-0.02700620;10.23443789;-9.40513285
1229;122.88979122;0.00000000;13.32637959;4.07388824;2.52677186;0.61478060;-1.66499379;-0.02909231;10.14213235;-9.22559657
1230;122.98978291;0.00000000;13.31682591;3.97435247;2.52094587;0.59572336;-1.66801474;-0.03133031;10.05076527;-8.96132789
1231;123.08977461;0.00000000;13.30695999;3.87485264;2.51876444;0.59345309;-1.67129660;-0.03448965;9.96121307;-8.68597852
1232;123.18976630;0.00000000;13.29675028;3.77538065;2.52020627;0.60367405;-1.67491394;-0.03785973;9.87363734;-8.44633572
1233;123.28975799;0.00000000;13.28616513;3.67595516;2.52523163;0.61427194;-1.67885700;-0.04096061;9.78772637;-8.22125533
1234;123.38974969;0.00000000;13.27517196;3.57656565;2.53378882;0.62527898;-1.68310479;-0.04399887;9.70337431;-8.00995609
1235;123.48974138;0.00000000;13.26374251;3.47723264;2.54581081;0.63672416;-1.68765361;-0.04697645;9.62047893;-7.80760526
1236;123.58973307;0.00000000;13.25184581;3.37794780;2.55190845;0.64863817;-1.69249920;-0.04994004;9.53898441;-7.61248608
1237;123.68972477;0.00000000;13.23945430;3.27873029;2.53952272;0.66104930;-1.69764084;-0.05290485;9.45885050;-7.42447780
1238;123.78971646;0.00000000;13.22653727;3.17957328;2.52661223;0.64040875;-1.70307928;-0.05586922;9.38003628;-7.24511189
1239;123.88970816;0.00000000;13.21306740;3.08049641;2.51432691;0.61569698;-1.70881291;-0.05881266;9.30248239;-7.07259355
1240;123.98969985;0.00000000;13.19901420;2.98149405;2.50538683;0.60724892;-1.71484085;-0.06175239;9.22614640;-6.90654927
1241;124.08969154;0.00000000;13.18435087;2.88258640;2.49979997;0.61576480;-1.72116227;-0.06468999;9.15098805;-6.74644471
1242;124.18968324;0.00000000;13.16904717;2.78376993;2.49755899;0.63104507;-1.72777787;-0.06762922;9.07697116;-6.59225146
1243;124.28967493;0.00000000;13.15307649;2.68506470;2.49864387;0.64699376;-1.73468697;-0.07056799;9.00405823;-6.44352504
1244;124.38966662;0.00000000;13.13640884;2.58646946;2.50302102;0.66364144;-1.74189042;-0.07350940;8.93221510;-6.30046952
1245;124.48965832;0.00000000;13.11901782;2.48800429;2.51064330;0.68101491;-1.74938754;-0.07644868;8.86140381;-6.16247113
1246;124.58965001;0.00000000;13.10087376;2.38967034;2.50090238;0.69914453;-1.75717905;-0.07939140;8.79159175;-6.02975509
1247;124.68964170;0.00000000;13.08195048;2.29148778;2.48197128;0.71805710;-1.76526444;-0.08233265;8.72274239;-5.90167234
1248;124.78963340;0.00000000;13.06221877;2.19346045;2.46223242;0.73778266;-1.77364445;-0.08527891;8.65482515;-5.77851702
1249;124.88962509;0.00000000;13.04165263;2.09560845;2.44166012;0.73536390;-1.78231878;-0.08822448;8.58780478;-5.65962399
1250;124.98961678;0.00000000;13.02022339;1.99793859;2.42244879;0.72618783;-1.79128817;-0.09117651;8.52165243;-5.54535340
1251;125.08960848;0.00000000;12.99790523;1.90047085;2.40633830;0.72101960;-1.80055256;-0.09412851;8.45633381;-5.43498748
1252;125.18960017;0.00000000;12.97467014;1.80321523;2.39336243;0.72840457;-1.81011268;-0.09708883;8.39182187;-5.32894893
1253;125.28959186;0.00000000;12.95049245;1.70619159;2.38354460;0.75011482;-1.81996875;-0.10005012;8.32808340;-5.22648386
1254;125.38958356;0.00000000;12.92534498;1.60941331;2.37689493;0.77512517;-1.83012149;-0.10302176;8.26509305;-5.12807008
1255;125.48957525;0.00000000;12.89920217;1.51290015;2.37341121;0.77670829;-1.84057148;-0.10599564;8.20281868;-5.03291768
1256;125.58956694;0.00000000;12.87203778;1.41666904;2.37218748;0.76608881;-1.85131940;-0.10898216;8.14123666;-4.94155849
1257;125.68955864;0.00000000;12.84382637;1.32073965;2.34703043;0.76952808;-1.86236625;-0.11197242;8.08031589;-4.85316542
1258;125.78955033;0.00000000;12.81454282;1.22513264;2.32480580;0.78687030;-1.87371267;-0.11497791;8.02003444;-4.76831686
1259;125.88954202;0.00000000;12.78416175;1.12986764;2.30557129;0.81725719;-1.88536015;-0.11798897;7.96036232;-4.68615448
1260;125.98953372;0.00000000;12.75265935;1.03496920;2.28937549;0.84843473;-1.89730927;-0.12101817;7.90127934;-4.60730447
1261;126.08952541;0.00000000;12.72001026;0.94045693;2.27625488;0.88079364;-1.90956208;-0.12405501;7.84275658;-4.53087387
1262;126.18951710;0.00000000;12.68619220;0.84635942;2.26623512;0.91435949;-1.92211911;-0.12711318;7.78477561;-4.45752162
1263;126.28950880;0.00000000;12.65117978;0.75269638;2.25505821;0.92688166;-1.93498301;-0.13018159;7.72730878;-4.38632942
1264;126.38950049;0.00000000;12.61495248;0.65950052;2.22639148;0.93192094;-1.94815430;-0.13327496;7.67033950;-4.31800460
1265;126.48949218;0.00000000;12.57748484;0.56679175;2.19943264;0.94884646;-1.96163631;-0.13638125;7.61384127;-4.25159550
1266;126.58948388;0.00000000;12.53875832;0.47460704;2.17233847;0.97363620;-1.97542947;-0.13951639;7.55779931;-4.18782290
1267;126.68947557;0.00000000;12.49874741;0.38296659;2.14819401;1.00324669;-1.98953791;-0.14266796;7.50218870;-4.12571166
1268;126.78946726;0.00000000;12.45743576;0.29191172;2.12707630;1.04293608;-2.00396206;-0.14585296;7.44699682;-4.06602116
1269;126.88945896;0.00000000;12.41479778;0.20146309;2.10904651;1.07902328;-2.01870687;-0.14905813;7.39220027;-4.00775974
1270;126.98945065;0.00000000;12.37081961;0.11166646;2.07400008;1.08715629;-2.03377276;-0.15230146;7.33778846;-3.95174678
1271;127.08944234;0.00000000;12.32547555;0.02254307;2.03571681;1.10580562;-2.04916556;-0.15556838;7.28373914;-3.89692404
1272;127.18943404;0.00000000;12.27875456;-0.06585677;2.00023321;1.13447645;-2.06488560;-0.15887880;7.23004397;-3.84393814
1273;127.28942573;0.00000000;12.23063081;-0.15351107;1.96767174;1.17246210;-2.08093991;-0.16222117;7.17668531;-3.79182051
1274;127.38941743;0.00000000;12.18109636;-0.24036488;1.93816208;1.21078740;-2.09732914;-0.16561448;7.12365853;-3.74171743
1275;127.48940912;0.00000000;12.13012525;-0.32639524;1.91181461;1.22945636;-2.11406120;-0.16903733;7.07094262;-3.69242290
1276;127.58940081;0.00000000;12.07771303;-0.41154253;1.88627923;1.25743794;-2.13113597;-0.17251402;7.01853306;-3.64436766
1277;127.68939251;0.00000000;12.02383365;-0.49578276;1.84281365;1.29415848;-2.14856288;-0.17603689;6.96641897;-3.59654326
1278;127.78938420;0.00000000;11.96848660;-0.57905133;1.80222227;1.33891129;-2.16634300;-0.17962718;6.91460371;-3.54924258
1279;127.88937589;0.00000000;11.91164560;-0.66132296;1.76467233;1.39094891;-2.18448766;-0.18327999;6.86308640;-3.50180253
1280;127.98936759;0.00000000;11.85331441;-0.74252797;1.72771915;1.44771007;-2.20299879;-0.18701012;6.81187585;-3.45795139
1281;128.08935928;0.00000000;11.79346640;-0.82263959;1.69165502;1.50402889;-2.22188669;-0.19074018;6.76092595;-3.41487973
1282;128.18935097;0.00000000;11.73211072;-0.90158319;1.64571162;1.53642158;-2.24114651;-0.19453103;6.71023103;-3.37580192
1283;128.28934267;0.00000000;11.66922114;-0.97933087;1.59559176;1.57628188;-2.26078953;-0.19831432;6.65973695;-3.33768797
1284;128.38933436;0.00000000;11.60481319;-1.05580319;1.54853266;1.62306553;-2.28080905;-0.20215789;6.60943372;-3.30025022
1285;128.48932605;0.00000000;11.53886106;-1.13097117;1.50478886;1.67622285;-2.30122024;-0.20606983;6.55931542;-3.26221361
1286;128.58931775;0.00000000;11.47138662;-1.20475059;1.46465612;1.73165905;-2.32202329;-0.21008076;6.50939554;-3.22516366
1287;128.68930944;0.00000000;11.40236397;-1.27711036;1.42080719;1.76355421;-2.34323522;-0.21415614;6.45966339;-3.18729986
1288;128.78930113;0.00000000;11.33182207;-1.34796109;1.36498080;1.80239743;-2.36485507;-0.21833976;6.41013605;-3.14819819
1289;128.88929283;0.00000000;11.25973499;-1.41726952;1.31248242;1.84778580;-2.38690383;-0.22264353;6.36083774;-3.10733431
1290;128.98928452;0.00000000;11.18613929;-1.48494086;1.26373912;1.89924667;-2.40938468;-0.22708180;6.31180177;-3.06527861
1291;129.08927621;0.00000000;11.11100913;-1.55093859;1.21890347;1.94032170;-2.43232060;-0.23164227;6.26305331;-3.02142224
1292;129.18926791;0.00000000;11.03438859;-1.61516336;1.17202881;1.97836181;-2.45571395;-0.23634137;6.21462811;-2.97435234
1293;129.28925960;0.00000000;10.95625241;-1.67757495;1.12490925;2.02275426;-2.47959105;-0.24121560;6.16658588;-2.92344888
1294;129.38925129;0.00000000;10.87665427;-1.73806819;1.07306737;2.07308691;-2.50395931;-0.24628123;6.11899830;-2.87065716
1295;129.48924299;0.00000000;10.79556960;-1.79659817;1.02611082;2.12897682;-2.52884794;-0.25148786;6.07190716;-2.81557950
1296;129.58923468;0.00000000;10.71306140;-1.85305530;0.98474721;2.18997801;-2.55425771;-0.25684541;6.02536201;-2.75205870
1297;129.68922637;0.00000000;10.62910856;-1.90738900;0.93929545;2.25570989;-2.58022343;-0.26251607;5.97951682;-2.68314537
1298;129.78921807;0.00000000;10.54378073;-1.95948684;0.89173871;2.30314230;-2.60676271;-0.26841365;5.93447865;-2.61148266
1299;129.88920976;0.00000000;10.45706075;-2.00929017;0.84216019;2.34546237;-2.63390647;-0.27446117;5.89031270;-2.53252702
1300;129.98920145;0.00000000;10.36903301;-2.05668073;0.79949485;2.38626268;-2.66165979;-0.28077900;5.84716345;-2.45687132
1301;130.08919315;0.00000000;10.27968479;-2.10159410;0.76484796;2.41776066;-2.69005443;-0.28706164;5.80499672;-2.38019884
1302;130.18918484;0.00000000;10.18911042;-2.14391243;0.73059643;2.45198711;-2.71907093;-0.29342712;5.76385173;-2.26467103
1303;130.28917653;0.00000000;10.09730867;-2.18356494;0.69361996;2.48880980;-2.74877961;-0.30095461;5.72442924;-2.13103242
1304;130.38916823;0.00000000;10.00437803;-2.22042808;0.66138912;2.51456271;-2.77926858;-0.30900117;5.68708353;-1.95479777
1305;130.48915992;0.00000000;9.91032940;-2.25440988;0.64016551;2.53873725;-2.81062240;-0.31825006;5.65260931;-1.75832049
1306;130.58915161;0.00000000;9.81527114;-2.28537408;0.63100096;2.54399883;-2.84292414;-0.32796595;5.62141949;-1.55353242
1307;130.68914331;0.00000000;9.71922801;-2.31321103;0.63432640;2.54977411;-2.87620754;-0.33772891;5.59371758;-1.33014522
1308;130.78913500;0.00000000;9.62231856;-2.33778431;0.64367965;2.56231764;-2.91047478;-0.34779210;5.56988954;-0.96309473
1309;130.88912669;0.00000000;9.52458230;-2.35897471;0.61909015;2.54114910;-2.94593462;-0.36184584;5.55257296;-0.52902851
1310;130.98911839;0.00000000;9.42618233;-2.37660801;0.60050551;2.52353270;-2.98287033;-0.37720581;5.54303794;-0.31856090
1311;131.08911008;0.00000000;9.32716178;-2.39053319;0.59451590;2.50961849;-3.02100696;-0.38484573;5.53728839;-0.11844091
1312;131.18910178;0.00000000;9.22770083;-2.40063647;0.60142377;2.49952143;-3.05982591;-0.39167205;5.53514919;-0.11844091
1313;131.28909347;0.00000000;9.12792429;-2.40686210;0.60763124;2.49329831;-3.09856236;-0.38242749;5.53300915;0.17394261
1314;131.38908516;0.00000000;9.02795385;-2.40926903;0.61003481;2.49089147;-3.13631792;-0.37273470;5.53615172;0.45757933
1315;131.48907686;0.00000000;8.92797670;-2.40795057;0.60871804;2.49220968;3.11011598;-0.36247414;5.54441017;0.73853201
1316;131.58906855;0.00000000;8.82811128;-2.40300927;0.61695213;2.49715179;3.07434628;-0.35313704;5.55771341;0.97283164
