id; s_m; d_m; x_m; y_m; d_right; d_left; psi_rad; kappa_radpm; vx_mps; ax_mps2
0;0.00000000;0.00000000;8.69337117;-3.31356135;1.53661272;1.58645156;2.93425549;-0.22335399;0.00000000;0.00000000
1;0.10000000;0.00000000;8.59557513;-3.29298895;1.53647460;1.60701660;2.91192009;-0.32672528;0.00000000;0.00000000
2;0.20000000;0.00000000;8.49880128;-3.26807130;1.53837128;1.63015238;2.86891043;-0.40704744;0.00000000;0.00000000
3;0.30000000;0.00000000;8.40314256;-3.23917558;1.54111731;1.62766461;2.83051060;-0.37403982;0.00000000;0.00000000
4;0.40000000;0.00000000;8.30856844;-3.20690744;1.53483874;1.61883631;2.79410247;-0.38107395;0.00000000;0.00000000
5;0.50000000;0.00000000;8.21527164;-3.17113120;1.52061803;1.61886600;2.75429581;-0.39263619;0.00000000;0.00000000
6;0.60000000;0.00000000;8.12357780;-3.13145003;1.50866569;1.62924413;2.71557523;-0.36415277;0.00000000;0.00000000
7;0.70000000;0.00000000;8.03332593;-3.08856250;1.49975952;1.64822313;2.68146525;-0.34050035;0.00000000;0.00000000
8;0.80000000;0.00000000;7.94454562;-3.04272035;1.49418205;1.63981217;2.64747516;-0.34214494;0.00000000;0.00000000
9;0.90000000;0.00000000;7.85741979;-2.99380384;1.49178534;1.62769513;2.61303627;-0.33992901;0.00000000;0.00000000
10;1.00000000;0.00000000;7.77200127;-2.94195800;1.49268862;1.62504569;2.57948936;-0.33113012;0.00000000;0.00000000
11;1.10000000;0.00000000;7.68834556;-2.88730678;1.49696252;1.63183674;2.54681024;-0.30559366;0.00000000;0.00000000
12;1.20000000;0.00000000;7.60648580;-2.82998607;1.50467012;1.64785168;2.51837063;-0.29097181;0.00000000;0.00000000
13;1.30000000;0.00000000;7.52606319;-2.77066075;1.49191202;1.65561674;2.48861588;-0.31565446;0.00000000;0.00000000
14;1.40000000;0.00000000;7.44775710;-2.70857255;1.48183378;1.65468955;2.45523973;-0.30731778;0.00000000;0.00000000
15;1.50000000;0.00000000;7.37147809;-2.64402107;1.47526731;1.64638956;2.42715232;-0.25439704;0.00000000;0.00000000
16;1.60000000;0.00000000;7.29678468;-2.57763733;1.47303242;1.64630607;2.40436033;-0.23015572;0.00000000;0.00000000
17;1.70000000;0.00000000;7.22352478;-2.50967545;1.47544096;1.65439859;2.38112118;-0.25394661;0.00000000;0.00000000
18;1.80000000;0.00000000;7.15200214;-2.43989858;1.47667386;1.67091656;2.35357100;-0.28287446;0.00000000;0.00000000
19;1.90000000;0.00000000;7.08259920;-2.36800848;1.47880073;1.69606682;2.32454629;-0.26107815;0.00000000;0.00000000
20;2.00000000;0.00000000;7.01523679;-2.29419045;1.47008711;1.71213125;2.30135537;-0.21049405;0.00000000;0.00000000
21;2.10000000;0.00000000;6.94923404;-2.21915095;1.46631200;1.71852397;2.28244748;-0.18322277;0.00000000;0.00000000
22;2.20000000;0.00000000;6.88470922;-2.14283726;1.46739159;1.72004062;2.26471082;-0.16634225;0.00000000;0.00000000
23;2.30000000;0.00000000;6.82141085;-2.06550593;1.47367067;1.69329135;2.24917903;-0.17007642;0.00000000;0.00000000
24;2.40000000;0.00000000;6.75928920;-1.98722736;1.48516363;1.67358320;2.23069553;-0.19923234;0.00000000;0.00000000
25;2.50000000;0.00000000;6.69889763;-1.90761657;1.49551461;1.66184204;2.20933256;-0.20275185;0.00000000;0.00000000
26;2.60000000;0.00000000;6.64017622;-1.82675636;1.49082482;1.65814306;2.19014516;-0.20065035;0.00000000;0.00000000
27;2.70000000;0.00000000;6.58288092;-1.74488349;1.49107754;1.66220659;2.16920249;-0.24821925;0.00000000;0.00000000
28;2.80000000;0.00000000;6.52760013;-1.66164024;1.49558458;1.66061852;2.14050131;-0.26194461;0.00000000;0.00000000
29;2.90000000;0.00000000;6.47509265;-1.57660956;1.50344886;1.64862617;2.11681357;-0.20435394;0.00000000;0.00000000
30;3.00000000;0.00000000;6.42381139;-1.49083357;1.51645218;1.64407184;2.09963053;-0.18376758;0.00000000;0.00000000
31;3.10000000;0.00000000;6.37425761;-1.40405085;1.53001945;1.64622547;2.08006005;-0.19236494;0.00000000;0.00000000
32;3.20000000;0.00000000;6.32637418;-1.31633765;1.54599249;1.63584184;2.06115754;-0.18674320;0.00000000;0.00000000
33;3.30000000;0.00000000;6.28013723;-1.22774666;1.55636167;1.62709721;2.04271142;-0.17585739;0.00000000;0.00000000
34;3.40000000;0.00000000;6.23552210;-1.13832807;1.56081205;1.61459535;2.02598606;-0.15380121;0.00000000;0.00000000
35;3.50000000;0.00000000;6.19227240;-1.04823722;1.56112714;1.60437220;2.01195117;-0.14447049;0.00000000;0.00000000
36;3.60000000;0.00000000;6.15018356;-0.95759964;1.56654727;1.60161936;1.99709196;-0.15942484;0.00000000;0.00000000
37;3.70000000;0.00000000;6.10962972;-0.86626305;1.57661927;1.60677786;1.98006620;-0.17252538;0.00000000;0.00000000
38;3.80000000;0.00000000;6.07064977;-0.77424211;1.59122310;1.58983964;1.96258689;-0.17106135;0.00000000;0.00000000
39;3.90000000;0.00000000;6.03331273;-0.68154303;1.57833046;1.57033398;1.94585394;-0.18755663;0.00000000;0.00000000
40;4.00000000;0.00000000;5.99743437;-0.58827138;1.56719427;1.55857082;1.92507556;-0.21410856;0.00000000;0.00000000
41;4.10000000;0.00000000;5.96398413;-0.49411046;1.55979911;1.55574736;1.90303222;-0.18870047;0.00000000;0.00000000
42;4.20000000;0.00000000;5.93225135;-0.39934878;1.55696844;1.56115016;1.88733547;-0.14356116;0.00000000;0.00000000
43;4.30000000;0.00000000;5.90177083;-0.30417684;1.55923005;1.57001834;1.87431999;-0.12844450;0.00000000;0.00000000
44;4.40000000;0.00000000;5.87251515;-0.20862096;1.56659546;1.56965164;1.86164657;-0.12738986;0.00000000;0.00000000
45;4.50000000;0.00000000;5.84445625;-0.11270635;1.57902596;1.55621426;1.84884202;-0.13504276;0.00000000;0.00000000
46;4.60000000;0.00000000;5.81765705;-0.01643283;1.59513279;1.54459516;1.83463801;-0.13804845;0.00000000;0.00000000
47;4.70000000;0.00000000;5.79233354;0.08024114;1.60948886;1.54091816;1.82123233;-0.12527154;0.00000000;0.00000000
48;4.80000000;0.00000000;5.76812432;0.17720081;1.60130900;1.54486337;1.80958371;-0.11436574;0.00000000;0.00000000
49;4.90000000;0.00000000;5.74505955;0.27443920;1.58456505;1.55639965;1.79835918;-0.10774873;0.00000000;0.00000000
50;5.00000000;0.00000000;5.72303295;0.37191764;1.56925333;1.55569942;1.78803396;-0.10800412;0.00000000;0.00000000
51;5.10000000;0.00000000;5.70198110;0.46961096;1.55920903;1.55821231;1.77675835;-0.11197073;0.00000000;0.00000000
52;5.20000000;0.00000000;5.68215838;0.56756032;1.55427790;1.56835244;1.76563981;-0.10096889;0.00000000;0.00000000
53;5.30000000;0.00000000;5.66328399;0.66569741;1.55479788;1.57070574;1.75656458;-0.09190922;0.00000000;0.00000000
54;5.40000000;0.00000000;5.64524215;0.76399102;1.56088263;1.56221712;1.74725797;-0.09740740;0.00000000;0.00000000
55;5.50000000;0.00000000;5.62819766;0.86246195;1.57230298;1.55819843;1.73708310;-0.09982411;0.00000000;0.00000000
56;5.60000000;0.00000000;5.61215973;0.96110195;1.56943787;1.56160086;1.72729315;-0.09352099;0.00000000;0.00000000
57;5.70000000;0.00000000;5.59704638;1.05988800;1.55544666;1.57229213;1.71837890;-0.05858319;0.00000000;0.00000000
58;5.80000000;0.00000000;5.58276946;1.15879856;1.54694979;1.59003589;1.71557651;-0.01012686;0.00000000;0.00000000
59;5.90000000;0.00000000;5.56821004;1.25766766;1.54516972;1.59409134;1.71635353;-0.01443751;0.00000000;0.00000000
60;6.00000000;0.00000000;5.55377944;1.35655587;1.54971516;1.60076071;1.71268901;-0.04641192;0.00000000;0.00000000
61;6.10000000;0.00000000;5.53994490;1.45552982;1.56006343;1.61419801;1.70707114;-0.05370203;0.00000000;0.00000000
62;6.20000000;0.00000000;5.52662621;1.55457434;1.57338531;1.62681254;1.70194860;-0.04752970;0.00000000;0.00000000
63;6.30000000;0.00000000;5.51380638;1.65368484;1.55732933;1.61398139;1.69756520;-0.03716322;0.00000000;0.00000000
64;6.40000000;0.00000000;5.50135646;1.75284262;1.54272227;1.60152107;1.69451596;-0.02352353;0.00000000;0.00000000
65;6.50000000;0.00000000;5.48914126;1.85202967;1.53426169;1.58929610;1.69286049;-0.00929967;0.00000000;0.00000000
66;6.60000000;0.00000000;5.47701969;1.95122824;1.53219168;1.58168487;1.69265603;-0.01880544;0.00000000;0.00000000
67;6.70000000;0.00000000;5.46484505;2.05042029;1.53668546;1.58031566;1.68909940;-0.05486568;0.00000000;0.00000000
68;6.80000000;0.00000000;5.45342981;2.14969917;1.54687537;1.58601923;1.68168289;-0.07128252;0.00000000;0.00000000
69;6.90000000;0.00000000;5.44272776;2.24906085;1.55756332;1.59782425;1.67484290;-0.06655020;0.00000000;0.00000000
70;7.00000000;0.00000000;5.43267166;2.34848698;1.56760708;1.61145871;1.66837285;-0.06162734;0.00000000;0.00000000
71;7.10000000;0.00000000;5.42325621;2.44797874;1.57701186;1.62375329;1.66251743;-0.07943214;0.00000000;0.00000000
72;7.20000000;0.00000000;5.41436511;2.54751622;1.58589346;1.61487560;1.65248642;-0.10258906;0.00000000;0.00000000
73;7.30000000;0.00000000;5.40694762;2.64717412;1.59330405;1.60746822;1.64199962;-0.05886061;0.00000000;0.00000000
74;7.40000000;0.00000000;5.40014582;2.74687862;1.60010000;1.60067527;1.64071430;0.01041472;0.00000000;0.00000000
75;7.50000000;0.00000000;5.39298435;2.84655798;1.60725521;1.59352356;1.64408257;0.01150580;0.00000000;0.00000000
76;7.60000000;0.00000000;5.38551103;2.94621448;1.61472195;1.58606085;1.64301546;-0.03345529;0.00000000;0.00000000
77;7.70000000;0.00000000;5.37856250;3.04590632;1.62166469;1.57912195;1.63739151;-0.05222991;0.00000000;0.00000000
78;7.80000000;0.00000000;5.37221056;3.14564043;1.62801173;1.57277842;1.63256948;-0.04456640;0.00000000;0.00000000
79;7.90000000;0.00000000;5.36622375;3.24539518;1.63399408;1.56679944;1.62847823;-0.03665170;0.00000000;0.00000000
80;8.00000000;0.00000000;5.36068808;3.34517773;1.63952587;1.56127075;1.62523914;-0.05044222;0.00000000;0.00000000
81;8.10000000;0.00000000;5.35534760;3.44496968;1.64486269;1.55593699;1.61838978;-0.07170682;0.00000000;0.00000000
82;8.20000000;0.00000000;5.35117936;3.54481738;1.62540738;1.55177354;1.61089777;-0.04658925;0.00000000;0.00000000
83;8.30000000;0.00000000;5.34733467;3.64467914;1.60508281;1.54793316;1.60907194;-0.03576798;0.00000000;0.00000000
84;8.40000000;0.00000000;5.34353105;3.74454188;1.59074736;1.54413384;1.60374418;-0.07844655;0.00000000;0.00000000
85;8.50000000;0.00000000;5.34075065;3.84443829;1.57651159;1.54135641;1.59338262;-0.10477904;0.00000000;0.00000000
86;8.60000000;0.00000000;5.33901717;3.94435829;1.56661652;1.53962484;1.58278837;-0.08530563;0.00000000;0.00000000
87;8.70000000;0.00000000;5.33835389;4.04429106;1.56199082;1.53896270;1.57632150;-0.03577177;0.00000000;0.00000000
88;8.80000000;0.00000000;5.33791286;4.14422560;1.56243265;1.53852266;1.57563401;-0.02386935;0.00000000;0.00000000
89;8.90000000;0.00000000;5.33738698;4.24415965;1.56295930;1.53799783;1.57154763;-0.04679519;0.00000000;0.00000000
90;9.00000000;0.00000000;5.33776269;4.34409435;1.56367548;1.53837421;1.56627498;-0.01003196;0.00000000;0.00000000
91;9.10000000;0.00000000;5.33829067;4.44402857;1.57061091;1.53890281;1.56954124;0.03728073;0.00000000;0.00000000
92;9.20000000;0.00000000;5.33801355;4.54396382;1.58462788;1.53862661;1.57373112;-0.00194058;0.00000000;0.00000000
93;9.30000000;0.00000000;5.33770409;4.64389867;1.60478889;1.53831809;1.56915312;-0.04887086;0.00000000;0.00000000
94;9.40000000;0.00000000;5.33834197;4.74383194;1.62992705;1.53895658;1.56395695;-0.02201327;0.00000000;0.00000000
95;9.50000000;0.00000000;5.33907107;4.84376445;1.66062203;1.53968627;1.56475047;-0.00798549;0.00000000;0.00000000
96;9.60000000;0.00000000;5.33955036;4.94369907;1.66047025;1.54016619;1.56235985;-0.04835300;0.00000000;0.00000000
97;9.70000000;0.00000000;5.34075725;5.04362756;1.65926314;1.54137359;1.55507987;-0.07278725;0.00000000;0.00000000
98;9.80000000;0.00000000;5.34269148;5.14354461;1.65732863;1.54330837;1.54780240;-0.07275623;0.00000000;0.00000000
99;9.90000000;0.00000000;5.34535264;5.24344495;1.65466713;1.54597027;1.54052862;-0.07271367;0.00000000;0.00000000
100;10.00000000;0.00000000;5.34874017;5.34332329;1.65127917;1.54935885;1.53325967;-0.07265960;0.00000000;0.00000000
101;10.10000000;0.00000000;5.35285334;5.44317439;1.64716544;1.55347357;1.52599670;-0.07259407;0.00000000;0.00000000
102;10.20000000;0.00000000;5.35769129;5.54299299;1.64232681;1.55831368;1.51874086;-0.05159912;0.00000000;0.00000000
103;10.30000000;0.00000000;5.36325298;5.64277389;1.63676426;1.56387833;1.51567688;-0.00000503;0.00000000;0.00000000
104;10.40000000;0.00000000;5.36870245;5.74255975;1.63131399;1.56933065;1.51873985;0.01558114;0.00000000;0.00000000
105;10.50000000;0.00000000;5.37365282;5.84237320;1.62636295;1.57428328;1.51879310;-0.00582724;0.00000000;0.00000000
106;10.60000000;0.00000000;5.37909174;5.94216122;1.62092327;1.57972500;1.51757440;0.01091261;0.00000000;0.00000000
107;10.70000000;0.00000000;5.38428529;6.04196069;1.61572901;1.58492112;1.52097563;0.01055473;0.00000000;0.00000000
108;10.80000000;0.00000000;5.38904528;6.14178309;1.61096843;1.58968320;1.51968535;-0.04077658;0.00000000;0.00000000
109;10.90000000;0.00000000;5.39449642;6.24157016;1.60551657;1.59513716;1.51282031;-0.06804971;0.00000000;0.00000000
110;11.00000000;0.00000000;5.40062648;6.34131785;1.59938564;1.60127089;1.50607541;-0.04684163;0.00000000;0.00000000
111;11.10000000;0.00000000;5.40742320;6.44102235;1.59258795;1.58947372;1.50345198;0.00568828;0.00000000;0.00000000
112;11.20000000;0.00000000;5.41407644;6.54073499;1.58593379;1.56714538;1.50721306;0.02401490;0.00000000;0.00000000
113;11.30000000;0.00000000;5.42012300;6.64048813;1.57988648;1.55034410;1.50825496;-0.01436537;0.00000000;0.00000000
114;11.40000000;0.00000000;5.42656856;6.74021629;1.57344012;1.54025705;1.50433999;-0.03829641;0.00000000;0.00000000
115;11.50000000;0.00000000;5.43339600;6.83991906;1.57011053;1.53699953;1.50059568;-0.03659116;0.00000000;0.00000000
116;11.60000000;0.00000000;5.44058820;6.93959619;1.57277035;1.54059791;1.49702176;-0.03488879;0.00000000;0.00000000
117;11.70000000;0.00000000;5.44812811;7.03924764;1.58140621;1.54813892;1.49361792;-0.03318949;0.00000000;0.00000000
118;11.80000000;0.00000000;5.45599872;7.13887353;1.59593774;1.55601077;1.49038386;-0.03149342;0.00000000;0.00000000
119;11.90000000;0.00000000;5.46418303;7.23847415;1.61448781;1.56419649;1.48731924;-0.01347294;0.00000000;0.00000000
120;12.00000000;0.00000000;5.47266411;7.33804996;1.62794618;1.57267916;1.48768927;0.02934662;0.00000000;0.00000000
121;12.10000000;0.00000000;5.48077451;7.43765423;1.61982863;1.58079110;1.49318856;0.05217423;0.00000000;0.00000000
122;12.20000000;0.00000000;5.48815992;7.53731712;1.61243742;1.58817783;1.49812412;0.05297854;0.00000000;0.00000000
123;12.30000000;0.00000000;5.49528671;7.63699646;1.60530518;1.59530592;1.50378427;0.04539646;0.00000000;0.00000000
124;12.40000000;0.00000000;5.50154348;7.73673679;1.59904430;1.60156372;1.50720341;0.00835190;0.00000000;0.00000000
125;12.50000000;0.00000000;5.50798863;7.83646513;1.59259478;1.60800999;1.50545465;-0.01608680;0.00000000;0.00000000
126;12.60000000;0.00000000;5.51459420;7.93618299;1.58598463;1.61461676;1.50398605;-0.01328652;0.00000000;0.00000000
127;12.70000000;0.00000000;5.52133225;8.03589199;1.57924181;1.59145887;1.50279735;-0.01048863;0.00000000;0.00000000
128;12.80000000;0.00000000;5.52817488;8.13559387;1.57239426;1.57174552;1.50188832;-0.00769266;0.00000000;0.00000000
129;12.90000000;0.00000000;5.53509419;8.23529047;1.56546992;1.55828094;1.50125881;-0.00489813;0.00000000;0.00000000
130;13.00000000;0.00000000;5.54206234;8.33498367;1.55849668;1.55119995;1.50090870;-0.00210452;0.00000000;0.00000000
131;13.10000000;0.00000000;5.54905147;8.43467540;1.55150243;1.55056212;1.50083791;0.00068872;0.00000000;0.00000000
132;13.20000000;0.00000000;5.55603373;8.53436761;1.55040403;1.55634755;1.50104644;0.00348213;0.00000000;0.00000000
133;13.30000000;0.00000000;5.56298127;8.63406224;1.55577246;1.56328835;1.50153434;0.00627624;0.00000000;0.00000000
134;13.40000000;0.00000000;5.56986625;8.73376121;1.56756891;1.57016677;1.50230169;0.02349935;0.00000000;0.00000000
135;13.50000000;0.00000000;5.57666079;8.83346638;1.58567720;1.57695500;1.50623421;0.06782647;0.00000000;0.00000000
136;13.60000000;0.00000000;5.58276117;8.93321255;1.61046478;1.58305008;1.51586698;0.07780313;0.00000000;0.00000000
137;13.70000000;0.00000000;5.58763373;9.03303011;1.61247391;1.58791897;1.52179483;0.02822536;0.00000000;0.00000000
138;13.80000000;0.00000000;5.59255132;9.13284547;1.60755852;1.59283288;1.52151206;-0.01710347;0.00000000;0.00000000
139;13.90000000;0.00000000;5.59748033;9.23266027;1.60263176;1.59775823;1.51837414;-0.06467578;0.00000000;0.00000000
140;14.00000000;0.00000000;5.60302403;9.33243878;1.59709080;1.60329754;1.50857690;-0.08619493;0.00000000;0.00000000
141;14.10000000;0.00000000;5.60990775;9.43213782;1.59021095;1.61017524;1.50113515;-0.04376620;0.00000000;0.00000000
142;14.20000000;0.00000000;5.61693615;9.53182677;1.58318663;1.61719751;1.49982366;-0.01171734;0.00000000;0.00000000
143;14.30000000;0.00000000;5.62408135;9.63150743;1.57604572;1.61303568;1.49879168;-0.00892322;0.00000000;0.00000000
144;14.40000000;0.00000000;5.63131549;9.73118167;1.56881605;1.59051266;1.49803902;-0.00613083;0.00000000;0.00000000
145;14.50000000;0.00000000;5.63861073;9.83085147;1.56340548;1.57364758;1.49756552;-0.00333964;0.00000000;0.00000000
146;14.60000000;0.00000000;5.64593926;9.93051882;1.56434006;1.56303599;1.49737109;-0.00054909;0.00000000;0.00000000
147;14.70000000;0.00000000;5.65327326;10.03018578;1.57163622;1.55877772;1.49745570;0.00224140;0.00000000;0.00000000
148;14.80000000;0.00000000;5.66058492;10.12985437;1.58523360;1.56089693;1.49781937;0.00503239;0.00000000;0.00000000
149;14.90000000;0.00000000;5.66784643;10.22952662;1.60499922;1.56816282;1.49846218;0.00782444;0.00000000;0.00000000
150;15.00000000;0.00000000;5.67502995;10.32920453;1.62508468;1.57535064;1.49938426;0.02304627;0.00000000;0.00000000
151;15.10000000;0.00000000;5.68210763;10.42888999;1.61800405;1.58243250;1.50307143;0.06761710;0.00000000;0.00000000
152;15.20000000;0.00000000;5.68855565;10.52861453;1.61155352;1.58888406;1.51290768;0.08183425;0.00000000;0.00000000
153;15.30000000;0.00000000;5.69367107;10.62841995;1.60643646;1.59400163;1.51943828;0.03200477;0.00000000;0.00000000
154;15.40000000;0.00000000;5.69881622;10.72822384;1.60128966;1.59914898;1.51930863;-0.01328979;0.00000000;0.00000000
155;15.50000000;0.00000000;5.70395751;10.82802793;1.59614673;1.60429246;1.51678032;-0.06058109;0.00000000;0.00000000
156;15.60000000;0.00000000;5.70960707;10.92780090;1.59049521;1.60994474;1.50719242;-0.08637868;0.00000000;0.00000000
157;15.70000000;0.00000000;5.71666109;11.02748804;1.58343838;1.61700295;1.49950459;-0.04421990;0.00000000;0.00000000
158;15.80000000;0.00000000;5.72384428;11.12716597;1.57625231;1.62419051;1.49834844;-0.01016487;0.00000000;0.00000000
159;15.90000000;0.00000000;5.73112879;11.22683654;1.56896488;1.60830580;1.49747161;-0.00737250;0.00000000;0.00000000
160;16.00000000;0.00000000;5.73848677;11.32650173;1.56160395;1.58778148;1.49687394;-0.00458157;0.00000000;0.00000000
161;16.10000000;0.00000000;5.74589042;11.42616353;1.55846845;1.57339449;1.49655530;-0.00179152;0.00000000;0.00000000
162;16.20000000;0.00000000;5.75331191;11.52582400;1.55807191;1.56528623;1.49651563;0.00099820;0.00000000;0.00000000
163;16.30000000;0.00000000;5.76072346;11.62548522;1.56149442;1.56352651;1.49675494;0.00378819;0.00000000;0.00000000
164;16.40000000;0.00000000;5.76809726;11.72514923;1.57131604;1.56810889;1.49727327;0.01722674;0.00000000;0.00000000
165;16.50000000;0.00000000;5.77540549;11.82481807;1.58744537;1.57541596;1.50020029;0.06200590;0.00000000;0.00000000
166;16.60000000;0.00000000;5.78219550;11.92452039;1.61013064;1.58220499;1.50967445;0.07998686;0.00000000;0.00000000
167;16.70000000;0.00000000;5.78761400;12.02430981;1.61298018;1.58762286;1.51619766;0.02993147;0.00000000;0.00000000
168;16.80000000;0.00000000;5.79310287;12.12409538;1.60749855;1.59311111;1.51566074;-0.00368690;0.00000000;0.00000000
169;16.90000000;0.00000000;5.79862852;12.22387893;1.60198028;1.59863616;1.51546028;-0.00032259;0.00000000;0.00000000
170;17.00000000;0.00000000;5.80415740;12.32366230;1.59645888;1.60416446;1.51559623;-0.00837315;0.00000000;0.00000000
171;17.10000000;0.00000000;5.80965592;12.42344734;1.59096784;1.60966244;1.51378565;-0.05537882;0.00000000;0.00000000
172;17.20000000;0.00000000;5.81554591;12.52320691;1.58508628;1.61555183;1.50452046;-0.08540756;0.00000000;0.00000000
173;17.30000000;0.00000000;5.82289241;12.62287294;1.57775157;1.60660587;1.49670414;-0.04352480;0.00000000;0.00000000
174;17.40000000;0.00000000;5.83034138;12.72253136;1.57031482;1.58815013;1.49581550;-0.00749125;0.00000000;0.00000000
175;17.50000000;0.00000000;5.83786500;12.82218417;1.56280379;1.57590252;1.49520589;-0.00470168;0.00000000;0.00000000
176;17.60000000;0.00000000;5.84543547;12.92183344;1.55524624;1.56637589;1.49487517;0.00727013;0.00000000;0.00000000
177;17.70000000;0.00000000;5.85302501;13.02148126;1.54790387;1.56080257;1.49665991;0.05220695;0.00000000;0.00000000
178;17.80000000;0.00000000;5.86023954;13.12115433;1.54737162;1.56124224;1.50531656;0.07326761;0.00000000;0.00000000
179;17.90000000;0.00000000;5.86610281;13.22091859;1.55463010;1.56671544;1.51131343;0.02303373;0.00000000;0.00000000
180;18.00000000;0.00000000;5.87212154;13.32067359;1.56808275;1.57272602;1.50992330;-0.01222018;0.00000000;0.00000000
181;18.10000000;0.00000000;5.87826216;13.42042118;1.58760485;1.57885833;1.50886940;-0.00885895;0.00000000;0.00000000
182;18.20000000;0.00000000;5.88449114;13.52016329;1.61300821;1.58507891;1.50815151;-0.00549946;0.00000000;0.00000000
183;18.30000000;0.00000000;5.89077497;13.61990196;1.60923789;1.59135433;1.50776951;-0.00214104;0.00000000;0.00000000
184;18.40000000;0.00000000;5.89708015;13.71963928;1.60293373;1.59765116;1.50772331;0.00121702;0.00000000;0.00000000
185;18.50000000;0.00000000;5.90337320;13.81937737;1.59664175;1.60393597;1.50801291;0.00457543;0.00000000;0.00000000
186;18.60000000;0.00000000;5.90962061;13.91911833;1.59039543;1.61017533;1.50863839;-0.00120687;0.00000000;0.00000000
187;18.70000000;0.00000000;5.91578888;14.01886420;1.58422827;1.60130973;1.50777154;-0.04790818;0.00000000;0.00000000
188;18.80000000;0.00000000;5.92220905;14.11859168;1.57780935;1.57818314;1.49905675;-0.07442227;0.00000000;0.00000000
189;18.90000000;0.00000000;5.93011480;14.21821490;1.56990543;1.56259875;1.49288708;0.00946921;0.00000000;0.00000000
190;19.00000000;0.00000000;5.93776507;14.31785595;1.56225701;1.55304498;1.50095060;0.06876445;0.00000000;0.00000000
191;19.10000000;0.00000000;5.94406325;14.41759368;1.55862335;1.54853360;1.50663997;0.01836117;0.00000000;0.00000000
192;19.20000000;0.00000000;5.95057937;14.51731742;1.56117274;1.55068205;1.50462283;-0.01849063;0.00000000;0.00000000
193;19.30000000;0.00000000;5.95727987;14.61702895;1.56990843;1.55738502;1.50294185;-0.01513086;0.00000000;0.00000000
194;19.40000000;0.00000000;5.96413123;14.71673023;1.58268457;1.56423898;1.50159666;-0.01177435;0.00000000;0.00000000
195;19.50000000;0.00000000;5.97109997;14.81642338;1.59771285;1.57121043;1.50058698;-0.00842041;0.00000000;0.00000000
196;19.60000000;0.00000000;5.97815265;14.91611063;1.61870083;1.57826590;1.49991258;-0.00506834;0.00000000;0.00000000
197;19.70000000;0.00000000;5.98525584;15.01579430;1.61504684;1.58537196;1.49957331;-0.00171735;0.00000000;0.00000000
198;19.80000000;0.00000000;5.99237616;15.11547675;1.60792217;1.59249517;1.49956911;0.00808811;0.00000000;0.00000000
199;19.90000000;0.00000000;5.99948020;15.21516036;1.60081381;1.57896848;1.50119093;0.05396942;0.00000000;0.00000000
200;20.00000000;0.00000000;6.00627700;15.31486330;1.59401302;1.55815209;1.51036299;0.07432236;0.00000000;0.00000000
201;20.10000000;0.00000000;6.01155135;15.41466044;1.58873620;1.54202338;1.51605540;-0.02559640;0.00000000;0.00000000
202;20.20000000;0.00000000;6.01721260;15.51443382;1.58307212;1.53264312;1.50524371;-0.10487834;0.00000000;0.00000000
203;20.30000000;0.00000000;6.02464347;15.61409356;1.57563658;1.53152063;1.49507974;-0.06289895;0.00000000;0.00000000
204;20.40000000;0.00000000;6.03233181;15.71373377;1.57299452;1.53439513;1.49266392;-0.02248080;0.00000000;0.00000000
205;20.50000000;0.00000000;6.04024412;15.81335646;1.57647098;1.54037476;1.49058358;-0.01912867;0.00000000;0.00000000
206;20.60000000;0.00000000;6.04834697;15.91296384;1.58605892;1.54847234;1.48883819;-0.01578137;0.00000000;0.00000000
207;20.70000000;0.00000000;6.05660699;16.01255831;1.60168142;1.55672707;1.48742730;-0.01243816;0.00000000;0.00000000
208;20.80000000;0.00000000;6.06499087;16.11214244;1.62319661;1.56510566;1.48635056;-0.00909823;0.00000000;0.00000000
209;20.90000000;0.00000000;6.07346535;16.21171891;1.62683206;1.57357490;1.48560766;-0.00576071;0.00000000;0.00000000
210;21.00000000;0.00000000;6.08199718;16.31129047;1.61830963;1.58210158;1.48519841;-0.00242468;0.00000000;0.00000000
211;21.10000000;0.00000000;6.09055316;16.41085997;1.60976330;1.59065254;1.48512272;0.00091080;0.00000000;0.00000000
212;21.20000000;0.00000000;6.09910007;16.51043024;1.60122623;1.59371859;1.48538057;0.00424669;0.00000000;0.00000000
213;21.30000000;0.00000000;6.10760470;16.61000413;1.59273157;1.57088946;1.48597206;0.01156924;0.00000000;0.00000000
214;21.40000000;0.00000000;6.11603381;16.70958444;1.58431247;1.55408805;1.48769442;0.05769138;0.00000000;0.00000000
215;21.50000000;0.00000000;6.12419527;16.80918558;1.57720697;1.54331919;1.49751034;0.08609742;0.00000000;0.00000000
216;21.60000000;0.00000000;6.13066795;16.90891218;1.57810993;1.53728464;1.50491391;-0.01364495;0.00000000;0.00000000
217;21.70000000;0.00000000;6.13735374;17.00862318;1.58511208;1.53794835;1.49478135;-0.10093798;0.00000000;0.00000000
218;21.80000000;0.00000000;6.14584592;17.10819812;1.59655444;1.54644806;1.48472631;-0.05935623;0.00000000;0.00000000
219;21.90000000;0.00000000;6.15453556;17.20775603;1.61392075;1.55514565;1.48291010;-0.01649249;0.00000000;0.00000000
220;22.00000000;0.00000000;6.16338937;17.30729947;1.63662243;1.56400777;1.48142781;-0.01315539;0.00000000;0.00000000
221;22.10000000;0.00000000;6.17237413;17.40683119;1.62763612;1.55586158;1.48027902;-0.00982199;0.00000000;0.00000000
222;22.20000000;0.00000000;6.18145663;17.50635404;1.61855214;1.53536823;1.47946341;-0.00649137;0.00000000;0.00000000
223;22.30000000;0.00000000;6.19060373;17.60587097;1.60940365;1.52124183;1.47898075;-0.00316255;0.00000000;0.00000000
224;22.40000000;0.00000000;6.19978229;17.70538500;1.60022380;1.51362742;1.47883090;0.00016549;0.00000000;0.00000000
225;22.50000000;0.00000000;6.20895922;17.80489919;1.59176760;1.51259010;1.47901385;0.00349376;0.00000000;0.00000000
226;22.60000000;0.00000000;6.21810137;17.90441657;1.58601343;1.51811021;1.47952966;0.00833119;0.00000000;0.00000000
227;22.70000000;0.00000000;6.22717563;18.00394017;1.58661398;1.52718599;1.48068009;0.05472205;0.00000000;0.00000000
228;22.80000000;0.00000000;6.23608874;18.10347775;1.59365508;1.53610066;1.49047407;0.09259069;0.00000000;0.00000000
229;22.90000000;0.00000000;6.24321192;18.20315999;1.60866165;1.54322493;1.49919822;0.04199320;0.00000000;0.00000000
230;23.00000000;0.00000000;6.25038703;18.30283851;1.62961896;1.55040118;1.49887271;-0.00130105;0.00000000;0.00000000
231;23.10000000;0.00000000;6.25757511;18.40251609;1.64298938;1.55759044;1.49893802;0.00168547;0.00000000;0.00000000
232;23.20000000;0.00000000;6.26473720;18.50219554;1.63582197;1.56475374;1.49920980;-0.04340516;0.00000000;0.00000000
233;23.30000000;0.00000000;6.27187107;18.60187670;1.62868281;1.56841609;1.49025698;-0.09245767;0.00000000;0.00000000
234;23.40000000;0.00000000;6.28081674;18.70141194;1.61972868;1.54984848;1.48071827;-0.05130602;0.00000000;0.00000000
235;23.50000000;0.00000000;6.28985089;18.80093919;1.61068593;1.53434227;1.47999578;-0.00555989;0.00000000;0.00000000
236;23.60000000;0.00000000;6.29894037;18.90046140;1.60158776;1.52258516;1.47960629;-0.00222500;0.00000000;0.00000000
237;23.70000000;0.00000000;6.30805205;18.99998158;1.59246737;1.51735531;1.47955078;0.00111731;0.00000000;0.00000000
238;23.80000000;0.00000000;6.31715259;19.09950278;1.58904310;1.51868671;1.47982975;0.00445699;0.00000000;0.00000000
239;23.90000000;0.00000000;6.32620874;19.19902803;1.59194215;1.52652902;1.48044218;0.00778980;0.00000000;0.00000000
240;24.00000000;0.00000000;6.33518736;19.29856030;1.60116321;1.53549705;1.48138771;0.01112216;0.00000000;0.00000000
241;24.10000000;0.00000000;6.34405529;19.39810250;1.61663082;1.54435483;1.48266661;0.05668899;0.00000000;0.00000000
242;24.20000000;0.00000000;6.35277930;19.49765741;1.63820034;1.55306921;1.49272551;0.09789312;0.00000000;0.00000000
243;24.30000000;0.00000000;6.35964297;19.59735744;1.64048381;1.55992654;1.50224523;0.04926141;0.00000000;0.00000000
244;24.40000000;0.00000000;6.36647005;19.69706040;1.63366069;1.56674746;1.50257779;0.04608011;0.00000000;0.00000000
245;24.50000000;0.00000000;6.37326743;19.79676539;1.62686733;1.57353881;1.51146125;0.08683360;0.00000000;0.00000000
246;24.60000000;0.00000000;6.37832208;19.89657339;1.62181529;1.57858971;1.51994451;-0.00782471;0.00000000;0.00000000
247;24.70000000;0.00000000;6.38342692;19.99637935;1.61671311;1.57507621;1.50989631;-0.10720503;0.00000000;0.00000000
248;24.80000000;0.00000000;6.39048619;20.09606542;1.60965833;1.55120592;1.49850350;-0.07036999;0.00000000;0.00000000
249;24.90000000;0.00000000;6.39786364;20.19572915;1.60228578;1.53380463;1.49582231;-0.02328096;0.00000000;0.00000000
250;25.00000000;0.00000000;6.40545741;20.29537664;1.59469726;1.52299273;1.49384731;-0.01779468;0.00000000;0.00000000
251;25.10000000;0.00000000;6.41322848;20.39501046;1.58866020;1.51887186;1.49226338;-0.01388642;0.00000000;0.00000000
252;25.20000000;0.00000000;6.42113788;20.49463339;1.58875957;1.52145743;1.49107003;-0.00998253;0.00000000;0.00000000
253;25.30000000;0.00000000;6.42914672;20.59424839;1.59367003;1.52947175;1.49026687;0.03452803;0.00000000;0.00000000
254;25.40000000;0.00000000;6.43721614;20.69385850;1.60013922;1.53754676;1.49797563;0.07650979;0.00000000;0.00000000
255;25.50000000;0.00000000;6.44368821;20.79358428;1.61436634;1.54402238;1.50556883;0.07231539;0.00000000;0.00000000
256;25.60000000;0.00000000;6.45024405;20.89330543;1.63450908;1.55058185;1.51243871;0.06564278;0.00000000;0.00000000
257;25.70000000;0.00000000;6.45534534;20.99311079;1.64474401;1.55568534;1.51869739;0.01895584;0.00000000;0.00000000
258;25.80000000;0.00000000;6.46065245;21.09290616;1.63943530;1.56099481;1.51622988;-0.07084200;0.00000000;0.00000000
259;25.90000000;0.00000000;6.46624627;21.19268589;1.63383975;1.56659125;1.50452899;-0.12342977;0.00000000;0.00000000
260;26.00000000;0.00000000;6.47388700;21.29232816;1.62619602;1.57423706;1.49154393;-0.04808985;0.00000000;0.00000000
261;26.10000000;0.00000000;6.48206990;21.39192894;1.61800976;1.58242581;1.49491102;0.03748160;0.00000000;0.00000000
262;26.20000000;0.00000000;6.48903952;21.49162135;1.61103768;1.58939962;1.49904024;-0.00163472;0.00000000;0.00000000
263;26.30000000;0.00000000;6.49639960;21.59128627;1.60367492;1.59676440;1.49458407;-0.04599089;0.00000000;0.00000000
264;26.40000000;0.00000000;6.50425747;21.69091319;1.59581407;1.60462769;1.48984207;-0.00577583;0.00000000;0.00000000
265;26.50000000;0.00000000;6.51256244;21.79050385;1.58750586;1.61293876;1.49342891;0.03748089;0.00000000;0.00000000
266;26.60000000;0.00000000;6.51970537;21.89018391;1.58036050;1.62008616;1.49733824;-0.00292766;0.00000000;0.00000000
267;26.70000000;0.00000000;6.52723142;21.98983640;1.57283183;1.61754397;1.49284337;-0.04679819;0.00000000;0.00000000
268;26.80000000;0.00000000;6.53527020;22.08944887;1.56479013;1.59744724;1.48797861;-0.04583787;0.00000000;0.00000000
269;26.90000000;0.00000000;6.54376546;22.18902346;1.55629172;1.58386988;1.48367580;-0.00199365;0.00000000;0.00000000
270;27.00000000;0.00000000;6.55266116;22.28856310;1.54739264;1.57692455;1.48757988;-0.00115949;0.00000000;0.00000000
271;27.10000000;0.00000000;6.56037860;22.38820012;1.53967267;1.57257043;1.48344390;-0.05528916;0.00000000;0.00000000
272;27.20000000;0.00000000;6.57009710;22.48765970;1.53399710;1.57302787;1.47652204;-0.03406386;0.00000000;0.00000000
273;27.30000000;0.00000000;6.57919312;22.58718072;1.53544604;1.57919693;1.47663113;-0.03414618;0.00000000;0.00000000
274;27.40000000;0.00000000;6.58889019;22.68664516;1.54277811;1.58889293;1.46969281;-0.03532432;0.00000000;0.00000000
275;27.50000000;0.00000000;6.59936633;22.78603062;1.55573288;1.59936806;1.46956626;0.00310646;0.00000000;0.00000000
276;27.60000000;0.00000000;6.60908855;22.88549240;1.57567289;1.60908958;1.47031410;-0.03183757;0.00000000;0.00000000
277;27.70000000;0.00000000;6.61941602;22.98489329;1.58134925;1.61941646;1.46319875;-0.07459176;0.00000000;0.00000000
278;27.80000000;0.00000000;6.63055263;23.08420684;1.57023897;1.63055264;1.45539575;-0.03889871;0.00000000;0.00000000
279;27.90000000;0.00000000;6.64243005;23.18343457;1.55835274;1.64242989;1.45541901;0.00613815;0.00000000;0.00000000
280;28.00000000;0.00000000;6.65356201;23.28274830;1.54720539;1.65107091;1.45662338;-0.03036293;0.00000000;0.00000000
281;28.10000000;0.00000000;6.66520036;23.38200423;1.53555016;1.63132341;1.44934642;-0.08731536;0.00000000;0.00000000
282;28.20000000;0.00000000;6.67777650;23.48114548;1.52295411;1.61845988;1.43916031;-0.10465335;0.00000000;0.00000000
283;28.30000000;0.00000000;6.69143429;23.58014325;1.51562978;1.61279251;1.42841575;-0.07122155;0.00000000;0.00000000
284;28.40000000;0.00000000;6.70613779;23.67899120;1.51382080;1.61436300;1.42491600;-0.02661415;0.00000000;0.00000000
285;28.50000000;0.00000000;6.72048827;23.77789149;1.51895619;1.62174577;1.42309292;-0.05343806;0.00000000;0.00000000
286;28.60000000;0.00000000;6.73555205;23.87668496;1.52967156;1.62231091;1.41422838;-0.09487984;0.00000000;0.00000000
287;28.70000000;0.00000000;6.75165349;23.97531475;1.53997309;1.60875060;1.40411695;-0.06617860;0.00000000;0.00000000
288;28.80000000;0.00000000;6.76871199;24.07378364;1.53140138;1.60229375;1.40099266;-0.02011425;0.00000000;0.00000000
289;28.90000000;0.00000000;6.78542947;24.17231125;1.51667742;1.60171098;1.40009410;-0.04142708;0.00000000;0.00000000
290;29.00000000;0.00000000;6.80266486;24.27074913;1.50791965;1.60787692;1.39270725;-0.08240935;0.00000000;0.00000000
291;29.10000000;0.00000000;6.82083603;24.36901872;1.50480722;1.62113403;1.38361223;-0.05893832;0.00000000;0.00000000
292;29.20000000;0.00000000;6.83985912;24.46712709;1.50745901;1.64018987;1.38091958;-0.01238398;0.00000000;0.00000000
293;29.30000000;0.00000000;6.85855923;24.56529742;1.51703143;1.64082526;1.38113544;-0.02695077;0.00000000;0.00000000
294;29.40000000;0.00000000;6.87753993;24.66341385;1.53279171;1.61560317;1.37552943;-0.06761642;0.00000000;0.00000000
295;29.50000000;0.00000000;6.89733956;24.76136847;1.53440181;1.59707401;1.36761215;-0.10207391;0.00000000;0.00000000
296;29.60000000;0.00000000;6.91787151;24.85917236;1.53733663;1.58538702;1.35511465;-0.14317368;0.00000000;0.00000000
297;29.70000000;0.00000000;6.94011160;24.95659481;1.54499741;1.58169725;1.33897742;-0.11373856;0.00000000;0.00000000
298;29.80000000;0.00000000;6.96378875;25.05368515;1.54297734;1.58578658;1.33236694;-0.02798744;0.00000000;0.00000000
299;29.90000000;0.00000000;6.98731647;25.15081141;1.52610616;1.59598242;1.33337993;-0.01261116;0.00000000;0.00000000
300;30.00000000;0.00000000;7.01079683;25.24794942;1.51514321;1.61227190;1.32984470;-0.05337798;0.00000000;0.00000000
301;30.10000000;0.00000000;7.03501080;25.34490734;1.50997038;1.61297800;1.32270433;-0.06725448;0.00000000;0.00000000
302;30.20000000;0.00000000;7.05987601;25.44170046;1.51073105;1.61374459;1.31639381;-0.05902044;0.00000000;0.00000000
303;30.30000000;0.00000000;7.08531180;25.53834535;1.51749811;1.62071843;1.31090025;-0.05090864;0.00000000;0.00000000
304;30.40000000;0.00000000;7.11123903;25.63485968;1.53027166;1.60755055;1.30621208;-0.04290516;0.00000000;0.00000000
305;30.50000000;0.00000000;7.13757992;25.73126204;1.53409248;1.58820116;1.30231921;-0.03499481;0.00000000;0.00000000
306;30.60000000;0.00000000;7.16425783;25.82757174;1.54099442;1.57531497;1.29921312;-0.01874937;0.00000000;0.00000000
307;30.70000000;0.00000000;7.19119711;25.92380871;1.55403684;1.56897318;1.29856934;0.02857655;0.00000000;0.00000000
308;30.80000000;0.00000000;7.21799855;26.02008234;1.57347001;1.56884147;1.30492843;0.04781300;0.00000000;0.00000000
309;30.90000000;0.00000000;7.24371173;26.11665413;1.57346040;1.57393940;1.30813194;-0.04000234;0.00000000;0.00000000
310;31.00000000;0.00000000;7.26989565;26.21309698;1.56492207;1.58437657;1.29692796;-0.10682108;0.00000000;0.00000000
311;31.10000000;0.00000000;7.29776615;26.30906841;1.56098939;1.56326801;1.28676772;-0.06287228;0.00000000;0.00000000
312;31.20000000;0.00000000;7.32590498;26.40496155;1.56316877;1.54861193;1.28435350;-0.02036829;0.00000000;0.00000000
313;31.30000000;0.00000000;7.35423855;26.50079733;1.57151077;1.54051623;1.28269407;-0.01264170;0.00000000;0.00000000
314;31.40000000;0.00000000;7.38269548;26.59659656;1.58599132;1.53901009;1.28182516;-0.00467625;0.00000000;0.00000000
315;31.50000000;0.00000000;7.41119556;26.69238296;1.60652570;1.54402947;1.28175882;0.00315192;0.00000000;0.00000000
316;31.60000000;0.00000000;7.43966520;26.78817842;1.60884677;1.55543524;1.28245555;0.01076251;0.00000000;0.00000000
317;31.70000000;0.00000000;7.46803177;26.88400443;1.60745876;1.57038928;1.28391132;0.01836893;0.00000000;0.00000000
318;31.80000000;0.00000000;7.49622237;26.97988234;1.61245891;1.57023210;1.28612934;0.02601659;0.00000000;0.00000000
319;31.90000000;0.00000000;7.52416356;27.07583319;1.60711025;1.56328942;1.28911464;0.03372354;0.00000000;0.00000000
320;32.00000000;0.00000000;7.55178118;27.17187761;1.60198424;1.53993572;1.29287404;0.04150738;0.00000000;0.00000000
321;32.10000000;0.00000000;7.57900011;27.26803569;1.60349812;1.52238466;1.29741611;0.04938498;0.00000000;0.00000000
322;32.20000000;0.00000000;7.60574407;27.36432683;1.61171133;1.51076038;1.30275104;0.05737237;0.00000000;0.00000000
323;32.30000000;0.00000000;7.63193542;27.46076962;1.62660066;1.50512069;1.30889059;0.03973550;0.00000000;0.00000000
324;32.40000000;0.00000000;7.65749495;27.55738161;1.64806325;1.50545202;1.31069814;-0.00114077;0.00000000;0.00000000
325;32.50000000;0.00000000;7.68333725;27.65391760;1.64015333;1.51269242;1.30866243;0.00390462;0.00000000;0.00000000
326;32.60000000;0.00000000;7.70928994;27.75042480;1.63387977;1.52656757;1.31147906;0.02898733;0.00000000;0.00000000
327;32.70000000;0.00000000;7.73458818;27.84710546;1.63438340;1.51783908;1.31445990;0.00603646;0.00000000;0.00000000
328;32.80000000;0.00000000;7.75996487;27.94376494;1.64090333;1.51060336;1.31268636;0.00147218;0.00000000;0.00000000
329;32.90000000;0.00000000;7.78560592;28.04035538;1.65317880;1.49486407;1.31475433;0.04652543;0.00000000;0.00000000
330;33.00000000;0.00000000;7.81058277;28.13711958;1.66642074;1.48500957;1.32199144;0.07607607;0.00000000;0.00000000
331;33.10000000;0.00000000;7.83482306;28.23407080;1.66988335;1.48108438;1.32996955;0.08355334;0.00000000;0.00000000
332;33.20000000;0.00000000;7.85825275;28.33122098;1.65875511;1.48306116;1.33870211;0.09116756;0.00000000;0.00000000
333;33.30000000;0.00000000;7.88079611;28.42858053;1.65335070;1.49084069;1.34820306;0.09892244;0.00000000;0.00000000
334;33.40000000;0.00000000;7.90237560;28.52615814;1.65496522;1.49853623;1.35848660;0.10681925;0.00000000;0.00000000
335;33.50000000;0.00000000;7.92291188;28.62396051;1.66365645;1.48814929;1.36956691;0.10506207;0.00000000;0.00000000
336;33.60000000;0.00000000;7.94232383;28.72199214;1.67939243;1.46878106;1.37949901;0.06440004;0.00000000;0.00000000
337;33.70000000;0.00000000;7.96091361;28.82018406;1.67975892;1.44918009;1.38244692;0.02939214;0.00000000;0.00000000
338;33.80000000;0.00000000;7.97974730;28.91832873;1.68580970;1.43652823;1.38537744;0.02575829;0.00000000;0.00000000
339;33.90000000;0.00000000;7.99776125;29.01662788;1.69855620;1.42992743;1.38759858;0.02250351;0.00000000;0.00000000
340;34.00000000;0.00000000;8.01615882;29.11485552;1.69515004;1.43068567;1.38987814;0.02515082;0.00000000;0.00000000
341;34.10000000;0.00000000;8.03372446;29.21323593;1.68674976;1.43756268;1.39262874;0.04180864;0.00000000;0.00000000
342;34.20000000;0.00000000;8.05158132;29.31156298;1.68395162;1.45159639;1.39823987;0.09636923;0.00000000;0.00000000
343;34.30000000;0.00000000;8.06804168;29.41013345;1.68849329;1.46806355;1.41190259;0.09570207;0.00000000;0.00000000
344;34.40000000;0.00000000;8.08320555;29.50891268;1.70021194;1.47802907;1.41738028;0.05659504;0.00000000;0.00000000
345;34.50000000;0.00000000;8.09858511;29.60765790;1.70183941;1.46420767;1.42322159;0.10011651;0.00000000;0.00000000
346;34.60000000;0.00000000;8.11259388;29.70660694;1.68781134;1.45574023;1.43740358;0.14248846;0.00000000;0.00000000
347;34.70000000;0.00000000;8.12516683;29.80574867;1.68035525;1.45065840;1.45171928;0.09976795;0.00000000;0.00000000
348;34.80000000;0.00000000;8.13633727;29.90505881;1.68023767;1.44653329;1.45735717;0.05598725;0.00000000;0.00000000
349;34.90000000;0.00000000;8.14779156;30.00433623;1.68576930;1.44958905;1.46291674;0.09764473;0.00000000;0.00000000
350;35.00000000;0.00000000;8.15785706;30.10376408;1.69855877;1.45811166;1.47688612;0.10080317;0.00000000;0.00000000
351;35.10000000;0.00000000;8.16653359;30.20332314;1.71843994;1.46677922;1.48307737;0.07026357;0.00000000;0.00000000
352;35.20000000;0.00000000;8.17536718;30.30286794;1.72481691;1.47560377;1.49093883;0.08038372;0.00000000;0.00000000
353;35.30000000;0.00000000;8.18247735;30.40255111;1.71771183;1.48270783;1.49915411;0.07897715;0.00000000;0.00000000
354;35.40000000;0.00000000;8.18967424;30.50222776;1.71052023;1.48989860;1.50673426;0.07186770;0.00000000;0.00000000
355;35.50000000;0.00000000;8.19527243;30.60200726;1.70492567;1.49549277;1.51352765;0.06513454;0.00000000;0.00000000
356;35.60000000;0.00000000;8.20111442;30.70177259;1.69908761;1.50133052;1.51976117;0.10589229;0.00000000;0.00000000
357;35.70000000;0.00000000;8.20546824;30.80161395;1.69473640;1.50568165;1.53470611;0.10269875;0.00000000;0.00000000
358;35.80000000;0.00000000;8.20832610;30.90150949;1.69188015;1.50853796;1.54030092;0.05256155;0.00000000;0.00000000
359;35.90000000;0.00000000;8.21156248;31.00139337;1.68864562;1.51177255;1.54521842;0.09343812;0.00000000;0.00000000
360;36.00000000;0.00000000;8.21343774;31.10131207;1.68677150;1.51364680;1.55898854;0.13855769;0.00000000;0.00000000
361;36.10000000;0.00000000;8.21392242;31.20124720;1.68628754;1.51413094;1.57292996;0.09211946;0.00000000;0.00000000
362;36.20000000;0.00000000;8.21301130;31.30117945;1.68719925;1.51321942;1.57741244;0.04044114;0.00000000;0.00000000
363;36.30000000;0.00000000;8.21260006;31.40111495;1.68761109;1.51280776;1.58101818;0.03140874;0.00000000;0.00000000
364;36.40000000;0.00000000;8.21096830;31.50103803;1.68924349;1.51117556;1.58369418;0.02253786;0.00000000;0.00000000
365;36.50000000;0.00000000;8.21002221;31.60096992;1.69019017;1.51022907;1.58552576;0.06180391;0.00000000;0.00000000
366;36.60000000;0.00000000;8.20802444;31.70088632;1.69218865;1.50823079;1.59605496;0.05727304;0.00000000;0.00000000
367;36.70000000;0.00000000;8.20497431;31.80077616;1.69523977;1.50517985;1.59698037;0.00462907;0.00000000;0.00000000
368;36.80000000;0.00000000;8.20279161;31.90068872;1.69742322;1.50299660;1.59698078;0.04368364;0.00000000;0.00000000
369;36.90000000;0.00000000;8.19974139;32.00057857;1.70047443;1.49994558;1.60571709;0.08764427;0.00000000;0.00000000
370;37.00000000;0.00000000;8.19581338;32.10043775;1.70440381;1.49601638;1.61450963;-0.00388029;0.00000000;0.00000000
371;37.10000000;0.00000000;8.19100716;32.20025843;1.70921191;1.49120846;1.60494103;-0.09512036;0.00000000;0.00000000
372;37.20000000;0.00000000;8.18899078;32.30017451;1.71122901;1.48919156;1.59548556;-0.00216862;0.00000000;0.00000000
373;37.30000000;0.00000000;8.18607301;32.40006833;1.71414773;1.48627303;1.60450731;0.09019848;0.00000000;0.00000000
374;37.40000000;0.00000000;8.18225421;32.49993176;1.69985159;1.48245311;1.61352526;0.04112168;0.00000000;0.00000000
375;37.50000000;0.00000000;8.17753534;32.59975671;1.67838664;1.47773259;1.61273165;0.02933231;0.00000000;0.00000000
376;37.60000000;0.00000000;8.17387506;32.69962607;1.66161124;1.47908396;1.61939172;0.10423388;0.00000000;0.00000000
377;37.70000000;0.00000000;8.16782696;32.79937921;1.65311137;1.48478691;1.63357842;0.09299620;0.00000000;0.00000000
378;37.80000000;0.00000000;8.16133490;32.89910454;1.64928640;1.49671431;1.63799096;0.04392203;0.00000000;0.00000000
379;37.90000000;0.00000000;8.15440672;32.99880051;1.64790105;1.51472646;1.64236283;0.04369830;0.00000000;0.00000000
380;38.00000000;0.00000000;8.14704294;33.09846526;1.65300446;1.53860971;1.64673062;-0.00437276;0.00000000;0.00000000
381;38.10000000;0.00000000;8.13924413;33.19809690;1.66080049;1.53966088;1.64148828;-0.05904258;0.00000000;0.00000000
382;38.20000000;0.00000000;8.13292571;33.29783317;1.65964606;1.53334951;1.63492210;-0.02355522;0.00000000;0.00000000
383;38.30000000;0.00000000;8.12643593;33.39755865;1.63577045;1.52686718;1.63677724;0.01909496;0.00000000;0.00000000
384;38.40000000;0.00000000;8.11974749;33.49727100;1.61792349;1.52018666;1.63874110;0.01935527;0.00000000;0.00000000
385;38.50000000;0.00000000;8.11286607;33.59697022;1.60630056;1.51418343;1.64064829;0.06055806;0.00000000;0.00000000
386;38.60000000;0.00000000;8.10579734;33.69665633;1.60103160;1.51457638;1.65085271;0.09787254;0.00000000;0.00000000
387;38.70000000;0.00000000;8.09688279;33.79619377;1.60384116;1.51970358;1.66022280;0.04626022;0.00000000;0.00000000
388;38.80000000;0.00000000;8.08794728;33.89572992;1.61278589;1.53132861;1.66010475;-0.00282134;0.00000000;0.00000000
389;38.90000000;0.00000000;8.07905618;33.99527005;1.62168611;1.54814764;1.65965853;-0.05083641;0.00000000;0.00000000
390;39.00000000;0.00000000;8.07020951;34.09481414;1.63054184;1.56655491;1.64993747;-0.10527781;0.00000000;0.00000000
391;39.10000000;0.00000000;8.06325531;34.19450732;1.63750143;1.56325692;1.63860297;-0.07292862;0.00000000;0.00000000
392;39.20000000;0.00000000;8.05666727;34.29422634;1.62494248;1.55666853;1.63535175;-0.03054754;0.00000000;0.00000000
393;39.30000000;0.00000000;8.05036141;34.39396360;1.60264118;1.55036238;1.63249346;0.01171982;0.00000000;0.00000000
394;39.40000000;0.00000000;8.04434353;34.49371865;1.58604759;1.54434426;1.63769571;0.04930522;0.00000000;0.00000000
395;39.50000000;0.00000000;8.03700035;34.59338431;1.57695538;1.53700079;1.64235450;0.00032479;0.00000000;0.00000000
396;39.60000000;0.00000000;8.03005327;34.69307890;1.57377053;1.53338838;1.63776067;-0.04905078;0.00000000;0.00000000
397;39.70000000;0.00000000;8.02362606;34.79280835;1.57640531;1.53680214;1.63254435;-0.01207858;0.00000000;0.00000000
398;39.80000000;0.00000000;8.01771941;34.89256997;1.58231320;1.54719602;1.63534495;0.02612621;0.00000000;0.00000000
399;39.90000000;0.00000000;8.01073372;34.99226144;1.58930059;1.56285864;1.63776959;-0.02126784;0.00000000;0.00000000
400;40.00000000;0.00000000;8.00434339;35.09199314;1.59569240;1.58525841;1.63109138;-0.07020181;0.00000000;0.00000000
401;40.10000000;0.00000000;7.99868979;35.19176932;1.60134723;1.59922584;1.62372923;-0.07338506;0.00000000;0.00000000
402;40.20000000;0.00000000;7.99376857;35.29158430;1.60626943;1.59430242;1.61641437;-0.03320489;0.00000000;0.00000000
403;40.30000000;0.00000000;7.98957522;35.39143250;1.58174373;1.59010748;1.61708825;0.00567215;0.00000000;0.00000000
404;40.40000000;0.00000000;7.98451949;35.49124056;1.55994620;1.58504942;1.61754880;-0.04024590;0.00000000;0.00000000
405;40.50000000;0.00000000;7.98023418;35.59108471;1.54355555;1.58076244;1.60903907;-0.04927041;0.00000000;0.00000000
406;40.60000000;0.00000000;7.97687778;35.69096441;1.53258836;1.57740499;1.60769472;-0.01401496;0.00000000;0.00000000
407;40.70000000;0.00000000;7.97286093;35.79081980;1.52875278;1.57913621;1.60623608;-0.01956949;0.00000000;0.00000000
408;40.80000000;0.00000000;7.96979593;35.89070867;1.53049193;1.58811646;1.60378082;-0.02917644;0.00000000;0.00000000
409;40.90000000;0.00000000;7.96626946;35.99058270;1.53401576;1.60283346;1.60040079;-0.07784273;0.00000000;0.00000000
410;41.00000000;0.00000000;7.96387979;36.09048980;1.53640365;1.62468283;1.58821228;-0.08604512;0.00000000;0.00000000
411;41.10000000;0.00000000;7.96278876;36.19041955;1.53749357;1.65353245;1.58319177;-0.04995856;0.00000000;0.00000000
412;41.20000000;0.00000000;7.96140235;36.29034626;1.53887877;1.66150137;1.57822056;-0.05409130;0.00000000;0.00000000
413;41.30000000;0.00000000;7.96130491;36.39028169;1.53897541;1.66140424;1.57237350;-0.02333784;0.00000000;0.00000000
414;41.40000000;0.00000000;7.96108712;36.49021784;1.53919238;1.66118677;1.57355300;-0.03228472;0.00000000;0.00000000
415;41.50000000;0.00000000;7.96075392;36.59015370;1.53952474;1.66085390;1.56591656;-0.12412623;0.00000000;0.00000000
416;41.60000000;0.00000000;7.96206241;36.69008007;1.53821554;1.66216272;1.54872775;-0.13557127;0.00000000;0.00000000
417;41.70000000;0.00000000;7.96516423;36.78996691;1.53511256;1.66526520;1.53880231;-0.09784645;0.00000000;0.00000000
418;41.80000000;0.00000000;7.96845600;36.88984911;1.53181959;1.66855767;1.52915846;-0.09999519;0.00000000;0.00000000
419;41.90000000;0.00000000;7.97348372;36.98965728;1.52678958;1.67358681;1.51880327;-0.06782946;0.00000000;0.00000000
420;42.00000000;0.00000000;7.97884322;37.08944987;1.52142757;1.67894788;1.51559257;-0.07443915;0.00000000;0.00000000
421;42.10000000;0.00000000;7.98451183;37.18922535;1.51575617;1.68031071;1.50391544;-0.08140106;0.00000000;0.00000000
422;42.20000000;0.00000000;7.99220008;37.28886320;1.50806292;1.66165086;1.49931236;0.00051777;0.00000000;0.00000000
423;42.30000000;0.00000000;7.99878690;37.38858118;1.50664924;1.64285428;1.50401899;0.00665718;0.00000000;0.00000000
424;42.40000000;0.00000000;8.00553705;37.48828930;1.51169162;1.62946950;1.50064379;-0.08408907;0.00000000;0.00000000
425;42.50000000;0.00000000;8.01279693;37.58796153;1.52278226;1.62265302;1.48720118;-0.14196682;0.00000000;0.00000000
426;42.60000000;0.00000000;8.02222474;37.68744918;1.53815633;1.62415132;1.47225043;-0.11300044;0.00000000;0.00000000
427;42.70000000;0.00000000;8.03246123;37.78685976;1.55900674;1.63258753;1.46460109;-0.07743988;0.00000000;0.00000000
428;42.80000000;0.00000000;8.04341022;37.88619428;1.55693836;1.63471048;1.45676245;-0.08489901;0.00000000;0.00000000
429;42.90000000;0.00000000;8.05520385;37.98543191;1.54516333;1.61609343;1.44762129;-0.09757155;0.00000000;0.00000000
430;43.00000000;0.00000000;8.06796694;38.08454935;1.53343048;1.60447281;1.43724814;-0.10952303;0.00000000;0.00000000
431;43.10000000;0.00000000;8.08181664;38.18352060;1.52706061;1.60012167;1.42571668;-0.08129911;0.00000000;0.00000000
432;43.20000000;0.00000000;8.09686200;38.28231692;1.52599763;1.59122661;1.42098832;-0.03936905;0.00000000;0.00000000
433;43.30000000;0.00000000;8.11164710;38.38115336;1.52551006;1.57689693;1.41784287;-0.07017695;0.00000000;0.00000000
434;43.40000000;0.00000000;8.12731366;38.47985298;1.53066865;1.56970608;1.40695293;-0.12071535;0.00000000;0.00000000
435;43.50000000;0.00000000;8.14424753;38.57834283;1.54102744;1.57014487;1.39369980;-0.13632382;0.00000000;0.00000000
436;43.60000000;0.00000000;8.16252435;38.67659205;1.55640246;1.57613246;1.37968817;-0.13683389;0.00000000;0.00000000
437;43.70000000;0.00000000;8.18221110;38.77456819;1.56884530;1.58593989;1.36633302;-0.13391648;0.00000000;0.00000000
438;43.80000000;0.00000000;8.20310541;38.87229456;1.57652363;1.57468320;1.35290487;-0.14352299;0.00000000;0.00000000
439;43.90000000;0.00000000;8.22541585;38.96970591;1.58024660;1.57010865;1.33762843;-0.15769964;0.00000000;0.00000000
440;44.00000000;0.00000000;8.24928532;39.06674657;1.56778081;1.57348677;1.32136494;-0.15833292;0.00000000;0.00000000
441;44.10000000;0.00000000;8.27475169;39.16338005;1.55997650;1.58481079;1.30596184;-0.15039345;0.00000000;0.00000000
442;44.20000000;0.00000000;8.30159908;39.25964046;1.55712333;1.59588454;1.29128625;-0.15459465;0.00000000;0.00000000
443;44.30000000;0.00000000;8.32989021;39.35548428;1.55617596;1.58358139;1.27504291;-0.16439098;0.00000000;0.00000000
444;44.40000000;0.00000000;8.35984940;39.45081981;1.55693513;1.57729048;1.25840806;-0.15827689;0.00000000;0.00000000
445;44.50000000;0.00000000;8.39131362;39.54567152;1.54900945;1.57703353;1.24338753;-0.15325406;0.00000000;0.00000000
446;44.60000000;0.00000000;8.42412306;39.64006470;1.54165748;1.58052516;1.22775724;-0.15351900;0.00000000;0.00000000
447;44.70000000;0.00000000;8.45853678;39.73388737;1.53906303;1.59198809;1.21268373;-0.15625752;0.00000000;0.00000000
448;44.80000000;0.00000000;8.49417749;39.82725111;1.54164325;1.60633783;1.19650574;-0.16348499;0.00000000;0.00000000
449;44.90000000;0.00000000;8.53160893;39.91991273;1.54876200;1.61024233;1.17998673;-0.16228071;0.00000000;0.00000000
450;45.00000000;0.00000000;8.57031448;40.01204890;1.56089360;1.62167789;1.16404960;-0.15952924;0.00000000;0.00000000
451;45.10000000;0.00000000;8.61067865;40.10346760;1.57728679;1.63412705;1.14808089;-0.15531379;0.00000000;0.00000000
452;45.20000000;0.00000000;8.65230579;40.19431926;1.56943956;1.62906249;1.13298684;-0.13939671;0.00000000;0.00000000
453;45.30000000;0.00000000;8.69540987;40.28447572;1.56630297;1.61818908;1.12020154;-0.09912259;0.00000000;0.00000000
454;45.40000000;0.00000000;8.73934721;40.37423539;1.56861460;1.61436613;1.11316232;-0.08812470;0.00000000;0.00000000
455;45.50000000;0.00000000;8.78371705;40.46377766;1.57678635;1.61720648;1.10257660;-0.12187661;0.00000000;0.00000000
456;45.60000000;0.00000000;8.82954432;40.55258632;1.57810574;1.61806883;1.08878700;-0.14580642;0.00000000;0.00000000
457;45.70000000;0.00000000;8.87636834;40.64087449;1.57160633;1.60139284;1.07341532;-0.16783654;0.00000000;0.00000000
458;45.80000000;0.00000000;8.92490386;40.72823259;1.56467607;1.59277566;1.05521969;-0.18577499;0.00000000;0.00000000
459;45.90000000;0.00000000;8.97490754;40.81475598;1.55716946;1.59209227;1.03626032;-0.19573062;0.00000000;0.00000000
460;46.00000000;0.00000000;9.02671628;40.90020534;1.54737027;1.59976161;1.01607357;-0.18701711;0.00000000;0.00000000
461;46.10000000;0.00000000;9.08017006;40.98463776;1.54205584;1.61549814;0.99885690;-0.14977780;0.00000000;0.00000000
462;46.20000000;0.00000000;9.13489311;41.06825793;1.54170190;1.62286395;0.98611801;-0.11809438;0.00000000;0.00000000
463;46.30000000;0.00000000;9.19048317;41.15130523;1.54677863;1.63264367;0.97523802;-0.13262388;0.00000000;0.00000000
464;46.40000000;0.00000000;9.24701368;41.23371635;1.55570993;1.63595395;0.95959323;-0.15457044;0.00000000;0.00000000
465;46.50000000;0.00000000;9.30517423;41.31498330;1.56426907;1.62418937;0.94432394;-0.12755427;0.00000000;0.00000000
466;46.60000000;0.00000000;9.36419381;41.39562872;1.57807470;1.61958127;0.93408238;-0.10754020;0.00000000;0.00000000
467;46.70000000;0.00000000;9.42400646;41.47568714;1.58542958;1.62211762;0.92281590;-0.12781060;0.00000000;0.00000000
468;46.80000000;0.00000000;9.48482597;41.55497952;1.57321001;1.63204063;0.90852026;-0.13715016;0.00000000;0.00000000
469;46.90000000;0.00000000;9.54690357;41.63329636;1.56568839;1.63673132;0.89538586;-0.11790430;0.00000000;0.00000000
470;47.00000000;0.00000000;9.60978793;41.71096776;1.56349398;1.63236089;0.88493939;-0.13807451;0.00000000;0.00000000
471;47.10000000;0.00000000;9.67348816;41.78797064;1.56662789;1.62276195;0.86777096;-0.18577384;0.00000000;0.00000000
472;47.20000000;0.00000000;9.73899408;41.86342820;1.57367069;1.61173616;0.84778463;-0.16357432;0.00000000;0.00000000
473;47.30000000;0.00000000;9.80571968;41.93782326;1.57909708;1.60366101;0.83505610;-0.11040701;0.00000000;0.00000000
474;47.40000000;0.00000000;9.87313247;42.01159691;1.58359715;1.59916268;0.82570322;-0.12438675;0.00000000;0.00000000
475;47.50000000;0.00000000;9.94123915;42.08473219;1.58715441;1.59560656;0.81017875;-0.15335618;0.00000000;0.00000000
476;47.60000000;0.00000000;10.01091030;42.15637816;1.58855171;1.59421001;0.79503199;-0.11862422;0.00000000;0.00000000
477;47.70000000;0.00000000;10.08120013;42.22741621;1.58908186;1.59723883;0.78645391;-0.08522359;0.00000000;0.00000000
478;47.80000000;0.00000000;10.15208933;42.29785559;1.58876526;1.60733086;0.77798727;-0.08588778;0.00000000;0.00000000
479;47.90000000;0.00000000;10.22357183;42.36769319;1.58760421;1.62435177;0.76927635;-0.11681164;0.00000000;0.00000000
480;48.00000000;0.00000000;10.29567770;42.43688722;1.58554818;1.61434684;0.75462494;-0.16628525;0.00000000;0.00000000
481;48.10000000;0.00000000;10.36917658;42.50460136;1.58146365;1.60695810;0.73601930;-0.16008120;0.00000000;0.00000000
482;48.20000000;0.00000000;10.44380533;42.57106366;1.57569859;1.60745257;0.72260870;-0.11256419;0.00000000;0.00000000
483;48.30000000;0.00000000;10.51909262;42.63678143;1.56893406;1.59559935;0.71350646;-0.08975171;0.00000000;0.00000000
484;48.40000000;0.00000000;10.59492014;42.70187530;1.56133757;1.58065497;0.70465836;-0.11621101;0.00000000;0.00000000
485;48.50000000;0.00000000;10.67135789;42.76625000;1.55916554;1.57287618;0.69026426;-0.16298481;0.00000000;0.00000000
486;48.60000000;0.00000000;10.74902867;42.82913512;1.56146198;1.57335995;0.67206140;-0.15594365;0.00000000;0.00000000
487;48.70000000;0.00000000;10.82775920;42.89068522;1.56843441;1.58187094;0.65907553;-0.11876818;0.00000000;0.00000000
488;48.80000000;0.00000000;10.90703587;42.95153139;1.58082322;1.57325606;0.64830776;-0.12135208;0.00000000;0.00000000
489;48.90000000;0.00000000;10.98707053;43.01136955;1.57460596;1.56635334;0.63480511;-0.12100303;0.00000000;0.00000000
490;49.00000000;0.00000000;11.06796172;43.07005331;1.56677645;1.56724752;0.62410716;-0.09205662;0.00000000;0.00000000
491;49.10000000;0.00000000;11.14926290;43.12816877;1.56460034;1.57519387;0.61639379;-0.09398895;0.00000000;0.00000000
492;49.20000000;0.00000000;11.23105017;43.18559802;1.56518716;1.59003866;0.60530937;-0.11261315;0.00000000;0.00000000
493;49.30000000;0.00000000;11.31361739;43.24189545;1.56752067;1.59378213;0.59387116;-0.09804096;0.00000000;0.00000000
494;49.40000000;0.00000000;11.39669609;43.29743831;1.56849894;1.57610350;0.58570117;-0.08004799;0.00000000;0.00000000
495;49.50000000;0.00000000;11.48017365;43.35238012;1.56390996;1.56361982;0.57786156;-0.09778127;0.00000000;0.00000000
496;49.60000000;0.00000000;11.56411223;43.40661312;1.56485449;1.54825531;0.56614492;-0.14780320;0.00000000;0.00000000
497;49.70000000;0.00000000;11.64885499;43.45958437;1.57067473;1.54073296;0.54830092;-0.17465615;0.00000000;0.00000000
498;49.80000000;0.00000000;11.73467570;43.51078815;1.57767594;1.54174318;0.53121369;-0.14079739;0.00000000;0.00000000
499;49.90000000;0.00000000;11.82117682;43.56083181;1.58684380;1.53537013;0.52014144;-0.09401615;0.00000000;0.00000000
500;50.00000000;0.00000000;11.90811067;43.61012297;1.59327444;1.53347456;0.51241046;-0.07653111;0.00000000;0.00000000
501;50.10000000;0.00000000;11.99537661;43.65882401;1.59013858;1.53875851;0.50483522;-0.09069595;0.00000000;0.00000000
502;50.20000000;0.00000000;12.08304619;43.70679189;1.59244165;1.55130598;0.49427127;-0.10461730;0.00000000;0.00000000
503;50.30000000;0.00000000;12.17132208;43.75363876;1.59580727;1.57136845;0.48391176;-0.13615057;0.00000000;0.00000000
504;50.40000000;0.00000000;12.25996847;43.79978100;1.59112235;1.59820331;0.46704116;-0.18321316;0.00000000;0.00000000
505;50.50000000;0.00000000;12.34977071;43.84362133;1.59013220;1.58688371;0.44726913;-0.15325941;0.00000000;0.00000000
506;50.60000000;0.00000000;12.44017016;43.88622220;1.59404168;1.56574738;0.43638927;-0.08949937;0.00000000;0.00000000
507;50.70000000;0.00000000;12.53090840;43.92809979;1.60210349;1.55156848;0.42936926;-0.08140115;0.00000000;0.00000000
508;50.80000000;0.00000000;12.62189832;43.96942786;1.59186553;1.54014103;0.42010904;-0.12754158;0.00000000;0.00000000
509;50.90000000;0.00000000;12.71338963;44.00961476;1.58290166;1.53462476;0.40386094;-0.14396500;0.00000000;0.00000000
510;51.00000000;0.00000000;12.80567457;44.04796498;1.57821776;1.53760363;0.39131604;-0.10070256;0.00000000;0.00000000
511;51.10000000;0.00000000;12.89815242;44.08584681;1.57934821;1.53600304;0.38372043;-0.09101640;0.00000000;0.00000000
512;51.20000000;0.00000000;12.99100946;44.12279080;1.58577797;1.54147676;0.37311276;-0.09167884;0.00000000;0.00000000
513;51.30000000;0.00000000;13.08427055;44.15870248;1.59734646;1.55446886;0.36538466;-0.07211203;0.00000000;0.00000000
514;51.40000000;0.00000000;13.17768739;44.19420686;1.58587014;1.57413727;0.35869036;-0.07997762;0.00000000;0.00000000
515;51.50000000;0.00000000;13.27142016;44.22886644;1.57961618;1.58455246;0.34938913;-0.09409756;0.00000000;0.00000000
516;51.60000000;0.00000000;13.36548037;44.26262668;1.57529325;1.58642585;0.33987085;-0.08600395;0.00000000;0.00000000
517;51.70000000;0.00000000;13.45985561;44.29549563;1.57393102;1.58099822;0.33218834;-0.06939211;0.00000000;0.00000000
518;51.80000000;0.00000000;13.55442423;44.32780698;1.57831735;1.58246763;0.32599242;-0.06849543;0.00000000;0.00000000
519;51.90000000;0.00000000;13.64919965;44.35950399;1.58834687;1.57271979;0.31848926;-0.07938493;0.00000000;0.00000000
520;52.00000000;0.00000000;13.74424175;44.39039240;1.59380930;1.56475965;0.31011544;-0.08213777;0.00000000;0.00000000
521;52.10000000;0.00000000;13.83953487;44.42049783;1.59132533;1.55912608;0.30206170;-0.09158324;0.00000000;0.00000000
522;52.20000000;0.00000000;13.93506238;44.44985147;1.59432510;1.55956749;0.29179879;-0.12643386;0.00000000;0.00000000
523;52.30000000;0.00000000;14.03094835;44.47799323;1.59721402;1.56765372;0.27677493;-0.13007414;0.00000000;0.00000000
524;52.40000000;0.00000000;14.12731507;44.50446389;1.59226078;1.58373382;0.26578396;-0.07647049;0.00000000;0.00000000
525;52.50000000;0.00000000;14.22380213;44.53049274;1.59311416;1.59331919;0.26148083;-0.04010840;0.00000000;0.00000000
526;52.60000000;0.00000000;14.32039322;44.55613310;1.57704903;1.58782314;0.25776228;-0.03399398;0.00000000;0.00000000
527;52.70000000;0.00000000;14.41707129;44.58144369;1.56642390;1.58894806;0.25468204;-0.02734560;0.00000000;0.00000000
528;52.80000000;0.00000000;14.51381859;44.60648854;1.56185812;1.59661389;0.25229316;-0.02374117;0.00000000;0.00000000
529;52.90000000;0.00000000;14.61061654;44.63133695;1.56347646;1.57764150;0.24993380;-0.06275547;0.00000000;0.00000000
530;53.00000000;0.00000000;14.70747971;44.65592469;1.57119425;1.56265818;0.23974207;-0.09949287;0.00000000;0.00000000
531;53.10000000;0.00000000;14.80476402;44.67879501;1.56649593;1.55573628;0.23003523;-0.05491631;0.00000000;0.00000000
532;53.20000000;0.00000000;14.90208751;44.70149805;1.56117902;1.55539029;0.22875881;-0.00811995;0.00000000;0.00000000
533;53.30000000;0.00000000;14.99942989;44.72411994;1.56216673;1.56153648;0.22841124;-0.04384627;0.00000000;0.00000000
534;53.40000000;0.00000000;15.09676913;44.74675532;1.56954376;1.57026995;0.21998955;-0.08588090;0.00000000;0.00000000
535;53.50000000;0.00000000;15.19447823;44.76773440;1.57920344;1.56704401;0.21123506;-0.04239871;0.00000000;0.00000000
536;53.60000000;0.00000000;15.29219886;44.78866209;1.58726607;1.57023746;0.21150981;-0.07044980;0.00000000;0.00000000
537;53.70000000;0.00000000;15.38989690;44.80969496;1.57620192;1.57965244;0.19714510;-0.14731678;0.00000000;0.00000000
538;53.80000000;0.00000000;15.48817330;44.82780593;1.56845100;1.59413484;0.18204645;-0.10653221;0.00000000;0.00000000
539;53.90000000;0.00000000;15.58646177;44.84587951;1.56700840;1.59436463;0.17583866;-0.05839011;0.00000000;0.00000000
540;54.00000000;0.00000000;15.68495931;44.86276961;1.57073236;1.59746978;0.17036843;-0.05297571;0.00000000;0.00000000
541;54.10000000;0.00000000;15.78343960;44.87976682;1.58088566;1.60668897;0.16524351;-0.05201538;0.00000000;0.00000000
542;54.20000000;0.00000000;15.88210490;44.89564643;1.58322062;1.60435460;0.15996536;-0.05092749;0.00000000;0.00000000
543;54.30000000;0.00000000;15.98075910;44.91160312;1.56902882;1.58839913;0.15505802;-0.04941925;0.00000000;0.00000000
544;54.40000000;0.00000000;16.07957538;44.92651358;1.56006099;1.57645479;0.15008151;-0.04776284;0.00000000;0.00000000
545;54.50000000;0.00000000;16.17838347;44.94148759;1.55753094;1.57072605;0.14550545;-0.04569844;0.00000000;0.00000000
546;54.60000000;0.00000000;16.27733203;44.95549306;1.56042961;1.57232282;0.14094182;-0.04346528;0.00000000;0.00000000
547;54.70000000;0.00000000;16.37627262;44.96956461;1.56976441;1.58018454;0.13681239;-0.04083943;0.00000000;0.00000000
548;54.80000000;0.00000000;16.47533349;44.98275240;1.58296532;1.59516182;0.13277393;-0.00216121;0.00000000;0.00000000
549;54.90000000;0.00000000;16.57438444;44.99602436;1.59625086;1.60431858;0.13638015;0.01823139;0.00000000;0.00000000
550;55.00000000;0.00000000;16.67334875;45.00992644;1.58633835;1.59555185;0.13642021;-0.04007018;0.00000000;0.00000000
551;55.10000000;0.00000000;16.77239772;45.02320621;1.57168785;1.59364642;0.12836611;-0.08571179;0.00000000;0.00000000
552;55.20000000;0.00000000;16.87157264;45.03551236;1.56232089;1.59897934;0.11927785;-0.08747942;0.00000000;0.00000000
553;55.30000000;0.00000000;16.97084716;45.04698973;1.55848070;1.61133306;0.11087023;-0.05210415;0.00000000;0.00000000
554;55.40000000;0.00000000;17.07021510;45.05762658;1.56019744;1.63055781;0.10885702;-0.00512147;0.00000000;0.00000000
555;55.50000000;0.00000000;17.16953463;45.06870409;1.56873379;1.63157336;0.10984594;-0.02192266;0.00000000;0.00000000
556;55.60000000;0.00000000;17.26888147;45.07953747;1.57956318;1.62075339;0.10447249;-0.06615863;0.00000000;0.00000000
557;55.70000000;0.00000000;17.36831457;45.08954701;1.58956953;1.61075583;0.09661421;-0.07251455;0.00000000;0.00000000
558;55.80000000;0.00000000;17.46781953;45.09881774;1.59664978;1.60149586;0.08996958;-0.06241105;0.00000000;0.00000000
559;55.90000000;0.00000000;17.56737733;45.10750509;1.57344985;1.59281834;0.08413200;-0.02726086;0.00000000;0.00000000
560;56.00000000;0.00000000;17.66698387;45.11561348;1.55575812;1.58471886;0.08451740;0.02059466;0.00000000;0.00000000
561;56.10000000;0.00000000;17.76653345;45.12437744;1.54499951;1.57596532;0.08825093;0.00722762;0.00000000;0.00000000
562;56.20000000;0.00000000;17.86607678;45.13322937;1.54074955;1.56712418;0.08596293;-0.00825602;0.00000000;0.00000000
563;56.30000000;0.00000000;17.96566687;45.14153782;1.54242943;1.55987441;0.08659973;0.02395262;0.00000000;0.00000000
564;56.40000000;0.00000000;18.06519717;45.15051638;1.55122992;1.55833747;0.09075345;0.01236869;0.00000000;0.00000000
565;56.50000000;0.00000000;18.16471492;45.15965187;1.56034746;1.56304407;0.08907347;-0.03448316;0.00000000;0.00000000
566;56.60000000;0.00000000;18.26427649;45.16829611;1.56897557;1.57458217;0.08385682;-0.05135915;0.00000000;0.00000000
567;56.70000000;0.00000000;18.36388400;45.17639282;1.57705802;1.59285798;0.07880164;-0.04409621;0.00000000;0.00000000
568;56.80000000;0.00000000;18.46352799;45.18403003;1.58468244;1.61598134;0.07503758;-0.03273631;0.00000000;0.00000000
569;56.90000000;0.00000000;18.56319395;45.19137669;1.59201723;1.60863368;0.07225437;-0.02857004;0.00000000;0.00000000
570;57.00000000;0.00000000;18.66287900;45.19845913;1.59908862;1.60155034;0.06932357;-0.02855332;0.00000000;0.00000000
571;57.10000000;0.00000000;18.76258624;45.20522146;1.60584078;1.59478722;0.06654371;-0.02138035;0.00000000;0.00000000
572;57.20000000;0.00000000;18.86230918;45.21174958;1.61235939;1.58825839;0.06504750;-0.00996103;0.00000000;0.00000000
573;57.30000000;0.00000000;18.96203634;45.21821352;1.61881407;1.58179379;0.06455150;0.02457126;0.00000000;0.00000000
574;57.40000000;0.00000000;19.06176575;45.22464271;1.62523419;1.57536396;0.06996175;0.07365616;0.00000000;0.00000000
575;57.50000000;0.00000000;19.16141311;45.23218507;1.60533836;1.56782080;0.07928273;0.03980076;0.00000000;0.00000000
576;57.60000000;0.00000000;19.26100534;45.24047215;1.59020259;1.55953284;0.07792190;-0.04628346;0.00000000;0.00000000
577;57.70000000;0.00000000;19.36067338;45.24774331;1.57959907;1.55226104;0.07002604;-0.04969449;0.00000000;0.00000000
578;57.80000000;0.00000000;19.46038402;45.25445672;1.56938114;1.54554713;0.06798301;-0.00405756;0.00000000;0.00000000
579;57.90000000;0.00000000;19.56008442;45.26132080;1.56563997;1.54210763;0.06921453;0.00952038;0.00000000;0.00000000
580;58.00000000;0.00000000;19.65977825;45.26827978;1.56836614;1.54504276;0.06988708;0.00730888;0.00000000;0.00000000
581;58.10000000;0.00000000;19.75946935;45.27527796;1.57536695;1.55437180;0.07067631;0.01412780;0.00000000;0.00000000
582;58.20000000;0.00000000;19.85915203;45.28239429;1.58248603;1.56990301;0.07271264;0.02553086;0.00000000;0.00000000
583;58.30000000;0.00000000;19.95881365;45.28979841;1.58989314;1.59128984;0.07578248;0.03021177;0.00000000;0.00000000
584;58.40000000;0.00000000;20.05845070;45.29752662;1.59762463;1.60304475;0.07875500;0.00187931;0.00000000;0.00000000
585;58.50000000;0.00000000;20.15806661;45.30552310;1.60562465;1.59504184;0.07615834;-0.04376269;0.00000000;0.00000000
586;58.60000000;0.00000000;20.25773968;45.31273355;1.61283808;1.58782621;0.07000246;-0.00580834;0.00000000;0.00000000
587;58.70000000;0.00000000;20.35744641;45.31950302;1.61961021;1.58105231;0.07499667;0.06709359;0.00000000;0.00000000
588;58.80000000;0.00000000;20.45703920;45.32770843;1.62781953;1.57283995;0.08342118;0.04349340;0.00000000;0.00000000
589;58.90000000;0.00000000;20.55661594;45.33615662;1.63627186;1.56438450;0.08369535;-0.01271241;0.00000000;0.00000000
590;59.00000000;0.00000000;20.65620989;45.34441713;1.64453636;1.55611714;0.08087869;0.00114294;0.00000000;0.00000000
591;59.10000000;0.00000000;20.75583293;45.35230426;1.62443322;1.54822379;0.08392394;0.08182123;0.00000000;0.00000000
592;59.20000000;0.00000000;20.85536637;45.36117047;1.60655066;1.53934938;0.09724294;0.10645477;0.00000000;0.00000000
593;59.30000000;0.00000000;20.95474469;45.37170822;1.59641352;1.52880001;0.10521489;0.04088438;0.00000000;0.00000000
594;59.40000000;0.00000000;21.05413196;45.38216109;1.59240998;1.52417039;0.10541982;0.02781583;0.00000000;0.00000000
595;59.50000000;0.00000000;21.15350571;45.39273954;1.59479761;1.52478523;0.11077806;0.07233359;0.00000000;0.00000000
596;59.60000000;0.00000000;21.25277519;45.40425686;1.60436000;1.52588138;0.11988653;0.06560975;0.00000000;0.00000000
597;59.70000000;0.00000000;21.35194007;45.41664378;1.61673716;1.53263214;0.12390001;-0.00291325;0.00000000;0.00000000
598;59.80000000;0.00000000;21.45111388;45.42895755;1.62904181;1.54590022;0.11930388;-0.04010673;0.00000000;0.00000000
599;59.90000000;0.00000000;21.55038858;45.44043243;1.64050913;1.55974236;0.11587866;0.01283446;0.00000000;0.00000000
600;60.00000000;0.00000000;21.64964402;45.45206648;1.65213583;1.54812044;0.12187078;0.05921292;0.00000000;0.00000000
601;60.10000000;0.00000000;21.74877357;45.46473018;1.66209092;1.53547155;0.12772125;0.01478791;0.00000000;0.00000000
602;60.20000000;0.00000000;21.84788679;45.47752488;1.64451805;1.52269265;0.12482836;-0.02659818;0.00000000;0.00000000
603;60.30000000;0.00000000;21.94708869;45.48961492;1.63217574;1.51061749;0.12240161;0.02490594;0.00000000;0.00000000
604;60.40000000;0.00000000;22.04626181;45.50192830;1.62611874;1.49983661;0.12980955;0.10299680;0.00000000;0.00000000
605;60.50000000;0.00000000;22.14527202;45.51548648;1.62744655;1.49441459;0.14300097;0.13571146;0.00000000;0.00000000
606;60.60000000;0.00000000;22.24408496;45.53041162;1.63626569;1.49428493;0.15695184;0.13779325;0.00000000;0.00000000
607;60.70000000;0.00000000;22.34267828;45.54672670;1.64748899;1.49942300;0.17055962;0.11458507;0.00000000;0.00000000
608;60.80000000;0.00000000;22.44104915;45.56433535;1.64543350;1.50986785;0.17986885;0.06548248;0.00000000;0.00000000
609;60.90000000;0.00000000;22.53932363;45.58248352;1.63521805;1.52131217;0.18365612;0.04034895;0.00000000;0.00000000
610;61.00000000;0.00000000;22.63755824;45.60083676;1.63128193;1.51319962;0.18793864;0.04192583;0.00000000;0.00000000
611;61.10000000;0.00000000;22.73567374;45.61982599;1.63410785;1.51101745;0.19204128;0.05684903;0.00000000;0.00000000
612;61.20000000;0.00000000;22.83375446;45.63898466;1.64319027;1.51526425;0.19930845;0.08536761;0.00000000;0.00000000
613;61.30000000;0.00000000;22.93158220;45.65939757;1.65951339;1.51925594;0.20911481;0.06553622;0.00000000;0.00000000
614;61.40000000;0.00000000;23.02927003;45.68047643;1.68061914;1.52002408;0.21241569;0.04583597;0.00000000;0.00000000
615;61.50000000;0.00000000;23.12696099;45.70153476;1.67269797;1.50468513;0.21828200;0.08639249;0.00000000;0.00000000
616;61.60000000;0.00000000;23.22439387;45.72375806;1.66883940;1.49468846;0.22969419;0.10105637;0.00000000;0.00000000
617;61.70000000;0.00000000;23.32157940;45.74704059;1.67204545;1.49024858;0.23849327;0.05820625;0.00000000;0.00000000
618;61.80000000;0.00000000;23.41860696;45.77097521;1.67830909;1.49183203;0.24133544;0.07059927;0.00000000;0.00000000
619;61.90000000;0.00000000;23.51565397;45.79480867;1.65529012;1.50018797;0.25261313;0.10772673;0.00000000;0.00000000
620;62.00000000;0.00000000;23.61211731;45.82092551;1.64038997;1.48807610;0.26288078;0.07363027;0.00000000;0.00000000
621;62.10000000;0.00000000;23.70865930;45.84674805;1.63118228;1.47632138;0.26733918;0.07943170;0.00000000;0.00000000
622;62.20000000;0.00000000;23.80488575;45.87372394;1.62926400;1.47008070;0.27876713;0.10983343;0.00000000;0.00000000
623;62.30000000;0.00000000;23.90081295;45.90174627;1.63455416;1.46953259;0.28930587;0.10026262;0.00000000;0.00000000
624;62.40000000;0.00000000;23.99644978;45.93074431;1.64691314;1.47475360;0.29881965;0.08905214;0.00000000;0.00000000
625;62.50000000;0.00000000;24.09182636;45.96058669;1.66605122;1.47264922;0.30711630;0.07780207;0.00000000;0.00000000
626;62.60000000;0.00000000;24.18696862;45.99116752;1.67216079;1.46455060;0.31438006;0.03601631;0.00000000;0.00000000
627;62.70000000;0.00000000;24.28190148;46.02239224;1.65998992;1.46257135;0.31431956;-0.00883241;0.00000000;0.00000000
628;62.80000000;0.00000000;24.37704700;46.05296142;1.65309052;1.46241190;0.31261358;0.01489340;0.00000000;0.00000000
629;62.90000000;0.00000000;24.47208568;46.08386200;1.65256612;1.44893250;0.31729824;0.05038546;0.00000000;0.00000000
630;63.00000000;0.00000000;24.56694096;46.11532138;1.65866174;1.44168010;0.32269067;0.02577113;0.00000000;0.00000000
631;63.10000000;0.00000000;24.66164105;46.14724519;1.67120750;1.44084743;0.32245246;-0.02024254;0.00000000;0.00000000
632;63.20000000;0.00000000;24.75651003;46.17865895;1.67028500;1.44746774;0.31864217;0.00664915;0.00000000;0.00000000
633;63.30000000;0.00000000;24.85145063;46.20986017;1.67175065;1.46113137;0.32378230;0.08897908;0.00000000;0.00000000
634;63.40000000;0.00000000;24.94598796;46.24224630;1.68041675;1.47991959;0.33643798;0.10489214;0.00000000;0.00000000
635;63.50000000;0.00000000;25.04010853;46.27584029;1.66882852;1.49586199;0.34476072;0.05859340;0.00000000;0.00000000
636;63.60000000;0.00000000;25.13409884;46.30979736;1.65793966;1.49562157;0.34815666;0.02934574;0.00000000;0.00000000
637;63.70000000;0.00000000;25.22798926;46.34402989;1.64406285;1.50175336;0.35062987;0.01375715;0.00000000;0.00000000
638;63.80000000;0.00000000;25.32181057;46.37845151;1.63448136;1.51427044;0.35090809;-0.02876089;0.00000000;0.00000000
639;63.90000000;0.00000000;25.41568050;46.41273576;1.63083271;1.53296965;0.34487769;-0.01472810;0.00000000;0.00000000
640;64.00000000;0.00000000;25.50990859;46.44602280;1.61476860;1.54151241;0.34796247;0.06265880;0.00000000;0.00000000
641;64.10000000;0.00000000;25.60356670;46.48088606;1.59547836;1.55478723;0.35740945;0.05535988;0.00000000;0.00000000
642;64.20000000;0.00000000;25.69715062;46.51594799;1.58248763;1.54766894;0.35903445;0.01131224;0.00000000;0.00000000
643;64.30000000;0.00000000;25.79069493;46.55111546;1.57585298;1.54371258;0.35967190;0.00168159;0.00000000;0.00000000
644;64.40000000;0.00000000;25.88423407;46.58629666;1.57555672;1.54620412;0.35937077;-0.03679563;0.00000000;0.00000000
645;64.50000000;0.00000000;25.97779954;46.62140779;1.58151322;1.55520144;0.35231277;-0.08082877;0.00000000;0.00000000
646;64.60000000;0.00000000;26.07182342;46.65526420;1.59240457;1.56039394;0.34320501;-0.06189843;0.00000000;0.00000000
647;64.70000000;0.00000000;26.16601289;46.68866527;1.57622342;1.56622327;0.33993309;-0.02727680;0.00000000;0.00000000
648;64.80000000;0.00000000;26.26025882;46.72190656;1.55230186;1.57853876;0.33774965;-0.02673652;0.00000000;0.00000000
649;64.90000000;0.00000000;26.35459313;46.75489596;1.52832137;1.59694318;0.33458578;-0.01634693;0.00000000;0.00000000
650;65.00000000;0.00000000;26.44904733;46.78754017;1.50524410;1.61066891;0.33448027;0.01985917;0.00000000;0.00000000
651;65.10000000;0.00000000;26.54338702;46.82050911;1.48779117;1.62588107;0.33855762;0.02070548;0.00000000;0.00000000
652;65.20000000;0.00000000;26.63757189;46.85392246;1.47737788;1.63394274;0.33862136;-0.03594438;0.00000000;0.00000000
653;65.30000000;0.00000000;26.73190875;46.88690391;1.47322554;1.64287114;0.33136874;-0.09449316;0.00000000;0.00000000
654;65.40000000;0.00000000;26.82656384;46.91894607;1.47485369;1.65323899;0.31972273;-0.07052160;0.00000000;0.00000000
655;65.50000000;0.00000000;26.92164235;46.94972124;1.47317960;1.67084444;0.31726442;-0.00275488;0.00000000;0.00000000
656;65.60000000;0.00000000;27.01645845;46.98129913;1.46904144;1.69335573;0.31917175;-0.01611293;0.00000000;0.00000000
657;65.70000000;0.00000000;27.11141991;47.01243712;1.47123101;1.69370561;0.31404184;-0.05628651;0.00000000;0.00000000
658;65.80000000;0.00000000;27.20655501;47.04304057;1.47962215;1.67414306;0.30791445;-0.06697592;0.00000000;0.00000000
659;65.90000000;0.00000000;27.30189103;47.07301255;1.47681535;1.66103421;0.30064665;-0.03465011;0.00000000;0.00000000
660;66.00000000;0.00000000;27.39746105;47.10223002;1.47215574;1.65466027;0.30098443;0.00504159;0.00000000;0.00000000
661;66.10000000;0.00000000;27.49277677;47.13226638;1.47512732;1.65345260;0.30165497;-0.07164590;0.00000000;0.00000000
662;66.20000000;0.00000000;27.58830730;47.16161193;1.48411679;1.65899872;0.28665525;-0.15696752;0.00000000;0.00000000
663;66.30000000;0.00000000;27.68447789;47.18877485;1.49748745;1.67008930;0.27026147;-0.16208746;0.00000000;0.00000000
664;66.40000000;0.00000000;27.78091883;47.21497296;1.50864853;1.66866924;0.25423776;-0.12854301;0.00000000;0.00000000
665;66.50000000;0.00000000;27.87790860;47.23903993;1.50086626;1.66097248;0.24455286;-0.04991342;0.00000000;0.00000000
666;66.60000000;0.00000000;27.97483846;47.26336514;1.49998211;1.63666174;0.24425507;-0.02976241;0.00000000;0.00000000
667;66.70000000;0.00000000;28.07184714;47.28737549;1.50542153;1.61501250;0.23860038;-0.07135724;0.00000000;0.00000000
668;66.80000000;0.00000000;28.16904601;47.31060298;1.51664060;1.60012555;0.22998363;-0.06103751;0.00000000;0.00000000
669;66.90000000;0.00000000;28.26645357;47.33293793;1.53340299;1.59230234;0.22639288;-0.02170343;0.00000000;0.00000000
670;67.00000000;0.00000000;28.36381681;47.35546681;1.55599080;1.59053234;0.22564294;-0.03809908;0.00000000;0.00000000
671;67.10000000;0.00000000;28.46125767;47.37765562;1.55954256;1.59538183;0.21877306;-0.06101895;0.00000000;0.00000000
672;67.20000000;0.00000000;28.55892053;47.39884451;1.55226980;1.60124124;0.21343915;-0.03570440;0.00000000;0.00000000
673;67.30000000;0.00000000;28.65659310;47.41999272;1.55050154;1.58412709;0.21163218;-0.01989190;0.00000000;0.00000000
674;67.40000000;0.00000000;28.75433186;47.44082851;1.55484805;1.57350573;0.20946077;-0.01929326;0.00000000;0.00000000
675;67.50000000;0.00000000;28.85209532;47.46155234;1.56546118;1.56930421;0.20777353;-0.04147001;0.00000000;0.00000000
676;67.60000000;0.00000000;28.94990387;47.48205821;1.58210886;1.57168187;0.20116677;-0.06819757;0.00000000;0.00000000
677;67.70000000;0.00000000;29.04793151;47.50148824;1.60155499;1.58147736;0.19413402;-0.04746969;0.00000000;0.00000000
678;67.80000000;0.00000000;29.14601973;47.52061658;1.62070077;1.58003170;0.19167283;-0.04612190;0.00000000;0.00000000
679;67.90000000;0.00000000;29.24414192;47.53956387;1.61173886;1.56104000;0.18490964;-0.07709322;0.00000000;0.00000000
680;68.00000000;0.00000000;29.34247850;47.55736347;1.60271642;1.54320247;0.17625419;-0.04965375;0.00000000;0.00000000
681;68.10000000;0.00000000;29.44091543;47.57460969;1.59933494;1.52640984;0.17497889;0.00905238;0.00000000;0.00000000
682;68.20000000;0.00000000;29.53929888;47.59215873;1.60249891;1.51469953;0.17806466;0.01687499;0.00000000;0.00000000
683;68.30000000;0.00000000;29.63762745;47.61001211;1.61217147;1.50921950;0.17835388;-0.03915685;0.00000000;0.00000000
684;68.40000000;0.00000000;29.73599870;47.62761769;1.62768547;1.51059769;0.17023329;-0.08079544;0.00000000;0.00000000
685;68.50000000;0.00000000;29.83460209;47.64387146;1.64392665;1.51992723;0.16219480;-0.00889241;0.00000000;0.00000000
686;68.60000000;0.00000000;29.93324097;47.65989288;1.65993713;1.53594695;0.16845481;0.06316188;0.00000000;0.00000000
687;68.70000000;0.00000000;30.03163538;47.67738022;1.65533887;1.52286666;0.17482717;0.01718708;0.00000000;0.00000000
688;68.80000000;0.00000000;30.13006475;47.69465794;1.64796899;1.50562045;0.17189223;0.00305636;0.00000000;0.00000000
689;68.90000000;0.00000000;30.22855567;47.71156666;1.64626813;1.49005978;0.17543844;0.01769971;0.00000000;0.00000000
690;69.00000000;0.00000000;30.32685986;47.72954200;1.64899788;1.48001196;0.17543217;-0.02611435;0.00000000;0.00000000
691;69.10000000;0.00000000;30.42535553;47.74645029;1.65364250;1.47775815;0.17021557;-0.02134626;0.00000000;0.00000000
692;69.20000000;0.00000000;30.52384416;47.76339941;1.66432696;1.48221287;0.17116292;0.02936322;0.00000000;0.00000000
693;69.30000000;0.00000000;30.62230642;47.78049408;1.66245580;1.49321055;0.17608822;0.04243075;0.00000000;0.00000000
694;69.40000000;0.00000000;30.72062323;47.79841252;1.65197168;1.50159193;0.17964907;0.03859088;0.00000000;0.00000000
695;69.50000000;0.00000000;30.81896144;47.81620801;1.64736911;1.48379377;0.18380639;0.02830562;0.00000000;0.00000000
696;69.60000000;0.00000000;30.91712575;47.83494327;1.64977650;1.46505759;0.18531019;-0.02783162;0.00000000;0.00000000
697;69.70000000;0.00000000;31.01541067;47.85303456;1.65756314;1.45029126;0.17824007;-0.04416819;0.00000000;0.00000000
698;69.80000000;0.00000000;31.11383023;47.87037995;1.67055205;1.44307146;0.17647655;-0.03065082;0.00000000;0.00000000
699;69.90000000;0.00000000;31.21217841;47.88812450;1.68831874;1.43803154;0.17210991;-0.08347980;0.00000000;0.00000000
700;70.00000000;0.00000000;31.31074578;47.90460972;1.70482388;1.43888736;0.15978059;-0.12537592;0.00000000;0.00000000
701;70.10000000;0.00000000;31.40950171;47.91992400;1.72015589;1.44784063;0.14703472;-0.09444445;0.00000000;0.00000000
702;70.20000000;0.00000000;31.50845664;47.93389141;1.70801451;1.46491334;0.14089170;-0.06655631;0.00000000;0.00000000
703;70.30000000;0.00000000;31.60739338;47.94799126;1.69608807;1.45235793;0.13372346;-0.07835955;0.00000000;0.00000000
704;70.40000000;0.00000000;31.70653712;47.96053844;1.68843205;1.44540657;0.12521979;-0.08359067;0.00000000;0.00000000
705;70.50000000;0.00000000;31.80569935;47.97295370;1.68653951;1.44548108;0.11700533;-0.12696618;0.00000000;0.00000000
706;70.60000000;0.00000000;31.90503479;47.98387029;1.68905697;1.45394705;0.09982655;-0.18265859;0.00000000;0.00000000
707;70.70000000;0.00000000;32.00456126;47.99287160;1.68518838;1.47106497;0.08047361;-0.19946529;0.00000000;0.00000000
708;70.80000000;0.00000000;32.10424345;47.99993603;1.66213090;1.49654929;0.05993350;-0.21446802;0.00000000;0.00000000
709;70.90000000;0.00000000;32.20405358;48.00484221;1.64269584;1.49545674;0.03758001;-0.22968510;0.00000000;0.00000000
710;71.00000000;0.00000000;32.30394936;48.00744451;1.62687965;1.49285632;0.01399648;-0.21441131;0.00000000;0.00000000
711;71.10000000;0.00000000;32.40387783;48.00763923;1.61469513;1.49266235;-0.00530226;-0.17604683;0.00000000;0.00000000
712;71.20000000;0.00000000;32.50380561;48.00638481;1.60718917;1.49391724;-0.02121289;-0.18868329;0.00000000;0.00000000
713;71.30000000;0.00000000;32.60368864;48.00340003;1.60414826;1.49690304;-0.04303891;-0.24515368;0.00000000;0.00000000
714;71.40000000;0.00000000;32.70345787;47.99778669;1.59853120;1.50251916;-0.07024363;-0.25877205;0.00000000;0.00000000
715;71.50000000;0.00000000;32.80302813;47.98937463;1.59011065;1.51093746;-0.09479332;-0.22253820;0.00000000;0.00000000
716;71.60000000;0.00000000;32.90240957;47.97887070;1.57959350;1.52145108;-0.11475127;-0.22014549;0.00000000;0.00000000
717;71.70000000;0.00000000;33.00156583;47.96649165;1.56719535;1.53384421;-0.13882242;-0.26930793;0.00000000;0.00000000
718;71.80000000;0.00000000;33.10031699;47.95121885;1.55189287;1.54913927;-0.16861285;-0.30341499;0.00000000;0.00000000
719;71.90000000;0.00000000;33.19855866;47.93295773;1.53358898;1.56743373;-0.19950542;-0.31927508;0.00000000;0.00000000
720;72.00000000;0.00000000;33.29617681;47.91161694;1.51219029;1.58882266;-0.23246787;-0.34326426;0.00000000;0.00000000
721;72.10000000;0.00000000;33.39299660;47.88692492;1.49335929;1.61358378;-0.26815827;-0.33818117;0.00000000;0.00000000
722;72.20000000;0.00000000;33.48884256;47.85867695;1.47737877;1.64192970;-0.30010410;-0.28869077;0.00000000;0.00000000
723;72.30000000;0.00000000;33.58390185;47.82784923;1.46534992;1.67288420;-0.32589642;-0.27802500;0.00000000;0.00000000
724;72.40000000;0.00000000;33.67816371;47.79469658;1.45762104;1.70589158;-0.35570910;-0.32618804;0.00000000;0.00000000
725;72.50000000;0.00000000;33.77120602;47.75826351;1.45322151;1.72858675;-0.39113403;-0.35801762;0.00000000;0.00000000
726;72.60000000;0.00000000;33.86288310;47.71852178;1.45210739;1.74157050;-0.42731263;-0.36509005;0.00000000;0.00000000
727;72.70000000;0.00000000;33.95304679;47.67545824;1.45058238;1.74823337;-0.46415204;-0.36120111;0.00000000;0.00000000
728;72.80000000;0.00000000;34.04154857;47.62907636;1.44950163;1.74822134;-0.49955285;-0.34513819;0.00000000;0.00000000
729;72.90000000;0.00000000;34.12844503;47.57973956;1.45194393;1.75725684;-0.53317968;-0.34430721;0.00000000;0.00000000
730;73.00000000;0.00000000;34.21363064;47.52751416;1.45789423;1.74268494;-0.56841429;-0.36071891;0.00000000;0.00000000
731;73.10000000;0.00000000;34.29683318;47.47218438;1.46697909;1.73249813;-0.60532346;-0.36917336;0.00000000;0.00000000
732;73.20000000;0.00000000;34.37793494;47.41381879;1.47912055;1.71788087;-0.64224896;-0.36868483;0.00000000;0.00000000
733;73.30000000;0.00000000;34.45682825;47.35250081;1.49155329;1.69524855;-0.67906043;-0.36688765;0.00000000;0.00000000
734;73.40000000;0.00000000;34.53341727;47.28832767;1.50033546;1.68191085;-0.71562649;-0.34639272;0.00000000;0.00000000
735;73.50000000;0.00000000;34.60761956;47.22140894;1.50548691;1.67676423;-0.74833897;-0.29406082;0.00000000;0.00000000
736;73.60000000;0.00000000;34.67985584;47.15235965;1.50774091;1.67451200;-0.77443866;-0.26266767;0.00000000;0.00000000
737;73.70000000;0.00000000;34.75047188;47.08165397;1.50767787;1.67588428;-0.80087251;-0.29313094;0.00000000;0.00000000
738;73.80000000;0.00000000;34.81895236;47.00889026;1.50464997;1.68591135;-0.83306484;-0.33303496;0.00000000;0.00000000
739;73.90000000;0.00000000;34.88486724;46.93379426;1.49816006;1.68530706;-0.86747950;-0.34102082;0.00000000;0.00000000
740;74.00000000;0.00000000;34.94818163;46.85649262;1.49084738;1.69401154;-0.90126901;-0.33429073;0.00000000;0.00000000
741;74.10000000;0.00000000;35.00887558;46.77711621;1.48177932;1.70720432;-0.93433765;-0.32666473;0.00000000;0.00000000
742;74.20000000;0.00000000;35.06694356;46.69579806;1.47464630;1.69690007;-0.96660195;-0.30744730;0.00000000;0.00000000
743;74.30000000;0.00000000;35.12239378;46.61267146;1.47108541;1.68257972;-0.99582710;-0.25840008;0.00000000;0.00000000
744;74.40000000;0.00000000;35.17561776;46.52809144;1.47164956;1.67148328;-1.01828197;-0.21750343;0.00000000;0.00000000
745;74.50000000;0.00000000;35.22728388;46.44255276;1.47716076;1.65418151;-1.03932779;-0.23632719;0.00000000;0.00000000
746;74.60000000;0.00000000;35.27689984;46.35581118;1.48701899;1.63682202;-1.06554741;-0.25697932;0.00000000;0.00000000
747;74.70000000;0.00000000;35.32401281;46.26767957;1.50065510;1.62286620;-1.09072366;-0.25107427;0.00000000;0.00000000
748;74.80000000;0.00000000;35.36920242;46.17854595;1.50101523;1.61694613;-1.11576226;-0.26738612;0.00000000;0.00000000
749;74.90000000;0.00000000;35.41184582;46.08816437;1.49212074;1.61025656;-1.14420088;-0.24461078;0.00000000;0.00000000
750;75.00000000;0.00000000;35.45189591;45.99660479;1.48704312;1.60989101;-1.16468442;-0.16588740;0.00000000;0.00000000
751;75.10000000;0.00000000;35.49080167;45.90455314;1.48742760;1.60081193;-1.17737836;-0.15832727;0.00000000;0.00000000
752;75.20000000;0.00000000;35.52851433;45.81200701;1.49322418;1.59923479;-1.19634987;-0.22446744;0.00000000;0.00000000
753;75.30000000;0.00000000;35.56389749;45.71855271;1.50317115;1.60638445;-1.22227185;-0.26174170;0.00000000;0.00000000
754;75.40000000;0.00000000;35.59676116;45.62418408;1.49970241;1.61805938;-1.24869821;-0.24052182;0.00000000;0.00000000
755;75.50000000;0.00000000;35.62715748;45.52899239;1.49917553;1.62565813;-1.27037621;-0.19563808;0.00000000;0.00000000
756;75.60000000;0.00000000;35.65590231;45.43328094;1.50357236;1.64102999;-1.28782583;-0.18114043;0.00000000;0.00000000
757;75.70000000;0.00000000;35.68295852;45.33708666;1.51282323;1.63274069;-1.30660430;-0.18008326;0.00000000;0.00000000
758;75.80000000;0.00000000;35.70808950;45.24036319;1.52291928;1.62426819;-1.32384248;-0.17931552;0.00000000;0.00000000
759;75.90000000;0.00000000;35.73181430;45.14329117;1.51110901;1.62336900;-1.34246740;-0.17862932;0.00000000;0.00000000
760;76.00000000;0.00000000;35.75332600;45.04569830;1.50357906;1.63007226;-1.35956834;-0.17792043;0.00000000;0.00000000
761;76.10000000;0.00000000;35.77371835;44.94786740;1.50152800;1.62727137;-1.37805149;-0.18279385;0.00000000;0.00000000
762;76.20000000;0.00000000;35.79160871;44.84954536;1.50357565;1.61584804;-1.39612712;-0.18063103;0.00000000;0.00000000
763;76.30000000;0.00000000;35.80845224;44.75103859;1.51118324;1.61161938;-1.41417769;-0.18595477;0.00000000;0.00000000
764;76.40000000;0.00000000;35.82278177;44.65213746;1.52280261;1.61612049;-1.43331807;-0.15347093;0.00000000;0.00000000
765;76.50000000;0.00000000;35.83584288;44.55305917;1.50644593;1.62802758;-1.44487188;-0.10994785;0.00000000;0.00000000
766;76.60000000;0.00000000;35.84788361;44.45385179;1.49141874;1.64693200;-1.45530764;-0.10661620;0.00000000;0.00000000
767;76.70000000;0.00000000;35.85887406;44.35452292;1.48193279;1.64114734;-1.46619512;-0.11199395;0.00000000;0.00000000
768;76.80000000;0.00000000;35.86875180;44.25507755;1.47803427;1.63127243;-1.47770643;-0.12011086;0.00000000;0.00000000
769;76.90000000;0.00000000;35.87745268;44.15552257;1.47970468;1.62257394;-1.49021729;-0.12910582;0.00000000;0.00000000
770;77.00000000;0.00000000;35.88483922;44.05586212;1.48582240;1.61518927;-1.50352759;-0.13369933;0.00000000;0.00000000
771;77.10000000;0.00000000;35.89088710;43.95611120;1.49158647;1.60914277;-1.51695716;-0.13649608;0.00000000;0.00000000
772;77.20000000;0.00000000;35.89559451;43.85628819;1.49628699;1.60443630;-1.53082681;-0.14190541;0.00000000;0.00000000
773;77.30000000;0.00000000;35.89887338;43.75640838;1.49956141;1.60115801;-1.54533824;-0.14581282;0.00000000;0.00000000
774;77.40000000;0.00000000;35.90068206;43.65649106;1.50136746;1.59934965;-1.55998938;-0.14583674;0.00000000;0.00000000
775;77.50000000;0.00000000;35.90103324;43.55655790;1.50171716;1.59899867;4.70867972;-0.16220720;0.00000000;0.00000000
776;77.60000000;0.00000000;35.89994072;43.45662999;1.50062367;1.60009139;4.69075449;-0.20753731;0.00000000;0.00000000
777;77.70000000;0.00000000;35.89671000;43.35675853;1.49739125;1.60332263;4.66717226;-0.21957186;0.00000000;0.00000000
778;77.80000000;0.00000000;35.89090766;43.25699361;1.49158516;1.60912612;4.64684012;-0.17326268;0.00000000;0.00000000
779;77.90000000;0.00000000;35.88361864;43.15732556;1.48429016;1.61641690;4.63251972;-0.14017083;0.00000000;0.00000000
780;78.00000000;0.00000000;35.87496166;43.05776707;1.48199525;1.62507640;4.61880595;-0.14229147;0.00000000;0.00000000
781;78.10000000;0.00000000;35.86494201;42.95833565;1.48506565;1.63509949;4.60406142;-0.18950123;0.00000000;0.00000000
782;78.20000000;0.00000000;35.85335398;42.85908178;1.49325851;1.64669237;4.58090571;-0.26010025;0.00000000;0.00000000
783;78.30000000;0.00000000;35.83874271;42.76022561;1.50503595;1.66131179;4.55204137;-0.24365166;0.00000000;0.00000000
784;78.40000000;0.00000000;35.82144609;42.66179819;1.52062906;1.64798574;4.53217537;-0.16878597;0.00000000;0.00000000
785;78.50000000;0.00000000;35.80291846;42.56359458;1.50504314;1.64054152;4.51828418;-0.14325364;0.00000000;0.00000000
786;78.60000000;0.00000000;35.78289416;42.46568485;1.49352239;1.64069238;4.50352465;-0.18365204;0.00000000;0.00000000
787;78.70000000;0.00000000;35.76147613;42.36807087;1.48721189;1.64833631;4.48155377;-0.21336228;0.00000000;0.00000000
788;78.80000000;0.00000000;35.73717115;42.27113914;1.48463755;1.66488232;4.46085219;-0.20019674;0.00000000;0.00000000
789;78.90000000;0.00000000;35.71173125;42.17449559;1.48761385;1.67213794;4.44151443;-0.23058673;0.00000000;0.00000000
790;79.00000000;0.00000000;35.68369745;42.07857983;1.49459281;1.67610646;4.41473485;-0.23501524;0.00000000;0.00000000
791;79.10000000;0.00000000;35.65312237;41.98344269;1.47809432;1.68435157;4.39451138;-0.18400211;0.00000000;0.00000000
792;79.20000000;0.00000000;35.62123097;41.88873264;1.46301607;1.69857136;4.37793442;-0.19961406;0.00000000;0.00000000
793;79.30000000;0.00000000;35.58751947;41.79466263;1.45273708;1.71250818;4.35458857;-0.25374118;0.00000000;0.00000000
794;79.40000000;0.00000000;35.55124669;41.70155572;1.44655527;1.70494427;4.32718619;-0.27207480;0.00000000;0.00000000
795;79.50000000;0.00000000;35.51243322;41.60947395;1.44452389;1.70595789;4.30017361;-0.26396495;0.00000000;0.00000000
796;79.60000000;0.00000000;35.47118537;41.51846115;1.44674305;1.71545270;4.27439320;-0.22408308;0.00000000;0.00000000
797;79.70000000;0.00000000;35.42767460;41.42849512;1.45335741;1.72071349;4.25535699;-0.19895295;0.00000000;0.00000000
798;79.80000000;0.00000000;35.38298964;41.33911318;1.45555400;1.70785927;4.23460261;-0.19666910;0.00000000;0.00000000
799;79.90000000;0.00000000;35.33578278;41.25102942;1.45679812;1.70362422;4.21602317;-0.17220490;0.00000000;0.00000000
800;80.00000000;0.00000000;35.28780461;41.16336309;1.44713306;1.70612141;4.20016163;-0.20782483;0.00000000;0.00000000
801;80.10000000;0.00000000;35.23782800;41.07682151;1.44204127;1.71567659;4.17445820;-0.25501290;0.00000000;0.00000000
802;80.20000000;0.00000000;35.18541177;40.99174165;1.44102292;1.71566985;4.14915905;-0.24790220;0.00000000;0.00000000
803;80.30000000;0.00000000;35.13112440;40.90784184;1.44471746;1.71032349;4.12487776;-0.24626478;0.00000000;0.00000000
804;80.40000000;0.00000000;35.07464304;40.82541152;1.45266067;1.71344491;4.09990609;-0.22852911;0.00000000;0.00000000
805;80.50000000;0.00000000;35.01623578;40.74432749;1.44381447;1.72469833;4.07917194;-0.19058814;0.00000000;0.00000000
806;80.60000000;0.00000000;34.95638090;40.66430320;1.43535331;1.73680001;4.06178846;-0.17818772;0.00000000;0.00000000
807;80.70000000;0.00000000;34.89518924;40.58529686;1.43214378;1.74685645;4.04353440;-0.20570106;0.00000000;0.00000000
808;80.80000000;0.00000000;34.83245511;40.50751282;1.43393444;1.75037557;4.02064825;-0.22468929;0.00000000;0.00000000
809;80.90000000;0.00000000;34.76771048;40.43138660;1.44007169;1.74233468;3.99859654;-0.22475698;0.00000000;0.00000000
810;81.00000000;0.00000000;34.70160337;40.35643903;1.44631847;1.73608826;3.97569686;-0.22516445;0.00000000;0.00000000
811;81.10000000;0.00000000;34.63344237;40.28335805;1.44979543;1.73261140;3.95356365;-0.19067741;0.00000000;0.00000000
812;81.20000000;0.00000000;34.56408521;40.21141105;1.45162562;1.73078118;3.93756137;-0.15703625;0.00000000;0.00000000
813;81.30000000;0.00000000;34.49362120;40.14054922;1.45684716;1.73050047;3.92215640;-0.15253405;0.00000000;0.00000000
814;81.40000000;0.00000000;34.42208172;40.07077396;1.46735227;1.73174846;3.90705456;-0.15534724;0.00000000;0.00000000
815;81.50000000;0.00000000;34.34950983;40.00207234;1.48297214;1.73448593;3.89108695;-0.17759528;0.00000000;0.00000000
816;81.60000000;0.00000000;34.27578050;39.93461840;1.49729704;1.71544523;3.87153551;-0.18493575;0.00000000;0.00000000
817;81.70000000;0.00000000;34.20057634;39.86880448;1.50824072;1.70145371;3.85409980;-0.17955554;0.00000000;0.00000000
818;81.80000000;0.00000000;34.12453534;39.80395809;1.50051863;1.69453249;3.83562440;-0.18142008;0.00000000;0.00000000
819;81.90000000;0.00000000;34.04695203;39.74096803;1.49686522;1.69590287;3.81781579;-0.16371980;0.00000000;0.00000000
820;82.00000000;0.00000000;33.96865108;39.67887131;1.49873228;1.67436146;3.80288044;-0.15566404;0.00000000;0.00000000
821;82.10000000;0.00000000;33.88922498;39.61822950;1.50540883;1.64636554;3.78668298;-0.15860405;0.00000000;0.00000000
822;82.20000000;0.00000000;33.80895406;39.55870152;1.51726618;1.62541799;3.77115963;-0.17781282;0.00000000;0.00000000
823;82.30000000;0.00000000;33.72768828;39.50055781;1.52700679;1.61210573;3.75112041;-0.17955368;0.00000000;0.00000000
824;82.40000000;0.00000000;33.64509626;39.44429335;1.52335308;1.59755039;3.73524889;-0.15551786;0.00000000;0.00000000
825;82.50000000;0.00000000;33.56201636;39.38875180;1.52537755;1.58245820;3.72001684;-0.14835784;0.00000000;0.00000000
826;82.60000000;0.00000000;33.47774822;39.33502871;1.53176438;1.57575016;3.70557733;-0.10698473;0.00000000;0.00000000
827;82.70000000;0.00000000;33.39309886;39.28190905;1.54389921;1.57607931;3.69861990;-0.08531257;0.00000000;0.00000000
828;82.80000000;0.00000000;33.30809194;39.22936407;1.56168350;1.58340445;3.68851481;-0.11426431;0.00000000;0.00000000
829;82.90000000;0.00000000;33.22239066;39.17796852;1.57313175;1.59828384;3.67576704;-0.11325386;0.00000000;0.00000000
830;83.00000000;0.00000000;33.13607167;39.12760750;1.57386999;1.62037462;3.66586404;-0.10980676;0.00000000;0.00000000
831;83.10000000;0.00000000;33.04936715;39.07791812;1.57293065;1.62119449;3.65380568;-0.16228685;0.00000000;0.00000000
832;83.20000000;0.00000000;32.96185955;39.02965364;1.56984870;1.62459566;3.63340667;-0.17024753;0.00000000;0.00000000
833;83.30000000;0.00000000;32.87319794;38.98354066;1.57068406;1.60213407;3.61975618;-0.10556314;0.00000000;0.00000000
834;83.40000000;0.00000000;32.78440438;38.93768238;1.57757599;1.57315146;3.61229404;-0.08127791;0.00000000;0.00000000
835;83.50000000;0.00000000;32.69506699;38.89289897;1.58953862;1.55126347;3.60350059;-0.07340804;0.00000000;0.00000000
836;83.60000000;0.00000000;32.60548067;38.84860927;1.60709583;1.53612798;3.59761243;-0.06685377;0.00000000;0.00000000
837;83.70000000;0.00000000;32.51562184;38.80488090;1.59172904;1.52801797;3.59012984;-0.06230195;0.00000000;0.00000000
838;83.80000000;0.00000000;32.42538277;38.76193676;1.57971814;1.52729278;3.58515205;-0.07269315;0.00000000;0.00000000
839;83.90000000;0.00000000;32.33509234;38.71910482;1.57385004;1.53321830;3.57559121;-0.13639600;0.00000000;0.00000000
840;84.00000000;0.00000000;32.24404866;38.67789393;1.57252968;1.54058014;3.55787285;-0.12754100;0.00000000;0.00000000
841;84.10000000;0.00000000;32.15229649;38.63828743;1.56893730;1.53920390;3.55008301;-0.04873660;0.00000000;0.00000000
842;84.20000000;0.00000000;32.06062193;38.59849995;1.56109791;1.53786591;3.54812553;-0.04392503;0.00000000;0.00000000
843;84.30000000;0.00000000;31.96871577;38.55925312;1.55904763;1.54359883;3.54129801;-0.07609555;0.00000000;0.00000000
844;84.40000000;0.00000000;31.87650716;38.52072141;1.56262136;1.55651018;3.53290642;-0.07741147;0.00000000;0.00000000
845;84.50000000;0.00000000;31.78395601;38.48302282;1.57165703;1.57654357;3.52581571;-0.03504759;0.00000000;0.00000000
846;84.60000000;0.00000000;31.69121032;38.44580260;1.58643904;1.58125187;3.52589690;-0.00996823;0.00000000;0.00000000
847;84.70000000;0.00000000;31.59866422;38.40808854;1.57518929;1.56696318;3.52382207;-0.04155653;0.00000000;0.00000000
848;84.80000000;0.00000000;31.50576404;38.37125318;1.55529389;1.55990890;3.51758559;-0.02177577;0.00000000;0.00000000
849;84.90000000;0.00000000;31.41275401;38.33469606;1.54133526;1.55954005;3.51946691;0.02531999;0.00000000;0.00000000
850;85.00000000;0.00000000;31.31999324;38.29751147;1.53444916;1.56489099;3.52264959;0.00463320;0.00000000;0.00000000
851;85.10000000;0.00000000;31.22721779;38.26036306;1.53401722;1.57660990;3.52039355;-0.02079894;0.00000000;0.00000000
852;85.20000000;0.00000000;31.13429030;38.22359743;1.53967358;1.58358845;3.51848980;0.01266852;0.00000000;0.00000000
853;85.30000000;0.00000000;31.04137417;38.18680256;1.55178974;1.59072111;3.52292725;0.05670635;0.00000000;0.00000000
854;85.40000000;0.00000000;30.94877845;38.14921440;1.57101985;1.59176471;3.52983107;0.04545927;0.00000000;0.00000000
855;85.50000000;0.00000000;30.85637915;38.11114012;1.59090806;1.58931858;3.53201911;0.02150466;0.00000000;0.00000000
856;85.60000000;0.00000000;30.76394671;38.07314625;1.58210980;1.58496300;3.53413200;0.05263118;0.00000000;0.00000000
857;85.70000000;0.00000000;30.67171177;38.03468294;1.57433065;1.58560283;3.54254534;0.07529962;0.00000000;0.00000000
858;85.80000000;0.00000000;30.57993171;37.99513923;1.56808807;1.58633804;3.54919193;0.04394175;0.00000000;0.00000000
859;85.90000000;0.00000000;30.48821360;37.95545212;1.56835826;1.58251736;3.55133369;0.01398883;0.00000000;0.00000000
860;86.00000000;0.00000000;30.39660375;37.91551562;1.56664054;1.58378443;3.55198969;0.01664853;0.00000000;0.00000000
861;86.10000000;0.00000000;30.30493774;37.87570818;1.55089830;1.59147887;3.55466340;0.07865920;0.00000000;0.00000000
862;86.20000000;0.00000000;30.21354292;37.83528245;1.54146685;1.60470378;3.56772153;0.11156985;0.00000000;0.00000000
863;86.30000000;0.00000000;30.12295131;37.79309654;1.54041730;1.61085308;3.57697737;0.05087596;0.00000000;0.00000000
864;86.40000000;0.00000000;30.03232079;37.75098615;1.54575655;1.59744885;3.57789672;0.03182617;0.00000000;0.00000000
865;86.50000000;0.00000000;29.94180407;37.70863242;1.55776851;1.58104098;3.58334260;0.05749169;0.00000000;0.00000000
866;86.60000000;0.00000000;29.85163819;37.66553772;1.57683832;1.57001430;3.58939506;0.03963805;0.00000000;0.00000000
867;86.70000000;0.00000000;29.76164017;37.62209113;1.58030376;1.56491311;3.59127021;0.03004807;0.00000000;0.00000000
868;86.80000000;0.00000000;29.67163645;37.57865854;1.57726169;1.56620010;3.59540468;0.03525573;0.00000000;0.00000000
869;86.90000000;0.00000000;29.58200062;37.53446919;1.58138470;1.57300775;3.59832136;0.03941361;0.00000000;0.00000000
870;87.00000000;0.00000000;29.49225076;37.49051181;1.58002670;1.57432841;3.60328740;0.05257732;0.00000000;0.00000000
871;87.10000000;0.00000000;29.40305822;37.44543438;1.58607282;1.57514906;3.60883682;0.04950569;0.00000000;0.00000000
872;87.20000000;0.00000000;29.31380177;37.40048362;1.58450657;1.58243495;3.61318854;0.05444517;0.00000000;0.00000000
873;87.30000000;0.00000000;29.22500643;37.35463238;1.58109093;1.59495890;3.61972585;0.03833927;0.00000000;0.00000000
874;87.40000000;0.00000000;29.13634528;37.30851850;1.57796303;1.58722319;3.62085639;0.01668895;0.00000000;0.00000000
875;87.50000000;0.00000000;29.04765234;37.26246583;1.58108919;1.57127893;3.62306365;0.05547667;0.00000000;0.00000000
876;87.60000000;0.00000000;28.95919774;37.21596211;1.59100661;1.56107117;3.63195172;0.10962003;0.00000000;0.00000000
877;87.70000000;0.00000000;28.87133941;37.16834127;1.59400254;1.55595653;3.64498765;0.13413964;0.00000000;0.00000000
878;87.80000000;0.00000000;28.78412645;37.11954704;1.58996022;1.55591325;3.65877965;0.09219152;0.00000000;0.00000000
879;87.90000000;0.00000000;28.69761296;37.06951999;1.59360737;1.54945411;3.66342595;0.04789517;0.00000000;0.00000000
880;88.00000000;0.00000000;28.61085585;37.01991667;1.60300203;1.54941273;3.66835868;0.09733293;0.00000000;0.00000000
881;88.10000000;0.00000000;28.52484198;36.96903967;1.59643456;1.55433496;3.68289254;0.12520744;0.00000000;0.00000000
882;88.20000000;0.00000000;28.43956589;36.91693749;1.58002142;1.56126719;3.69340017;0.07332446;0.00000000;0.00000000
883;88.30000000;0.00000000;28.35463832;36.86426316;1.57047883;1.55715830;3.69755743;0.03039266;0.00000000;0.00000000
884;88.40000000;0.00000000;28.26979569;36.81145207;1.56742431;1.55499624;3.69947870;0.03072307;0.00000000;0.00000000
885;88.50000000;0.00000000;28.18507139;36.75845194;1.57095763;1.55902710;3.70370205;0.04423391;0.00000000;0.00000000
886;88.60000000;0.00000000;28.10067783;36.70492610;1.57793866;1.56880857;3.70832549;0.08613456;0.00000000;0.00000000
887;88.70000000;0.00000000;28.01644696;36.65114463;1.57732559;1.58454625;3.72092896;0.13745449;0.00000000;0.00000000
888;88.80000000;0.00000000;27.93343523;36.59551259;1.58523818;1.60014620;3.73581638;0.10183480;0.00000000;0.00000000
889;88.90000000;0.00000000;27.85084276;36.53924748;1.60011607;1.60190347;3.74129592;0.04765498;0.00000000;0.00000000
890;89.00000000;0.00000000;27.76844027;36.48270533;1.61658105;1.59778635;3.74534738;0.03945565;0.00000000;0.00000000
891;89.10000000;0.00000000;27.68630644;36.42577285;1.60376610;1.59877249;3.74918705;0.03311833;0.00000000;0.00000000
892;89.20000000;0.00000000;27.60434016;36.36859928;1.59740695;1.58952843;3.75197105;0.04876295;0.00000000;0.00000000
893;89.30000000;0.00000000;27.52252456;36.31121033;1.59755006;1.58486129;3.75893964;0.07763604;0.00000000;0.00000000
894;89.40000000;0.00000000;27.44136498;36.25290134;1.60505605;1.58535906;3.76749825;0.07242656;0.00000000;0.00000000
895;89.50000000;0.00000000;27.36054372;36.19412048;1.60325792;1.59156280;3.77342495;0.07244654;0.00000000;0.00000000
896;89.60000000;0.00000000;27.28008106;36.13485364;1.58831066;1.59735960;3.78198756;0.07780553;0.00000000;0.00000000
897;89.70000000;0.00000000;27.20027816;36.07469735;1.57458180;1.60758195;3.78898605;0.07522634;0.00000000;0.00000000
898;89.80000000;0.00000000;27.12065097;36.01430861;1.56740935;1.59474334;3.79703283;0.08348118;0.00000000;0.00000000
899;89.90000000;0.00000000;27.04182754;35.95287667;1.56790840;1.58678612;3.80568229;0.07234981;0.00000000;0.00000000
900;90.00000000;0.00000000;26.96325696;35.89111966;1.57517184;1.58371718;3.81150279;0.07102627;0.00000000;0.00000000
901;90.10000000;0.00000000;26.88515508;35.82877517;1.58944101;1.56937103;3.81988754;0.07128132;0.00000000;0.00000000
902;90.20000000;0.00000000;26.80763108;35.76570930;1.58656367;1.56037900;3.82575906;0.07138672;0.00000000;0.00000000
903;90.30000000;0.00000000;26.73026456;35.70245023;1.57570461;1.55527841;3.83416489;0.08419736;0.00000000;0.00000000
904;90.40000000;0.00000000;26.65381184;35.63809014;1.57257061;1.55128668;3.84259853;0.05317151;0.00000000;0.00000000
905;90.50000000;0.00000000;26.57752334;35.57353522;1.57603540;1.55347153;3.84479919;0.01912704;0.00000000;0.00000000
906;90.60000000;0.00000000;26.50135449;35.50883914;1.58598655;1.56159097;3.84642394;0.01588107;0.00000000;0.00000000
907;90.70000000;0.00000000;26.42527611;35.44403661;1.60225870;1.56957090;3.84797540;0.04131979;0.00000000;0.00000000
908;90.80000000;0.00000000;26.34930869;35.37910477;1.60570240;1.57762013;3.85468789;0.08958048;0.00000000;0.00000000
909;90.90000000;0.00000000;26.27410710;35.31328675;1.59907502;1.59076010;3.86589150;0.09020840;0.00000000;0.00000000
910;91.00000000;0.00000000;26.19961407;35.24666957;1.59351208;1.59134419;3.87272958;0.05388706;0.00000000;0.00000000
911;91.10000000;0.00000000;26.12531964;35.17982930;1.58824689;1.59422249;3.87666891;0.05196078;0.00000000;0.00000000
912;91.20000000;0.00000000;26.05135419;35.11262766;1.58346923;1.59900404;3.88312173;0.05448914;0.00000000;0.00000000
913;91.30000000;0.00000000;25.97792852;35.04483416;1.57949068;1.60298571;3.88756674;0.04918545;0.00000000;0.00000000
914;91.40000000;0.00000000;25.90456216;34.97697647;1.57559939;1.60688008;3.89295882;0.05654592;0.00000000;0.00000000
915;91.50000000;0.00000000;25.83187243;34.90839564;1.57269682;1.60978495;3.89887592;0.04427439;0.00000000;0.00000000
916;91.60000000;0.00000000;25.75931423;34.83967449;1.56998629;1.61249763;3.90181370;0.04425697;0.00000000;0.00000000
917;91.70000000;0.00000000;25.68702908;34.77066811;1.56767020;1.61481563;3.90772732;0.07153890;0.00000000;0.00000000
918;91.80000000;0.00000000;25.61528897;34.70109388;1.56614043;1.61634683;3.91612148;0.08177931;0.00000000;0.00000000
919;91.90000000;0.00000000;25.54417151;34.63088280;1.56550074;1.61698752;3.92408318;0.05895142;0.00000000;0.00000000
920;92.00000000;0.00000000;25.47354846;34.56017525;1.56556149;1.61692757;3.92791176;0.01672169;0.00000000;0.00000000
921;92.10000000;0.00000000;25.40297073;34.48942171;1.56568675;1.61680307;3.92742752;-0.01185615;0.00000000;0.00000000
922;92.20000000;0.00000000;25.33227888;34.41878222;1.56565072;1.61683991;3.92554053;0.00235902;0.00000000;0.00000000
923;92.30000000;0.00000000;25.26143459;34.34829551;1.56539896;1.61709256;3.92789932;0.03982865;0.00000000;0.00000000
924;92.40000000;0.00000000;25.19107677;34.27732331;1.56583427;1.61665795;3.93350626;0.04850811;0.00000000;0.00000000
925;92.50000000;0.00000000;25.12102762;34.20604688;1.56670292;1.61578994;3.93760094;0.03625002;0.00000000;0.00000000
926;92.60000000;0.00000000;25.05125353;34.13450105;1.56795654;1.61453692;3.94075627;0.01219986;0.00000000;0.00000000
927;92.70000000;0.00000000;24.98165537;34.06278379;1.56945579;1.61303825;3.94004092;-0.02103366;0.00000000;0.00000000
928;92.80000000;0.00000000;24.91177878;33.99133764;1.57056644;1.61192821;3.93654954;-0.00874180;0.00000000;0.00000000
929;92.90000000;0.00000000;24.84168156;33.92010812;1.57136793;1.61112736;3.93829256;0.04143471;0.00000000;0.00000000
930;93.00000000;0.00000000;24.77205638;33.84842079;1.57282697;1.60966896;3.94483648;0.03708387;0.00000000;0.00000000
931;93.10000000;0.00000000;24.70289745;33.77628008;1.57493632;1.61133333;3.94570933;0.01984030;0.00000000;0.00000000
932;93.20000000;0.00000000;24.63339561;33.70446932;1.57656979;1.61119524;3.94880454;0.03704983;0.00000000;0.00000000
933;93.30000000;0.00000000;24.56468508;33.63190239;1.57929779;1.60345905;3.95311930;0.00774471;0.00000000;0.00000000
934;93.40000000;0.00000000;24.49580602;33.55949509;1.58179365;1.60096580;3.95035348;-0.01865493;0.00000000;0.00000000
935;93.50000000;0.00000000;24.42669448;33.48730867;1.58396884;1.59879291;3.94938831;0.00250543;0.00000000;0.00000000
936;93.60000000;0.00000000;24.35767527;33.41503393;1.58627179;1.59768740;3.95085457;-0.00027581;0.00000000;0.00000000
937;93.70000000;0.00000000;24.28877571;33.34264514;1.58874004;1.60265960;3.94933315;-0.02731997;0.00000000;0.00000000
938;93.80000000;0.00000000;24.21953748;33.27058136;1.57387289;1.59337312;3.94539057;-0.02584139;0.00000000;0.00000000
939;93.90000000;0.00000000;24.15006927;33.19873810;1.55249420;1.59028740;3.94416487;0.02074111;0.00000000;0.00000000
940;94.00000000;0.00000000;24.08065401;33.12684366;1.53740040;1.58853388;3.94953879;0.05295868;0.00000000;0.00000000
941;94.10000000;0.00000000;24.01196205;33.05425803;1.52970336;1.59065252;3.95475661;0.02664021;0.00000000;0.00000000
942;94.20000000;0.00000000;23.94330082;32.98164313;1.52855781;1.58684582;3.95486683;-0.00134682;0.00000000;0.00000000
943;94.30000000;0.00000000;23.87462477;32.90904225;1.53391584;1.58003443;3.95448724;-0.00780993;0.00000000;0.00000000
944;94.40000000;0.00000000;23.80590843;32.83647949;1.54567516;1.57731529;3.95330485;-0.01316870;0.00000000;0.00000000
945;94.50000000;0.00000000;23.73706088;32.76404122;1.54404969;1.57704614;3.95185350;-0.02999102;0.00000000;0.00000000
946;94.60000000;0.00000000;23.66813422;32.69167825;1.53986584;1.58320702;3.94730665;-0.07723400;0.00000000;0.00000000
947;94.70000000;0.00000000;23.59863435;32.61987275;1.54136163;1.59640414;3.93640670;-0.09203223;0.00000000;0.00000000
948;94.80000000;0.00000000;23.52814671;32.54902939;1.54794427;1.61702907;3.92890020;-0.02611621;0.00000000;0.00000000
949;94.90000000;0.00000000;23.45757304;32.47827173;1.54564401;1.64104955;3.93118346;0.02976702;0.00000000;0.00000000
950;95.00000000;0.00000000;23.38741012;32.40710771;1.54348354;1.64034142;3.93485360;0.01740330;0.00000000;0.00000000
951;95.10000000;0.00000000;23.31735777;32.33583397;1.54258340;1.63947752;3.93466412;-0.03548192;0.00000000;0.00000000
952;95.20000000;0.00000000;23.24716767;32.26469632;1.54325324;1.63880726;3.92775722;-0.05262146;0.00000000;0.00000000
953;95.30000000;0.00000000;23.17613743;32.19439700;1.54637625;1.63932382;3.92413983;-0.00652752;0.00000000;0.00000000
954;95.40000000;0.00000000;23.10543452;32.12376904;1.55638501;1.63937656;3.92645171;0.00214977;0.00000000;0.00000000
955;95.50000000;0.00000000;23.03473023;32.05314218;1.54853000;1.63943106;3.92456979;-0.05209270;0.00000000;0.00000000
956;95.60000000;0.00000000;22.96376234;31.98278119;1.54259007;1.63985992;3.91603318;-0.08604090;0.00000000;0.00000000
957;95.70000000;0.00000000;22.89186245;31.91337158;1.54083091;1.64162036;3.90736160;-0.06213858;0.00000000;0.00000000
958;95.80000000;0.00000000;22.81968452;31.84425145;1.53867076;1.64378201;3.90360546;-0.03119792;0.00000000;0.00000000
959;95.90000000;0.00000000;22.74726546;31.77538413;1.53710645;1.64629285;3.90112202;-0.00452349;0.00000000;0.00000000
960;96.00000000;0.00000000;22.67474513;31.70662337;1.54188437;1.64895060;3.90270076;0.01170071;0.00000000;0.00000000
961;96.10000000;0.00000000;22.60254366;31.63752753;1.53283319;1.65114608;3.90346216;-0.02762156;0.00000000;0.00000000
962;96.20000000;0.00000000;22.53012798;31.56865628;1.52856299;1.65365176;3.89717645;-0.07274642;0.00000000;0.00000000
963;96.30000000;0.00000000;22.45706541;31.50047525;1.52511007;1.65710263;3.88891288;-0.06719212;0.00000000;0.00000000
964;96.40000000;0.00000000;22.38352158;31.43281028;1.52095165;1.66125848;3.88373803;-0.04374843;0.00000000;0.00000000
965;96.50000000;0.00000000;22.30975550;31.36538745;1.52123811;1.66574258;3.88016319;-0.03628904;0.00000000;0.00000000
966;96.60000000;0.00000000;22.23572960;31.29824986;1.52769048;1.67061196;3.87648022;-0.04814533;0.00000000;0.00000000
967;96.70000000;0.00000000;22.16146891;31.23137224;1.52206652;1.67583104;3.87053413;-0.06621866;0.00000000;0.00000000
968;96.80000000;0.00000000;22.08665141;31.16512109;1.50489333;1.67762988;3.86323649;-0.05675954;0.00000000;0.00000000
969;96.90000000;0.00000000;22.01142255;31.09933437;1.49360186;1.65970383;3.85918222;-0.03077421;0.00000000;0.00000000
970;97.00000000;0.00000000;21.93606875;31.03369070;1.48875724;1.64784390;3.85708164;-0.02080776;0.00000000;0.00000000
971;97.10000000;0.00000000;21.86056412;30.96822056;1.49038244;1.64222155;3.85502067;-0.03076102;0.00000000;0.00000000
972;97.20000000;0.00000000;21.78494040;30.90288807;1.49850398;1.64285299;3.85092944;-0.04973397;0.00000000;0.00000000
973;97.30000000;0.00000000;21.70890374;30.83803891;1.51257031;1.64798815;3.84507387;-0.04415850;0.00000000;0.00000000
974;97.40000000;0.00000000;21.63252009;30.77359650;1.52661044;1.65589890;3.84209774;-0.01805415;0.00000000;0.00000000
975;97.50000000;0.00000000;21.55609762;30.70920010;1.52189031;1.65016789;3.84146304;-0.00582261;0.00000000;0.00000000
976;97.60000000;0.00000000;21.47963222;30.64485469;1.52365760;1.63546293;3.84093322;-0.01410036;0.00000000;0.00000000
977;97.70000000;0.00000000;21.40314156;30.58053932;1.52764452;1.62681466;3.83864297;-0.03426737;0.00000000;0.00000000
978;97.80000000;0.00000000;21.32638301;30.51654549;1.53574329;1.62469911;3.83407975;-0.03335215;0.00000000;0.00000000
979;97.90000000;0.00000000;21.24930858;30.45293087;1.54976943;1.62921650;3.83197254;-0.02525719;0.00000000;0.00000000
980;98.00000000;0.00000000;21.17228023;30.38926045;1.54401601;1.63866948;3.82902831;-0.01660577;0.00000000;0.00000000
981;98.10000000;0.00000000;21.09483279;30.32610097;1.53390307;1.63922610;3.82865139;0.02795886;0.00000000;0.00000000
982;98.20000000;0.00000000;21.01775780;30.26248974;1.52437411;1.62437896;3.83462008;0.05070674;0.00000000;0.00000000
983;98.30000000;0.00000000;20.94106966;30.19841015;1.52092355;1.61498189;3.83879274;-0.01538670;0.00000000;0.00000000
984;98.40000000;0.00000000;20.86452700;30.13415691;1.51929978;1.61151182;3.83154274;-0.07200467;0.00000000;0.00000000
985;98.50000000;0.00000000;20.78691771;30.07119591;1.52113423;1.61590506;3.82439180;-0.03318436;0.00000000;0.00000000
986;98.60000000;0.00000000;20.70946393;30.00804388;1.52975482;1.62602934;3.82490587;-0.00564847;0.00000000;0.00000000
987;98.70000000;0.00000000;20.63191967;29.94500334;1.54466450;1.63629685;3.82326211;-0.00100924;0.00000000;0.00000000
988;98.80000000;0.00000000;20.55425879;29.88210635;1.55773613;1.64674885;3.82470402;0.03438953;0.00000000;0.00000000
989;98.90000000;0.00000000;20.47689639;29.81884223;1.56765548;1.64117914;3.83014002;0.02343160;0.00000000;0.00000000
990;99.00000000;0.00000000;20.39992391;29.75510465;1.57864689;1.62774960;3.82939034;-0.03032101;0.00000000;0.00000000
991;99.10000000;0.00000000;20.32246846;29.69195802;1.57725925;1.61078252;3.82407581;-0.02143451;0.00000000;0.00000000
992;99.20000000;0.00000000;20.24482308;29.62904233;1.56684892;1.59339916;3.82510344;0.03583700;0.00000000;0.00000000
993;99.30000000;0.00000000;20.16749604;29.56573538;1.55926970;1.58164647;3.83124321;0.06790434;0.00000000;0.00000000
994;99.40000000;0.00000000;20.09062869;29.50187069;1.55879924;1.57543253;3.83868430;0.07390334;0.00000000;0.00000000
995;99.50000000;0.00000000;20.01425259;29.43742022;1.56548548;1.57478152;3.84602388;0.06372636;0.00000000;0.00000000
996;99.60000000;0.00000000;19.93833175;29.37243477;1.57917591;1.57976211;3.85142958;0.03993048;0.00000000;0.00000000
997;99.70000000;0.00000000;19.86265645;29.30716197;1.59493784;1.58711656;3.85400998;0.03916082;0.00000000;0.00000000
998;99.80000000;0.00000000;19.78707168;29.24178530;1.58771726;1.59433365;3.85926174;0.05147779;0.00000000;0.00000000
999;99.90000000;0.00000000;19.71208613;29.17572126;1.58140697;1.60410548;3.86430554;0.04748005;0.00000000;0.00000000
1000;100.00000000;0.00000000;19.63716424;29.10958506;1.57920564;1.61259101;3.86875775;0.05390508;0.00000000;0.00000000
1001;100.10000000;0.00000000;19.56277103;29.04285693;1.58411286;1.59432519;3.87508655;0.05349979;0.00000000;0.00000000
1002;100.20000000;0.00000000;19.48869227;28.97577776;1.59574413;1.57667734;3.87945771;0.05662952;0.00000000;0.00000000
1003;100.30000000;0.00000000;19.41488522;28.90840178;1.61388616;1.56482269;3.88641245;0.06666814;0.00000000;0.00000000
1004;100.40000000;0.00000000;19.34174659;28.84029871;1.62791158;1.55830828;3.89279134;0.06655298;0.00000000;0.00000000
1005;100.50000000;0.00000000;19.26880405;28.77198564;1.62463672;1.55790211;3.89972305;0.08939686;0.00000000;0.00000000
1006;100.60000000;0.00000000;19.19661770;28.70287627;1.62246000;1.56007809;3.91067071;0.09970833;0.00000000;0.00000000
1007;100.70000000;0.00000000;19.12518991;28.63298423;1.62137317;1.56116419;3.91966472;0.07437779;0.00000000;0.00000000
1008;100.80000000;0.00000000;19.05425729;28.56258662;1.62099393;1.56154263;3.92554627;0.07177081;0.00000000;0.00000000
1009;100.90000000;0.00000000;18.98365604;28.49185867;1.62672816;1.56145318;3.93401888;0.08319228;0.00000000;0.00000000
1010;101.00000000;0.00000000;18.91392633;28.42026916;1.62492276;1.56013829;3.94218472;0.06122942;0.00000000;0.00000000
1011;101.10000000;0.00000000;18.84448850;28.34839655;1.62358235;1.55841687;3.94626476;0.05655285;0.00000000;0.00000000
1012;101.20000000;0.00000000;18.77534546;28.27624061;1.62571278;1.55628670;3.95349529;0.09496542;0.00000000;0.00000000
1013;101.30000000;0.00000000;18.70695655;28.20337389;1.62887907;1.55312085;3.96525785;0.12069527;0.00000000;0.00000000
1014;101.40000000;0.00000000;18.63953184;28.12961355;1.63335904;1.54864160;3.97763435;0.10232547;0.00000000;0.00000000
1015;101.50000000;0.00000000;18.57296518;28.05507406;1.61341870;1.54300500;3.98572294;0.09183392;0.00000000;0.00000000
1016;101.60000000;0.00000000;18.50674047;27.98023038;1.59940737;1.53691169;3.99600113;0.10472137;0.00000000;0.00000000
1017;101.70000000;0.00000000;18.44172053;27.90433895;1.59315522;1.52922628;4.00666722;0.09345737;0.00000000;0.00000000
1018;101.80000000;0.00000000;18.37710754;27.82809994;1.59369445;1.52100769;4.01469260;0.09295073;0.00000000;0.00000000
1019;101.90000000;0.00000000;18.31331596;27.75117699;1.60121137;1.51172539;4.02525736;0.08866647;0.00000000;0.00000000
1020;102.00000000;0.00000000;18.25032818;27.67358993;1.61012371;1.50140599;4.03242590;0.03827359;0.00000000;0.00000000
1021;102.10000000;0.00000000;18.18764356;27.59575730;1.62552775;1.49333743;4.03291208;0.03451291;0.00000000;0.00000000
1022;102.20000000;0.00000000;18.12473101;27.51810873;1.63511769;1.49222720;4.03932848;0.08696215;0.00000000;0.00000000
1023;102.30000000;0.00000000;18.06305136;27.43947942;1.64309503;1.49622869;4.05030451;0.09608585;0.00000000;0.00000000
1024;102.40000000;0.00000000;18.00185861;27.36046893;1.63908325;1.50624938;4.05854565;0.10244189;0.00000000;0.00000000
1025;102.50000000;0.00000000;17.94148474;27.28083562;1.62701858;1.52176625;4.07079289;0.12939582;0.00000000;0.00000000
1026;102.60000000;0.00000000;17.88224692;27.20035211;1.61013517;1.54223340;4.08442481;0.09050601;0.00000000;0.00000000
1027;102.70000000;0.00000000;17.82406395;27.11909927;1.60063152;1.56756232;4.08889409;0.04694077;0.00000000;0.00000000
1028;102.80000000;0.00000000;17.76554622;27.03808714;1.59692352;1.58117963;4.09381297;0.09427953;0.00000000;0.00000000
1029;102.90000000;0.00000000;17.70816650;26.95626739;1.60085580;1.58885683;4.10775000;0.14063790;0.00000000;0.00000000
1030;103.00000000;0.00000000;17.65193136;26.87365879;1.61236604;1.59351328;4.12194055;0.13108372;0.00000000;0.00000000
1031;103.10000000;0.00000000;17.59689781;26.79024559;1.62105100;1.59326117;4.13396674;0.07965415;0.00000000;0.00000000
1032;103.20000000;0.00000000;17.54266377;26.70630552;1.60828577;1.59276137;4.13787138;0.05674153;0.00000000;0.00000000
1033;103.30000000;0.00000000;17.48828142;26.62246220;1.59964345;1.59115283;4.14531505;0.09620172;0.00000000;0.00000000
1034;103.40000000;0.00000000;17.43530294;26.53772396;1.59550146;1.58358567;4.15711172;0.08303124;0.00000000;0.00000000
1035;103.50000000;0.00000000;17.38291350;26.45262072;1.58075275;1.58161377;4.16192129;0.05302590;0.00000000;0.00000000
1036;103.60000000;0.00000000;17.33075259;26.36737685;1.56441907;1.58568170;4.16771690;0.07158454;0.00000000;0.00000000
1037;103.70000000;0.00000000;17.27935450;26.28167438;1.55524015;1.58935161;4.17623820;0.06713646;0.00000000;0.00000000
1038;103.80000000;0.00000000;17.22865383;26.19555398;1.55326602;1.58670530;4.18114419;0.03395210;0.00000000;0.00000000
1039;103.90000000;0.00000000;17.17809760;26.10934872;1.55788112;1.59017983;4.18302862;0.05382384;0.00000000;0.00000000
1040;104.00000000;0.00000000;17.12772185;26.02303781;1.54658616;1.59969401;4.19190896;0.07144288;0.00000000;0.00000000
1041;104.10000000;0.00000000;17.07870462;25.93594836;1.53596432;1.61273522;4.19731720;0.03478017;0.00000000;0.00000000
1042;104.20000000;0.00000000;17.02926553;25.84909789;1.53131757;1.62206649;4.19886500;0.03206207;0.00000000;0.00000000
1043;104.30000000;0.00000000;16.98051926;25.76185913;1.53133228;1.63667340;4.20372961;0.01820204;0.00000000;0.00000000
1044;104.40000000;0.00000000;16.93192770;25.67453217;1.52857528;1.65701567;4.20250540;-0.01231317;0.00000000;0.00000000
1045;104.50000000;0.00000000;16.88296678;25.58741089;1.53192303;1.67366777;4.20126698;0.02746270;0.00000000;0.00000000
1046;104.60000000;0.00000000;16.83415921;25.50020480;1.54082527;1.67635606;4.20799794;0.09694671;0.00000000;0.00000000
1047;104.70000000;0.00000000;16.78637550;25.41243233;1.55084550;1.65914423;4.22065632;0.12797484;0.00000000;0.00000000
1048;104.80000000;0.00000000;16.73979077;25.32401800;1.55204536;1.64531267;4.23359291;0.08913049;0.00000000;0.00000000
1049;104.90000000;0.00000000;16.69429450;25.23504017;1.52307537;1.63625061;4.23848242;0.02819449;0.00000000;0.00000000
1050;105.00000000;0.00000000;16.64857677;25.14617490;1.49612636;1.63351272;4.23923181;0.02745621;0.00000000;0.00000000
1051;105.10000000;0.00000000;16.60321414;25.05712940;1.47585983;1.63648545;4.24397366;0.02852743;0.00000000;0.00000000
1052;105.20000000;0.00000000;16.55834091;24.96783398;1.46270389;1.64498764;4.24493730;-0.01906437;0.00000000;0.00000000
1053;105.30000000;0.00000000;16.51314941;24.87870009;1.45594601;1.64825837;4.24016078;-0.01339046;0.00000000;0.00000000
1054;105.40000000;0.00000000;16.46742549;24.78983795;1.45543454;1.64172560;4.24225920;0.02629921;0.00000000;0.00000000
1055;105.50000000;0.00000000;16.42260809;24.70051444;1.46278305;1.64024617;4.24542062;0.02853410;0.00000000;0.00000000
1056;105.60000000;0.00000000;16.37744664;24.61136439;1.47649330;1.64523262;4.24796602;0.02846434;0.00000000;0.00000000
1057;105.70000000;0.00000000;16.33308481;24.52181441;1.49763290;1.62900263;4.25111349;0.02017416;0.00000000;0.00000000
1058;105.80000000;0.00000000;16.28848556;24.43238205;1.50572292;1.61128440;4.25200086;0.01484885;0.00000000;0.00000000
1059;105.90000000;0.00000000;16.24428287;24.34275378;1.50294930;1.59918433;4.25408326;-0.00477796;0.00000000;0.00000000
1060;106.00000000;0.00000000;16.20005661;24.25313673;1.50678715;1.59329876;4.25104526;-0.03397807;0.00000000;0.00000000
1061;106.10000000;0.00000000;16.15530997;24.16377832;1.51663632;1.59425121;4.24728765;-0.01295034;0.00000000;0.00000000
1062;106.20000000;0.00000000;16.11041148;24.07449619;1.53278413;1.60162062;4.24845520;-0.00181430;0.00000000;0.00000000
1063;106.30000000;0.00000000;16.06587360;23.98503348;1.54233536;1.60349866;4.24692479;-0.04435424;0.00000000;0.00000000
1064;106.40000000;0.00000000;16.02070185;23.89588880;1.54675303;1.59471820;4.23958435;-0.03799958;0.00000000;0.00000000
1065;106.50000000;0.00000000;15.97485522;23.80708917;1.55683252;1.59293219;4.23932487;0.03339188;0.00000000;0.00000000
1066;106.60000000;0.00000000;15.92963725;23.71796801;1.55890690;1.59670437;4.24626273;0.04209574;0.00000000;0.00000000
1067;106.70000000;0.00000000;15.88502736;23.62854122;1.56521996;1.59364842;4.24774402;-0.01959907;0.00000000;0.00000000
1068;106.80000000;0.00000000;15.84007383;23.53928691;1.57747018;1.57452259;4.24234291;-0.04484339;0.00000000;0.00000000
1069;106.90000000;0.00000000;15.79450068;23.45034747;1.59387153;1.56226220;4.23877534;-0.01231351;0.00000000;0.00000000
1070;107.00000000;0.00000000;15.74891147;23.36141621;1.59688155;1.55635322;4.23988021;0.00422597;0.00000000;0.00000000
1071;107.10000000;0.00000000;15.70353481;23.27237596;1.59227711;1.55661127;4.23962054;0.00529854;0.00000000;0.00000000
1072;107.20000000;0.00000000;15.65789929;23.18346812;1.58492916;1.56356035;4.24093992;0.00111977;0.00000000;0.00000000
1073;107.30000000;0.00000000;15.61275764;23.09430826;1.58152712;1.57627801;4.23984449;0.02472131;0.00000000;0.00000000
1074;107.40000000;0.00000000;15.56692725;23.00550025;1.58366154;1.59592115;4.24588418;0.06520355;0.00000000;0.00000000
1075;107.50000000;0.00000000;15.52286637;22.91580260;1.59404342;1.61959214;4.25288520;0.02900245;0.00000000;0.00000000
1076;107.60000000;0.00000000;15.47828415;22.82636207;1.60715718;1.64521426;4.25168467;-0.00280319;0.00000000;0.00000000
1077;107.70000000;0.00000000;15.43400767;22.73676977;1.58351554;1.64168235;4.25232456;-0.01800347;0.00000000;0.00000000
1078;107.80000000;0.00000000;15.38953999;22.64727233;1.56569535;1.62519926;4.24808397;-0.03957516;0.00000000;0.00000000
1079;107.90000000;0.00000000;15.34450533;22.55805890;1.55347793;1.61176378;4.24440953;-0.00297659;0.00000000;0.00000000
1080;108.00000000;0.00000000;15.29938121;22.46889079;1.54753011;1.60455235;4.24748866;0.05093879;0.00000000;0.00000000
1081;108.10000000;0.00000000;15.25489676;22.37940163;1.54873951;1.60283304;4.25459729;0.07056076;0.00000000;0.00000000
1082;108.20000000;0.00000000;15.21104469;22.28960061;1.54827716;1.60522978;4.26160081;0.07595965;0.00000000;0.00000000
1083;108.30000000;0.00000000;15.16781781;22.19949666;1.54586988;1.58771520;4.26978922;0.05325484;0.00000000;0.00000000
1084;108.40000000;0.00000000;15.12544208;22.10898928;1.54797375;1.56726188;4.27225178;0.02132753;0.00000000;0.00000000
1085;108.50000000;0.00000000;15.08265953;22.01867361;1.54702031;1.55342956;4.27405472;0.02840949;0.00000000;0.00000000
1086;108.60000000;0.00000000;15.04061084;21.92801489;1.55331927;1.54513765;4.27793367;0.03349252;0.00000000;0.00000000
1087;108.70000000;0.00000000;14.99853024;21.83737007;1.56360427;1.54332074;4.28075323;0.05622717;0.00000000;0.00000000
1088;108.80000000;0.00000000;14.95699380;21.74647642;1.56042342;1.54737030;4.28917911;0.07966126;0.00000000;0.00000000
1089;108.90000000;0.00000000;14.91644729;21.65513687;1.55789727;1.54910021;4.29668548;0.04910119;0.00000000;0.00000000
1090;109.00000000;0.00000000;14.87627943;21.56362854;1.56218836;1.54951827;4.29899935;0.03031317;0.00000000;0.00000000
1091;109.10000000;0.00000000;14.83615587;21.47210192;1.57287770;1.55347750;4.30274812;0.03270235;0.00000000;0.00000000
1092;109.20000000;0.00000000;14.79667516;21.38029485;1.58850088;1.56233665;4.30553982;0.03725379;0.00000000;0.00000000
1093;109.30000000;0.00000000;14.75706306;21.28854517;1.58841695;1.56078471;4.31019887;0.04348021;0.00000000;0.00000000
1094;109.40000000;0.00000000;14.71843947;21.19637411;1.59035969;1.55848173;4.31423586;0.04565651;0.00000000;0.00000000
1095;109.50000000;0.00000000;14.67956911;21.10430683;1.59829398;1.55708854;4.31933018;0.08788746;0.00000000;0.00000000
1096;109.60000000;0.00000000;14.64188676;21.01174740;1.60643398;1.56081849;4.33181335;0.12228825;0.00000000;0.00000000
1097;109.70000000;0.00000000;14.60532721;20.91873935;1.61769295;1.56971060;4.34378783;0.09054458;0.00000000;0.00000000
1098;109.80000000;0.00000000;14.56987247;20.82530493;1.63111946;1.56959999;4.34992227;0.02395277;0.00000000;0.00000000
1099;109.90000000;0.00000000;14.53445644;20.73185454;1.63728233;1.55463891;4.34857838;0.02438296;0.00000000;0.00000000
1100;110.00000000;0.00000000;14.49875028;20.63851466;1.63942416;1.54631610;4.35479886;0.09312114;0.00000000;0.00000000
1101;110.10000000;0.00000000;14.46450299;20.54464004;1.64917733;1.54287469;4.36720261;0.09358128;0.00000000;0.00000000
1102;110.20000000;0.00000000;14.43112305;20.45044338;1.64697498;1.54497532;4.37351512;0.07009263;0.00000000;0.00000000
1103;110.30000000;0.00000000;14.39806101;20.35613630;1.62491171;1.55318081;4.38122113;0.08659605;0.00000000;0.00000000
1104;110.40000000;0.00000000;14.36613736;20.26143825;1.60995876;1.55500774;4.39083433;0.05929361;0.00000000;0.00000000
1105;110.50000000;0.00000000;14.33489396;20.16651131;1.60183180;1.55028771;4.39307986;0.00706333;0.00000000;0.00000000
1106;110.60000000;0.00000000;14.30339526;20.07166882;1.59964911;1.55013185;4.39224699;0.02302196;0.00000000;0.00000000
1107;110.70000000;0.00000000;14.27199430;19.97679563;1.60380525;1.54057734;4.39768425;0.05703875;0.00000000;0.00000000
1108;110.80000000;0.00000000;14.24152878;19.88161618;1.61512466;1.53648837;4.40365474;0.09909898;0.00000000;0.00000000
1109;110.90000000;0.00000000;14.21126409;19.78637848;1.63269808;1.53868312;4.41750404;0.12533318;0.00000000;0.00000000
1110;111.00000000;0.00000000;14.18344619;19.69039184;1.62806873;1.54479820;4.42872138;0.07950133;0.00000000;0.00000000
1111;111.10000000;0.00000000;14.15532419;19.59449423;1.62323198;1.54625477;4.43340431;0.09019084;0.00000000;0.00000000
1112;111.20000000;0.00000000;14.12840652;19.49825135;1.62289497;1.54046274;4.44675955;0.09584470;0.00000000;0.00000000
1113;111.30000000;0.00000000;14.10285560;19.40163645;1.61640477;1.53954762;4.45257325;0.05806562;0.00000000;0.00000000
1114;111.40000000;0.00000000;14.07705874;19.30508693;1.60635722;1.54536281;4.45837267;0.06127698;0.00000000;0.00000000
1115;111.50000000;0.00000000;14.05263027;19.20818271;1.60390456;1.53924173;4.46482864;0.02180960;0.00000000;0.00000000
1116;111.60000000;0.00000000;14.02808216;19.11130818;1.60754945;1.53258722;4.46273459;0.04693970;0.00000000;0.00000000
1117;111.70000000;0.00000000;14.00324794;19.01450663;1.60913478;1.53272999;4.47421658;0.12326173;0.00000000;0.00000000
1118;111.80000000;0.00000000;13.98093217;18.91709986;1.59829161;1.53679328;4.48738694;0.08988964;0.00000000;0.00000000
1119;111.90000000;0.00000000;13.95865604;18.81967796;1.59369483;1.54727238;4.49219451;0.04385509;0.00000000;0.00000000
1120;112.00000000;0.00000000;13.93727684;18.72205644;1.59627483;1.56317795;4.49615796;0.03788172;0.00000000;0.00000000
1121;112.10000000;0.00000000;13.91577366;18.62446105;1.60495920;1.55649853;4.49977086;0.03847612;0.00000000;0.00000000
1122;112.20000000;0.00000000;13.89510047;18.52668785;1.59650248;1.55415250;4.50385318;0.00576033;0.00000000;0.00000000
1123;112.30000000;0.00000000;13.87439482;18.42892017;1.58031516;1.55538758;4.50092292;-0.01301952;0.00000000;0.00000000
1124;112.40000000;0.00000000;13.85314874;18.33126865;1.56629868;1.56041133;4.50124928;0.04386383;0.00000000;0.00000000
1125;112.50000000;0.00000000;13.83250717;18.23348871;1.55919427;1.57117402;4.50969569;0.09313980;0.00000000;0.00000000
1126;112.60000000;0.00000000;13.81291382;18.13549311;1.55954842;1.55895620;4.51987724;0.09992265;0.00000000;0.00000000
1127;112.70000000;0.00000000;13.79426742;18.03731269;1.56725136;1.55045622;4.52968022;0.07255616;0.00000000;0.00000000
1128;112.80000000;0.00000000;13.77659901;17.93895184;1.58222421;1.54737843;4.53438847;0.02996645;0.00000000;0.00000000
1129;112.90000000;0.00000000;13.75887787;17.84059985;1.58645660;1.55080147;4.53567351;0.01378988;0.00000000;0.00000000
1130;113.00000000;0.00000000;13.74146233;17.74219391;1.59075462;1.56032176;4.53714644;0.01260393;0.00000000;0.00000000
1131;113.10000000;0.00000000;13.72403100;17.64379019;1.60127441;1.57614926;4.53819429;0.03694804;0.00000000;0.00000000
1132;113.20000000;0.00000000;13.70682171;17.54534793;1.60712702;1.59333459;4.54453605;0.08332430;0.00000000;0.00000000
1133;113.30000000;0.00000000;13.69063999;17.44673181;1.59092218;1.60930248;4.55485915;0.09965176;0.00000000;0.00000000
1134;113.40000000;0.00000000;13.67546667;17.34795518;1.57572921;1.59346741;4.56446640;0.06840473;0.00000000;0.00000000
1135;113.50000000;0.00000000;13.66118259;17.24904575;1.56639530;1.58289487;4.56854010;0.01598178;0.00000000;0.00000000
1136;113.60000000;0.00000000;13.64681455;17.15014881;1.56332170;1.57867545;4.56766276;-0.00883483;0.00000000;0.00000000
1137;113.70000000;0.00000000;13.63235692;17.05126451;1.56611696;1.58086558;4.56677313;-0.01113838;0.00000000;0.00000000
1138;113.80000000;0.00000000;13.61781295;16.95239340;1.56958390;1.58864006;4.56543508;0.00842636;0.00000000;0.00000000
1139;113.90000000;0.00000000;13.60309074;16.85354805;1.57920077;1.59752100;4.56845841;0.03478480;0.00000000;0.00000000
1140;114.00000000;0.00000000;13.58914481;16.75459035;1.58955847;1.61148954;4.57239204;0.03300231;0.00000000;0.00000000
1141;114.10000000;0.00000000;13.57520077;16.65563278;1.57564188;1.62545644;4.57505887;0.04762931;0.00000000;0.00000000
1142;114.20000000;0.00000000;13.56178375;16.55660877;1.56225169;1.61916180;4.58191790;0.04186855;0.00000000;0.00000000
1143;114.30000000;0.00000000;13.54919855;16.45747005;1.55039458;1.60316916;4.58343258;-0.01281362;0.00000000;0.00000000
1144;114.40000000;0.00000000;13.53608065;16.35839860;1.54438719;1.59383149;4.57935518;-0.04336126;0.00000000;0.00000000
1145;114.50000000;0.00000000;13.52268743;16.25936598;1.54455692;1.59100764;4.57476032;-0.02807784;0.00000000;0.00000000
1146;114.60000000;0.00000000;13.50865965;16.16041918;1.55054103;1.59509357;4.57373961;0.00016394;0.00000000;0.00000000
1147;114.70000000;0.00000000;13.49506402;16.06141215;1.56333632;1.60496965;4.57479311;-0.01801026;0.00000000;0.00000000
1148;114.80000000;0.00000000;13.48124503;15.96243801;1.58124676;1.61879498;4.57013756;-0.01517790;0.00000000;0.00000000
1149;114.90000000;0.00000000;13.46672814;15.86356176;1.56673204;1.60393172;4.57175753;0.07153813;0.00000000;0.00000000
1150;115.00000000;0.00000000;13.45323034;15.76454655;1.55323681;1.59082924;4.58444519;0.09300930;0.00000000;0.00000000
1151;115.10000000;0.00000000;13.44122679;15.66533374;1.54412937;1.58242927;4.59035939;-0.00221189;0.00000000;0.00000000
1152;115.20000000;0.00000000;13.42890080;15.56616309;1.54113547;1.58064206;4.58400281;-0.04925680;0.00000000;0.00000000
1153;115.30000000;0.00000000;13.41563696;15.46711084;1.54367157;1.58610791;4.58050803;-0.00348305;0.00000000;0.00000000
1154;115.40000000;0.00000000;13.40261777;15.36802618;1.55289422;1.59757371;4.58330620;0.03127495;0.00000000;0.00000000
1155;115.50000000;0.00000000;13.38990847;15.26890133;1.56874992;1.61026885;4.58676302;0.02347777;0.00000000;0.00000000
1156;115.60000000;0.00000000;13.37757463;15.16972912;1.57789490;1.62258988;4.58800175;-0.02005433;0.00000000;0.00000000
1157;115.70000000;0.00000000;13.36511120;15.07057511;1.56541753;1.62184030;4.58275216;-0.05404183;0.00000000;0.00000000
1158;115.80000000;0.00000000;13.35173683;14.97153778;1.55202733;1.60876756;4.57719339;-0.05894988;0.00000000;0.00000000
1159;115.90000000;0.00000000;13.33817186;14.87252866;1.53844634;1.59799255;4.57096218;-0.04077299;0.00000000;0.00000000
1160;116.00000000;0.00000000;13.32356432;14.77366563;1.52892618;1.59447696;4.56903879;0.04479127;0.00000000;0.00000000
1161;116.10000000;0.00000000;13.30961878;14.67471078;1.52657390;1.59655131;4.57992043;0.09528653;0.00000000;0.00000000
1162;116.20000000;0.00000000;13.29716607;14.57555325;1.53225765;1.60336023;4.58809610;0.04876678;0.00000000;0.00000000
1163;116.30000000;0.00000000;13.28483993;14.47637991;1.54452679;1.61570264;4.58967379;0.00803698;0.00000000;0.00000000
1164;116.40000000;0.00000000;13.27270017;14.37718362;1.56328503;1.62785828;4.58970349;-0.03561184;0.00000000;0.00000000
1165;116.50000000;0.00000000;13.26038020;14.27801183;1.56076850;1.61933532;4.58255142;-0.06353287;0.00000000;0.00000000
1166;116.60000000;0.00000000;13.24682282;14.17899928;1.54723653;1.60455879;4.57699692;-0.01953412;0.00000000;0.00000000
1167;116.70000000;0.00000000;13.23340161;14.07996820;1.53470494;1.59577806;4.57864460;0.01920596;0.00000000;0.00000000
1168;116.80000000;0.00000000;13.22017060;13.98091155;1.52880956;1.59303780;4.58083811;0.02467242;0.00000000;0.00000000
1169;116.90000000;0.00000000;13.20718397;13.88182258;1.52968172;1.59631462;4.58357908;0.03015682;0.00000000;0.00000000
1170;117.00000000;0.00000000;13.19449618;13.78269493;1.53736438;1.60551727;4.58686947;0.02799902;0.00000000;0.00000000
1171;117.10000000;0.00000000;13.18216192;13.68352269;1.55181045;1.61785480;4.58917889;-0.00946742;0.00000000;0.00000000
1172;117.20000000;0.00000000;13.16993228;13.58433885;1.56993208;1.63008799;4.58497599;-0.00167534;0.00000000;0.00000000
1173;117.30000000;0.00000000;13.15676516;13.48527618;1.55676497;1.62609456;4.58884382;0.06541746;0.00000000;0.00000000
1174;117.40000000;0.00000000;13.14530295;13.38599927;1.54530314;1.61121070;4.59805948;0.05363971;0.00000000;0.00000000
1175;117.50000000;0.00000000;13.13396356;13.28670827;1.53709754;1.60230940;4.59957176;0.01787857;0.00000000;0.00000000
1176;117.60000000;0.00000000;13.12280167;13.18739716;1.53554519;1.59943552;4.60163520;0.02339663;0.00000000;0.00000000
1177;117.70000000;0.00000000;13.11187213;13.08806023;1.53582990;1.59721321;4.60425109;0.02368961;0.00000000;0.00000000
1178;117.80000000;0.00000000;13.10122997;12.98869212;1.54153927;1.60033485;4.60637312;-0.02000578;0.00000000;0.00000000
1179;117.90000000;0.00000000;13.09072224;12.88931080;1.55380241;1.60953280;4.60024993;-0.05903515;0.00000000;0.00000000
1180;118.00000000;0.00000000;13.07886402;12.79008042;1.57100565;1.62137638;4.59456609;-0.01602760;0.00000000;0.00000000
1181;118.10000000;0.00000000;13.06722712;12.69082386;1.56763064;1.63299964;4.59704441;0.02346331;0.00000000;0.00000000
1182;118.20000000;0.00000000;13.05586089;12.59153595;1.55625177;1.64435327;4.59925875;-0.02053991;0.00000000;0.00000000
1183;118.30000000;0.00000000;13.04466377;12.49222967;1.54504249;1.64396725;4.59293643;-0.06272465;0.00000000;0.00000000
1184;118.40000000;0.00000000;13.03204302;12.39309339;1.53783571;1.62674350;4.58671382;-0.02050744;0.00000000;0.00000000
1185;118.50000000;0.00000000;13.01961080;12.29393328;1.53729621;1.61533997;4.58883494;0.02535082;0.00000000;0.00000000
1186;118.60000000;0.00000000;13.00741073;12.19474436;1.54347468;1.60983651;4.59178399;0.07255893;0.00000000;0.00000000
1187;118.70000000;0.00000000;12.99556368;12.09551353;1.55641096;1.61017211;4.60334673;0.11046224;0.00000000;0.00000000
1188;118.80000000;0.00000000;12.98566045;11.99606900;1.57749448;1.61474882;4.61387643;0.06135363;0.00000000;0.00000000
1189;118.90000000;0.00000000;12.97590554;11.89660982;1.57616436;1.62451264;4.61561745;0.01874749;0.00000000;0.00000000
1190;119.00000000;0.00000000;12.96634863;11.79713141;1.56661820;1.63407812;4.61762593;-0.02510115;0.00000000;0.00000000
1191;119.10000000;0.00000000;12.95699335;11.69763415;1.55727357;1.62192517;4.61059722;-0.07243020;0.00000000;0.00000000
1192;119.20000000;0.00000000;12.94603903;11.59829991;1.54633364;1.60492811;4.60313989;-0.03033756;0.00000000;0.00000000
1193;119.30000000;0.00000000;12.93520084;11.49895293;1.53551005;1.59391043;4.60452971;0.01612043;0.00000000;0.00000000
1194;119.40000000;0.00000000;12.92452267;11.39958862;1.52606225;1.58895244;4.60636398;0.02058984;0.00000000;0.00000000
1195;119.50000000;0.00000000;12.91404901;11.30020255;1.52333253;1.59006614;4.60864768;0.02505415;0.00000000;0.00000000
1196;119.60000000;0.00000000;12.90382479;11.20079051;1.52740192;1.59719396;4.61137481;0.02947263;0.00000000;0.00000000
1197;119.70000000;0.00000000;12.89389336;11.10134879;1.53825951;1.60610695;4.61454221;0.03390319;0.00000000;0.00000000
1198;119.80000000;0.00000000;12.88429910;11.00187398;1.55292865;1.61570125;4.61815544;-0.00923042;0.00000000;0.00000000
1199;119.90000000;0.00000000;12.87508654;10.90236310;1.57116669;1.62491397;4.61269612;-0.05919576;0.00000000;0.00000000
1200;120.00000000;0.00000000;12.86440676;10.80299923;1.56442090;1.63559415;4.60631629;0.02162979;0.00000000;0.00000000
1201;120.10000000;0.00000000;12.85392526;10.70361400;1.55393706;1.64448902;4.61702208;0.10631520;0.00000000;0.00000000
1202;120.20000000;0.00000000;12.84537535;10.60404469;1.54538565;1.62147491;4.62757933;0.06061735;0.00000000;0.00000000
1203;120.30000000;0.00000000;12.83699450;10.50446030;1.53700344;1.60419840;4.62914555;0.01611622;0.00000000;0.00000000
1204;120.40000000;0.00000000;12.82875646;10.40486400;1.52876419;1.59287276;4.63080257;0.01880066;0.00000000;0.00000000
1205;120.50000000;0.00000000;12.82070568;10.30525239;1.52429524;1.58758083;4.63290568;0.02326500;0.00000000;0.00000000
1206;120.60000000;0.00000000;12.81288665;10.20562233;1.52660253;1.58833837;4.63545558;-0.01822871;0.00000000;0.00000000
1207;120.70000000;0.00000000;12.80534396;10.10597098;1.53569985;1.59509227;4.62925994;-0.06812289;0.00000000;0.00000000
1208;120.80000000;0.00000000;12.79629108;10.00644618;1.54970435;1.60413255;4.62183100;-0.03204903;0.00000000;0.00000000
1209;120.90000000;0.00000000;12.78726868;9.90691787;1.56998777;1.61314269;4.62285013;0.01472612;0.00000000;0.00000000
1210;121.00000000;0.00000000;12.77841861;9.80737410;1.57903124;1.62198115;4.62477622;0.02121054;0.00000000;0.00000000
1211;121.10000000;0.00000000;12.76977967;9.70781178;1.57038413;1.63060915;4.62709224;0.02511350;0.00000000;0.00000000
1212;121.20000000;0.00000000;12.76139078;9.60822809;1.56198757;1.62511626;4.62979892;0.06857693;0.00000000;0.00000000
1213;121.30000000;0.00000000;12.75329094;9.50862049;1.55388063;1.60365087;4.64080763;0.11076304;0.00000000;0.00000000
1214;121.40000000;0.00000000;12.74709661;9.40887791;1.54768220;1.58630223;4.65195153;0.02393427;0.00000000;0.00000000
1215;121.50000000;0.00000000;12.74121861;9.30911451;1.54180056;1.57479894;4.64559448;-0.07533803;0.00000000;0.00000000
1216;121.60000000;0.00000000;12.73375663;9.20945835;1.53433259;1.57117444;4.63688392;-0.04629332;0.00000000;0.00000000
1217;121.70000000;0.00000000;12.72614164;9.10981247;1.53270485;1.57405298;4.63633582;0.00042724;0.00000000;0.00000000
1218;121.80000000;0.00000000;12.71857032;9.01016326;1.53762826;1.58162832;4.63696937;0.00828828;0.00000000;0.00000000
1219;121.90000000;0.00000000;12.71108159;8.91050782;1.54907895;1.58912100;4.63799347;0.01219511;0.00000000;0.00000000
1220;122.00000000;0.00000000;12.70371439;8.81084332;1.56695200;1.59649205;4.63940839;0.01610526;0.00000000;0.00000000
1221;122.10000000;0.00000000;12.69650771;8.71116710;1.59106856;1.60370243;4.64121452;0.02001971;0.00000000;0.00000000
1222;122.20000000;0.00000000;12.68950057;8.61147665;1.58960667;1.61071308;4.64341234;0.01891715;0.00000000;0.00000000
1223;122.30000000;0.00000000;12.68273209;8.51176973;1.58284180;1.61748485;4.64499795;0.00713374;0.00000000;0.00000000
1224;122.40000000;0.00000000;12.67604113;8.41205754;1.57615446;1.61985390;4.64483908;-0.00596345;0.00000000;0.00000000
1225;122.50000000;0.00000000;12.66924097;8.31235275;1.56935809;1.59893349;4.64380526;-0.00905315;0.00000000;0.00000000
1226;122.60000000;0.00000000;12.66234385;8.21265462;1.56246494;1.58414970;4.64302845;-0.00581205;0.00000000;0.00000000
1227;122.70000000;0.00000000;12.65538880;8.11296051;1.55551399;1.57086402;4.64264285;-0.00190056;0.00000000;0.00000000
1228;122.80000000;0.00000000;12.64841479;8.01326772;1.55047658;1.56272949;4.64264834;0.00201025;0.00000000;0.00000000
1229;122.90000000;0.00000000;12.64146083;7.91357353;1.54840244;1.56094362;4.64304490;0.00592146;0.00000000;0.00000000
1230;123.00000000;0.00000000;12.63456590;7.81387524;1.54999784;1.56548919;4.64383263;-0.03214965;0.00000000;0.00000000
1231;123.10000000;0.00000000;12.62776901;7.71417022;1.55811275;1.57228371;4.63661497;-0.08215794;0.00000000;0.00000000
1232;123.20000000;0.00000000;12.61943583;7.61458385;1.57103021;1.58061360;4.62740105;-0.05413350;0.00000000;0.00000000
1233;123.30000000;0.00000000;12.61080286;7.51502100;1.58984242;1.58924320;4.62578827;0.02821386;0.00000000;0.00000000
1234;123.40000000;0.00000000;12.60214832;7.41546002;1.60226467;1.59789450;4.63304382;0.07627052;0.00000000;0.00000000
1235;123.50000000;0.00000000;12.59496114;7.31578438;1.59507440;1.60507943;4.64104238;0.03971843;0.00000000;0.00000000
1236;123.60000000;0.00000000;12.58790032;7.21609772;1.58801063;1.61213814;4.64098750;-0.00619025;0.00000000;0.00000000
1237;123.70000000;0.00000000;12.58070206;7.11642088;1.58080934;1.61933430;4.63980433;-0.00987672;0.00000000;0.00000000
1238;123.80000000;0.00000000;12.57340536;7.01675120;1.57350957;1.62192224;4.63901216;-0.00596786;0.00000000;0.00000000
1239;123.90000000;0.00000000;12.56604918;6.91708588;1.56615031;1.59808497;4.63861076;-0.00206085;0.00000000;0.00000000
1240;124.00000000;0.00000000;12.55867247;6.81742208;1.55877053;1.58023995;4.63859999;0.00184542;0.00000000;0.00000000
1241;124.10000000;0.00000000;12.55131414;6.71775692;1.55573269;1.56855283;4.63897984;0.00109582;0.00000000;0.00000000
1242;124.20000000;0.00000000;12.54401315;6.61808755;1.55916524;1.56312270;4.63881916;-0.00995724;0.00000000;0.00000000
1243;124.30000000;0.00000000;12.53662280;6.51842477;1.56887989;1.56416169;4.63698840;-0.02303017;0.00000000;0.00000000
1244;124.40000000;0.00000000;12.52895691;6.41878287;1.58457771;1.57183392;4.63421312;-0.02682517;0.00000000;0.00000000
1245;124.50000000;0.00000000;12.52101350;6.31916269;1.60608117;1.57977113;4.63162336;-0.02394137;0.00000000;0.00000000
1246;124.60000000;0.00000000;12.51283162;6.21956180;1.61340576;1.58793764;4.62942485;-0.02003230;0.00000000;0.00000000
1247;124.70000000;0.00000000;12.50445025;6.11997748;1.60503797;1.59630327;4.62761690;-0.01612959;0.00000000;0.00000000
1248;124.80000000;0.00000000;12.49590828;6.02040680;1.59651024;1.60482927;4.62619893;-0.01223222;0.00000000;0.00000000
1249;124.90000000;0.00000000;12.48724453;5.92084664;1.58786133;1.61347694;4.62517046;-0.00833905;0.00000000;0.00000000
1250;125.00000000;0.00000000;12.47849776;5.82129373;1.57912992;1.62220766;4.62453112;-0.00444885;0.00000000;0.00000000
1251;125.10000000;0.00000000;12.46970671;5.72174471;1.57035464;1.63098280;4.62428069;0.03303438;0.00000000;0.00000000
1252;125.20000000;0.00000000;12.46091008;5.62219619;1.56157409;1.63008547;4.63113800;0.07586987;0.00000000;0.00000000
1253;125.30000000;0.00000000;12.45348532;5.52253868;1.55416188;1.60859525;4.63945466;0.00842563;0.00000000;0.00000000
1254;125.40000000;0.00000000;12.44634563;5.42285764;1.54728166;1.59281105;4.63282312;-0.09064410;0.00000000;0.00000000
1255;125.50000000;0.00000000;12.43759985;5.32330837;1.54522957;1.58479890;4.62132584;-0.08094192;0.00000000;0.00000000
1256;125.60000000;0.00000000;12.42817018;5.22381788;1.54894836;1.58375338;4.61663474;-0.03505161;0.00000000;0.00000000
1257;125.70000000;0.00000000;12.41849043;5.12435140;1.55669222;1.58557636;4.61431552;-0.02124839;0.00000000;0.00000000
1258;125.80000000;0.00000000;12.40859938;5.02490570;1.56667176;1.59146285;4.61238506;-0.01736447;0.00000000;0.00000000
1259;125.90000000;0.00000000;12.39853568;4.92547730;1.58273994;1.60153094;4.61084262;0.01832533;0.00000000;0.00000000
1260;126.00000000;0.00000000;12.38833790;4.82606256;1.58835680;1.61173336;4.61605013;0.06124950;0.00000000;0.00000000
1261;126.10000000;0.00000000;12.37931051;4.72653730;1.57933183;1.62076450;4.62309252;0.03513754;0.00000000;0.00000000
1262;126.20000000;0.00000000;12.37051392;4.62698884;1.57053766;1.62956471;4.62307763;-0.01071440;0.00000000;0.00000000
1263;126.30000000;0.00000000;12.36148334;4.52746132;1.56150979;1.63859917;4.62094965;-0.01905551;0.00000000;0.00000000
1264;126.40000000;0.00000000;12.35226315;4.42795117;1.55229257;1.64782348;4.61926653;-0.01461021;0.00000000;0.00000000
1265;126.50000000;0.00000000;12.34289759;4.32845457;1.54293025;1.62815547;4.61802760;0.02043458;0.00000000;0.00000000
1266;126.60000000;0.00000000;12.33343085;4.22896755;1.53346701;1.61111777;4.62335345;0.06413989;0.00000000;0.00000000
1267;126.70000000;0.00000000;12.32512587;4.12937973;1.52516497;1.59898997;4.63085558;0.00698802;0.00000000;0.00000000
1268;126.80000000;0.00000000;12.31715286;4.02976191;1.51974111;1.59271753;4.62475105;-0.09136682;0.00000000;0.00000000
1269;126.90000000;0.00000000;12.30763279;3.93028471;1.51932629;1.59425539;4.61258222;-0.09079779;0.00000000;0.00000000
1270;127.00000000;0.00000000;12.29723797;3.83089049;1.52459716;1.60291100;4.60659149;-0.01540046;0.00000000;0.00000000
1271;127.10000000;0.00000000;12.28652622;3.73152990;1.53604907;1.61361372;4.60950212;0.04121915;0.00000000;0.00000000
1272;127.20000000;0.00000000;12.27671040;3.63207902;1.55473619;1.62342207;4.61483532;0.02073389;0.00000000;0.00000000
1273;127.30000000;0.00000000;12.26705906;3.53260993;1.56729791;1.63306643;4.61364890;0.00389480;0.00000000;0.00000000
1274;127.40000000;0.00000000;12.25700707;3.43318050;1.55723794;1.63431901;4.61561428;0.03285620;0.00000000;0.00000000
1275;127.50000000;0.00000000;12.24774698;3.33367616;1.54797111;1.61318351;4.62022014;0.01440506;0.00000000;0.00000000
1276;127.60000000;0.00000000;12.23861132;3.23415847;1.53882899;1.59790473;4.61849530;-0.03073450;0.00000000;0.00000000
1277;127.70000000;0.00000000;12.22900784;3.13468477;1.52921845;1.58924613;4.61407324;-0.04142803;0.00000000;0.00000000
1278;127.80000000;0.00000000;12.21899240;3.03525166;1.52411250;1.58726034;4.61020969;-0.00831656;0.00000000;0.00000000
1279;127.90000000;0.00000000;12.20862056;2.93585504;1.52519226;1.59191684;4.61240993;0.03678732;0.00000000;0.00000000
1280;128.00000000;0.00000000;12.19904298;2.83638101;1.53359356;1.60150392;4.61756716;0.02137155;0.00000000;0.00000000
1281;128.10000000;0.00000000;12.18969690;2.73688281;1.54864159;1.61085899;4.61668424;-0.02688437;0.00000000;0.00000000
1282;128.20000000;0.00000000;12.17994347;2.63742365;1.56946026;1.62062233;4.61219028;-0.05098363;0.00000000;0.00000000
1283;128.30000000;0.00000000;12.16970351;2.53801358;1.57012410;1.63087337;4.60648751;-0.03540592;0.00000000;0.00000000
1284;128.40000000;0.00000000;12.15881640;2.43867256;1.55925488;1.64177322;4.60510910;0.00052767;0.00000000;0.00000000
1285;128.50000000;0.00000000;12.14830253;2.33929209;1.54875834;1.65229898;4.60659305;-0.01378116;0.00000000;0.00000000
1286;128.60000000;0.00000000;12.13771032;2.23991938;1.53818415;1.64111449;4.60235287;-0.03261076;0.00000000;0.00000000
1287;128.70000000;0.00000000;12.12635397;2.14063097;1.52684870;1.62474499;4.60007089;-0.00514877;0.00000000;0.00000000
1288;128.80000000;0.00000000;12.11530840;2.04130814;1.51651336;1.61376599;4.60132311;-0.01493503;0.00000000;0.00000000
1289;128.90000000;0.00000000;12.10420077;1.94199177;1.51266118;1.60899341;4.59708389;-0.03424487;0.00000000;0.00000000
1290;129.00000000;0.00000000;12.09231343;1.84276557;1.51462033;1.61120415;4.59447414;0.01702227;0.00000000;0.00000000
1291;129.10000000;0.00000000;12.08068763;1.74350898;1.52340937;1.61932844;4.60048834;0.04960805;0.00000000;0.00000000
1292;129.20000000;0.00000000;12.06999468;1.64414722;1.53957445;1.59944050;4.60439575;0.01601500;0.00000000;0.00000000
1293;129.30000000;0.00000000;12.05914488;1.54480270;1.55914535;1.58391263;4.60369134;-0.01087035;0.00000000;0.00000000
1294;129.40000000;0.00000000;12.04831195;1.44545599;1.54831315;1.57456951;4.60222168;-0.02517528;0.00000000;0.00000000
1295;129.50000000;0.00000000;12.03717028;1.34614456;1.54023984;1.57184925;4.59865629;-0.02157034;0.00000000;0.00000000
1296;129.60000000;0.00000000;12.02562913;1.24687692;1.53822671;1.57587706;4.59790761;0.00572260;0.00000000;0.00000000
1297;129.70000000;0.00000000;12.01433855;1.14758038;1.54294994;1.58595351;4.59980081;-0.00927928;0.00000000;0.00000000
1298;129.80000000;0.00000000;12.00317333;1.04826963;1.55422337;1.59710439;4.59605175;-0.06145052;0.00000000;0.00000000
1299;129.90000000;0.00000000;11.99113899;0.94906436;1.57092444;1.60912280;4.58751070;-0.06088389;0.00000000;0.00000000
1300;130.00000000;0.00000000;11.97827908;0.84995881;1.57866560;1.59635951;4.58387497;-0.01331006;0.00000000;0.00000000
1301;130.10000000;0.00000000;11.96552318;0.75083984;1.57125256;1.58464273;4.58484869;0.00399294;0.00000000;0.00000000
1302;130.20000000;0.00000000;11.95285630;0.65170942;1.56956179;1.57908603;4.58467356;-0.01041879;0.00000000;0.00000000
1303;130.30000000;0.00000000;11.94006570;0.55259502;1.56869285;1.57721707;4.58276493;-0.03698565;0.00000000;0.00000000
1304;130.40000000;0.00000000;11.92702051;0.45351372;1.57392490;1.57865724;4.57727643;-0.08780824;0.00000000;0.00000000
1305;130.50000000;0.00000000;11.91314339;0.35455062;1.58461907;1.58723850;4.56520328;-0.11405784;0.00000000;0.00000000
1306;130.60000000;0.00000000;11.89770989;0.25581347;1.59797880;1.58156071;4.55446487;-0.08512086;0.00000000;0.00000000
1307;130.70000000;0.00000000;11.88170993;0.15716656;1.58322794;1.56902751;4.54817911;-0.07317879;0.00000000;0.00000000
1308;130.80000000;0.00000000;11.86503645;0.05863145;1.57401190;1.56347959;4.53982911;-0.08697877;0.00000000;0.00000000
1309;130.90000000;0.00000000;11.84739135;-0.03973475;1.57012506;1.56529460;4.53078336;-0.08846971;0.00000000;0.00000000
1310;131.00000000;0.00000000;11.82893794;-0.13795268;1.57177161;1.57428379;4.52213517;-0.08932063;0.00000000;0.00000000
1311;131.10000000;0.00000000;11.80959419;-0.23599897;1.57884964;1.56235556;4.51291923;-0.09443678;0.00000000;0.00000000
1312;131.20000000;0.00000000;11.78933380;-0.33385953;1.59125783;1.55596242;4.50324781;-0.09982336;0.00000000;0.00000000
1313;131.30000000;0.00000000;11.76809747;-0.43151250;1.58074148;1.55697184;4.49295456;-0.10602249;0.00000000;0.00000000
1314;131.40000000;0.00000000;11.74582711;-0.52893437;1.57409174;1.56543069;4.48204331;-0.11221398;0.00000000;0.00000000
1315;131.50000000;0.00000000;11.72246518;-0.62609983;1.57265154;1.58127900;4.47051177;-0.13657609;0.00000000;0.00000000
1316;131.60000000;0.00000000;11.69795427;-0.72298150;1.57237945;1.60375385;4.45472809;-0.18780641;0.00000000;0.00000000
1317;131.70000000;0.00000000;11.67153983;-0.81935140;1.57454873;1.61971316;4.43295049;-0.20443300;0.00000000;0.00000000
1318;131.80000000;0.00000000;11.64283425;-0.91507315;1.55910151;1.61820806;4.41384149;-0.16200134;0.00000000;0.00000000
1319;131.90000000;0.00000000;11.61275364;-1.01037351;1.54621515;1.62430014;4.40055022;-0.13953199;0.00000000;0.00000000
1320;132.00000000;0.00000000;11.58151361;-1.10529952;1.53850302;1.63768657;4.38593510;-0.16304746;0.00000000;0.00000000
1321;132.10000000;0.00000000;11.54866035;-1.19968079;1.53555978;1.65865973;4.36794072;-0.18569913;0.00000000;0.00000000
1322;132.20000000;0.00000000;11.51402431;-1.29342318;1.53363906;1.65491522;4.34879527;-0.19284140;0.00000000;0.00000000
1323;132.30000000;0.00000000;11.47758221;-1.38647720;1.51564859;1.65245875;4.32937245;-0.18375993;0.00000000;0.00000000
1324;132.40000000;0.00000000;11.43933273;-1.47880133;1.50215597;1.65798383;4.31204328;-0.20425077;0.00000000;0.00000000
1325;132.50000000;0.00000000;11.39968842;-1.57053589;1.49372220;1.67098007;4.28852229;-0.26755123;0.00000000;0.00000000
1326;132.60000000;0.00000000;11.35714529;-1.66094690;1.48793733;1.67188432;4.25853304;-0.27109970;0.00000000;0.00000000
1327;132.70000000;0.00000000;11.31207642;-1.75013507;1.48067154;1.66961848;4.23430235;-0.21808064;0.00000000;0.00000000
1328;132.80000000;0.00000000;11.26519795;-1.83838933;1.47050138;1.67535841;4.21491691;-0.19128198;0.00000000;0.00000000
1329;132.90000000;0.00000000;11.21670456;-1.92576588;1.46034635;1.68882451;4.19604595;-0.19366666;0.00000000;0.00000000
1330;133.00000000;0.00000000;11.16653000;-2.01218737;1.45505701;1.70992241;4.17618358;-0.20396353;0.00000000;0.00000000
1331;133.10000000;0.00000000;11.11460524;-2.09756833;1.45458575;1.73846402;4.15525325;-0.21507866;0.00000000;0.00000000
1332;133.20000000;0.00000000;11.06085828;-2.18181399;1.44989760;1.74597752;4.13316785;-0.23202298;0.00000000;0.00000000
1333;133.30000000;0.00000000;11.00521403;-2.26481891;1.44322761;1.74985860;4.10884865;-0.27068892;0.00000000;0.00000000
1334;133.40000000;0.00000000;10.94743715;-2.34634820;1.43713026;1.75044159;4.07903006;-0.30428073;0.00000000;0.00000000
1335;133.50000000;0.00000000;10.88694408;-2.42588995;1.43460335;1.75908553;4.04799251;-0.32718212;0.00000000;0.00000000
1336;133.60000000;0.00000000;10.82422082;-2.50367770;1.43619670;1.74855561;4.01359364;-0.34955339;0.00000000;0.00000000
1337;133.70000000;0.00000000;10.75840275;-2.57887325;1.44070011;1.74193286;3.97808183;-0.33484724;0.00000000;0.00000000
1338;133.80000000;0.00000000;10.69031271;-2.65201877;1.44427312;1.73836151;3.94662419;-0.32315156;0.00000000;0.00000000
1339;133.90000000;0.00000000;10.61989623;-2.72292811;1.44462101;1.73801388;3.91345152;-0.34230113;0.00000000;0.00000000
1340;134.00000000;0.00000000;10.54710627;-2.79139895;1.44634273;1.74106894;3.87816396;-0.38667901;0.00000000;0.00000000
1341;134.10000000;0.00000000;10.47186689;-2.85716435;1.45131187;1.72682725;3.83611571;-0.42462173;0.00000000;0.00000000
1342;134.20000000;0.00000000;10.39358311;-2.91927894;1.45839134;1.71700467;3.79323962;-0.43222594;0.00000000;0.00000000
1343;134.30000000;0.00000000;10.31298832;-2.97835794;1.46846487;1.71678054;3.74967053;-0.46323492;0.00000000;0.00000000
1344;134.40000000;0.00000000;10.22959967;-3.03342152;1.48039347;1.71083474;3.70059264;-0.49134180;0.00000000;0.00000000
1345;134.50000000;0.00000000;10.14360442;-3.08431728;1.49408073;1.68338700;3.65140217;-0.48819157;0.00000000;0.00000000
1346;134.60000000;0.00000000;10.05521069;-3.13092391;1.50944786;1.66635113;3.60295432;-0.46669593;0.00000000;0.00000000
1347;134.70000000;0.00000000;9.96469228;-3.17326271;1.52655187;1.65994253;3.55806298;-0.45110978;0.00000000;0.00000000
1348;134.80000000;0.00000000;9.87247625;-3.21175569;1.53950231;1.66072460;3.51273237;-0.46057199;0.00000000;0.00000000
1349;134.90000000;0.00000000;9.77849795;-3.24572487;1.53641063;1.65440693;3.46594858;-0.47897249;0.00000000;0.00000000
1350;135.00000000;0.00000000;9.68309362;-3.27543194;1.53532125;1.62465005;3.41693787;-0.49125822;0.00000000;0.00000000
1351;135.10000000;0.00000000;9.58624396;-3.30004072;1.53543583;1.60001379;3.36769694;-0.48124241;0.00000000;0.00000000
1352;135.20000000;0.00000000;9.48837886;-3.32022370;1.53751161;1.57981535;3.32068939;-0.47407165;0.00000000;0.00000000
1353;135.30000000;0.00000000;9.38964823;-3.33563173;1.54122510;1.56439943;3.27288261;-0.47867561;0.00000000;0.00000000
1354;135.40000000;0.00000000;9.29030460;-3.34637931;1.54670721;1.55364824;3.22495427;-0.47957790;0.00000000;0.00000000
1355;135.50000000;0.00000000;9.19055537;-3.35226698;1.55259832;1.54775941;3.17696703;-0.47400016;0.00000000;0.00000000
1356;135.60000000;0.00000000;9.09063725;-3.35344537;1.55377766;1.54658078;3.13015423;-0.46377312;0.00000000;0.00000000
1357;135.70000000;0.00000000;8.99077139;-3.34998167;1.55031701;1.55004385;3.08421240;-0.44749401;0.00000000;0.00000000
1358;135.80000000;0.00000000;8.89116331;-3.34198692;1.54345798;1.55803647;3.04065543;-0.32201582;0.00000000;0.00000000
1359;135.90000000;0.00000000;8.79197172;-3.32984696;1.53888740;1.57017225;3.01980924;-0.20846190;0.00000000;0.00000000
