id; s_m; d_m; x_m; y_m; d_right; d_left; psi_rad; kappa_radpm; vx_mps; ax_mps2
0;0.00000000;0.00000000;25.46195777;3.19051808;1.52222694;1.67349967;3.06254788;-0.16040188;0.00000000;0.00000000
1;0.10000000;0.00000000;25.36230087;3.19841188;1.53052804;1.64516334;3.04650770;-0.23886103;0.00000000;0.00000000
2;0.20000000;0.00000000;25.26294925;3.20949803;1.54210140;1.61703998;3.01477568;-0.31610398;0.00000000;0.00000000
3;0.30000000;0.00000000;25.16399470;3.22369616;1.55693083;1.59778501;2.98328690;-0.35017048;0.00000000;0.00000000
4;0.40000000;0.00000000;25.06554119;3.24101256;1.57168804;1.58776152;2.94474158;-0.36159041;0.00000000;0.00000000
5;0.50000000;0.00000000;24.96797248;3.26278961;1.57267144;1.58854267;2.91096882;-0.32876228;0.00000000;0.00000000
6;0.60000000;0.00000000;24.87090672;3.28671302;1.57296112;1.59778976;2.87898912;-0.32028752;0.00000000;0.00000000
7;0.70000000;0.00000000;24.77492878;3.31468193;1.57541370;1.61729134;2.84691131;-0.27031316;0.00000000;0.00000000
8;0.80000000;0.00000000;24.67959802;3.34477869;1.58197251;1.60852356;2.82492649;-0.23457478;0.00000000;0.00000000
9;0.90000000;0.00000000;24.58494480;3.37693845;1.59003565;1.58705131;2.79999636;-0.24483006;0.00000000;0.00000000
10;1.00000000;0.00000000;24.49123864;3.41174684;1.58674203;1.57445269;2.77596048;-0.23343831;0.00000000;0.00000000
11;1.10000000;0.00000000;24.39824108;3.44841736;1.58775009;1.57012948;2.75330870;-0.23163380;0.00000000;0.00000000
12;1.20000000;0.00000000;24.30621274;3.48743175;1.59250852;1.57280163;2.72963372;-0.21058014;0.00000000;0.00000000
13;1.30000000;0.00000000;24.21505460;3.52846292;1.59659829;1.56332056;2.71119267;-0.16295713;0.00000000;0.00000000
14;1.40000000;0.00000000;24.12451788;3.57084880;1.60437027;1.55478496;2.69704229;-0.12392031;0.00000000;0.00000000
15;1.50000000;0.00000000;24.03455461;3.61444434;1.61697155;1.55399055;2.68640861;-0.09229879;0.00000000;0.00000000
16;1.60000000;0.00000000;23.94493701;3.65874733;1.62353373;1.55896079;2.67858254;-0.11842468;0.00000000;0.00000000
17;1.70000000;0.00000000;23.85566651;3.70374588;1.60684372;1.56070464;2.66272367;-0.16996535;0.00000000;0.00000000
18;1.80000000;0.00000000;23.76750272;3.75086663;1.59386785;1.56666222;2.64458947;-0.14728404;0.00000000;0.00000000
19;1.90000000;0.00000000;23.67992403;3.79907171;1.58586345;1.54186001;2.63326686;-0.11193407;0.00000000;0.00000000
20;2.00000000;0.00000000;23.59284769;3.84817790;1.58310804;1.51886271;2.62220265;-0.11563313;0.00000000;0.00000000
21;2.10000000;0.00000000;23.50635832;3.89830827;1.58548064;1.50335021;2.61014024;-0.11074640;0.00000000;0.00000000
22;2.20000000;0.00000000;23.42049074;3.94950133;1.59290773;1.49560790;2.60005337;-0.12414461;0.00000000;0.00000000
23;2.30000000;0.00000000;23.33502755;4.00136783;1.60575835;1.49531264;2.58531132;-0.14408774;0.00000000;0.00000000
24;2.40000000;0.00000000;23.25070619;4.05507017;1.60265176;1.50383676;2.57123582;-0.08750820;0.00000000;0.00000000
25;2.50000000;0.00000000;23.16673714;4.10932143;1.60162939;1.51954773;2.56780968;-0.02812747;0.00000000;0.00000000
26;2.60000000;0.00000000;23.08278552;4.16360045;1.60680550;1.53811068;2.56561033;-0.02800041;0.00000000;0.00000000
27;2.70000000;0.00000000;22.99905646;4.21822018;1.61337364;1.55108830;2.56220959;-0.02137783;0.00000000;0.00000000
28;2.80000000;0.00000000;22.91547629;4.27306871;1.60945384;1.55686674;2.56133476;-0.04100052;0.00000000;0.00000000
29;2.90000000;0.00000000;22.83184408;4.32783410;1.60923114;1.56890920;2.55400949;-0.05300631;0.00000000;0.00000000
30;3.00000000;0.00000000;22.74907604;4.38390142;1.60989946;1.58038753;2.55073350;0.01659567;0.00000000;0.00000000
31;3.10000000;0.00000000;22.66580240;4.43921497;1.60394899;1.55974067;2.55732862;0.03854026;0.00000000;0.00000000
32;3.20000000;0.00000000;22.58230219;4.49418562;1.59240853;1.54003350;2.55844155;-0.02155428;0.00000000;0.00000000
33;3.30000000;0.00000000;22.49890579;4.54931357;1.58174582;1.52681894;2.55301777;-0.06430435;0.00000000;0.00000000
34;3.40000000;0.00000000;22.41600937;4.60518501;1.57646367;1.52097363;2.54558068;-0.03142158;0.00000000;0.00000000
35;3.50000000;0.00000000;22.33344296;4.66154669;1.57692104;1.52227784;2.54673345;0.02457924;0.00000000;0.00000000
36;3.60000000;0.00000000;22.25041523;4.71722870;1.58451852;1.52930972;2.55049653;-0.01125226;0.00000000;0.00000000
37;3.70000000;0.00000000;22.16742597;4.77296806;1.58123527;1.54286905;2.54448300;-0.05966627;0.00000000;0.00000000
38;3.80000000;0.00000000;22.08507454;4.82964417;1.57641195;1.54956213;2.53856328;-0.04354554;0.00000000;0.00000000
39;3.90000000;0.00000000;22.00275102;4.88636213;1.57787001;1.55915083;2.53577389;-0.03691223;0.00000000;0.00000000
40;4.00000000;0.00000000;21.92071758;4.94349642;1.58513749;1.55956829;2.53118083;-0.02665783;0.00000000;0.00000000
41;4.10000000;0.00000000;21.83891861;5.00096814;1.59823038;1.56313788;2.53044233;0.01052233;0.00000000;0.00000000
42;4.20000000;0.00000000;21.75696856;5.05822430;1.61570738;1.56854896;2.53328530;0.00256133;0.00000000;0.00000000
43;4.30000000;0.00000000;21.67484405;5.11523006;1.61463230;1.57997654;2.53095459;-0.02149569;0.00000000;0.00000000
44;4.40000000;0.00000000;21.59316188;5.17286752;1.61029459;1.58917008;2.52898616;-0.00525188;0.00000000;0.00000000
45;4.50000000;0.00000000;21.51126267;5.23019598;1.61253342;1.59443396;2.52990421;0.00068132;0.00000000;0.00000000
46;4.60000000;0.00000000;21.42947501;5.28768323;1.61222436;1.58988605;2.52912242;0.00699114;0.00000000;0.00000000
47;4.70000000;0.00000000;21.34766591;5.34513941;1.60334091;1.59157897;2.53130244;0.01033961;0.00000000;0.00000000
48;4.80000000;0.00000000;21.26562820;5.40226965;1.59289292;1.59913468;2.53119035;0.00680950;0.00000000;0.00000000
49;4.90000000;0.00000000;21.18383138;5.45974459;1.58480736;1.58664118;2.53266434;0.04119446;0.00000000;0.00000000
50;5.00000000;0.00000000;21.10162543;5.51663286;1.58030887;1.57026789;2.53942924;0.04649579;0.00000000;0.00000000
51;5.10000000;0.00000000;21.01905884;5.57299565;1.58026176;1.55950555;2.54196350;0.01829868;0.00000000;0.00000000
52;5.20000000;0.00000000;20.93656576;5.62946641;1.57496725;1.55523894;2.54308897;0.02556671;0.00000000;0.00000000
53;5.30000000;0.00000000;20.85387325;5.68564270;1.56999032;1.55703580;2.54707684;0.02476685;0.00000000;0.00000000
54;5.40000000;0.00000000;20.77093234;5.74145378;1.55569882;1.56478979;2.54804235;-0.00686750;0.00000000;0.00000000
55;5.50000000;0.00000000;20.68813044;5.79747100;1.54586737;1.57315923;2.54570334;-0.02212694;0.00000000;0.00000000
56;5.60000000;0.00000000;20.60545144;5.85366953;1.54224692;1.57628687;2.54361696;-0.01856678;0.00000000;0.00000000
57;5.70000000;0.00000000;20.52288398;5.91003180;1.54490204;1.58591997;2.54198998;-0.01365109;0.00000000;0.00000000
58;5.80000000;0.00000000;20.44038829;5.96649905;1.55387095;1.58490879;2.54088674;-0.01115347;0.00000000;0.00000000
59;5.90000000;0.00000000;20.35794540;6.02304336;1.56907858;1.58368107;2.53975929;-0.01289795;0.00000000;0.00000000
60;6.00000000;0.00000000;20.27557728;6.07969647;1.59030848;1.58888697;2.53830715;-0.01434441;0.00000000;0.00000000
61;6.10000000;0.00000000;20.19329897;6.13647997;1.58976016;1.60048974;2.53689041;-0.01263488;0.00000000;0.00000000
62;6.20000000;0.00000000;20.11109167;6.19336627;1.58448952;1.61831911;2.53578017;-0.00925583;0.00000000;0.00000000
63;6.30000000;0.00000000;20.02893962;6.25033234;1.58542027;1.61199093;2.53503924;-0.00520654;0.00000000;0.00000000
64;6.40000000;0.00000000;19.94681671;6.30734039;1.59258724;1.59534221;2.53473886;-0.00330716;0.00000000;0.00000000
65;6.50000000;0.00000000;19.86469890;6.36435581;1.57112329;1.58106758;2.53437781;0.00561339;0.00000000;0.00000000
66;6.60000000;0.00000000;19.78261718;6.42142314;1.55542334;1.57069170;2.53586154;0.03409540;0.00000000;0.00000000
67;6.70000000;0.00000000;19.70033179;6.47819376;1.54640050;1.56627933;2.54119689;0.04085957;0.00000000;0.00000000
68;6.80000000;0.00000000;19.61764582;6.53438200;1.54451862;1.56753414;2.54403346;0.00781851;0.00000000;0.00000000
69;6.90000000;0.00000000;19.53503843;6.59068574;1.54896019;1.57528452;2.54276059;-0.01045970;0.00000000;0.00000000
70;7.00000000;0.00000000;19.45249575;6.64708430;1.54965243;1.58148510;2.54194151;0.01351030;0.00000000;0.00000000
71;7.10000000;0.00000000;19.36998071;6.70352329;1.54249502;1.57941668;2.54546265;0.03273349;0.00000000;0.00000000
72;7.20000000;0.00000000;19.28704432;6.75933821;1.54255264;1.58181235;2.54848821;0.00186240;0.00000000;0.00000000
73;7.30000000;0.00000000;19.20419108;6.81527565;1.54892776;1.59064723;2.54583513;-0.00074382;0.00000000;0.00000000
74;7.40000000;0.00000000;19.12155200;6.87152987;1.56131163;1.60365702;2.54833945;0.00676094;0.00000000;0.00000000
75;7.50000000;0.00000000;19.03841825;6.92705255;1.58079766;1.60769891;2.54718732;-0.00193981;0.00000000;0.00000000
76;7.60000000;0.00000000;18.95590762;6.98349798;1.59916875;1.60074428;2.54795149;0.04170422;0.00000000;0.00000000
77;7.70000000;0.00000000;18.87268956;7.03889324;1.59259644;1.59875175;2.55552817;0.01774426;0.00000000;0.00000000
78;7.80000000;0.00000000;18.78933311;7.09408193;1.57744787;1.60275546;2.55150034;-0.07282088;0.00000000;0.00000000
79;7.90000000;0.00000000;18.70656782;7.15014320;1.56748546;1.59582193;2.54096399;-0.07958905;0.00000000;0.00000000
80;8.00000000;0.00000000;18.62439272;7.20707601;1.56280980;1.57795797;2.53558253;-0.02719606;0.00000000;0.00000000
81;8.10000000;0.00000000;18.54223096;7.26402807;1.56449777;1.56417868;2.53552478;0.00158770;0.00000000;0.00000000
82;8.20000000;0.00000000;18.46006243;7.32097037;1.57204063;1.55669835;2.53590007;0.02960424;0.00000000;0.00000000
83;8.30000000;0.00000000;18.37785794;7.37786074;1.55943754;1.55555659;2.54144563;0.06149289;0.00000000;0.00000000
84;8.40000000;0.00000000;18.29506421;7.43388734;1.54545445;1.55978781;2.54819865;0.04053211;0.00000000;0.00000000
85;8.50000000;0.00000000;18.21209888;7.48966231;1.53816022;1.56280053;2.54955205;0.00440443;0.00000000;0.00000000
86;8.60000000;0.00000000;18.12915252;7.54546546;1.53731196;1.55539223;2.54907954;-0.00446463;0.00000000;0.00000000
87;8.70000000;0.00000000;18.04623995;7.60131880;1.54289385;1.55445191;2.54865912;-0.00218457;0.00000000;0.00000000
88;8.80000000;0.00000000;17.96334053;7.65719168;1.54912989;1.55995445;2.54864262;0.03044948;0.00000000;0.00000000
89;8.90000000;0.00000000;17.88042979;7.71304776;1.56137167;1.57178887;2.55474902;0.03996198;0.00000000;0.00000000
90;9.00000000;0.00000000;17.79685480;7.76790368;1.58102763;1.58865830;2.55663502;-0.01870139;0.00000000;0.00000000
91;9.10000000;0.00000000;17.71373522;7.82344579;1.58969133;1.59249826;2.55100874;-0.03368147;0.00000000;0.00000000
92;9.20000000;0.00000000;17.63078218;7.87923903;1.58452713;1.58783844;2.54989872;-0.00107780;0.00000000;0.00000000
93;9.30000000;0.00000000;17.54778490;7.93496636;1.58574071;1.58938580;2.55079318;0.00708183;0.00000000;0.00000000
94;9.40000000;0.00000000;17.46473218;7.99061112;1.59333747;1.59710235;2.55131509;0.00550073;0.00000000;0.00000000
95;9.50000000;0.00000000;17.38167674;8.04625180;1.58292096;1.61099263;2.55189333;-0.02207951;0.00000000;0.00000000
96;9.60000000;0.00000000;17.29855973;8.10180047;1.56787690;1.62506908;2.54689919;-0.05715881;0.00000000;0.00000000
97;9.70000000;0.00000000;17.21606497;8.15826741;1.55800335;1.60849090;2.54046156;-0.03619116;0.00000000;0.00000000
98;9.80000000;0.00000000;17.13367003;8.21488160;1.55433127;1.59023329;2.53966095;-0.00231110;0.00000000;0.00000000
99;9.90000000;0.00000000;17.05126500;8.27148110;1.55710002;1.57687918;2.53999934;0.00833845;0.00000000;0.00000000
100;10.00000000;0.00000000;16.96883177;8.32803950;1.55730085;1.56974068;2.54132864;0.04237997;0.00000000;0.00000000
101;10.10000000;0.00000000;16.88627732;8.38441921;1.54900573;1.56873657;2.54847534;0.06703625;0.00000000;0.00000000
102;10.20000000;0.00000000;16.80304412;8.43979363;1.54341566;1.57288458;2.55473589;0.03116407;0.00000000;0.00000000
103;10.30000000;0.00000000;16.71978945;8.49513577;1.53721117;1.57330700;2.55470815;-0.00173861;0.00000000;0.00000000
104;10.40000000;0.00000000;16.63655933;8.55051481;1.53238312;1.56617567;2.55438817;-0.00169349;0.00000000;0.00000000
105;10.50000000;0.00000000;16.55334010;8.60591022;1.53304447;1.56542878;2.55436945;0.00758653;0.00000000;0.00000000
106;10.60000000;0.00000000;16.47011205;8.66129237;1.54022387;1.57103999;2.55590548;0.04135201;0.00000000;0.00000000
107;10.70000000;0.00000000;16.38672420;8.71643109;1.55410208;1.58266927;2.56263986;0.02991961;0.00000000;0.00000000
108;10.80000000;0.00000000;16.30275790;8.77068722;1.57516868;1.59943727;2.56188940;-0.03262844;0.00000000;0.00000000
109;10.90000000;0.00000000;16.21945174;8.82595180;1.58073089;1.59980249;2.55611417;-0.04736658;0.00000000;0.00000000
110;11.00000000;0.00000000;16.13611761;8.88117421;1.57692864;1.59520017;2.55241608;-0.04938879;0.00000000;0.00000000
111;11.10000000;0.00000000;16.05322396;8.93705242;1.57866850;1.59764431;2.54623641;-0.03443208;0.00000000;0.00000000
112;11.20000000;0.00000000;15.97057868;8.99330053;1.58627469;1.60676087;2.54552967;0.02701253;0.00000000;0.00000000
113;11.30000000;0.00000000;15.88776380;9.04929606;1.58075066;1.61976251;2.55163892;0.02361513;0.00000000;0.00000000
114;11.40000000;0.00000000;15.80443769;9.10453003;1.56947581;1.62275634;2.55025269;-0.03657859;0.00000000;0.00000000
115;11.50000000;0.00000000;15.72177718;9.16075575;1.56047157;1.61458587;2.54432320;-0.02842213;0.00000000;0.00000000
116;11.60000000;0.00000000;15.63911169;9.21697415;1.55785252;1.59584506;2.54456827;0.00396729;0.00000000;0.00000000
117;11.70000000;0.00000000;15.55642363;9.27315935;1.55961421;1.58277169;2.54511666;0.01301727;0.00000000;0.00000000
118;11.80000000;0.00000000;15.47369654;9.32928704;1.55390806;1.57587446;2.54717172;0.04596603;0.00000000;0.00000000
119;11.90000000;0.00000000;15.39077949;9.38513107;1.54690556;1.57496263;2.55430986;0.06433054;0.00000000;0.00000000
120;12.00000000;0.00000000;15.30725956;9.44007207;1.54335272;1.57930447;2.56003783;0.02925996;0.00000000;0.00000000
121;12.10000000;0.00000000;15.22370696;9.49496337;1.53233532;1.57715408;2.56016185;-0.00029981;0.00000000;0.00000000
122;12.20000000;0.00000000;15.14017341;9.54988365;1.52775906;1.57022285;2.55997787;-0.00022290;0.00000000;0.00000000
123;12.30000000;0.00000000;15.05664101;9.60480569;1.52971424;1.56964309;2.56011727;0.00795832;0.00000000;0.00000000
124;12.40000000;0.00000000;14.97309215;9.65970268;1.53820785;1.57538983;2.56156953;0.04157948;0.00000000;0.00000000
125;12.50000000;0.00000000;14.88940161;9.71438120;1.55335894;1.58716640;2.56843317;0.03364476;0.00000000;0.00000000
126;12.60000000;0.00000000;14.80510705;9.76812616;1.57580004;1.59652122;2.56829848;-0.04556128;0.00000000;0.00000000
127;12.70000000;0.00000000;14.72143044;9.82282775;1.58984435;1.60045614;2.55932091;-0.08448329;0.00000000;0.00000000
128;12.80000000;0.00000000;14.63811496;9.87807713;1.58417045;1.59660749;2.55140182;-0.06750371;0.00000000;0.00000000
129;12.90000000;0.00000000;14.55531676;9.93409601;1.58386814;1.59993735;2.54582017;-0.01142525;0.00000000;0.00000000
130;13.00000000;0.00000000;14.47262416;9.99027136;1.58967616;1.60768691;2.54911677;0.03704609;0.00000000;0.00000000
131;13.10000000;0.00000000;14.38945662;10.04574435;1.57871903;1.61449494;2.55322939;-0.01073554;0.00000000;0.00000000
132;13.20000000;0.00000000;14.30630328;10.10123862;1.56259561;1.61844407;2.54696967;-0.04200447;0.00000000;0.00000000
133;13.30000000;0.00000000;14.22383724;10.15774809;1.55153116;1.61394181;2.54482850;0.00283051;0.00000000;0.00000000
134;13.40000000;0.00000000;14.14092366;10.21359702;1.54765943;1.59508244;2.54753577;0.00209207;0.00000000;0.00000000
135;13.50000000;0.00000000;14.05815391;10.26965845;1.54998185;1.58258137;2.54524691;0.00779193;0.00000000;0.00000000
136;13.60000000;0.00000000;13.97549711;10.32588618;1.55852588;1.57653436;2.54909415;0.04505318;0.00000000;0.00000000
137;13.70000000;0.00000000;13.89229688;10.38131013;1.55143306;1.57584500;2.55425755;0.02654227;0.00000000;0.00000000
138;13.80000000;0.00000000;13.80906223;10.43668236;1.54959438;1.57670396;2.55440261;0.02101902;0.00000000;0.00000000
139;13.90000000;0.00000000;13.72584593;10.49208218;1.55416423;1.57786528;2.55846135;0.03479049;0.00000000;0.00000000
140;14.00000000;0.00000000;13.64216589;10.54677604;1.56595472;1.57139772;2.56136071;0.00141005;0.00000000;0.00000000
141;14.10000000;0.00000000;13.55863152;10.60169123;1.58371982;1.57154144;2.55874336;0.00415703;0.00000000;0.00000000
142;14.20000000;0.00000000;13.47523914;10.65682224;1.60369264;1.57828805;2.56219211;0.04148328;0.00000000;0.00000000
143;14.30000000;0.00000000;13.39132621;10.71116110;1.62206453;1.58690015;2.56704002;-0.00474659;0.00000000;0.00000000
144;14.40000000;0.00000000;13.30740164;10.76548199;1.61714562;1.58765481;2.56124279;-0.06181439;0.00000000;0.00000000
145;14.50000000;0.00000000;13.22412492;10.82078973;1.61721913;1.59586219;2.55467714;-0.05314681;0.00000000;0.00000000
146;14.60000000;0.00000000;13.14092088;10.87620794;1.62332872;1.59725775;2.55061343;-0.04423867;0.00000000;0.00000000
147;14.70000000;0.00000000;13.05809768;10.93218983;1.61347448;1.59531018;2.54582940;-0.00852921;0.00000000;0.00000000
148;14.80000000;0.00000000;12.97542905;10.98840064;1.59636525;1.59989546;2.54890759;0.03702464;0.00000000;0.00000000
149;14.90000000;0.00000000;12.89226096;11.04387280;1.58627600;1.60980093;2.55323433;-0.00857083;0.00000000;0.00000000
150;15.00000000;0.00000000;12.80910762;11.09936707;1.58242382;1.62224966;2.54719342;-0.04197649;0.00000000;0.00000000
151;15.10000000;0.00000000;12.72661650;11.15583950;1.58370094;1.61427308;2.54483904;0.01581256;0.00000000;0.00000000
152;15.20000000;0.00000000;12.64372684;11.21172372;1.59144769;1.59618059;2.55035594;0.03709608;0.00000000;0.00000000
153;15.30000000;0.00000000;12.56061694;11.26728303;1.57116503;1.58381058;2.55225825;0.00968478;0.00000000;0.00000000
154;15.40000000;0.00000000;12.47751380;11.32285245;1.55703689;1.57306058;2.55229289;0.00233556;0.00000000;0.00000000
155;15.50000000;0.00000000;12.39440005;11.37840599;1.54926288;1.56712973;2.55272536;-0.02267809;0.00000000;0.00000000
156;15.60000000;0.00000000;12.31124888;11.43390351;1.54798701;1.56749759;2.54775727;-0.03321771;0.00000000;0.00000000
157;15.70000000;0.00000000;12.22869194;11.49027964;1.55210069;1.57528162;2.54608182;0.03136855;0.00000000;0.00000000
158;15.80000000;0.00000000;12.14572896;11.54605429;1.56333063;1.57551264;2.55403098;0.08041044;0.00000000;0.00000000
159;15.90000000;0.00000000;12.06228624;11.60111082;1.58165967;1.57655192;2.56216391;0.08226184;0.00000000;0.00000000
160;16.00000000;0.00000000;11.97842641;11.65552909;1.60244863;1.57776445;2.57048335;0.03289831;0.00000000;0.00000000
161;16.10000000;0.00000000;11.89407865;11.70919003;1.61830249;1.58385894;2.56874357;-0.04041066;0.00000000;0.00000000
162;16.20000000;0.00000000;11.81040754;11.76390051;1.61359035;1.58964395;2.56240122;-0.05257502;0.00000000;0.00000000
163;16.30000000;0.00000000;11.72674701;11.81862718;1.61504503;1.59634679;2.55822857;-0.05481388;0.00000000;0.00000000
164;16.40000000;0.00000000;11.64353711;11.87403286;1.62185835;1.58800208;2.55143844;-0.04335348;0.00000000;0.00000000
165;16.50000000;0.00000000;11.56062747;11.92989056;1.60904547;1.58646995;2.54955787;0.01877503;0.00000000;0.00000000
166;16.60000000;0.00000000;11.47762568;11.98560940;1.59317373;1.59106330;2.55519345;0.01970728;0.00000000;0.00000000
167;16.70000000;0.00000000;11.39409173;12.04052909;1.58442457;1.60094316;2.55349933;-0.04314397;0.00000000;0.00000000
168;16.80000000;0.00000000;11.31127851;12.09652931;1.58065820;1.61822854;2.54656465;-0.03768562;0.00000000;0.00000000
169;16.90000000;0.00000000;11.22851428;12.15260224;1.58312047;1.61313283;2.54596221;-0.00391106;0.00000000;0.00000000
170;17.00000000;0.00000000;11.14576844;12.20870231;1.59183702;1.59431772;2.54578244;0.00404639;0.00000000;0.00000000
171;17.10000000;0.00000000;11.06302437;12.26480499;1.57365254;1.57710270;2.54677148;0.03744637;0.00000000;0.00000000
172;17.20000000;0.00000000;10.98016856;12.32074070;1.55973597;1.56589209;2.55327172;0.03062704;0.00000000;0.00000000
173;17.30000000;0.00000000;10.89670215;12.37576297;1.55324414;1.55991752;2.55289689;-0.03227519;0.00000000;0.00000000
174;17.40000000;0.00000000;10.81388774;12.43176114;1.55199979;1.56151086;2.54681668;-0.03024265;0.00000000;0.00000000
175;17.50000000;0.00000000;10.73109658;12.48779430;1.55714390;1.56952505;2.54684836;0.00336394;0.00000000;0.00000000
176;17.60000000;0.00000000;10.64827833;12.54378742;1.56870299;1.57245558;2.54748946;0.01607875;0.00000000;0.00000000
177;17.70000000;0.00000000;10.56541541;12.59971437;1.58172293;1.56916873;2.55006411;0.06997896;0.00000000;0.00000000
178;17.80000000;0.00000000;10.48231263;12.65527848;1.60006177;1.57181012;2.56148526;0.10285623;0.00000000;0.00000000
179;17.90000000;0.00000000;10.39819394;12.70929827;1.61213267;1.57894508;2.57063536;0.01929730;0.00000000;0.00000000
180;18.00000000;0.00000000;10.31408555;12.76333410;1.60889257;1.59235554;2.56534472;-0.06109943;0.00000000;0.00000000
181;18.10000000;0.00000000;10.23054449;12.81824006;1.61082102;1.59658982;2.55841547;-0.05719955;0.00000000;0.00000000
182;18.20000000;0.00000000;10.14719300;12.87343627;1.61858766;1.58867551;2.55390481;-0.05237268;0.00000000;0.00000000
183;18.30000000;0.00000000;10.06415121;12.92909328;1.60291120;1.58758654;2.54794094;-0.02028083;0.00000000;0.00000000
184;18.40000000;0.00000000;9.98146492;12.98527909;1.58711712;1.59341846;2.54984864;0.03322072;0.00000000;0.00000000
185;18.50000000;0.00000000;9.89820952;13.04062011;1.57852899;1.60445862;2.55458508;-0.00612432;0.00000000;0.00000000
186;18.60000000;0.00000000;9.81499377;13.09602076;1.57617551;1.62166834;2.54862378;-0.04557147;0.00000000;0.00000000
187;18.70000000;0.00000000;9.73240533;13.15234959;1.57903800;1.61559051;2.54547079;-0.00537926;0.00000000;0.00000000
188;18.80000000;0.00000000;9.64954211;13.20827285;1.58650627;1.59655271;2.54754792;-0.00149408;0.00000000;0.00000000
189;18.90000000;0.00000000;9.56672082;13.26425781;1.57857036;1.57995197;2.54517197;0.00380520;0.00000000;0.00000000
190;19.00000000;0.00000000;9.48412417;13.32057427;1.56494391;1.56995454;2.54830896;0.04215902;0.00000000;0.00000000
191;19.10000000;0.00000000;9.40095157;13.37603966;1.55851354;1.56525902;2.55360378;-0.00219022;0.00000000;0.00000000
192;19.20000000;0.00000000;9.31776176;13.43147925;1.55851348;1.56690953;2.54787092;-0.03637076;0.00000000;0.00000000
193;19.30000000;0.00000000;9.23523117;13.48789419;1.55972104;1.57578154;2.54632962;0.00648345;0.00000000;0.00000000
194;19.40000000;0.00000000;9.15221420;13.54358890;1.55186155;1.56645500;2.54916761;0.00806307;0.00000000;0.00000000
195;19.50000000;0.00000000;9.06936560;13.59953392;1.54642312;1.56377936;2.54794224;0.01878139;0.00000000;0.00000000
196;19.60000000;0.00000000;8.98648602;13.65543148;1.54749386;1.56743120;2.55292389;0.05121901;0.00000000;0.00000000
197;19.70000000;0.00000000;8.90308267;13.71054927;1.55593766;1.57649126;2.55818604;0.02993617;0.00000000;0.00000000
198;19.80000000;0.00000000;8.81961720;13.76557296;1.57082255;1.59167964;2.55891113;0.00270045;0.00000000;0.00000000
199;19.90000000;0.00000000;8.73613400;13.82056975;1.58661746;1.60336904;2.55872613;-0.03086045;0.00000000;0.00000000
200;20.00000000;0.00000000;8.65268888;13.87562431;1.60673261;1.59603788;2.55273903;-0.04592170;0.00000000;0.00000000
201;20.10000000;0.00000000;8.56987165;13.93161580;1.60325191;1.59607875;2.54954179;0.00746755;0.00000000;0.00000000
202;20.20000000;0.00000000;8.48678190;13.98720173;1.58874982;1.60188208;2.55423255;0.02183806;0.00000000;0.00000000
203;20.30000000;0.00000000;8.40344158;14.04241480;1.58089874;1.59799676;2.55390940;-0.03294469;0.00000000;0.00000000
204;20.40000000;0.00000000;8.32038805;14.09805423;1.57883536;1.59277091;2.54764361;-0.02420830;0.00000000;0.00000000
205;20.50000000;0.00000000;8.23774714;14.15430664;1.58235763;1.59454872;2.54906774;0.00043470;0.00000000;0.00000000
206;20.60000000;0.00000000;8.15453379;14.20971041;1.57856613;1.60155151;2.54773055;-0.00830803;0.00000000;0.00000000
207;20.70000000;0.00000000;8.07204263;14.26618431;1.57070919;1.58320331;2.54740614;0.03400966;0.00000000;0.00000000
208;20.80000000;0.00000000;7.98886591;14.32164161;1.56874915;1.56409381;2.55453248;0.02100100;0.00000000;0.00000000
209;20.90000000;0.00000000;7.90557826;14.37693409;1.55943662;1.55100621;2.55160634;-0.03222160;0.00000000;0.00000000
210;21.00000000;0.00000000;7.82272842;14.43287662;1.55346805;1.54507589;2.54808816;-0.00540391;0.00000000;0.00000000
211;21.10000000;0.00000000;7.73983389;14.48875240;1.55400133;1.54552191;2.55052555;0.00695222;0.00000000;0.00000000
212;21.20000000;0.00000000;7.65671187;14.54429069;1.55624832;1.55201372;2.54947860;0.01147434;0.00000000;0.00000000
213;21.30000000;0.00000000;7.57393378;14.60034043;1.55127103;1.56548595;2.55282042;0.05239551;0.00000000;0.00000000
214;21.40000000;0.00000000;7.49044109;14.65532281;1.55401014;1.58165149;2.55995771;0.01181043;0.00000000;0.00000000
215;21.50000000;0.00000000;7.40687009;14.71018609;1.55891622;1.58064171;2.55518251;-0.05321116;0.00000000;0.00000000
216;21.60000000;0.00000000;7.32390694;14.76596292;1.56740366;1.57726400;2.54931547;-0.03106994;0.00000000;0.00000000
217;21.70000000;0.00000000;7.24098545;14.82180302;1.58210024;1.58029180;2.54896852;0.01297613;0.00000000;0.00000000
218;21.80000000;0.00000000;7.15806039;14.87763783;1.60128060;1.58960709;2.55191070;0.04624817;0.00000000;0.00000000
219;21.90000000;0.00000000;7.07481348;14.93298787;1.59999271;1.59457907;2.55821815;0.04025036;0.00000000;0.00000000
220;22.00000000;0.00000000;6.99119070;14.98777218;1.59299286;1.59761416;2.55996077;-0.02801979;0.00000000;0.00000000
221;22.10000000;0.00000000;6.90775101;15.04283200;1.58590790;1.60720314;2.55261420;-0.03414507;0.00000000;0.00000000
222;22.20000000;0.00000000;6.82494243;15.09883886;1.58338942;1.60459570;2.55313176;0.00320938;0.00000000;0.00000000
223;22.30000000;0.00000000;6.74144443;15.15381318;1.58307879;1.60317900;2.55325607;-0.00674461;0.00000000;0.00000000
224;22.40000000;0.00000000;6.65862233;15.20979917;1.58082780;1.60548374;2.55178283;0.02474065;0.00000000;0.00000000
225;22.50000000;0.00000000;6.57528819;15.26501826;1.57508985;1.58440678;2.55820420;0.02546384;0.00000000;0.00000000
226;22.60000000;0.00000000;6.49175327;15.31993646;1.56632544;1.56413813;2.55687560;-0.02884178;0.00000000;0.00000000
227;22.70000000;0.00000000;6.40856651;15.37537655;1.55528334;1.54935564;2.55243585;-0.01051657;0.00000000;0.00000000
228;22.80000000;0.00000000;6.32552428;15.43103313;1.55036039;1.54118987;2.55477229;0.00543067;0.00000000;0.00000000
229;22.90000000;0.00000000;6.24207842;15.48608452;1.55260146;1.53875853;2.55352198;0.00603555;0.00000000;0.00000000
230;23.00000000;0.00000000;6.15917409;15.54194961;1.56028265;1.54378921;2.55597940;0.05198762;0.00000000;0.00000000
231;23.10000000;0.00000000;6.07545773;15.59659084;1.55771368;1.55378848;2.56391950;0.02027381;0.00000000;0.00000000
232;23.20000000;0.00000000;5.99167652;15.65113255;1.55558956;1.56998547;2.56003416;-0.04884693;0.00000000;0.00000000
233;23.30000000;0.00000000;5.90838853;15.70642184;1.55898919;1.57551753;2.55415012;-0.04907385;0.00000000;0.00000000
234;23.40000000;0.00000000;5.82525494;15.76194568;1.56848658;1.56997326;2.55021939;-0.04167487;0.00000000;0.00000000
235;23.50000000;0.00000000;5.74240458;15.81788776;1.58375117;1.57128933;2.54581514;-0.00295584;0.00000000;0.00000000
236;23.60000000;0.00000000;5.65976485;15.87414065;1.60242207;1.57931957;2.54962822;0.06756699;0.00000000;0.00000000
237;23.70000000;0.00000000;5.57648892;15.92945020;1.59970038;1.59247136;2.55932854;0.06507682;0.00000000;0.00000000
238;23.80000000;0.00000000;5.49277187;15.98409037;1.59918578;1.60839581;2.56264358;0.01098334;0.00000000;0.00000000
239;23.90000000;0.00000000;5.40913080;16.03884675;1.58979139;1.60456258;2.56152521;-0.00896277;0.00000000;0.00000000
240;24.00000000;0.00000000;5.32553619;16.09367404;1.58405811;1.60087484;2.56085103;-0.00500811;0.00000000;0.00000000
241;24.10000000;0.00000000;5.24196902;16.14854315;1.58457354;1.60347364;2.56052359;-0.00154959;0.00000000;0.00000000
242;24.20000000;0.00000000;5.15841032;16.20342517;1.59136600;1.61229428;2.56054111;0.00141472;0.00000000;0.00000000
243;24.30000000;0.00000000;5.07484123;16.25829135;1.58367520;1.61670129;2.56080653;-0.02899944;0.00000000;0.00000000
244;24.40000000;0.00000000;4.99125350;16.31312895;1.56781241;1.62052753;2.55474122;-0.03297875;0.00000000;0.00000000
245;24.50000000;0.00000000;4.90835610;16.36900482;1.55697082;1.61070642;2.55421078;0.03301423;0.00000000;0.00000000
246;24.60000000;0.00000000;4.82482768;16.42393034;1.55364473;1.59137471;2.56134407;0.02888142;0.00000000;0.00000000
247;24.70000000;0.00000000;4.74114159;16.47861790;1.55702945;1.57786652;2.55998707;-0.02891453;0.00000000;0.00000000
248;24.80000000;0.00000000;4.65776304;16.53376961;1.56624597;1.57117424;2.55556117;-0.00701158;0.00000000;0.00000000
249;24.90000000;0.00000000;4.57456583;16.58919476;1.54617472;1.57115629;2.55858475;0.01153336;0.00000000;0.00000000
250;25.00000000;0.00000000;4.49085402;16.64384210;1.53283239;1.57655763;2.55786784;0.00212799;0.00000000;0.00000000
251;25.10000000;0.00000000;4.40773483;16.69938750;1.52486137;1.57131535;2.55901035;0.04555684;0.00000000;0.00000000
252;25.20000000;0.00000000;4.32389896;16.75384302;1.52472691;1.56521233;2.56697921;0.02204701;0.00000000;0.00000000
253;25.30000000;0.00000000;4.23990512;16.80805669;1.53142110;1.56519370;2.56341975;-0.06884391;0.00000000;0.00000000
254;25.40000000;0.00000000;4.15646261;16.86310532;1.54358146;1.57254235;2.55321042;-0.07707308;0.00000000;0.00000000
255;25.50000000;0.00000000;4.07359313;16.91902258;1.56104117;1.58719544;2.54800513;-0.02518706;0.00000000;0.00000000
256;25.60000000;0.00000000;3.99072372;16.97493995;1.58007012;1.59178940;2.54817301;0.00372387;0.00000000;0.00000000
257;25.70000000;0.00000000;3.90783546;17.03082939;1.58433229;1.59949784;2.54874991;0.03121656;0.00000000;0.00000000
258;25.80000000;0.00000000;3.82490159;17.08665112;1.56657102;1.59771425;2.55441633;0.06290666;0.00000000;0.00000000
259;25.90000000;0.00000000;3.74138667;17.14159670;1.55609447;1.59883201;2.56133124;0.04216210;0.00000000;0.00000000
260;26.00000000;0.00000000;3.65768876;17.19626617;1.55233083;1.60229898;2.56284875;0.00538439;0.00000000;0.00000000
261;26.10000000;0.00000000;3.57400608;17.25095894;1.55497067;1.61184851;2.56240812;-0.00437842;0.00000000;0.00000000
262;26.20000000;0.00000000;3.49035638;17.30570215;1.56394936;1.61626885;2.56197306;-0.00250063;0.00000000;0.00000000
263;26.30000000;0.00000000;3.40672130;17.36046771;1.56132688;1.61549935;2.56190799;0.02933997;0.00000000;0.00000000
264;26.40000000;0.00000000;3.32307873;17.41522181;1.55189867;1.60898298;2.56784105;0.03915759;0.00000000;0.00000000
265;26.50000000;0.00000000;3.23880040;17.46899067;1.54517014;1.60749254;2.56973951;-0.01906210;0.00000000;0.00000000
266;26.60000000;0.00000000;3.15495192;17.52342590;1.54410204;1.61105656;2.56402864;-0.03659698;0.00000000;0.00000000
267;26.70000000;0.00000000;3.07129251;17.57815428;1.54689405;1.59060265;2.56242011;-0.00586479;0.00000000;0.00000000
268;26.80000000;0.00000000;2.98761821;17.63285988;1.54466435;1.57293899;2.56285568;0.00606178;0.00000000;0.00000000
269;26.90000000;0.00000000;2.90391117;17.68751535;1.53847456;1.56142859;2.56363247;0.04139736;0.00000000;0.00000000
270;27.00000000;0.00000000;2.82015199;17.74209088;1.53576878;1.55617241;2.57113515;0.04800814;0.00000000;0.00000000
271;27.10000000;0.00000000;2.73563427;17.79548420;1.52589882;1.55592547;2.57323410;-0.03223758;0.00000000;0.00000000
272;27.20000000;0.00000000;2.65164756;17.84970711;1.52155794;1.56306963;2.56468763;-0.08401355;0.00000000;0.00000000
273;27.30000000;0.00000000;2.56805541;17.90453680;1.52305462;1.56770362;2.55643139;-0.07213064;0.00000000;0.00000000
274;27.40000000;0.00000000;2.48497650;17.96013839;1.53016947;1.57139046;2.55026150;-0.01527690;0.00000000;0.00000000
275;27.50000000;0.00000000;2.40206819;18.01599477;1.54343638;1.58170480;2.55337601;0.03842194;0.00000000;0.00000000
276;27.60000000;0.00000000;2.31864268;18.07107904;1.56390194;1.57603748;2.55794589;0.02320908;0.00000000;0.00000000
277;27.70000000;0.00000000;2.23522578;18.12617635;1.58008704;1.57432473;2.55801782;0.00274065;0.00000000;0.00000000
278;27.80000000;0.00000000;2.15179235;18.18124861;1.57403544;1.57892250;2.55849402;-0.01565514;0.00000000;0.00000000
279;27.90000000;0.00000000;2.06832302;18.23626644;1.57438668;1.58974120;2.55488679;-0.03328743;0.00000000;0.00000000
280;28.00000000;0.00000000;1.98529063;18.29193815;1.58028853;1.60602256;2.55183654;0.01471851;0.00000000;0.00000000
281;28.10000000;0.00000000;1.90216054;18.34746279;1.57192463;1.60142854;2.55783050;0.07454987;0.00000000;0.00000000
282;28.20000000;0.00000000;1.81846584;18.40213574;1.55614637;1.59544749;2.56674651;0.09152373;0.00000000;0.00000000
283;28.30000000;0.00000000;1.73435749;18.45617014;1.54744107;1.59495875;2.57613524;0.04265409;0.00000000;0.00000000
284;28.40000000;0.00000000;1.64965032;18.50926239;1.54628421;1.59765405;2.57527733;-0.03919189;0.00000000;0.00000000
285;28.50000000;0.00000000;1.56563450;18.56344122;1.55029723;1.57661070;2.56829686;-0.03785644;0.00000000;0.00000000
286;28.60000000;0.00000000;1.48167678;18.61771086;1.56060980;1.55641669;2.56770604;-0.00261334;0.00000000;0.00000000
287;28.70000000;0.00000000;1.39772467;18.67198917;1.55646706;1.54246051;2.56777420;0.01098130;0.00000000;0.00000000
288;28.80000000;0.00000000;1.31375955;18.72624735;1.54530044;1.53487804;2.56990230;0.04205337;0.00000000;0.00000000
289;28.90000000;0.00000000;1.22957875;18.78016685;1.53913698;1.53338630;2.57618487;0.02470658;0.00000000;0.00000000
290;29.00000000;0.00000000;1.14493922;18.83336531;1.54030815;1.53755117;2.57484362;-0.03359908;0.00000000;0.00000000
291;29.10000000;0.00000000;1.06090179;18.88751143;1.54550578;1.54928482;2.56946505;-0.05187292;0.00000000;0.00000000
292;29.20000000;0.00000000;0.97683872;18.94161772;1.55238833;1.56164704;2.56446903;-0.05812918;0.00000000;0.00000000
293;29.30000000;0.00000000;0.89334768;18.99660006;1.56460376;1.56933265;2.55783922;-0.02539650;0.00000000;0.00000000
294;29.40000000;0.00000000;0.81000940;19.05181621;1.58277766;1.58067257;2.55938973;0.02948089;0.00000000;0.00000000
295;29.50000000;0.00000000;0.72634881;19.10653901;1.59736838;1.58419649;2.56373540;0.00544606;0.00000000;0.00000000
296;29.60000000;0.00000000;0.64253538;19.16102773;1.59277114;1.57465372;2.56047894;-0.04027241;0.00000000;0.00000000
297;29.70000000;0.00000000;0.55923124;19.21629538;1.59351112;1.57235597;2.55568091;-0.02435493;0.00000000;0.00000000
298;29.80000000;0.00000000;0.47594296;19.27158691;1.60047879;1.57643605;2.55560796;0.00127263;0.00000000;0.00000000
299;29.90000000;0.00000000;0.39264689;19.32686671;1.59792251;1.58680239;2.55593544;0.02586747;0.00000000;0.00000000
300;30.00000000;0.00000000;0.30932241;19.38210368;1.58233150;1.60329648;2.56078145;0.04271639;0.00000000;0.00000000
301;30.10000000;0.00000000;0.22549626;19.43657243;1.57386806;1.60917335;2.56447872;-0.00105090;0.00000000;0.00000000
302;30.20000000;0.00000000;0.14176729;19.49119067;1.57155186;1.60250113;2.56057127;-0.03340378;0.00000000;0.00000000
303;30.30000000;0.00000000;0.05836759;19.54631400;1.57498653;1.60265400;2.55779796;-0.01061248;0.00000000;0.00000000
304;30.40000000;0.00000000;-0.02505881;19.60139691;1.57699737;1.60898191;2.55844878;0.00873372;0.00000000;0.00000000
305;30.50000000;0.00000000;-0.10853018;19.65641164;1.56940249;1.62137974;2.55954471;0.05912953;0.00000000;0.00000000
306;30.60000000;0.00000000;-0.19207712;19.71131156;1.56803931;1.63965530;2.57027468;0.11002698;0.00000000;0.00000000
307;30.70000000;0.00000000;-0.27670758;19.76452104;1.56246716;1.61787671;2.58155010;0.04242609;0.00000000;0.00000000
308;30.80000000;0.00000000;-0.36147119;19.81752314;1.55851421;1.59538717;2.57875990;-0.03549770;0.00000000;0.00000000
309;30.90000000;0.00000000;-0.44580360;19.87120419;1.56016357;1.57793900;2.57445056;-0.01111856;0.00000000;0.00000000
310;31.00000000;0.00000000;-0.53010541;19.92493367;1.56591680;1.56674467;2.57653619;-0.00196701;0.00000000;0.00000000
311;31.10000000;0.00000000;-0.61466169;19.97826292;1.56272973;1.56140720;2.57405716;-0.03619253;0.00000000;0.00000000
312;31.20000000;0.00000000;-0.69869792;20.03241089;1.56496307;1.56342966;2.56929768;-0.02556099;0.00000000;0.00000000
313;31.30000000;0.00000000;-0.78274408;20.08654347;1.57200482;1.56433244;2.56894496;-0.03259916;0.00000000;0.00000000
314;31.40000000;0.00000000;-0.86674209;20.14075071;1.58079868;1.55507432;2.56277785;-0.04835000;0.00000000;0.00000000
315;31.50000000;0.00000000;-0.95011264;20.19591478;1.59469208;1.55335692;2.55927496;-0.00980351;0.00000000;0.00000000
316;31.60000000;0.00000000;-1.03372728;20.25070813;1.61509850;1.55762251;2.56081715;-0.00440456;0.00000000;0.00000000
317;31.70000000;0.00000000;-1.11726719;20.30561454;1.62010444;1.56839609;2.55839405;0.00310419;0.00000000;0.00000000
318;31.80000000;0.00000000;-1.20061529;20.36081244;1.61241082;1.58575403;2.56143799;0.03885376;0.00000000;0.00000000
319;31.90000000;0.00000000;-1.28448985;20.41521052;1.60475767;1.58794618;2.56616480;-0.01066457;0.00000000;0.00000000
320;32.00000000;0.00000000;-1.36835763;20.46961904;1.60330095;1.58166150;2.55930507;-0.04150526;0.00000000;0.00000000
321;32.10000000;0.00000000;-1.45147787;20.52516259;1.60298391;1.58304111;2.55786375;0.00423874;0.00000000;0.00000000
322;32.20000000;0.00000000;-1.53518735;20.57981192;1.60353701;1.58964937;2.56015282;0.00337265;0.00000000;0.00000000
323;32.30000000;0.00000000;-1.61855960;20.63497342;1.59649596;1.60308399;2.55853828;0.00668117;0.00000000;0.00000000
324;32.40000000;0.00000000;-1.70209114;20.68989209;1.59151496;1.61094996;2.56148905;0.00338753;0.00000000;0.00000000
325;32.50000000;0.00000000;-1.78578766;20.74456074;1.58007984;1.61357054;2.55921578;-0.02704465;0.00000000;0.00000000
326;32.60000000;0.00000000;-1.86907079;20.79986002;1.57416587;1.61100481;2.55608012;0.02211635;0.00000000;0.00000000
327;32.70000000;0.00000000;-1.95242396;20.85505324;1.57471658;1.61450973;2.56363905;0.07339663;0.00000000;0.00000000
328;32.80000000;0.00000000;-2.03653355;20.90908720;1.58297499;1.60939093;2.57075945;0.06153843;0.00000000;0.00000000
329;32.90000000;0.00000000;-2.12066445;20.96308798;1.57449661;1.58565699;2.57594674;0.04184578;0.00000000;0.00000000
330;33.00000000;0.00000000;-2.20532847;21.01624542;1.56094648;1.56696341;2.57912861;-0.01630973;0.00000000;0.00000000
331;33.10000000;0.00000000;-2.28979957;21.06970863;1.55336194;1.55138584;2.57268479;-0.06970654;0.00000000;0.00000000
332;33.20000000;0.00000000;-2.37377229;21.12395325;1.53960785;1.54030457;2.56518730;-0.05573915;0.00000000;0.00000000
333;33.30000000;0.00000000;-2.45743393;21.17867815;1.53144595;1.53623689;2.56153697;-0.02525182;0.00000000;0.00000000
334;33.40000000;0.00000000;-2.54100920;21.23353490;1.52962971;1.53882482;2.56013693;-0.01239272;0.00000000;0.00000000
335;33.50000000;0.00000000;-2.62451730;21.28849387;1.53421689;1.54799995;2.55905842;-0.00868548;0.00000000;0.00000000
336;33.60000000;0.00000000;-2.70797407;21.34353078;1.54201817;1.56361784;2.55839984;-0.00432987;0.00000000;0.00000000
337;33.70000000;0.00000000;-2.79140971;21.39859969;1.55317515;1.56791119;2.55819245;0.01835521;0.00000000;0.00000000
338;33.80000000;0.00000000;-2.87484363;21.45367121;1.57062555;1.56048777;2.56207088;0.03772956;0.00000000;0.00000000
339;33.90000000;0.00000000;-2.95870210;21.50809008;1.59491507;1.55867232;2.56573836;-0.00140256;0.00000000;0.00000000
340;34.00000000;0.00000000;-3.04253583;21.56254692;1.59474037;1.56330588;2.56179037;-0.03840337;0.00000000;0.00000000
341;34.10000000;0.00000000;-3.12596382;21.61762742;1.59214815;1.57502315;2.55805769;-0.01789583;0.00000000;0.00000000
342;34.20000000;0.00000000;-3.20939056;21.67270984;1.59582440;1.59294252;2.55821120;0.00365974;0.00000000;0.00000000
343;34.30000000;0.00000000;-3.29283546;21.72776472;1.59705525;1.59246631;2.55878963;0.03674248;0.00000000;0.00000000
344;34.40000000;0.00000000;-3.37632586;21.78275059;1.58212603;1.58765902;2.56555970;0.04518923;0.00000000;0.00000000
345;34.50000000;0.00000000;-3.46050772;21.83667008;1.57081291;1.58786867;2.56782748;-0.01551495;0.00000000;0.00000000
346;34.60000000;0.00000000;-3.54424544;21.89127592;1.56499605;1.59517230;2.56245671;-0.01550650;0.00000000;0.00000000
347;34.70000000;0.00000000;-3.62784409;21.94609705;1.56529802;1.60892012;2.56472618;0.04719944;0.00000000;0.00000000
348;34.80000000;0.00000000;-3.71182793;22.00032169;1.57267664;1.61590703;2.57189660;0.06169954;0.00000000;0.00000000
349;34.90000000;0.00000000;-3.79620413;22.05393837;1.56796318;1.61464486;2.57706609;0.05644667;0.00000000;0.00000000
350;35.00000000;0.00000000;-3.88074483;22.10729225;1.55340904;1.61052361;2.58318593;0.02283116;0.00000000;0.00000000
351;35.10000000;0.00000000;-3.96577020;22.15987175;1.54611104;1.61168853;2.58163232;-0.03846248;0.00000000;0.00000000
352;35.20000000;0.00000000;-4.05014608;22.21348893;1.54403552;1.60231172;2.57549343;-0.06011182;0.00000000;0.00000000
353;35.30000000;0.00000000;-4.13452024;22.26710883;1.54842185;1.57880256;2.56960995;-0.06560090;0.00000000;0.00000000
354;35.40000000;0.00000000;-4.21825826;22.32171440;1.55805598;1.56251422;2.56237325;-0.04379386;0.00000000;0.00000000
355;35.50000000;0.00000000;-4.30184755;22.37654982;1.55404572;1.54976356;2.56085118;-0.00828405;0.00000000;0.00000000
356;35.60000000;0.00000000;-4.38542007;22.43141078;1.55196546;1.54021211;2.56071644;-0.00065274;0.00000000;0.00000000
357;35.70000000;0.00000000;-4.46899458;22.48626872;1.55632094;1.53711309;2.56072064;-0.00178601;0.00000000;0.00000000
358;35.80000000;0.00000000;-4.55256756;22.54112898;1.56705218;1.54051183;2.56035924;-0.00442541;0.00000000;0.00000000
359;35.90000000;0.00000000;-4.63610239;22.59604731;1.58396424;1.55043172;2.55983555;-0.00327450;0.00000000;0.00000000
360;36.00000000;0.00000000;-4.71961787;22.65099508;1.60417130;1.56671528;2.55970434;0.02509477;0.00000000;0.00000000
361;36.10000000;0.00000000;-4.80313829;22.70593533;1.61896075;1.56599744;2.56485451;0.05788830;0.00000000;0.00000000
362;36.20000000;0.00000000;-4.88721402;22.76001912;1.60219076;1.55817109;2.57128200;0.03618514;0.00000000;0.00000000
363;36.30000000;0.00000000;-4.97143377;22.81388122;1.59179866;1.55647391;2.57209153;-0.00172646;0.00000000;0.00000000
364;36.40000000;0.00000000;-5.05559822;22.86782962;1.58754322;1.56129182;2.57093671;-0.01127946;0.00000000;0.00000000
365;36.50000000;0.00000000;-5.13969333;22.92188608;1.58944785;1.57259056;2.56983564;-0.00920658;0.00000000;0.00000000
366;36.60000000;0.00000000;-5.22373881;22.97601971;1.59752696;1.59019612;2.56909539;-0.00544016;0.00000000;0.00000000
367;36.70000000;0.00000000;-5.30775381;23.03020063;1.59236236;1.58505822;2.56874761;-0.00129955;0.00000000;0.00000000
368;36.80000000;0.00000000;-5.39176161;23.08439271;1.57773227;1.58005140;2.56883548;0.00021072;0.00000000;0.00000000
369;36.90000000;0.00000000;-5.47578613;23.13855886;1.56937733;1.58133046;2.56878975;0.01235837;0.00000000;0.00000000
370;37.00000000;0.00000000;-5.55978897;23.19275861;1.56732706;1.58895064;2.57130716;0.04163371;0.00000000;0.00000000
371;37.10000000;0.00000000;-5.64408356;23.24650002;1.57218756;1.60224602;2.57711650;0.04189607;0.00000000;0.00000000
372;37.20000000;0.00000000;-5.72871043;23.29972014;1.58225168;1.60783678;2.57968637;0.00852555;0.00000000;0.00000000
373;37.30000000;0.00000000;-5.81328171;23.35302858;1.57642063;1.61571941;2.57882161;-0.00654946;0.00000000;0.00000000
374;37.40000000;0.00000000;-5.89781643;23.40639499;1.57188731;1.62493622;2.57837648;-0.02226785;0.00000000;0.00000000
375;37.50000000;0.00000000;-5.98234022;23.45977871;1.56513215;1.61057047;2.57436804;-0.06887970;0.00000000;0.00000000
376;37.60000000;0.00000000;-6.06644357;23.51382058;1.54797183;1.59084236;2.56460054;-0.08332483;0.00000000;0.00000000
377;37.70000000;0.00000000;-6.14990594;23.56884353;1.53596680;1.57838202;2.55770307;-0.03136112;0.00000000;0.00000000
378;37.80000000;0.00000000;-6.23325541;23.62404014;1.53020402;1.56742490;2.55832831;-0.01588397;0.00000000;0.00000000
379;37.90000000;0.00000000;-6.31678748;23.67895931;1.53129306;1.56131231;2.55452628;-0.01742470;0.00000000;0.00000000
380;38.00000000;0.00000000;-6.39971584;23.73478880;1.53780286;1.56268006;2.55484337;0.02761350;0.00000000;0.00000000
381;38.10000000;0.00000000;-6.48328427;23.78965600;1.55188290;1.56927400;2.56004898;0.01861162;0.00000000;0.00000000
382;38.20000000;0.00000000;-6.56678957;23.84461922;1.57209424;1.56718887;2.55856570;-0.01624749;0.00000000;0.00000000
383;38.30000000;0.00000000;-6.65019480;23.89973406;1.59202700;1.56889963;2.55679948;-0.01657004;0.00000000;0.00000000
384;38.40000000;0.00000000;-6.73350540;23.95499188;1.59799768;1.57138171;2.55525169;-0.01114378;0.00000000;0.00000000
385;38.50000000;0.00000000;-6.81673966;24.01036467;1.59404413;1.58013429;2.55457072;0.02249019;0.00000000;0.00000000
386;38.60000000;0.00000000;-6.89997453;24.06573565;1.59635546;1.58594612;2.55974973;0.02014700;0.00000000;0.00000000
387;38.70000000;0.00000000;-6.98377789;24.12024336;1.59660513;1.59100193;2.55860012;-0.04322144;0.00000000;0.00000000
388;38.80000000;0.00000000;-7.06688492;24.17580536;1.58626536;1.58340984;2.55110544;-0.04538637;0.00000000;0.00000000
389;38.90000000;0.00000000;-7.14986184;24.23156304;1.57176750;1.58234561;2.54952285;-0.01122201;0.00000000;0.00000000
390;39.00000000;0.00000000;-7.23279332;24.28738830;1.56345841;1.58766948;2.54886104;-0.00510463;0.00000000;0.00000000
391;39.10000000;0.00000000;-7.31569638;24.34325577;1.56146745;1.59928743;2.54850192;-0.00186439;0.00000000;0.00000000
392;39.20000000;0.00000000;-7.39858775;24.39914059;1.56584861;1.61703450;2.54848816;0.00190638;0.00000000;0.00000000
393;39.30000000;0.00000000;-7.48148927;24.45501034;1.57080753;1.61847106;2.54888320;-0.01595983;0.00000000;0.00000000
394;39.40000000;0.00000000;-7.56442477;24.51082965;1.56394573;1.61384794;2.54529619;-0.03377072;0.00000000;0.00000000
395;39.50000000;0.00000000;-7.64692197;24.56729176;1.56268126;1.61618709;2.54212906;0.00749587;0.00000000;0.00000000
396;39.60000000;0.00000000;-7.72950041;24.62363403;1.56794739;1.62223577;2.54679537;0.04427648;0.00000000;0.00000000
397;39.70000000;0.00000000;-7.81252233;24.67932471;1.55901130;1.60289815;2.55098435;0.02495448;0.00000000;0.00000000
398;39.80000000;0.00000000;-7.89557174;24.73497439;1.54205950;1.58713689;2.55178626;-0.01252818;0.00000000;0.00000000
399;39.90000000;0.00000000;-7.97868287;24.79053186;1.53156976;1.57745471;2.54847872;-0.06663816;0.00000000;0.00000000
400;40.00000000;0.00000000;-8.06136158;24.84672918;1.52679204;1.56909625;2.53845863;-0.10164875;0.00000000;0.00000000
401;40.10000000;0.00000000;-8.14333915;24.90393847;1.52732144;1.56795953;2.52814897;-0.06716942;0.00000000;0.00000000
402;40.20000000;0.00000000;-8.22484237;24.96182900;1.53355182;1.57401434;2.52502474;0.02069718;0.00000000;0.00000000
403;40.30000000;0.00000000;-8.30646386;25.01955153;1.52474439;1.58615542;2.53228840;0.04379665;0.00000000;0.00000000
404;40.40000000;0.00000000;-8.38879946;25.07625199;1.52081820;1.60322564;2.53378408;-0.01569064;0.00000000;0.00000000
405;40.50000000;0.00000000;-8.47059322;25.13373008;1.52250974;1.61730263;2.52915027;-0.02918355;0.00000000;0.00000000
406;40.60000000;0.00000000;-8.55239975;25.19119109;1.53076347;1.63599726;2.52794737;-0.02882668;0.00000000;0.00000000
407;40.70000000;0.00000000;-8.63405484;25.24886570;1.54519545;1.64682985;2.52338494;-0.05547847;0.00000000;0.00000000
408;40.80000000;0.00000000;-8.71533330;25.30707053;1.56150254;1.64450534;2.51685167;-0.00913436;0.00000000;0.00000000
409;40.90000000;0.00000000;-8.79622856;25.36580765;1.56265048;1.64890638;2.52155807;0.05165716;0.00000000;0.00000000
410;41.00000000;0.00000000;-8.87805119;25.42324479;1.55940176;1.65774546;2.52718310;0.01874340;0.00000000;0.00000000
411;41.10000000;0.00000000;-8.95960165;25.48106782;1.56208399;1.64153247;2.52530675;-0.00336241;0.00000000;0.00000000
412;41.20000000;0.00000000;-9.04120831;25.53881172;1.55002503;1.62465505;2.52651062;-0.00067909;0.00000000;0.00000000
413;41.30000000;0.00000000;-9.12289798;25.59643838;1.54169617;1.61089254;2.52517093;-0.02889225;0.00000000;0.00000000
414;41.40000000;0.00000000;-9.20434993;25.65440094;1.53719697;1.60366829;2.52073217;-0.01712823;0.00000000;0.00000000
415;41.50000000;0.00000000;-9.28552504;25.71275069;1.52275857;1.60313532;2.52174528;0.02116524;0.00000000;0.00000000
416;41.60000000;0.00000000;-9.36709392;25.77054784;1.51547198;1.60815009;2.52496522;0.02169418;0.00000000;0.00000000
417;41.70000000;0.00000000;-9.44864301;25.82837357;1.51472760;1.61936720;2.52608412;0.02789134;0.00000000;0.00000000
418;41.80000000;0.00000000;-9.53034042;25.88598761;1.51547505;1.63637167;2.53054348;0.03574061;0.00000000;0.00000000
419;41.90000000;0.00000000;-9.61240208;25.94308380;1.51013993;1.64872147;2.53323224;0.03994521;0.00000000;0.00000000
420;42.00000000;0.00000000;-9.69440915;26.00025838;1.50915160;1.63121488;2.53853253;0.05889677;0.00000000;0.00000000
421;42.10000000;0.00000000;-9.77707104;26.05648121;1.51185406;1.61253918;2.54501159;0.03759876;0.00000000;0.00000000
422;42.20000000;0.00000000;-9.85981207;26.11258836;1.52127511;1.59976397;2.54605228;-0.00032022;0.00000000;0.00000000
423;42.30000000;0.00000000;-9.94259120;26.16863928;1.53722036;1.59310350;2.54494755;-0.03098509;0.00000000;0.00000000
424;42.40000000;0.00000000;-10.02520703;26.22492841;1.55583332;1.59299106;2.53985526;-0.03787903;0.00000000;0.00000000
425;42.50000000;0.00000000;-10.10741101;26.28181947;1.54804242;1.59986645;2.53737175;0.02858770;0.00000000;0.00000000
426;42.60000000;0.00000000;-10.18974726;26.33851897;1.54096661;1.59918376;2.54557280;0.08823498;0.00000000;0.00000000
427;42.70000000;0.00000000;-10.27287214;26.39405334;1.52864865;1.59332218;2.55501874;0.05320713;0.00000000;0.00000000
428;42.80000000;0.00000000;-10.35626462;26.44918724;1.51065857;1.59324074;2.55621422;0.00262642;0.00000000;0.00000000
429;42.90000000;0.00000000;-10.43952256;26.50452304;1.49889136;1.59966158;2.55554402;0.03609312;0.00000000;0.00000000
430;43.00000000;0.00000000;-10.52283814;26.55976672;1.49384532;1.61215965;2.56343285;0.09264721;0.00000000;0.00000000
431;43.10000000;0.00000000;-10.60695923;26.61378242;1.49694594;1.62926564;2.57407347;0.08925811;0.00000000;0.00000000
432;43.20000000;0.00000000;-10.69143466;26.66724263;1.50734096;1.61342319;2.58128447;0.07633258;0.00000000;0.00000000
433;43.30000000;0.00000000;-10.77632586;26.72003947;1.52500198;1.60084347;2.58933998;0.06444569;0.00000000;0.00000000
434;43.40000000;0.00000000;-10.86165068;26.77213127;1.54855223;1.59361737;2.59417361;0.04422556;0.00000000;0.00000000
435;43.50000000;0.00000000;-10.94704853;26.82410513;1.57224165;1.58890091;2.59818509;0.06899609;0.00000000;0.00000000
436;43.60000000;0.00000000;-11.03278515;26.87550865;1.59658100;1.58749084;2.60797283;0.08421595;0.00000000;0.00000000
437;43.70000000;0.00000000;-11.11918403;26.92580104;1.60626186;1.57730639;2.61502828;0.09609320;0.00000000;0.00000000
438;43.80000000;0.00000000;-11.20564114;26.97599177;1.59545264;1.56923099;2.62719147;0.14212946;0.00000000;0.00000000
439;43.90000000;0.00000000;-11.29323777;27.02416773;1.59317890;1.56518786;2.64345418;0.12741445;0.00000000;0.00000000
440;44.00000000;0.00000000;-11.38128133;27.07152034;1.59810567;1.56658733;2.65267436;0.10139748;0.00000000;0.00000000
441;44.10000000;0.00000000;-11.46975018;27.11807224;1.61013644;1.55816538;2.66373367;0.12451014;0.00000000;0.00000000
442;44.20000000;0.00000000;-11.55881594;27.16346419;1.62950016;1.55225781;2.67757638;0.13544470;0.00000000;0.00000000
443;44.30000000;0.00000000;-11.64853879;27.20754896;1.62941457;1.55131443;2.69082261;0.12690115;0.00000000;0.00000000
444;44.40000000;0.00000000;-11.73877889;27.25056719;1.62375783;1.55562173;2.70295661;0.12700314;0.00000000;0.00000000
445;44.50000000;0.00000000;-11.82954704;27.29246270;1.61397526;1.55940571;2.71622324;0.12038651;0.00000000;0.00000000
446;44.60000000;0.00000000;-11.92089751;27.33307207;1.61176303;1.56203388;2.72703392;0.12915706;0.00000000;0.00000000
447;44.70000000;0.00000000;-12.01254965;27.37299518;1.61262422;1.57028755;2.74205465;0.18241522;0.00000000;0.00000000
448;44.80000000;0.00000000;-12.10506838;27.41083799;1.61195453;1.57760892;2.76351696;0.21371579;0.00000000;0.00000000
449;44.90000000;0.00000000;-12.19834595;27.44679034;1.61115751;1.57337058;2.78479781;0.22947352;0.00000000;0.00000000
450;45.00000000;0.00000000;-12.29238837;27.48066115;1.60659366;1.55893100;2.80941167;0.24408830;0.00000000;0.00000000
451;45.10000000;0.00000000;-12.38732186;27.51198014;1.61093984;1.54811422;2.83361547;0.25863127;0.00000000;0.00000000
452;45.20000000;0.00000000;-12.48289742;27.54126180;1.62007955;1.54157304;2.86113792;0.26868827;0.00000000;0.00000000
453;45.30000000;0.00000000;-12.57941301;27.56731137;1.61938140;1.53813424;2.88735312;0.24072796;0.00000000;0.00000000
454;45.40000000;0.00000000;-12.67640131;27.59154626;1.61093449;1.53931347;2.90928351;0.27786817;0.00000000;0.00000000
455;45.50000000;0.00000000;-12.77396750;27.61333915;1.59763411;1.54319242;2.94292676;0.34449552;0.00000000;0.00000000
456;45.60000000;0.00000000;-12.87236159;27.63099728;1.59473425;1.54448593;2.97818262;0.31816516;0.00000000;0.00000000
457;45.70000000;0.00000000;-12.97121755;27.64586179;1.60091740;1.54941126;3.00655979;0.28628033;0.00000000;0.00000000
458;45.80000000;0.00000000;-13.07045512;27.65791019;1.61608443;1.55791970;3.03543868;0.29333481;0.00000000;0.00000000
459;45.90000000;0.00000000;-13.17000276;27.66704325;1.63314175;1.56705419;3.06522675;0.34782472;0.00000000;0.00000000
460;46.00000000;0.00000000;-13.26978094;27.67316154;1.62702123;1.57317310;3.10500363;0.41300596;0.00000000;0.00000000
461;46.10000000;0.00000000;-13.36973193;27.67435441;1.62582817;1.57436595;3.14782794;0.44068959;0.00000000;0.00000000
462;46.20000000;0.00000000;-13.46966865;27.67191517;1.62826660;1.57192679;3.19314154;0.46586529;0.00000000;0.00000000
463;46.30000000;0.00000000;-13.56932250;27.66405661;1.63611958;1.56406949;3.24100100;0.44580312;0.00000000;0.00000000
464;46.40000000;0.00000000;-13.66856875;27.65207745;1.64808706;1.55209353;3.28230217;0.41432001;0.00000000;0.00000000
465;46.50000000;0.00000000;-13.76723415;27.63602330;1.66412188;1.53874511;3.32386500;0.43176216;0.00000000;0.00000000
466;46.60000000;0.00000000;-13.86513503;27.61584673;1.68427101;1.52763176;3.36865460;0.48076736;0.00000000;0.00000000
467;46.70000000;0.00000000;-13.96194522;27.59103602;1.69770915;1.51825497;3.42001848;0.51143115;0.00000000;0.00000000
468;46.80000000;0.00000000;-14.05725256;27.56092979;1.69877253;1.50992162;3.47094083;0.52160353;0.00000000;0.00000000
469;46.90000000;0.00000000;-14.15104689;27.52640169;1.71034080;1.50350702;3.52433918;0.56152354;0.00000000;0.00000000
470;47.00000000;0.00000000;-14.24257728;27.48631788;1.72414059;1.49772364;3.58324554;0.60810728;0.00000000;0.00000000
471;47.10000000;0.00000000;-14.33166583;27.44100482;1.74173853;1.49282493;3.64596064;0.66519674;0.00000000;0.00000000
472;47.20000000;0.00000000;-14.41748126;27.38977304;1.76708393;1.48784666;3.71628489;0.66594515;0.00000000;0.00000000
473;47.30000000;0.00000000;-14.49934263;27.33241588;1.78890019;1.48228294;3.77914967;0.59335179;0.00000000;0.00000000
474;47.40000000;0.00000000;-14.57805991;27.27082385;1.80160124;1.47610508;3.83495524;0.57427426;0.00000000;0.00000000
475;47.50000000;0.00000000;-14.65300024;27.20472564;1.80171825;1.46649205;3.89400452;0.56605237;0.00000000;0.00000000
476;47.60000000;0.00000000;-14.72391177;27.13429022;1.81083643;1.45773506;3.94816572;0.55278653;0.00000000;0.00000000
477;47.70000000;0.00000000;-14.79128624;27.06045565;1.81534345;1.45089787;4.00456183;0.61242475;0.00000000;0.00000000
478;47.80000000;0.00000000;-14.85381973;26.98248559;1.81685600;1.44456367;4.07065067;0.63011514;0.00000000;0.00000000
479;47.90000000;0.00000000;-14.91087377;26.90041866;1.82765401;1.43828933;4.13058486;0.53997905;0.00000000;0.00000000
480;48.00000000;0.00000000;-14.96363862;26.81552416;1.81401554;1.43381040;4.17864648;0.45991793;0.00000000;0.00000000
481;48.10000000;0.00000000;-15.01254996;26.72836473;1.79188207;1.43182349;4.22256844;0.46089183;0.00000000;0.00000000
482;48.20000000;0.00000000;-15.05766432;26.63916788;1.77938512;1.42659560;4.27082484;0.47626018;0.00000000;0.00000000
483;48.30000000;0.00000000;-15.09794351;26.54771134;1.76600631;1.42242932;4.31782048;0.41016792;0.00000000;0.00000000
484;48.40000000;0.00000000;-15.13449081;26.45466863;1.75840680;1.42122519;4.35285842;0.33394376;0.00000000;0.00000000
485;48.50000000;0.00000000;-15.16827790;26.36058558;1.75942158;1.42409923;4.38460923;0.37135554;0.00000000;0.00000000
486;48.60000000;0.00000000;-15.19884834;26.26540739;1.76947999;1.43057872;4.42712953;0.40922468;0.00000000;0.00000000
487;48.70000000;0.00000000;-15.22452285;26.16879176;1.77578264;1.43891655;4.46645416;0.36164586;0.00000000;0.00000000
488;48.80000000;0.00000000;-15.24752025;26.07150788;1.75274077;1.45137674;4.49945871;0.35085150;0.00000000;0.00000000
489;48.90000000;0.00000000;-15.26676518;25.97341335;1.73346697;1.46678527;4.53662447;0.36486374;0.00000000;0.00000000
490;49.00000000;0.00000000;-15.28247397;25.87469323;1.71774007;1.48250070;4.57243145;0.34276309;0.00000000;0.00000000
491;49.10000000;0.00000000;-15.29465068;25.77547341;1.70555309;1.49468170;4.60517708;0.30049513;0.00000000;0.00000000
492;49.20000000;0.00000000;-15.30386552;25.67593244;1.69633270;1.50389902;4.63253048;0.25043353;0.00000000;0.00000000
493;49.30000000;0.00000000;-15.31059902;25.57619057;1.68959645;1.51063377;4.65526379;0.21237120;0.00000000;0.00000000
494;49.40000000;0.00000000;-15.31528027;25.47632991;1.68491405;1.51531551;4.67500472;0.18484639;0.00000000;0.00000000
495;49.50000000;0.00000000;-15.31807159;25.37639843;1.68212242;1.51810690;4.69223307;0.15637406;0.00000000;0.00000000
496;49.60000000;0.00000000;-15.31930985;25.27643642;1.68088414;1.51934505;4.70627953;0.12688251;0.00000000;0.00000000
497;49.70000000;0.00000000;-15.31929307;25.17646712;1.68090086;1.51932815;-1.56557574;0.10232691;0.00000000;0.00000000
498;49.80000000;0.00000000;-15.31826607;25.07650304;1.68192762;1.51830107;-1.55644040;0.08175472;0.00000000;0.00000000
499;49.90000000;0.00000000;-15.31642289;24.97655044;1.68377029;1.51645792;-1.54922479;0.06241874;0.00000000;0.00000000
500;50.00000000;0.00000000;-15.31395342;24.87661093;1.68623897;1.51398858;-1.54395665;0.04323294;0.00000000;0.00000000
501;50.10000000;0.00000000;-15.31105721;24.77668259;1.68913418;1.51109259;-1.54057821;0.02503695;0.00000000;0.00000000
502;50.20000000;0.00000000;-15.30791251;24.67676162;1.69227775;1.50794816;-1.53894926;0.00774612;0.00000000;0.00000000
503;50.30000000;0.00000000;-15.30469075;24.57684310;1.69549833;1.50472670;-1.53902898;-0.01062956;0.00000000;0.00000000
504;50.40000000;0.00000000;-15.30156199;24.47692163;1.69862598;1.50159821;-1.54107517;-0.03011864;0.00000000;0.00000000
505;50.50000000;0.00000000;-15.29874916;24.37699076;1.68768485;1.49878558;-1.54505271;-0.04988575;0.00000000;0.00000000
506;50.60000000;0.00000000;-15.29641537;24.27704765;1.66107607;1.49645190;-1.55105232;-0.07184045;0.00000000;0.00000000
507;50.70000000;0.00000000;-15.29480182;24.17709072;1.63943081;1.49483834;-1.55942080;-0.09456765;0.00000000;0.00000000
508;50.80000000;0.00000000;-15.29414103;24.07712359;1.62271853;1.49417745;-1.56996585;-0.11688031;0.00000000;0.00000000
509;50.90000000;0.00000000;-15.29463578;23.97715640;1.61089220;1.49467207;4.70038845;-0.14220310;0.00000000;0.00000000
510;51.00000000;0.00000000;-15.29654025;23.87720735;1.60380725;1.49657650;4.68477883;-0.17089871;0.00000000;0.00000000
511;51.10000000;0.00000000;-15.30015505;23.77730706;1.60019474;1.50019157;4.66620871;-0.20119711;0.00000000;0.00000000
512;51.20000000;0.00000000;-15.30576933;23.67750039;1.59458519;1.50580671;4.64453941;-0.23731856;0.00000000;0.00000000
513;51.30000000;0.00000000;-15.31370863;23.57785444;1.58665462;1.51374798;4.61874499;-0.28033584;0.00000000;0.00000000
514;51.40000000;0.00000000;-15.32446146;23.47847581;1.57591719;1.52450471;4.58847224;-0.32494512;0.00000000;0.00000000
515;51.50000000;0.00000000;-15.33841499;23.37949731;1.56198935;1.53846540;4.55375597;-0.37341409;0.00000000;0.00000000
516;51.60000000;0.00000000;-15.35603512;23.28111230;1.54524297;1.55609825;4.51378942;-0.39047039;0.00000000;0.00000000
517;51.70000000;0.00000000;-15.37784556;23.18357141;1.53058010;1.57793102;4.47566189;-0.36758147;0.00000000;0.00000000
518;51.80000000;0.00000000;-15.40291259;23.08680196;1.51901156;1.60303243;4.44027313;-0.35809293;0.00000000;0.00000000
519;51.90000000;0.00000000;-15.43156766;22.99104486;1.51024375;1.63174111;4.40404331;-0.35254644;0.00000000;0.00000000
520;52.00000000;0.00000000;-15.46357394;22.89634511;1.50455006;1.66382737;4.36976384;-0.34860390;0.00000000;0.00000000
521;52.10000000;0.00000000;-15.49872557;22.80276570;1.50214903;1.68011469;4.33432253;-0.40027580;0.00000000;0.00000000
522;52.20000000;0.00000000;-15.53735855;22.71057036;1.50265200;1.69271135;4.28970868;-0.45997600;0.00000000;0.00000000
523;52.30000000;0.00000000;-15.58070822;22.62049748;1.50202574;1.71608995;4.24232733;-0.45774675;0.00000000;0.00000000
524;52.40000000;0.00000000;-15.62788828;22.53237747;1.50020670;1.72870440;4.19815933;-0.47712283;0.00000000;0.00000000
525;52.50000000;0.00000000;-15.67900957;22.44648967;1.50051672;1.74990926;4.14690276;-0.54711641;0.00000000;0.00000000
526;52.60000000;0.00000000;-15.73494238;22.36368704;1.50176653;1.76745421;4.08873605;-0.56953754;0.00000000;0.00000000
527;52.70000000;0.00000000;-15.79568413;22.28431511;1.50375869;1.76956161;4.03299525;-0.52042367;0.00000000;0.00000000
528;52.80000000;0.00000000;-15.86050123;22.20822683;1.50715755;1.77780929;3.98465132;-0.49416143;0.00000000;0.00000000
529;52.90000000;0.00000000;-15.92862893;22.13508173;1.51070609;1.79595641;3.93416297;-0.54557556;0.00000000;0.00000000
530;53.00000000;0.00000000;-16.00078361;22.06591763;1.50859217;1.76957506;3.87553620;-0.60334866;0.00000000;0.00000000
531;53.10000000;0.00000000;-16.07697546;22.00126654;1.50246298;1.74139926;3.81349324;-0.57768431;0.00000000;0.00000000
532;53.20000000;0.00000000;-16.15712794;21.94156880;1.49662509;1.72075278;3.75999934;-0.49504987;0.00000000;0.00000000
533;53.30000000;0.00000000;-16.23981652;21.88540409;1.49310166;1.71004674;3.71448326;-0.44102220;0.00000000;0.00000000
534;53.40000000;0.00000000;-16.32507089;21.83323647;1.49151664;1.69243491;3.67179490;-0.43694060;0.00000000;0.00000000
535;53.50000000;0.00000000;-16.41225232;21.78432417;1.49284609;1.66938943;3.62709514;-0.48116511;0.00000000;0.00000000
536;53.60000000;0.00000000;-16.50183482;21.73997143;1.49571376;1.65719878;3.57556188;-0.50061317;0.00000000;0.00000000
537;53.70000000;0.00000000;-16.59358123;21.70029020;1.50010774;1.65612944;3.52697251;-0.44441202;0.00000000;0.00000000
538;53.80000000;0.00000000;-16.68704421;21.66483859;1.50658434;1.66562653;3.48667948;-0.36430680;0.00000000;0.00000000
539;53.90000000;0.00000000;-16.78169220;21.63266985;1.51617063;1.68444502;3.45411115;-0.32783632;0.00000000;0.00000000
540;54.00000000;0.00000000;-16.87725623;21.60337981;1.52558021;1.68557042;3.42111221;-0.32876795;0.00000000;0.00000000
541;54.10000000;0.00000000;-16.97381926;21.57752280;1.52791500;1.67755679;3.38835756;-0.31793884;0.00000000;0.00000000
542;54.20000000;0.00000000;-17.07109547;21.55455196;1.51702162;1.65460595;3.35752445;-0.30133578;0.00000000;0.00000000
543;54.30000000;0.00000000;-17.16906886;21.53469448;1.50947867;1.63476656;3.32809040;-0.30486067;0.00000000;0.00000000
544;54.40000000;0.00000000;-17.26753202;21.51748625;1.50584275;1.61757393;3.29655231;-0.31560192;0.00000000;0.00000000
545;54.50000000;0.00000000;-17.36655108;21.50384539;1.50522755;1.60394389;3.26497002;-0.28970580;0.00000000;0.00000000
546;54.60000000;0.00000000;-17.46591543;21.49288528;1.50854440;1.59299112;3.23861115;-0.27974513;0.00000000;0.00000000
547;54.70000000;0.00000000;-17.56551707;21.48448121;1.51589949;1.58459171;3.20902099;-0.28913610;0.00000000;0.00000000
548;54.80000000;0.00000000;-17.66534593;21.47941759;1.52095864;1.57952989;3.18078393;-0.23268966;0.00000000;0.00000000
549;54.90000000;0.00000000;-17.76527574;21.47664840;1.52372620;1.57676114;3.16248306;-0.17765332;0.00000000;0.00000000
550;55.00000000;0.00000000;-17.86523378;21.47524125;1.52513269;1.57535399;3.14525327;-0.20980318;0.00000000;0.00000000
551;55.10000000;0.00000000;-17.96519028;21.47591659;1.52445715;1.57602921;3.12052243;-0.26196624;0.00000000;0.00000000
552;55.20000000;0.00000000;-18.06508828;21.47945285;1.52092010;1.57956585;3.09286002;-0.25606059;0.00000000;0.00000000
553;55.30000000;0.00000000;-18.16485810;21.48565464;1.51471534;1.58576936;3.06931031;-0.19837083;0.00000000;0.00000000
554;55.40000000;0.00000000;-18.26448791;21.49389108;1.50647335;1.59400907;3.05318585;-0.16326860;0.00000000;0.00000000
555;55.50000000;0.00000000;-18.36400845;21.50330690;1.50255892;1.60342946;3.03665659;-0.15637796;0.00000000;0.00000000
556;55.60000000;0.00000000;-18.46331201;21.51483181;1.50317024;1.61496159;3.02191026;-0.14363087;0.00000000;0.00000000
557;55.70000000;0.00000000;-18.56251521;21.52717875;1.50958860;1.62731712;3.00793041;-0.13346358;0.00000000;0.00000000
558;55.80000000;0.00000000;-18.66145812;21.54147532;1.51906742;1.64162584;2.99521755;-0.09201364;0.00000000;0.00000000
559;55.90000000;0.00000000;-18.76031718;21.55634060;1.52990926;1.62917524;2.98952768;-0.05159443;0.00000000;0.00000000
560;56.00000000;0.00000000;-18.85909088;21.57176215;1.52980881;1.61773096;2.98489866;-0.04643752;0.00000000;0.00000000
561;56.10000000;0.00000000;-18.95780800;21.58754201;1.52176239;1.61277795;2.98024018;-0.04329229;0.00000000;0.00000000
562;56.20000000;0.00000000;-19.05643345;21.60388310;1.51969277;1.61458173;2.97624020;-0.03231818;0.00000000;0.00000000
563;56.30000000;0.00000000;-19.15502126;21.62045219;1.52396105;1.61670097;2.97377654;-0.03112679;0.00000000;0.00000000
564;56.40000000;0.00000000;-19.25356521;21.63727908;1.53448418;1.59104184;2.97001484;-0.04369153;0.00000000;0.00000000
565;56.50000000;0.00000000;-19.35202501;21.65458931;1.54889274;1.57181925;2.96503824;-0.04367158;0.00000000;0.00000000
566;56.60000000;0.00000000;-19.45039661;21.67239618;1.54092360;1.55768453;2.96128053;-0.02777238;0.00000000;0.00000000
567;56.70000000;0.00000000;-19.54872411;21.69044598;1.53917201;1.54581894;2.95948376;-0.01925623;0.00000000;0.00000000
568;56.80000000;0.00000000;-19.64703116;21.70860625;1.54379331;1.54047574;2.95742928;-0.02352406;0.00000000;0.00000000
569;56.90000000;0.00000000;-19.74528362;21.72705992;1.55454641;1.53737330;2.95477895;-0.01604889;0.00000000;0.00000000
570;57.00000000;0.00000000;-19.84349312;21.74574104;1.57137098;1.52134998;2.95421950;-0.03909021;0.00000000;0.00000000
571;57.10000000;0.00000000;-19.94172491;21.76430464;1.57686321;1.51166203;2.94696091;-0.11414727;0.00000000;0.00000000
572;57.20000000;0.00000000;-20.03965283;21.78440945;1.58131343;1.51012198;2.93139005;-0.14930862;0.00000000;0.00000000
573;57.30000000;0.00000000;-20.13725787;21.80602243;1.59051188;1.51672650;2.91709919;-0.11395798;0.00000000;0.00000000
574;57.40000000;0.00000000;-20.23456987;21.82891727;1.60459876;1.53114477;2.90859845;-0.08104833;0.00000000;0.00000000
575;57.50000000;0.00000000;-20.33179444;21.85218672;1.62435168;1.55225549;2.90088952;-0.10942792;0.00000000;0.00000000
576;57.60000000;0.00000000;-20.42873948;21.87657855;1.64882378;1.54665635;2.88671287;-0.15687906;0.00000000;0.00000000
577;57.70000000;0.00000000;-20.52526088;21.90259370;1.64336314;1.52893644;2.86951371;-0.17265129;0.00000000;0.00000000
578;57.80000000;0.00000000;-20.62130879;21.93030493;1.63720565;1.51936427;2.85218261;-0.16074126;0.00000000;0.00000000
579;57.90000000;0.00000000;-20.71687240;21.95964995;1.63543671;1.51804008;2.83736545;-0.12129967;0.00000000;0.00000000
580;58.00000000;0.00000000;-20.81206150;21.99019632;1.62614113;1.51232831;2.82792268;-0.11279318;0.00000000;0.00000000
581;58.10000000;0.00000000;-20.90705497;22.02134115;1.61174979;1.50741505;2.81480682;-0.15731505;0.00000000;0.00000000
582;58.20000000;0.00000000;-21.00141036;22.05437376;1.60148450;1.49923114;2.79645967;-0.18712536;0.00000000;0.00000000
583;58.30000000;0.00000000;-21.09519862;22.08898306;1.59574638;1.49594880;2.77738175;-0.20542478;0.00000000;0.00000000
584;58.40000000;0.00000000;-21.18822241;22.12558988;1.59412261;1.49873204;2.75537471;-0.22602276;0.00000000;0.00000000
585;58.50000000;0.00000000;-21.28039246;22.16429040;1.59650399;1.51039013;2.73217719;-0.19981999;0.00000000;0.00000000
586;58.60000000;0.00000000;-21.37161473;22.20517049;1.60275599;1.53082646;2.71541071;-0.13911439;0.00000000;0.00000000
587;58.70000000;0.00000000;-21.46244011;22.24694149;1.59498798;1.55835530;2.70435432;-0.15148420;0.00000000;0.00000000
588;58.80000000;0.00000000;-21.55273835;22.28982969;1.57682484;1.58763932;2.68511387;-0.22648878;0.00000000;0.00000000
589;58.90000000;0.00000000;-21.64187583;22.33505713;1.56225233;1.59036502;2.65905656;-0.24312757;0.00000000;0.00000000
590;59.00000000;0.00000000;-21.72981725;22.38259045;1.55139226;1.59542370;2.63648836;-0.22278017;0.00000000;0.00000000
591;59.10000000;0.00000000;-21.81683195;22.43179889;1.54501523;1.59777663;2.61450053;-0.24957615;0.00000000;0.00000000
592;59.20000000;0.00000000;-21.90259050;22.48314750;1.54261174;1.60881877;2.58657313;-0.27142267;0.00000000;0.00000000
593;59.30000000;0.00000000;-21.98672307;22.53713698;1.54358224;1.62897225;2.56021599;-0.25004710;0.00000000;0.00000000
594;59.40000000;0.00000000;-22.06966503;22.59293849;1.52437822;1.65699860;2.53656371;-0.27325538;0.00000000;0.00000000
595;59.50000000;0.00000000;-22.15114593;22.65084280;1.50346971;1.68709741;2.50556492;-0.30992082;0.00000000;0.00000000
596;59.60000000;0.00000000;-22.23047211;22.71167647;1.48538571;1.71327359;2.47457955;-0.29210508;0.00000000;0.00000000
597;59.70000000;0.00000000;-22.30821564;22.77452012;1.47132799;1.72388536;2.44714390;-0.31458042;0.00000000;0.00000000
598;59.80000000;0.00000000;-22.38408243;22.83960974;1.46105455;1.74304802;2.41166346;-0.36814148;0.00000000;0.00000000
599;59.90000000;0.00000000;-22.45717417;22.90780672;1.45341477;1.76289140;2.37351560;-0.41724154;0.00000000;0.00000000
600;60.00000000;0.00000000;-22.52785092;22.97848208;1.44917002;1.77954626;2.32821515;-0.46218410;0.00000000;0.00000000
601;60.10000000;0.00000000;-22.59447093;23.05300970;1.44358003;1.80698452;2.28107878;-0.45094519;0.00000000;0.00000000
602;60.20000000;0.00000000;-22.65818172;23.13002601;1.43680027;1.81883767;2.23802611;-0.45289457;0.00000000;0.00000000
603;60.30000000;0.00000000;-22.71814281;23.21000251;1.43218095;1.83300597;2.19049987;-0.50106532;0.00000000;0.00000000
604;60.40000000;0.00000000;-22.77424339;23.29270005;1.42980764;1.85184234;2.13781305;-0.52435051;0.00000000;0.00000000
605;60.50000000;0.00000000;-22.82545724;23.37853248;1.42861226;1.86114354;2.08562977;-0.51220661;0.00000000;0.00000000
606;60.60000000;0.00000000;-22.87264404;23.46663830;1.42978402;1.87085677;2.03537173;-0.52677839;0.00000000;0.00000000
607;60.70000000;0.00000000;-22.91497871;23.55716090;1.43251838;1.88174811;1.98027409;-0.55379417;0.00000000;0.00000000
608;60.80000000;0.00000000;-22.95218969;23.64991880;1.43662991;1.84805497;1.92461289;-0.61159228;0.00000000;0.00000000
609;60.90000000;0.00000000;-22.98420985;23.74459650;1.44215006;1.81595946;1.85795563;-0.71600817;0.00000000;0.00000000
610;61.00000000;0.00000000;-23.00875891;23.84146995;1.44680051;1.79137277;1.78141126;-0.73003524;0.00000000;0.00000000
611;61.10000000;0.00000000;-23.02596824;23.93992501;1.45084104;1.77414704;1.71194859;-0.66352366;0.00000000;0.00000000
612;61.20000000;0.00000000;-23.03686551;24.03926835;1.45538488;1.76324362;1.64870653;-0.66565873;0.00000000;0.00000000
613;61.30000000;0.00000000;-23.04151688;24.13909244;1.46051744;1.75859113;1.57881684;-0.71690525;0.00000000;0.00000000
614;61.40000000;0.00000000;-23.03846706;24.23894559;1.46477597;1.76163969;1.50532548;-0.74284287;0.00000000;0.00000000
615;61.50000000;0.00000000;-23.02845011;24.33838884;1.46886811;1.74516351;1.43024826;-0.72674665;0.00000000;0.00000000
616;61.60000000;0.00000000;-23.01048804;24.43670395;1.47173208;1.73662132;1.35997614;-0.67108080;0.00000000;0.00000000
617;61.70000000;0.00000000;-22.98664116;24.53375771;1.47536021;1.72217089;1.29603211;-0.62603312;0.00000000;0.00000000
618;61.80000000;0.00000000;-22.95628443;24.62898753;1.47899440;1.72019563;1.23476952;-0.60486509;0.00000000;0.00000000
619;61.90000000;0.00000000;-22.92075837;24.72238617;1.48388909;1.72047451;1.17505909;-0.57364886;0.00000000;0.00000000
620;62.00000000;0.00000000;-22.87928187;24.81330230;1.48581870;1.72592393;1.12003975;-0.49184240;0.00000000;0.00000000
621;62.10000000;0.00000000;-22.83369886;24.90226547;1.47543851;1.74160603;1.07669061;-0.42703542;0.00000000;0.00000000
622;62.20000000;0.00000000;-22.78450012;24.98925628;1.46767267;1.76679810;1.03463266;-0.41389600;0.00000000;0.00000000
623;62.30000000;0.00000000;-22.73160780;25.07407034;1.45337816;1.76427733;0.99391141;-0.36184597;0.00000000;0.00000000
624;62.40000000;0.00000000;-22.67548909;25.15677862;1.43846157;1.74543822;0.96226347;-0.28030904;0.00000000;0.00000000
625;62.50000000;0.00000000;-22.61733054;25.23808807;1.42791972;1.73423050;0.93784960;-0.26282098;0.00000000;0.00000000
626;62.60000000;0.00000000;-22.55723876;25.31796218;1.42192580;1.73114820;0.90969928;-0.28444256;0.00000000;0.00000000
627;62.70000000;0.00000000;-22.49460418;25.39586156;1.41972713;1.73704375;0.88096109;-0.25372852;0.00000000;0.00000000
628;62.80000000;0.00000000;-22.43001565;25.47216096;1.42194898;1.75113826;0.85895357;-0.21520295;0.00000000;0.00000000
629;62.90000000;0.00000000;-22.36400954;25.54723388;1.42254287;1.76012285;0.83792050;-0.21813380;0.00000000;0.00000000
630;63.00000000;0.00000000;-22.29626904;25.62075015;1.42782223;1.73532797;0.81532681;-0.19530238;0.00000000;0.00000000
631;63.10000000;0.00000000;-22.22693446;25.69276965;1.43787582;1.71153498;0.79886002;-0.12732068;0.00000000;0.00000000
632;63.20000000;0.00000000;-22.15680762;25.76401786;1.45366181;1.67988885;0.78986267;-0.09408759;0.00000000;0.00000000
633;63.30000000;0.00000000;-22.08618869;25.83477778;1.47539377;1.65436426;0.78004250;-0.11467935;0.00000000;0.00000000
634;63.40000000;0.00000000;-22.01467845;25.90463273;1.50166905;1.63581909;0.76692680;-0.13126821;0.00000000;0.00000000
635;63.50000000;0.00000000;-21.94222988;25.97351424;1.50886986;1.62457618;0.75378886;-0.12385049;0.00000000;0.00000000
636;63.60000000;0.00000000;-21.86890830;26.04146698;1.52135667;1.59569278;0.74215671;-0.08740814;0.00000000;0.00000000
637;63.70000000;0.00000000;-21.79487466;26.10864666;1.53921797;1.54839203;0.73630723;-0.05872089;0.00000000;0.00000000
638;63.80000000;0.00000000;-21.72076142;26.17573853;1.55819896;1.50635876;0.73041253;-0.07183646;0.00000000;0.00000000
639;63.90000000;0.00000000;-21.64594117;26.24204054;1.56341222;1.47093412;0.72193994;-0.07199847;0.00000000;0.00000000
640;64.00000000;0.00000000;-21.57070210;26.30786666;1.57433917;1.44219683;0.71601283;-0.04267966;0.00000000;0.00000000
641;64.10000000;0.00000000;-21.49510131;26.37327697;1.59094283;1.42047251;0.71340401;0.00462570;0.00000000;0.00000000
642;64.20000000;0.00000000;-21.41951993;26.43870953;1.61360910;1.40550994;0.71693798;0.05353464;0.00000000;0.00000000
643;64.30000000;0.00000000;-21.34438366;26.50465226;1.64270126;1.39687950;0.72411094;0.05779225;0.00000000;0.00000000
644;64.40000000;0.00000000;-21.26974824;26.57116274;1.67795828;1.38279098;0.72849643;0.05896932;0.00000000;0.00000000
645;64.50000000;0.00000000;-21.19519253;26.63776258;1.69440878;1.36061219;0.73590480;0.06279725;0.00000000;0.00000000
646;64.60000000;0.00000000;-21.12155106;26.70537129;1.71562647;1.34416281;0.74105587;0.02898307;0.00000000;0.00000000
647;64.70000000;0.00000000;-21.04768554;26.77273555;1.74201338;1.33534790;0.74170142;0.05021744;0.00000000;0.00000000
648;64.80000000;0.00000000;-20.97413164;26.84043908;1.77408259;1.33352687;0.75109936;0.12102271;0.00000000;0.00000000
649;64.90000000;0.00000000;-20.90154941;26.90917584;1.77581514;1.33624585;0.76590596;0.14228904;0.00000000;0.00000000
650;65.00000000;0.00000000;-20.83003323;26.97902662;1.77463757;1.33742294;0.77955717;0.12576399;0.00000000;0.00000000
651;65.10000000;0.00000000;-20.75935194;27.04972179;1.77464729;1.33894123;0.79105876;0.10227647;0.00000000;0.00000000
652;65.20000000;0.00000000;-20.68946006;27.12120032;1.77576872;1.34678887;0.80001246;0.13649818;0.00000000;0.00000000
653;65.30000000;0.00000000;-20.62005747;27.19314833;1.78265332;1.34505625;0.81835839;0.22424757;0.00000000;0.00000000
654;65.40000000;0.00000000;-20.55283469;27.26714255;1.79550889;1.33126988;0.84486198;0.25031219;0.00000000;0.00000000
655;65.50000000;0.00000000;-20.48733879;27.34266990;1.81325449;1.32259646;0.86842083;0.24342123;0.00000000;0.00000000
656;65.60000000;0.00000000;-20.42367679;27.41974702;1.83859181;1.31904971;0.89354622;0.20254685;0.00000000;0.00000000
657;65.70000000;0.00000000;-20.36205965;27.49846584;1.83562939;1.32045159;0.90893020;0.15234247;0.00000000;0.00000000
658;65.80000000;0.00000000;-20.30079779;27.57746630;1.83438904;1.32894124;0.92401472;0.22081553;0.00000000;0.00000000
659;65.90000000;0.00000000;-20.24158574;27.65800468;1.83016838;1.34230823;0.95309330;0.31522349;0.00000000;0.00000000
660;66.00000000;0.00000000;-20.18502513;27.74042379;1.82504835;1.34947760;0.98705942;0.35443406;0.00000000;0.00000000
661;66.10000000;0.00000000;-20.13141914;27.82479170;1.82893120;1.35012038;1.02398012;0.35169918;0.00000000;0.00000000
662;66.20000000;0.00000000;-20.08109534;27.91115506;1.84205277;1.35431675;1.05739925;0.33245190;0.00000000;0.00000000
663;66.30000000;0.00000000;-20.03324032;27.99892099;1.83499589;1.36302370;1.09047050;0.37081405;0.00000000;0.00000000
664;66.40000000;0.00000000;-19.98873566;28.08842038;1.82504384;1.37109862;1.13156206;0.39748396;0.00000000;0.00000000
665;66.50000000;0.00000000;-19.94825161;28.17980752;1.82497503;1.37269604;1.16996729;0.34729161;0.00000000;0.00000000
666;66.60000000;0.00000000;-19.91074198;28.27246724;1.81881535;1.37713183;1.20102038;0.34717193;0.00000000;0.00000000
667;66.70000000;0.00000000;-19.87600442;28.36620119;1.82071727;1.38033040;1.23940167;0.44099557;0.00000000;0.00000000
668;66.80000000;0.00000000;-19.84571476;28.46145377;1.81240930;1.38605618;1.28921950;0.47358055;0.00000000;0.00000000
669;66.90000000;0.00000000;-19.82047568;28.55816790;1.81484397;1.39371095;1.33411778;0.40031809;0.00000000;0.00000000
670;67.00000000;0.00000000;-19.79884727;28.65576407;1.79891807;1.38828685;1.36928312;0.33079437;0.00000000;0.00000000
671;67.10000000;0.00000000;-19.78046495;28.75402443;1.78055264;1.37702039;1.40027666;0.34210121;0.00000000;0.00000000
672;67.20000000;0.00000000;-19.76492351;28.85277552;1.76502460;1.37007636;1.43770336;0.37302238;0.00000000;0.00000000
673;67.30000000;0.00000000;-19.75394153;28.95213125;1.75405001;1.36580984;1.47488114;0.31580572;0.00000000;0.00000000
674;67.40000000;0.00000000;-19.74577863;29.05176519;1.74589143;1.36602076;1.50086450;0.24759185;0.00000000;0.00000000
675;67.50000000;0.00000000;-19.73997201;29.15156461;1.74008717;1.37117656;1.52439951;0.26929594;0.00000000;0.00000000
676;67.60000000;0.00000000;-19.73650617;29.25147284;1.73662230;1.38123765;1.55472369;0.29396906;0.00000000;0.00000000
677;67.70000000;0.00000000;-19.73675927;29.35143664;1.73687548;1.39473728;1.58319332;0.23290356;0.00000000;0.00000000
678;67.80000000;0.00000000;-19.73898456;29.45138069;1.73910096;1.41326752;1.60130440;0.16875325;0.00000000;0.00000000
679;67.90000000;0.00000000;-19.74285783;29.55127459;1.74176973;1.43693802;1.61694397;0.15065750;0.00000000;0.00000000
680;68.00000000;0.00000000;-19.74820770;29.65110037;1.71633770;1.45196008;1.63143590;0.13865960;0.00000000;0.00000000
681;68.10000000;0.00000000;-19.75497424;29.75083993;1.69782463;1.44711103;1.64467589;0.15764660;0.00000000;0.00000000
682;68.20000000;0.00000000;-19.76296532;29.85048923;1.68627134;1.44793204;1.66296522;0.18342555;0.00000000;0.00000000
683;68.30000000;0.00000000;-19.77337428;29.94990820;1.68302416;1.45321697;1.68136100;0.16948710;0.00000000;0.00000000
684;68.40000000;0.00000000;-19.78502533;30.04919687;1.68312630;1.46408410;1.69686264;0.14769337;0.00000000;0.00000000
685;68.50000000;0.00000000;-19.79851139;30.14824672;1.66685441;1.47981725;1.71089967;0.10126242;0.00000000;0.00000000
686;68.60000000;0.00000000;-19.81294490;30.24716969;1.65741882;1.50112843;1.71711513;0.06464224;0.00000000;0.00000000
687;68.70000000;0.00000000;-19.82766217;30.34605075;1.65426956;1.52841972;1.72382812;0.09384105;0.00000000;0.00000000
688;68.80000000;0.00000000;-19.84342199;30.44476792;1.65820913;1.53804773;1.73588334;0.12336066;0.00000000;0.00000000
689;68.90000000;0.00000000;-19.86051850;30.54326373;1.64734571;1.54709776;1.74850025;0.11383632;0.00000000;0.00000000
690;69.00000000;0.00000000;-19.87876432;30.64155320;1.62087834;1.54190383;1.75865060;0.08123739;0.00000000;0.00000000
691;69.10000000;0.00000000;-19.89785698;30.73968317;1.60107755;1.54232109;1.76474773;0.05826390;0.00000000;0.00000000
692;69.20000000;0.00000000;-19.91730033;30.83774459;1.58769274;1.54884727;1.77030338;0.06846902;0.00000000;0.00000000
693;69.30000000;0.00000000;-19.93748157;30.93565348;1.58128318;1.56101383;1.77844153;0.05451283;0.00000000;0.00000000
694;69.40000000;0.00000000;-19.95851830;31.03338536;1.57094869;1.56761872;1.78120595;-0.00962399;0.00000000;0.00000000
695;69.50000000;0.00000000;-19.97924122;31.13118429;1.54268550;1.56821329;1.77651673;-0.07150136;0.00000000;0.00000000
696;69.60000000;0.00000000;-19.99936011;31.22910741;1.51987738;1.57577836;1.76690567;-0.10627827;0.00000000;0.00000000
697;69.70000000;0.00000000;-20.01819911;31.32728499;1.50209170;1.59089138;1.75526108;-0.09446306;0.00000000;0.00000000
698;69.80000000;0.00000000;-20.03603255;31.42565194;1.48979190;1.61065051;1.74801306;-0.08569147;0.00000000;0.00000000
699;69.90000000;0.00000000;-20.05344631;31.52409165;1.48371324;1.63354578;1.73812279;-0.10571298;0.00000000;0.00000000
700;70.00000000;0.00000000;-20.06933063;31.62279192;1.48280694;1.63827831;1.72687047;-0.13081691;0.00000000;0.00000000
701;70.10000000;0.00000000;-20.08452478;31.72159846;1.48793312;1.63571464;1.71195940;-0.14944584;0.00000000;0.00000000
702;70.20000000;0.00000000;-20.09745906;31.82072858;1.48594721;1.64153103;1.69698130;-0.16406503;0.00000000;0.00000000
703;70.30000000;0.00000000;-20.10968724;31.91994836;1.46974376;1.65408613;1.67914640;-0.19035183;0.00000000;0.00000000
704;70.40000000;0.00000000;-20.11907801;32.01947589;1.45737420;1.67531205;1.65891093;-0.16356227;0.00000000;0.00000000
705;70.50000000;0.00000000;-20.12728173;32.11910864;1.45060771;1.67272345;1.64643394;-0.17318163;0.00000000;0.00000000
706;70.60000000;0.00000000;-20.13418621;32.21883937;1.44328720;1.66581956;1.62427461;-0.24110440;0.00000000;0.00000000
707;70.70000000;0.00000000;-20.13796734;32.31873023;1.43930065;1.66203860;1.59821306;-0.22999117;0.00000000;0.00000000
708;70.80000000;0.00000000;-20.13966666;32.41868338;1.44016871;1.66033929;1.57827637;-0.19809579;0.00000000;0.00000000
709;70.90000000;0.00000000;-20.13946278;32.51864993;1.43996474;1.66054312;1.55859391;-0.23473318;0.00000000;0.00000000
710;71.00000000;0.00000000;-20.13722718;32.61859092;1.43772908;1.66277873;1.53132974;-0.29450307;0.00000000;0.00000000
711;71.10000000;0.00000000;-20.13157588;32.71838355;1.43207499;1.66843045;1.49969329;-0.29575344;0.00000000;0.00000000
712;71.20000000;0.00000000;-20.12302604;32.81798048;1.42351822;1.67698127;1.47217905;-0.26979324;0.00000000;0.00000000
713;71.30000000;0.00000000;-20.11189350;32.91731960;1.41237292;1.68811567;1.44573464;-0.26696945;0.00000000;0.00000000
714;71.40000000;0.00000000;-20.09809080;33.01632343;1.40467030;1.70192167;1.41878516;-0.27158939;0.00000000;0.00000000
715;71.50000000;0.00000000;-20.08162279;33.11491816;1.40136384;1.71839525;1.39141677;-0.28242290;0.00000000;0.00000000
716;71.60000000;0.00000000;-20.06242461;33.21301707;1.40240868;1.71753599;1.36230058;-0.30160886;0.00000000;0.00000000
717;71.70000000;0.00000000;-20.04024734;33.31048172;1.40752386;1.71488391;1.33109500;-0.31213689;0.00000000;0.00000000
718;71.80000000;0.00000000;-20.01496846;33.40719107;1.41651554;1.72123607;1.29987320;-0.31593930;0.00000000;0.00000000
719;71.90000000;0.00000000;-19.98675165;33.50308391;1.42944251;1.73564998;1.26790714;-0.33228173;0.00000000;0.00000000
720;72.00000000;0.00000000;-19.95534749;33.59797526;1.43094470;1.75423085;1.23341685;-0.34880833;0.00000000;0.00000000
721;72.10000000;0.00000000;-19.92058864;33.69169473;1.42581627;1.74666944;1.19814547;-0.35765233;0.00000000;0.00000000
722;72.20000000;0.00000000;-19.88257460;33.78413519;1.42346437;1.73592895;1.16188639;-0.34989600;0.00000000;0.00000000
723;72.30000000;0.00000000;-19.84111693;33.87508993;1.42361042;1.73465340;1.12816627;-0.31111468;0.00000000;0.00000000
724;72.40000000;0.00000000;-19.79695444;33.96476941;1.41557812;1.72674022;1.09966345;-0.28975036;0.00000000;0.00000000
725;72.50000000;0.00000000;-19.75038117;34.05321556;1.41187400;1.72663546;1.07021620;-0.31324934;0.00000000;0.00000000
726;72.60000000;0.00000000;-19.70101906;34.14013607;1.41206358;1.73547079;1.03701359;-0.34803493;0.00000000;0.00000000
727;72.70000000;0.00000000;-19.64868309;34.22529072;1.41586550;1.75337466;1.00060921;-0.35481655;0.00000000;0.00000000
728;72.80000000;0.00000000;-19.59312844;34.30839112;1.42288918;1.77167889;0.96605028;-0.31757850;0.00000000;0.00000000
729;72.90000000;0.00000000;-19.53503125;34.38973495;1.43379830;1.76548857;0.93709351;-0.25952099;0.00000000;0.00000000
730;73.00000000;0.00000000;-19.47475506;34.46948686;1.44581891;1.76764403;0.91414608;-0.23428663;0.00000000;0.00000000
731;73.10000000;0.00000000;-19.41298541;34.54808152;1.45772861;1.77731083;0.89023619;-0.26318220;0.00000000;0.00000000
732;73.20000000;0.00000000;-19.34896819;34.62485828;1.46675783;1.78674906;0.86150964;-0.28523909;0.00000000;0.00000000
733;73.30000000;0.00000000;-19.28278535;34.69977873;1.47293908;1.75860094;0.83318837;-0.28330951;0.00000000;0.00000000
734;73.40000000;0.00000000;-19.21452136;34.77281135;1.47631154;1.73459517;0.80484774;-0.28249200;0.00000000;0.00000000
735;73.50000000;0.00000000;-19.14419749;34.84386517;1.47682765;1.71891279;0.77668997;-0.27386653;0.00000000;0.00000000
736;73.60000000;0.00000000;-19.07193061;34.91294006;1.47457172;1.71171309;0.75007443;-0.25910858;0.00000000;0.00000000
737;73.70000000;0.00000000;-18.99792803;34.98014962;1.46977209;1.71288310;0.72486825;-0.24931076;0.00000000;0.00000000
738;73.80000000;0.00000000;-18.92227479;35.04549292;1.46369609;1.70835951;0.70021228;-0.22254517;0.00000000;0.00000000
739;73.90000000;0.00000000;-18.84505178;35.10897100;1.46199777;1.68200265;0.68035922;-0.17179858;0.00000000;0.00000000
740;74.00000000;0.00000000;-18.76686225;35.17126140;1.46559825;1.65774019;0.66585256;-0.15500021;0.00000000;0.00000000
741;74.10000000;0.00000000;-18.68782795;35.23247434;1.47461884;1.63471179;0.64935918;-0.18830203;0.00000000;0.00000000
742;74.20000000;0.00000000;-18.60763164;35.29214828;1.48840762;1.61945649;0.62819216;-0.21995341;0.00000000;0.00000000
743;74.30000000;0.00000000;-18.52608114;35.34995905;1.50228885;1.61257399;0.60536849;-0.22602924;0.00000000;0.00000000
744;74.40000000;0.00000000;-18.44324357;35.40591257;1.50621315;1.59817526;0.58298631;-0.22019141;0.00000000;0.00000000
745;74.50000000;0.00000000;-18.35918474;35.46001804;1.51453312;1.56408561;0.56133021;-0.18699777;0.00000000;0.00000000
746;74.60000000;0.00000000;-18.27399710;35.51233545;1.52727280;1.53030206;0.54558675;-0.16200985;0.00000000;0.00000000
747;74.70000000;0.00000000;-18.18827314;35.56376983;1.54537511;1.50342449;0.52892824;-0.19443645;0.00000000;0.00000000
748;74.80000000;0.00000000;-18.10139202;35.61321936;1.56742986;1.48508034;0.50669946;-0.19532638;0.00000000;0.00000000
749;74.90000000;0.00000000;-18.01347143;35.66079063;1.59340550;1.47544663;0.48986297;-0.12855299;0.00000000;0.00000000
750;75.00000000;0.00000000;-17.92497366;35.70728777;1.61128512;1.47377087;0.48098887;-0.08681454;0.00000000;0.00000000
751;75.10000000;0.00000000;-17.83621819;35.75329349;1.63041618;1.45782313;0.47250006;-0.11789343;0.00000000;0.00000000
752;75.20000000;0.00000000;-17.74694952;35.79827859;1.65069844;1.42729139;0.45741018;-0.14852513;0.00000000;0.00000000
753;75.30000000;0.00000000;-17.65684716;35.84158481;1.67297977;1.40506749;0.44279503;-0.13958112;0.00000000;0.00000000
754;75.40000000;0.00000000;-17.56629648;35.88394418;1.67544650;1.39073744;0.42949396;-0.15048774;0.00000000;0.00000000
755;75.50000000;0.00000000;-17.47507307;35.92483893;1.67388883;1.38511168;0.41269748;-0.15330158;0.00000000;0.00000000
756;75.60000000;0.00000000;-17.38314953;35.96413361;1.67655236;1.38843228;0.39883364;-0.13248823;0.00000000;0.00000000
757;75.70000000;0.00000000;-17.29082840;36.00248314;1.68413358;1.39992187;0.38619984;-0.13501558;0.00000000;0.00000000
758;75.80000000;0.00000000;-17.19794484;36.03944146;1.69609553;1.41169818;0.37183052;-0.14212645;0.00000000;0.00000000
759;75.90000000;0.00000000;-17.10456131;36.07512182;1.70235670;1.42042699;0.35777454;-0.14667412;0.00000000;0.00000000
760;76.00000000;0.00000000;-17.01067623;36.10945449;1.70144422;1.40942903;0.34249570;-0.15075988;0.00000000;0.00000000
761;76.10000000;0.00000000;-16.91624551;36.14226532;1.70478517;1.39594426;0.32762257;-0.15851336;0.00000000;0.00000000
762;76.20000000;0.00000000;-16.82137762;36.17379154;1.71261225;1.39089541;0.31079303;-0.18446661;0.00000000;0.00000000
763;76.30000000;0.00000000;-16.72589439;36.20340651;1.72136795;1.39502436;0.29072925;-0.18905541;0.00000000;0.00000000
764;76.40000000;0.00000000;-16.62983850;36.23110141;1.71514704;1.40527321;0.27298195;-0.17358607;0.00000000;0.00000000
765;76.50000000;0.00000000;-16.53336709;36.25730860;1.71319711;1.40074261;0.25601203;-0.17554124;0.00000000;0.00000000
766;76.60000000;0.00000000;-16.43643053;36.28172708;1.71522977;1.40518010;0.23787370;-0.18229702;0.00000000;0.00000000
767;76.70000000;0.00000000;-16.33907377;36.30441778;1.72129995;1.40776261;0.21955263;-0.19174284;0.00000000;0.00000000
768;76.80000000;0.00000000;-16.24130858;36.32526849;1.73125726;1.40346743;0.19952513;-0.20772096;0.00000000;0.00000000
769;76.90000000;0.00000000;-16.14312307;36.34404208;1.71875284;1.40839631;0.17800844;-0.21844827;0.00000000;0.00000000
770;77.00000000;0.00000000;-16.04455048;36.36066778;1.69493852;1.42251362;0.15583548;-0.22465644;0.00000000;0.00000000
771;77.10000000;0.00000000;-15.94562775;36.37507044;1.67241066;1.44560934;0.13307715;-0.22856132;0.00000000;0.00000000
772;77.20000000;0.00000000;-15.84639846;36.38719406;1.65334837;1.47363693;0.11012322;-0.23474455;0.00000000;0.00000000
773;77.30000000;0.00000000;-15.74691734;36.39704196;1.63789313;1.49035146;0.08612824;-0.25198693;0.00000000;0.00000000
774;77.40000000;0.00000000;-15.64722132;36.40439138;1.62593887;1.51513477;0.05972583;-0.27201379;0.00000000;0.00000000
775;77.50000000;0.00000000;-15.54736076;36.40897483;1.61589514;1.54859131;0.03172548;-0.28127901;0.00000000;0.00000000
776;77.60000000;0.00000000;-15.44741073;36.41073260;1.58763407;1.58926862;0.00347003;-0.28384615;0.00000000;0.00000000
777;77.70000000;0.00000000;-15.34745172;36.40966853;1.56249786;1.59033270;-0.02504375;-0.28736785;0.00000000;0.00000000
778;77.80000000;0.00000000;-15.24756574;36.40572668;1.53990060;1.59427449;-0.05400354;-0.29054692;0.00000000;0.00000000
779;77.90000000;0.00000000;-15.14783780;36.39887818;1.51535944;1.60112284;-0.08315313;-0.28837975;0.00000000;0.00000000
780;78.00000000;0.00000000;-15.04835279;36.38912321;1.49422725;1.61087757;-0.11167949;-0.30280985;0.00000000;0.00000000
781;78.10000000;0.00000000;-14.94917700;36.37659914;1.47679729;1.62340156;-0.14371510;-0.34953651;0.00000000;0.00000000
782;78.20000000;0.00000000;-14.85053933;36.36049708;1.46072018;1.63950432;-0.18158679;-0.39244327;0.00000000;0.00000000
783;78.30000000;0.00000000;-14.75259787;36.34050537;1.44232181;1.65949908;-0.22220376;-0.40118821;0.00000000;0.00000000
784;78.40000000;0.00000000;-14.65559170;36.31645168;1.42654266;1.68356147;-0.26182444;-0.40346995;0.00000000;0.00000000
785;78.50000000;0.00000000;-14.55953882;36.28877017;1.41390832;1.70863528;-0.30289775;-0.44360574;0.00000000;0.00000000
786;78.60000000;0.00000000;-14.46482707;36.25683503;1.40381819;1.71015129;-0.35054558;-0.48579793;0.00000000;0.00000000
787;78.70000000;0.00000000;-14.37184966;36.22014221;1.39574195;1.72251588;-0.40005733;-0.48348636;0.00000000;0.00000000
788;78.80000000;0.00000000;-14.28074830;36.17899534;1.38996735;1.74524553;-0.44724286;-0.41523713;0.00000000;0.00000000
789;78.90000000;0.00000000;-14.19163172;36.13369904;1.38677122;1.76683446;-0.48310476;-0.31126875;0.00000000;0.00000000
790;79.00000000;0.00000000;-14.10370805;36.08612648;1.38820724;1.77114597;-0.50949661;-0.32735603;0.00000000;0.00000000
791;79.10000000;0.00000000;-14.01711711;36.03619808;1.39412254;1.78374481;-0.54857597;-0.40816638;0.00000000;0.00000000
792;79.20000000;0.00000000;-13.93318120;35.98190941;1.39654541;1.80402224;-0.59112988;-0.38095149;0.00000000;0.00000000
793;79.30000000;0.00000000;-13.85114052;35.92479570;1.40150549;1.78911759;-0.62476627;-0.34722147;0.00000000;0.00000000
794;79.40000000;0.00000000;-13.77104804;35.86499047;1.41024389;1.78303017;-0.66057418;-0.33611663;0.00000000;0.00000000
795;79.50000000;0.00000000;-13.69330201;35.80215118;1.42079414;1.77834957;-0.69198959;-0.27627965;0.00000000;0.00000000
796;79.60000000;0.00000000;-13.61711529;35.73742848;1.42890573;1.75934902;-0.71583011;-0.22914774;0.00000000;0.00000000
797;79.70000000;0.00000000;-13.54245063;35.67095314;1.43603231;1.74818509;-0.73781914;-0.24003741;0.00000000;0.00000000
798;79.80000000;0.00000000;-13.46918066;35.60294135;1.44798546;1.72394786;-0.76383759;-0.27202927;0.00000000;0.00000000
799;79.90000000;0.00000000;-13.39807364;35.53267138;1.46361006;1.70205215;-0.79222499;-0.24179136;0.00000000;0.00000000
800;80.00000000;0.00000000;-13.32878346;35.46061401;1.48333746;1.68834028;-0.81219586;-0.16524504;0.00000000;0.00000000
801;80.10000000;0.00000000;-13.26054033;35.38756210;1.50403190;1.68191624;-0.82527400;-0.12015256;0.00000000;0.00000000
802;80.20000000;0.00000000;-13.19315737;35.31371606;1.50266974;1.68259185;-0.83622637;-0.11135912;0.00000000;0.00000000
803;80.30000000;0.00000000;-13.12653043;35.23918667;1.50693259;1.67329817;-0.84754583;-0.12064384;0.00000000;0.00000000
804;80.40000000;0.00000000;-13.06083811;35.16383618;1.51654911;1.65037116;-0.86035514;-0.09276536;0.00000000;0.00000000
805;80.50000000;0.00000000;-12.99614113;35.08762340;1.53134624;1.61782234;-0.86609890;-0.06433493;0.00000000;0.00000000
806;80.60000000;0.00000000;-12.93131578;35.01151975;1.54680826;1.58932523;-0.87322212;-0.08460063;0.00000000;0.00000000
807;80.70000000;0.00000000;-12.86771134;34.93439332;1.54863893;1.56826418;-0.88301902;-0.06402274;0.00000000;0.00000000
808;80.80000000;0.00000000;-12.80438958;34.85703430;1.55653619;1.55372718;-0.88602667;-0.02443351;0.00000000;0.00000000
809;80.90000000;0.00000000;-12.74125002;34.77952642;1.57053731;1.54576787;-0.88790573;-0.01409443;0.00000000;0.00000000
810;81.00000000;0.00000000;-12.67821935;34.70192987;1.59057334;1.54439317;-0.88884556;-0.00419229;0.00000000;0.00000000
811;81.10000000;0.00000000;-12.61522554;34.62430338;1.61650884;1.53207216;-0.88874418;0.00504675;0.00000000;0.00000000
812;81.20000000;0.00000000;-12.55217913;34.54671961;1.64719092;1.51117372;-0.88783621;0.01274704;0.00000000;0.00000000
813;81.30000000;0.00000000;-12.48904446;34.46920765;1.65812970;1.49248121;-0.88619478;0.02136250;0.00000000;0.00000000
814;81.40000000;0.00000000;-12.42574375;34.39183133;1.67428530;1.48010485;-0.88356371;0.02484455;0.00000000;0.00000000
815;81.50000000;0.00000000;-12.36220225;34.31465287;1.69649068;1.47358577;-0.88122586;0.00879520;0.00000000;0.00000000
816;81.60000000;0.00000000;-12.29854047;34.23757341;1.72436359;1.45978891;-0.88180467;0.00744729;0.00000000;0.00000000
817;81.70000000;0.00000000;-12.23508821;34.16032127;1.71532117;1.44195293;-0.87973641;0.02455022;0.00000000;0.00000000
818;81.80000000;0.00000000;-12.17110805;34.08350570;1.70623819;1.43021233;-0.87689462;0.01098343;0.00000000;0.00000000
819;81.90000000;0.00000000;-12.10721773;34.00661542;1.70217010;1.42552011;-0.87753972;0.00569970;0.00000000;0.00000000
820;82.00000000;0.00000000;-12.04333674;33.92971737;1.70395545;1.42784127;-0.87575468;0.03960128;0.00000000;0.00000000
821;82.10000000;0.00000000;-11.97917317;33.85305669;1.71195477;1.43346991;-0.86961947;0.07928973;0.00000000;0.00000000
822;82.20000000;0.00000000;-11.91435379;33.77694867;1.72656298;1.44145774;-0.85989674;0.12643795;0.00000000;0.00000000
823;82.30000000;0.00000000;-11.84871086;33.70154909;1.73476737;1.44836017;-0.84433188;0.14539721;0.00000000;0.00000000
824;82.40000000;0.00000000;-11.78155592;33.62749753;1.72989423;1.45323752;-0.83081729;0.10821416;0.00000000;0.00000000
825;82.50000000;0.00000000;-11.71389947;33.55389975;1.72569577;1.45743865;-0.82268904;0.09955174;0.00000000;0.00000000
826;82.60000000;0.00000000;-11.64554981;33.48094986;1.72330913;1.46069092;-0.81090695;0.12959027;0.00000000;0.00000000
827;82.70000000;0.00000000;-11.57618000;33.40896864;1.72811977;1.46253646;-0.79677099;0.12390448;0.00000000;0.00000000
828;82.80000000;0.00000000;-11.50579306;33.33797754;1.74008004;1.46296281;-0.78612605;0.11220510;0.00000000;0.00000000
829;82.90000000;0.00000000;-11.43490438;33.26748720;1.75834750;1.45282818;-0.77432997;0.14094411;0.00000000;0.00000000
830;83.00000000;0.00000000;-11.36286363;33.19817754;1.78363140;1.42535060;-0.75793723;0.16578871;0.00000000;0.00000000
831;83.10000000;0.00000000;-11.28970554;33.13005171;1.79016525;1.40286662;-0.74117223;0.17260289;0.00000000;0.00000000
832;83.20000000;0.00000000;-11.21538450;33.06319854;1.77137687;1.38552966;-0.72341665;0.18279850;0.00000000;0.00000000
833;83.30000000;0.00000000;-11.13985500;32.99771406;1.75989773;1.37343797;-0.70461253;0.19166214;0.00000000;0.00000000
834;83.40000000;0.00000000;-11.06307210;32.93370191;1.75598273;1.36662709;-0.68508422;0.17451738;0.00000000;0.00000000
835;83.50000000;0.00000000;-10.98503899;32.87121310;1.75972122;1.36514189;-0.66970905;0.18080157;0.00000000;0.00000000
836;83.60000000;0.00000000;-10.90632064;32.80958913;1.75777867;1.36936221;-0.64892391;0.23448384;0.00000000;0.00000000
837;83.70000000;0.00000000;-10.82576160;32.75039995;1.74994992;1.37141012;-0.62281229;0.19992240;0.00000000;0.00000000
838;83.80000000;0.00000000;-10.74393861;32.69297234;1.74998060;1.37855871;-0.60893943;0.09811279;0.00000000;0.00000000
839;83.90000000;0.00000000;-10.66176455;32.63603803;1.75631578;1.39226832;-0.60318973;0.08343128;0.00000000;0.00000000
840;84.00000000;0.00000000;-10.57928352;32.57955302;1.74062067;1.40221969;-0.59225317;0.16206908;0.00000000;0.00000000
841;84.10000000;0.00000000;-10.49589343;32.52443598;1.72846610;1.41466415;-0.57077591;0.20198948;0.00000000;0.00000000
842;84.20000000;0.00000000;-10.41106179;32.47154394;1.71960135;1.43139762;-0.55185528;0.10164274;0.00000000;0.00000000
843;84.30000000;0.00000000;-10.32563631;32.41961534;1.69074632;1.44093377;-0.55044736;-0.01063855;0.00000000;0.00000000
844;84.40000000;0.00000000;-10.24065591;32.36696228;1.66656354;1.43901486;-0.55398299;0.01363088;0.00000000;0.00000000
845;84.50000000;0.00000000;-10.15559985;32.31443098;1.64824138;1.44388814;-0.54772119;0.08744648;0.00000000;0.00000000
846;84.60000000;0.00000000;-10.06996986;32.26284820;1.63693881;1.45452977;-0.53649369;0.10245425;0.00000000;0.00000000
847;84.70000000;0.00000000;-9.98375648;32.21224030;1.63282957;1.47078698;-0.52723034;0.08082919;0.00000000;0.00000000
848;84.80000000;0.00000000;-9.89718253;32.16225098;1.63554950;1.49288078;-0.52032786;0.04991795;0.00000000;0.00000000
849;84.90000000;0.00000000;-9.81027794;32.11283757;1.62616914;1.52060520;-0.51724675;0.02753953;0.00000000;0.00000000
850;85.00000000;0.00000000;-9.72339711;32.06338241;1.59091246;1.52666413;-0.51481995;0.04949886;0.00000000;0.00000000
851;85.10000000;0.00000000;-9.63625393;32.01439151;1.56178527;1.53071750;-0.50734698;0.06687084;0.00000000;0.00000000
852;85.20000000;0.00000000;-9.54864523;31.96624120;1.53955619;1.54030563;-0.50144578;0.02184198;0.00000000;0.00000000
853;85.30000000;0.00000000;-9.46092987;31.91828215;1.52379200;1.55605464;-0.50297858;-0.03995537;0.00000000;0.00000000
854;85.40000000;0.00000000;-9.37346864;31.86986319;1.51395213;1.57850025;-0.50943686;-0.06133996;0.00000000;0.00000000
855;85.50000000;0.00000000;-9.28637999;31.82077517;1.50991211;1.60758963;-0.51524657;-0.01630245;0.00000000;0.00000000
856;85.60000000;0.00000000;-9.19948626;31.77134268;1.51208832;1.64262568;-0.51269735;0.02091166;0.00000000;0.00000000
857;85.70000000;0.00000000;-9.11214848;31.72269931;1.50436308;1.65372585;-0.51106424;-0.03240435;0.00000000;0.00000000
858;85.80000000;0.00000000;-9.02509418;31.67355114;1.48942280;1.65061403;-0.51917822;-0.08989173;0.00000000;0.00000000
859;85.90000000;0.00000000;-8.93855915;31.62349802;1.47971825;1.65424735;-0.52904259;-0.08007706;0.00000000;0.00000000
860;86.00000000;0.00000000;-8.85249176;31.57264230;1.45750388;1.66481086;-0.53519363;-0.02947385;0.00000000;0.00000000
861;86.10000000;0.00000000;-8.76657732;31.52152742;1.44159480;1.68155788;-0.53493736;0.00249532;0.00000000;0.00000000
862;86.20000000;0.00000000;-8.68048312;31.47071537;1.43285350;1.70367401;-0.53469456;-0.04863124;0.00000000;0.00000000
863;86.30000000;0.00000000;-8.59454357;31.41964204;1.42486270;1.70729645;-0.54466361;-0.09945378;0.00000000;0.00000000
864;86.40000000;0.00000000;-8.50947958;31.36712370;1.42160782;1.70512870;-0.55458532;-0.08047780;0.00000000;0.00000000
865;86.50000000;0.00000000;-8.42457042;31.31435523;1.42508093;1.70911025;-0.56075917;-0.07325367;0.00000000;0.00000000
866;86.60000000;0.00000000;-8.34016288;31.26079152;1.43459255;1.71983846;-0.56923605;-0.07486727;0.00000000;0.00000000
867;86.70000000;0.00000000;-8.25616080;31.20659139;1.45020561;1.73264736;-0.57573262;-0.06112045;0.00000000;0.00000000
868;86.80000000;0.00000000;-8.17245516;31.15193474;1.45678655;1.71243770;-0.58146014;-0.06007018;0.00000000;0.00000000
869;86.90000000;0.00000000;-8.08907952;31.09677599;1.45222701;1.69848000;-0.58774666;-0.06576973;0.00000000;0.00000000
870;87.00000000;0.00000000;-8.00606753;31.04107115;1.45388519;1.69098476;-0.59461409;-0.07431388;0.00000000;0.00000000
871;87.10000000;0.00000000;-7.92345688;30.98477219;1.46167940;1.69009921;-0.60260943;-0.13130127;0.00000000;0.00000000
872;87.20000000;0.00000000;-7.84134595;30.92774692;1.47534982;1.69599777;-0.62087434;-0.19002374;0.00000000;0.00000000
873;87.30000000;0.00000000;-7.76085170;30.86847212;1.49036278;1.69184338;-0.64061418;-0.13675275;0.00000000;0.00000000
874;87.40000000;0.00000000;-7.68105618;30.80825108;1.50421177;1.67801752;-0.64822489;-0.06193075;0.00000000;0.00000000
875;87.50000000;0.00000000;-7.60146846;30.74775411;1.51771874;1.66453371;-0.65300033;-0.07490142;0.00000000;0.00000000
876;87.60000000;0.00000000;-7.52225248;30.68677426;1.53062109;1.65304435;-0.66320518;-0.13411916;0.00000000;0.00000000
877;87.70000000;0.00000000;-7.44392105;30.62466963;1.54210128;1.64863896;-0.67982416;-0.15600006;0.00000000;0.00000000
878;87.80000000;0.00000000;-7.36677446;30.56109040;1.55169913;1.63184375;-0.69440519;-0.12945035;0.00000000;0.00000000
879;87.90000000;0.00000000;-7.29028225;30.49672399;1.56027677;1.62207163;-0.70571423;-0.08888019;0.00000000;0.00000000
880;88.00000000;0.00000000;-7.21459275;30.43141577;1.56761993;1.61472758;-0.71218123;-0.05435681;0.00000000;0.00000000
881;88.10000000;0.00000000;-7.13893943;30.36606542;1.57490770;1.60743899;-0.71658559;-0.08282160;0.00000000;0.00000000
882;88.20000000;0.00000000;-7.06382933;30.30009406;1.58137169;1.60097451;-0.72874555;-0.14018902;0.00000000;0.00000000
883;88.30000000;0.00000000;-6.98979281;30.23292806;1.58623099;1.60107600;-0.74462340;-0.13873366;0.00000000;0.00000000
884;88.40000000;0.00000000;-6.91681498;30.16460510;1.58952292;1.60659439;-0.75649228;-0.08005247;0.00000000;0.00000000
885;88.50000000;0.00000000;-6.84438844;30.09569582;1.59404945;1.59400613;-0.76063389;-0.04863020;0.00000000;0.00000000
886;88.60000000;0.00000000;-6.77197795;30.02676968;1.60227568;1.58764846;-0.76621832;-0.05668187;0.00000000;0.00000000
887;88.70000000;0.00000000;-6.70032576;29.95705600;1.59683642;1.58627768;-0.77197026;-0.02900728;0.00000000;0.00000000
888;88.80000000;0.00000000;-6.62871296;29.88730143;1.59758962;1.58496366;-0.77201977;-0.01946925;0.00000000;0.00000000
889;88.90000000;0.00000000;-6.55706747;29.81758046;1.59894972;1.57848647;-0.77586411;-0.07479086;0.00000000;0.00000000
890;89.00000000;0.00000000;-6.48599677;29.74728094;1.60517213;1.55630025;-0.78697795;-0.10795804;0.00000000;0.00000000
891;89.10000000;0.00000000;-6.41591903;29.67598535;1.60125592;1.53931817;-0.79745572;-0.03956341;0.00000000;0.00000000
892;89.20000000;0.00000000;-6.34633353;29.60420844;1.59655811;1.52567868;-0.79489063;0.04593051;0.00000000;0.00000000
893;89.30000000;0.00000000;-6.27589047;29.53327279;1.59620980;1.51731187;-0.78826962;0.02506276;0.00000000;0.00000000
894;89.40000000;0.00000000;-6.20536055;29.46242352;1.59908649;1.51538513;-0.78987808;-0.03356547;0.00000000;0.00000000
895;89.50000000;0.00000000;-6.13514654;29.39126214;1.60774360;1.51605518;-0.79498272;-0.05285258;0.00000000;0.00000000
896;89.60000000;0.00000000;-6.06534397;29.31969690;1.62195800;1.51730164;-0.80044859;-0.05181460;0.00000000;0.00000000
897;89.70000000;0.00000000;-5.99591175;29.24777190;1.64164357;1.51906423;-0.80534564;-0.04801619;0.00000000;0.00000000
898;89.80000000;0.00000000;-5.92681306;29.17552605;1.66104032;1.52128941;-0.81005183;-0.02388498;0.00000000;0.00000000
899;89.90000000;0.00000000;-5.85806072;29.10295054;1.65833666;1.52399243;-0.81012263;0.00845736;0.00000000;0.00000000
900;90.00000000;0.00000000;-5.78897247;29.03069514;1.66084341;1.52623175;-0.80836036;0.00769842;0.00000000;0.00000000
901;90.10000000;0.00000000;-5.71996491;28.95836255;1.66709009;1.52858266;-0.80858295;0.01011359;0.00000000;0.00000000
902;90.20000000;0.00000000;-5.65090898;28.88607655;1.65505195;1.53086644;-0.80633764;0.01598256;0.00000000;0.00000000
903;90.30000000;0.00000000;-5.58157717;28.81405444;1.64935895;1.53276867;-0.80538644;-0.00324176;0.00000000;0.00000000
904;90.40000000;0.00000000;-5.51238348;28.74189956;1.64952398;1.53486239;-0.80698599;0.00790502;0.00000000;0.00000000
905;90.50000000;0.00000000;-5.44328240;28.66965600;1.65219964;1.53708428;-0.80380543;0.03952246;0.00000000;0.00000000
906;90.60000000;0.00000000;-5.37363171;28.59794332;1.64442867;1.53854232;-0.79908150;0.02661050;0.00000000;0.00000000
907;90.70000000;0.00000000;-5.30385119;28.52635583;1.64289623;1.53982010;-0.79848333;0.00574608;0.00000000;0.00000000
908;90.80000000;0.00000000;-5.23411418;28.45472595;1.64155798;1.54115860;-0.79793228;0.02664585;0.00000000;0.00000000
909;90.90000000;0.00000000;-5.16425544;28.38321605;1.62699187;1.54232621;-0.79315416;0.01843764;0.00000000;0.00000000
910;91.00000000;0.00000000;-5.09383723;28.31225597;1.60668457;1.54270957;-0.79424476;-0.00422379;0.00000000;0.00000000
911;91.10000000;0.00000000;-5.02413399;28.24059322;1.58973163;1.54409518;-0.79399892;0.03591434;0.00000000;0.00000000
912;91.20000000;0.00000000;-4.95368153;28.16966841;1.57573952;1.54442937;-0.78706189;0.06075434;0.00000000;0.00000000
913;91.30000000;0.00000000;-4.88299082;28.09897961;1.56834366;1.54442824;-0.78184805;0.07290063;0.00000000;0.00000000
914;91.40000000;0.00000000;-4.81180350;28.02879418;1.56800921;1.54807970;-0.77248176;0.10043153;0.00000000;0.00000000
915;91.50000000;0.00000000;-4.73980274;27.95944352;1.57519657;1.54671530;-0.76176175;0.06341491;0.00000000;0.00000000
916;91.60000000;0.00000000;-4.66712563;27.89079893;1.57887041;1.53908218;-0.75979878;0.00754575;0.00000000;0.00000000
917;91.70000000;0.00000000;-4.59485146;27.82172986;1.57739985;1.53850830;-0.76025260;-0.00039718;0.00000000;0.00000000
918;91.80000000;0.00000000;-4.52223654;27.75301921;1.57742073;1.54392635;-0.75987822;0.01456944;0.00000000;0.00000000
919;91.90000000;0.00000000;-4.44991088;27.68400448;1.58242135;1.55059347;-0.75733871;0.05110639;0.00000000;0.00000000
920;92.00000000;0.00000000;-4.37695078;27.61566622;1.59004037;1.56209390;-0.74965694;0.05261580;0.00000000;0.00000000
921;92.10000000;0.00000000;-4.30357331;27.54777066;1.58765715;1.57925380;-0.74681555;0.02982510;0.00000000;0.00000000
922;92.20000000;0.00000000;-4.23022352;27.47984580;1.59149368;1.59126640;-0.74369192;0.05160141;0.00000000;0.00000000
923;92.30000000;0.00000000;-4.15642326;27.41240990;1.59601672;1.58676588;-0.73649527;0.07110031;0.00000000;0.00000000
924;92.40000000;0.00000000;-4.08210301;27.34554741;1.60752532;1.58149210;-0.72947186;0.04835487;0.00000000;0.00000000
925;92.50000000;0.00000000;-4.00736305;27.27915502;1.60899431;1.57558903;-0.72682429;0.01625993;0.00000000;0.00000000
926;92.60000000;0.00000000;-3.93268991;27.21268710;1.61222301;1.56978664;-0.72621987;0.02461281;0.00000000;0.00000000
927;92.70000000;0.00000000;-3.85787007;27.14638539;1.61824520;1.56724149;-0.72190173;0.05295975;0.00000000;0.00000000
928;92.80000000;0.00000000;-3.78262597;27.08056508;1.62154379;1.56310958;-0.71562792;0.03838645;0.00000000;0.00000000
929;92.90000000;0.00000000;-3.70697949;27.01520683;1.60305238;1.55026701;-0.71422444;0.01493144;0.00000000;0.00000000
930;93.00000000;0.00000000;-3.63155053;26.94959765;1.59031008;1.54333077;-0.71264163;0.01116025;0.00000000;0.00000000
931;93.10000000;0.00000000;-3.55569799;26.88447959;1.58443601;1.53654130;-0.71199239;-0.01891876;0.00000000;0.00000000
932;93.20000000;0.00000000;-3.48018553;26.81896980;1.58434005;1.53675944;-0.71642538;-0.01648784;0.00000000;0.00000000
933;93.30000000;0.00000000;-3.40491330;26.75318183;1.59017387;1.54383183;-0.71528996;0.04069884;0.00000000;0.00000000
934;93.40000000;0.00000000;-3.32925083;26.68784244;1.59746546;1.55671621;-0.70828561;0.07495131;0.00000000;0.00000000
935;93.50000000;0.00000000;-3.25306394;26.62311494;1.60555911;1.57506321;-0.70029970;0.04651921;0.00000000;0.00000000
936;93.60000000;0.00000000;-3.17636789;26.55899257;1.60362388;1.57519569;-0.69898177;-0.02045986;0.00000000;0.00000000
937;93.70000000;0.00000000;-3.10001195;26.49446720;1.58765603;1.56040924;-0.70439167;-0.03895804;0.00000000;0.00000000
938;93.80000000;0.00000000;-3.02401370;26.42951838;1.57731931;1.55248781;-0.70677338;0.03941145;0.00000000;0.00000000
939;93.90000000;0.00000000;-2.94796619;26.36463020;1.57335778;1.55090479;-0.69650938;0.10007310;0.00000000;0.00000000
940;94.00000000;0.00000000;-2.87065076;26.30125500;1.57771121;1.55131119;-0.68675876;0.03385959;0.00000000;0.00000000
941;94.10000000;0.00000000;-2.79335086;26.23786085;1.58833300;1.55445089;-0.68973746;-0.02891238;0.00000000;0.00000000
942;94.20000000;0.00000000;-2.71641518;26.17402686;1.59064859;1.56455360;-0.69254123;0.00390424;0.00000000;0.00000000
943;94.30000000;0.00000000;-2.63947304;26.11020114;1.57444218;1.58091536;-0.68895661;0.03460623;0.00000000;0.00000000
944;94.40000000;0.00000000;-2.56208087;26.04691967;1.56517295;1.59026851;-0.68561999;0.03945970;0.00000000;0.00000000
945;94.50000000;0.00000000;-2.48471345;25.98360795;1.56221976;1.60077234;-0.68106467;0.04985302;0.00000000;0.00000000
946;94.60000000;0.00000000;-2.40674855;25.92103467;1.56660480;1.61348462;-0.67564938;0.03112224;0.00000000;0.00000000
947;94.70000000;0.00000000;-2.32869998;25.85856457;1.57745803;1.60523080;-0.67484022;0.00653543;0.00000000;0.00000000
948;94.80000000;0.00000000;-2.25063335;25.79611708;1.58847940;1.59418558;-0.67434230;0.00068889;0.00000000;0.00000000
949;94.90000000;0.00000000;-2.17252261;25.73372475;1.58609286;1.58307038;-0.67470245;0.01879975;0.00000000;0.00000000
950;95.00000000;0.00000000;-2.09450097;25.67122104;1.57316170;1.57531979;-0.67058235;0.05072734;0.00000000;0.00000000
951;95.10000000;0.00000000;-2.01587941;25.60947497;1.56748222;1.57292734;-0.66455698;0.03030457;0.00000000;0.00000000
952;95.20000000;0.00000000;-1.93711024;25.54791600;1.56840623;1.57664413;-0.66452143;-0.01840350;0.00000000;0.00000000
953;95.30000000;0.00000000;-1.85848421;25.48617545;1.57545517;1.58239879;-0.66823768;-0.02868894;0.00000000;0.00000000
954;95.40000000;0.00000000;-1.78017474;25.42403273;1.58689660;1.59346731;-0.67025922;0.04637390;0.00000000;0.00000000
955;95.50000000;0.00000000;-1.70179841;25.36197435;1.59844528;1.58876810;-0.65896290;0.12335068;0.00000000;0.00000000
956;95.60000000;0.00000000;-1.62210835;25.30161908;1.61213203;1.57101007;-0.64558908;0.07555135;0.00000000;0.00000000
957;95.70000000;0.00000000;-1.54210041;25.24167903;1.59102497;1.55602242;-0.64385263;-0.00544214;0.00000000;0.00000000
958;95.80000000;0.00000000;-1.46219835;25.18159873;1.57153585;1.54411499;-0.64667751;-0.01930912;0.00000000;0.00000000
959;95.90000000;0.00000000;-1.38253031;25.12120759;1.55784186;1.53901319;-0.64771445;0.06314455;0.00000000;0.00000000
960;96.00000000;0.00000000;-1.30275258;25.06096138;1.55066727;1.54021456;-0.63404860;0.14223200;0.00000000;0.00000000
961;96.10000000;0.00000000;-1.22146569;25.00277130;1.55246957;1.54534622;-0.61926805;0.09083714;0.00000000;0.00000000
962;96.20000000;0.00000000;-1.13994223;24.94490942;1.56108844;1.55581210;-0.61588117;0.03120737;0.00000000;0.00000000
963;96.30000000;0.00000000;-1.05826134;24.88727009;1.57628220;1.53553798;-0.61302658;0.02978861;0.00000000;0.00000000
964;96.40000000;0.00000000;-0.97640893;24.82987462;1.59355553;1.51912735;-0.60992345;0.03316972;0.00000000;0.00000000
965;96.50000000;0.00000000;-0.89437184;24.77274330;1.59504314;1.50885274;-0.60639264;0.03806887;0.00000000;0.00000000
966;96.60000000;0.00000000;-0.81211602;24.71592717;1.59116070;1.50477861;-0.60230968;0.04116366;0.00000000;0.00000000
967;96.70000000;0.00000000;-0.72961513;24.65946764;1.57719884;1.50690635;-0.59815990;0.05647841;0.00000000;0.00000000
968;96.80000000;0.00000000;-0.64689081;24.60333630;1.56914114;1.51299209;-0.59101399;0.09704897;0.00000000;0.00000000
969;96.90000000;0.00000000;-0.56359454;24.54806364;1.56846239;1.52072341;-0.57875011;0.12948637;0.00000000;0.00000000
970;97.00000000;0.00000000;-0.47952120;24.49397975;1.57555837;1.53353990;-0.56511672;0.11366703;0.00000000;0.00000000
971;97.10000000;0.00000000;-0.39474594;24.44099667;1.59021132;1.55142579;-0.55601670;0.05213771;0.00000000;0.00000000
972;97.20000000;0.00000000;-0.30969927;24.38844997;1.60510670;1.55371108;-0.55468918;0.01059120;0.00000000;0.00000000
973;97.30000000;0.00000000;-0.22478348;24.33569205;1.60272449;1.55354117;-0.55389846;0.04804022;0.00000000;0.00000000
974;97.40000000;0.00000000;-0.13965402;24.28328005;1.60697710;1.54192768;-0.54508113;0.12129025;0.00000000;0.00000000
975;97.50000000;0.00000000;-0.05382521;24.23203020;1.61875141;1.53538750;-0.52964041;0.15313991;0.00000000;0.00000000
976;97.60000000;0.00000000;0.03287754;24.18227419;1.61286840;1.53361170;-0.51445315;0.12152103;0.00000000;0.00000000
977;97.70000000;0.00000000;0.12022705;24.13365241;1.60535761;1.52476842;-0.50533621;0.07167085;0.00000000;0.00000000
978;97.80000000;0.00000000;0.20782702;24.08548311;1.60457119;1.50955922;-0.50011898;0.05398520;0.00000000;0.00000000
979;97.90000000;0.00000000;0.29567939;24.03777526;1.61052780;1.50034375;-0.49453917;0.09177177;0.00000000;0.00000000
980;98.00000000;0.00000000;0.38381169;23.99058639;1.62321599;1.49716927;-0.48176463;0.13385844;0.00000000;0.00000000
981;98.10000000;0.00000000;0.47285245;23.94513929;1.64381726;1.49870148;-0.46776748;0.10857786;0.00000000;0.00000000
982;98.20000000;0.00000000;0.56227056;23.90043602;1.67095526;1.50605004;-0.46004906;0.09305328;0.00000000;0.00000000
983;98.30000000;0.00000000;0.65200336;23.85636825;1.66766057;1.51925327;-0.44915682;0.12334420;0.00000000;0.00000000
984;98.40000000;0.00000000;0.74236902;23.81362576;1.65855812;1.52953926;-0.43538022;0.11463011;0.00000000;0.00000000
985;98.50000000;0.00000000;0.83328204;23.77204665;1.65673854;1.51053057;-0.42623080;0.08117451;0.00000000;0.00000000
986;98.60000000;0.00000000;0.92441988;23.73096249;1.65505358;1.49742509;-0.41914531;0.10330176;0.00000000;0.00000000
987;98.70000000;0.00000000;1.01590967;23.69067730;1.65556588;1.49004993;-0.40557045;0.13094868;0.00000000;0.00000000
988;98.80000000;0.00000000;1.10812930;23.65208226;1.66393269;1.48752239;-0.39295558;0.08160044;0.00000000;0.00000000
989;98.90000000;0.00000000;1.20061003;23.61411640;1.67889406;1.49102598;-0.38925036;0.03487160;0.00000000;0.00000000
990;99.00000000;0.00000000;1.29311338;23.57620570;1.68937124;1.49806163;-0.38598126;0.08160306;0.00000000;0.00000000
991;99.10000000;0.00000000;1.38584023;23.53884536;1.66878754;1.50052527;-0.37292975;0.13979132;0.00000000;0.00000000
992;99.20000000;0.00000000;1.47929830;23.50336318;1.65449966;1.49670286;-0.35802299;0.14761361;0.00000000;0.00000000
993;99.30000000;0.00000000;1.57309724;23.46878363;1.64713282;1.49858668;-0.34340703;0.15511412;0.00000000;0.00000000
994;99.40000000;0.00000000;1.66754971;23.43604920;1.64777304;1.50516751;-0.32700017;0.13629615;0.00000000;0.00000000
995;99.50000000;0.00000000;1.76243220;23.40456566;1.65578017;1.50537751;-0.31614780;0.11777044;0.00000000;0.00000000
996;99.60000000;0.00000000;1.85757809;23.37388720;1.65351423;1.50458834;-0.30344608;0.14022014;0.00000000;0.00000000
997;99.70000000;0.00000000;1.95322365;23.34482578;1.65376318;1.50874276;-0.28810377;0.14587037;0.00000000;0.00000000
998;99.80000000;0.00000000;2.04926642;23.31708058;1.66141124;1.50153034;-0.27427201;0.14240477;0.00000000;0.00000000
999;99.90000000;0.00000000;2.14567961;23.29067582;1.67637030;1.49158651;-0.25962281;0.12745893;0.00000000;0.00000000
1000;100.00000000;0.00000000;2.24249376;23.26575598;1.67723802;1.48676722;-0.24878022;0.08417313;0.00000000;0.00000000
1001;100.10000000;0.00000000;2.33946308;23.24144649;1.66737251;1.48803187;-0.24278819;0.05669801;0.00000000;0.00000000
1002;100.20000000;0.00000000;2.43656913;23.21768858;1.66403537;1.49542614;-0.23744062;0.04996145;0.00000000;0.00000000
1003;100.30000000;0.00000000;2.53379310;23.19441751;1.66719870;1.48423400;-0.23279590;0.06862446;0.00000000;0.00000000
1004;100.40000000;0.00000000;2.63111583;23.17156263;1.67531425;1.47909182;-0.22371573;0.14967212;0.00000000;0.00000000
1005;100.50000000;0.00000000;2.72873165;23.15006426;1.65832209;1.47930962;-0.20286147;0.17858586;0.00000000;0.00000000
1006;100.60000000;0.00000000;2.82692276;23.13128694;1.65000442;1.48349622;-0.18799856;0.08164308;0.00000000;0.00000000
1007;100.70000000;0.00000000;2.92514951;23.11269672;1.64791167;1.49418532;-0.18653286;0.01012836;0.00000000;0.00000000
1008;100.80000000;0.00000000;3.02339529;23.09420730;1.65197985;1.50737859;-0.18597288;0.01045558;0.00000000;0.00000000
1009;100.90000000;0.00000000;3.12164280;23.07572710;1.66207132;1.52455173;-0.18444174;0.04932500;0.00000000;0.00000000
1010;101.00000000;0.00000000;3.21994236;23.05753907;1.65810751;1.53702435;-0.17610788;0.08956856;0.00000000;0.00000000
1011;101.10000000;0.00000000;3.31848423;23.04069890;1.64162380;1.52197518;-0.16652803;0.13173505;0.00000000;0.00000000
1012;101.20000000;0.00000000;3.41710822;23.02439851;1.63165673;1.51284933;-0.14976087;0.15398001;0.00000000;0.00000000
1013;101.30000000;0.00000000;3.51615923;23.01087159;1.63058483;1.50749270;-0.13573203;0.10162842;0.00000000;0.00000000
1014;101.40000000;0.00000000;3.61520860;22.99734359;1.63563248;1.50875684;-0.12943519;0.05547566;0.00000000;0.00000000
1015;101.50000000;0.00000000;3.71442212;22.98506512;1.64799138;1.51537069;-0.12463690;0.00600125;0.00000000;0.00000000
1016;101.60000000;0.00000000;3.81359818;22.97248809;1.66597282;1.52796274;-0.12823494;-0.03622657;0.00000000;0.00000000
1017;101.70000000;0.00000000;3.91272066;22.95949601;1.65952019;1.54097117;-0.13188221;0.00049974;0.00000000;0.00000000
1018;101.80000000;0.00000000;4.01180159;22.94619598;1.64622550;1.55428866;-0.12813499;0.03082395;0.00000000;0.00000000
1019;101.90000000;0.00000000;4.11101865;22.93394712;1.63398163;1.56655207;-0.12571742;-0.01555798;0.00000000;0.00000000
1020;102.00000000;0.00000000;4.21016335;22.92112624;1.62116669;1.57938927;-0.13124659;-0.01774883;0.00000000;0.00000000
1021;102.10000000;0.00000000;4.30923856;22.90778102;1.60782849;1.59275257;-0.12926719;0.01755152;0.00000000;0.00000000
1022;102.20000000;0.00000000;4.40843324;22.89535273;1.59540682;1.58564075;-0.12773628;0.01744711;0.00000000;0.00000000
1023;102.30000000;0.00000000;4.50754897;22.88231090;1.58464179;1.56981648;-0.12577777;0.05675935;0.00000000;0.00000000
1024;102.40000000;0.00000000;4.60679155;22.87027126;1.58115073;1.55924188;-0.11638441;0.08437649;0.00000000;0.00000000
1025;102.50000000;0.00000000;4.70613501;22.85909366;1.58484020;1.55416746;-0.10890247;0.02723885;0.00000000;0.00000000
1026;102.60000000;0.00000000;4.80554654;22.84854037;1.59052286;1.55488721;-0.11093664;-0.01955351;0.00000000;0.00000000
1027;102.70000000;0.00000000;4.90484375;22.83695870;1.60036904;1.56304660;-0.11281317;0.02364471;0.00000000;0.00000000
1028;102.80000000;0.00000000;5.00421520;22.82603237;1.61699710;1.57397444;-0.10620770;0.02261026;0.00000000;0.00000000
1029;102.90000000;0.00000000;5.10365662;22.81576349;1.61593606;1.58424479;-0.10829112;-0.02124539;0.00000000;0.00000000
1030;103.00000000;0.00000000;5.20298173;22.80442318;1.60458757;1.59558711;-0.11045678;0.02220755;0.00000000;0.00000000
1031;103.10000000;0.00000000;5.30237791;22.79372367;1.59388095;1.60628858;-0.10384961;0.02154765;0.00000000;0.00000000
1032;103.20000000;0.00000000;5.40184414;22.78369683;1.58384802;1.61128322;-0.10614725;-0.02484580;0.00000000;0.00000000
1033;103.30000000;0.00000000;5.50119014;22.77254068;1.57268433;1.59570285;-0.10881877;-0.02979000;0.00000000;0.00000000
1034;103.40000000;0.00000000;5.60060144;22.76198253;1.56211961;1.58100253;-0.11210525;-0.03524630;0.00000000;0.00000000
1035;103.50000000;0.00000000;5.69987199;22.75017362;1.55030252;1.57263817;-0.11586803;-0.04031860;0.00000000;0.00000000
1036;103.60000000;0.00000000;5.79920108;22.73886765;1.54348881;1.57009893;-0.12016897;-0.08849714;0.00000000;0.00000000
1037;103.70000000;0.00000000;5.89836630;22.72620528;1.54176908;1.57528048;-0.13356746;-0.08444838;0.00000000;0.00000000
1038;103.80000000;0.00000000;5.99735665;22.71224199;1.54521419;1.58805333;-0.13705865;0.01521245;0.00000000;0.00000000
1039;103.90000000;0.00000000;6.09643106;22.69888752;1.55570073;1.60138884;-0.13052497;0.06840653;0.00000000;0.00000000
1040;104.00000000;0.00000000;6.19559548;22.68621892;1.57316301;1.60366393;-0.12337734;0.07376493;0.00000000;0.00000000
1041;104.10000000;0.00000000;6.29485061;22.67428207;1.57487931;1.58517877;-0.11577198;-0.00767013;0.00000000;0.00000000
1042;104.20000000;0.00000000;6.39419618;22.66312325;1.56412424;1.57206288;-0.12491137;-0.09495083;0.00000000;0.00000000
1043;104.30000000;0.00000000;6.49321449;22.64937449;1.55710590;1.56784460;-0.13476215;-0.01097195;0.00000000;0.00000000
1044;104.40000000;0.00000000;6.59232087;22.63626073;1.55713057;1.56935315;-0.12710576;0.08368032;0.00000000;0.00000000
1045;104.50000000;0.00000000;6.69153998;22.62402954;1.56444545;1.57632478;-0.11802608;0.04846002;0.00000000;0.00000000
1046;104.60000000;0.00000000;6.79086804;22.61271756;1.57898395;1.58764746;-0.11741375;-0.00189937;0.00000000;0.00000000
1047;104.70000000;0.00000000;6.89010195;22.60060791;1.59627124;1.59976974;-0.11840596;0.02996985;0.00000000;0.00000000
1048;104.80000000;0.00000000;6.98940744;22.58909883;1.58911477;1.61129016;-0.11141978;0.03711918;0.00000000;0.00000000
1049;104.90000000;0.00000000;7.08880095;22.57837684;1.57839564;1.61280632;-0.11098212;0.00576518;0.00000000;0.00000000
1050;105.00000000;0.00000000;7.18811634;22.56695470;1.56697706;1.59593553;-0.11026675;0.01443226;0.00000000;0.00000000
1051;105.10000000;0.00000000;7.28752479;22.55637496;1.55903014;1.58435687;-0.10809567;0.02773087;0.00000000;0.00000000
1052;105.20000000;0.00000000;7.38688903;22.54538416;1.55705917;1.57944822;-0.10472057;0.03584432;0.00000000;0.00000000
1053;105.30000000;0.00000000;7.48636620;22.53547572;1.56258371;1.57683552;-0.10092681;-0.00363112;0.00000000;0.00000000
1054;105.40000000;0.00000000;7.58581098;22.52523915;1.57412322;1.57775877;-0.10544680;-0.00969470;0.00000000;0.00000000
1055;105.50000000;0.00000000;7.68519534;22.51443177;1.59130757;1.58557020;-0.10286575;0.07463881;0.00000000;0.00000000
1056;105.60000000;0.00000000;7.78469065;22.50470878;1.60498333;1.56345430;-0.09051903;0.09450001;0.00000000;0.00000000
1057;105.70000000;0.00000000;7.88431051;22.49635867;1.60158844;1.54543851;-0.08396574;0.06376555;0.00000000;0.00000000
1058;105.80000000;0.00000000;7.98392582;22.48794043;1.60435930;1.53380803;-0.07776592;0.06325178;0.00000000;0.00000000
1059;105.90000000;0.00000000;8.08364104;22.48082622;1.61462907;1.52733322;-0.07131539;0.02333431;0.00000000;0.00000000
1060;106.00000000;0.00000000;8.18335666;22.47369378;1.63095546;1.52740616;-0.07309906;-0.02137828;0.00000000;0.00000000
1061;106.10000000;0.00000000;8.28304755;22.46622378;1.65284873;1.53434476;-0.07559104;0.02060885;0.00000000;0.00000000
1062;106.20000000;0.00000000;8.38272645;22.45859444;1.65887705;1.53161290;-0.06897729;0.07945373;0.00000000;0.00000000
1063;106.30000000;0.00000000;8.48250515;22.45244387;1.65273114;1.50678702;-0.05970030;0.09739045;0.00000000;0.00000000
1064;106.40000000;0.00000000;8.58230845;22.44666516;1.64810834;1.48790677;-0.04949920;0.14253758;0.00000000;0.00000000
1065;106.50000000;0.00000000;8.68219128;22.44255148;1.65120685;1.47391393;-0.03119278;0.15030232;0.00000000;0.00000000
1066;106.60000000;0.00000000;8.78213631;22.44042995;1.65886041;1.46462615;-0.01943874;0.10288042;0.00000000;0.00000000
1067;106.70000000;0.00000000;8.88209119;22.43866519;1.67048420;1.46177316;-0.01061670;0.12155785;0.00000000;0.00000000
1068;106.80000000;0.00000000;8.98205885;22.43830735;1.68933396;1.46179695;0.00487283;0.16124213;0.00000000;0.00000000
1069;106.90000000;0.00000000;9.08201834;22.43963941;1.71543907;1.46046487;0.02163173;0.13051309;0.00000000;0.00000000
1070;107.00000000;0.00000000;9.18194197;22.44263184;1.74266134;1.45747298;0.03097545;0.08867232;0.00000000;0.00000000
1071;107.10000000;0.00000000;9.28186120;22.44583161;1.74586075;1.45427381;0.03936619;0.12342901;0.00000000;0.00000000
1072;107.20000000;0.00000000;9.38172011;22.45050041;1.75052881;1.44960645;0.05566125;0.16990056;0.00000000;0.00000000
1073;107.30000000;0.00000000;9.48147965;22.45695412;1.75698120;1.44315556;0.07334630;0.17484527;0.00000000;0.00000000
1074;107.40000000;0.00000000;9.58111115;22.46515129;1.76517638;1.43496299;0.09063030;0.17078162;0.00000000;0.00000000
1075;107.50000000;0.00000000;9.68058819;22.47504895;1.77507132;1.42507219;0.10750263;0.20059776;0.00000000;0.00000000
1076;107.60000000;0.00000000;9.77988654;22.48660287;1.78662182;1.41352797;0.13074986;0.23445778;0.00000000;0.00000000
1077;107.70000000;0.00000000;9.87878938;22.50111242;1.80112659;1.39903453;0.15439418;0.15792443;0.00000000;0.00000000
1078;107.80000000;0.00000000;9.97743119;22.51734729;1.80403165;1.38282116;0.16233474;0.05283348;0.00000000;0.00000000
1079;107.90000000;0.00000000;10.07609969;22.53342710;1.79184985;1.36874746;0.16496088;0.05603181;0.00000000;0.00000000
1080;108.00000000;0.00000000;10.17465537;22.55017992;1.78587377;1.36120385;0.17354111;0.09363676;0.00000000;0.00000000
1081;108.10000000;0.00000000;10.27303269;22.56795034;1.78651639;1.35994860;0.18368823;0.12902948;0.00000000;0.00000000
1082;108.20000000;0.00000000;10.37122818;22.58669970;1.79373329;1.36503648;0.19934700;0.16313537;0.00000000;0.00000000
1083;108.30000000;0.00000000;10.46899480;22.60754062;1.80856687;1.37526818;0.21631530;0.13315043;0.00000000;0.00000000
1084;108.40000000;0.00000000;10.56649804;22.62961097;1.81549929;1.38625557;0.22597709;0.08133036;0.00000000;0.00000000
1085;108.50000000;0.00000000;10.66385019;22.65233863;1.81183791;1.38207318;0.23258138;0.06139990;0.00000000;0.00000000
1086;108.60000000;0.00000000;10.76105346;22.67569490;1.78763026;1.38446759;0.23825707;0.07029784;0.00000000;0.00000000
1087;108.70000000;0.00000000;10.85814167;22.69952624;1.76544004;1.39356076;0.24664095;0.09010578;0.00000000;0.00000000
1088;108.80000000;0.00000000;10.95493630;22.72450818;1.74986915;1.40789469;0.25627822;0.08493742;0.00000000;0.00000000
1089;108.90000000;0.00000000;11.05154736;22.75020632;1.73366883;1.40285511;0.26362843;0.08365359;0.00000000;0.00000000
1090;109.00000000;0.00000000;11.14796530;22.77660874;1.71607928;1.40419964;0.27300894;0.09306585;0.00000000;0.00000000
1091;109.10000000;0.00000000;11.24407646;22.80411452;1.69353934;1.41149754;0.28224160;0.08083919;0.00000000;0.00000000
1092;109.20000000;0.00000000;11.33999280;22.83229342;1.67736071;1.42509461;0.28917678;0.05871037;0.00000000;0.00000000
1093;109.30000000;0.00000000;11.43571310;22.86112958;1.66771461;1.44482674;0.29398367;0.00273575;0.00000000;0.00000000
1094;109.40000000;0.00000000;11.53135263;22.89022884;1.66430434;1.46537405;0.28972393;-0.05135133;0.00000000;0.00000000
1095;109.50000000;0.00000000;11.62731604;22.91824875;1.66576792;1.48661919;0.28371341;-0.03691785;0.00000000;0.00000000
1096;109.60000000;0.00000000;11.72330040;22.94619679;1.67313946;1.50202717;0.28234036;-0.00975267;0.00000000;0.00000000
1097;109.70000000;0.00000000;11.81934039;22.97395307;1.68576374;1.51820074;0.28176287;-0.01246151;0.00000000;0.00000000
1098;109.80000000;0.00000000;11.91535697;23.00179025;1.66718190;1.52161350;0.27984806;-0.03593221;0.00000000;0.00000000
1099;109.90000000;0.00000000;12.01150239;23.02917848;1.65303986;1.51471273;0.27457643;-0.05817897;0.00000000;0.00000000
1100;110.00000000;0.00000000;12.10780674;23.05600169;1.64427690;1.51498083;0.26821226;-0.06860349;0.00000000;0.00000000
1101;110.10000000;0.00000000;12.20429244;23.08216382;1.63806337;1.52251192;0.26085573;-0.07427370;0.00000000;0.00000000
1102;110.20000000;0.00000000;12.30098037;23.10756708;1.62308130;1.53553093;0.25335752;-0.07608017;0.00000000;0.00000000
1103;110.30000000;0.00000000;12.39784771;23.13227943;1.60979157;1.55143639;0.24563970;-0.08910292;0.00000000;0.00000000
1104;110.40000000;0.00000000;12.49491547;23.15618708;1.59407158;1.56464590;0.23553694;-0.11307663;0.00000000;0.00000000
1105;110.50000000;0.00000000;12.59226094;23.17893695;1.58284827;1.57956220;0.22302437;-0.13801867;0.00000000;0.00000000
1106;110.60000000;0.00000000;12.68989642;23.20040822;1.57123153;1.58835012;0.20793321;-0.19751416;0.00000000;0.00000000
1107;110.70000000;0.00000000;12.78787859;23.22020889;1.56421805;1.58819660;0.18352154;-0.25084398;0.00000000;0.00000000
1108;110.80000000;0.00000000;12.88644582;23.23688975;1.56040296;1.58487399;0.15776441;-0.23223014;0.00000000;0.00000000
1109;110.90000000;0.00000000;12.98532412;23.25161980;1.56101251;1.58856274;0.13707551;-0.22199237;0.00000000;0.00000000
1110;111.00000000;0.00000000;13.08449852;23.26420925;1.56585651;1.59600642;0.11336594;-0.24476472;0.00000000;0.00000000
1111;111.10000000;0.00000000;13.18396489;23.27423587;1.57447825;1.61217405;0.08812257;-0.25523301;0.00000000;0.00000000
1112;111.20000000;0.00000000;13.28364732;23.28180433;1.58204050;1.61819632;0.06231933;-0.27009746;0.00000000;0.00000000
1113;111.30000000;0.00000000;13.38349627;23.28668665;1.58691997;1.61331395;0.03410308;-0.29568070;0.00000000;0.00000000
1114;111.40000000;0.00000000;13.48344505;23.28862069;1.58885331;1.61137992;0.00318319;-0.32174927;0.00000000;0.00000000
1115;111.50000000;0.00000000;13.58340392;23.28732300;1.58755558;1.61267761;-0.03024678;-0.34923601;0.00000000;0.00000000
1116;111.60000000;0.00000000;13.68325926;23.28257511;1.58280637;1.61742547;-0.06666401;-0.38485672;0.00000000;0.00000000
1117;111.70000000;0.00000000;13.78285888;23.27400680;1.57423296;1.62599370;-0.10721812;-0.42319136;0.00000000;0.00000000
1118;111.80000000;0.00000000;13.88199707;23.26118478;1.56139875;1.63881583;-0.15130228;-0.43611186;0.00000000;0.00000000
1119;111.90000000;0.00000000;13.98044732;23.24388098;1.54407259;1.65612088;-0.19444049;-0.40375768;0.00000000;0.00000000
1120;112.00000000;0.00000000;14.07811224;23.22256411;1.52744503;1.67479532;-0.23205382;-0.39889850;0.00000000;0.00000000
1121;112.10000000;0.00000000;14.17497499;23.19791199;1.51381882;1.66816187;-0.27422019;-0.47063499;0.00000000;0.00000000
1122;112.20000000;0.00000000;14.27047344;23.16845158;1.50172650;1.65617399;-0.32618081;-0.52559995;0.00000000;0.00000000
1123;112.30000000;0.00000000;14.36425033;23.13388712;1.49084597;1.65554900;-0.37934018;-0.51198060;0.00000000;0.00000000
1124;112.40000000;0.00000000;14.45608781;23.09445681;1.48138492;1.66615503;-0.42857693;-0.52202183;0.00000000;0.00000000
1125;112.50000000;0.00000000;14.54602395;23.05083480;1.47403173;1.68713762;-0.48374455;-0.59650676;0.00000000;0.00000000
1126;112.60000000;0.00000000;14.63296364;23.00152985;1.46655232;1.71469297;-0.54787828;-0.62849703;0.00000000;0.00000000
1127;112.70000000;0.00000000;14.71657562;22.94676592;1.45364599;1.73951654;-0.60944395;-0.60657236;0.00000000;0.00000000
1128;112.80000000;0.00000000;14.79679510;22.88716050;1.44164017;1.74522134;-0.66919275;-0.62331416;0.00000000;0.00000000
1129;112.90000000;0.00000000;14.87327025;22.82282970;1.43048128;1.75995784;-0.73410679;-0.63927512;0.00000000;0.00000000
1130;113.00000000;0.00000000;14.94507828;22.75335855;1.41931824;1.77857796;-0.79704778;-0.59728910;0.00000000;0.00000000
1131;113.10000000;0.00000000;15.01288705;22.67992144;1.40950833;1.79568192;-0.85356461;-0.59765995;0.00000000;0.00000000
1132;113.20000000;0.00000000;15.07642514;22.60276285;1.40108650;1.82287955;-0.91657977;-0.64675945;0.00000000;0.00000000
1133;113.30000000;0.00000000;15.13446387;22.52138692;1.39283954;1.79880782;-0.98291650;-0.65490402;0.00000000;0.00000000
1134;113.40000000;0.00000000;15.18722254;22.43652253;1.38075765;1.78464780;-1.04756057;-0.60826294;0.00000000;0.00000000
1135;113.50000000;0.00000000;15.23428679;22.34834351;1.36700965;1.78259187;-1.10456909;-0.56351712;0.00000000;0.00000000
1136;113.60000000;0.00000000;15.27705298;22.25801435;1.35568673;1.79092230;-1.16026400;-0.59933760;0.00000000;0.00000000
1137;113.70000000;0.00000000;15.31401058;22.16518170;1.34535789;1.80894042;-1.22443661;-0.64359919;0.00000000;0.00000000
1138;113.80000000;0.00000000;15.34486319;22.07012688;1.33591182;1.81541793;-1.28898384;-0.59669894;0.00000000;0.00000000
1139;113.90000000;0.00000000;15.36956714;21.97328821;1.32750532;1.83044995;-1.34377639;-0.47766807;0.00000000;0.00000000
1140;114.00000000;0.00000000;15.38984446;21.87540452;1.32204772;1.81018284;-1.38451745;-0.43156308;0.00000000;0.00000000
1141;114.10000000;0.00000000;15.40658855;21.77685047;1.32054238;1.79344719;-1.43008901;-0.50210614;0.00000000;0.00000000
1142;114.20000000;0.00000000;15.41787254;21.67752669;1.32108933;1.78216748;-1.48493868;-0.53383440;0.00000000;0.00000000
1143;114.30000000;0.00000000;15.42372621;21.57773561;1.32374767;1.77631500;-1.53685589;-0.49164067;0.00000000;0.00000000
1144;114.40000000;0.00000000;15.42465463;21.47778000;1.32467597;1.77538657;4.69991850;-0.40872708;0.00000000;0.00000000
1145;114.50000000;0.00000000;15.42123368;21.37787171;1.32560218;1.77880772;4.66458400;-0.34577940;0.00000000;0.00000000
1146;114.60000000;0.00000000;15.41510166;21.27810013;1.33008949;1.78494082;4.63076262;-0.36223528;0.00000000;0.00000000
1147;114.70000000;0.00000000;15.40493624;21.17865627;1.33205867;1.79510952;4.59213694;-0.36847679;0.00000000;0.00000000
1148;114.80000000;0.00000000;15.39112199;21.07965051;1.33784337;1.80893031;4.55706726;-0.33597640;0.00000000;0.00000000
1149;114.90000000;0.00000000;15.37401135;20.98115776;1.34772323;1.82080925;4.52494166;-0.32148829;0.00000000;0.00000000
1150;115.00000000;0.00000000;15.35386760;20.88323779;1.36184425;1.80169162;4.49276960;-0.31106311;0.00000000;0.00000000
1151;115.10000000;0.00000000;15.33045892;20.78604773;1.37343613;1.78683729;4.46272904;-0.27737768;0.00000000;0.00000000
1152;115.20000000;0.00000000;15.30447273;20.68951703;1.37585838;1.77950109;4.43729406;-0.24332810;0.00000000;0.00000000
1153;115.30000000;0.00000000;15.27615347;20.59364652;1.38310086;1.76939001;4.41406342;-0.22260787;0.00000000;0.00000000
1154;115.40000000;0.00000000;15.24571276;20.49842925;1.39528650;1.76231885;4.39277249;-0.20424999;0.00000000;0.00000000
1155;115.50000000;0.00000000;15.21333837;20.40385208;1.41246047;1.76293954;4.37321342;-0.19541070;0.00000000;0.00000000
1156;115.60000000;0.00000000;15.17919704;20.30989775;1.41145743;1.77108141;4.35369035;-0.19724174;0.00000000;0.00000000
1157;115.70000000;0.00000000;15.14315632;20.21665891;1.39955080;1.77024850;4.33376507;-0.17830045;0.00000000;0.00000000
1158;115.80000000;0.00000000;15.10529776;20.12413621;1.39277147;1.76095349;4.31803026;-0.13837946;0.00000000;0.00000000
1159;115.90000000;0.00000000;15.06633808;20.03207037;1.39195959;1.74932476;4.30608918;-0.11611444;0.00000000;0.00000000
1160;116.00000000;0.00000000;15.02628014;19.94047641;1.39712268;1.72412896;4.29480737;-0.13017435;0.00000000;0.00000000
1161;116.10000000;0.00000000;14.98525319;19.84931296;1.40832780;1.70451494;4.28005431;-0.14674671;0.00000000;0.00000000
1162;116.20000000;0.00000000;14.94251275;19.75894551;1.42461813;1.69247467;4.26545803;-0.10523842;0.00000000;0.00000000
1163;116.30000000;0.00000000;14.89884248;19.66901851;1.44665100;1.68731299;4.25900663;-0.04782936;0.00000000;0.00000000
1164;116.40000000;0.00000000;14.85493727;19.57920525;1.47219756;1.68832711;4.25589216;-0.05779423;0.00000000;0.00000000
1165;116.50000000;0.00000000;14.81070866;19.48955396;1.50000950;1.68333189;4.24744778;-0.07848607;0.00000000;0.00000000
1166;116.60000000;0.00000000;14.76529296;19.40049496;1.53093743;1.65892603;4.24019495;-0.03968978;0.00000000;0.00000000
1167;116.70000000;0.00000000;14.71976729;19.31149212;1.54346317;1.64038201;4.23950982;-0.01282594;0.00000000;0.00000000
1168;116.80000000;0.00000000;14.67422960;19.22249543;1.55171637;1.62779073;4.23762976;-0.02200982;0.00000000;0.00000000
1169;116.90000000;0.00000000;14.62836967;19.13366456;1.56596277;1.62163961;4.23510786;-0.02257571;0.00000000;0.00000000
1170;117.00000000;0.00000000;14.58238369;19.04489869;1.58299592;1.60012300;4.23311462;-0.01019702;0.00000000;0.00000000
1171;117.10000000;0.00000000;14.53617004;18.95625144;1.57394994;1.57021799;4.23306846;0.02760109;0.00000000;0.00000000
1172;117.20000000;0.00000000;14.49017681;18.86749163;1.57147273;1.54078632;4.23863483;0.05142887;0.00000000;0.00000000
1173;117.30000000;0.00000000;14.44495277;18.77833516;1.57621141;1.51653482;4.24335423;0.03026945;0.00000000;0.00000000
1174;117.40000000;0.00000000;14.39979844;18.68914337;1.58732227;1.49849583;4.24468872;0.05204551;0.00000000;0.00000000
1175;117.50000000;0.00000000;14.35481251;18.59986650;1.60478116;1.48678536;4.25376333;0.09009391;0.00000000;0.00000000
1176;117.60000000;0.00000000;14.31128497;18.50987131;1.62976632;1.48011701;4.26270751;0.05983891;0.00000000;0.00000000
1177;117.70000000;0.00000000;14.26790316;18.41980406;1.66055773;1.48002324;4.26573112;0.04416760;0.00000000;0.00000000
1178;117.80000000;0.00000000;14.22492032;18.32954662;1.67376660;1.48302126;4.27154103;0.07204366;0.00000000;0.00000000
1179;117.90000000;0.00000000;14.18258841;18.23898230;1.68682152;1.46536090;4.28013985;0.10951373;0.00000000;0.00000000
1180;118.00000000;0.00000000;14.14116514;18.14800137;1.70661984;1.44545207;4.29344377;0.14200668;0.00000000;0.00000000
1181;118.10000000;0.00000000;14.10125748;18.05634258;1.72866183;1.43060840;4.30854119;0.14629461;0.00000000;0.00000000
1182;118.20000000;0.00000000;14.06259854;17.96414943;1.73047936;1.42129493;4.32270269;0.14468173;0.00000000;0.00000000
1183;118.30000000;0.00000000;14.02530269;17.87139744;1.72494934;1.41578987;4.33747753;0.15096763;0.00000000;0.00000000
1184;118.40000000;0.00000000;13.98938544;17.77810477;1.72501358;1.41105014;4.35289622;0.18215006;0.00000000;0.00000000
1185;118.50000000;0.00000000;13.95496821;17.68424998;1.71117403;1.41178300;4.37390754;0.24032003;0.00000000;0.00000000
1186;118.60000000;0.00000000;13.92300683;17.58954480;1.70569694;1.40783698;4.40096023;0.26271301;0.00000000;0.00000000
1187;118.70000000;0.00000000;13.89371617;17.49396929;1.70887452;1.39768043;4.42645015;0.24705698;0.00000000;0.00000000
1188;118.80000000;0.00000000;13.86661973;17.39774890;1.72014048;1.39234612;4.45037162;0.25025111;0.00000000;0.00000000
1189;118.90000000;0.00000000;13.84193339;17.30088168;1.72576566;1.39168398;4.47650037;0.27360579;0.00000000;0.00000000
1190;119.00000000;0.00000000;13.81989953;17.20337573;1.72015259;1.39546895;4.50509278;0.29962421;0.00000000;0.00000000
1191;119.10000000;0.00000000;13.80078933;17.10525329;1.70107838;1.40340458;4.53642521;0.32768588;0.00000000;0.00000000
1192;119.20000000;0.00000000;13.78490439;17.00655563;1.68522040;1.41512957;4.57062996;0.31067073;0.00000000;0.00000000
1193;119.30000000;0.00000000;13.77254564;16.90735237;1.67287919;1.42749330;4.59855936;0.29241100;0.00000000;0.00000000
1194;119.40000000;0.00000000;13.76219556;16.80791967;1.66254214;1.43784696;4.62911216;0.36079194;0.00000000;0.00000000
1195;119.50000000;0.00000000;13.75591796;16.70814651;1.65626996;1.44412574;4.67071775;0.43157092;0.00000000;0.00000000
1196;119.60000000;0.00000000;13.75386809;16.60819788;1.65422102;1.44617556;-1.56775897;0.46544549;0.00000000;0.00000000
1197;119.70000000;0.00000000;13.75652507;16.50826628;1.65687828;1.44351881;-1.51937846;0.44926567;0.00000000;0.00000000
1198;119.80000000;0.00000000;13.76414059;16.40858932;1.66449829;1.43791874;-1.47790583;0.42069265;0.00000000;0.00000000
1199;119.90000000;0.00000000;13.77506695;16.30923055;1.67543509;1.42971052;-1.43523993;0.48129283;0.00000000;0.00000000
1200;120.00000000;0.00000000;13.79114765;16.21057998;1.69154027;1.42326400;-1.38164727;0.54544915;0.00000000;0.00000000
1201;120.10000000;0.00000000;13.81263768;16.11297480;1.71307740;1.41831316;-1.32615010;0.53399313;0.00000000;0.00000000
1202;120.20000000;0.00000000;13.83954739;16.01670711;1.72635775;1.41481510;-1.27484864;0.51661108;0.00000000;0.00000000
1203;120.30000000;0.00000000;13.87091773;15.92183106;1.73145130;1.41370165;-1.22282789;0.52950285;0.00000000;0.00000000
1204;120.40000000;0.00000000;13.90767658;15.82888264;1.74232873;1.41393003;-1.16894807;0.52605287;0.00000000;0.00000000
1205;120.50000000;0.00000000;13.94907083;15.73792998;1.74831897;1.41617415;-1.11761731;0.49621845;0.00000000;0.00000000
1206;120.60000000;0.00000000;13.99515941;15.64923976;1.75672794;1.42025565;-1.06970438;0.49234643;0.00000000;0.00000000
1207;120.70000000;0.00000000;14.04507767;15.56264582;1.74656450;1.42699003;-1.01914803;0.55811193;0.00000000;0.00000000
1208;120.80000000;0.00000000;14.09987602;15.47907272;1.74782449;1.43496128;-0.95808200;0.59474639;0.00000000;0.00000000
1209;120.90000000;0.00000000;14.15996651;15.39921158;1.73959300;1.44340426;-0.90019875;0.57803800;0.00000000;0.00000000
1210;121.00000000;0.00000000;14.22406679;15.32250881;1.73067368;1.45232180;-0.84247440;0.57092381;0.00000000;0.00000000
1211;121.10000000;0.00000000;14.29296938;15.25008852;1.70347171;1.45611114;-0.78601399;0.53757796;0.00000000;0.00000000
1212;121.20000000;0.00000000;14.36530344;15.18109809;1.67335683;1.46190002;-0.73495880;0.56462773;0.00000000;0.00000000
1213;121.30000000;0.00000000;14.44120488;15.11610029;1.65402272;1.46914756;-0.67308844;0.61985959;0.00000000;0.00000000
1214;121.40000000;0.00000000;14.52148427;15.05657613;1.64754930;1.47616774;-0.61098688;0.57323929;0.00000000;0.00000000
1215;121.50000000;0.00000000;14.60487050;15.00147072;1.65251995;1.48452949;-0.55844058;0.52414333;0.00000000;0.00000000
1216;121.60000000;0.00000000;14.69094694;14.95069937;1.66092001;1.49448167;-0.50615822;0.54152167;0.00000000;0.00000000
1217;121.70000000;0.00000000;14.77962506;14.90459978;1.65221394;1.50572561;-0.45013625;0.56379864;0.00000000;0.00000000
1218;121.80000000;0.00000000;14.87082939;14.86377601;1.64447530;1.51767489;-0.39339849;0.55406210;0.00000000;0.00000000
1219;121.90000000;0.00000000;14.96415827;14.82801236;1.64238002;1.52058276;-0.33932383;0.54042670;0.00000000;0.00000000
1220;122.00000000;0.00000000;15.05925399;14.79726660;1.64820610;1.51057445;-0.28531315;0.54973615;0.00000000;0.00000000
1221;122.10000000;0.00000000;15.15589511;14.77177295;1.64652174;1.50166884;-0.22937660;0.55252351;0.00000000;0.00000000
1222;122.20000000;0.00000000;15.25383543;14.75183458;1.65202422;1.49368302;-0.17480845;0.52838280;0.00000000;0.00000000
1223;122.30000000;0.00000000;15.35268700;14.73701732;1.63722621;1.48716183;-0.12370003;0.50179830;0.00000000;0.00000000
1224;122.40000000;0.00000000;15.45216009;14.72717591;1.62739418;1.48233041;-0.07444879;0.49210079;0.00000000;0.00000000
1225;122.50000000;0.00000000;15.55199503;14.72215160;1.62237282;1.47940184;-0.02527988;0.49033480;0.00000000;0.00000000
1226;122.60000000;0.00000000;15.65195923;14.72212394;1.62234530;1.47822703;0.02361817;0.47731516;0.00000000;0.00000000
1227;122.70000000;0.00000000;15.75181209;14.72687179;1.62709449;1.47347818;0.07018316;0.45755313;0.00000000;0.00000000
1228;122.80000000;0.00000000;15.85134818;14.73614071;1.63636938;1.46976602;0.11512880;0.44611188;0.00000000;0.00000000
1229;122.90000000;0.00000000;15.95037109;14.74983319;1.65007600;1.46839595;0.15940553;0.43186736;0.00000000;0.00000000
1230;123.00000000;0.00000000;16.04869401;14.76786791;1.66813692;1.46497485;0.20150227;0.41487636;0.00000000;0.00000000
1231;123.10000000;0.00000000;16.14621231;14.78983856;1.69014937;1.46232529;0.24238080;0.40145969;0.00000000;0.00000000
1232;123.20000000;0.00000000;16.24272900;14.81584142;1.68976368;1.46235200;0.28179421;0.38727602;0.00000000;0.00000000
1233;123.30000000;0.00000000;16.33821070;14.84542169;1.68281664;1.46548433;0.31983601;0.37511312;0.00000000;0.00000000
1234;123.40000000;0.00000000;16.43246647;14.87868388;1.67949925;1.46482736;0.35681683;0.35303369;0.00000000;0.00000000
1235;123.50000000;0.00000000;16.52549891;14.91523768;1.68562741;1.45524477;0.39044274;0.32563580;0.00000000;0.00000000
1236;123.60000000;0.00000000;16.61730901;14.95476000;1.70079534;1.44928350;0.42194399;0.31570964;0.00000000;0.00000000
1237;123.70000000;0.00000000;16.70785529;14.99709860;1.72286213;1.44711789;0.45358467;0.32474199;0.00000000;0.00000000
1238;123.80000000;0.00000000;16.79697866;15.04234606;1.73424232;1.44861558;0.48689239;0.32484308;0.00000000;0.00000000
1239;123.90000000;0.00000000;16.88451046;15.09062038;1.74930490;1.45358342;0.51855329;0.32234057;0.00000000;0.00000000
1240;124.00000000;0.00000000;16.97060198;15.14142289;1.74755010;1.46223261;0.55136050;0.30787148;0.00000000;0.00000000
1241;124.10000000;0.00000000;17.05478812;15.19533751;1.72675610;1.46198292;0.58012758;0.25876717;0.00000000;0.00000000
1242;124.20000000;0.00000000;17.13782134;15.25101023;1.71105773;1.45316187;0.60311394;0.23946330;0.00000000;0.00000000
1243;124.30000000;0.00000000;17.21943548;15.30873310;1.70046803;1.44869674;0.62802024;0.26018394;0.00000000;0.00000000
1244;124.40000000;0.00000000;17.29958627;15.36846563;1.69820117;1.44863701;0.65515072;0.27396751;0.00000000;0.00000000
1245;124.50000000;0.00000000;17.37793970;15.43052201;1.70474053;1.45253156;0.68281375;0.24422673;0.00000000;0.00000000
1246;124.60000000;0.00000000;17.45466977;15.49459903;1.71964199;1.45793178;0.70399607;0.20523880;0.00000000;0.00000000
1247;124.70000000;0.00000000;17.53033514;15.55992747;1.71806471;1.46453272;0.72386151;0.22688805;0.00000000;0.00000000
1248;124.80000000;0.00000000;17.60446223;15.62700405;1.71308075;1.46951357;0.74937368;0.23223175;0.00000000;0.00000000
1249;124.90000000;0.00000000;17.67670049;15.69610978;1.68526463;1.47778650;0.77030786;0.19135133;0.00000000;0.00000000
1250;125.00000000;0.00000000;17.74795348;15.76622871;1.66432380;1.48741265;0.78764394;0.20835035;0.00000000;0.00000000
1251;125.10000000;0.00000000;17.81774689;15.83779112;1.65122778;1.49908490;0.81197793;0.25791000;0.00000000;0.00000000
1252;125.20000000;0.00000000;17.88549257;15.91128077;1.64692721;1.51450985;0.83922594;0.23407661;0.00000000;0.00000000
1253;125.30000000;0.00000000;17.95128901;15.98654321;1.65131695;1.53103050;0.85879325;0.16076819;0.00000000;0.00000000
1254;125.40000000;0.00000000;18.01611924;16.06264114;1.63578125;1.52307093;0.87137958;0.12635085;0.00000000;0.00000000
1255;125.50000000;0.00000000;18.08000203;16.13953770;1.62575928;1.51505167;0.88406342;0.14334513;0.00000000;0.00000000
1256;125.60000000;0.00000000;18.14288179;16.21725635;1.62314593;1.51231024;0.90004861;0.17440603;0.00000000;0.00000000
1257;125.70000000;0.00000000;18.20427161;16.29615267;1.62856984;1.51427414;0.91894463;0.18739768;0.00000000;0.00000000
1258;125.80000000;0.00000000;18.26416678;16.37618725;1.63601802;1.52094433;0.93752814;0.18375795;0.00000000;0.00000000
1259;125.90000000;0.00000000;18.32258119;16.45730835;1.62601911;1.53229857;0.95569621;0.18065861;0.00000000;0.00000000
1260;126.00000000;0.00000000;18.37952970;16.53946649;1.60898349;1.54450358;0.97365987;0.18953686;0.00000000;0.00000000
1261;126.10000000;0.00000000;18.43499421;16.62263590;1.59851209;1.54710429;0.99360359;0.19882379;0.00000000;0.00000000
1262;126.20000000;0.00000000;18.48862390;16.70700383;1.58619378;1.55395834;1.01342462;0.18132211;0.00000000;0.00000000
1263;126.30000000;0.00000000;18.54074982;16.79230798;1.58188772;1.56542230;1.02986801;0.14517328;0.00000000;0.00000000
1264;126.40000000;0.00000000;18.59157489;16.87839109;1.57751727;1.58164239;1.04245928;0.11583671;0.00000000;0.00000000
1265;126.50000000;0.00000000;18.64153623;16.96498048;1.56412353;1.59160321;1.05303535;0.11573151;0.00000000;0.00000000
1266;126.60000000;0.00000000;18.69052896;17.05211889;1.55306338;1.58914699;1.06560558;0.13226161;0.00000000;0.00000000
1267;126.70000000;0.00000000;18.73829720;17.13993561;1.54979123;1.57579277;1.07948767;0.14143823;0.00000000;0.00000000
1268;126.80000000;0.00000000;18.78485325;17.22840280;1.55433308;1.56534552;1.09389323;0.14552653;0.00000000;0.00000000
1269;126.90000000;0.00000000;18.83007307;17.31756142;1.56496593;1.55973818;1.10859298;0.14162355;0.00000000;0.00000000
1270;127.00000000;0.00000000;18.87400839;17.40735876;1.55643354;1.55636831;1.12221794;0.13204496;0.00000000;0.00000000
1271;127.10000000;0.00000000;18.91678116;17.49771427;1.55467666;1.55489982;1.13500197;0.12669250;0.00000000;0.00000000
1272;127.20000000;0.00000000;18.95840573;17.58860394;1.56060166;1.55858712;1.14755644;0.12441760;0.00000000;0.00000000
1273;127.30000000;0.00000000;18.99889643;17.68000460;1.56817625;1.56741575;1.15988549;0.12217223;0.00000000;0.00000000
1274;127.40000000;0.00000000;19.03826775;17.77189373;1.57742978;1.57060551;1.17199088;0.12103438;0.00000000;0.00000000
1275;127.50000000;0.00000000;19.07653457;17.86424937;1.58282569;1.57208247;1.18409237;0.12283119;0.00000000;0.00000000
1276;127.60000000;0.00000000;19.11367129;17.95706616;1.58953855;1.56925739;1.19655712;0.12164971;0.00000000;0.00000000
1277;127.70000000;0.00000000;19.14962429;18.05034755;1.59251402;1.56921610;1.20842231;0.11369933;0.00000000;0.00000000
1278;127.80000000;0.00000000;19.18454780;18.14401837;1.60249690;1.54932032;1.21929699;0.11615997;0.00000000;0.00000000
1279;127.90000000;0.00000000;19.21846324;18.23805846;1.61965677;1.53021499;1.23165430;0.12784772;0.00000000;0.00000000
1280;128.00000000;0.00000000;19.25106047;18.33256139;1.61298217;1.51607868;1.24486653;0.12238278;0.00000000;0.00000000
1281;128.10000000;0.00000000;19.28247937;18.42746459;1.61082143;1.50720586;1.25613086;0.10577102;0.00000000;0.00000000
1282;128.20000000;0.00000000;19.31294013;18.52267989;1.61586309;1.50392819;1.26602073;0.10025709;0.00000000;0.00000000
1283;128.30000000;0.00000000;19.34247600;18.61818644;1.62800221;1.50632054;1.27618227;0.11119366;0.00000000;0.00000000
1284;128.40000000;0.00000000;19.37099535;18.71400049;1.64717061;1.51396548;1.28825946;0.12690115;0.00000000;0.00000000
1285;128.50000000;0.00000000;19.39821581;18.81019209;1.64661076;1.52094278;1.30156251;0.12698490;0.00000000;0.00000000
1286;128.60000000;0.00000000;19.42417639;18.90673188;1.64116689;1.51744310;1.31365644;0.07104510;0.00000000;0.00000000
1287;128.70000000;0.00000000;19.44906279;19.00355502;1.64291332;1.51065636;1.31577152;0.02728378;0.00000000;0.00000000
1288;128.80000000;0.00000000;19.47461497;19.10020459;1.65003914;1.50384417;1.31911320;0.07169195;0.00000000;0.00000000
1289;128.90000000;0.00000000;19.49885376;19.19719208;1.66449138;1.49121696;1.33010991;0.10485541;0.00000000;0.00000000
1290;129.00000000;0.00000000;19.52227429;19.29438030;1.68448658;1.48438411;1.34008428;0.10578773;0.00000000;0.00000000
1291;129.10000000;0.00000000;19.54457353;19.39183161;1.67393215;1.48311698;1.35126746;0.10796692;0.00000000;0.00000000
1292;129.20000000;0.00000000;19.56581456;19.48951895;1.67039258;1.48749729;1.36167767;0.09956441;0.00000000;0.00000000
1293;129.30000000;0.00000000;19.58608011;19.58741329;1.67382596;1.49756118;1.37118034;0.09012127;0.00000000;0.00000000
1294;129.40000000;0.00000000;19.60546084;19.68548666;1.68409569;1.50900802;1.37970192;0.07995270;0.00000000;0.00000000
1295;129.50000000;0.00000000;19.62405512;19.78371223;1.67604546;1.49759224;1.38717088;0.06908000;0.00000000;0.00000000
1296;129.60000000;0.00000000;19.64196875;19.88206430;1.65954357;1.48748784;1.39351792;0.09601697;0.00000000;0.00000000
1297;129.70000000;0.00000000;19.65931471;19.98051815;1.64398992;1.48348718;1.40637427;0.13638880;0.00000000;0.00000000
1298;129.80000000;0.00000000;19.67469314;20.07929424;1.63640483;1.48422412;1.42079568;0.10496750;0.00000000;0.00000000
1299;129.90000000;0.00000000;19.68919265;20.17820737;1.63579773;1.49079080;1.42736777;0.08793901;0.00000000;0.00000000
1300;130.00000000;0.00000000;19.70327203;20.27718129;1.64171375;1.49943500;1.43838348;0.15587523;0.00000000;0.00000000
1301;130.10000000;0.00000000;19.71558847;20.37638583;1.65541818;1.47920224;1.45854282;0.17891195;0.00000000;0.00000000
1302;130.20000000;0.00000000;19.72566656;20.47584222;1.67440545;1.46328613;1.47416587;0.10782501;0.00000000;0.00000000
1303;130.30000000;0.00000000;19.73487814;20.57538721;1.66519035;1.45321415;1.48010782;0.04178484;0.00000000;0.00000000
1304;130.40000000;0.00000000;19.74377401;20.67496100;1.66018641;1.44966387;1.48252284;0.05286955;0.00000000;0.00000000
1305;130.50000000;0.00000000;19.75250469;20.77454948;1.66136019;1.45283400;1.49068173;0.09041346;0.00000000;0.00000000
1306;130.60000000;0.00000000;19.75977435;20.87425173;1.66999003;1.46010730;1.50060553;0.09668451;0.00000000;0.00000000
1307;130.70000000;0.00000000;19.76652689;20.97399387;1.68502957;1.46686275;1.51001863;0.09184787;0.00000000;0.00000000
1308;130.80000000;0.00000000;19.77191834;21.07381560;1.70712698;1.47225572;1.51897511;0.08677841;0.00000000;0.00000000
1309;130.90000000;0.00000000;19.77688324;21.17366269;1.72370737;1.47722169;1.52737432;0.08130438;0.00000000;0.00000000
1310;131.00000000;0.00000000;19.78059715;21.27356124;1.71999668;1.48093586;1.53523598;0.07557526;0.00000000;0.00000000
1311;131.10000000;0.00000000;19.78399160;21.37347402;1.71660498;1.48433033;1.54248937;0.06948736;0.00000000;0.00000000
1312;131.20000000;0.00000000;19.78625596;21.47341631;1.71434221;1.48659434;1.54913345;0.06312964;0.00000000;0.00000000
1313;131.30000000;0.00000000;19.78832249;21.57336531;1.71227702;1.48866044;1.55511530;0.08834675;0.00000000;0.00000000
1314;131.40000000;0.00000000;19.78939103;21.67332793;1.71120912;1.48972847;1.56680280;0.12080484;0.00000000;0.00000000
1315;131.50000000;0.00000000;19.78912093;21.77329640;1.71147924;1.48945804;1.57927627;0.08369657;0.00000000;0.00000000
1316;131.60000000;0.00000000;19.78769562;21.87325549;1.71290441;1.48803286;1.58354212;0.02592876;0.00000000;0.00000000
1317;131.70000000;0.00000000;19.78657262;21.97321899;1.70779397;1.48690984;1.58446202;0.04153662;0.00000000;0.00000000
1318;131.80000000;0.00000000;19.78496340;22.07317558;1.68218408;1.48530085;1.59184944;0.08328375;0.00000000;0.00000000
1319;131.90000000;0.00000000;19.78236364;22.17311124;1.66317861;1.48270200;1.60111877;0.08475395;0.00000000;0.00000000
1320;132.00000000;0.00000000;19.77890174;22.27302109;1.64934368;1.48047291;1.60880023;0.03570303;0.00000000;0.00000000
1321;132.10000000;0.00000000;19.77476702;22.37290562;1.63799226;1.47977207;1.60825937;-0.02256394;0.00000000;0.00000000
1322;132.20000000;0.00000000;19.77141323;22.47281812;1.63191319;1.48448612;1.60428744;-0.00786718;0.00000000;0.00000000
1323;132.30000000;0.00000000;19.76807209;22.57273251;1.63193410;1.49589387;1.60668594;0.06894290;0.00000000;0.00000000
1324;132.40000000;0.00000000;19.76423901;22.67262921;1.63576736;1.51335017;1.61807602;0.11928665;0.00000000;0.00000000
1325;132.50000000;0.00000000;19.75862310;22.77243667;1.64138369;1.53539805;1.63054327;0.07957667;0.00000000;0.00000000
1326;132.60000000;0.00000000;19.75230064;22.87220698;1.64770669;1.55232697;1.63399136;-0.01955867;0.00000000;0.00000000
1327;132.70000000;0.00000000;19.74599624;22.97197845;1.65294001;1.54602163;1.62663153;-0.09119949;0.00000000;0.00000000
1328;132.80000000;0.00000000;19.74114322;23.07182702;1.62628486;1.54116810;1.61575146;-0.04636362;0.00000000;0.00000000
1329;132.90000000;0.00000000;19.73701113;23.17171199;1.60471186;1.53703571;1.61735881;0.06925487;0.00000000;0.00000000
1330;133.00000000;0.00000000;19.73183708;23.27154604;1.59018231;1.53186107;1.62960243;0.06102806;0.00000000;0.00000000
1331;133.10000000;0.00000000;19.72526071;23.37129808;1.58325238;1.52911059;1.62956442;-0.06706256;0.00000000;0.00000000
1332;133.20000000;0.00000000;19.72009448;23.47112842;1.58120714;1.53429632;1.61618992;-0.08568989;0.00000000;0.00000000
1333;133.30000000;0.00000000;19.71618829;23.57102195;1.58421625;1.54718939;1.61242644;-0.01453885;0.00000000;0.00000000
1334;133.40000000;0.00000000;19.71177342;23.67089379;1.58862773;1.56587254;1.61328215;0.00495901;0.00000000;0.00000000
1335;133.50000000;0.00000000;19.70769628;23.77078024;1.59270191;1.59095554;1.61341824;-0.00187283;0.00000000;0.00000000
1336;133.60000000;0.00000000;19.70325422;23.87065115;1.59714061;1.60401815;1.61290758;-0.04308993;0.00000000;0.00000000
1337;133.70000000;0.00000000;19.69927911;23.97054144;1.60111291;1.60004309;1.60480026;-0.07206452;0.00000000;0.00000000
1338;133.80000000;0.00000000;19.69645695;24.07047054;1.59687069;1.59722162;1.59849468;-0.02931188;0.00000000;0.00000000
1339;133.90000000;0.00000000;19.69374183;24.17040399;1.56947697;1.59450728;1.59893788;0.00843116;0.00000000;0.00000000
1340;134.00000000;0.00000000;19.69083105;24.27033204;1.54825835;1.59159721;1.60018091;0.00458965;0.00000000;0.00000000
1341;134.10000000;0.00000000;19.68786750;24.37025856;1.53332932;1.58863435;1.59985581;-0.01127319;0.00000000;0.00000000
1342;134.20000000;0.00000000;19.68502169;24.47018846;1.52470429;1.58578929;1.59792627;-0.02601255;0.00000000;0.00000000
1343;134.30000000;0.00000000;19.68244379;24.57012556;1.52234021;1.58321222;1.59465330;-0.03807939;0.00000000;0.00000000
1344;134.40000000;0.00000000;19.68025218;24.67007174;1.51992922;1.58102155;1.59031040;-0.07187953;0.00000000;0.00000000
1345;134.50000000;0.00000000;19.67854240;24.77002719;1.52163906;1.57931276;1.58027740;-0.13215527;0.00000000;0.00000000
1346;134.60000000;0.00000000;19.67835669;24.86998920;1.52182492;1.57912751;1.56387934;-0.15105892;0.00000000;0.00000000
1347;134.70000000;0.00000000;19.67992525;24.96994604;1.52025678;1.58069551;1.55006561;-0.12239255;0.00000000;0.00000000
1348;134.80000000;0.00000000;19.68250120;25.06988177;1.51768172;1.58326975;1.53940083;-0.11329593;0.00000000;0.00000000
1349;134.90000000;0.00000000;19.68620126;25.16978183;1.51398323;1.58696646;1.52740643;-0.12488074;0.00000000;0.00000000
1350;135.00000000;0.00000000;19.69117355;25.26962675;1.50901354;1.59193310;1.51442468;-0.13333940;0.00000000;0.00000000
1351;135.10000000;0.00000000;19.69746584;25.36939724;1.50272524;1.59821687;1.50073855;-0.14151067;0.00000000;0.00000000
1352;135.20000000;0.00000000;19.70516894;25.46906900;1.49675008;1.60590789;1.48612255;-0.15090691;0.00000000;0.00000000
1353;135.30000000;0.00000000;19.71437469;25.56861376;1.49593265;1.61509723;1.47055717;-0.16328169;0.00000000;0.00000000
1354;135.40000000;0.00000000;19.72517656;25.66799884;1.50018589;1.62587759;1.45346621;-0.18215364;0.00000000;0.00000000
1355;135.50000000;0.00000000;19.73777902;25.76717177;1.50925857;1.63845218;1.43412644;-0.19723647;0.00000000;0.00000000
1356;135.60000000;0.00000000;19.75241586;25.86606363;1.52282418;1.65305331;1.41401892;-0.20107993;0.00000000;0.00000000
1357;135.70000000;0.00000000;19.76899498;25.96464785;1.53106025;1.66746437;1.39391045;-0.19873505;0.00000000;0.00000000
1358;135.80000000;0.00000000;19.78759576;26.06286974;1.51648309;1.65747019;1.37427191;-0.19924921;0.00000000;0.00000000
1359;135.90000000;0.00000000;19.80803301;26.16072609;1.50653486;1.65262378;1.35406061;-0.21406967;0.00000000;0.00000000
1360;136.00000000;0.00000000;19.83058741;26.25811380;1.50101529;1.63631040;1.33145798;-0.23363280;0.00000000;0.00000000
1361;136.10000000;0.00000000;19.85542499;26.35494310;1.49979343;1.62833641;1.30733405;-0.24742264;0.00000000;0.00000000
1362;136.20000000;0.00000000;19.88264940;26.45112738;1.50275850;1.62895034;1.28197345;-0.25993396;0.00000000;0.00000000
1363;136.30000000;0.00000000;19.91236355;26.54657072;1.50975928;1.63826618;1.25534726;-0.26377018;0.00000000;0.00000000
1364;136.40000000;0.00000000;19.94466829;26.64116753;1.51753484;1.65625564;1.22921941;-0.26061422;0.00000000;0.00000000
1365;136.50000000;0.00000000;19.97932768;26.73493037;1.52229280;1.67948345;1.20322441;-0.26579118;0.00000000;0.00000000
1366;136.60000000;0.00000000;20.01650391;26.82771847;1.52286813;1.66985323;1.17606118;-0.27622850;0.00000000;0.00000000
1367;136.70000000;0.00000000;20.05620287;26.91945991;1.52726808;1.65789681;1.14797871;-0.28734831;0.00000000;0.00000000
1368;136.80000000;0.00000000;20.09852831;27.01001260;1.53530510;1.65479642;1.11859152;-0.27920344;0.00000000;0.00000000
1369;136.90000000;0.00000000;20.14354699;27.09926272;1.54065422;1.65771504;1.09213803;-0.24719244;0.00000000;0.00000000
1370;137.00000000;0.00000000;20.19060635;27.18745884;1.54427899;1.63223127;1.06915303;-0.25187031;0.00000000;0.00000000
1371;137.10000000;0.00000000;20.23967894;27.27454585;1.54772613;1.61482352;1.04176396;-0.30137722;0.00000000;0.00000000
1372;137.20000000;0.00000000;20.29148994;27.36002212;1.55274363;1.60664031;1.00887758;-0.33596704;0.00000000;0.00000000
1373;137.30000000;0.00000000;20.34617934;27.44369461;1.56077769;1.60804906;0.97457056;-0.34958556;0.00000000;0.00000000
1374;137.40000000;0.00000000;20.40372725;27.52541500;1.57170733;1.61126123;0.93896047;-0.34925380;0.00000000;0.00000000
1375;137.50000000;0.00000000;20.46423108;27.60498283;1.58520976;1.59776721;0.90471980;-0.35010044;0.00000000;0.00000000
1376;137.60000000;0.00000000;20.52724113;27.68257976;1.59553629;1.58744522;0.86894038;-0.37832381;0.00000000;0.00000000
1377;137.70000000;0.00000000;20.59327010;27.75760756;1.60190351;1.58107947;0.82905503;-0.40779243;0.00000000;0.00000000
1378;137.80000000;0.00000000;20.66226214;27.82993634;1.60426316;1.57872002;0.78738190;-0.44288556;0.00000000;0.00000000
1379;137.90000000;0.00000000;20.73430689;27.89920502;1.60230266;1.58068226;0.74047792;-0.46408807;0.00000000;0.00000000
1380;138.00000000;0.00000000;20.80976048;27.96474485;1.59529183;1.58768711;0.69456428;-0.45370347;0.00000000;0.00000000
1381;138.10000000;0.00000000;20.88786526;28.02712506;1.58415851;1.59123570;0.64973723;-0.44688799;0.00000000;0.00000000
1382;138.20000000;0.00000000;20.96888721;28.08564772;1.57444114;1.58205684;0.60518669;-0.45389701;0.00000000;0.00000000
1383;138.30000000;0.00000000;21.05223550;28.14083282;1.56696729;1.58323046;0.55895783;-0.45915808;0.00000000;0.00000000
1384;138.40000000;0.00000000;21.13832287;28.19162950;1.56067910;1.59582496;0.51335507;-0.42814301;0.00000000;0.00000000
1385;138.50000000;0.00000000;21.22635528;28.23899665;1.55683795;1.59196908;0.47332922;-0.43681521;0.00000000;0.00000000
1386;138.60000000;0.00000000;21.31623317;28.28274827;1.55535231;1.58299759;0.42599203;-0.47257527;0.00000000;0.00000000
1387;138.70000000;0.00000000;21.40834600;28.32158020;1.55488715;1.57518604;0.37881417;-0.46474669;0.00000000;0.00000000
1388;138.80000000;0.00000000;21.50193483;28.35666465;1.55681877;1.57772261;0.33304269;-0.45956029;0.00000000;0.00000000
1389;138.90000000;0.00000000;21.59720815;28.38691292;1.55769246;1.57615392;0.28690211;-0.45267934;0.00000000;0.00000000
1390;139.00000000;0.00000000;21.69362530;28.41322142;1.55727779;1.57709050;0.24250682;-0.44397407;0.00000000;0.00000000
1391;139.10000000;0.00000000;21.79120413;28.43490274;1.55850702;1.56512840;0.19810730;-0.43449901;0.00000000;0.00000000
1392;139.20000000;0.00000000;21.88957246;28.45255591;1.56203762;1.54746638;0.15560702;-0.42332384;0.00000000;0.00000000
1393;139.30000000;0.00000000;21.98863998;28.46587553;1.56756570;1.53414249;0.11344253;-0.41224134;0.00000000;0.00000000
1394;139.40000000;0.00000000;22.08814668;28.47517981;1.57540593;1.52483625;0.07315875;-0.39953497;0.00000000;0.00000000
1395;139.50000000;0.00000000;22.18796598;28.48048404;1.58070682;1.51953148;0.03353554;-0.38528329;0.00000000;0.00000000
1396;139.60000000;0.00000000;22.28789963;28.48188114;1.58210306;1.51813433;-0.00389791;-0.36484068;0.00000000;0.00000000
1397;139.70000000;0.00000000;22.38783783;28.47970496;1.57992661;1.52031043;-0.03943260;-0.34832720;0.00000000;0.00000000
1398;139.80000000;0.00000000;22.48762181;28.47400149;1.57422078;1.52601312;-0.07356335;-0.33359918;0.00000000;0.00000000
1399;139.90000000;0.00000000;22.58718013;28.46501416;1.56522780;1.53499875;-0.10615244;-0.31783365;0.00000000;0.00000000
1400;140.00000000;0.00000000;22.68638306;28.45282289;1.55302557;1.54718713;-0.13713008;-0.29456715;0.00000000;0.00000000
1401;140.10000000;0.00000000;22.78519666;28.43768864;1.54267456;1.56231777;-0.16506587;-0.27765677;0.00000000;0.00000000
1402;140.20000000;0.00000000;22.88356757;28.41997559;1.53614595;1.58002727;-0.19266143;-0.26881095;0.00000000;0.00000000
1403;140.30000000;0.00000000;22.98139605;28.39941384;1.53320798;1.60058682;-0.21882806;-0.26177539;0.00000000;0.00000000
1404;140.40000000;0.00000000;23.07870959;28.37657811;1.53445256;1.62320796;-0.24501651;-0.24324250;0.00000000;0.00000000
1405;140.50000000;0.00000000;23.17532903;28.35092280;1.53929897;1.61699865;-0.26747656;-0.18150348;0.00000000;0.00000000
1406;140.60000000;0.00000000;23.27153077;28.32373676;1.54901710;1.60541314;-0.28131721;-0.12670026;0.00000000;0.00000000
1407;140.70000000;0.00000000;23.36740536;28.29541639;1.56391342;1.59715220;-0.29281661;-0.16263553;0.00000000;0.00000000
1408;140.80000000;0.00000000;23.46295760;28.26602486;1.57853425;1.59624446;-0.31384431;-0.24810017;0.00000000;0.00000000
1409;140.90000000;0.00000000;23.55755617;28.23369885;1.58428100;1.60465854;-0.34243664;-0.24330046;0.00000000;0.00000000
1410;141.00000000;0.00000000;23.65126761;28.19889596;1.59367369;1.59542491;-0.36250441;-0.17677736;0.00000000;0.00000000
1411;141.10000000;0.00000000;23.74449253;28.16280047;1.60736446;1.58563739;-0.37779212;-0.14224811;0.00000000;0.00000000
1412;141.20000000;0.00000000;23.83709619;28.12514899;1.61457347;1.58003113;-0.39095403;-0.10362746;0.00000000;0.00000000
1413;141.30000000;0.00000000;23.92934008;28.08661175;1.62139897;1.57376563;-0.39851761;-0.07314990;0.00000000;0.00000000
1414;141.40000000;0.00000000;24.02136725;28.04756222;1.60514851;1.57439393;-0.40558401;-0.08059565;0.00000000;0.00000000
1415;141.50000000;0.00000000;24.11305666;28.00772550;1.59415569;1.56660028;-0.41463674;-0.10619231;0.00000000;0.00000000
1416;141.60000000;0.00000000;24.20436146;27.96701640;1.58843375;1.55492671;-0.42682247;-0.11596554;0.00000000;0.00000000
1417;141.70000000;0.00000000;24.29505368;27.92495676;1.58751074;1.54839658;-0.43782985;-0.10260991;0.00000000;0.00000000
1418;141.80000000;0.00000000;24.38544152;27.88224702;1.59215839;1.54902455;-0.44734445;-0.09032637;0.00000000;0.00000000
1419;141.90000000;0.00000000;24.47531598;27.83846978;1.60186513;1.55147883;-0.45589512;-0.05382695;0.00000000;0.00000000
1420;142.00000000;0.00000000;24.56496010;27.79422069;1.60616167;1.53060619;-0.45810984;0.00008916;0.00000000;0.00000000
1421;142.10000000;0.00000000;24.65464066;27.75004535;1.61046396;1.51596976;-0.45587729;0.01669456;0.00000000;0.00000000
1422;142.20000000;0.00000000;24.74448141;27.70619699;1.62129283;1.50746971;-0.45477093;-0.00966933;0.00000000;0.00000000
1423;142.30000000;0.00000000;24.83425859;27.66222065;1.63802177;1.50571707;-0.45781115;-0.01752234;0.00000000;0.00000000
1424;142.40000000;0.00000000;24.92383104;27.61782684;1.65254967;1.51105616;-0.45827540;0.00261182;0.00000000;0.00000000
1425;142.50000000;0.00000000;25.01356836;27.57376666;1.64729249;1.50223889;-0.45728879;-0.00710409;0.00000000;0.00000000
1426;142.60000000;0.00000000;25.10322849;27.52954956;1.64791896;1.48346585;-0.45969622;-0.02861536;0.00000000;0.00000000
1427;142.70000000;0.00000000;25.19275265;27.48505781;1.64385457;1.47156610;-0.46301186;-0.02124030;0.00000000;0.00000000
1428;142.80000000;0.00000000;25.28211751;27.44024716;1.64473190;1.46675706;-0.46394428;-0.00253064;0.00000000;0.00000000
1429;142.90000000;0.00000000;25.37155845;27.39558859;1.65183996;1.46596438;-0.46351799;-0.00788868;0.00000000;0.00000000
1430;143.00000000;0.00000000;25.46096144;27.35085418;1.65126928;1.46837619;-0.46552201;-0.02693651;0.00000000;0.00000000
1431;143.10000000;0.00000000;25.55022257;27.30583752;1.64203277;1.47787679;-0.46890529;-0.03638775;0.00000000;0.00000000
1432;143.20000000;0.00000000;25.63932080;27.26049920;1.63849302;1.49437471;-0.47279956;-0.02446492;0.00000000;0.00000000
1433;143.30000000;0.00000000;25.72822880;27.21478861;1.64062956;1.50999836;-0.47379828;-0.00700180;0.00000000;0.00000000
1434;143.40000000;0.00000000;25.81723644;27.16927233;1.64905277;1.50923487;-0.47419992;-0.01818648;0.00000000;0.00000000
1435;143.50000000;0.00000000;25.90610758;27.12349039;1.65393193;1.51169995;-0.47743557;-0.03433745;0.00000000;0.00000000
1436;143.60000000;0.00000000;25.99481860;27.07739919;1.65686503;1.50639573;-0.48106741;-0.04102286;0.00000000;0.00000000
1437;143.70000000;0.00000000;26.08335471;27.03097301;1.66542803;1.50809346;-0.48564015;-0.06126074;0.00000000;0.00000000
1438;143.80000000;0.00000000;26.17163968;26.98407287;1.67937836;1.51133219;-0.49331956;-0.07594784;0.00000000;0.00000000
1439;143.90000000;0.00000000;26.25945258;26.93629228;1.67585616;1.51554130;-0.50082971;-0.03199736;0.00000000;0.00000000
1440;144.00000000;0.00000000;26.34702418;26.88807085;1.65047900;1.52679821;-0.49971903;0.02181629;0.00000000;0.00000000
1441;144.10000000;0.00000000;26.43494244;26.84048574;1.63156023;1.52816670;-0.49646646;0.00576971;0.00000000;0.00000000
1442;144.20000000;0.00000000;26.52282570;26.79283509;1.61853176;1.52292201;-0.49856509;-0.04139012;0.00000000;0.00000000
1443;144.30000000;0.00000000;26.61054382;26.74488119;1.61126582;1.52314822;-0.50474448;-0.10419001;0.00000000;0.00000000
1444;144.40000000;0.00000000;26.69782605;26.69615107;1.60929553;1.53080548;-0.51940309;-0.13749363;0.00000000;0.00000000
1445;144.50000000;0.00000000;26.78410096;26.64564651;1.61149195;1.54691368;-0.53224321;-0.09044097;0.00000000;0.00000000
1446;144.60000000;0.00000000;26.87010863;26.59468795;1.60958669;1.55120192;-0.53749129;-0.05175781;0.00000000;0.00000000
1447;144.70000000;0.00000000;26.95584864;26.54328066;1.60579436;1.55135805;-0.54259477;-0.05072204;0.00000000;0.00000000
1448;144.80000000;0.00000000;27.04133139;26.49144709;1.60772225;1.55843769;-0.54763570;-0.05099137;0.00000000;0.00000000
1449;144.90000000;0.00000000;27.12654852;26.43917817;1.61533780;1.57235906;-0.55279304;-0.06138023;0.00000000;0.00000000
1450;145.00000000;0.00000000;27.21149200;26.38646570;1.61972185;1.58347985;-0.55991174;-0.09891298;0.00000000;0.00000000
1451;145.10000000;0.00000000;27.29595326;26.33299078;1.60363979;1.59881331;-0.57257564;-0.12207952;0.00000000;0.00000000
1452;145.20000000;0.00000000;27.37953470;26.27814396;1.59205251;1.58597819;-0.58432764;-0.13113151;0.00000000;0.00000000
1453;145.30000000;0.00000000;27.46271927;26.22269652;1.58597182;1.56946491;-0.59880194;-0.14900949;0.00000000;0.00000000
1454;145.40000000;0.00000000;27.54467781;26.16545370;1.58400750;1.56136918;-0.61412954;-0.14549939;0.00000000;0.00000000
1455;145.50000000;0.00000000;27.62612326;26.10748307;1.58745703;1.56054261;-0.62790182;-0.15012228;0.00000000;0.00000000
1456;145.60000000;0.00000000;27.70646991;26.04800783;1.58337373;1.56796388;-0.64415400;-0.15812397;0.00000000;0.00000000
1457;145.70000000;0.00000000;27.78598764;25.98742161;1.57237353;1.57460505;-0.65952661;-0.16516391;0.00000000;0.00000000
1458;145.80000000;0.00000000;27.86446629;25.92550587;1.56599693;1.56749586;-0.67718678;-0.17349719;0.00000000;0.00000000
1459;145.90000000;0.00000000;27.94179470;25.86214977;1.56414559;1.56858760;-0.69422605;-0.18071657;0.00000000;0.00000000
1460;146.00000000;0.00000000;28.01811901;25.79759524;1.56711577;1.57758518;-0.71333009;-0.18925592;0.00000000;0.00000000
1461;146.10000000;0.00000000;28.09297131;25.73133126;1.57319129;1.59503183;-0.73207723;-0.19666381;0.00000000;0.00000000
1462;146.20000000;0.00000000;28.16682510;25.66395823;1.57777519;1.60534241;-0.75266285;-0.24251408;0.00000000;0.00000000
1463;146.30000000;0.00000000;28.23888772;25.59466848;1.57973591;1.60338260;-0.78058005;-0.22881265;0.00000000;0.00000000
1464;146.40000000;0.00000000;28.30886857;25.52327697;1.57873882;1.60437915;-0.79842538;-0.17251975;0.00000000;0.00000000
1465;146.50000000;0.00000000;28.37841271;25.45146005;1.57713243;1.60598527;-0.81508400;-0.20406908;0.00000000;0.00000000
1466;146.60000000;0.00000000;28.44597187;25.37778204;1.57280904;1.61031237;-0.83923920;-0.22256107;0.00000000;0.00000000
1467;146.70000000;0.00000000;28.51196426;25.30269350;1.56638336;1.61674716;-0.85959621;-0.21961869;0.00000000;0.00000000
1468;146.80000000;0.00000000;28.57647000;25.22632491;1.55800518;1.62513585;-0.88316294;-0.24898545;0.00000000;0.00000000
1469;146.90000000;0.00000000;28.63884597;25.14821687;1.54782059;1.63623632;-0.90939330;-0.26273361;0.00000000;0.00000000
1470;147.00000000;0.00000000;28.69925782;25.06857202;1.53320593;1.63385261;-0.93570966;-0.26813100;0.00000000;0.00000000
1471;147.10000000;0.00000000;28.75743734;24.98729164;1.51669098;1.62719976;-0.96301950;-0.25575134;0.00000000;0.00000000
1472;147.20000000;0.00000000;28.81341080;24.90446831;1.50226370;1.62936377;-0.98685993;-0.23648577;0.00000000;0.00000000
1473;147.30000000;0.00000000;28.86765502;24.82049962;1.49232730;1.63969683;-1.01031666;-0.25830913;0.00000000;0.00000000
1474;147.40000000;0.00000000;28.91967807;24.73514990;1.48643544;1.62483106;-1.03852176;-0.29006332;0.00000000;0.00000000
1475;147.50000000;0.00000000;28.96910009;24.64826005;1.48423159;1.61868971;-1.06832932;-0.29971644;0.00000000;0.00000000
1476;147.60000000;0.00000000;29.01594576;24.55996168;1.48582099;1.62164271;-1.09846504;-0.30072231;0.00000000;0.00000000
1477;147.70000000;0.00000000;29.06004445;24.47025268;1.49103912;1.63378866;-1.12847378;-0.30003820;0.00000000;0.00000000
1478;147.80000000;0.00000000;29.10150984;24.37930227;1.50001813;1.65474085;-1.15847268;-0.29862737;0.00000000;0.00000000
1479;147.90000000;0.00000000;29.14015035;24.28711018;1.50745270;1.67422343;-1.18819926;-0.29573693;0.00000000;0.00000000
1480;148.00000000;0.00000000;29.17613876;24.19385529;1.50553694;1.68887901;-1.21762007;-0.29202073;0.00000000;0.00000000
1481;148.10000000;0.00000000;29.20929109;24.09954993;1.50090122;1.68108504;-1.24660340;-0.28706493;0.00000000;0.00000000
1482;148.20000000;0.00000000;29.23981677;24.00436519;1.50014680;1.66020613;-1.27503306;-0.26915012;0.00000000;0.00000000
1483;148.30000000;0.00000000;29.26755658;23.90832757;1.50313684;1.63579140;-1.30043343;-0.22198696;0.00000000;0.00000000
1484;148.40000000;0.00000000;29.29321180;23.81170690;1.51059232;1.61933844;-1.31943045;-0.20306856;0.00000000;0.00000000
1485;148.50000000;0.00000000;29.31728350;23.71468491;1.52296814;1.61057044;-1.34104714;-0.24493659;0.00000000;0.00000000
1486;148.60000000;0.00000000;29.33873741;23.61705221;1.53910865;1.61066855;-1.36841776;-0.26948939;0.00000000;0.00000000
1487;148.70000000;0.00000000;29.35746488;23.51885733;1.52860622;1.61972623;-1.39494502;-0.26009515;0.00000000;0.00000000
1488;148.80000000;0.00000000;29.37371145;23.42022234;1.52163847;1.62665353;-1.42043679;-0.25026038;0.00000000;0.00000000
1489;148.90000000;0.00000000;29.38741064;23.32119942;1.51665503;1.61293791;-1.44499709;-0.23302150;0.00000000;0.00000000
1490;149.00000000;0.00000000;29.39879474;23.22188385;1.51169657;1.60154313;-1.46704109;-0.18046434;0.00000000;0.00000000
1491;149.10000000;0.00000000;29.40811676;23.12234912;1.51126772;1.59221457;-1.48108996;-0.14669628;0.00000000;0.00000000
1492;149.20000000;0.00000000;29.41670621;23.02275193;1.51670676;1.58361971;-1.49638035;-0.18777626;0.00000000;0.00000000
1493;149.30000000;0.00000000;29.42298038;22.92298097;1.52298066;1.57734320;-1.51864521;-0.21604135;0.00000000;0.00000000
1494;149.40000000;0.00000000;29.42712781;22.82309857;1.52712798;1.57319525;-1.53958862;-0.20329629;0.00000000;0.00000000
1495;149.50000000;0.00000000;29.42921863;22.72315125;1.52921878;1.57110479;-1.55930447;-0.18894531;0.00000000;0.00000000
1496;149.60000000;0.00000000;29.42942533;22.62318155;1.52942547;1.57089854;4.70580763;-0.17513732;0.00000000;0.00000000
1497;149.70000000;0.00000000;29.42790281;22.52322269;1.53128180;1.57242091;4.68885337;-0.16418893;0.00000000;0.00000000
1498;149.80000000;0.00000000;29.42472020;22.42330307;1.53798988;1.57560225;4.67296984;-0.15037936;0.00000000;0.00000000
1499;149.90000000;0.00000000;29.42002361;22.32344356;1.54962862;1.58029606;4.65877750;-0.13586264;0.00000000;0.00000000
1500;150.00000000;0.00000000;29.41400650;22.22365498;1.56627442;1.58630873;4.64579731;-0.08596105;0.00000000;0.00000000
1501;150.10000000;0.00000000;29.40671942;22.12395131;1.58781501;1.59358951;4.64158529;-0.03108736;0.00000000;0.00000000
1502;150.20000000;0.00000000;29.39986188;22.02421657;1.60041948;1.60044152;4.63957984;-0.05325308;0.00000000;0.00000000
1503;150.30000000;0.00000000;29.39217495;21.92454285;1.59272734;1.60812168;4.63093467;-0.08707364;0.00000000;0.00000000
1504;150.40000000;0.00000000;29.38359411;21.82494194;1.58413969;1.61669432;4.62216511;-0.08041379;0.00000000;0.00000000
1505;150.50000000;0.00000000;29.37416025;21.72541827;1.57469731;1.62611857;4.61485192;-0.06509276;0.00000000;0.00000000
1506;150.60000000;0.00000000;29.36412355;21.62595318;1.56465079;1.62432899;4.60914656;-0.04860280;0.00000000;0.00000000
1507;150.70000000;0.00000000;29.35355465;21.52654326;1.55407086;1.60492597;4.60513136;-0.02718500;0.00000000;0.00000000
1508;150.80000000;0.00000000;29.34271951;21.42716174;1.54322411;1.59184360;4.60370956;-0.00266530;0.00000000;0.00000000
1509;150.90000000;0.00000000;29.33186794;21.32778199;1.53236096;1.58498745;4.60459830;0.01957392;0.00000000;0.00000000
1510;151.00000000;0.00000000;29.32120947;21.22838141;1.52748254;1.58422769;4.60762435;0.07187477;0.00000000;0.00000000
1511;151.10000000;0.00000000;29.31095958;21.12893803;1.52954856;1.58935719;4.61897325;0.09902123;0.00000000;0.00000000
1512;151.20000000;0.00000000;29.30256039;21.02932714;1.53996555;1.59776149;4.62742859;0.00746622;0.00000000;0.00000000
1513;151.30000000;0.00000000;29.29399361;20.92972602;1.55658133;1.60633356;4.62046649;-0.09565207;0.00000000;0.00000000
1514;151.40000000;0.00000000;29.28420783;20.83023725;1.57239184;1.61612667;4.60829818;-0.08743313;0.00000000;0.00000000
1515;151.50000000;0.00000000;29.27321986;20.73087404;1.57338105;1.62712434;4.60297987;-0.03350336;0.00000000;0.00000000
1516;151.60000000;0.00000000;29.26237633;20.63149401;1.56254732;1.63797734;4.60159751;-0.04089291;0.00000000;0.00000000
1517;151.70000000;0.00000000;29.25111363;20.53216101;1.55298148;1.62543625;4.59480129;-0.08035649;0.00000000;0.00000000
1518;151.80000000;0.00000000;29.23892037;20.43293791;1.54888124;1.60996476;4.58552621;-0.03166339;0.00000000;0.00000000
1519;151.90000000;0.00000000;29.22581706;20.33383085;1.55030991;1.60151507;4.58846861;0.06152110;0.00000000;0.00000000
1520;152.00000000;0.00000000;29.21420885;20.23454520;1.55965874;1.59777611;4.59783043;0.03462657;0.00000000;0.00000000
1521;152.10000000;0.00000000;29.20296330;20.13521014;1.57566858;1.59991976;4.59539392;-0.05410008;0.00000000;0.00000000
1522;152.20000000;0.00000000;29.19087049;20.03597460;1.59093067;1.60913366;4.58701041;-0.05193979;0.00000000;0.00000000
1523;152.30000000;0.00000000;29.17796103;19.93684195;1.57801452;1.62204166;4.58500596;0.00290227;0.00000000;0.00000000
1524;152.40000000;0.00000000;29.16547058;19.83765640;1.56551812;1.63236232;4.58759087;0.00256945;0.00000000;0.00000000
1525;152.50000000;0.00000000;29.15307374;19.73845789;1.55311572;1.61313859;4.58551985;-0.03494816;0.00000000;0.00000000
1526;152.60000000;0.00000000;29.14017241;19.63932370;1.54020870;1.60044780;4.58060123;-0.04750540;0.00000000;0.00000000
1527;152.70000000;0.00000000;29.12680033;19.54025187;1.53074005;1.59441260;4.57601877;-0.01595330;0.00000000;0.00000000
1528;152.80000000;0.00000000;29.11299099;19.44124000;1.52732678;1.59507521;4.57741057;0.06366473;0.00000000;0.00000000
1529;152.90000000;0.00000000;29.09989509;19.34213391;1.53116779;1.60127174;4.58875172;0.10767029;0.00000000;0.00000000
1530;153.00000000;0.00000000;29.08833524;19.24283712;1.54302781;1.61211831;4.59894463;0.05595166;0.00000000;0.00000000
1531;153.10000000;0.00000000;29.07726197;19.14348195;1.56169084;1.62317460;4.59994205;-0.00844238;0.00000000;0.00000000
1532;153.20000000;0.00000000;29.06589990;19.04415936;1.56661761;1.63451932;4.59725616;-0.02464953;0.00000000;0.00000000
1533;153.30000000;0.00000000;29.05429306;18.94486505;1.55499559;1.64610860;4.59501215;-0.02023635;0.00000000;0.00000000
1534;153.40000000;0.00000000;29.04248534;18.84559440;1.54317214;1.65789872;4.59320889;-0.01583350;0.00000000;0.00000000
1535;153.50000000;0.00000000;29.03052047;18.74634256;1.53119113;1.64300945;4.59184545;-0.01143894;0.00000000;0.00000000
1536;153.60000000;0.00000000;29.01844209;18.64710445;1.51909634;1.63169032;4.59092110;0.01517576;0.00000000;0.00000000
1537;153.70000000;0.00000000;29.00629376;18.54787487;1.51284283;1.62648143;4.59488060;0.05969052;0.00000000;0.00000000
1538;153.80000000;0.00000000;28.99500204;18.44854784;1.50788994;1.62076838;4.60285920;0.05434997;0.00000000;0.00000000
1539;153.90000000;0.00000000;28.98443859;18.34913709;1.51028757;1.62047846;4.60575059;0.00794979;0.00000000;0.00000000
1540;154.00000000;0.00000000;28.97372106;18.24974282;1.51912011;1.62649957;4.60444916;-0.01053083;0.00000000;0.00000000
1541;154.10000000;0.00000000;28.96289889;18.15035986;1.53432525;1.63732965;4.60364442;-0.00556612;0.00000000;0.00000000
1542;154.20000000;0.00000000;28.95202141;18.05098294;1.55212104;1.64821523;4.60333594;-0.00060441;0.00000000;0.00000000
1543;154.30000000;0.00000000;28.94113792;17.95160668;1.54124521;1.63309818;4.60352354;0.00435698;0.00000000;0.00000000
1544;154.40000000;0.00000000;28.93029772;17.85222569;1.53041295;1.61680145;4.60420734;0.00932075;0.00000000;0.00000000
1545;154.50000000;0.00000000;28.91955015;17.75283466;1.52168246;1.60647869;4.60538769;-0.00819157;0.00000000;0.00000000
1546;154.60000000;0.00000000;28.90894460;17.65342838;1.51963597;1.60219572;4.60256902;-0.03494129;0.00000000;0.00000000
1547;154.70000000;0.00000000;28.89763730;17.55410316;1.52345329;1.60484875;4.59839943;-0.00161610;0.00000000;0.00000000
1548;154.80000000;0.00000000;28.88620361;17.45479255;1.53366434;1.61382845;4.60224580;0.03880104;0.00000000;0.00000000
1549;154.90000000;0.00000000;28.87566032;17.35537964;1.55114609;1.62436831;4.60615964;0.01512350;0.00000000;0.00000000
1550;155.00000000;0.00000000;28.86500395;17.25597878;1.56511828;1.63502140;4.60527050;-0.00640823;0.00000000;0.00000000
1551;155.10000000;0.00000000;28.85428389;17.15658475;1.55439205;1.64573837;4.60487799;-0.00144296;0.00000000;0.00000000
1552;155.20000000;0.00000000;28.84354949;17.05719227;1.54365160;1.65607330;4.60498191;0.00352162;0.00000000;0.00000000
1553;155.30000000;0.00000000;28.83285009;16.95779603;1.53294633;1.63589836;4.60558232;-0.01156192;0.00000000;0.00000000
1554;155.40000000;0.00000000;28.82223505;16.85839075;1.52232564;1.62156186;4.60266953;-0.05753952;0.00000000;0.00000000
1555;155.50000000;0.00000000;28.81095722;16.75906232;1.51540351;1.61397084;4.59407441;-0.05220528;0.00000000;0.00000000
1556;155.60000000;0.00000000;28.79863506;16.65985417;1.51400922;1.61360415;4.59222847;0.03270792;0.00000000;0.00000000
1557;155.70000000;0.00000000;28.78699056;16.56056788;1.51988560;1.61874064;4.60061600;0.06362190;0.00000000;0.00000000
1558;155.80000000;0.00000000;28.77633426;16.46116702;1.52808496;1.62457679;4.60495285;0.01653905;0.00000000;0.00000000
1559;155.90000000;0.00000000;28.76555099;16.36177984;1.54164531;1.63506961;4.60392381;-0.00780845;0.00000000;0.00000000
1560;156.00000000;0.00000000;28.75469013;16.26240111;1.55536128;1.64591085;4.60339116;-0.00284590;0.00000000;0.00000000
1561;156.10000000;0.00000000;28.74380100;16.16302546;1.54449467;1.63901763;4.60335463;0.00211524;0.00000000;0.00000000
1562;156.20000000;0.00000000;28.73293288;16.06364752;1.53364955;1.62109722;4.60381421;0.00707768;0.00000000;0.00000000
1563;156.30000000;0.00000000;28.72213509;15.96426192;1.52303865;1.60912865;4.60477016;0.01204408;0.00000000;0.00000000
1564;156.40000000;0.00000000;28.71145699;15.86486341;1.51906763;1.60319560;4.60622303;0.00040008;0.00000000;0.00000000
1565;156.50000000;0.00000000;28.70094804;15.76544689;1.52183807;1.60331539;4.60485018;-0.03083855;0.00000000;0.00000000
1566;156.60000000;0.00000000;28.68999741;15.66608123;1.53070306;1.61009823;4.60005532;-0.00786397;0.00000000;0.00000000
1567;156.70000000;0.00000000;28.67853598;15.56677355;1.54548913;1.62156603;4.60327739;0.04291195;0.00000000;0.00000000
1568;156.80000000;0.00000000;28.66822555;15.46733621;1.56765083;1.63188160;4.60863771;0.02371700;0.00000000;0.00000000
1569;156.90000000;0.00000000;28.65782906;15.36790783;1.55785754;1.64228342;4.60802079;-0.00368360;0.00000000;0.00000000
1570;157.00000000;0.00000000;28.64739594;15.26848327;1.54742810;1.65272200;4.60790099;0.00128738;0.00000000;0.00000000
1571;157.10000000;0.00000000;28.63697563;15.16905738;1.53701170;1.63463623;4.60827826;-0.00831711;0.00000000;0.00000000
1572;157.20000000;0.00000000;28.62661754;15.06962499;1.52665773;1.61840894;4.60623756;-0.05366404;0.00000000;0.00000000
1573;157.30000000;0.00000000;28.61579187;14.97024582;1.51835434;1.60871335;4.59754545;-0.07566335;0.00000000;0.00000000
1574;157.40000000;0.00000000;28.60370691;14.87100850;1.51534181;1.60646401;4.59110489;-0.03213039;0.00000000;0.00000000
1575;157.50000000;0.00000000;28.59160163;14.77177365;1.51889692;1.61044979;4.59111938;0.00233725;0.00000000;0.00000000
1576;157.60000000;0.00000000;28.57951954;14.67253599;1.52901729;1.62058124;4.59157235;0.00672343;0.00000000;0.00000000
1577;157.70000000;0.00000000;28.56750417;14.57329023;1.54561695;1.63258826;4.59246406;0.02204674;0.00000000;0.00000000
1578;157.80000000;0.00000000;28.55559908;14.47403119;1.55581535;1.64448556;4.59598169;0.06808686;0.00000000;0.00000000
1579;157.90000000;0.00000000;28.54428262;14.37470677;1.54448971;1.65579529;4.60608143;0.08684008;0.00000000;0.00000000
1580;158.00000000;0.00000000;28.53438478;14.27522751;1.53458513;1.65166738;4.61334971;0.03889627;0.00000000;0.00000000
1581;158.10000000;0.00000000;28.52451298;14.17574565;1.52470672;1.63666548;4.61386069;-0.00376872;0.00000000;0.00000000
1582;158.20000000;0.00000000;28.51471680;14.07625634;1.51977050;1.62213716;4.61259596;-0.04878928;0.00000000;0.00000000
1583;158.30000000;0.00000000;28.50459368;13.97680260;1.52107282;1.61401137;4.60410283;-0.07687643;0.00000000;0.00000000
1584;158.40000000;0.00000000;28.49310907;13.87749401;1.52756293;1.61342470;4.59722068;-0.03365195;0.00000000;0.00000000
1585;158.50000000;0.00000000;28.48161770;13.77818620;1.54052002;1.61902933;4.59737244;0.00371685;0.00000000;0.00000000
1586;158.60000000;0.00000000;28.47016323;13.67887414;1.55982580;1.63049728;4.59796405;0.00811688;0.00000000;0.00000000
1587;158.70000000;0.00000000;28.45878937;13.57955281;1.55924771;1.64188446;4.59899582;0.02081448;0.00000000;0.00000000
1588;158.80000000;0.00000000;28.44753986;13.48021734;1.54801725;1.63282572;4.60212694;0.06726681;0.00000000;0.00000000
1589;158.90000000;0.00000000;28.43678851;13.38082960;1.53728400;1.61521675;4.61244918;0.09169305;0.00000000;0.00000000
1590;159.00000000;0.00000000;28.42759195;13.28128306;1.52810138;1.60210112;4.62046555;0.04332694;0.00000000;0.00000000
1591;159.10000000;0.00000000;28.41843513;13.18173285;1.51962182;1.59511498;4.62111457;0.00047259;0.00000000;0.00000000
1592;159.20000000;0.00000000;28.40936780;13.08217446;1.51778393;1.59428898;4.62056007;-0.04427423;0.00000000;0.00000000
1593;159.30000000;0.00000000;28.40010078;12.98263671;1.52232191;1.59992197;4.61225972;-0.07780144;0.00000000;0.00000000
1594;159.40000000;0.00000000;28.38938205;12.88324254;1.53193271;1.61064354;4.60499979;-0.03483342;0.00000000;0.00000000
1595;159.50000000;0.00000000;28.37867054;12.78384759;1.54796055;1.62135804;4.60529304;0.00513982;0.00000000;0.00000000
1596;159.60000000;0.00000000;28.36801010;12.68444716;1.56800965;1.63202158;4.60602775;0.00955630;0.00000000;0.00000000
1597;159.70000000;0.00000000;28.35744465;12.58503659;1.55744469;1.64259022;4.60720430;0.01397754;0.00000000;0.00000000
1598;159.80000000;0.00000000;28.34701815;12.48561136;1.54701886;1.63470738;4.60882326;0.01840551;0.00000000;0.00000000
1599;159.90000000;0.00000000;28.33677464;12.38616712;1.53677620;1.61864346;4.61088540;0.02211351;0.00000000;0.00000000
1600;160.00000000;0.00000000;28.32675828;12.28669976;1.52676084;1.60841555;4.61324596;0.01949129;0.00000000;0.00000000
1601;160.10000000;0.00000000;28.31698437;12.18720825;1.52003605;1.60411999;4.61478366;0.00705095;0.00000000;0.00000000
1602;160.20000000;0.00000000;28.30727396;12.08771051;1.51993506;1.60193085;4.61465615;-0.00399608;0.00000000;0.00000000
1603;160.30000000;0.00000000;28.29747468;11.98822149;1.52233932;1.60414216;4.61398444;-0.00450225;0.00000000;0.00000000
1604;160.40000000;0.00000000;28.28763060;11.88873688;1.52892703;1.61260474;4.61375570;-0.00007295;0.00000000;0.00000000
1605;160.50000000;0.00000000;28.27778581;11.78925235;1.54198075;1.62244029;4.61396985;0.00435664;0.00000000;0.00000000
1606;160.60000000;0.00000000;28.26798435;11.68976355;1.56138148;1.63223282;4.61462703;0.00878843;0.00000000;0.00000000
1607;160.70000000;0.00000000;28.25827032;11.59026617;1.55865889;1.64193830;4.61572754;0.01322432;0.00000000;0.00000000
1608;160.80000000;0.00000000;28.24868786;11.49075604;1.54906851;1.64019403;4.61727189;0.01766611;0.00000000;0.00000000
1609;160.90000000;0.00000000;28.23928119;11.39122914;1.53965428;1.61969119;4.61926076;0.02166589;0.00000000;0.00000000
1610;161.00000000;0.00000000;28.23009464;11.29168170;1.53046060;1.60494423;4.62160507;0.01959613;0.00000000;0.00000000
1611;161.10000000;0.00000000;28.22115472;11.19211178;1.52151402;1.59608621;4.62317999;0.00712447;0.00000000;0.00000000
1612;161.20000000;0.00000000;28.21228176;11.09253587;1.51808992;1.59339584;4.62302996;-0.00450192;0.00000000;0.00000000
1613;161.30000000;0.00000000;28.20331196;10.99296863;1.52114500;1.59706840;4.62227960;-0.00528172;0.00000000;0.00000000
1614;161.40000000;0.00000000;28.19428958;10.89340614;1.53068451;1.60609710;4.62197362;-0.00083844;0.00000000;0.00000000
1615;161.50000000;0.00000000;28.18525885;10.79384441;1.54663207;1.61513419;4.62211191;0.00360482;0.00000000;0.00000000
1616;161.60000000;0.00000000;28.17626401;10.69427944;1.56883525;1.62413535;4.62269458;0.00804984;0.00000000;0.00000000
1617;161.70000000;0.00000000;28.16734931;10.59470726;1.56759646;1.63305624;4.62372188;0.01030700;0.00000000;0.00000000
1618;161.80000000;0.00000000;28.15855905;10.49512401;1.55881462;1.61904222;4.62475598;-0.03257984;0.00000000;0.00000000
1619;161.90000000;0.00000000;28.14985037;10.39553425;1.55011440;1.59985378;4.61720591;-0.03565579;0.00000000;0.00000000
1620;162.00000000;0.00000000;28.13955751;10.29609565;1.53983334;1.58832794;4.61762482;0.04011254;0.00000000;0.00000000
1621;162.10000000;0.00000000;28.13093220;10.19649799;1.53254967;1.58136922;4.62522842;0.03138488;0.00000000;0.00000000
1622;162.20000000;0.00000000;28.12215261;10.09691380;1.53161488;1.58086978;4.62390180;-0.01104204;0.00000000;0.00000000
1623;162.30000000;0.00000000;28.11326307;9.99733937;1.53708489;1.58679139;4.62302001;-0.00659525;0.00000000;0.00000000
1624;162.40000000;0.00000000;28.10430787;9.89777081;1.54893578;1.59569472;4.62258275;-0.00215073;0.00000000;0.00000000
1625;162.50000000;0.00000000;28.09533126;9.79820419;1.56514569;1.60467081;4.62258987;0.00229327;0.00000000;0.00000000
1626;162.60000000;0.00000000;28.08637748;9.69863551;1.58361466;1.61362416;4.62304140;0.00673852;0.00000000;0.00000000
1627;162.70000000;0.00000000;28.07749078;9.59906082;1.57751834;1.62251053;4.62393757;0.01117983;0.00000000;0.00000000
1628;162.80000000;0.00000000;28.06871548;9.49947626;1.56874089;1.63128560;4.62527737;0.00997162;0.00000000;0.00000000
1629;162.90000000;0.00000000;28.06009563;9.39987811;1.56011906;1.63990530;4.62593190;-0.00252745;0.00000000;0.00000000
1630;163.00000000;0.00000000;28.05145070;9.30028214;1.55147219;1.64606500;4.62477188;-0.01501865;0.00000000;0.00000000
1631;163.10000000;0.00000000;28.04259980;9.20070427;1.54261935;1.62350824;4.62292817;-0.01620301;0.00000000;0.00000000
1632;163.20000000;0.00000000;28.03358767;9.10114085;1.53360528;1.60702573;4.62153128;0.03076870;0.00000000;0.00000000
1633;163.30000000;0.00000000;28.02445862;9.00158809;1.52447432;1.59676126;4.62908191;0.07297400;0.00000000;0.00000000
1634;163.40000000;0.00000000;28.01695101;8.90190015;1.52070406;1.59109084;4.63612608;0.02476244;0.00000000;0.00000000
1635;163.50000000;0.00000000;28.00922535;8.80222867;1.52328026;1.59190997;4.63403439;-0.01918188;0.00000000;0.00000000
1636;163.60000000;0.00000000;28.00130076;8.70257280;1.53218993;1.59918967;4.63228970;-0.01493573;0.00000000;0.00000000
1637;163.70000000;0.00000000;27.99322735;8.60292888;1.54737300;1.60725311;4.63104725;-0.01540756;0.00000000;0.00000000
1638;163.80000000;0.00000000;27.98505515;8.50329301;1.56869598;1.61541527;4.62920819;0.01462425;0.00000000;0.00000000
1639;163.90000000;0.00000000;27.97661529;8.40367946;1.57730273;1.62384464;4.63397210;0.04056965;0.00000000;0.00000000
1640;164.00000000;0.00000000;27.96939278;8.30397054;1.57007558;1.61649915;4.63732212;-0.01121420;0.00000000;0.00000000
1641;164.10000000;0.00000000;27.96162053;8.20430274;1.56229772;1.59474737;4.63172926;-0.05490965;0.00000000;0.00000000
1642;164.20000000;0.00000000;27.95328316;8.10468062;1.55395365;1.57959935;4.62634019;-0.01009271;0.00000000;0.00000000
1643;164.30000000;0.00000000;27.94443715;8.00510237;1.54509986;1.57119025;4.62971072;0.03344251;0.00000000;0.00000000
1644;164.40000000;0.00000000;27.93677155;7.90542663;1.54359177;1.56793369;4.63302869;-0.01042251;0.00000000;0.00000000
1645;164.50000000;0.00000000;27.92858652;7.80579191;1.54803011;1.57156462;4.62762621;-0.05342873;0.00000000;0.00000000
1646;164.60000000;0.00000000;27.91984437;7.70620452;1.55832624;1.58031097;4.62234294;-0.00946508;0.00000000;0.00000000
1647;164.70000000;0.00000000;27.91060702;7.60666182;1.57442569;1.58955314;4.62573320;0.02940456;0.00000000;0.00000000
1648;164.80000000;0.00000000;27.90254036;7.50701787;1.59776927;1.59762334;4.62822385;0.01134379;0.00000000;0.00000000
1649;164.90000000;0.00000000;27.89379899;7.40743054;1.59387296;1.60636902;4.62800196;0.03270443;0.00000000;0.00000000
1650;165.00000000;0.00000000;27.88568808;7.30778985;1.58576570;1.61448356;4.63476474;0.06271747;0.00000000;0.00000000
1651;165.10000000;0.00000000;27.87829444;7.20809336;1.57837521;1.62188012;4.64054545;0.04956973;0.00000000;0.00000000
1652;165.20000000;0.00000000;27.87133603;7.10836545;1.57141967;1.62282381;4.64467869;0.03663781;0.00000000;0.00000000
1653;165.30000000;0.00000000;27.86476676;7.00861115;1.56485305;1.60191550;4.64787301;0.02499041;0.00000000;0.00000000
1654;165.40000000;0.00000000;27.85844561;6.90884077;1.55853441;1.58679365;4.64967677;0.00964088;0.00000000;0.00000000
1655;165.50000000;0.00000000;27.85223625;6.80906335;1.55445639;1.57341311;4.64980119;-0.00507532;0.00000000;0.00000000
1656;165.60000000;0.00000000;27.84593992;6.70929139;1.55382154;1.56481786;4.64866170;-0.01465742;0.00000000;0.00000000
1657;165.70000000;0.00000000;27.83950319;6.60952839;1.55607663;1.56272484;4.64686970;-0.02229716;0.00000000;0.00000000
1658;165.80000000;0.00000000;27.83284932;6.50977970;1.56451255;1.56723678;4.64420227;-0.03142632;0.00000000;0.00000000
1659;165.90000000;0.00000000;27.82588047;6.41005261;1.57893356;1.57420296;4.64058444;-0.06039479;0.00000000;0.00000000
1660;166.00000000;0.00000000;27.81850505;6.31035489;1.59908823;1.58157543;4.63212331;-0.11659880;0.00000000;0.00000000
1661;166.10000000;0.00000000;27.80985023;6.21076694;1.61001335;1.59022625;4.61726468;-0.13797789;0.00000000;0.00000000
1662;166.20000000;0.00000000;27.79951593;6.11133300;1.59967245;1.59581251;4.60452773;-0.10890400;0.00000000;0.00000000
1663;166.30000000;0.00000000;27.78832655;6.01199173;1.58847540;1.57551530;4.59548388;-0.09486865;0.00000000;0.00000000
1664;166.40000000;0.00000000;27.77619551;5.91276102;1.57633542;1.56230992;4.58555400;-0.10380108;0.00000000;0.00000000
1665;166.50000000;0.00000000;27.76303556;5.81366134;1.56316513;1.55646716;4.57472366;-0.11338552;0.00000000;0.00000000
1666;166.60000000;0.00000000;27.74875805;5.71471611;1.55333253;1.55816136;4.56287690;-0.11835161;0.00000000;0.00000000
1667;166.70000000;0.00000000;27.73325386;5.61595523;1.54865851;1.56747937;4.55105334;-0.12225712;0.00000000;0.00000000
1668;166.80000000;0.00000000;27.71664073;5.51737491;1.54930737;1.58412685;4.53842548;-0.13594433;0.00000000;0.00000000
1669;166.90000000;0.00000000;27.69864764;5.41903799;1.55499569;1.60210443;4.52386448;-0.15110038;0.00000000;0.00000000
1670;167.00000000;0.00000000;27.67917144;5.32098488;1.56555955;1.62151532;4.50820540;-0.19617774;0.00000000;0.00000000
1671;167.10000000;0.00000000;27.65810829;5.22326118;1.55884047;1.63267053;4.48462893;-0.24989574;0.00000000;0.00000000
1672;167.20000000;0.00000000;27.63403456;5.12624623;1.53482306;1.62788573;4.45822625;-0.23784454;0.00000000;0.00000000
1673;167.30000000;0.00000000;27.60784326;5.02977101;1.51486467;1.63141352;4.43706002;-0.20733840;0.00000000;0.00000000
1674;167.40000000;0.00000000;27.57968331;4.93385503;1.49927805;1.64306174;4.41675857;-0.20857908;0.00000000;0.00000000
1675;167.50000000;0.00000000;27.54959791;4.83852361;1.48710643;1.66262193;4.39534421;-0.22134191;0.00000000;0.00000000
1676;167.60000000;0.00000000;27.51735770;4.74390328;1.47414113;1.68796565;4.37249019;-0.22623987;0.00000000;0.00000000
1677;167.70000000;0.00000000;27.48294831;4.65004719;1.46558589;1.71752036;4.35009623;-0.23373136;0.00000000;0.00000000
1678;167.80000000;0.00000000;27.44650327;4.55696345;1.46164582;1.72897754;4.32574392;-0.25894887;0.00000000;0.00000000
1679;167.90000000;0.00000000;27.40756766;4.46489975;1.45093573;1.72828042;4.29830646;-0.28387606;0.00000000;0.00000000
1680;168.00000000;0.00000000;27.36607277;4.37395624;1.43611791;1.73405235;4.26896871;-0.30226078;0.00000000;0.00000000
1681;168.10000000;0.00000000;27.32180646;4.28433678;1.42509418;1.74857084;4.23785430;-0.30821169;0.00000000;0.00000000
1682;168.20000000;0.00000000;27.27473702;4.19615088;1.41788506;1.77168344;4.20732637;-0.35278100;0.00000000;0.00000000
1683;168.30000000;0.00000000;27.22508224;4.10939517;1.41475085;1.77397425;4.16729810;-0.43453809;0.00000000;0.00000000
1684;168.40000000;0.00000000;27.17112550;4.02527938;1.41362809;1.76926657;4.12041875;-0.45871837;0.00000000;0.00000000
1685;168.50000000;0.00000000;27.11356813;3.94355346;1.41524901;1.77451247;4.07555443;-0.44319146;0.00000000;0.00000000
1686;168.60000000;0.00000000;27.05227827;3.86459578;1.41522787;1.78477642;4.03178046;-0.46572712;0.00000000;0.00000000
1687;168.70000000;0.00000000;26.98779277;3.78821163;1.41545704;1.78879172;3.98240900;-0.50716946;0.00000000;0.00000000
1688;168.80000000;0.00000000;26.91901145;3.71567459;1.41697860;1.80406300;3.93034656;-0.51771997;0.00000000;0.00000000
1689;168.90000000;0.00000000;26.84694952;3.64641992;1.42090526;1.82917386;3.87886501;-0.53238064;0.00000000;0.00000000
1690;169.00000000;0.00000000;26.77108487;3.58134244;1.42620473;1.84573142;3.82387044;-0.54774459;0.00000000;0.00000000
1691;169.10000000;0.00000000;26.69186902;3.52042700;1.43314594;1.85867167;3.76931609;-0.57252420;0.00000000;0.00000000
1692;169.20000000;0.00000000;26.60937137;3.46399767;1.44147500;1.85096550;3.70936560;-0.58971297;0.00000000;0.00000000
1693;169.30000000;0.00000000;26.52343344;3.41299356;1.44864151;1.84317080;3.65137350;-0.59325126;0.00000000;0.00000000
1694;169.40000000;0.00000000;26.43495120;3.36648441;1.45278861;1.84046410;3.59071534;-0.60554946;0.00000000;0.00000000
1695;169.50000000;0.00000000;26.34344813;3.32624541;1.45684791;1.82677630;3.53026360;-0.58281256;0.00000000;0.00000000
1696;169.60000000;0.00000000;26.25002352;3.29075613;1.46262875;1.79143670;3.47415283;-0.54563472;0.00000000;0.00000000
1697;169.70000000;0.00000000;26.15459760;3.26101872;1.46913551;1.76158977;3.42113666;-0.51798563;0.00000000;0.00000000
1698;169.80000000;0.00000000;26.05793029;3.23561371;1.47790802;1.73611141;3.37055571;-0.52300444;0.00000000;0.00000000
1699;169.90000000;0.00000000;25.96001428;3.21567111;1.48779838;1.71612651;3.31653577;-0.54604304;0.00000000;0.00000000
1700;170.00000000;0.00000000;25.86116725;3.20083585;1.49916676;1.70126995;3.26134710;-0.53055133;0.00000000;0.00000000
1701;170.10000000;0.00000000;25.76163713;3.19180034;1.50820312;1.69222726;3.21042551;-0.45633797;0.00000000;0.00000000
1702;170.20000000;0.00000000;25.66178587;3.18709015;1.51291356;1.68751603;3.17007951;-0.29497873;0.00000000;0.00000000
1703;170.30000000;0.00000000;25.56182541;3.18610679;1.51697857;1.68653316;3.15142976;-0.18649746;0.00000000;0.00000000
